,datetime,lat,lon,depth_km,mag,location,mag_type,event_type
0,2024-09-30 15:53:38+00:00,10.49,124.41,10,2.2,015 km South of Poro (Cebu),Ms,TECTONIC
1,2024-09-30 15:25:20+00:00,17.4,121.8,28,2.8,005 km S 07° E of San Pablo (Isabela),Ms,TECTONIC
2,2024-09-30 14:08:36+00:00,13.69,123.17,10,2.1,004 km N 83° W of Bombon (Camarines Sur),Ms,TECTONIC
3,2024-09-30 14:07:33+00:00,13.61,123.1,2,2.8,004 km S 79° W of Gainza (Camarines Sur),Ms,TECTONIC
4,2024-09-30 13:45:59+00:00,10.46,124.28,1,1.7,024 km S 37° W of Poro (Cebu),Ms,TECTONIC
5,2024-09-30 12:40:20+00:00,16.5,121.03,11,2.7,004 km South of Ambaguio (Nueva Vizcaya),Ms,TECTONIC
6,2024-09-30 12:37:50+00:00,9.55,122.89,6,3.6,021 km S 11° W of Mabinay (Negros Oriental),Ms,TECTONIC
7,2024-09-30 12:08:32+00:00,8.18,126.94,5,2.4,061 km N 75° E of Lingig (Surigao Del Sur),Ms,TECTONIC
8,2024-09-30 11:13:43+00:00,6.53,125.26,5,2.3,011 km S 04° E of Kiblawan (Davao Del Sur),Ms,TECTONIC
9,2024-09-30 10:47:11+00:00,8.59,126.77,2,3.3,054 km N 62° E of Hinatuan (Surigao Del Sur),Ms,TECTONIC
10,2024-09-30 10:25:22+00:00,13.59,124.17,32,1.7,008 km S 83° E of San Andres (Catanduanes),Ms,TECTONIC
11,2024-09-30 10:04:35+00:00,8.58,126.71,1,3.8,048 km N 60° E of Hinatuan (Surigao Del Sur),Ms,TECTONIC
12,2024-09-30 09:14:19+00:00,16.51,121.03,7,3.2,002 km South of Ambaguio (Nueva Vizcaya),Ms,TECTONIC
13,2024-09-30 05:43:53+00:00,16.6,121.01,38,1.9,007 km N 15° W of Ambaguio (Nueva Vizcaya),Ms,TECTONIC
14,2024-09-30 05:27:23+00:00,13.88,119.97,33,2.6,016 km N 81° W of Lubang (Occidental Mindoro),Ms,TECTONIC
15,2024-09-30 05:26:08+00:00,13.18,124.02,33,1.8,012 km S 86° W of Rapu-rapu (Albay),Ms,TECTONIC
16,2024-09-30 03:23:16+00:00,8.14,126.84,9,2.5,048 km N 77° E of Lingig (Surigao Del Sur),Ms,TECTONIC
17,2024-09-30 02:28:28+00:00,18.89,120.75,26,2.4,039 km N 02° W of Bangui (Ilocos Norte),Ms,TECTONIC
18,2024-09-30 01:59:43+00:00,13.65,120.95,10,1.6,009 km S 81° E of Tingloy (Batangas),Ms,TECTONIC
19,2024-09-30 01:18:43+00:00,12.33,125.26,8,1.9,006 km N 29° E of Jipapad (Eastern Samar),Ms,TECTONIC
20,2024-09-30 00:44:43+00:00,12.79,124.86,13,2.6,026 km N 15° W of Pambujan (Northern Samar),Ms,TECTONIC
21,2024-09-29 22:37:12+00:00,9.92,119.95,20,2.7,070 km S 04° W of Araceli (Palawan),Ms,TECTONIC
22,2024-09-29 21:04:20+00:00,18.06,120.78,1,2.1,003 km S 09° E of Solsona (Ilocos Norte),Ms,TECTONIC
23,2024-09-29 20:30:26+00:00,10.85,126.15,15,3.6,048 km N 76° E of Homonhon Island (Guiuan) (Eastern Samar),Ms,TECTONIC
24,2024-09-29 19:49:49+00:00,9.05,122.99,10,3.0,005 km S 71° W of Siaton (Negros Oriental),Ms,TECTONIC
25,2024-09-29 18:42:26+00:00,8.67,126.71,31,3.0,048 km S 72° E of Marihatag (Surigao Del Sur),Ms,TECTONIC
26,2024-09-29 17:49:37+00:00,10.49,124.38,11,2.0,015 km S 10° W of Poro (Cebu),Ms,TECTONIC
27,2024-09-29 16:59:33+00:00,9.44,126.32,27,2.5,022 km N 38° E of Cortes (Surigao Del Sur),Ms,TECTONIC
28,2024-09-29 16:53:48+00:00,10.49,124.38,1,2.3,015 km S 10° W of Poro (Cebu),Ms,TECTONIC
29,2024-09-29 16:32:38+00:00,18.15,120.91,4,2.6,009 km N 83° E of Carasi (Ilocos Norte),Ms,TECTONIC
30,2024-09-29 16:24:41+00:00,18.15,120.98,2,3.2,014 km S 31° W of Calanasan (Apayao),Ms,TECTONIC
31,2024-09-29 15:32:31+00:00,16.14,122.2,33,1.5,017 km S 28° E of Casiguran (Aurora),Ms,TECTONIC
32,2024-09-29 14:19:08+00:00,13.63,120.68,88,1.5,022 km S 12° E of Calatagan (Batangas),Ms,TECTONIC
33,2024-09-29 14:02:20+00:00,10.43,124.42,17,2.4,022 km S 02° E of Poro (Cebu),Ms,TECTONIC
34,2024-09-29 13:28:34+00:00,13.75,120.63,114,2.4,009 km South of Calatagan (Batangas),Ms,TECTONIC
35,2024-09-29 13:08:32+00:00,10.45,124.5,25,1.8,023 km S 27° E of Poro (Cebu),Ms,TECTONIC
36,2024-09-29 12:51:00+00:00,10.45,124.36,8,2.1,020 km S 14° W of Poro (Cebu),Ms,TECTONIC
37,2024-09-29 12:28:50+00:00,12.12,125.15,28,2.4,011 km S 65° W of Maslog (Eastern Samar),Ms,TECTONIC
38,2024-09-29 11:50:14+00:00,13.49,120.76,7,1.8,007 km N 35° E of Abra De Ilog (Occidental Mindoro),Ms,TECTONIC
39,2024-09-29 11:13:13+00:00,10.49,124.37,3,3.2,016 km S 15° W of Poro (Cebu),Ms,TECTONIC
40,2024-09-29 11:09:14+00:00,2.57,126.48,1,5.3,336 km S 20° E of Balut Island (Municipality Of Sarangani) (Davao Occidental),Mw,TECTONIC
41,2024-09-29 10:50:25+00:00,10.41,124.37,22,1.6,025 km S 09° W of Poro (Cebu),Ms,TECTONIC
42,2024-09-29 10:45:11+00:00,10.46,124.34,4,2.0,021 km S 22° W of Poro (Cebu),Ms,TECTONIC
43,2024-09-29 10:39:14+00:00,12.24,122.22,1,1.4,018 km S 82° E of Alcantara (Romblon),Ms,TECTONIC
44,2024-09-29 10:09:56+00:00,16.34,122.23,22,3.3,006 km S 16° E of Dilasag (Aurora),Ms,TECTONIC
45,2024-09-29 08:45:54+00:00,10.41,124.44,23,2.2,025 km S 09° E of Poro (Cebu),Ms,TECTONIC
46,2024-09-29 08:33:33+00:00,10.52,124.51,3,2.1,016 km S 44° E of Poro (Cebu),Ms,TECTONIC
47,2024-09-29 07:16:12+00:00,12.53,123.58,5,2.3,011 km N 55° E of Baleno (Masbate),Ms,TECTONIC
48,2024-09-29 07:00:03+00:00,10.5,124.45,8,1.7,015 km S 17° E of Poro (Cebu),Ms,TECTONIC
49,2024-09-29 06:58:49+00:00,10.49,124.36,4,2.3,016 km S 17° W of Poro (Cebu),Ms,TECTONIC
50,2024-09-29 06:53:34+00:00,10.49,124.37,7,5.1,015 km S 14° W of Poro (Cebu),Mw,TECTONIC
51,2024-09-29 06:25:03+00:00,9.3,122.4,6,2.3,035 km S 13° W of Hinoba-an (Negros Occidental),Ms,TECTONIC
52,2024-09-29 03:15:22+00:00,13.35,120.13,24,2.3,038 km S 78° W of Paluan (Occidental Mindoro),Ms,TECTONIC
53,2024-09-29 02:46:45+00:00,8.29,126.73,16,4.3,045 km N 52° E of Lingig (Surigao Del Sur),Ms,TECTONIC
54,2024-09-29 02:22:18+00:00,5.44,126.6,79,2.9,118 km S 64° E of Jose Abad Santos (Davao Occidental),Ms,TECTONIC
55,2024-09-29 01:22:59+00:00,8.89,126.45,205,2.1,017 km S 79° E of Cagwait (Surigao Del Sur),Ms,TECTONIC
56,2024-09-29 01:17:41+00:00,14.02,120.47,106,1.6,018 km S 71° W of Nasugbu (Batangas),Ms,TECTONIC
57,2024-09-28 23:08:09+00:00,18.24,120.28,20,2.1,033 km N 42° W of Currimao (Ilocos Norte),Ms,TECTONIC
58,2024-09-28 23:02:25+00:00,8.39,126.61,28,2.2,030 km N 84° E of Hinatuan (Surigao Del Sur),Ms,TECTONIC
59,2024-09-28 22:51:32+00:00,14.14,119.05,12,2.4,120 km N 75° W of Lubang (Occidental Mindoro),Ms,TECTONIC
60,2024-09-28 21:50:29+00:00,8.57,122.7,21,2.7,038 km N 68° W of Jose Dalman (Zamboanga Del Norte),Ms,TECTONIC
61,2024-09-28 20:50:27+00:00,9.79,125.45,26,1.6,003 km N 73° E of San Francisco (Surigao Del Norte),Ms,TECTONIC
62,2024-09-28 20:21:30+00:00,7.81,126.05,33,1.4,002 km S 04° E of Monkayo (Davao De Oro),Ms,TECTONIC
63,2024-09-28 20:17:09+00:00,8.18,126.52,19,1.9,019 km N 36° E of Lingig (Surigao Del Sur),Ms,TECTONIC
64,2024-09-28 20:14:51+00:00,5.68,125.52,50,2.9,024 km N 14° E of Sarangani Island (Municipality Of Sarangani) (Davao Occidental),Ms,TECTONIC
65,2024-09-28 19:58:26+00:00,12.78,124.95,13,2.0,024 km N 17° W of Laoang (Northern Samar),Ms,TECTONIC
66,2024-09-28 19:27:23+00:00,6.49,126.6,86,2.5,061 km S 73° E of Governor Generoso (Davao Oriental),Ms,TECTONIC
67,2024-09-28 19:24:34+00:00,13.41,120.13,20,2.2,037 km S 21° W of Looc (Occidental Mindoro),Ms,TECTONIC
68,2024-09-28 18:46:56+00:00,7.84,122.47,32,1.5,010 km S 41° W of Kalawit (Zamboanga Del Norte),Ms,TECTONIC
69,2024-09-28 18:43:08+00:00,9.76,126.1,27,2.0,005 km N 80° E of Dapa (Surigao Del Norte),Ms,TECTONIC
70,2024-09-28 18:28:14+00:00,3.03,125.8,124,4.9,267 km S 09° E of Balut Island (Municipality Of Sarangani) (Davao Occidental),Ms,TECTONIC
71,2024-09-28 18:19:19+00:00,7.77,126.19,36,2.1,017 km N 45° E of Compostela (Davao De Oro),Ms,TECTONIC
72,2024-09-28 18:00:33+00:00,13.62,120.32,41,2.7,013 km S 35° E of Looc (Occidental Mindoro),Ms,TECTONIC
73,2024-09-28 17:47:39+00:00,7.62,126.64,33,2.2,010 km N 61° E of Baganga (Davao Oriental),Ms,TECTONIC
74,2024-09-28 17:27:02+00:00,8.28,126.12,18,1.7,017 km S 50° E of Rosario (Agusan Del Sur),Ms,TECTONIC
75,2024-09-28 17:17:22+00:00,11.75,124.97,29,1.6,002 km S 58° E of Jiabong (Samar),Ms,TECTONIC
76,2024-09-28 17:09:49+00:00,3.19,122.0,635,4.3,278 km S 37° E of South Ubian (Tawi-tawi),Ms,TECTONIC
77,2024-09-28 16:46:41+00:00,9.7,126.46,2,2.5,035 km S 74° E of General Luna (Surigao Del Norte),Ms,TECTONIC
78,2024-09-28 15:47:53+00:00,8.42,126.18,2,2.9,004 km S 26° E of Tagbina (Surigao Del Sur),Ms,TECTONIC
79,2024-09-28 15:39:01+00:00,10.04,123.21,6,2.7,003 km N 49° W of La Libertad (Negros Oriental),Ms,TECTONIC
80,2024-09-28 15:32:45+00:00,11.58,125.53,29,1.8,009 km N 19° E of Maydolong (Eastern Samar),Ms,TECTONIC
81,2024-09-28 14:27:13+00:00,8.25,126.84,9,2.6,053 km N 64° E of Lingig (Surigao Del Sur),Ms,TECTONIC
82,2024-09-28 14:01:42+00:00,17.94,120.71,54,2.2,006 km N 60° E of Nueva Era (Ilocos Norte),Ms,TECTONIC
83,2024-09-28 13:52:15+00:00,7.68,126.06,33,2.2,003 km N 67° W of Compostela (Davao De Oro),Ms,TECTONIC
84,2024-09-28 13:46:56+00:00,10.2,126.25,5,2.6,028 km N 44° E of Burgos (Surigao Del Norte),Ms,TECTONIC
85,2024-09-28 13:46:06+00:00,5.37,125.82,75,3.1,040 km S 74° E of Sarangani Island (Municipality Of Sarangani) (Davao Occidental),Ms,TECTONIC
86,2024-09-28 13:08:39+00:00,9.98,126.23,33,1.6,016 km N 71° E of San Isidro (Surigao Del Norte),Ms,TECTONIC
87,2024-09-28 13:04:52+00:00,8.17,126.67,33,1.6,032 km N 64° E of Lingig (Surigao Del Sur),Ms,TECTONIC
88,2024-09-28 13:00:23+00:00,8.72,126.43,12,2.2,017 km S 57° E of Marihatag (Surigao Del Sur),Ms,TECTONIC
89,2024-09-28 12:02:13+00:00,11.27,124.59,8,2.4,007 km S 66° W of Capoocan (Leyte),Ms,TECTONIC
90,2024-09-28 10:33:54+00:00,16.03,121.5,15,1.5,020 km N 11° W of Dipaculao (Aurora),Ms,TECTONIC
91,2024-09-28 08:15:38+00:00,13.89,124.45,16,2.0,014 km N 28° E of Gigmoto (Catanduanes),Ms,TECTONIC
92,2024-09-28 08:10:18+00:00,7.22,121.86,7,2.6,024 km S 70° W of Sibuco (Zamboanga Del Norte),Ms,TECTONIC
93,2024-09-28 07:49:48+00:00,7.8,126.49,136,1.9,004 km N 75° E of Cateel (Davao Oriental),Ms,TECTONIC
94,2024-09-28 07:15:56+00:00,18.21,120.98,21,2.4,009 km S 53° W of Calanasan (Apayao),Ms,TECTONIC
95,2024-09-28 06:26:19+00:00,9.9,122.0,20,3.6,050 km N 73° W of City Of Sipalay (Negros Occidental),Ms,TECTONIC
96,2024-09-28 05:08:26+00:00,9.51,125.62,28,2.4,007 km S 48° E of Tubod (Surigao Del Norte),Ms,TECTONIC
97,2024-09-28 03:45:42+00:00,9.38,126.16,18,3.6,011 km N 03° E of Cortes (Surigao Del Sur),Ms,TECTONIC
98,2024-09-28 03:43:53+00:00,13.45,123.61,3,2.1,007 km S 86° W of Tiwi (Albay),Ms,TECTONIC
99,2024-09-28 03:42:12+00:00,13.46,123.59,2,2.6,010 km N 89° W of Tiwi (Albay),Ms,TECTONIC
100,2024-09-28 03:31:20+00:00,13.24,121.91,21,1.8,004 km S 65° W of Buenavista (Marinduque),Ms,TECTONIC
101,2024-09-28 03:23:34+00:00,13.45,123.58,5,2.6,006 km N 77° E of Buhi (Camarines Sur),Ms,TECTONIC
102,2024-09-28 02:39:09+00:00,11.0,126.08,25,2.3,040 km S 85° E of Guiuan (Eastern Samar),Ms,TECTONIC
103,2024-09-28 00:58:32+00:00,10.52,122.34,10,1.9,015 km S 08° E of Guimbal (Iloilo),Ms,TECTONIC
104,2024-09-28 00:53:55+00:00,9.8,126.3,21,2.2,016 km N 84° E of General Luna (Surigao Del Norte),Ms,TECTONIC
105,2024-09-28 00:51:49+00:00,7.84,126.98,10,2.8,054 km N 57° E of Baganga (Davao Oriental),Ms,TECTONIC
106,2024-09-27 23:47:39+00:00,18.25,121.0,22,2.1,022 km N 56° E of Carasi (Ilocos Norte),Ms,TECTONIC
107,2024-09-27 23:18:09+00:00,18.11,121.02,9,1.8,016 km S 11° W of Calanasan (Apayao),Ms,TECTONIC
108,2024-09-27 23:08:19+00:00,9.88,125.38,8,2.8,012 km S 75° E of San Ricardo (Southern Leyte),Ms,TECTONIC
109,2024-09-27 22:40:19+00:00,13.86,120.56,198,3.0,008 km N 69° W of Calatagan (Batangas),Ms,TECTONIC
110,2024-09-27 22:19:07+00:00,7.66,126.56,23,1.9,009 km N 02° W of Baganga (Davao Oriental),Ms,TECTONIC
111,2024-09-27 21:08:33+00:00,13.64,120.67,127,1.6,022 km S 10° E of Calatagan (Batangas),Ms,TECTONIC
112,2024-09-27 20:58:45+00:00,8.41,126.6,30,2.7,029 km N 81° E of Hinatuan (Surigao Del Sur),Ms,TECTONIC
113,2024-09-27 19:55:33+00:00,9.97,122.01,2,2.4,051 km N 65° W of City Of Sipalay (Negros Occidental),Ms,TECTONIC
114,2024-09-27 19:47:23+00:00,7.65,126.46,18,2.8,013 km N 53° W of Baganga (Davao Oriental),Ms,TECTONIC
115,2024-09-27 18:56:04+00:00,12.5,123.6,3,1.6,017 km S 23° W of Monreal (Masbate),Ms,TECTONIC
116,2024-09-27 17:53:06+00:00,18.07,121.02,1,2.8,020 km S 08° W of Calanasan (Apayao),Ms,TECTONIC
117,2024-09-27 17:30:58+00:00,16.66,122.35,3,2.3,017 km N 30° E of Dinapigue (Isabela),Ms,TECTONIC
118,2024-09-27 17:18:42+00:00,9.93,121.91,1,3.0,060 km N 73° W of City Of Sipalay (Negros Occidental),Ms,TECTONIC
119,2024-09-27 17:03:10+00:00,9.99,121.98,7,2.4,049 km S 07° E of Anini-y (Antique),Ms,TECTONIC
120,2024-09-27 16:21:43+00:00,11.17,125.67,16,2.2,002 km N 33° E of Salcedo (Eastern Samar),Ms,TECTONIC
121,2024-09-27 16:20:10+00:00,11.21,125.67,25,2.9,015 km S 73° E of General Macarthur (Eastern Samar),Ms,TECTONIC
122,2024-09-27 16:19:34+00:00,11.17,125.63,17,2.4,004 km N 61° W of Salcedo (Eastern Samar),Ms,TECTONIC
123,2024-09-27 16:11:44+00:00,14.98,122.68,3,2.7,049 km N 50° E of Jomalig (Quezon),Ms,TECTONIC
124,2024-09-27 15:08:30+00:00,7.96,127.09,9,4.3,072 km N 54° E of Baganga (Davao Oriental),Mw,TECTONIC
125,2024-09-27 14:45:00+00:00,10.68,125.63,17,2.4,012 km S 54° W of Homonhon Island (Guiuan) (Eastern Samar),Ms,TECTONIC
126,2024-09-27 14:25:52+00:00,7.9,127.06,1,3.4,066 km N 57° E of Baganga (Davao Oriental),Ms,TECTONIC
127,2024-09-27 14:19:39+00:00,9.76,125.62,34,2.0,008 km N 32° E of Taganaan (Surigao Del Norte),Ms,TECTONIC
128,2024-09-27 13:58:47+00:00,14.23,120.34,114,1.8,036 km N 62° W of Nasugbu (Batangas),Ms,TECTONIC
129,2024-09-27 13:28:28+00:00,12.53,123.6,9,2.0,013 km N 59° E of Baleno (Masbate),Ms,TECTONIC
130,2024-09-27 13:12:17+00:00,17.27,119.95,10,4.2,055 km S 56° W of Caoayan (Ilocos Sur),Ms,TECTONIC
131,2024-09-27 13:02:23+00:00,11.93,125.36,31,1.4,008 km N 63° W of Taft (Eastern Samar),Ms,TECTONIC
132,2024-09-27 12:58:56+00:00,18.25,120.71,8,2.9,007 km N 69° E of Vintar (Ilocos Norte),Ms,TECTONIC
133,2024-09-27 11:53:14+00:00,13.56,120.65,103,1.4,015 km N 35° W of Abra De Ilog (Occidental Mindoro),Ms,TECTONIC
134,2024-09-27 11:38:03+00:00,9.03,122.05,31,2.9,077 km S 57° W of Basay (Negros Oriental),Ms,TECTONIC
135,2024-09-27 11:02:09+00:00,12.55,123.61,4,3.0,012 km S 31° W of Monreal (Masbate),Ms,TECTONIC
136,2024-09-27 10:40:00+00:00,13.45,120.61,10,1.5,013 km N 87° W of Abra De Ilog (Occidental Mindoro),Ms,TECTONIC
137,2024-09-27 10:13:44+00:00,15.27,119.9,34,1.7,010 km S 55° W of Iba (Zambales),Ms,TECTONIC
138,2024-09-27 10:06:37+00:00,16.08,119.94,23,2.6,002 km N 12° E of Mabini (Pangasinan),Ms,TECTONIC
139,2024-09-27 09:47:57+00:00,9.95,122.04,1,2.8,047 km N 65° W of City Of Sipalay (Negros Occidental),Ms,TECTONIC
140,2024-09-27 09:39:02+00:00,12.95,123.5,72,1.4,011 km N 64° W of Donsol (Sorsogon),Ms,TECTONIC
141,2024-09-27 09:02:36+00:00,9.96,122.03,5,3.7,049 km N 64° W of City Of Sipalay (Negros Occidental),Ms,TECTONIC
142,2024-09-27 07:19:27+00:00,10.04,121.96,33,2.3,043 km S 05° E of Anini-y (Antique),Ms,TECTONIC
143,2024-09-27 07:16:42+00:00,9.95,121.99,19,3.7,052 km N 68° W of City Of Sipalay (Negros Occidental),Ms,TECTONIC
144,2024-09-27 07:13:27+00:00,9.98,122.0,7,3.7,053 km N 63° W of City Of Sipalay (Negros Occidental),Ms,TECTONIC
145,2024-09-27 06:35:37+00:00,9.91,126.78,10,3.7,070 km N 78° E of General Luna (Surigao Del Norte),Ms,TECTONIC
146,2024-09-27 05:04:47+00:00,20.06,121.26,27,3.9,071 km S 65° W of Sabtang (Batanes),Ms,TECTONIC
147,2024-09-27 04:37:17+00:00,8.06,126.67,24,2.6,029 km N 86° E of Lingig (Surigao Del Sur),Ms,TECTONIC
148,2024-09-27 04:29:23+00:00,12.5,123.61,3,2.3,013 km N 74° E of Baleno (Masbate),Ms,TECTONIC
149,2024-09-27 03:01:40+00:00,19.0,120.72,5,2.6,052 km S 77° W of Dalupiri Island (Calayan) (Cagayan),Ms,TECTONIC
150,2024-09-27 02:28:38+00:00,17.71,120.6,14,2.1,007 km N 74° W of Danglas (Abra),Ms,TECTONIC
151,2024-09-27 01:57:38+00:00,6.26,126.17,39,3.0,045 km S 13° E of Governor Generoso (Davao Oriental),Ms,TECTONIC
152,2024-09-27 01:15:09+00:00,12.51,123.64,3,3.8,016 km N 76° E of Baleno (Masbate),Ms,TECTONIC
153,2024-09-27 00:49:23+00:00,10.45,123.12,1,2.4,013 km N 56° W of City Of Canlaon (Negros Oriental),Ml,VOLCANO-TECTONIC
154,2024-09-27 00:47:52+00:00,14.17,119.22,26,3.1,104 km N 71° W of Lubang (Occidental Mindoro),Ms,TECTONIC
155,2024-09-27 00:35:19+00:00,15.18,122.85,1,3.3,077 km N 46° E of Jomalig (Quezon),Ms,TECTONIC
156,2024-09-27 00:33:04+00:00,8.49,126.72,1,2.5,044 km N 72° E of Hinatuan (Surigao Del Sur),Ms,TECTONIC
157,2024-09-27 00:27:10+00:00,13.5,120.68,1,2.5,007 km N 38° W of Abra De Ilog (Occidental Mindoro),Ms,TECTONIC
158,2024-09-27 00:02:39+00:00,9.18,126.61,14,3.5,043 km N 58° E of Bayabas (Surigao Del Sur),Ms,TECTONIC
159,2024-09-26 23:57:56+00:00,12.55,123.63,4,3.5,017 km N 59° E of Baleno (Masbate),Ms,TECTONIC
160,2024-09-26 23:27:43+00:00,8.32,127.39,15,4.3,112 km N 74° E of Lingig (Surigao Del Sur),Ms,TECTONIC
161,2024-09-26 21:45:04+00:00,8.48,126.76,5,1.7,049 km N 75° E of Hinatuan (Surigao Del Sur),Ms,TECTONIC
162,2024-09-26 21:31:18+00:00,17.28,122.23,34,1.9,009 km S 50° W of Divilacan (Isabela),Ms,TECTONIC
163,2024-09-26 21:10:22+00:00,13.45,120.72,6,2.2,001 km N 65° W of Abra De Ilog (Occidental Mindoro),Ms,TECTONIC
164,2024-09-26 20:28:45+00:00,18.64,121.14,7,2.2,007 km N 58° E of Claveria (Cagayan),Ms,TECTONIC
165,2024-09-26 20:26:04+00:00,7.53,122.07,3,1.8,010 km S 54° W of Sirawai (Zamboanga Del Norte),Ms,TECTONIC
166,2024-09-26 20:13:10+00:00,12.48,123.53,35,1.4,003 km N 79° E of Baleno (Masbate),Ms,TECTONIC
167,2024-09-26 20:08:36+00:00,10.14,126.0,32,2.2,014 km N 19° W of Santa Monica (Surigao Del Norte),Ms,TECTONIC
168,2024-09-26 20:00:05+00:00,12.55,123.61,9,2.3,015 km N 56° E of Baleno (Masbate),Ms,TECTONIC
169,2024-09-26 19:45:21+00:00,17.17,118.96,15,2.5,132 km N 49° W of Bolinao (Pangasinan),Ms,TECTONIC
170,2024-09-26 19:23:19+00:00,12.53,123.6,7,2.1,013 km N 58° E of Baleno (Masbate),Ms,TECTONIC
171,2024-09-26 19:17:47+00:00,13.7,120.62,135,1.8,014 km S 07° W of Calatagan (Batangas),Ms,TECTONIC
172,2024-09-26 18:53:36+00:00,15.0,120.03,33,1.5,005 km S 76° W of San Narciso (Zambales),Ms,TECTONIC
173,2024-09-26 18:31:55+00:00,13.79,120.39,61,3.5,017 km N 64° E of Looc (Occidental Mindoro),Ms,TECTONIC
174,2024-09-26 17:56:22+00:00,14.99,121.72,9,2.3,012 km N 60° W of Panukulan (Quezon),Ms,TECTONIC
175,2024-09-26 17:50:18+00:00,8.7,126.59,24,2.2,034 km S 71° E of Marihatag (Surigao Del Sur),Ms,TECTONIC
176,2024-09-26 17:50:30+00:00,15.37,121.98,3,2.3,052 km N 20° E of Panukulan (Quezon),Ms,TECTONIC
177,2024-09-26 17:41:27+00:00,8.1,125.86,25,2.3,008 km S 03° E of Loreto (Agusan Del Sur),Ms,TECTONIC
178,2024-09-26 17:41:21+00:00,12.96,125.08,1,2.8,047 km N 20° E of Pambujan (Northern Samar),Ms,TECTONIC
179,2024-09-26 17:34:29+00:00,6.97,126.45,31,2.1,009 km S 03° E of Tarragona (Davao Oriental),Ms,TECTONIC
180,2024-09-26 17:20:06+00:00,7.89,126.69,66,1.9,028 km N 67° E of Cateel (Davao Oriental),Ms,TECTONIC
181,2024-09-26 16:59:37+00:00,13.75,120.64,106,1.3,009 km S 06° E of Calatagan (Batangas),Ms,TECTONIC
182,2024-09-26 16:53:03+00:00,13.65,125.17,3,2.2,085 km S 80° E of Gigmoto (Catanduanes),Ms,TECTONIC
183,2024-09-26 16:31:39+00:00,8.07,126.75,25,1.4,037 km N 84° E of Lingig (Surigao Del Sur),Ms,TECTONIC
184,2024-09-26 16:26:25+00:00,16.12,119.71,18,2.3,010 km N 87° W of Agno (Pangasinan),Ms,TECTONIC
185,2024-09-26 16:25:35+00:00,9.65,126.32,9,2.5,023 km S 50° E of General Luna (Surigao Del Norte),Ms,TECTONIC
186,2024-09-26 16:21:44+00:00,6.92,127.15,17,2.8,074 km S 65° E of Manay (Davao Oriental),Ms,TECTONIC
187,2024-09-26 16:05:35+00:00,17.58,120.19,5,3.2,018 km S 87° W of Santa Catalina (Ilocos Sur),Ms,TECTONIC
188,2024-09-26 15:58:53+00:00,13.72,120.61,122,1.8,012 km S 12° W of Calatagan (Batangas),Ms,TECTONIC
189,2024-09-26 15:58:08+00:00,5.73,126.6,22,2.4,108 km S 79° E of Jose Abad Santos (Davao Occidental),Ms,TECTONIC
190,2024-09-26 15:31:04+00:00,8.38,126.13,21,2.2,010 km S 19° W of Tagbina (Surigao Del Sur),Ms,TECTONIC
191,2024-09-26 15:30:07+00:00,10.87,126.87,33,2.5,127 km N 83° E of Homonhon Island (Guiuan) (Eastern Samar),Ms,TECTONIC
192,2024-09-26 15:17:51+00:00,13.9,119.81,33,2.9,034 km N 82° W of Lubang (Occidental Mindoro),Ms,TECTONIC
193,2024-09-26 15:16:08+00:00,17.88,119.47,24,2.5,100 km N 71° W of Santa Catalina (Ilocos Sur),Ms,TECTONIC
194,2024-09-26 15:12:11+00:00,8.16,127.09,2,3.9,076 km N 80° E of Lingig (Surigao Del Sur),Ms,TECTONIC
195,2024-09-26 15:02:38+00:00,9.16,126.17,40,1.4,010 km N 07° E of City Of Tandag (Surigao Del Sur),Ms,TECTONIC
196,2024-09-26 14:43:51+00:00,14.37,123.61,12,1.6,054 km N 45° E of Siruma (Camarines Sur),Ms,TECTONIC
197,2024-09-26 14:32:22+00:00,17.3,119.68,34,3.2,079 km S 70° W of Caoayan (Ilocos Sur),Ms,TECTONIC
198,2024-09-26 14:27:03+00:00,9.87,122.23,29,1.7,025 km N 64° W of City Of Sipalay (Negros Occidental),Ms,TECTONIC
199,2024-09-26 13:54:22+00:00,5.99,124.89,18,1.9,018 km N 42° W of Maasim (Sarangani),Ms,TECTONIC
200,2024-09-26 13:48:58+00:00,15.95,122.32,4,2.8,041 km S 30° E of Casiguran (Aurora),Ms,TECTONIC
201,2024-09-26 13:45:47+00:00,8.26,126.89,31,1.5,058 km N 65° E of Lingig (Surigao Del Sur),Ms,TECTONIC
202,2024-09-26 13:13:11+00:00,8.11,125.84,44,1.7,008 km S 12° W of Loreto (Agusan Del Sur),Ms,TECTONIC
203,2024-09-26 13:09:07+00:00,12.53,123.62,7,2.0,014 km N 62° E of Baleno (Masbate),Ms,TECTONIC
204,2024-09-26 12:08:50+00:00,10.23,124.86,29,1.7,012 km N 10° E of City Of Maasin (Southern Leyte),Ms,TECTONIC
205,2024-09-26 12:06:13+00:00,7.65,126.13,33,1.4,006 km S 69° E of Compostela (Davao De Oro),Ms,TECTONIC
206,2024-09-26 11:48:18+00:00,13.69,120.6,32,1.7,016 km S 14° W of Calatagan (Batangas),Ms,TECTONIC
207,2024-09-26 11:41:39+00:00,13.94,120.3,110,2.6,021 km N 65° E of Lubang (Occidental Mindoro),Ms,TECTONIC
208,2024-09-26 10:35:10+00:00,12.56,123.57,4,2.7,012 km N 39° E of Baleno (Masbate),Ms,TECTONIC
209,2024-09-26 10:11:23+00:00,9.93,126.24,33,1.8,017 km N 63° E of Pilar (Surigao Del Norte),Ms,TECTONIC
210,2024-09-26 10:04:57+00:00,12.34,123.56,30,1.4,017 km S 25° E of Baleno (Masbate),Ms,TECTONIC
211,2024-09-26 09:54:31+00:00,12.54,123.6,5,3.2,014 km S 32° W of Monreal (Masbate),Ms,TECTONIC
212,2024-09-26 09:34:36+00:00,5.95,127.15,12,3.1,144 km S 33° E of Tarragona (Davao Oriental),Ms,TECTONIC
213,2024-09-26 07:53:39+00:00,12.64,123.62,34,1.3,005 km S 87° W of Monreal (Masbate),Ms,TECTONIC
214,2024-09-26 07:46:18+00:00,12.44,123.58,33,1.8,010 km S 69° E of Baleno (Masbate),Ms,TECTONIC
215,2024-09-26 07:05:02+00:00,13.4,120.69,65,4.3,006 km S 34° W of Abra De Ilog (Occidental Mindoro),Mw,TECTONIC
216,2024-09-26 06:35:29+00:00,8.13,126.76,22,2.8,039 km N 75° E of Lingig (Surigao Del Sur),Ms,TECTONIC
217,2024-09-26 06:18:08+00:00,4.74,127.36,22,3.6,230 km S 55° E of Jose Abad Santos (Davao Occidental),Ms,TECTONIC
218,2024-09-26 06:09:52+00:00,12.51,123.56,33,1.6,008 km N 61° E of Baleno (Masbate),Ms,TECTONIC
219,2024-09-26 05:31:58+00:00,18.63,120.81,5,2.9,008 km N 17° E of Pagudpud (Ilocos Norte),Ms,TECTONIC
220,2024-09-26 04:21:54+00:00,13.67,124.81,1,1.7,047 km S 75° E of Gigmoto (Catanduanes),Ms,TECTONIC
221,2024-09-26 03:48:19+00:00,13.73,120.63,20,1.5,011 km S 03° W of Calatagan (Batangas),Ms,TECTONIC
222,2024-09-26 03:39:38+00:00,16.1,121.94,24,2.0,005 km S 25° W of Dinalungan (Aurora),Ms,TECTONIC
223,2024-09-26 02:17:11+00:00,10.5,125.43,16,2.6,023 km N 48° W of Loreto (Dinagat Islands),Ms,TECTONIC
224,2024-09-26 02:02:28+00:00,8.05,126.92,11,3.3,056 km N 89° E of Lingig (Surigao Del Sur),Ms,TECTONIC
225,2024-09-26 01:47:24+00:00,7.06,127.1,15,3.2,064 km S 75° E of Manay (Davao Oriental),Ms,TECTONIC
226,2024-09-26 01:15:59+00:00,6.84,125.53,24,2.8,012 km N 88° E of Santa Cruz (Davao Del Sur),Ms,TECTONIC
227,2024-09-25 22:54:32+00:00,12.91,124.85,4,2.6,040 km N 12° W of Pambujan (Northern Samar),Ms,TECTONIC
228,2024-09-25 21:39:51+00:00,9.88,122.93,5,2.3,016 km North of Mabinay (Negros Oriental),Ms,TECTONIC
229,2024-09-25 21:12:25+00:00,14.77,121.94,2,2.7,006 km North of Polillo (Quezon),Ms,TECTONIC
230,2024-09-25 20:58:22+00:00,10.26,122.18,23,2.3,034 km S 56° E of Anini-y (Antique),Ms,TECTONIC
231,2024-09-25 20:31:57+00:00,8.61,126.72,33,2.3,050 km N 57° E of Hinatuan (Surigao Del Sur),Ms,TECTONIC
232,2024-09-25 20:31:41+00:00,17.97,120.91,77,3.5,020 km S 47° E of Solsona (Ilocos Norte),Ms,TECTONIC
233,2024-09-25 19:28:17+00:00,12.51,123.58,6,2.6,010 km N 62° E of Baleno (Masbate),Ms,TECTONIC
234,2024-09-25 19:06:12+00:00,17.49,121.04,17,2.1,010 km S 18° E of Malibcong (Abra),Ms,TECTONIC
235,2024-09-25 18:46:54+00:00,12.55,123.58,6,3.2,012 km N 46° E of Baleno (Masbate),Ms,TECTONIC
236,2024-09-25 18:30:13+00:00,19.01,121.19,11,2.4,011 km S 09° W of Dalupiri Island (Calayan) (Cagayan),Ms,TECTONIC
237,2024-09-25 18:23:46+00:00,12.52,123.58,5,2.0,011 km N 58° E of Baleno (Masbate),Ms,TECTONIC
238,2024-09-25 18:06:13+00:00,19.16,120.66,2,3.2,058 km N 84° W of Dalupiri Island (Calayan) (Cagayan),Ms,TECTONIC
239,2024-09-25 18:02:42+00:00,18.51,120.84,12,1.8,004 km S 68° E of Dumalneg (Ilocos Norte),Ms,TECTONIC
240,2024-09-25 17:51:43+00:00,12.58,123.59,9,2.7,011 km S 46° W of Monreal (Masbate),Ms,TECTONIC
241,2024-09-25 17:47:03+00:00,13.43,120.66,51,2.9,007 km S 74° W of Abra De Ilog (Occidental Mindoro),Ms,TECTONIC
242,2024-09-25 17:36:20+00:00,8.77,126.67,9,2.4,041 km S 86° E of Marihatag (Surigao Del Sur),Ms,TECTONIC
243,2024-09-25 17:32:51+00:00,13.57,120.55,4,2.4,019 km N 27° E of Paluan (Occidental Mindoro),Ms,TECTONIC
244,2024-09-25 17:21:09+00:00,14.95,122.61,3,3.5,042 km N 47° E of Jomalig (Quezon),Ms,TECTONIC
245,2024-09-25 17:17:08+00:00,5.09,126.77,59,2.9,150 km S 74° E of Sarangani Island (Municipality Of Sarangani) (Davao Occidental),Ms,TECTONIC
246,2024-09-25 17:14:10+00:00,9.01,126.76,32,3.2,051 km N 78° E of Cagwait (Surigao Del Sur),Ms,TECTONIC
247,2024-09-25 16:42:12+00:00,12.98,124.4,8,2.3,023 km S 73° E of Prieto Diaz (Sorsogon),Ms,TECTONIC
248,2024-09-25 16:32:02+00:00,14.99,121.3,27,1.5,025 km N 85° E of Doña Remedios Trinidad (Bulacan),Ms,TECTONIC
249,2024-09-25 16:17:54+00:00,3.48,126.84,122,4.7,266 km S 36° E of Balut Island (Municipality Of Sarangani) (Davao Occidental),Ms,TECTONIC
250,2024-09-25 15:53:43+00:00,12.56,123.6,4,3.5,011 km S 35° W of Monreal (Masbate),Ms,TECTONIC
251,2024-09-25 15:51:37+00:00,14.83,124.96,78,3.9,122 km N 45° E of Pandan (Catanduanes),Ms,TECTONIC
252,2024-09-25 15:50:23+00:00,12.53,123.58,5,2.9,015 km S 37° W of Monreal (Masbate),Ms,TECTONIC
253,2024-09-25 15:41:28+00:00,12.52,123.58,6,3.3,011 km N 60° E of Baleno (Masbate),Ms,TECTONIC
254,2024-09-25 14:55:11+00:00,12.55,123.63,2,2.5,011 km S 23° W of Monreal (Masbate),Ms,TECTONIC
255,2024-09-25 13:45:05+00:00,12.5,123.58,7,2.4,009 km N 67° E of Baleno (Masbate),Ms,TECTONIC
256,2024-09-25 13:43:03+00:00,12.56,123.62,4,2.4,016 km N 55° E of Baleno (Masbate),Ms,TECTONIC
257,2024-09-25 13:16:25+00:00,12.52,123.59,5,2.0,011 km N 62° E of Baleno (Masbate),Ms,TECTONIC
258,2024-09-25 13:00:15+00:00,12.56,123.62,3,3.5,011 km S 29° W of Monreal (Masbate),Ms,TECTONIC
259,2024-09-25 12:42:32+00:00,4.65,128.07,34,4.0,302 km S 72° E of Sarangani Island (Municipality Of Sarangani) (Davao Occidental),Ms,TECTONIC
260,2024-09-25 12:07:55+00:00,12.55,123.62,2,3.6,016 km N 58° E of Baleno (Masbate),Ms,TECTONIC
261,2024-09-25 11:46:47+00:00,12.53,123.62,4,2.4,015 km N 65° E of Baleno (Masbate),Ms,TECTONIC
262,2024-09-25 11:37:41+00:00,13.81,120.38,64,4.4,017 km N 56° E of Looc (Occidental Mindoro),Mw,TECTONIC
263,2024-09-25 11:12:39+00:00,12.55,123.6,7,2.5,013 km S 34° W of Monreal (Masbate),Ms,TECTONIC
264,2024-09-25 10:34:26+00:00,15.1,120.07,30,1.6,004 km N 05° W of San Felipe (Zambales),Ms,TECTONIC
265,2024-09-25 10:05:00+00:00,15.63,121.63,16,4.0,015 km S 50° E of San Luis (Aurora),Ms,TECTONIC
266,2024-09-25 09:59:17+00:00,11.98,124.78,88,2.2,006 km S 44° W of Gandara (Samar),Ms,TECTONIC
267,2024-09-25 09:51:10+00:00,12.52,123.58,3,1.4,010 km N 61° E of Baleno (Masbate),Ms,TECTONIC
268,2024-09-25 09:43:31+00:00,12.53,123.54,1,2.7,018 km S 48° W of Monreal (Masbate),Ms,TECTONIC
269,2024-09-25 09:32:54+00:00,12.53,123.59,4,1.8,012 km N 58° E of Baleno (Masbate),Ms,TECTONIC
270,2024-09-25 09:30:48+00:00,12.55,123.58,8,2.1,014 km S 40° W of Monreal (Masbate),Ms,TECTONIC
271,2024-09-25 09:09:44+00:00,12.53,123.6,6,2.3,013 km N 57° E of Baleno (Masbate),Ms,TECTONIC
272,2024-09-25 09:07:07+00:00,12.51,123.56,9,4.0,008 km N 54° E of Baleno (Masbate),Ms,TECTONIC
273,2024-09-25 08:45:33+00:00,12.54,123.62,3,3.9,016 km N 59° E of Baleno (Masbate),Ms,TECTONIC
274,2024-09-25 08:40:28+00:00,12.5,123.62,3,3.2,014 km North of City Of Masbate (Masbate),Ms,TECTONIC
275,2024-09-25 08:10:54+00:00,13.83,124.98,23,2.8,064 km N 85° E of Gigmoto (Catanduanes),Ms,TECTONIC
276,2024-09-25 07:52:59+00:00,12.54,123.59,7,4.0,012 km N 51° E of Baleno (Masbate),Ms,TECTONIC
277,2024-09-25 05:11:58+00:00,5.83,126.29,9,2.9,072 km S 83° E of Jose Abad Santos (Davao Occidental),Ms,TECTONIC
278,2024-09-25 04:20:51+00:00,7.34,125.79,35,1.8,008 km N 66° W of Mabini (Davao De Oro),Ms,TECTONIC
279,2024-09-25 04:13:57+00:00,13.92,120.55,91,1.5,014 km N 43° W of Calatagan (Batangas),Ms,TECTONIC
280,2024-09-25 04:10:31+00:00,8.08,126.28,29,2.4,015 km N 73° W of Lingig (Surigao Del Sur),Ms,TECTONIC
281,2024-09-25 03:59:41+00:00,7.35,126.85,1,2.7,031 km N 86° E of Caraga (Davao Oriental),Ms,TECTONIC
282,2024-09-25 03:55:37+00:00,8.15,125.97,11,3.3,004 km S 53° W of Bunawan (Agusan Del Sur),Ms,TECTONIC
283,2024-09-25 03:27:11+00:00,10.36,125.2,9,2.3,011 km N 34° W of Anahawan (Southern Leyte),Ms,TECTONIC
284,2024-09-25 03:19:31+00:00,14.9,122.55,3,3.2,032 km N 47° E of Jomalig (Quezon),Ms,TECTONIC
285,2024-09-25 02:49:10+00:00,11.09,126.1,1,2.8,042 km N 81° E of Guiuan (Eastern Samar),Ms,TECTONIC
286,2024-09-24 23:48:12+00:00,12.54,123.59,6,2.8,014 km S 33° W of Monreal (Masbate),Ms,TECTONIC
287,2024-09-24 23:02:30+00:00,13.74,120.6,122,1.8,011 km S 17° W of Calatagan (Batangas),Ms,TECTONIC
288,2024-09-24 22:25:00+00:00,18.12,120.5,33,1.3,007 km N 15° W of Paoay (Ilocos Norte),Ms,TECTONIC
289,2024-09-24 21:29:07+00:00,13.2,120.95,33,1.7,024 km S 41° W of Baco (Oriental Mindoro),Ms,TECTONIC
290,2024-09-24 21:24:29+00:00,12.19,126.08,70,2.3,062 km N 89° E of San Policarpo (Eastern Samar),Ms,TECTONIC
291,2024-09-24 21:21:59+00:00,13.01,124.37,32,1.3,020 km S 79° E of Prieto Diaz (Sorsogon),Ms,TECTONIC
292,2024-09-24 21:13:43+00:00,12.77,124.39,25,2.6,010 km N 18° E of Biri (Northern Samar),Ms,TECTONIC
293,2024-09-24 21:10:09+00:00,13.22,125.26,15,1.8,077 km N 12° E of Palapag (Northern Samar),Ms,TECTONIC
294,2024-09-24 20:56:59+00:00,12.53,123.58,8,2.4,011 km N 53° E of Baleno (Masbate),Ms,TECTONIC
295,2024-09-24 20:40:58+00:00,15.86,120.6,160,2.8,007 km N 06° W of San Manuel (Tarlac),Ms,TECTONIC
296,2024-09-24 20:34:56+00:00,5.86,127.18,78,2.8,151 km S 54° E of Governor Generoso (Davao Oriental),Ms,TECTONIC
297,2024-09-24 20:29:04+00:00,10.98,123.91,52,1.7,011 km S 45° W of City Of Bogo (Cebu),Ms,TECTONIC
298,2024-09-24 20:12:57+00:00,17.02,121.41,10,1.5,010 km N 62° E of Aguinaldo (Ifugao),Ms,TECTONIC
299,2024-09-24 19:45:28+00:00,12.55,123.61,6,2.4,012 km S 28° W of Monreal (Masbate),Ms,TECTONIC
300,2024-09-24 19:02:17+00:00,12.71,122.56,201,1.5,024 km N 11° E of Magdiwang (Romblon),Ms,TECTONIC
301,2024-09-24 18:53:00+00:00,6.48,126.32,32,2.3,033 km S 55° E of Governor Generoso (Davao Oriental),unspecified,unspecified
302,2024-09-24 18:50:46+00:00,7.82,126.13,33,1.8,008 km S 86° E of Monkayo (Davao De Oro),Ms,TECTONIC
303,2024-09-24 18:46:34+00:00,12.54,123.6,6,1.8,013 km N 57° E of Baleno (Masbate),Ms,TECTONIC
304,2024-09-24 18:44:03+00:00,17.98,120.79,46,1.6,013 km S 10° E of Solsona (Ilocos Norte),Ms,TECTONIC
305,2024-09-24 18:43:59+00:00,7.82,126.86,13,2.0,042 km N 51° E of Baganga (Davao Oriental),Ms,TECTONIC
306,2024-09-24 18:25:17+00:00,12.53,123.58,4,1.7,011 km N 56° E of Baleno (Masbate),Ms,TECTONIC
307,2024-09-24 18:24:44+00:00,7.99,126.69,16,1.9,032 km S 80° E of Lingig (Surigao Del Sur),Ms,TECTONIC
308,2024-09-24 18:24:40+00:00,13.58,120.56,31,1.7,023 km N 50° W of Abra De Ilog (Occidental Mindoro),Ms,TECTONIC
309,2024-09-24 18:11:29+00:00,12.55,123.64,1,2.0,018 km N 59° E of Baleno (Masbate),Ms,TECTONIC
310,2024-09-24 18:07:56+00:00,19.45,120.58,1,3.1,076 km N 61° W of Dalupiri Island (Calayan) (Cagayan),Ms,TECTONIC
311,2024-09-24 17:49:05+00:00,8.98,126.32,4,1.8,004 km N 75° E of Bayabas (Surigao Del Sur),Ms,TECTONIC
312,2024-09-24 17:44:06+00:00,12.55,123.47,27,1.8,009 km N 26° W of Baleno (Masbate),Ms,TECTONIC
313,2024-09-24 17:39:54+00:00,12.58,123.64,1,1.9,020 km N 52° E of Baleno (Masbate),Ms,TECTONIC
314,2024-09-24 17:35:10+00:00,10.03,126.16,5,2.2,009 km N 82° E of Burgos (Surigao Del Norte),Ms,TECTONIC
315,2024-09-24 17:27:51+00:00,12.53,123.6,7,3.7,013 km N 58° E of Baleno (Masbate),Ms,TECTONIC
316,2024-09-24 17:26:42+00:00,17.81,120.64,24,2.3,013 km N 10° W of Danglas (Abra),Ms,TECTONIC
317,2024-09-24 17:20:22+00:00,7.9,126.35,33,1.6,004 km N 39° W of Boston (Davao Oriental),Ms,TECTONIC
318,2024-09-24 16:56:18+00:00,13.74,120.64,118,1.8,010 km S 04° E of Calatagan (Batangas),Ms,TECTONIC
319,2024-09-24 16:50:51+00:00,15.67,121.66,5,2.7,014 km S 45° E of Baler (Aurora),Ms,TECTONIC
320,2024-09-24 15:52:55+00:00,12.53,123.6,6,1.9,013 km N 61° E of Baleno (Masbate),Ms,TECTONIC
321,2024-09-24 15:52:55+00:00,12.52,123.61,7,2.0,013 km N 66° E of Baleno (Masbate),Ms,TECTONIC
322,2024-09-24 15:23:04+00:00,5.21,126.48,10,3.1,115 km S 75° E of Sarangani Island (Municipality Of Sarangani) (Davao Occidental),Ms,TECTONIC
323,2024-09-24 14:23:43+00:00,18.45,120.83,18,2.4,007 km S 81° W of Adams (Ilocos Norte),Ms,TECTONIC
324,2024-09-24 14:03:57+00:00,8.52,126.58,16,3.2,032 km N 57° E of Hinatuan (Surigao Del Sur),Ms,TECTONIC
325,2024-09-24 13:57:12+00:00,12.54,123.59,5,3.4,012 km N 53° E of Baleno (Masbate),Ms,TECTONIC
326,2024-09-24 13:51:07+00:00,12.55,123.61,3,1.6,015 km N 55° E of Baleno (Masbate),Ms,TECTONIC
327,2024-09-24 13:40:07+00:00,12.52,123.59,3,2.2,011 km N 61° E of Baleno (Masbate),Ms,TECTONIC
328,2024-09-24 13:36:22+00:00,8.08,126.55,32,2.0,016 km N 72° E of Lingig (Surigao Del Sur),Ms,TECTONIC
329,2024-09-24 13:33:38+00:00,12.52,123.59,7,2.2,011 km N 62° E of Baleno (Masbate),Ms,TECTONIC
330,2024-09-24 13:24:13+00:00,8.88,126.65,8,2.0,039 km S 83° E of Cagwait (Surigao Del Sur),Ms,TECTONIC
331,2024-09-24 12:50:43+00:00,8.1,126.79,12,2.2,042 km N 81° E of Lingig (Surigao Del Sur),Ms,TECTONIC
332,2024-09-24 12:32:56+00:00,20.63,122.15,137,3.1,027 km N 45° E of Basco (Batanes),Ms,TECTONIC
333,2024-09-24 12:30:16+00:00,15.35,121.98,17,1.8,050 km N 21° E of Panukulan (Quezon),Ms,TECTONIC
334,2024-09-24 12:02:15+00:00,16.83,120.26,14,2.8,013 km S 81° W of Luna (La Union),Ms,TECTONIC
335,2024-09-24 10:34:29+00:00,12.54,123.59,7,3.4,013 km N 52° E of Baleno (Masbate),Ms,TECTONIC
336,2024-09-24 10:29:06+00:00,14.03,119.24,33,2.3,098 km N 79° W of Lubang (Occidental Mindoro),Ms,TECTONIC
337,2024-09-24 10:25:16+00:00,15.79,120.86,25,2.0,015 km S 07° E of Umingan (Pangasinan),Ms,TECTONIC
338,2024-09-24 09:14:57+00:00,13.86,120.51,56,1.6,014 km N 78° W of Calatagan (Batangas),Ms,TECTONIC
339,2024-09-24 09:09:04+00:00,13.46,120.72,7,2.9,002 km N 16° W of Abra De Ilog (Occidental Mindoro),Ms,TECTONIC
340,2024-09-24 08:35:23+00:00,8.0,126.95,10,1.7,059 km N 67° E of Cateel (Davao Oriental),Ms,TECTONIC
341,2024-09-24 08:02:55+00:00,19.07,121.16,3,2.7,006 km S 50° W of Dalupiri Island (Calayan) (Cagayan),Ms,TECTONIC
342,2024-09-24 06:37:07+00:00,9.44,126.24,18,2.2,019 km N 16° E of Cortes (Surigao Del Sur),Ms,TECTONIC
343,2024-09-24 04:53:16+00:00,8.97,122.59,32,2.3,048 km S 06° W of Basay (Negros Oriental),Ms,TECTONIC
344,2024-09-24 03:42:42+00:00,8.1,126.92,15,3.1,056 km N 83° E of Lingig (Surigao Del Sur),Ms,TECTONIC
345,2024-09-24 02:55:14+00:00,7.78,126.98,12,1.7,052 km N 64° E of Baganga (Davao Oriental),Ms,TECTONIC
346,2024-09-24 02:47:39+00:00,13.52,120.68,7,3.1,010 km N 31° W of Abra De Ilog (Occidental Mindoro),Ms,TECTONIC
347,2024-09-24 02:33:31+00:00,12.52,123.61,7,2.7,014 km N 66° E of Baleno (Masbate),Ms,TECTONIC
348,2024-09-24 02:32:41+00:00,13.51,120.7,2,4.2,008 km N 19° W of Abra De Ilog (Occidental Mindoro),Ms,TECTONIC
349,2024-09-24 02:19:38+00:00,7.54,127.3,31,1.8,081 km S 88° E of Baganga (Davao Oriental),Ms,TECTONIC
350,2024-09-24 02:16:47+00:00,12.47,123.58,1,1.8,009 km N 89° E of Baleno (Masbate),Ms,TECTONIC
351,2024-09-24 02:03:10+00:00,7.84,126.79,10,2.5,039 km N 41° E of Baganga (Davao Oriental),Ms,TECTONIC
352,2024-09-24 01:50:09+00:00,7.84,126.97,7,1.7,054 km N 57° E of Baganga (Davao Oriental),Ms,TECTONIC
353,2024-09-24 01:45:21+00:00,7.78,127.1,17,3.1,063 km N 69° E of Baganga (Davao Oriental),Ms,TECTONIC
354,2024-09-24 01:08:39+00:00,5.92,126.46,32,2.0,090 km S 70° E of Don Marcelino (Davao Occidental),Ms,TECTONIC
355,2024-09-24 00:55:34+00:00,8.6,125.81,28,1.6,012 km N 89° W of Prosperidad (Agusan Del Sur),Ms,TECTONIC
356,2024-09-24 00:03:39+00:00,18.07,120.63,28,2.0,006 km N 62° W of Marcos (Ilocos Norte),Ms,TECTONIC
357,2024-09-23 23:41:09+00:00,19.76,120.54,8,3.5,101 km N 44° W of Dalupiri Island (Calayan) (Cagayan),Ms,TECTONIC
358,2024-09-23 23:36:15+00:00,16.11,120.77,33,1.7,004 km N 13° E of San Nicolas (Pangasinan),Ms,TECTONIC
359,2024-09-23 23:17:27+00:00,13.84,120.47,80,1.9,017 km N 89° W of Calatagan (Batangas),Ms,TECTONIC
360,2024-09-23 22:17:32+00:00,9.6,126.61,7,2.4,054 km S 68° E of General Luna (Surigao Del Norte),Ms,TECTONIC
361,2024-09-23 21:43:01+00:00,8.2,125.92,4,2.7,009 km N 76° W of Bunawan (Agusan Del Sur),Ms,TECTONIC
362,2024-09-23 21:32:19+00:00,4.93,124.37,42,2.9,120 km S 14° W of Kiamba (Sarangani),Ms,TECTONIC
363,2024-09-23 21:23:25+00:00,6.09,126.41,128,3.9,084 km N 86° E of Jose Abad Santos (Davao Occidental),Ms,TECTONIC
364,2024-09-23 19:39:04+00:00,7.76,127.44,1,4.2,099 km N 78° E of Baganga (Davao Oriental),Mw,TECTONIC
365,2024-09-23 18:36:14+00:00,8.26,126.42,28,2.2,012 km N 68° E of City Of Bislig (Surigao Del Sur),Ms,TECTONIC
366,2024-09-23 18:06:07+00:00,6.38,126.64,16,2.7,069 km S 64° E of Governor Generoso (Davao Oriental),Ms,TECTONIC
367,2024-09-23 18:02:15+00:00,11.16,124.64,7,2.6,009 km S 76° E of Kananga (Leyte),Ms,TECTONIC
368,2024-09-23 17:49:39+00:00,11.36,123.88,3,2.0,017 km N 68° E of Madridejos (Cebu),Ms,TECTONIC
369,2024-09-23 16:26:57+00:00,7.85,126.06,36,2.2,003 km N 23° E of Monkayo (Davao De Oro),Ms,TECTONIC
370,2024-09-23 16:17:26+00:00,11.16,124.66,1,2.2,011 km S 76° E of Kananga (Leyte),Ms,TECTONIC
371,2024-09-23 16:00:26+00:00,18.75,121.13,16,1.8,017 km N 18° E of Claveria (Cagayan),Ms,TECTONIC
372,2024-09-23 15:45:58+00:00,17.51,121.39,32,2.0,009 km N 64° W of City Of Tabuk (Kalinga),Ms,TECTONIC
373,2024-09-23 15:38:14+00:00,18.56,120.71,46,3.5,007 km N 67° W of Bangui (Ilocos Norte),Ms,TECTONIC
374,2024-09-23 15:28:10+00:00,15.95,120.23,82,2.0,001 km East of Bugallon (Pangasinan),Ms,TECTONIC
375,2024-09-23 15:24:41+00:00,9.97,125.95,12,1.9,006 km N 82° W of San Benito (Surigao Del Norte),Ms,TECTONIC
376,2024-09-23 13:33:17+00:00,8.69,127.68,71,2.9,152 km S 85° E of Marihatag (Surigao Del Sur),Ms,TECTONIC
377,2024-09-23 13:08:53+00:00,9.94,126.04,12,2.2,004 km S 56° E of San Benito (Surigao Del Norte),Ms,TECTONIC
378,2024-09-23 12:57:14+00:00,11.54,125.69,12,2.2,021 km N 68° E of Balangkayan (Eastern Samar),Ms,TECTONIC
379,2024-09-23 12:42:25+00:00,12.73,124.83,25,2.5,022 km N 30° W of Pambujan (Northern Samar),Ms,TECTONIC
380,2024-09-23 12:40:36+00:00,16.29,122.23,19,2.2,011 km N 84° E of Casiguran (Aurora),Ms,TECTONIC
381,2024-09-23 12:36:20+00:00,10.0,126.16,20,3.0,009 km S 75° E of Burgos (Surigao Del Norte),Ms,TECTONIC
382,2024-09-23 12:35:03+00:00,13.75,124.78,1,2.0,043 km S 85° E of Gigmoto (Catanduanes),Ms,TECTONIC
383,2024-09-23 12:22:47+00:00,14.76,122.47,4,1.6,017 km N 66° E of Jomalig (Quezon),Ms,TECTONIC
384,2024-09-23 12:15:48+00:00,18.02,122.2,17,2.2,034 km S 38° E of Gonzaga (Cagayan),Ms,TECTONIC
385,2024-09-23 10:43:31+00:00,14.65,119.7,16,3.2,054 km S 52° W of San Antonio (Zambales),Ms,TECTONIC
386,2024-09-23 09:31:49+00:00,6.81,123.74,1,2.3,041 km N 61° W of Lebak (Sultan Kudarat),Ms,TECTONIC
387,2024-09-23 08:24:49+00:00,8.09,126.58,34,1.7,019 km N 74° E of Lingig (Surigao Del Sur),Ms,TECTONIC
388,2024-09-23 08:02:38+00:00,8.11,126.74,21,1.4,037 km N 77° E of Lingig (Surigao Del Sur),Ms,TECTONIC
389,2024-09-23 07:54:20+00:00,8.72,127.35,27,3.0,116 km S 85° E of Marihatag (Surigao Del Sur),Ms,TECTONIC
390,2024-09-23 07:38:14+00:00,9.88,122.13,12,2.2,035 km N 70° W of City Of Sipalay (Negros Occidental),Ms,TECTONIC
391,2024-09-23 07:08:19+00:00,11.6,125.57,33,2.4,013 km N 35° E of Maydolong (Eastern Samar),Ms,TECTONIC
392,2024-09-23 06:58:37+00:00,18.7,120.93,4,2.3,016 km N 25° W of Santa Praxedes (Cagayan),Ms,TECTONIC
393,2024-09-23 06:23:14+00:00,18.0,120.75,10,2.8,009 km S 58° E of Marcos (Ilocos Norte),Ms,TECTONIC
394,2024-09-23 06:00:12+00:00,8.1,126.75,18,2.0,037 km N 80° E of Lingig (Surigao Del Sur),Ms,TECTONIC
395,2024-09-23 05:36:00+00:00,11.53,125.77,9,3.1,027 km N 40° E of Hernani (Eastern Samar),Ms,TECTONIC
396,2024-09-23 01:48:37+00:00,5.89,124.45,36,4.4,019 km S 15° W of Maitum (Sarangani),Ms,TECTONIC
397,2024-09-23 01:07:01+00:00,15.95,120.71,24,2.2,003 km S 12° E of Santa Maria (Pangasinan),Ms,TECTONIC
398,2024-09-23 00:17:00+00:00,9.59,126.06,28,2.5,011 km S 71° E of Socorro (Surigao Del Norte),Ms,TECTONIC
399,2024-09-22 23:33:01+00:00,11.83,125.53,35,1.8,008 km N 80° E of Sulat (Eastern Samar),Ms,TECTONIC
400,2024-09-22 23:06:16+00:00,8.1,126.8,20,2.8,043 km N 82° E of Lingig (Surigao Del Sur),Ms,TECTONIC
401,2024-09-22 22:43:44+00:00,12.52,123.59,7,2.8,011 km N 62° E of Baleno (Masbate),Ms,TECTONIC
402,2024-09-22 21:18:18+00:00,7.06,126.71,89,2.7,025 km S 48° E of Manay (Davao Oriental),Ms,TECTONIC
403,2024-09-22 20:36:50+00:00,9.83,122.42,30,2.5,007 km N 10° W of City Of Sipalay (Negros Occidental),Ms,TECTONIC
404,2024-09-22 20:32:22+00:00,4.84,124.18,33,2.9,136 km S 21° W of Kiamba (Sarangani),Ms,TECTONIC
405,2024-09-22 20:14:00+00:00,8.08,126.91,15,2.9,055 km N 85° E of Lingig (Surigao Del Sur),unspecified,unspecified
406,2024-09-22 20:00:37+00:00,12.55,123.62,6,2.0,015 km N 57° E of Baleno (Masbate),Ms,TECTONIC
407,2024-09-22 19:40:34+00:00,13.93,120.57,81,2.3,013 km N 31° W of Calatagan (Batangas),Ms,TECTONIC
408,2024-09-22 19:37:34+00:00,8.13,126.98,7,3.5,063 km N 81° E of Lingig (Surigao Del Sur),Ms,TECTONIC
409,2024-09-22 18:09:33+00:00,15.55,119.92,41,2.1,005 km N 71° W of Masinloc (Zambales),Ms,TECTONIC
410,2024-09-22 18:06:23+00:00,9.48,126.92,28,2.4,083 km N 74° E of Cortes (Surigao Del Sur),Ms,TECTONIC
411,2024-09-22 18:01:59+00:00,13.69,120.55,34,1.4,019 km S 29° W of Calatagan (Batangas),Ms,TECTONIC
412,2024-09-22 17:13:35+00:00,12.55,123.61,6,1.6,015 km N 54° E of Baleno (Masbate),Ms,TECTONIC
413,2024-09-22 16:36:51+00:00,13.59,123.03,27,1.5,006 km S 88° W of Pamplona (Camarines Sur),Ms,TECTONIC
414,2024-09-22 16:07:42+00:00,12.55,123.61,4,1.9,015 km N 56° E of Baleno (Masbate),Ms,TECTONIC
415,2024-09-22 15:46:44+00:00,8.83,127.16,16,3.5,095 km S 84° E of Cagwait (Surigao Del Sur),Ms,TECTONIC
416,2024-09-22 15:33:34+00:00,12.94,124.89,15,2.0,042 km N 05° W of Pambujan (Northern Samar),Ms,TECTONIC
417,2024-09-22 15:13:00+00:00,13.5,120.08,14,2.3,042 km N 78° W of Paluan (Occidental Mindoro),Ms,TECTONIC
418,2024-09-22 15:11:43+00:00,13.02,120.96,1,2.4,027 km S 74° E of Santa Cruz (Occidental Mindoro),Ms,TECTONIC
419,2024-09-22 14:51:55+00:00,13.21,125.63,50,2.8,091 km N 27° E of Mapanas (Northern Samar),Ms,TECTONIC
420,2024-09-22 14:48:54+00:00,13.85,120.6,97,1.7,004 km N 64° W of Calatagan (Batangas),Ms,TECTONIC
421,2024-09-22 14:25:49+00:00,5.95,126.91,9,2.2,121 km S 50° E of Governor Generoso (Davao Oriental),Ms,TECTONIC
422,2024-09-22 14:17:44+00:00,8.29,126.42,26,2.4,013 km S 46° E of Hinatuan (Surigao Del Sur),Ms,TECTONIC
423,2024-09-22 14:10:34+00:00,9.83,122.24,23,2.0,045 km S 89° W of Candoni (Negros Occidental),Ms,TECTONIC
424,2024-09-22 14:07:34+00:00,8.84,126.39,13,2.3,011 km N 65° E of Marihatag (Surigao Del Sur),Ms,TECTONIC
425,2024-09-22 10:20:48+00:00,13.74,120.62,98,1.8,010 km S 09° W of Calatagan (Batangas),Ms,TECTONIC
426,2024-09-22 09:00:35+00:00,6.66,126.55,203,2.7,044 km S 14° E of Tarragona (Davao Oriental),Ms,TECTONIC
427,2024-09-22 08:22:42+00:00,5.66,127.19,136,3.5,166 km S 48° E of Governor Generoso (Davao Oriental),Ms,TECTONIC
428,2024-09-22 07:31:32+00:00,13.92,120.46,225,4.0,021 km N 61° W of Calatagan (Batangas),Ms,TECTONIC
429,2024-09-22 04:38:12+00:00,7.69,126.38,3,2.2,014 km S 37° W of Cateel (Davao Oriental),Ms,TECTONIC
430,2024-09-22 04:27:58+00:00,17.64,122.22,25,1.8,028 km N 05° W of Maconacon (Isabela),Ms,TECTONIC
431,2024-09-22 04:20:39+00:00,8.77,126.55,28,2.8,027 km S 84° E of Marihatag (Surigao Del Sur),Ms,TECTONIC
432,2024-09-22 03:52:57+00:00,9.35,124.29,541,3.7,029 km S 01° W of Garcia Hernandez (Bohol),Ms,TECTONIC
433,2024-09-22 03:44:24+00:00,8.12,126.74,33,2.2,037 km N 75° E of Lingig (Surigao Del Sur),Ms,TECTONIC
434,2024-09-22 03:22:42+00:00,8.36,126.65,28,2.4,034 km S 89° E of Hinatuan (Surigao Del Sur),Ms,TECTONIC
435,2024-09-22 03:06:37+00:00,9.96,126.04,12,2.5,003 km N 86° E of San Benito (Surigao Del Norte),Ms,TECTONIC
436,2024-09-22 02:26:34+00:00,8.3,127.5,5,3.3,122 km N 77° E of Lingig (Surigao Del Sur),Ms,TECTONIC
437,2024-09-22 01:11:53+00:00,7.83,126.73,33,1.7,030 km N 82° E of Cateel (Davao Oriental),Ms,TECTONIC
438,2024-09-21 23:09:17+00:00,8.89,122.11,35,3.9,082 km S 45° W of Basay (Negros Oriental),Ms,TECTONIC
439,2024-09-21 21:49:19+00:00,8.14,124.53,11,3.0,013 km S 38° W of Talakag (Bukidnon),Ms,TECTONIC
440,2024-09-21 21:17:43+00:00,8.42,126.85,6,2.2,057 km N 84° E of Hinatuan (Surigao Del Sur),Ms,TECTONIC
441,2024-09-21 20:50:45+00:00,5.85,126.08,69,2.8,049 km S 82° E of Jose Abad Santos (Davao Occidental),Ms,TECTONIC
442,2024-09-21 19:49:52+00:00,8.08,127.32,1,2.9,100 km N 88° E of Lingig (Surigao Del Sur),Ms,TECTONIC
443,2024-09-21 19:39:14+00:00,13.72,120.62,98,1.9,012 km S 04° W of Calatagan (Batangas),Ms,TECTONIC
444,2024-09-21 19:37:34+00:00,13.6,123.09,1,2.2,001 km N 21° E of Pamplona (Camarines Sur),Ms,TECTONIC
445,2024-09-21 19:09:29+00:00,10.7,125.31,6,2.8,025 km N 40° E of Silago (Southern Leyte),Ms,TECTONIC
446,2024-09-21 18:32:39+00:00,6.53,126.15,34,2.3,016 km S 32° E of Governor Generoso (Davao Oriental),Ms,TECTONIC
447,2024-09-21 18:23:56+00:00,10.34,126.32,1,2.2,044 km N 37° E of Burgos (Surigao Del Norte),Ms,TECTONIC
448,2024-09-21 18:03:38+00:00,19.11,121.89,3,2.5,022 km N 07° E of Camiguin Island (Calayan) (Cagayan),Ms,TECTONIC
449,2024-09-21 17:26:30+00:00,14.27,119.96,30,2.9,049 km N 21° W of Lubang (Occidental Mindoro),Ms,TECTONIC
450,2024-09-21 17:25:18+00:00,8.99,126.86,1,2.1,062 km N 83° E of Cagwait (Surigao Del Sur),Ms,TECTONIC
451,2024-09-21 17:19:00+00:00,10.01,126.16,17,3.1,009 km S 86° E of Burgos (Surigao Del Norte),Ms,TECTONIC
452,2024-09-21 17:08:24+00:00,8.74,126.65,15,2.4,039 km S 80° E of Marihatag (Surigao Del Sur),Ms,TECTONIC
453,2024-09-21 17:06:56+00:00,6.46,126.32,21,1.9,035 km S 51° E of Governor Generoso (Davao Oriental),Ms,TECTONIC
454,2024-09-21 16:54:47+00:00,10.07,126.06,15,1.6,006 km N 12° W of Burgos (Surigao Del Norte),Ms,TECTONIC
455,2024-09-21 16:52:18+00:00,9.51,125.5,11,1.5,004 km S 40° W of Mainit (Surigao Del Norte),Ms,TECTONIC
456,2024-09-21 16:50:50+00:00,10.04,126.07,16,1.2,003 km N 22° W of Burgos (Surigao Del Norte),Ms,TECTONIC
457,2024-09-21 16:10:10+00:00,7.86,122.98,32,1.3,007 km N 78° W of Bayog (Zamboanga Del Sur),Ms,TECTONIC
458,2024-09-21 16:10:09+00:00,19.14,121.32,16,2.1,013 km N 74° E of Dalupiri Island (Calayan) (Cagayan),Ms,TECTONIC
459,2024-09-21 15:48:38+00:00,8.27,125.99,33,1.6,010 km N 06° W of Bunawan (Agusan Del Sur),Ms,TECTONIC
460,2024-09-21 13:11:39+00:00,10.51,125.3,191,2.5,015 km S 84° E of Silago (Southern Leyte),Ms,TECTONIC
461,2024-09-21 12:52:25+00:00,13.72,120.66,86,1.4,013 km S 11° E of Calatagan (Batangas),Ms,TECTONIC
462,2024-09-21 11:56:29+00:00,16.77,120.26,33,1.8,012 km N 63° W of Bacnotan (La Union),Ms,TECTONIC
463,2024-09-21 10:39:36+00:00,12.51,125.76,31,2.1,046 km N 37° E of San Policarpo (Eastern Samar),Ms,TECTONIC
464,2024-09-21 09:57:39+00:00,8.5,126.74,1,2.1,047 km N 72° E of Hinatuan (Surigao Del Sur),Ms,TECTONIC
465,2024-09-21 09:38:47+00:00,6.49,126.21,30,1.8,024 km S 41° E of Governor Generoso (Davao Oriental),Ms,TECTONIC
466,2024-09-21 09:36:13+00:00,17.27,120.76,13,2.1,004 km N 70° E of Tubo (Abra),Ms,TECTONIC
467,2024-09-21 09:28:33+00:00,15.76,121.75,23,1.5,020 km N 88° E of Baler (Aurora),Ms,TECTONIC
468,2024-09-21 09:16:41+00:00,14.0,120.53,112,1.8,013 km S 74° W of Lian (Batangas),Ms,TECTONIC
469,2024-09-21 09:11:41+00:00,16.73,121.13,32,2.1,007 km S 41° E of Kiangan (Ifugao),Ms,TECTONIC
470,2024-09-21 08:21:38+00:00,10.27,126.08,27,2.3,028 km N 02° E of Burgos (Surigao Del Norte),Ms,TECTONIC
471,2024-09-21 07:30:48+00:00,4.66,125.58,192,2.6,085 km S 12° E of Balut Island (Municipality Of Sarangani) (Davao Occidental),Ms,TECTONIC
472,2024-09-21 07:26:20+00:00,17.52,120.74,5,2.4,004 km S 47° E of Bucay (Abra),Ms,TECTONIC
473,2024-09-21 06:35:52+00:00,6.62,125.21,4,2.5,006 km N 89° W of Kiblawan (Davao Del Sur),Ms,TECTONIC
474,2024-09-21 06:20:23+00:00,8.19,125.63,33,1.6,021 km S 63° W of La Paz (Agusan Del Sur),Ms,TECTONIC
475,2024-09-21 04:54:30+00:00,16.68,120.95,31,1.9,002 km N 83° E of Tinoc (Ifugao),Ms,TECTONIC
476,2024-09-21 03:51:34+00:00,8.93,126.51,19,3.2,023 km N 86° E of Cagwait (Surigao Del Sur),Ms,TECTONIC
477,2024-09-21 03:42:44+00:00,13.99,120.54,112,1.4,014 km S 49° W of Nasugbu (Batangas),Ms,TECTONIC
478,2024-09-21 02:57:53+00:00,20.25,121.99,2,2.6,014 km S 24° E of Uyugan (Batanes),Ms,TECTONIC
479,2024-09-21 01:28:49+00:00,9.19,126.66,3,2.3,048 km N 60° E of Bayabas (Surigao Del Sur),Ms,TECTONIC
480,2024-09-21 01:00:54+00:00,6.92,125.56,27,2.5,019 km N 60° E of Santa Cruz (Davao Del Sur),Ms,TECTONIC
481,2024-09-21 00:56:49+00:00,9.94,124.25,3,2.5,003 km S 71° E of Danao (Bohol),Ms,TECTONIC
482,2024-09-21 00:28:02+00:00,11.33,121.98,8,3.0,008 km N 53° W of Tibiao (Antique),Ms,TECTONIC
483,2024-09-20 23:40:45+00:00,13.73,120.59,85,2.0,012 km S 22° W of Calatagan (Batangas),Ms,TECTONIC
484,2024-09-20 22:57:31+00:00,8.84,123.26,5,2.2,030 km S 13° E of Zamboanguita (Negros Oriental),Ms,TECTONIC
485,2024-09-20 22:36:53+00:00,15.93,119.77,26,2.6,014 km S 59° W of Dasol (Pangasinan),Ms,TECTONIC
486,2024-09-20 21:42:37+00:00,12.0,124.97,3,2.3,009 km S 46° W of San Jose De Buan (Samar),Ms,TECTONIC
487,2024-09-20 21:39:05+00:00,9.06,122.65,33,2.2,038 km S 02° E of Basay (Negros Oriental),Ms,TECTONIC
488,2024-09-20 21:32:04+00:00,9.72,125.47,30,2.0,008 km S 15° W of City Of Surigao (Surigao Del Norte),Ms,TECTONIC
489,2024-09-20 21:17:36+00:00,15.14,121.92,1,3.0,025 km N 26° E of Panukulan (Quezon),Ms,TECTONIC
490,2024-09-20 21:08:27+00:00,8.01,126.67,19,1.7,029 km S 84° E of Lingig (Surigao Del Sur),Ms,TECTONIC
491,2024-09-20 20:31:21+00:00,14.03,120.41,111,2.9,024 km S 79° W of Nasugbu (Batangas),Ms,TECTONIC
492,2024-09-20 19:51:36+00:00,10.19,122.42,7,1.9,033 km N 44° W of Cauayan (Negros Occidental),Ms,TECTONIC
493,2024-09-20 19:34:28+00:00,10.7,122.73,62,1.9,009 km N 85° E of Buenavista (Guimaras),Ms,TECTONIC
494,2024-09-20 19:31:32+00:00,7.91,126.38,107,2.5,005 km N 07° E of Boston (Davao Oriental),Ms,TECTONIC
495,2024-09-20 19:13:19+00:00,11.68,125.61,1,2.1,018 km S 65° E of San Julian (Eastern Samar),Ms,TECTONIC
496,2024-09-20 18:33:03+00:00,9.15,126.08,119,2.5,009 km S 12° E of Lanuza (Surigao Del Sur),Ms,TECTONIC
497,2024-09-20 18:02:53+00:00,9.14,126.7,21,2.0,049 km N 68° E of Bayabas (Surigao Del Sur),Ms,TECTONIC
498,2024-09-20 16:48:36+00:00,15.48,121.74,17,1.8,035 km S 41° E of San Luis (Aurora),Ms,TECTONIC
499,2024-09-20 16:40:39+00:00,10.46,123.1,9,3.7,015 km N 59° W of City Of Canlaon (Negros Oriental),ML,VOLCANO-TECTONIC
500,2024-09-20 16:39:57+00:00,10.47,123.11,7,3.5,015 km N 52° W of City Of Canlaon (Negros Oriental),ML,TECTONIC
501,2024-09-20 16:37:18+00:00,13.26,122.24,11,2.2,018 km S 68° E of Torrijos (Marinduque),Ms,TECTONIC
502,2024-09-20 16:08:51+00:00,14.16,120.3,106,1.8,037 km S 35° W of Mariveles (Bataan),Ms,TECTONIC
503,2024-09-20 16:07:57+00:00,10.24,126.61,3,2.4,064 km N 68° E of Burgos (Surigao Del Norte),Ms,TECTONIC
504,2024-09-20 16:00:50+00:00,10.92,125.42,11,2.0,022 km S 10° E of Balangiga (Eastern Samar),Ms,TECTONIC
505,2024-09-20 15:54:50+00:00,14.07,120.45,197,2.6,020 km S 89° W of Nasugbu (Batangas),Ms,TECTONIC
506,2024-09-20 15:44:13+00:00,7.26,123.31,21,2.0,021 km S 01° W of Pitogo (Zamboanga Del Sur),Ms,TECTONIC
507,2024-09-20 14:24:33+00:00,8.78,126.4,25,1.9,012 km S 77° E of Marihatag (Surigao Del Sur),Ms,TECTONIC
508,2024-09-20 14:17:21+00:00,6.59,125.2,5,2.1,008 km S 57° W of Kiblawan (Davao Del Sur),Ms,TECTONIC
509,2024-09-20 13:52:52+00:00,13.59,123.1,6,1.6,002 km S 76° E of Pamplona (Camarines Sur),Ms,TECTONIC
510,2024-09-20 12:23:10+00:00,8.2,126.87,2,2.2,053 km N 71° E of Lingig (Surigao Del Sur),Ms,TECTONIC
511,2024-09-20 11:25:24+00:00,6.69,123.83,1,2.7,027 km N 78° W of Lebak (Sultan Kudarat),Ms,TECTONIC
512,2024-09-20 09:41:12+00:00,8.02,126.88,11,1.7,052 km S 88° E of Lingig (Surigao Del Sur),Ms,TECTONIC
513,2024-09-20 09:08:41+00:00,14.36,123.66,1,2.0,053 km N 05° W of Garchitorena (Camarines Sur),Ms,TECTONIC
514,2024-09-20 08:53:51+00:00,8.98,126.31,41,3.1,003 km N 68° E of Bayabas (Surigao Del Sur),Ms,TECTONIC
515,2024-09-20 07:06:08+00:00,16.29,122.01,22,1.8,013 km N 85° W of Casiguran (Aurora),Ms,TECTONIC
516,2024-09-20 06:40:23+00:00,18.26,120.85,58,3.5,014 km N 13° E of Carasi (Ilocos Norte),Ms,TECTONIC
517,2024-09-20 05:25:50+00:00,16.52,121.01,9,2.3,002 km S 64° W of Ambaguio (Nueva Vizcaya),Ms,TECTONIC
518,2024-09-20 05:07:50+00:00,16.5,120.92,8,1.7,010 km N 81° E of Bokod (Benguet),Ms,TECTONIC
519,2024-09-20 02:49:43+00:00,13.51,120.68,1,2.2,009 km N 37° W of Abra De Ilog (Occidental Mindoro),Ms,TECTONIC
520,2024-09-20 01:13:48+00:00,9.57,125.99,10,2.1,006 km S 29° E of Socorro (Surigao Del Norte),Ms,TECTONIC
521,2024-09-20 00:35:14+00:00,12.16,120.44,12,2.3,031 km N 55° E of Coron (Palawan),Ms,TECTONIC
522,2024-09-20 00:23:45+00:00,13.62,120.61,74,1.4,023 km N 34° W of Abra De Ilog (Occidental Mindoro),Ms,TECTONIC
523,2024-09-20 00:14:59+00:00,15.53,120.67,10,2.4,005 km S 16° W of Victoria (Tarlac),Ms,TECTONIC
524,2024-09-19 23:54:33+00:00,9.26,125.6,5,2.7,005 km S 84° E of Santiago (Agusan Del Norte),Ms,TECTONIC
525,2024-09-19 23:22:02+00:00,15.11,119.86,32,2.0,023 km N 77° W of San Felipe (Zambales),Ms,TECTONIC
526,2024-09-19 22:04:44+00:00,6.84,126.86,2,2.0,051 km S 63° E of Tarragona (Davao Oriental),Ms,TECTONIC
527,2024-09-19 21:59:52+00:00,7.0,127.27,14,2.5,084 km S 74° E of Manay (Davao Oriental),Ms,TECTONIC
528,2024-09-19 21:51:53+00:00,15.68,120.8,22,1.7,004 km N 60° E of Guimba (Nueva Ecija),Ms,TECTONIC
529,2024-09-19 21:50:21+00:00,13.15,124.05,11,2.3,010 km S 64° W of Rapu-rapu (Albay),Ms,TECTONIC
530,2024-09-19 20:34:49+00:00,8.05,126.76,23,1.8,038 km N 88° E of Lingig (Surigao Del Sur),Ms,TECTONIC
531,2024-09-19 20:04:17+00:00,16.46,122.3,18,2.5,008 km S 33° E of Dinapigue (Isabela),Ms,TECTONIC
532,2024-09-19 19:39:38+00:00,9.77,122.35,16,1.8,009 km N 88° W of City Of Sipalay (Negros Occidental),Ms,TECTONIC
533,2024-09-19 19:34:02+00:00,9.0,126.02,35,1.6,018 km S 62° W of City Of Tandag (Surigao Del Sur),Ms,TECTONIC
534,2024-09-19 18:30:03+00:00,9.5,125.63,18,2.6,007 km N 58° E of Alegria (Surigao Del Norte),Ms,TECTONIC
535,2024-09-19 17:52:48+00:00,9.18,126.02,9,2.8,006 km S 03° E of Carmen (Surigao Del Sur),Ms,TECTONIC
536,2024-09-19 17:39:46+00:00,13.77,120.84,125,2.6,012 km N 81° W of Mabini (Batangas),Ms,TECTONIC
537,2024-09-19 17:17:53+00:00,13.29,120.15,23,2.8,037 km S 68° W of Paluan (Occidental Mindoro),Ms,TECTONIC
538,2024-09-19 16:58:14+00:00,8.85,126.63,33,1.7,037 km S 78° E of Cagwait (Surigao Del Sur),Ms,TECTONIC
539,2024-09-19 16:50:37+00:00,14.07,123.29,1,2.7,006 km N 31° E of Siruma (Camarines Sur),Ms,TECTONIC
540,2024-09-19 16:43:02+00:00,6.59,124.3,34,1.7,015 km N 09° W of Senator Ninoy Aquino (Sultan Kudarat),Ms,TECTONIC
541,2024-09-19 16:37:10+00:00,9.28,122.97,8,1.4,013 km S 61° E of Santa Catalina (Negros Oriental),Ms,TECTONIC
542,2024-09-19 16:23:40+00:00,7.45,125.18,28,1.9,012 km N 27° E of Arakan (Cotabato),Ms,TECTONIC
543,2024-09-19 14:52:01+00:00,6.0,125.46,46,3.1,022 km N 63° W of Jose Abad Santos (Davao Occidental),Ms,TECTONIC
544,2024-09-19 13:46:49+00:00,10.47,125.1,1,2.3,009 km S 45° W of Silago (Southern Leyte),Ms,TECTONIC
545,2024-09-19 12:41:10+00:00,8.54,126.29,29,1.9,016 km N 58° E of Tagbina (Surigao Del Sur),Ms,TECTONIC
546,2024-09-19 12:30:40+00:00,9.89,126.23,27,1.7,015 km N 34° E of General Luna (Surigao Del Norte),Ms,TECTONIC
547,2024-09-19 12:24:00+00:00,9.23,123.16,13,2.5,011 km S 58° W of Valencia (Negros Oriental),Ms,TECTONIC
548,2024-09-19 10:46:56+00:00,8.96,126.48,23,1.9,020 km N 78° E of Cagwait (Surigao Del Sur),Ms,TECTONIC
549,2024-09-19 10:29:38+00:00,11.3,124.59,4,2.2,005 km N 85° W of Capoocan (Leyte),Ms,TECTONIC
550,2024-09-19 10:18:01+00:00,12.24,120.48,4,2.2,040 km N 48° E of Coron (Palawan),Ms,TECTONIC
551,2024-09-19 10:00:15+00:00,14.87,122.73,34,1.9,047 km N 65° E of Jomalig (Quezon),Ms,TECTONIC
552,2024-09-19 09:30:44+00:00,10.41,123.2,5,1.8,003 km N 36° W of City Of Canlaon (Negros Oriental),ML,VOLCANO-TECTONIC
553,2024-09-19 07:35:15+00:00,7.07,126.99,20,2.2,052 km S 72° E of Manay (Davao Oriental),Ms,TECTONIC
554,2024-09-19 07:10:24+00:00,8.03,125.97,23,2.2,004 km S 19° E of Veruela (Agusan Del Sur),Ms,TECTONIC
555,2024-09-19 06:37:38+00:00,9.74,126.16,33,1.7,004 km S 01° W of General Luna (Surigao Del Norte),Ms,TECTONIC
556,2024-09-19 06:27:00+00:00,8.2,126.85,1,2.1,051 km N 69° E of Lingig (Surigao Del Sur),Ms,TECTONIC
557,2024-09-19 05:28:53+00:00,5.53,126.36,1,3.1,090 km S 61° E of Jose Abad Santos (Davao Occidental),Ms,TECTONIC
558,2024-09-19 05:23:11+00:00,5.49,126.39,4,2.8,095 km S 61° E of Jose Abad Santos (Davao Occidental),Ms,TECTONIC
559,2024-09-19 04:18:46+00:00,6.57,126.38,1,2.1,035 km S 75° E of Governor Generoso (Davao Oriental),Ms,TECTONIC
560,2024-09-19 04:16:11+00:00,8.04,124.27,31,1.5,001 km East of Piagapo (Lanao Del Sur),Ms,TECTONIC
561,2024-09-19 04:10:44+00:00,9.1,126.33,28,1.9,014 km N 50° E of Tago (Surigao Del Sur),Ms,TECTONIC
562,2024-09-19 04:09:17+00:00,6.96,126.91,20,2.0,049 km S 56° E of Manay (Davao Oriental),Ms,TECTONIC
563,2024-09-19 04:05:21+00:00,14.94,122.62,4,3.5,041 km N 50° E of Jomalig (Quezon),Ms,TECTONIC
564,2024-09-19 03:55:26+00:00,13.6,120.73,13,2.0,017 km S 67° W of Tingloy (Batangas),Ms,TECTONIC
565,2024-09-19 02:28:46+00:00,10.66,124.99,32,2.0,010 km S 14° W of Abuyog (Leyte),Ms,TECTONIC
566,2024-09-19 02:26:47+00:00,8.46,126.27,95,2.2,013 km N 36° W of Hinatuan (Surigao Del Sur),Ms,TECTONIC
567,2024-09-19 01:37:55+00:00,17.59,122.34,32,2.6,025 km N 26° E of Maconacon (Isabela),Ms,TECTONIC
568,2024-09-19 00:53:32+00:00,5.75,126.74,34,3.1,123 km S 81° E of Jose Abad Santos (Davao Occidental),Ms,TECTONIC
569,2024-09-18 22:54:00+00:00,16.3,119.91,23,2.5,004 km N 80° W of Anda (Pangasinan),Ms,TECTONIC
570,2024-09-18 22:27:59+00:00,8.83,126.39,8,1.8,011 km N 73° E of Marihatag (Surigao Del Sur),Ms,TECTONIC
571,2024-09-18 21:17:03+00:00,9.52,126.53,9,2.3,046 km N 54° E of Cortes (Surigao Del Sur),Ms,TECTONIC
572,2024-09-18 20:44:51+00:00,11.86,124.15,11,2.5,011 km S 76° E of Pio V. Corpus (Masbate),Ms,TECTONIC
573,2024-09-18 20:08:36+00:00,12.52,123.56,5,2.1,008 km N 50° E of Baleno (Masbate),Ms,TECTONIC
574,2024-09-18 19:47:49+00:00,10.65,125.01,25,1.9,007 km N 45° E of Mahaplag (Leyte),Ms,TECTONIC
575,2024-09-18 19:23:58+00:00,7.99,124.31,11,2.8,003 km S 75° E of City Of Marawi (Lanao Del Sur),Ms,TECTONIC
576,2024-09-18 19:12:35+00:00,12.92,124.23,101,2.1,011 km N 52° E of Barcelona (Sorsogon),Ms,TECTONIC
577,2024-09-18 19:06:11+00:00,8.01,124.32,8,1.9,003 km N 79° E of City Of Marawi (Lanao Del Sur),Ms,TECTONIC
578,2024-09-18 19:05:49+00:00,12.53,123.57,5,2.8,011 km N 50° E of Baleno (Masbate),Ms,TECTONIC
579,2024-09-18 19:00:55+00:00,8.42,126.73,6,1.9,043 km N 83° E of Hinatuan (Surigao Del Sur),Ms,TECTONIC
580,2024-09-18 18:57:29+00:00,7.94,124.28,5,2.9,008 km N 73° E of Balindong (Lanao Del Sur),Ms,TECTONIC
581,2024-09-18 18:37:25+00:00,7.72,124.66,6,2.9,012 km N 38° W of Wao (Lanao Del Sur),Ms,TECTONIC
582,2024-09-18 18:35:59+00:00,10.38,125.12,2,2.2,011 km N 09° W of Saint Bernard (Southern Leyte),Ms,TECTONIC
583,2024-09-18 18:17:21+00:00,8.91,122.62,3,2.2,048 km S 70° W of Siaton (Negros Oriental),Ms,TECTONIC
584,2024-09-18 17:28:22+00:00,15.17,119.76,33,1.6,029 km S 52° W of Iba (Zambales),Ms,TECTONIC
585,2024-09-18 17:27:46+00:00,21.33,121.75,125,2.9,061 km N 09° W of Itbayat (Batanes),Ms,TECTONIC
586,2024-09-18 17:01:00+00:00,6.1,127.02,2,2.7,121 km S 60° E of Governor Generoso (Davao Oriental),Ms,TECTONIC
587,2024-09-18 16:46:49+00:00,9.84,125.46,6,2.5,007 km N 38° W of City Of Surigao (Surigao Del Norte),Ms,TECTONIC
588,2024-09-18 16:19:57+00:00,12.54,123.62,5,1.7,015 km N 59° E of Baleno (Masbate),Ms,TECTONIC
589,2024-09-18 14:27:29+00:00,9.7,122.38,8,2.4,009 km S 35° W of City Of Sipalay (Negros Occidental),Ms,TECTONIC
590,2024-09-18 14:22:35+00:00,9.69,122.18,18,2.2,029 km S 72° W of City Of Sipalay (Negros Occidental),Ms,TECTONIC
591,2024-09-18 12:41:24+00:00,8.81,127.49,18,3.1,131 km S 85° E of Cagwait (Surigao Del Sur),Ms,TECTONIC
592,2024-09-18 12:41:29+00:00,17.51,120.63,7,2.3,006 km S 17° W of Peñarrubia (Abra),Ms,TECTONIC
593,2024-09-18 11:58:43+00:00,8.03,126.42,32,1.4,002 km S 51° E of Lingig (Surigao Del Sur),Ms,TECTONIC
594,2024-09-18 11:52:15+00:00,8.78,126.5,21,2.4,022 km S 86° E of Marihatag (Surigao Del Sur),Ms,TECTONIC
595,2024-09-18 11:44:05+00:00,8.13,126.97,6,2.9,062 km N 81° E of Lingig (Surigao Del Sur),Ms,TECTONIC
596,2024-09-18 11:40:25+00:00,10.17,126.6,1,3.5,060 km N 73° E of Burgos (Surigao Del Norte),Ms,TECTONIC
597,2024-09-18 11:31:54+00:00,8.26,123.25,28,1.5,016 km N 42° W of Dumingag (Zamboanga Del Sur),Ms,TECTONIC
598,2024-09-18 10:15:22+00:00,17.29,120.68,20,1.3,004 km N 56° W of Tubo (Abra),Ms,TECTONIC
599,2024-09-18 09:57:11+00:00,8.8,126.27,32,1.4,003 km N 86° W of Marihatag (Surigao Del Sur),Ms,TECTONIC
600,2024-09-18 09:50:16+00:00,12.61,125.0,21,1.8,005 km N 13° W of Laoang (Northern Samar),Ms,TECTONIC
601,2024-09-18 09:42:09+00:00,10.32,126.25,6,2.3,039 km N 30° E of Burgos (Surigao Del Norte),Ms,TECTONIC
602,2024-09-18 08:46:18+00:00,10.29,126.17,10,2.5,032 km N 20° E of Burgos (Surigao Del Norte),Ms,TECTONIC
603,2024-09-18 05:48:08+00:00,4.78,127.85,29,3.4,274 km S 63° E of Jose Abad Santos (Davao Occidental),Ms,TECTONIC
604,2024-09-18 05:10:08+00:00,6.36,126.95,90,3.0,094 km S 36° E of Tarragona (Davao Oriental),Ms,TECTONIC
605,2024-09-18 04:05:24+00:00,12.22,124.69,26,2.2,011 km S 40° E of Lope De Vega (Northern Samar),Ms,TECTONIC
606,2024-09-18 03:20:55+00:00,16.29,122.26,12,3.0,014 km N 86° E of Casiguran (Aurora),Ms,TECTONIC
607,2024-09-18 02:37:08+00:00,6.95,125.65,30,2.3,016 km S 26° W of Island Garden City Of Samal (Davao Del Norte),Ms,TECTONIC
608,2024-09-18 02:31:42+00:00,10.03,123.15,2,2.8,007 km N 47° W of Jimalalud (Negros Oriental),Ms,TECTONIC
609,2024-09-18 00:31:04+00:00,13.82,120.55,93,1.5,009 km S 83° W of Calatagan (Batangas),Ms,TECTONIC
610,2024-09-17 21:53:49+00:00,14.97,119.97,26,3.2,012 km S 65° W of San Narciso (Zambales),Ms,TECTONIC
611,2024-09-17 21:43:04+00:00,7.55,126.12,14,3.9,002 km S 87° W of New Bataan (Davao De Oro),Ms,TECTONIC
612,2024-09-17 21:42:13+00:00,7.55,126.1,10,1.8,004 km N 88° W of New Bataan (Davao De Oro),Ms,TECTONIC
613,2024-09-17 21:38:33+00:00,7.55,126.08,6,3.3,006 km S 88° W of New Bataan (Davao De Oro),Ms,TECTONIC
614,2024-09-17 20:44:13+00:00,9.95,122.41,16,2.0,020 km N 07° W of City Of Sipalay (Negros Occidental),Ms,TECTONIC
615,2024-09-17 20:21:45+00:00,5.32,125.65,58,2.2,026 km S 50° E of Sarangani Island (Municipality Of Sarangani) (Davao Occidental),Ms,TECTONIC
616,2024-09-17 20:19:29+00:00,14.04,120.51,117,1.6,014 km S 74° W of Nasugbu (Batangas),Ms,TECTONIC
617,2024-09-17 20:13:54+00:00,14.93,121.2,17,1.9,015 km S 74° E of Doña Remedios Trinidad (Bulacan),Ms,TECTONIC
618,2024-09-17 20:00:45+00:00,20.46,121.35,31,2.6,057 km N 76° W of Sabtang (Batanes),Ms,TECTONIC
619,2024-09-17 19:51:58+00:00,6.63,125.9,146,2.0,018 km S 83° W of Governor Generoso (Davao Oriental),Ms,TECTONIC
620,2024-09-17 19:46:02+00:00,8.86,126.22,109,2.1,010 km N 51° W of Marihatag (Surigao Del Sur),Ms,TECTONIC
621,2024-09-17 19:28:07+00:00,11.74,125.6,16,3.0,016 km S 84° E of San Julian (Eastern Samar),Ms,TECTONIC
622,2024-09-17 19:24:24+00:00,12.5,123.58,10,1.6,010 km N 69° E of Baleno (Masbate),Ms,TECTONIC
623,2024-09-17 19:15:34+00:00,14.96,122.55,1,2.0,038 km N 39° E of Jomalig (Quezon),Ms,TECTONIC
624,2024-09-17 19:09:53+00:00,8.12,126.73,21,1.8,036 km N 75° E of Lingig (Surigao Del Sur),Ms,TECTONIC
625,2024-09-17 19:03:15+00:00,6.74,127.0,13,2.6,070 km S 60° E of Tarragona (Davao Oriental),Ms,TECTONIC
626,2024-09-17 18:53:58+00:00,17.56,122.58,40,2.2,040 km N 49° E of Divilacan (Isabela),Ms,TECTONIC
627,2024-09-17 18:12:16+00:00,6.55,126.08,43,2.0,011 km S 02° E of Governor Generoso (Davao Oriental),Ms,TECTONIC
628,2024-09-17 18:11:10+00:00,8.82,126.37,29,2.1,008 km N 71° E of Marihatag (Surigao Del Sur),Ms,TECTONIC
629,2024-09-17 17:31:07+00:00,13.17,124.11,28,1.4,003 km S 34° W of Rapu-rapu (Albay),Ms,TECTONIC
630,2024-09-17 17:29:07+00:00,13.17,124.11,29,1.7,002 km S 44° W of Rapu-rapu (Albay),Ms,TECTONIC
631,2024-09-17 17:16:06+00:00,7.91,126.83,17,2.7,043 km N 72° E of Cateel (Davao Oriental),Ms,TECTONIC
632,2024-09-17 17:14:39+00:00,5.86,126.46,22,3.6,093 km S 66° E of Don Marcelino (Davao Occidental),Ms,TECTONIC
633,2024-09-17 16:22:07+00:00,9.11,126.16,23,1.8,004 km N 16° W of City Of Tandag (Surigao Del Sur),Ms,TECTONIC
634,2024-09-17 15:03:28+00:00,12.5,123.56,11,1.4,007 km N 67° E of Baleno (Masbate),Ms,TECTONIC
635,2024-09-17 15:03:21+00:00,8.01,126.78,25,2.6,041 km S 86° E of Lingig (Surigao Del Sur),Ms,TECTONIC
636,2024-09-17 14:13:33+00:00,10.31,126.06,1,2.6,032 km N 04° W of Burgos (Surigao Del Norte),Ms,TECTONIC
637,2024-09-17 14:00:30+00:00,12.49,123.59,3,1.7,011 km N 78° E of Baleno (Masbate),Ms,TECTONIC
638,2024-09-17 13:46:05+00:00,7.35,126.11,23,2.4,004 km N 20° W of Maragusan (Davao De Oro),Ms,TECTONIC
639,2024-09-17 13:35:09+00:00,15.64,121.12,27,2.1,003 km N 58° W of Bongabon (Nueva Ecija),Ms,TECTONIC
640,2024-09-17 13:15:17+00:00,7.64,124.83,16,2.3,012 km N 89° E of Wao (Lanao Del Sur),Ms,TECTONIC
641,2024-09-17 13:13:53+00:00,12.24,125.11,25,2.6,014 km S 37° E of Las Navas (Northern Samar),Ms,TECTONIC
642,2024-09-17 12:54:57+00:00,12.5,123.58,9,2.4,009 km N 71° E of Baleno (Masbate),Ms,TECTONIC
643,2024-09-17 12:35:34+00:00,11.28,125.23,78,2.2,017 km N 27° W of Lawaan (Eastern Samar),Ms,TECTONIC
644,2024-09-17 12:26:29+00:00,16.16,121.45,16,1.6,018 km S 68° W of Nagtipunan (Quirino),Ms,TECTONIC
645,2024-09-17 12:21:18+00:00,15.46,119.59,21,2.7,035 km N 86° W of Palauig (Zambales),Ms,TECTONIC
646,2024-09-17 12:12:25+00:00,12.52,123.57,7,1.6,010 km N 59° E of Baleno (Masbate),Ms,TECTONIC
647,2024-09-17 12:09:43+00:00,8.7,125.79,11,3.8,005 km S 75° E of City Of Bayugan (Agusan Del Sur),Ms,TECTONIC
648,2024-09-17 12:08:34+00:00,8.69,125.79,10,2.4,005 km S 58° E of City Of Bayugan (Agusan Del Sur),Ms,TECTONIC
649,2024-09-17 12:04:52+00:00,11.68,125.97,12,2.3,054 km N 46° E of Hernani (Eastern Samar),Ms,TECTONIC
650,2024-09-17 11:52:36+00:00,12.52,123.57,6,3.8,010 km N 55° E of Baleno (Masbate),Ms,TECTONIC
651,2024-09-17 11:26:48+00:00,13.25,120.77,109,1.7,019 km N 84° E of Mamburao (Occidental Mindoro),Ms,TECTONIC
652,2024-09-17 11:17:43+00:00,14.25,120.45,105,1.6,021 km S 13° W of Mariveles (Bataan),Ms,TECTONIC
653,2024-09-17 11:07:19+00:00,18.87,120.89,12,2.5,035 km N 35° W of Claveria (Cagayan),Ms,TECTONIC
654,2024-09-17 10:48:58+00:00,17.83,120.77,27,2.1,013 km N 26° W of Tineg (Abra),Ms,TECTONIC
655,2024-09-17 10:34:44+00:00,12.55,123.6,8,3.4,014 km N 51° E of Baleno (Masbate),Ms,TECTONIC
656,2024-09-17 09:41:14+00:00,8.7,127.06,1,1.7,085 km S 83° E of Marihatag (Surigao Del Sur),Ms,TECTONIC
657,2024-09-17 09:30:51+00:00,12.39,123.66,1,1.9,005 km N 62° E of City Of Masbate (Masbate),Ms,TECTONIC
658,2024-09-17 09:07:05+00:00,8.71,127.01,2,2.4,079 km S 83° E of Marihatag (Surigao Del Sur),Ms,TECTONIC
659,2024-09-17 08:17:41+00:00,8.19,126.52,32,1.6,020 km N 35° E of Lingig (Surigao Del Sur),Ms,TECTONIC
660,2024-09-17 08:01:35+00:00,9.35,126.03,9,2.0,006 km N 77° E of Cantilan (Surigao Del Sur),Ms,TECTONIC
661,2024-09-17 06:40:26+00:00,17.5,120.18,1,2.1,022 km S 64° W of Santa Catalina (Ilocos Sur),Ms,TECTONIC
662,2024-09-17 05:58:18+00:00,8.99,126.39,31,2.4,012 km N 51° E of Cagwait (Surigao Del Sur),Ms,TECTONIC
663,2024-09-17 04:13:26+00:00,9.75,126.98,1,4.7,091 km S 88° E of General Luna (Surigao Del Norte),Mw,TECTONIC
664,2024-09-17 03:59:04+00:00,18.85,120.95,7,1.7,030 km N 27° W of Claveria (Cagayan),Ms,TECTONIC
665,2024-09-17 03:31:16+00:00,15.17,120.05,27,1.7,001 km N 52° W of Cabangan (Zambales),Ms,TECTONIC
666,2024-09-17 03:31:11+00:00,10.17,122.36,12,2.6,036 km N 52° W of Cauayan (Negros Occidental),Ms,TECTONIC
667,2024-09-17 02:20:43+00:00,12.51,123.57,8,2.1,009 km N 62° E of Baleno (Masbate),Ms,TECTONIC
668,2024-09-17 01:33:30+00:00,15.01,121.64,32,1.3,021 km N 66° W of Panukulan (Quezon),Ms,TECTONIC
669,2024-09-17 01:08:24+00:00,17.78,120.74,14,1.5,007 km N 33° E of Lagayan (Abra),Ms,TECTONIC
670,2024-09-17 00:38:11+00:00,15.58,119.3,7,2.4,068 km S 86° W of Candelaria (Zambales),Ms,TECTONIC
671,2024-09-16 22:30:55+00:00,12.52,123.56,9,2.4,009 km N 51° E of Baleno (Masbate),Ms,TECTONIC
672,2024-09-16 22:22:34+00:00,12.05,124.87,32,1.4,008 km N 59° E of Gandara (Samar),Ms,TECTONIC
673,2024-09-16 20:57:06+00:00,12.48,123.53,13,1.4,003 km N 68° E of Baleno (Masbate),Ms,TECTONIC
674,2024-09-16 20:50:51+00:00,14.96,122.99,121,1.6,054 km N 04° E of Tinaga Island (Vinzons) (Camarines Norte),Ms,TECTONIC
675,2024-09-16 20:21:27+00:00,12.53,123.71,9,1.7,005 km S 32° W of San Jacinto (Masbate),Ms,TECTONIC
676,2024-09-16 19:38:47+00:00,18.74,121.84,2,2.3,019 km S 09° W of Camiguin Island (Calayan) (Cagayan),Ms,TECTONIC
677,2024-09-16 19:38:25+00:00,8.4,125.96,34,1.4,006 km N 67° W of Rosario (Agusan Del Sur),Ms,TECTONIC
678,2024-09-16 18:59:52+00:00,12.51,123.57,6,2.5,009 km N 62° E of Baleno (Masbate),Ms,TECTONIC
679,2024-09-16 18:58:54+00:00,12.52,123.54,7,1.8,007 km N 43° E of Baleno (Masbate),Ms,TECTONIC
680,2024-09-16 18:34:14+00:00,6.4,125.37,70,2.5,010 km N 79° E of Malungon (Sarangani),Ms,TECTONIC
681,2024-09-16 18:06:41+00:00,5.82,126.35,2,2.5,078 km S 82° E of Jose Abad Santos (Davao Occidental),Ms,TECTONIC
682,2024-09-16 18:04:53+00:00,9.21,126.47,23,3.2,031 km S 76° E of Cortes (Surigao Del Sur),Ms,TECTONIC
683,2024-09-16 17:45:32+00:00,12.51,123.59,5,1.9,011 km N 68° E of Baleno (Masbate),Ms,TECTONIC
684,2024-09-16 17:31:04+00:00,10.77,124.92,4,2.5,003 km S 21° W of Javier (Leyte),Ms,TECTONIC
685,2024-09-16 16:44:11+00:00,9.8,126.13,24,1.8,004 km N 65° W of General Luna (Surigao Del Norte),Ms,TECTONIC
686,2024-09-16 16:38:13+00:00,12.53,123.59,6,1.7,012 km N 57° E of Baleno (Masbate),Ms,TECTONIC
687,2024-09-16 16:33:50+00:00,9.8,125.84,11,2.0,016 km S 63° W of Del Carmen (Surigao Del Norte),Ms,TECTONIC
688,2024-09-16 16:29:28+00:00,11.33,124.59,8,1.6,007 km N 53° W of Capoocan (Leyte),Ms,TECTONIC
689,2024-09-16 15:46:21+00:00,12.53,123.58,4,1.4,011 km N 53° E of Baleno (Masbate),Ms,TECTONIC
690,2024-09-16 15:30:03+00:00,6.06,126.36,102,2.4,073 km S 26° E of Governor Generoso (Davao Oriental),Ms,TECTONIC
691,2024-09-16 15:25:34+00:00,12.54,123.59,6,1.7,013 km N 51° E of Baleno (Masbate),Ms,TECTONIC
692,2024-09-16 15:21:55+00:00,12.52,123.6,4,1.8,013 km N 63° E of Baleno (Masbate),Ms,TECTONIC
693,2024-09-16 15:19:28+00:00,15.4,119.9,33,2.0,004 km S 20° W of Palauig (Zambales),Ms,TECTONIC
694,2024-09-16 15:16:48+00:00,12.54,123.61,4,2.5,015 km N 58° E of Baleno (Masbate),Ms,TECTONIC
695,2024-09-16 15:13:59+00:00,12.52,123.58,4,1.8,011 km N 59° E of Baleno (Masbate),Ms,TECTONIC
696,2024-09-16 15:08:37+00:00,7.99,126.54,25,2.2,015 km S 69° E of Lingig (Surigao Del Sur),Ms,TECTONIC
697,2024-09-16 14:30:31+00:00,9.11,125.86,13,2.6,020 km S 33° W of Madrid (Surigao Del Sur),Ms,TECTONIC
698,2024-09-16 14:13:46+00:00,11.77,124.87,165,2.3,002 km S 62° W of City Of Catbalogan (Samar),Ms,TECTONIC
699,2024-09-16 13:53:35+00:00,10.43,123.15,3,2.5,009 km N 56° W of City Of Canlaon (Negros Oriental),ML,VOLCANO-TECTONIC
700,2024-09-16 13:53:16+00:00,12.56,123.62,7,1.8,010 km S 26° W of Monreal (Masbate),Ms,TECTONIC
701,2024-09-16 13:38:49+00:00,12.49,123.58,8,2.5,009 km N 80° E of Baleno (Masbate),Ms,TECTONIC
702,2024-09-16 13:26:14+00:00,12.56,123.59,9,1.7,014 km N 45° E of Baleno (Masbate),Ms,TECTONIC
703,2024-09-16 13:24:07+00:00,12.55,123.59,7,1.7,013 km N 51° E of Baleno (Masbate),Ms,TECTONIC
704,2024-09-16 13:17:29+00:00,12.53,123.58,4,1.6,011 km N 53° E of Baleno (Masbate),Ms,TECTONIC
705,2024-09-16 13:12:21+00:00,12.54,123.59,7,1.5,013 km N 53° E of Baleno (Masbate),Ms,TECTONIC
706,2024-09-16 13:04:46+00:00,8.33,126.56,32,1.7,025 km S 81° E of Hinatuan (Surigao Del Sur),Ms,TECTONIC
707,2024-09-16 13:02:01+00:00,12.53,123.58,6,1.6,011 km N 55° E of Baleno (Masbate),Ms,TECTONIC
708,2024-09-16 12:45:42+00:00,12.53,123.59,9,1.7,011 km N 58° E of Baleno (Masbate),Ms,TECTONIC
709,2024-09-16 12:37:02+00:00,12.58,123.6,9,1.5,017 km N 43° E of Baleno (Masbate),Ms,TECTONIC
710,2024-09-16 11:43:18+00:00,12.53,123.6,6,2.5,013 km N 62° E of Baleno (Masbate),Ms,TECTONIC
711,2024-09-16 11:37:28+00:00,12.55,123.59,8,3.7,013 km N 50° E of Baleno (Masbate),Ms,TECTONIC
712,2024-09-16 11:25:55+00:00,12.47,123.56,33,1.8,007 km S 87° E of Baleno (Masbate),Ms,TECTONIC
713,2024-09-16 11:23:42+00:00,12.56,123.58,11,1.8,014 km N 42° E of Baleno (Masbate),Ms,TECTONIC
714,2024-09-16 10:58:19+00:00,13.35,120.59,15,1.8,014 km N 02° W of Mamburao (Occidental Mindoro),Ms,TECTONIC
715,2024-09-16 09:56:30+00:00,11.32,125.43,21,2.4,014 km N 56° W of General Macarthur (Eastern Samar),Ms,TECTONIC
716,2024-09-16 07:07:27+00:00,12.57,123.62,2,1.8,017 km N 51° E of Baleno (Masbate),Ms,TECTONIC
717,2024-09-16 06:57:50+00:00,8.0,126.74,17,1.7,036 km S 83° E of Lingig (Surigao Del Sur),Ms,TECTONIC
718,2024-09-16 06:43:49+00:00,16.79,119.79,44,2.3,046 km N 14° W of Bolinao (Pangasinan),Ms,TECTONIC
719,2024-09-16 06:36:19+00:00,10.25,126.51,16,1.8,054 km N 62° E of Burgos (Surigao Del Norte),Ms,TECTONIC
720,2024-09-16 06:12:47+00:00,16.94,119.85,3,2.9,061 km N 05° W of Bolinao (Pangasinan),Ms,TECTONIC
721,2024-09-16 05:59:04+00:00,17.12,119.94,1,1.7,054 km S 85° W of City Of Candon (Ilocos Sur),Ms,TECTONIC
722,2024-09-16 05:41:31+00:00,12.53,123.59,6,3.4,012 km N 56° E of Baleno (Masbate),Ms,TECTONIC
723,2024-09-16 05:17:02+00:00,12.56,123.62,20,1.8,017 km N 55° E of Baleno (Masbate),Ms,TECTONIC
724,2024-09-16 05:13:11+00:00,10.45,125.1,1,2.4,013 km N 61° W of Hinunangan (Southern Leyte),Ms,TECTONIC
725,2024-09-16 05:09:43+00:00,12.49,123.58,5,2.0,010 km N 76° E of Baleno (Masbate),Ms,TECTONIC
726,2024-09-16 05:06:23+00:00,12.49,123.59,8,2.2,011 km N 77° E of Baleno (Masbate),Ms,TECTONIC
727,2024-09-16 04:40:19+00:00,12.4,123.52,31,1.4,008 km S 17° E of Baleno (Masbate),Ms,TECTONIC
728,2024-09-16 04:35:21+00:00,12.41,123.58,32,1.7,012 km S 55° E of Baleno (Masbate),Ms,TECTONIC
729,2024-09-16 04:27:32+00:00,8.87,126.46,8,2.4,019 km S 73° E of Cagwait (Surigao Del Sur),Ms,TECTONIC
730,2024-09-16 04:26:45+00:00,12.52,123.59,6,2.4,012 km N 61° E of Baleno (Masbate),Ms,TECTONIC
731,2024-09-16 04:20:47+00:00,19.32,121.18,1,2.8,024 km N 06° W of Dalupiri Island (Calayan) (Cagayan),Ms,TECTONIC
732,2024-09-16 04:09:32+00:00,12.54,123.57,12,1.8,010 km N 45° E of Baleno (Masbate),Ms,TECTONIC
733,2024-09-16 04:04:15+00:00,12.5,123.55,6,1.5,007 km N 59° E of Baleno (Masbate),Ms,TECTONIC
734,2024-09-16 04:00:14+00:00,10.67,126.04,1,3.0,036 km S 76° E of Homonhon Island (Guiuan) (Eastern Samar),Ms,TECTONIC
735,2024-09-16 03:54:12+00:00,12.5,123.58,7,1.6,009 km N 73° E of Baleno (Masbate),Ms,TECTONIC
736,2024-09-16 03:29:07+00:00,12.51,123.57,10,4.7,008 km N 63° E of Baleno (Masbate),Mw,TECTONIC
737,2024-09-16 03:18:00+00:00,8.02,126.93,18,2.3,057 km S 88° E of Lingig (Surigao Del Sur),Ms,TECTONIC
738,2024-09-16 03:08:31+00:00,8.98,126.27,13,2.3,002 km N 50° W of Bayabas (Surigao Del Sur),Ms,TECTONIC
739,2024-09-16 02:57:28+00:00,7.89,126.54,33,1.5,015 km N 40° E of Cateel (Davao Oriental),Ms,TECTONIC
740,2024-09-16 02:54:54+00:00,8.02,126.7,20,1.7,031 km S 86° E of Lingig (Surigao Del Sur),Ms,TECTONIC
741,2024-09-16 02:43:39+00:00,12.51,123.59,6,2.0,010 km N 69° E of Baleno (Masbate),Ms,TECTONIC
742,2024-09-16 02:42:45+00:00,12.52,123.58,8,3.1,010 km N 55° E of Baleno (Masbate),Ms,TECTONIC
743,2024-09-16 02:40:39+00:00,12.53,123.54,5,3.3,008 km N 39° E of Baleno (Masbate),Ms,TECTONIC
744,2024-09-16 02:17:46+00:00,7.64,126.5,29,2.4,010 km N 46° W of Baganga (Davao Oriental),Ms,TECTONIC
745,2024-09-16 01:50:46+00:00,14.41,119.42,12,2.4,094 km S 51° W of San Antonio (Zambales),Ms,TECTONIC
746,2024-09-16 01:34:06+00:00,15.25,120.32,11,2.4,032 km S 83° E of Botolan (Zambales),ML,VOLCANO-TECTONIC
747,2024-09-16 01:26:42+00:00,14.83,122.61,35,1.6,034 km N 64° E of Jomalig (Quezon),Ms,TECTONIC
748,2024-09-16 01:03:39+00:00,8.42,127.04,5,2.6,078 km N 86° E of Hinatuan (Surigao Del Sur),Ms,TECTONIC
749,2024-09-15 21:54:35+00:00,14.94,122.65,5,3.1,043 km N 52° E of Jomalig (Quezon),Ms,TECTONIC
750,2024-09-15 21:25:43+00:00,11.81,125.27,36,2.2,020 km S 87° W of Sulat (Eastern Samar),Ms,TECTONIC
751,2024-09-15 20:43:54+00:00,7.87,127.01,11,2.2,060 km N 56° E of Baganga (Davao Oriental),Ms,TECTONIC
752,2024-09-15 19:25:28+00:00,16.18,120.19,25,2.5,016 km N 41° E of Sual (Pangasinan),Ms,TECTONIC
753,2024-09-15 19:06:26+00:00,2.54,126.92,137,4.3,358 km S 28° E of Balut Island (Municipality Of Sarangani) (Davao Occidental),Ms,TECTONIC
754,2024-09-15 19:06:20+00:00,8.45,126.79,33,1.8,050 km N 79° E of Hinatuan (Surigao Del Sur),Ms,TECTONIC
755,2024-09-15 18:42:06+00:00,12.25,124.69,80,2.1,009 km S 50° E of Lope De Vega (Northern Samar),Ms,TECTONIC
756,2024-09-15 16:54:52+00:00,9.09,122.37,3,2.9,046 km S 40° W of Basay (Negros Oriental),Ms,TECTONIC
757,2024-09-15 15:40:02+00:00,5.63,126.77,22,4.0,129 km S 76° E of Jose Abad Santos (Davao Occidental),Ms,TECTONIC
758,2024-09-15 14:38:57+00:00,10.39,126.09,6,3.3,042 km N 02° E of Burgos (Surigao Del Norte),Ms,TECTONIC
759,2024-09-15 14:35:58+00:00,14.69,121.94,23,1.8,003 km S 02° W of Polillo (Quezon),Ms,TECTONIC
760,2024-09-15 13:53:11+00:00,14.34,119.94,15,2.3,051 km S 43° W of Morong (Bataan),Ms,TECTONIC
761,2024-09-15 12:59:53+00:00,8.04,127.0,5,3.5,064 km N 90° E of Lingig (Surigao Del Sur),Ms,TECTONIC
762,2024-09-15 12:08:20+00:00,5.82,126.59,5,3.0,105 km S 84° E of Jose Abad Santos (Davao Occidental),Ms,TECTONIC
763,2024-09-15 10:48:01+00:00,7.9,126.51,13,2.1,014 km N 29° E of Cateel (Davao Oriental),Ms,TECTONIC
764,2024-09-15 10:39:17+00:00,8.09,126.69,25,1.8,032 km N 79° E of Lingig (Surigao Del Sur),Ms,TECTONIC
765,2024-09-15 09:29:55+00:00,7.17,126.97,20,2.6,048 km S 69° E of Caraga (Davao Oriental),Ms,TECTONIC
766,2024-09-15 08:12:05+00:00,9.62,126.4,11,2.5,032 km S 55° E of General Luna (Surigao Del Norte),Ms,TECTONIC
767,2024-09-15 02:39:02+00:00,5.91,127.3,1,3.2,157 km S 37° E of Tarragona (Davao Oriental),Ms,TECTONIC
768,2024-09-14 22:27:47+00:00,8.38,126.16,32,2.3,009 km S 03° W of Tagbina (Surigao Del Sur),Ms,TECTONIC
769,2024-09-14 22:13:08+00:00,17.51,120.37,8,2.9,004 km S 19° W of Caoayan (Ilocos Sur),Ms,TECTONIC
770,2024-09-14 22:00:53+00:00,8.59,126.44,23,2.5,027 km N 25° E of Hinatuan (Surigao Del Sur),Ms,TECTONIC
771,2024-09-14 21:15:52+00:00,13.62,120.87,1,2.8,004 km S 08° W of Tingloy (Batangas),Ms,TECTONIC
772,2024-09-14 21:11:31+00:00,13.81,120.9,23,1.9,005 km S 16° W of San Luis (Batangas),Ms,TECTONIC
773,2024-09-14 20:47:05+00:00,5.77,127.17,7,3.2,156 km S 51° E of Governor Generoso (Davao Oriental),Ms,TECTONIC
774,2024-09-14 21:06:38+00:00,7.85,125.61,23,2.2,017 km N 49° W of San Isidro (Davao Del Norte),Ms,TECTONIC
775,2024-09-14 20:40:18+00:00,5.98,127.06,1,4.0,132 km S 56° E of Governor Generoso (Davao Oriental),Ms,TECTONIC
776,2024-09-14 20:26:33+00:00,7.96,125.49,4,3.3,018 km N 74° E of San Fernando (Bukidnon),Ms,TECTONIC
777,2024-09-14 20:09:57+00:00,5.81,127.43,12,3.3,175 km S 38° E of Tarragona (Davao Oriental),Ms,TECTONIC
778,2024-09-14 19:56:32+00:00,8.35,123.39,23,2.5,012 km S 52° W of Mutia (Zamboanga Del Norte),Ms,TECTONIC
779,2024-09-14 19:47:21+00:00,9.67,126.2,34,1.9,013 km S 20° E of General Luna (Surigao Del Norte),Ms,TECTONIC
780,2024-09-14 18:50:12+00:00,17.94,119.64,14,3.6,086 km N 63° W of Santa Catalina (Ilocos Sur),Ms,TECTONIC
781,2024-09-14 18:14:15+00:00,17.93,119.67,10,3.8,083 km N 63° W of Santa Catalina (Ilocos Sur),Ms,TECTONIC
782,2024-09-14 17:19:23+00:00,6.56,124.33,3,2.7,011 km N 07° E of Senator Ninoy Aquino (Sultan Kudarat),Ms,TECTONIC
783,2024-09-14 17:16:38+00:00,18.16,120.56,38,1.4,004 km S 74° W of San Nicolas (Ilocos Norte),Ms,TECTONIC
784,2024-09-14 16:22:48+00:00,9.36,126.07,7,1.5,010 km N 78° E of Cantilan (Surigao Del Sur),Ms,TECTONIC
785,2024-09-14 15:59:44+00:00,7.29,126.7,57,3.1,016 km S 75° E of Caraga (Davao Oriental),Ms,TECTONIC
786,2024-09-14 15:02:07+00:00,9.02,125.28,23,2.0,004 km N 19° W of Carmen (Agusan Del Norte),Ms,TECTONIC
787,2024-09-14 14:25:37+00:00,5.75,127.21,9,3.9,161 km S 52° E of Governor Generoso (Davao Oriental),Ms,TECTONIC
788,2024-09-14 14:23:22+00:00,14.81,119.69,12,2.4,046 km S 71° W of San Antonio (Zambales),Ms,TECTONIC
789,2024-09-14 11:43:50+00:00,7.38,124.24,43,1.8,003 km N 82° W of Parang (Maguindanao Del Norte),Ms,TECTONIC
790,2024-09-14 11:34:39+00:00,17.99,119.67,24,2.9,085 km N 81° W of Sinait (Ilocos Sur),Ms,TECTONIC
791,2024-09-14 11:27:44+00:00,12.98,124.49,24,2.1,033 km S 78° E of Prieto Diaz (Sorsogon),Ms,TECTONIC
792,2024-09-14 11:22:48+00:00,18.34,120.81,28,1.6,016 km S 34° W of Adams (Ilocos Norte),Ms,TECTONIC
793,2024-09-14 10:37:18+00:00,8.33,127.55,3,3.3,129 km N 75° E of Lingig (Surigao Del Sur),Ms,TECTONIC
794,2024-09-14 10:09:54+00:00,8.51,122.54,29,3.1,045 km N 20° W of Liloy (Zamboanga Del Norte),Ms,TECTONIC
795,2024-09-14 09:25:35+00:00,11.95,120.71,10,2.7,059 km S 41° W of San Jose (Occidental Mindoro),Ms,TECTONIC
796,2024-09-14 07:46:30+00:00,11.81,124.2,9,3.0,014 km S 41° W of Almagro (Samar),Ms,TECTONIC
797,2024-09-14 07:37:20+00:00,19.21,121.25,17,3.5,012 km N 22° E of Dalupiri Island (Calayan) (Cagayan),Ms,TECTONIC
798,2024-09-14 07:31:05+00:00,16.15,120.13,15,2.5,010 km N 19° E of Sual (Pangasinan),Ms,TECTONIC
799,2024-09-14 04:23:33+00:00,13.71,120.57,91,1.9,015 km S 25° W of Calatagan (Batangas),Ms,TECTONIC
800,2024-09-14 04:18:27+00:00,13.83,120.55,91,1.8,009 km N 89° W of Calatagan (Batangas),Ms,TECTONIC
801,2024-09-14 03:20:44+00:00,18.81,120.94,1,2.4,026 km N 36° W of Claveria (Cagayan),Ms,TECTONIC
802,2024-09-14 01:30:41+00:00,6.75,125.57,17,1.9,020 km S 61° E of Santa Cruz (Davao Del Sur),Ms,TECTONIC
803,2024-09-13 23:42:32+00:00,5.95,127.21,1,3.2,148 km S 35° E of Tarragona (Davao Oriental),Ms,TECTONIC
804,2024-09-13 23:40:53+00:00,9.94,125.94,28,1.8,008 km N 20° W of Del Carmen (Surigao Del Norte),Ms,TECTONIC
805,2024-09-13 23:15:18+00:00,18.41,120.04,18,2.6,061 km N 82° W of Pasuquin (Ilocos Norte),Ms,TECTONIC
806,2024-09-13 22:19:29+00:00,5.07,126.9,57,3.1,165 km S 74° E of Sarangani Island (Municipality Of Sarangani) (Davao Occidental),Ms,TECTONIC
807,2024-09-13 22:01:47+00:00,17.94,119.55,15,4.0,096 km N 85° W of Sinait (Ilocos Sur),Ms,TECTONIC
808,2024-09-13 21:31:06+00:00,8.49,126.6,11,3.2,032 km N 65° E of Hinatuan (Surigao Del Sur),Ms,TECTONIC
809,2024-09-13 21:05:44+00:00,9.79,126.02,20,1.8,005 km N 39° W of Dapa (Surigao Del Norte),Ms,TECTONIC
810,2024-09-13 21:00:44+00:00,8.06,123.24,12,1.7,009 km N 65° W of Midsalip (Zamboanga Del Sur),Ms,TECTONIC
811,2024-09-13 20:47:55+00:00,8.12,127.22,1,3.4,089 km N 84° E of Lingig (Surigao Del Sur),Ms,TECTONIC
812,2024-09-13 20:31:33+00:00,8.91,126.48,48,2.2,019 km S 88° E of Cagwait (Surigao Del Sur),Ms,TECTONIC
813,2024-09-13 19:09:50+00:00,10.6,124.88,31,1.7,010 km S 88° W of Mahaplag (Leyte),Ms,TECTONIC
814,2024-09-13 18:25:06+00:00,7.73,124.65,11,2.9,007 km S 30° W of Amai Manabilang (Lanao Del Sur),Ms,TECTONIC
815,2024-09-13 17:50:54+00:00,15.24,122.52,8,2.1,063 km N 31° E of Patnanungan (Quezon),Ms,TECTONIC
816,2024-09-13 17:46:29+00:00,13.8,120.59,100,1.9,005 km S 52° W of Calatagan (Batangas),Ms,TECTONIC
817,2024-09-13 17:31:18+00:00,4.64,126.94,37,4.6,187 km S 60° E of Sarangani Island (Municipality Of Sarangani) (Davao Occidental),Ms,TECTONIC
818,2024-09-13 17:04:40+00:00,7.23,125.87,18,2.5,009 km S 09° E of Mabini (Davao De Oro),Ms,TECTONIC
819,2024-09-13 16:27:21+00:00,17.58,120.78,33,1.8,006 km S 55° E of Lagangilang (Abra),Ms,TECTONIC
820,2024-09-13 14:11:43+00:00,9.22,126.44,22,3.1,028 km S 76° E of Cortes (Surigao Del Sur),Ms,TECTONIC
821,2024-09-13 13:33:19+00:00,8.51,126.93,3,3.5,067 km N 76° E of Hinatuan (Surigao Del Sur),Ms,TECTONIC
822,2024-09-13 13:13:33+00:00,8.3,127.23,1,4.1,099 km S 86° E of Hinatuan (Surigao Del Sur),Mw,TECTONIC
823,2024-09-13 12:58:42+00:00,10.78,125.41,5,2.8,034 km N 84° W of Homonhon Island (Guiuan) (Eastern Samar),Ms,TECTONIC
824,2024-09-13 12:02:25+00:00,8.12,126.81,2,2.3,045 km N 79° E of Lingig (Surigao Del Sur),Ms,TECTONIC
825,2024-09-13 08:44:05+00:00,13.83,120.52,65,2.1,013 km S 87° W of Calatagan (Batangas),Ms,TECTONIC
826,2024-09-13 08:26:40+00:00,9.99,125.98,10,2.6,004 km N 47° W of San Benito (Surigao Del Norte),Ms,TECTONIC
827,2024-09-13 07:48:13+00:00,13.41,124.19,51,2.9,020 km S 14° W of Virac (Catanduanes),Ms,TECTONIC
828,2024-09-13 06:33:39+00:00,4.11,126.88,18,5.1,216 km S 48° E of Balut Island (Municipality Of Sarangani) (Davao Occidental),Mw,TECTONIC
829,2024-09-13 06:06:13+00:00,14.36,120.34,90,2.3,018 km S 61° W of Mariveles (Bataan),Ms,TECTONIC
830,2024-09-13 02:37:55+00:00,17.67,122.19,22,3.0,031 km N 09° W of Maconacon (Isabela),Ms,TECTONIC
831,2024-09-13 01:44:45+00:00,9.82,125.69,131,2.7,012 km S 10° E of Cagdianao (Dinagat Islands),Ms,TECTONIC
832,2024-09-13 01:32:29+00:00,17.94,122.22,33,1.8,037 km N 81° E of Baggao (Cagayan),Ms,TECTONIC
833,2024-09-13 00:03:38+00:00,14.98,122.57,1,2.8,040 km N 39° E of Jomalig (Quezon),Ms,TECTONIC
834,2024-09-12 22:26:49+00:00,18.01,119.79,18,3.1,072 km N 77° W of Sinait (Ilocos Sur),Ms,TECTONIC
835,2024-09-12 22:06:45+00:00,18.0,119.55,21,4.2,099 km S 88° W of Currimao (Ilocos Norte),Mw,TECTONIC
836,2024-09-12 22:01:08+00:00,9.46,126.14,20,2.6,021 km N 15° W of Cortes (Surigao Del Sur),Ms,TECTONIC
837,2024-09-12 22:01:55+00:00,13.92,120.47,73,3.0,020 km N 61° W of Calatagan (Batangas),Ms,TECTONIC
838,2024-09-12 21:13:13+00:00,13.85,120.42,67,2.7,023 km N 85° W of Calatagan (Batangas),Ms,TECTONIC
839,2024-09-12 20:20:13+00:00,14.95,121.17,33,1.5,012 km S 81° E of Doña Remedios Trinidad (Bulacan),Ms,TECTONIC
840,2024-09-12 20:19:32+00:00,14.94,121.26,5,2.4,022 km S 81° E of Doña Remedios Trinidad (Bulacan),Ms,TECTONIC
841,2024-09-12 20:13:24+00:00,11.69,125.47,24,1.8,008 km S 09° E of San Julian (Eastern Samar),Ms,TECTONIC
842,2024-09-12 20:02:29+00:00,13.5,121.2,1,2.6,016 km S 03° W of Lobo (Batangas),Ms,TECTONIC
843,2024-09-12 19:23:30+00:00,9.42,122.58,21,2.3,006 km N 81° W of Basay (Negros Oriental),Ms,TECTONIC
844,2024-09-12 18:13:48+00:00,18.1,120.66,21,2.3,004 km S 86° W of Dingras (Ilocos Norte),Ms,TECTONIC
845,2024-09-12 17:48:29+00:00,17.98,119.87,18,2.9,064 km N 84° W of Badoc (Ilocos Norte),Ms,TECTONIC
846,2024-09-12 16:55:34+00:00,6.43,126.37,18,2.5,041 km S 53° E of Governor Generoso (Davao Oriental),Ms,TECTONIC
847,2024-09-12 16:51:20+00:00,17.49,120.91,1,1.9,004 km N 28° W of Daguioman (Abra),Ms,TECTONIC
848,2024-09-12 16:46:07+00:00,10.37,125.14,1,2.8,007 km S 64° W of Hinunangan (Southern Leyte),Ms,TECTONIC
849,2024-09-12 16:05:24+00:00,12.53,123.64,6,1.7,011 km S 64° W of San Jacinto (Masbate),Ms,TECTONIC
850,2024-09-12 15:26:57+00:00,8.27,125.97,9,3.0,013 km S 17° W of Rosario (Agusan Del Sur),Ms,TECTONIC
851,2024-09-12 12:13:46+00:00,6.49,126.87,81,2.5,078 km S 37° E of Tarragona (Davao Oriental),Ms,TECTONIC
852,2024-09-12 12:11:05+00:00,9.04,126.48,25,1.9,023 km N 71° E of Bayabas (Surigao Del Sur),Ms,TECTONIC
853,2024-09-12 11:42:30+00:00,18.37,120.77,2,2.7,016 km N 75° E of Pasuquin (Ilocos Norte),Ms,TECTONIC
854,2024-09-12 11:28:06+00:00,12.28,121.62,54,2.3,031 km S 80° E of Bulalacao (Oriental Mindoro),Ms,TECTONIC
855,2024-09-12 11:26:36+00:00,21.03,121.89,142,4.3,027 km N 10° E of Itbayat (Batanes),Ms,TECTONIC
856,2024-09-12 10:35:02+00:00,16.51,122.22,45,2.2,005 km S 67° W of Dinapigue (Isabela),Ms,TECTONIC
857,2024-09-12 09:55:44+00:00,14.96,122.58,1,2.9,039 km N 42° E of Jomalig (Quezon),Ms,TECTONIC
858,2024-09-12 09:43:26+00:00,8.78,126.64,19,2.1,038 km S 87° E of Marihatag (Surigao Del Sur),Ms,TECTONIC
859,2024-09-12 05:11:46+00:00,9.63,126.11,28,1.5,015 km S 24° E of Dapa (Surigao Del Norte),Ms,TECTONIC
860,2024-09-12 04:42:53+00:00,8.11,126.71,23,2.2,034 km N 77° E of Lingig (Surigao Del Sur),Ms,TECTONIC
861,2024-09-12 02:51:13+00:00,17.43,120.65,9,2.8,003 km S 80° E of Villaviciosa (Abra),Ms,TECTONIC
862,2024-09-12 02:17:20+00:00,7.09,126.6,127,2.9,015 km S 27° E of Manay (Davao Oriental),Ms,TECTONIC
863,2024-09-12 01:35:38+00:00,10.29,126.44,14,2.1,050 km N 53° E of Burgos (Surigao Del Norte),Ms,TECTONIC
864,2024-09-12 01:17:02+00:00,7.82,126.47,26,1.6,004 km N 19° E of Cateel (Davao Oriental),Ms,TECTONIC
865,2024-09-12 00:35:01+00:00,16.4,121.07,32,1.9,004 km N 58° W of Bambang (Nueva Vizcaya),Ms,TECTONIC
866,2024-09-12 00:06:03+00:00,15.06,121.35,20,1.7,033 km N 73° E of Doña Remedios Trinidad (Bulacan),Ms,TECTONIC
867,2024-09-11 23:43:00+00:00,18.49,121.08,6,2.5,013 km S 01° E of Claveria (Cagayan),Ms,TECTONIC
868,2024-09-11 23:05:13+00:00,8.77,124.35,9,2.9,020 km N 18° W of Gitagum (Misamis Oriental),Ms,TECTONIC
869,2024-09-11 22:57:29+00:00,16.5,122.17,14,2.1,010 km S 76° W of Dinapigue (Isabela),Ms,TECTONIC
870,2024-09-11 22:37:46+00:00,8.93,124.38,11,2.7,037 km N 04° W of Gitagum (Misamis Oriental),Ms,TECTONIC
871,2024-09-11 21:42:30+00:00,19.67,120.35,15,3.0,109 km N 55° W of Dalupiri Island (Calayan) (Cagayan),Ms,TECTONIC
872,2024-09-11 21:32:33+00:00,8.07,123.67,4,2.1,007 km N 70° E of Bonifacio (Misamis Occidental),Ms,TECTONIC
873,2024-09-11 21:21:12+00:00,8.49,125.57,62,1.8,018 km S 88° W of San Luis (Agusan Del Sur),Ms,TECTONIC
874,2024-09-11 20:45:17+00:00,6.55,126.21,32,2.0,019 km S 51° E of Governor Generoso (Davao Oriental),Ms,TECTONIC
875,2024-09-11 20:43:49+00:00,8.72,125.92,4,2.2,018 km N 88° E of City Of Bayugan (Agusan Del Sur),Ms,TECTONIC
876,2024-09-11 20:33:06+00:00,6.89,124.3,1,2.2,005 km S 28° W of Datu Anggal Midtimbang (Maguindanao Del Sur),Ms,TECTONIC
877,2024-09-11 20:25:58+00:00,9.23,126.43,14,2.7,027 km S 78° E of Cortes (Surigao Del Sur),Ms,TECTONIC
878,2024-09-11 20:14:51+00:00,7.8,124.71,3,2.9,003 km N 66° E of Amai Manabilang (Lanao Del Sur),Ms,TECTONIC
879,2024-09-11 20:11:35+00:00,8.01,123.69,7,4.2,010 km S 64° E of Bonifacio (Misamis Occidental),Ms,TECTONIC
880,2024-09-11 20:05:27+00:00,10.88,125.14,11,1.2,015 km S 55° E of Dulag (Leyte),Ms,TECTONIC
881,2024-09-11 19:46:53+00:00,8.55,126.54,13,3.6,030 km N 47° E of Hinatuan (Surigao Del Sur),Ms,TECTONIC
882,2024-09-11 19:38:28+00:00,13.21,124.16,35,1.9,004 km N 53° E of Rapu-rapu (Albay),Ms,TECTONIC
883,2024-09-11 19:36:15+00:00,9.06,125.86,30,2.0,024 km N 58° W of San Miguel (Surigao Del Sur),Ms,TECTONIC
884,2024-09-11 18:44:17+00:00,13.08,121.19,25,2.0,014 km S 45° W of Victoria (Oriental Mindoro),Ms,TECTONIC
885,2024-09-11 18:25:06+00:00,10.82,122.67,7,2.2,005 km S 86° W of Dumangas (Iloilo),Ms,TECTONIC
886,2024-09-11 17:46:17+00:00,16.63,122.37,39,1.5,016 km N 44° E of Dinapigue (Isabela),Ms,TECTONIC
887,2024-09-11 16:13:11+00:00,17.91,120.52,3,2.0,005 km S 70° E of Badoc (Ilocos Norte),Ms,TECTONIC
888,2024-09-11 15:28:36+00:00,13.75,120.6,100,1.5,010 km S 19° W of Calatagan (Batangas),Ms,TECTONIC
889,2024-09-11 15:16:11+00:00,13.74,120.62,122,2.0,010 km S 10° W of Calatagan (Batangas),Ms,TECTONIC
890,2024-09-11 14:53:08+00:00,13.86,124.37,13,2.5,009 km N 16° W of Gigmoto (Catanduanes),Ms,TECTONIC
891,2024-09-11 14:24:43+00:00,8.0,126.59,12,2.1,020 km S 78° E of Lingig (Surigao Del Sur),Ms,TECTONIC
892,2024-09-11 14:22:37+00:00,8.52,126.4,29,1.8,019 km N 23° E of Hinatuan (Surigao Del Sur),Ms,TECTONIC
893,2024-09-11 14:12:28+00:00,8.07,126.41,160,2.2,003 km N 04° W of Lingig (Surigao Del Sur),Ms,TECTONIC
894,2024-09-11 13:19:26+00:00,5.58,126.42,1,2.8,093 km S 67° E of Jose Abad Santos (Davao Occidental),Ms,TECTONIC
895,2024-09-11 12:59:52+00:00,9.51,123.09,32,1.9,009 km S 22° W of City Of Bais (Negros Oriental),Ms,TECTONIC
896,2024-09-11 12:35:00+00:00,5.3,126.36,47,3.3,101 km S 79° E of Sarangani Island (Municipality Of Sarangani) (Davao Occidental),Ms,TECTONIC
897,2024-09-11 11:58:27+00:00,16.5,122.23,15,2.1,005 km S 52° W of Dinapigue (Isabela),Ms,TECTONIC
898,2024-09-11 11:40:41+00:00,16.37,122.37,33,1.9,017 km S 82° E of Dilasag (Aurora),Ms,TECTONIC
899,2024-09-11 11:39:00+00:00,10.26,122.85,3,3.0,002 km S 18° W of Hinigaran (Negros Occidental),Ms,TECTONIC
900,2024-09-11 11:17:18+00:00,8.73,123.12,21,2.2,023 km N 09° E of Manukan (Zamboanga Del Norte),Ms,TECTONIC
901,2024-09-11 09:31:37+00:00,8.28,126.98,11,2.8,068 km N 67° E of Lingig (Surigao Del Sur),Ms,TECTONIC
902,2024-09-11 09:21:46+00:00,6.07,126.05,148,2.5,042 km S 70° E of Don Marcelino (Davao Occidental),Ms,TECTONIC
903,2024-09-11 08:36:54+00:00,6.6,126.84,98,2.8,066 km S 41° E of Tarragona (Davao Oriental),Ms,TECTONIC
904,2024-09-11 05:40:48+00:00,12.51,124.94,8,2.4,006 km S 20° E of Pambujan (Northern Samar),Ms,TECTONIC
905,2024-09-11 04:53:30+00:00,16.53,122.2,12,2.5,007 km N 85° W of Dinapigue (Isabela),Ms,TECTONIC
906,2024-09-11 04:48:00+00:00,12.77,124.7,58,1.4,029 km N 12° W of Mondragon (Northern Samar),Ms,TECTONIC
907,2024-09-11 03:36:53+00:00,11.25,125.83,4,3.0,026 km S 66° E of Hernani (Eastern Samar),Ms,TECTONIC
908,2024-09-11 03:08:29+00:00,8.94,126.48,25,3.7,020 km N 85° E of Cagwait (Surigao Del Sur),Ms,TECTONIC
909,2024-09-11 02:56:44+00:00,6.26,125.18,1,1.7,013 km N 70° E of Polomolok (South Cotabato),Ms,TECTONIC
910,2024-09-11 01:31:25+00:00,8.31,126.67,32,2.3,037 km S 81° E of Hinatuan (Surigao Del Sur),Ms,TECTONIC
911,2024-09-11 01:17:21+00:00,17.95,120.0,11,2.4,050 km N 79° W of Sinait (Ilocos Sur),Ms,TECTONIC
912,2024-09-11 00:36:41+00:00,10.41,123.15,7,3.3,008 km N 74° W of City Of Canlaon (Negros Oriental),ML,VOLCANO-TECTONIC
913,2024-09-11 00:04:12+00:00,8.41,127.11,1,3.1,085 km N 87° E of Hinatuan (Surigao Del Sur),Ms,TECTONIC
914,2024-09-10 22:08:28+00:00,8.09,126.99,13,2.5,064 km N 85° E of Lingig (Surigao Del Sur),Ms,TECTONIC
915,2024-09-10 22:03:25+00:00,8.12,126.92,10,2.2,056 km N 81° E of Lingig (Surigao Del Sur),Ms,TECTONIC
916,2024-09-10 22:01:34+00:00,18.88,120.95,31,1.8,033 km N 26° W of Claveria (Cagayan),Ms,TECTONIC
917,2024-09-10 21:58:43+00:00,7.72,122.18,10,2.0,005 km N 69° E of Siocon (Zamboanga Del Norte),Ms,TECTONIC
918,2024-09-10 21:01:20+00:00,8.32,126.54,24,2.0,023 km S 76° E of Hinatuan (Surigao Del Sur),Ms,TECTONIC
919,2024-09-10 20:53:27+00:00,17.94,120.16,20,3.4,033 km N 76° W of Sinait (Ilocos Sur),Ms,TECTONIC
920,2024-09-10 20:49:06+00:00,13.48,120.16,25,2.9,029 km S 20° W of Looc (Occidental Mindoro),Ms,TECTONIC
921,2024-09-10 20:46:55+00:00,10.41,123.16,3,2.5,007 km N 66° W of City Of Canlaon (Negros Oriental),ML,VOLCANO-TECTONIC
922,2024-09-10 20:28:04+00:00,17.94,120.18,18,3.2,030 km N 73° W of Sinait (Ilocos Sur),Ms,TECTONIC
923,2024-09-10 20:25:44+00:00,9.0,126.37,27,2.1,010 km N 70° E of Bayabas (Surigao Del Sur),Ms,TECTONIC
924,2024-09-10 20:20:25+00:00,13.81,120.57,119,2.4,007 km S 68° W of Calatagan (Batangas),Ms,TECTONIC
925,2024-09-10 20:05:27+00:00,5.18,125.41,37,4.0,026 km S 02° W of Balut Island (Municipality Of Sarangani) (Davao Occidental),Ms,TECTONIC
926,2024-09-10 19:25:24+00:00,8.48,126.68,23,2.2,040 km N 72° E of Hinatuan (Surigao Del Sur),Ms,TECTONIC
927,2024-09-10 19:18:21+00:00,9.96,122.02,9,2.3,050 km N 65° W of City Of Sipalay (Negros Occidental),Ms,TECTONIC
928,2024-09-10 19:10:11+00:00,7.83,126.96,2,3.6,053 km N 58° E of Baganga (Davao Oriental),Ms,TECTONIC
929,2024-09-10 19:02:58+00:00,8.12,127.02,18,3.0,068 km N 82° E of Lingig (Surigao Del Sur),Ms,TECTONIC
930,2024-09-10 19:01:15+00:00,8.07,126.57,27,1.9,018 km N 80° E of Lingig (Surigao Del Sur),Ms,TECTONIC
931,2024-09-10 18:43:36+00:00,17.97,121.34,9,1.9,014 km N 05° W of Rizal (Cagayan),Ms,TECTONIC
932,2024-09-10 17:56:49+00:00,8.79,126.42,28,2.3,013 km S 87° E of Marihatag (Surigao Del Sur),Ms,TECTONIC
933,2024-09-10 17:41:39+00:00,15.0,119.74,10,2.7,038 km S 62° W of Cabangan (Zambales),Ms,TECTONIC
934,2024-09-10 17:37:05+00:00,15.11,119.85,19,2.5,022 km S 77° W of Cabangan (Zambales),Ms,TECTONIC
935,2024-09-10 17:35:35+00:00,10.93,126.18,33,3.3,051 km S 77° E of Guiuan (Eastern Samar),Ms,TECTONIC
936,2024-09-10 17:33:06+00:00,8.31,126.66,8,2.2,036 km S 80° E of Hinatuan (Surigao Del Sur),Ms,TECTONIC
937,2024-09-10 16:48:37+00:00,14.97,122.6,1,2.4,042 km N 44° E of Jomalig (Quezon),Ms,TECTONIC
938,2024-09-10 16:44:55+00:00,9.32,125.82,33,2.1,015 km S 70° W of Carrascal (Surigao Del Sur),Ms,TECTONIC
939,2024-09-10 16:29:08+00:00,10.42,123.18,5,2.6,006 km N 46° W of City Of Canlaon (Negros Oriental),ML,VOLCANO-TECTONIC
940,2024-09-10 16:22:40+00:00,14.66,121.77,27,2.2,016 km S 53° E of Infanta (Quezon),Ms,TECTONIC
941,2024-09-10 14:23:18+00:00,12.34,123.8,1,3.1,009 km S 12° E of Batuan (Masbate),Ms,TECTONIC
942,2024-09-10 14:12:23+00:00,13.74,120.65,101,1.8,010 km S 10° E of Calatagan (Batangas),Ms,TECTONIC
943,2024-09-10 13:39:24+00:00,14.04,120.5,114,1.4,014 km S 73° W of Nasugbu (Batangas),Ms,TECTONIC
944,2024-09-10 13:00:41+00:00,10.43,123.16,1,2.7,007 km N 54° W of City Of Canlaon (Negros Oriental),ML,VOLCANO-TECTONIC
945,2024-09-10 12:44:51+00:00,5.04,126.15,103,2.8,087 km S 58° E of Sarangani Island (Municipality Of Sarangani) (Davao Occidental),Ms,TECTONIC
946,2024-09-10 12:30:55+00:00,9.13,126.04,68,2.4,011 km S 16° E of Carmen (Surigao Del Sur),Ms,TECTONIC
947,2024-09-10 12:26:20+00:00,11.77,125.26,31,2.1,021 km N 85° W of San Julian (Eastern Samar),Ms,TECTONIC
948,2024-09-10 11:27:03+00:00,8.08,126.48,30,1.6,009 km N 56° E of Lingig (Surigao Del Sur),Ms,TECTONIC
949,2024-09-10 11:12:06+00:00,9.47,125.49,36,2.2,008 km S 26° W of Mainit (Surigao Del Norte),Ms,TECTONIC
950,2024-09-10 11:07:23+00:00,17.98,121.28,32,1.5,011 km S 62° E of Kabugao (Apayao),Ms,TECTONIC
951,2024-09-10 09:50:14+00:00,13.26,122.24,1,2.3,018 km S 69° E of Torrijos (Marinduque),Ms,TECTONIC
952,2024-09-10 08:56:46+00:00,8.12,126.71,12,1.7,034 km N 74° E of Lingig (Surigao Del Sur),Ms,TECTONIC
953,2024-09-10 08:10:37+00:00,10.47,125.05,1,1.8,012 km N 39° E of Sogod (Southern Leyte),Ms,TECTONIC
954,2024-09-10 07:47:18+00:00,8.33,126.59,26,2.1,028 km S 83° E of Hinatuan (Surigao Del Sur),Ms,TECTONIC
955,2024-09-10 07:02:29+00:00,8.08,126.71,19,2.2,033 km N 81° E of Lingig (Surigao Del Sur),Ms,TECTONIC
956,2024-09-10 06:54:48+00:00,10.42,123.16,3,2.5,008 km N 57° W of City Of Canlaon (Negros Oriental),ML,VOLCANO-TECTONIC
957,2024-09-10 05:52:09+00:00,8.76,126.79,16,2.4,054 km S 86° E of Marihatag (Surigao Del Sur),Ms,TECTONIC
958,2024-09-10 05:51:22+00:00,8.75,126.8,19,1.5,055 km S 84° E of Marihatag (Surigao Del Sur),Ms,TECTONIC
959,2024-09-10 05:50:02+00:00,8.75,126.72,26,2.3,046 km S 83° E of Marihatag (Surigao Del Sur),Ms,TECTONIC
960,2024-09-10 04:53:59+00:00,14.99,122.62,2,1.9,045 km N 43° E of Jomalig (Quezon),Ms,TECTONIC
961,2024-09-10 04:02:28+00:00,7.86,126.45,5,2.4,008 km S 83° E of Boston (Davao Oriental),Ms,TECTONIC
962,2024-09-10 03:31:10+00:00,5.53,126.64,64,3.4,118 km S 69° E of Jose Abad Santos (Davao Occidental),Ms,TECTONIC
963,2024-09-10 03:24:10+00:00,8.58,126.02,20,1.8,009 km S 55° W of Lianga (Surigao Del Sur),Ms,TECTONIC
964,2024-09-10 02:35:30+00:00,16.72,121.11,36,1.6,005 km N 85° E of Asipolo (Ifugao),Ms,TECTONIC
965,2024-09-10 01:48:52+00:00,10.42,123.17,4,2.1,007 km N 55° W of City Of Canlaon (Negros Oriental),ML,VOLCANO-TECTONIC
966,2024-09-10 00:47:54+00:00,8.03,126.38,48,1.8,004 km S 77° W of Lingig (Surigao Del Sur),Ms,TECTONIC
967,2024-09-10 00:40:50+00:00,8.08,126.58,27,1.9,019 km N 77° E of Lingig (Surigao Del Sur),Ms,TECTONIC
968,2024-09-10 00:35:02+00:00,10.42,123.16,4,2.9,007 km N 53° W of City Of Canlaon (Negros Oriental),ML,VOLCANO-TECTONIC
969,2024-09-10 00:33:19+00:00,10.43,123.16,4,2.9,007 km N 53° W of City Of Canlaon (Negros Oriental),ML,VOLCANO-TECTONIC
970,2024-09-10 00:30:54+00:00,17.55,120.77,5,2.0,006 km N 72° E of Bucay (Abra),Ms,TECTONIC
971,2024-09-10 00:09:55+00:00,10.43,123.16,3,3.2,009 km N 52° W of City Of Canlaon (Negros Oriental),ML,VOLCANO-TECTONIC
972,2024-09-09 23:29:18+00:00,11.88,124.09,4,2.4,005 km N 89° E of Pio V. Corpus (Masbate),Ms,TECTONIC
973,2024-09-09 22:49:58+00:00,10.42,123.16,5,2.6,007 km N 56° W of City Of Canlaon (Negros Oriental),ML,VOLCANO-TECTONIC
974,2024-09-09 22:38:14+00:00,17.94,120.21,11,2.2,027 km N 72° W of Sinait (Ilocos Sur),Ms,TECTONIC
975,2024-09-09 22:33:20+00:00,10.42,123.16,4,3.3,007 km N 56° W of City Of Canlaon (Negros Oriental),ML,VOLCANO-TECTONIC
976,2024-09-09 22:12:34+00:00,10.42,123.16,6,3.3,007 km N 59° W of City Of Canlaon (Negros Oriental),ML,VOLCANO-TECTONIC
977,2024-09-09 22:10:26+00:00,10.43,123.16,2,2.6,008 km N 53° W of City Of Canlaon (Negros Oriental),ML,VOLCANO-TECTONIC
978,2024-09-09 22:06:56+00:00,10.42,123.16,3,2.7,007 km N 55° W of City Of Canlaon (Negros Oriental),ML,VOLCANO-TECTONIC
979,2024-09-09 21:56:57+00:00,10.42,123.17,5,3.4,007 km N 55° W of City Of Canlaon (Negros Oriental),ML,VOLCANO-TECTONIC
980,2024-09-09 21:56:12+00:00,10.42,123.17,3,3.7,007 km N 55° W of City Of Canlaon (Negros Oriental),ML,VOLCANO-TECTONIC
981,2024-09-09 21:54:33+00:00,10.43,123.16,3,1.3,008 km N 52° W of City Of Canlaon (Negros Oriental),ML,VOLCANO-TECTONIC
982,2024-09-09 21:38:09+00:00,4.7,126.84,8,3.9,174 km S 60° E of Sarangani Island (Municipality Of Sarangani) (Davao Occidental),Ms,TECTONIC
983,2024-09-09 21:30:05+00:00,10.43,123.17,5,3.4,007 km N 50° W of City Of Canlaon (Negros Oriental),ML,VOLCANO-TECTONIC
984,2024-09-09 21:24:51+00:00,10.43,123.16,3,2.7,008 km N 51° W of City Of Canlaon (Negros Oriental),ML,VOLCANO-TECTONIC
985,2024-09-09 21:17:11+00:00,15.44,119.78,32,1.4,014 km N 86° W of Palauig (Zambales),Ms,TECTONIC
986,2024-09-09 21:15:58+00:00,9.07,126.41,28,1.7,018 km N 53° E of Bayabas (Surigao Del Sur),Ms,TECTONIC
987,2024-09-09 21:11:30+00:00,7.87,126.8,11,1.4,039 km N 77° E of Cateel (Davao Oriental),Ms,TECTONIC
988,2024-09-09 21:05:34+00:00,9.19,126.46,29,2.4,031 km N 38° E of Bayabas (Surigao Del Sur),Ms,TECTONIC
989,2024-09-09 21:01:31+00:00,4.28,126.78,101,5.2,196 km S 50° E of Balut Island (Municipality Of Sarangani) (Davao Occidental),Mw,TECTONIC
990,2024-09-09 20:46:02+00:00,10.43,123.16,4,2.4,007 km N 52° W of City Of Canlaon (Negros Oriental),ML,VOLCANO-TECTONIC
991,2024-09-09 20:45:15+00:00,10.42,123.16,3,3.1,007 km N 58° W of City Of Canlaon (Negros Oriental),ML,VOLCANO-TECTONIC
992,2024-09-09 20:43:53+00:00,10.42,123.17,3,3.1,007 km N 54° W of City Of Canlaon (Negros Oriental),ML,VOLCANO-TECTONIC
993,2024-09-09 20:41:26+00:00,7.86,126.84,12,2.0,043 km N 79° E of Cateel (Davao Oriental),Ms,TECTONIC
994,2024-09-09 20:20:01+00:00,13.02,124.82,23,2.4,052 km N 13° W of Pambujan (Northern Samar),Ms,TECTONIC
995,2024-09-09 20:18:38+00:00,10.43,123.16,3,1.7,008 km N 53° W of City Of Canlaon (Negros Oriental),ML,VOLCANO-TECTONIC
996,2024-09-09 20:00:52+00:00,4.95,125.52,199,3.5,052 km S 12° E of Balut Island (Municipality Of Sarangani) (Davao Occidental),Ms,TECTONIC
997,2024-09-09 19:31:28+00:00,17.97,119.52,21,4.0,099 km N 65° W of Santa Catalina (Ilocos Sur),Ms,TECTONIC
998,2024-09-09 19:16:33+00:00,10.43,123.16,3,2.0,008 km N 55° W of City Of Canlaon (Negros Oriental),ML,VOLCANO-TECTONIC
999,2024-09-09 18:44:36+00:00,8.13,127.05,2,3.6,071 km N 82° E of Lingig (Surigao Del Sur),Ms,TECTONIC
1000,2024-09-09 18:13:44+00:00,13.07,119.55,27,3.1,105 km S 46° W of Looc (Occidental Mindoro),Ms,TECTONIC
1001,2024-09-09 18:11:28+00:00,17.08,120.9,27,1.7,000 km S 75° E of Sagada (Mountain Province),Ms,TECTONIC
1002,2024-09-09 18:07:43+00:00,10.42,123.17,5,2.4,007 km N 55° W of City Of Canlaon (Negros Oriental),ML,VOLCANO-TECTONIC
1003,2024-09-09 18:00:47+00:00,12.35,126.03,19,3.4,060 km N 72° E of San Policarpo (Eastern Samar),Ms,TECTONIC
1004,2024-09-09 17:57:16+00:00,12.95,121.04,28,1.6,031 km N 67° E of Sablayan (Occidental Mindoro),Ms,TECTONIC
1005,2024-09-09 17:47:47+00:00,10.42,123.16,4,3.5,007 km N 55° W of City Of Canlaon (Negros Oriental),ML,VOLCANO-TECTONIC
1006,2024-09-09 17:45:15+00:00,10.42,123.16,3,2.6,007 km N 57° W of City Of Canlaon (Negros Oriental),ML,VOLCANO-TECTONIC
1007,2024-09-09 17:22:11+00:00,8.86,123.22,10,4.8,026 km S 04° E of Zamboanguita (Negros Oriental),Ms,TECTONIC
1008,2024-09-09 17:09:15+00:00,9.92,122.07,2,2.2,043 km N 68° W of City Of Sipalay (Negros Occidental),Ms,TECTONIC
1009,2024-09-09 17:03:27+00:00,8.08,126.3,130,2.1,013 km N 69° W of Lingig (Surigao Del Sur),Ms,TECTONIC
1010,2024-09-09 16:57:42+00:00,14.96,122.72,10,1.8,052 km N 55° E of Jomalig (Quezon),Ms,TECTONIC
1011,2024-09-09 16:57:26+00:00,11.12,124.65,1,1.8,012 km S 53° E of Kananga (Leyte),Ms,TECTONIC
1012,2024-09-09 16:55:46+00:00,11.14,124.67,13,2.0,013 km S 66° E of Kananga (Leyte),Ms,TECTONIC
1013,2024-09-09 16:53:31+00:00,17.76,120.66,25,1.7,007 km N 47° W of Lagayan (Abra),Ms,TECTONIC
1014,2024-09-09 16:45:36+00:00,10.42,123.17,5,2.0,006 km N 53° W of City Of Canlaon (Negros Oriental),ML,VOLCANO-TECTONIC
1015,2024-09-09 16:41:38+00:00,10.42,123.18,6,3.3,005 km N 43° W of City Of Canlaon (Negros Oriental),ML,VOLCANO-TECTONIC
1016,2024-09-09 16:35:31+00:00,10.43,123.17,5,3.5,007 km N 47° W of City Of Canlaon (Negros Oriental),ML,VOLCANO-TECTONIC
1017,2024-09-09 16:34:39+00:00,10.42,123.16,5,2.6,007 km N 55° W of City Of Canlaon (Negros Oriental),ML,VOLCANO-TECTONIC
1018,2024-09-09 16:22:34+00:00,10.42,123.17,4,2.5,007 km N 55° W of City Of Canlaon (Negros Oriental),ML,VOLCANO-TECTONIC
1019,2024-09-10 04:05:29+00:00,10.42,123.17,5,2.3,007 km N 55° W of City Of Canlaon (Negros Oriental),ML,VOLCANO-TECTONIC
1020,2024-09-09 16:04:58+00:00,10.42,123.18,5,2.3,006 km N 45° W of City Of Canlaon (Negros Oriental),ML,VOLCANO-TECTONIC
1021,2024-09-09 15:50:26+00:00,8.03,126.74,24,1.7,036 km S 88° E of Lingig (Surigao Del Sur),Ms,TECTONIC
1022,2024-09-09 15:33:38+00:00,17.64,120.48,2,2.2,007 km S 87° E of Santo Domingo (Ilocos Sur),Ms,TECTONIC
1023,2024-09-09 15:33:39+00:00,10.43,123.16,4,2.9,007 km N 54° W of City Of Canlaon (Negros Oriental),ML,VOLCANO-TECTONIC
1024,2024-09-09 15:33:06+00:00,10.66,124.95,10,1.8,006 km N 14° W of Mahaplag (Leyte),Ms,TECTONIC
1025,2024-09-09 15:27:00+00:00,8.05,126.81,15,2.3,044 km N 89° E of Lingig (Surigao Del Sur),Ms,TECTONIC
1026,2024-09-09 15:13:34+00:00,10.43,123.16,4,2.8,008 km N 55° W of City Of Canlaon (Negros Oriental),ML,VOLCANO-TECTONIC
1027,2024-09-09 14:31:57+00:00,5.98,126.61,33,2.6,095 km S 38° E of Governor Generoso (Davao Oriental),Ms,TECTONIC
1028,2024-09-09 13:55:14+00:00,13.72,120.63,102,1.6,012 km S 03° W of Calatagan (Batangas),Ms,TECTONIC
1029,2024-09-09 13:52:33+00:00,17.64,122.25,26,1.9,028 km N 04° E of Maconacon (Isabela),Ms,TECTONIC
1030,2024-09-09 13:07:26+00:00,8.28,126.24,2,2.3,011 km N 51° W of City Of Bislig (Surigao Del Sur),Ms,TECTONIC
1031,2024-09-09 12:47:24+00:00,8.04,126.48,25,1.7,008 km N 88° E of Lingig (Surigao Del Sur),Ms,TECTONIC
1032,2024-09-09 12:16:02+00:00,13.73,120.67,189,3.5,012 km S 20° E of Calatagan (Batangas),Ms,TECTONIC
1033,2024-09-09 11:16:47+00:00,18.38,120.81,25,1.3,014 km S 47° W of Adams (Ilocos Norte),Ms,TECTONIC
1034,2024-09-09 11:13:07+00:00,16.66,121.94,27,1.9,016 km S 62° E of San Guillermo (Isabela),Ms,TECTONIC
1035,2024-09-09 10:42:40+00:00,14.65,122.46,23,1.4,015 km S 68° E of Jomalig (Quezon),Ms,TECTONIC
1036,2024-09-09 10:39:56+00:00,8.93,125.64,32,1.6,013 km N 25° W of Sibagat (Agusan Del Sur),Ms,TECTONIC
1037,2024-09-09 09:11:13+00:00,7.53,126.79,26,3.2,025 km S 78° E of Baganga (Davao Oriental),Ms,TECTONIC
1038,2024-09-09 08:06:56+00:00,18.51,120.84,7,2.2,020 km N 89° E of Burgos (Ilocos Norte),Ms,TECTONIC
1039,2024-09-09 01:23:19+00:00,6.15,124.62,12,2.4,013 km S 51° W of Lake Sebu (South Cotabato),Ms,TECTONIC
1040,2024-09-08 23:57:32+00:00,8.55,126.69,14,1.8,043 km N 63° E of Hinatuan (Surigao Del Sur),Ms,TECTONIC
1041,2024-09-08 23:27:13+00:00,19.03,121.05,32,2.0,019 km S 61° W of Dalupiri Island (Calayan) (Cagayan),Ms,TECTONIC
1042,2024-09-08 22:18:12+00:00,13.66,120.64,100,1.8,020 km S 02° E of Calatagan (Batangas),Ms,TECTONIC
1043,2024-09-08 21:46:45+00:00,8.44,127.08,28,1.9,082 km N 85° E of Hinatuan (Surigao Del Sur),Ms,TECTONIC
1044,2024-09-08 21:31:01+00:00,18.58,120.96,7,2.4,004 km N 62° W of Santa Praxedes (Cagayan),Ms,TECTONIC
1045,2024-09-08 21:18:15+00:00,7.79,127.07,20,1.6,061 km N 67° E of Baganga (Davao Oriental),Ms,TECTONIC
1046,2024-09-08 20:35:45+00:00,8.9,126.22,30,2.3,009 km S 75° W of Cagwait (Surigao Del Sur),Ms,TECTONIC
1047,2024-09-08 20:30:48+00:00,19.98,121.15,15,3.9,085 km S 63° W of Sabtang (Batanes),Ms,TECTONIC
1048,2024-09-08 20:07:39+00:00,8.54,127.11,18,2.8,087 km N 77° E of Hinatuan (Surigao Del Sur),Ms,TECTONIC
1049,2024-09-08 20:00:14+00:00,7.56,126.41,1,1.7,018 km S 87° W of Baganga (Davao Oriental),Ms,TECTONIC
1050,2024-09-08 19:58:12+00:00,8.01,126.79,13,2.3,042 km S 86° E of Lingig (Surigao Del Sur),Ms,TECTONIC
1051,2024-09-08 19:57:01+00:00,8.0,126.95,8,3.0,059 km N 67° E of Cateel (Davao Oriental),Ms,TECTONIC
1052,2024-09-08 19:46:20+00:00,7.53,125.63,31,2.0,001 km S 45° E of Santo Tomas (Davao Del Norte),Ms,TECTONIC
1053,2024-09-08 19:28:01+00:00,10.99,125.93,44,5.0,023 km S 78° E of Guiuan (Eastern Samar),Mw,TECTONIC
1054,2024-09-08 19:09:10+00:00,10.1,124.9,6,3.1,005 km N 62° W of Macrohon (Southern Leyte),Ms,TECTONIC
1055,2024-09-08 18:44:36+00:00,10.8,125.24,12,2.2,026 km N 77° E of Abuyog (Leyte),Ms,TECTONIC
1056,2024-09-08 17:59:04+00:00,9.89,121.99,9,3.1,050 km N 75° W of City Of Sipalay (Negros Occidental),Ms,TECTONIC
1057,2024-09-08 17:49:31+00:00,6.02,125.87,105,2.8,027 km S 45° E of Don Marcelino (Davao Occidental),Ms,TECTONIC
1058,2024-09-08 17:37:14+00:00,9.11,127.01,1,2.6,082 km N 79° E of Bayabas (Surigao Del Sur),Ms,TECTONIC
1059,2024-09-08 17:31:05+00:00,9.1,126.88,4,2.5,068 km N 78° E of Bayabas (Surigao Del Sur),Ms,TECTONIC
1060,2024-09-08 17:22:42+00:00,7.65,122.19,10,2.5,008 km S 47° E of Siocon (Zamboanga Del Norte),Ms,TECTONIC
1061,2024-09-08 17:17:54+00:00,16.08,121.99,12,2.4,007 km S 28° E of Dinalungan (Aurora),Ms,TECTONIC
1062,2024-09-08 16:50:52+00:00,17.93,119.45,20,3.4,104 km N 69° W of Santa Catalina (Ilocos Sur),Ms,TECTONIC
1063,2024-09-08 16:23:52+00:00,9.95,121.34,28,2.3,044 km N 20° E of Cagayancillo (Palawan),Ms,TECTONIC
1064,2024-09-08 16:10:47+00:00,9.98,122.01,7,4.0,052 km N 63° W of City Of Sipalay (Negros Occidental),Mw,TECTONIC
1065,2024-09-08 16:02:24+00:00,19.2,121.24,11,2.6,011 km N 22° E of Dalupiri Island (Calayan) (Cagayan),Ms,TECTONIC
1066,2024-09-08 15:37:21+00:00,8.3,126.67,34,1.9,038 km S 78° E of Hinatuan (Surigao Del Sur),Ms,TECTONIC
1067,2024-09-08 15:24:01+00:00,13.63,124.88,12,2.6,055 km S 86° E of Baras (Catanduanes),Ms,TECTONIC
1068,2024-09-08 15:22:43+00:00,7.93,126.41,29,1.6,008 km N 25° E of Boston (Davao Oriental),Ms,TECTONIC
1069,2024-09-08 15:17:52+00:00,7.99,126.53,9,1.5,013 km S 69° E of Lingig (Surigao Del Sur),Ms,TECTONIC
1070,2024-09-08 15:03:20+00:00,7.95,126.68,17,1.7,031 km N 54° E of Cateel (Davao Oriental),Ms,TECTONIC
1071,2024-09-08 14:33:23+00:00,9.95,122.01,8,2.8,051 km N 67° W of City Of Sipalay (Negros Occidental),Ms,TECTONIC
1072,2024-09-08 14:12:32+00:00,7.09,127.0,8,2.8,053 km S 76° E of Manay (Davao Oriental),Ms,TECTONIC
1073,2024-09-08 14:09:45+00:00,8.53,126.64,21,1.9,037 km N 62° E of Hinatuan (Surigao Del Sur),Ms,TECTONIC
1074,2024-09-08 13:32:55+00:00,7.9,126.76,16,2.6,036 km N 70° E of Cateel (Davao Oriental),Ms,TECTONIC
1075,2024-09-08 13:28:10+00:00,11.13,124.5,8,2.5,003 km S 57° E of Matag-ob (Leyte),Ms,TECTONIC
1076,2024-09-08 12:55:07+00:00,17.84,120.49,46,2.8,006 km N 35° E of Cabugao (Ilocos Sur),Ms,TECTONIC
1077,2024-09-08 12:41:30+00:00,6.46,125.81,83,2.6,022 km N 77° E of Malita (Davao Occidental),Ms,TECTONIC
1078,2024-09-08 12:08:56+00:00,13.58,120.78,3,2.5,013 km S 46° W of Tingloy (Batangas),Ms,TECTONIC
1079,2024-09-08 11:22:15+00:00,8.16,126.72,33,1.5,036 km N 69° E of Lingig (Surigao Del Sur),Ms,TECTONIC
1080,2024-09-08 11:03:15+00:00,5.68,126.49,108,4.6,098 km S 75° E of Jose Abad Santos (Davao Occidental),Ms,TECTONIC
1081,2024-09-08 10:49:11+00:00,19.05,121.14,18,3.4,010 km S 49° W of Dalupiri Island (Calayan) (Cagayan),Ms,TECTONIC
1082,2024-09-08 10:35:56+00:00,13.55,120.63,106,2.4,015 km N 42° W of Abra De Ilog (Occidental Mindoro),Ms,TECTONIC
1083,2024-09-08 10:12:52+00:00,9.05,125.19,17,2.8,003 km N 20° E of Magsaysay (Misamis Oriental),Ms,TECTONIC
1084,2024-09-08 10:06:21+00:00,9.06,125.24,20,4.7,008 km N 56° E of Magsaysay (Misamis Oriental),Mw,TECTONIC
1085,2024-09-08 10:02:52+00:00,8.87,126.51,26,3.0,024 km S 76° E of Cagwait (Surigao Del Sur),Ms,TECTONIC
1086,2024-09-08 08:57:39+00:00,18.88,121.15,11,2.6,023 km N 82° W of Fuga Island (Aparri) (Cagayan),Ms,TECTONIC
1087,2024-09-08 08:33:14+00:00,18.51,120.75,5,4.0,003 km S 24° W of Bangui (Ilocos Norte),Ms,TECTONIC
1088,2024-09-08 08:15:03+00:00,14.97,122.54,1,2.3,038 km N 37° E of Jomalig (Quezon),Ms,TECTONIC
1089,2024-09-08 07:56:09+00:00,13.74,120.84,7,2.5,009 km N 21° W of Tingloy (Batangas),Ms,TECTONIC
1090,2024-09-08 06:57:16+00:00,10.76,124.92,25,2.2,005 km S 29° W of Javier (Leyte),Ms,TECTONIC
1091,2024-09-08 06:51:45+00:00,10.66,124.96,1,2.7,015 km S 09° E of Javier (Leyte),Ms,TECTONIC
1092,2024-09-08 06:40:39+00:00,9.39,126.37,24,2.2,024 km N 56° E of Cortes (Surigao Del Sur),Ms,TECTONIC
1093,2024-09-08 06:18:34+00:00,13.5,124.32,22,2.5,018 km S 19° W of Baras (Catanduanes),Ms,TECTONIC
1094,2024-09-08 05:53:57+00:00,6.61,126.29,4,2.2,024 km S 77° E of Governor Generoso (Davao Oriental),Ms,TECTONIC
1095,2024-09-08 05:49:46+00:00,14.7,123.02,40,2.7,026 km N 16° E of Tinaga Island (Vinzons) (Camarines Norte),Ms,TECTONIC
1096,2024-09-08 04:06:43+00:00,8.6,126.52,29,1.9,033 km N 38° E of Hinatuan (Surigao Del Sur),Ms,TECTONIC
1097,2024-09-08 04:03:48+00:00,13.06,124.13,105,3.9,008 km N 70° W of Prieto Diaz (Sorsogon),Ms,TECTONIC
1098,2024-09-08 02:43:25+00:00,4.75,126.84,9,4.1,173 km S 65° E of Balut Island (Municipality Of Sarangani) (Davao Occidental),Ms,TECTONIC
1099,2024-09-08 02:03:20+00:00,6.47,126.25,123,2.8,028 km S 45° E of Governor Generoso (Davao Oriental),Ms,TECTONIC
1100,2024-09-08 01:35:36+00:00,8.13,127.08,5,3.0,074 km N 82° E of Lingig (Surigao Del Sur),Ms,TECTONIC
1101,2024-09-08 01:30:54+00:00,6.86,126.17,26,2.9,011 km S 26° W of City Of Mati (Davao Oriental),Ms,TECTONIC
1102,2024-09-08 01:05:49+00:00,15.11,122.55,24,2.4,051 km N 27° E of Jomalig (Quezon),Ms,TECTONIC
1103,2024-09-08 00:30:35+00:00,15.35,119.98,23,2.8,002 km N 03° E of Iba (Zambales),Ms,TECTONIC
1104,2024-09-07 22:52:05+00:00,8.01,126.77,11,1.9,040 km S 86° E of Lingig (Surigao Del Sur),Ms,TECTONIC
1105,2024-09-07 22:15:36+00:00,15.32,120.08,24,1.7,007 km N 59° E of Botolan (Zambales),Ms,TECTONIC
1106,2024-09-07 21:54:39+00:00,13.75,124.62,10,2.1,025 km S 81° E of Gigmoto (Catanduanes),Ms,TECTONIC
1107,2024-09-07 21:44:19+00:00,13.42,120.35,33,1.7,013 km N 87° W of Paluan (Occidental Mindoro),Ms,TECTONIC
1108,2024-09-07 20:55:45+00:00,8.12,126.79,27,2.0,043 km N 77° E of Lingig (Surigao Del Sur),Ms,TECTONIC
1109,2024-09-07 20:53:00+00:00,14.08,121.29,31,1.2,004 km N 81° W of City Of San Pablo (Laguna),Ms,TECTONIC
1110,2024-09-07 20:36:39+00:00,8.24,126.66,33,2.0,035 km N 51° E of Lingig (Surigao Del Sur),Ms,TECTONIC
1111,2024-09-07 19:50:31+00:00,6.44,126.45,33,1.9,048 km S 60° E of Governor Generoso (Davao Oriental),Ms,TECTONIC
1112,2024-09-07 19:31:49+00:00,19.94,121.51,22,2.6,057 km S 41° W of Sabtang (Batanes),Ms,TECTONIC
1113,2024-09-07 19:25:59+00:00,11.76,124.24,9,2.3,012 km S 79° W of Maripipi (Biliran),Ms,TECTONIC
1114,2024-09-07 18:16:46+00:00,9.07,126.89,2,1.6,067 km N 80° E of Bayabas (Surigao Del Sur),Ms,TECTONIC
1115,2024-09-07 18:13:37+00:00,7.78,126.83,36,1.8,037 km N 53° E of Baganga (Davao Oriental),Ms,TECTONIC
1116,2024-09-07 17:56:01+00:00,18.05,120.82,5,1.9,007 km S 48° E of Solsona (Ilocos Norte),Ms,TECTONIC
1117,2024-09-07 17:51:42+00:00,16.97,121.63,21,2.5,002 km S 03° W of Aurora (Isabela),Ms,TECTONIC
1118,2024-09-07 17:16:40+00:00,19.9,121.32,14,2.4,073 km N 13° W of Calayan (Cagayan),Ms,TECTONIC
1119,2024-09-07 17:03:45+00:00,6.7,126.25,30,2.8,021 km N 75° E of Governor Generoso (Davao Oriental),Ms,TECTONIC
1120,2024-09-07 16:47:59+00:00,8.25,126.63,27,3.3,033 km N 45° E of Lingig (Surigao Del Sur),Ms,TECTONIC
1121,2024-09-07 16:39:16+00:00,8.3,126.41,25,1.9,010 km S 47° E of Hinatuan (Surigao Del Sur),Ms,TECTONIC
1122,2024-09-07 16:34:09+00:00,9.66,126.45,1,2.0,035 km S 68° E of General Luna (Surigao Del Norte),Ms,TECTONIC
1123,2024-09-07 16:08:47+00:00,8.25,126.63,35,1.9,034 km N 45° E of Lingig (Surigao Del Sur),Ms,TECTONIC
1124,2024-09-07 15:40:45+00:00,17.38,122.61,7,1.8,034 km N 79° E of Divilacan (Isabela),Ms,TECTONIC
1125,2024-09-07 15:32:58+00:00,6.08,124.4,26,3.2,011 km N 81° W of Maitum (Sarangani),Ms,TECTONIC
1126,2024-09-07 15:15:13+00:00,9.37,126.46,18,2.4,032 km N 70° E of Cortes (Surigao Del Sur),Ms,TECTONIC
1127,2024-09-07 14:55:07+00:00,8.61,126.54,9,1.6,034 km S 52° E of Marihatag (Surigao Del Sur),Ms,TECTONIC
1128,2024-09-07 14:35:04+00:00,13.59,120.65,8,1.8,018 km N 26° W of Abra De Ilog (Occidental Mindoro),Ms,TECTONIC
1129,2024-09-07 14:26:02+00:00,8.06,126.35,96,2.0,007 km N 73° W of Lingig (Surigao Del Sur),Ms,TECTONIC
1130,2024-09-07 14:03:22+00:00,10.48,125.28,1,2.3,013 km N 42° E of Hinunangan (Southern Leyte),Ms,TECTONIC
1131,2024-09-07 13:56:45+00:00,7.84,126.65,17,2.3,022 km N 76° E of Cateel (Davao Oriental),Ms,TECTONIC
1132,2024-09-07 13:49:59+00:00,13.47,120.62,1,1.7,012 km N 78° W of Abra De Ilog (Occidental Mindoro),Ms,TECTONIC
1133,2024-09-07 13:40:55+00:00,20.0,121.49,25,3.5,054 km S 47° W of Sabtang (Batanes),Ms,TECTONIC
1134,2024-09-07 13:03:11+00:00,10.52,125.29,1,2.8,014 km S 86° E of Silago (Southern Leyte),Ms,TECTONIC
1135,2024-09-07 12:54:54+00:00,10.47,125.25,1,1.8,010 km N 36° E of Hinunangan (Southern Leyte),Ms,TECTONIC
1136,2024-09-07 12:21:44+00:00,13.56,120.61,106,2.2,018 km N 44° W of Abra De Ilog (Occidental Mindoro),Ms,TECTONIC
1137,2024-09-07 12:17:03+00:00,7.84,126.85,13,2.4,044 km N 47° E of Baganga (Davao Oriental),Ms,TECTONIC
1138,2024-09-07 11:48:32+00:00,9.2,126.45,2,1.7,030 km S 73° E of Cortes (Surigao Del Sur),Ms,TECTONIC
1139,2024-09-07 10:20:34+00:00,17.57,120.71,1,1.6,004 km N 79° E of Tayum (Abra),Ms,TECTONIC
1140,2024-09-07 07:15:38+00:00,8.35,125.97,18,2.2,005 km S 39° W of Rosario (Agusan Del Sur),Ms,TECTONIC
1141,2024-09-07 05:58:00+00:00,6.48,127.31,31,2.7,114 km S 57° E of Tarragona (Davao Oriental),Ms,TECTONIC
1142,2024-09-07 05:16:20+00:00,9.23,125.58,4,2.6,005 km S 34° E of Santiago (Agusan Del Norte),Ms,TECTONIC
1143,2024-09-07 05:11:47+00:00,12.81,124.82,27,2.9,030 km N 23° W of Pambujan (Northern Samar),Ms,TECTONIC
1144,2024-09-07 01:46:21+00:00,8.64,126.58,37,4.2,036 km S 59° E of Marihatag (Surigao Del Sur),Ms,TECTONIC
1145,2024-09-07 01:09:31+00:00,6.32,127.1,20,2.8,109 km S 42° E of Tarragona (Davao Oriental),Ms,TECTONIC
1146,2024-09-07 00:02:43+00:00,3.93,128.05,6,4.1,333 km S 59° E of Sarangani Island (Municipality Of Sarangani) (Davao Occidental),Ms,TECTONIC
1147,2024-09-06 23:01:37+00:00,9.88,125.45,6,2.2,011 km N 25° W of City Of Surigao (Surigao Del Norte),Ms,TECTONIC
1148,2024-09-06 21:42:00+00:00,8.99,126.59,8,1.7,033 km N 76° E of Cagwait (Surigao Del Sur),Ms,TECTONIC
1149,2024-09-06 21:34:20+00:00,14.58,121.68,7,2.9,012 km S 40° E of Real (Quezon),Ms,TECTONIC
1150,2024-09-06 21:28:50+00:00,7.81,126.88,10,1.5,057 km S 63° E of Lingig (Surigao Del Sur),Ms,TECTONIC
1151,2024-09-06 21:23:14+00:00,4.62,124.25,25,2.9,156 km S 56° W of Balut Island (Municipality Of Sarangani) (Davao Occidental),Ms,TECTONIC
1152,2024-09-06 20:42:10+00:00,12.73,124.49,56,1.6,015 km N 66° E of Biri (Northern Samar),Ms,TECTONIC
1153,2024-09-06 20:10:23+00:00,7.83,122.83,32,1.5,009 km N 63° E of Kabasalan (Zamboanga Sibugay),Ms,TECTONIC
1154,2024-09-06 20:05:57+00:00,5.83,125.94,129,2.5,034 km S 75° E of Jose Abad Santos (Davao Occidental),Ms,TECTONIC
1155,2024-09-06 20:05:17+00:00,19.16,121.07,7,2.4,016 km N 67° W of Dalupiri Island (Calayan) (Cagayan),Ms,TECTONIC
1156,2024-09-06 19:54:02+00:00,18.01,119.23,21,3.8,129 km N 69° W of Santa Catalina (Ilocos Sur),Ms,TECTONIC
1157,2024-09-06 19:48:58+00:00,9.66,122.22,19,2.4,026 km S 62° W of City Of Sipalay (Negros Occidental),Ms,TECTONIC
1158,2024-09-06 19:47:07+00:00,9.91,122.24,8,2.3,026 km N 53° W of City Of Sipalay (Negros Occidental),Ms,TECTONIC
1159,2024-09-06 19:38:25+00:00,8.92,127.38,36,2.9,118 km S 90° E of Cagwait (Surigao Del Sur),Ms,TECTONIC
1160,2024-09-06 18:47:34+00:00,14.94,122.58,1,1.7,038 km N 45° E of Jomalig (Quezon),Ms,TECTONIC
1161,2024-09-06 18:31:53+00:00,8.39,126.21,1,1.6,009 km S 35° E of Tagbina (Surigao Del Sur),Ms,TECTONIC
1162,2024-09-06 18:26:13+00:00,9.25,126.61,13,1.8,046 km S 87° E of Cortes (Surigao Del Sur),Ms,TECTONIC
1163,2024-09-06 18:10:38+00:00,7.02,127.11,4,4.4,067 km S 72° E of Manay (Davao Oriental),Ms,TECTONIC
1164,2024-09-06 18:01:50+00:00,8.07,126.62,25,2.6,023 km N 83° E of Lingig (Surigao Del Sur),Ms,TECTONIC
1165,2024-09-06 17:56:54+00:00,9.99,123.23,12,2.4,003 km N 74° E of Jimalalud (Negros Oriental),Ms,TECTONIC
1166,2024-09-06 17:20:02+00:00,8.88,126.55,30,1.7,028 km S 80° E of Cagwait (Surigao Del Sur),Ms,TECTONIC
1167,2024-09-06 16:47:23+00:00,7.64,121.46,25,2.4,075 km S 85° W of Siocon (Zamboanga Del Norte),Ms,TECTONIC
1168,2024-09-06 16:35:27+00:00,7.95,126.74,18,1.9,038 km S 74° E of Lingig (Surigao Del Sur),Ms,TECTONIC
1169,2024-09-06 16:28:11+00:00,12.57,125.85,27,3.2,057 km N 41° E of San Policarpo (Eastern Samar),Ms,TECTONIC
1170,2024-09-06 16:08:24+00:00,8.96,122.4,27,2.2,056 km S 28° W of Basay (Negros Oriental),Ms,TECTONIC
1171,2024-09-06 16:07:48+00:00,9.86,126.8,24,2.4,071 km N 83° E of General Luna (Surigao Del Norte),Ms,TECTONIC
1172,2024-09-06 15:40:13+00:00,6.37,126.73,19,2.0,079 km S 66° E of Governor Generoso (Davao Oriental),Ms,TECTONIC
1173,2024-09-06 15:35:45+00:00,6.36,126.55,21,2.4,062 km S 58° E of Governor Generoso (Davao Oriental),Ms,TECTONIC
1174,2024-09-06 15:17:29+00:00,6.85,126.68,25,1.8,034 km S 50° E of Tarragona (Davao Oriental),Ms,TECTONIC
1175,2024-09-06 14:48:32+00:00,7.92,126.72,14,2.2,036 km S 69° E of Lingig (Surigao Del Sur),Ms,TECTONIC
1176,2024-09-06 14:44:45+00:00,14.93,122.62,15,1.8,040 km N 50° E of Jomalig (Quezon),Ms,TECTONIC
1177,2024-09-06 13:43:27+00:00,15.24,121.44,23,1.4,017 km S 16° E of Dingalan (Aurora),Ms,TECTONIC
1178,2024-09-06 13:33:58+00:00,8.11,127.0,4,2.7,065 km N 84° E of Lingig (Surigao Del Sur),Ms,TECTONIC
1179,2024-09-06 13:01:21+00:00,18.75,121.97,4,1.6,020 km S 33° E of Camiguin Island (Calayan) (Cagayan),Ms,TECTONIC
1180,2024-09-06 12:54:15+00:00,18.74,121.98,9,2.4,022 km S 33° E of Camiguin Island (Calayan) (Cagayan),Ms,TECTONIC
1181,2024-09-06 11:55:27+00:00,9.54,126.46,22,2.3,041 km N 45° E of Cortes (Surigao Del Sur),Ms,TECTONIC
1182,2024-09-06 11:55:53+00:00,10.85,122.46,26,2.8,004 km S 26° W of Cabatuan (Iloilo),Ms,TECTONIC
1183,2024-09-06 10:00:12+00:00,10.13,122.37,6,2.2,033 km N 59° W of Cauayan (Negros Occidental),Ms,TECTONIC
1184,2024-09-06 09:48:13+00:00,9.29,126.26,18,1.8,007 km N 74° E of Cortes (Surigao Del Sur),Ms,TECTONIC
1185,2024-09-06 09:32:18+00:00,7.59,126.54,124,2.1,002 km N 58° W of Baganga (Davao Oriental),Ms,TECTONIC
1186,2024-09-06 09:25:21+00:00,8.48,126.7,7,2.4,041 km N 73° E of Hinatuan (Surigao Del Sur),Ms,TECTONIC
1187,2024-09-06 09:14:29+00:00,9.26,126.23,14,1.8,004 km S 66° E of Cortes (Surigao Del Sur),Ms,TECTONIC
1188,2024-09-06 09:07:50+00:00,7.8,124.63,12,2.1,007 km N 87° W of Amai Manabilang (Lanao Del Sur),Ms,TECTONIC
1189,2024-09-06 08:55:36+00:00,9.05,126.53,21,3.4,029 km N 60° E of Cagwait (Surigao Del Sur),Ms,TECTONIC
1190,2024-09-06 07:59:57+00:00,9.26,122.35,27,3.5,036 km S 63° W of Basay (Negros Oriental),Ms,TECTONIC
1191,2024-09-06 07:56:45+00:00,8.5,126.88,1,2.9,062 km N 76° E of Hinatuan (Surigao Del Sur),Ms,TECTONIC
1192,2024-09-06 07:39:43+00:00,5.61,125.19,58,4.6,024 km S 04° W of Glan (Sarangani),Mw,TECTONIC
1193,2024-09-06 05:36:38+00:00,8.06,126.86,39,1.5,049 km N 87° E of Lingig (Surigao Del Sur),Ms,TECTONIC
1194,2024-09-06 05:00:02+00:00,9.68,122.32,9,1.8,015 km S 51° W of City Of Sipalay (Negros Occidental),Ms,TECTONIC
1195,2024-09-06 02:44:30+00:00,9.32,122.17,6,2.9,045 km S 46° W of Hinoba-an (Negros Occidental),Ms,TECTONIC
1196,2024-09-06 01:57:17+00:00,8.67,126.46,76,1.9,023 km S 51° E of Marihatag (Surigao Del Sur),Ms,TECTONIC
1197,2024-09-06 01:26:19+00:00,8.38,126.56,33,3.0,025 km N 87° E of Hinatuan (Surigao Del Sur),Ms,TECTONIC
1198,2024-09-05 22:39:15+00:00,17.66,120.7,13,3.1,001 km N 21° W of Dolores (Abra),Ms,TECTONIC
1199,2024-09-05 22:27:27+00:00,12.29,123.84,2,2.5,015 km S 25° E of Batuan (Masbate),Ms,TECTONIC
1200,2024-09-05 22:02:06+00:00,13.52,120.76,7,2.4,009 km N 21° E of Abra De Ilog (Occidental Mindoro),Ms,TECTONIC
1201,2024-09-05 22:02:03+00:00,9.42,122.46,12,2.7,020 km N 88° W of Basay (Negros Oriental),Ms,TECTONIC
1202,2024-09-05 21:53:59+00:00,13.47,120.76,3,2.8,004 km N 54° E of Abra De Ilog (Occidental Mindoro),Ms,TECTONIC
1203,2024-09-05 21:52:24+00:00,15.37,121.37,32,1.3,003 km S 42° W of Dingalan (Aurora),Ms,TECTONIC
1204,2024-09-05 21:28:25+00:00,20.18,121.94,1,4.0,019 km S 02° E of Uyugan (Batanes),Ms,TECTONIC
1205,2024-09-05 21:10:18+00:00,9.89,125.66,117,2.5,021 km N 60° E of City Of Surigao (Surigao Del Norte),Ms,TECTONIC
1206,2024-09-05 21:01:53+00:00,6.67,125.98,128,3.1,010 km N 83° W of Governor Generoso (Davao Oriental),Ms,TECTONIC
1207,2024-09-05 20:49:48+00:00,14.8,122.48,18,1.9,019 km N 53° E of Jomalig (Quezon),Ms,TECTONIC
1208,2024-09-05 20:28:11+00:00,14.6,122.43,25,1.6,015 km S 46° E of Jomalig (Quezon),Ms,TECTONIC
1209,2024-09-05 19:49:54+00:00,8.48,126.07,121,2.3,010 km N 78° W of Tagbina (Surigao Del Sur),Ms,TECTONIC
1210,2024-09-05 18:37:37+00:00,6.23,126.23,57,2.5,049 km S 20° E of Governor Generoso (Davao Oriental),Ms,TECTONIC
1211,2024-09-05 18:33:25+00:00,16.36,120.42,2,1.8,007 km N 53° E of Agoo (La Union),Ms,TECTONIC
1212,2024-09-05 18:25:37+00:00,15.43,120.57,34,1.2,007 km S 23° W of City Of Tarlac (Tarlac),Ms,TECTONIC
1213,2024-09-05 18:18:00+00:00,10.41,126.04,32,2.5,043 km N 05° W of Burgos (Surigao Del Norte),Ms,TECTONIC
1214,2024-09-05 18:15:21+00:00,13.0,121.16,30,1.5,023 km S 33° W of Victoria (Oriental Mindoro),Ms,TECTONIC
1215,2024-09-05 17:51:27+00:00,15.41,121.79,5,3.0,043 km N 88° E of Dingalan (Aurora),Ms,TECTONIC
1216,2024-09-05 17:22:42+00:00,14.22,120.39,110,2.2,030 km N 59° W of Nasugbu (Batangas),Ms,TECTONIC
1217,2024-09-05 17:22:11+00:00,8.34,126.59,22,2.1,028 km S 85° E of Hinatuan (Surigao Del Sur),Ms,TECTONIC
1218,2024-09-05 16:59:08+00:00,4.17,128.48,120,4.1,364 km S 67° E of Sarangani Island (Municipality Of Sarangani) (Davao Occidental),Ms,TECTONIC
1219,2024-09-05 16:45:24+00:00,14.82,122.57,32,1.4,030 km N 63° E of Jomalig (Quezon),Ms,TECTONIC
1220,2024-09-05 16:41:43+00:00,9.87,126.04,26,2.9,008 km S 88° E of Del Carmen (Surigao Del Norte),Ms,TECTONIC
1221,2024-09-05 16:36:35+00:00,17.36,122.4,11,2.6,011 km N 73° E of Divilacan (Isabela),Ms,TECTONIC
1222,2024-09-05 16:16:21+00:00,18.98,121.3,8,2.3,016 km N 26° W of Fuga Island (Aparri) (Cagayan),Ms,TECTONIC
1223,2024-09-05 16:00:11+00:00,10.58,125.45,68,2.5,029 km N 29° W of Loreto (Dinagat Islands),Ms,TECTONIC
1224,2024-09-05 15:34:01+00:00,7.63,126.5,22,2.1,010 km N 49° W of Baganga (Davao Oriental),Ms,TECTONIC
1225,2024-09-05 15:27:48+00:00,6.55,125.85,144,2.4,027 km S 64° W of Governor Generoso (Davao Oriental),Ms,TECTONIC
1226,2024-09-05 15:14:31+00:00,18.86,120.63,5,3.2,039 km N 02° W of Burgos (Ilocos Norte),Ms,TECTONIC
1227,2024-09-05 15:10:28+00:00,9.63,121.51,32,4.2,035 km N 81° E of Cagayancillo (Palawan),Ms,TECTONIC
1228,2024-09-05 15:03:39+00:00,11.91,124.07,10,2.2,004 km N 38° E of Pio V. Corpus (Masbate),Ms,TECTONIC
1229,2024-09-05 14:52:13+00:00,8.59,127.04,1,2.3,081 km N 72° E of Hinatuan (Surigao Del Sur),Ms,TECTONIC
1230,2024-09-05 14:41:04+00:00,14.85,122.69,33,1.5,042 km N 66° E of Jomalig (Quezon),Ms,TECTONIC
1231,2024-09-05 14:38:11+00:00,8.08,127.05,11,2.7,070 km N 87° E of Lingig (Surigao Del Sur),Ms,TECTONIC
1232,2024-09-05 14:26:22+00:00,10.22,125.9,11,2.2,026 km N 34° W of Santa Monica (Surigao Del Norte),Ms,TECTONIC
1233,2024-09-05 14:15:05+00:00,6.03,126.63,99,2.2,093 km S 42° E of Governor Generoso (Davao Oriental),Ms,TECTONIC
1234,2024-09-05 13:56:33+00:00,15.59,121.64,13,2.7,020 km S 26° E of Baler (Aurora),Ms,TECTONIC
1235,2024-09-05 13:35:49+00:00,18.23,122.04,6,2.3,005 km S 53° E of Gonzaga (Cagayan),Ms,TECTONIC
1236,2024-09-05 13:27:31+00:00,14.99,122.66,4,2.3,048 km N 48° E of Jomalig (Quezon),Ms,TECTONIC
1237,2024-09-05 12:58:45+00:00,14.97,122.66,9,2.7,047 km N 49° E of Jomalig (Quezon),Ms,TECTONIC
1238,2024-09-05 12:44:04+00:00,12.47,125.38,8,2.1,013 km N 45° E of Gamay (Northern Samar),Ms,TECTONIC
1239,2024-09-05 12:23:21+00:00,9.64,122.19,12,2.6,030 km S 63° W of City Of Sipalay (Negros Occidental),Ms,TECTONIC
1240,2024-09-05 11:55:52+00:00,17.45,120.66,33,2.1,004 km N 64° E of Villaviciosa (Abra),Ms,TECTONIC
1241,2024-09-05 11:55:20+00:00,14.75,122.46,18,1.8,015 km N 69° E of Jomalig (Quezon),Ms,TECTONIC
1242,2024-09-05 11:52:15+00:00,17.5,120.87,1,2.4,008 km S 21° W of Licuan,Ms,TECTONIC
1243,2024-09-05 11:18:34+00:00,13.0,121.05,9,2.3,034 km N 59° E of Sablayan (Occidental Mindoro),Ms,TECTONIC
1244,2024-09-05 11:04:16+00:00,9.69,122.33,6,2.4,015 km S 53° W of City Of Sipalay (Negros Occidental),Ms,TECTONIC
1245,2024-09-05 11:02:34+00:00,9.65,122.22,18,2.3,027 km S 62° W of City Of Sipalay (Negros Occidental),Ms,TECTONIC
1246,2024-09-05 10:59:40+00:00,19.31,121.18,11,2.3,023 km N 07° W of Dalupiri Island (Calayan) (Cagayan),Ms,TECTONIC
1247,2024-09-05 10:56:21+00:00,17.46,120.73,7,1.7,003 km N 80° W of Sallapadan (Abra),Ms,TECTONIC
1248,2024-09-05 10:46:22+00:00,17.42,120.7,9,1.8,011 km N 86° E of Pilar (Abra),Ms,TECTONIC
1249,2024-09-05 10:31:16+00:00,13.82,120.54,91,2.0,010 km S 83° W of Calatagan (Batangas),Ms,TECTONIC
1250,2024-09-05 10:04:07+00:00,12.43,125.37,11,2.1,009 km N 57° E of Gamay (Northern Samar),Ms,TECTONIC
1251,2024-09-05 09:51:17+00:00,15.02,121.45,19,2.1,034 km N 33° W of General Nakar (Quezon),Ms,TECTONIC
1252,2024-09-05 09:43:44+00:00,6.1,125.76,125,2.6,013 km S 36° E of Don Marcelino (Davao Occidental),Ms,TECTONIC
1253,2024-09-05 09:41:38+00:00,12.68,125.56,60,2.3,040 km N 56° E of Mapanas (Northern Samar),Ms,TECTONIC
1254,2024-09-05 09:31:23+00:00,8.0,126.83,5,2.6,046 km S 84° E of Lingig (Surigao Del Sur),Ms,TECTONIC
1255,2024-09-05 09:10:58+00:00,8.04,126.16,32,1.6,011 km N 89° E of Trento (Agusan Del Sur),Ms,TECTONIC
1256,2024-09-05 08:27:35+00:00,8.26,122.71,34,2.4,015 km N 14° E of Liloy (Zamboanga Del Norte),Ms,TECTONIC
1257,2024-09-05 08:24:24+00:00,8.74,126.99,4,2.8,077 km S 85° E of Marihatag (Surigao Del Sur),Ms,TECTONIC
1258,2024-09-05 08:13:07+00:00,7.46,125.48,1,1.8,018 km S 64° W of Santo Tomas (Davao Del Norte),Ms,TECTONIC
1259,2024-09-05 06:10:48+00:00,6.42,125.98,16,2.8,028 km S 23° W of Governor Generoso (Davao Oriental),Ms,TECTONIC
1260,2024-09-05 05:31:55+00:00,8.02,126.29,29,2.4,013 km S 82° W of Lingig (Surigao Del Sur),Ms,TECTONIC
1261,2024-09-05 05:26:01+00:00,14.76,122.52,31,1.9,022 km N 71° E of Jomalig (Quezon),Ms,TECTONIC
1262,2024-09-05 05:14:50+00:00,8.5,126.82,17,2.6,055 km N 74° E of Hinatuan (Surigao Del Sur),Ms,TECTONIC
1263,2024-09-05 03:04:31+00:00,8.92,126.34,2,2.4,004 km N 82° E of Cagwait (Surigao Del Sur),Ms,TECTONIC
1264,2024-09-05 02:09:48+00:00,14.96,122.62,3,2.4,043 km N 47° E of Jomalig (Quezon),Ms,TECTONIC
1265,2024-09-05 01:20:17+00:00,14.87,122.54,3,1.8,030 km N 49° E of Jomalig (Quezon),Ms,TECTONIC
1266,2024-09-05 01:15:12+00:00,13.84,120.65,178,2.4,001 km N 77° E of Calatagan (Batangas),Ms,TECTONIC
1267,2024-09-05 01:11:29+00:00,8.55,125.64,28,3.0,014 km S 04° W of Esperanza (Agusan Del Sur),Ms,TECTONIC
1268,2024-09-05 00:00:26+00:00,7.79,126.95,13,2.1,049 km N 61° E of Baganga (Davao Oriental),Ms,TECTONIC
1269,2024-09-04 23:18:56+00:00,14.82,121.48,7,2.0,017 km N 65° W of General Nakar (Quezon),Ms,TECTONIC
1270,2024-09-04 23:06:34+00:00,8.32,126.87,33,2.3,059 km N 58° E of Lingig (Surigao Del Sur),Ms,TECTONIC
1271,2024-09-04 22:30:08+00:00,14.99,122.81,30,2.3,059 km N 14° W of Tinaga Island (Vinzons) (Camarines Norte),Ms,TECTONIC
1272,2024-09-04 22:12:30+00:00,10.21,123.01,13,2.5,003 km N 68° E of Isabela (Negros Occidental),Ms,TECTONIC
1273,2024-09-04 20:42:06+00:00,14.98,122.62,1,3.4,044 km N 45° E of Jomalig (Quezon),Ms,TECTONIC
1274,2024-09-04 20:30:38+00:00,6.42,124.08,7,3.0,016 km S 11° E of Kalamansig (Sultan Kudarat),Ms,TECTONIC
1275,2024-09-04 20:14:00+00:00,15.01,122.07,2,2.3,021 km N 30° E of Burdeos (Quezon),Ms,TECTONIC
1276,2024-09-04 18:30:01+00:00,10.52,122.39,25,2.0,016 km S 87° W of Nueva Valencia (Guimaras),Ms,TECTONIC
1277,2024-09-04 18:17:05+00:00,18.48,120.95,10,2.2,006 km N 63° E of Adams (Ilocos Norte),Ms,TECTONIC
1278,2024-09-04 17:24:42+00:00,13.24,119.78,30,2.7,074 km S 44° W of Looc (Occidental Mindoro),Ms,TECTONIC
1279,2024-09-04 14:48:00+00:00,8.53,126.77,1,1.8,051 km N 69° E of Hinatuan (Surigao Del Sur),Ms,TECTONIC
1280,2024-09-04 14:43:46+00:00,14.94,122.61,1,2.6,041 km N 48° E of Jomalig (Quezon),Ms,TECTONIC
1281,2024-09-04 14:34:13+00:00,8.66,126.83,6,2.4,061 km S 75° E of Marihatag (Surigao Del Sur),Ms,TECTONIC
1282,2024-09-04 14:00:38+00:00,8.61,127.45,32,2.9,125 km N 78° E of Hinatuan (Surigao Del Sur),Ms,TECTONIC
1283,2024-09-04 13:37:30+00:00,14.78,122.52,1,2.7,022 km N 66° E of Jomalig (Quezon),Ms,TECTONIC
1284,2024-09-04 12:41:54+00:00,12.79,124.82,27,3.1,028 km N 25° W of Pambujan (Northern Samar),Ms,TECTONIC
1285,2024-09-04 12:39:35+00:00,14.97,122.6,1,2.1,044 km N 44° E of Jomalig (Quezon),Ms,TECTONIC
1286,2024-09-04 11:45:39+00:00,14.94,122.57,2,2.0,037 km N 44° E of Jomalig (Quezon),Ms,TECTONIC
1287,2024-09-04 11:31:11+00:00,14.95,122.65,7,2.8,044 km N 51° E of Jomalig (Quezon),Ms,TECTONIC
1288,2024-09-04 11:14:37+00:00,14.75,122.53,30,1.5,022 km N 74° E of Jomalig (Quezon),Ms,TECTONIC
1289,2024-09-04 11:00:46+00:00,7.9,126.62,33,1.5,022 km N 56° E of Cateel (Davao Oriental),Ms,TECTONIC
1290,2024-09-04 10:34:11+00:00,9.17,126.77,21,2.4,058 km N 67° E of Bayabas (Surigao Del Sur),Ms,TECTONIC
1291,2024-09-04 10:06:18+00:00,7.75,126.75,21,1.7,028 km N 48° E of Baganga (Davao Oriental),Ms,TECTONIC
1292,2024-09-04 10:06:14+00:00,15.03,122.66,1,2.2,051 km N 44° E of Jomalig (Quezon),Ms,TECTONIC
1293,2024-09-04 08:24:25+00:00,15.0,122.63,7,2.1,046 km N 45° E of Jomalig (Quezon),Ms,TECTONIC
1294,2024-09-04 08:06:47+00:00,14.89,122.6,20,2.0,036 km N 54° E of Jomalig (Quezon),Ms,TECTONIC
1295,2024-09-04 07:59:07+00:00,14.96,122.73,22,2.2,052 km N 56° E of Jomalig (Quezon),Ms,TECTONIC
1296,2024-09-04 07:55:53+00:00,14.98,122.61,1,3.0,044 km N 45° E of Jomalig (Quezon),Ms,TECTONIC
1297,2024-09-04 06:35:35+00:00,6.56,126.87,17,3.1,071 km S 41° E of Tarragona (Davao Oriental),Ms,TECTONIC
1298,2024-09-04 05:25:46+00:00,14.98,122.54,1,2.4,039 km N 36° E of Jomalig (Quezon),Ms,TECTONIC
1299,2024-09-04 04:56:06+00:00,11.97,121.59,3,3.6,007 km N 47° E of Caluya (Antique),Ms,TECTONIC
1300,2024-09-04 04:51:06+00:00,10.87,125.23,7,2.6,027 km N 61° E of Abuyog (Leyte),Ms,TECTONIC
1301,2024-09-04 03:40:13+00:00,8.73,123.42,25,1.9,011 km N 02° E of City Of Dapitan (Zamboanga Del Norte),Ms,TECTONIC
1302,2024-09-04 02:45:04+00:00,14.98,122.59,1,2.2,042 km N 41° E of Jomalig (Quezon),Ms,TECTONIC
1303,2024-09-04 02:14:27+00:00,14.93,122.59,2,2.1,038 km N 48° E of Jomalig (Quezon),Ms,TECTONIC
1304,2024-09-04 01:41:20+00:00,14.9,122.55,1,2.1,033 km N 47° E of Jomalig (Quezon),Ms,TECTONIC
1305,2024-09-04 00:32:32+00:00,14.99,122.65,1,1.5,048 km N 47° E of Jomalig (Quezon),Ms,TECTONIC
1306,2024-09-04 00:17:01+00:00,12.42,124.6,19,2.0,009 km S 25° W of Catarman (Northern Samar),Ms,TECTONIC
1307,2024-09-04 00:14:08+00:00,14.88,122.73,21,2.2,046 km N 65° E of Jomalig (Quezon),Ms,TECTONIC
1308,2024-09-04 00:07:22+00:00,14.65,122.39,1,2.4,008 km S 46° E of Jomalig (Quezon),Ms,TECTONIC
1309,2024-09-04 00:05:51+00:00,14.9,122.52,1,2.6,030 km N 41° E of Jomalig (Quezon),Ms,TECTONIC
1310,2024-09-04 00:04:09+00:00,14.96,122.62,1,3.2,043 km N 48° E of Jomalig (Quezon),Ms,TECTONIC
1311,2024-09-03 23:55:46+00:00,14.95,122.61,1,4.9,042 km N 47° E of Jomalig (Quezon),Mw,TECTONIC
1312,2024-09-03 23:33:05+00:00,15.01,122.63,4,2.0,047 km N 44° E of Jomalig (Quezon),Ms,TECTONIC
1313,2024-09-03 23:29:50+00:00,14.97,122.63,1,2.4,044 km N 47° E of Jomalig (Quezon),Ms,TECTONIC
1314,2024-09-03 23:24:15+00:00,14.97,122.65,2,3.0,045 km N 48° E of Jomalig (Quezon),Ms,TECTONIC
1315,2024-09-03 23:20:02+00:00,15.01,122.6,1,2.4,046 km N 40° E of Jomalig (Quezon),Ms,TECTONIC
1316,2024-09-03 23:16:44+00:00,14.95,122.63,3,5.3,042 km N 50° E of Jomalig (Quezon),Mw,TECTONIC
1317,2024-09-03 22:32:39+00:00,16.84,119.84,25,3.0,057 km S 89° W of Luna (La Union),Ms,TECTONIC
1318,2024-09-03 22:11:58+00:00,8.08,126.55,7,2.7,016 km N 72° E of Lingig (Surigao Del Sur),Ms,TECTONIC
1319,2024-09-03 21:57:54+00:00,9.68,123.59,6,2.1,013 km N 64° E of Boljoon (Cebu),Ms,TECTONIC
1320,2024-09-03 21:28:18+00:00,17.87,121.01,10,2.2,023 km N 16° E of Lacub (Abra),Ms,TECTONIC
1321,2024-09-03 20:27:11+00:00,8.45,124.41,20,2.9,013 km S 64° E of Initao (Misamis Oriental),Ms,TECTONIC
1322,2024-09-03 20:26:10+00:00,9.94,122.27,25,2.2,026 km N 43° W of City Of Sipalay (Negros Occidental),Ms,TECTONIC
1323,2024-09-03 19:54:34+00:00,12.49,125.54,15,3.8,029 km N 66° E of Gamay (Northern Samar),Ms,TECTONIC
1324,2024-09-03 19:47:10+00:00,12.42,119.58,54,3.4,049 km N 51° W of Busuanga (Palawan),Ms,TECTONIC
1325,2024-09-03 19:34:29+00:00,16.45,121.0,10,2.1,010 km S 18° W of Ambaguio (Nueva Vizcaya),Ms,TECTONIC
1326,2024-09-03 18:56:13+00:00,7.97,127.19,17,2.4,082 km N 57° E of Baganga (Davao Oriental),Ms,TECTONIC
1327,2024-09-03 18:53:05+00:00,8.0,126.96,25,2.6,060 km S 86° E of Lingig (Surigao Del Sur),Ms,TECTONIC
1328,2024-09-03 18:48:45+00:00,8.5,126.48,33,2.2,022 km N 47° E of Hinatuan (Surigao Del Sur),Ms,TECTONIC
1329,2024-09-03 18:45:30+00:00,13.83,120.59,134,2.5,004 km N 89° W of Calatagan (Batangas),Ms,TECTONIC
1330,2024-09-03 17:35:01+00:00,15.53,122.88,34,2.1,109 km N 33° E of Jomalig (Quezon),Ms,TECTONIC
1331,2024-09-03 17:29:58+00:00,8.11,124.57,8,2.2,013 km S 14° W of Talakag (Bukidnon),Ms,TECTONIC
1332,2024-09-03 16:34:04+00:00,13.54,123.05,5,2.4,003 km N 09° E of Pasacao (Camarines Sur),Ms,TECTONIC
1333,2024-09-03 16:28:47+00:00,6.84,126.88,12,2.0,053 km S 64° E of Tarragona (Davao Oriental),Ms,TECTONIC
1334,2024-09-03 15:35:48+00:00,8.07,126.32,33,1.9,011 km N 70° W of Lingig (Surigao Del Sur),Ms,TECTONIC
1335,2024-09-03 15:28:56+00:00,8.04,126.43,12,1.8,002 km S 84° E of Lingig (Surigao Del Sur),Ms,TECTONIC
1336,2024-09-03 14:54:31+00:00,6.17,125.69,33,2.0,003 km S 02° W of Don Marcelino (Davao Occidental),Ms,TECTONIC
1337,2024-09-03 14:17:39+00:00,7.67,126.55,19,2.4,010 km N 06° W of Baganga (Davao Oriental),Ms,TECTONIC
1338,2024-09-03 14:16:05+00:00,8.46,126.5,45,1.9,021 km N 61° E of Hinatuan (Surigao Del Sur),Ms,TECTONIC
1339,2024-09-03 14:14:48+00:00,8.44,126.74,27,2.4,045 km N 80° E of Hinatuan (Surigao Del Sur),Ms,TECTONIC
1340,2024-09-03 13:36:41+00:00,4.96,126.58,23,4.6,136 km S 65° E of Sarangani Island (Municipality Of Sarangani) (Davao Occidental),Mw,TECTONIC
1341,2024-09-03 12:08:36+00:00,9.44,126.08,34,2.8,016 km N 43° E of Cantilan (Surigao Del Sur),Ms,TECTONIC
1342,2024-09-03 10:58:51+00:00,10.93,125.17,12,1.6,015 km S 78° E of Dulag (Leyte),Ms,TECTONIC
1343,2024-09-03 10:20:19+00:00,19.96,121.52,29,2.1,056 km S 42° W of Sabtang (Batanes),Ms,TECTONIC
1344,2024-09-03 10:01:32+00:00,12.27,123.77,1,1.9,005 km N 16° W of Uson (Masbate),Ms,TECTONIC
1345,2024-09-03 09:27:28+00:00,12.54,124.69,32,1.5,007 km N 49° E of Catarman (Northern Samar),Ms,TECTONIC
1346,2024-09-03 08:46:04+00:00,5.0,127.67,33,4.5,246 km S 66° E of Jose Abad Santos (Davao Occidental),Ms,TECTONIC
1347,2024-09-03 07:06:12+00:00,7.95,126.99,16,1.9,065 km S 81° E of Lingig (Surigao Del Sur),Ms,TECTONIC
1348,2024-09-03 06:22:24+00:00,13.39,119.84,19,2.4,057 km S 50° W of Looc (Occidental Mindoro),Ms,TECTONIC
1349,2024-09-03 03:43:42+00:00,13.56,120.61,120,3.4,018 km N 46° W of Abra De Ilog (Occidental Mindoro),Ms,TECTONIC
1350,2024-09-03 03:04:41+00:00,12.08,125.53,43,4.2,007 km N 45° E of Dolores (Eastern Samar),Ms,TECTONIC
1351,2024-09-03 02:51:57+00:00,11.17,122.71,30,1.8,009 km N 49° E of City Of Passi (Iloilo),Ms,TECTONIC
1352,2024-09-03 02:44:27+00:00,16.54,120.89,3,3.2,009 km N 51° E of Bokod (Benguet),Ms,TECTONIC
1353,2024-09-03 01:48:39+00:00,15.08,123.26,35,1.6,074 km N 27° E of Tinaga Island (Vinzons) (Camarines Norte),Ms,TECTONIC
1354,2024-09-03 01:36:21+00:00,13.62,120.64,81,1.5,021 km N 25° W of Abra De Ilog (Occidental Mindoro),Ms,TECTONIC
1355,2024-09-03 00:19:36+00:00,13.44,120.16,17,3.4,032 km S 18° W of Looc (Occidental Mindoro),Ms,TECTONIC
1356,2024-09-03 00:09:55+00:00,8.0,126.64,34,1.5,026 km S 81° E of Lingig (Surigao Del Sur),Ms,TECTONIC
1357,2024-09-02 23:57:38+00:00,4.27,126.13,66,3.2,149 km S 32° E of Balut Island (Municipality Of Sarangani) (Davao Occidental),Ms,TECTONIC
1358,2024-09-02 23:23:13+00:00,6.7,126.85,10,2.6,059 km S 49° E of Tarragona (Davao Oriental),Ms,TECTONIC
1359,2024-09-02 22:22:26+00:00,8.1,126.53,37,2.7,015 km N 61° E of Lingig (Surigao Del Sur),Ms,TECTONIC
1360,2024-09-02 21:24:05+00:00,19.26,121.16,8,2.5,018 km N 17° W of Dalupiri Island (Calayan) (Cagayan),Ms,TECTONIC
1361,2024-09-02 21:01:43+00:00,8.13,127.07,13,2.3,073 km N 82° E of Lingig (Surigao Del Sur),Ms,TECTONIC
1362,2024-09-02 20:41:56+00:00,7.97,126.77,19,1.5,040 km N 61° E of Cateel (Davao Oriental),Ms,TECTONIC
1363,2024-09-02 20:36:01+00:00,9.63,126.2,28,2.7,018 km S 14° E of General Luna (Surigao Del Norte),Ms,TECTONIC
1364,2024-09-02 20:24:29+00:00,8.18,126.85,12,4.0,051 km N 72° E of Lingig (Surigao Del Sur),Ms,TECTONIC
1365,2024-09-02 19:28:06+00:00,10.07,122.49,62,3.1,019 km N 55° W of Cauayan (Negros Occidental),Ms,TECTONIC
1366,2024-09-02 19:04:15+00:00,13.86,120.5,69,2.4,015 km N 76° W of Calatagan (Batangas),Ms,TECTONIC
1367,2024-09-02 18:34:05+00:00,7.92,126.87,16,2.5,053 km S 75° E of Lingig (Surigao Del Sur),Ms,TECTONIC
1368,2024-09-02 18:04:40+00:00,10.05,126.16,14,3.5,010 km N 70° E of Burgos (Surigao Del Norte),Ms,TECTONIC
1369,2024-09-02 15:51:34+00:00,9.8,126.61,1,2.7,050 km N 88° E of General Luna (Surigao Del Norte),Ms,TECTONIC
1370,2024-09-02 15:33:37+00:00,12.01,124.86,30,2.6,005 km N 89° E of Gandara (Samar),Ms,TECTONIC
1371,2024-09-02 14:17:41+00:00,20.65,121.38,34,3.3,051 km S 73° W of Itbayat (Batanes),Ms,TECTONIC
1372,2024-09-02 14:07:44+00:00,13.79,120.48,114,2.1,017 km S 73° W of Calatagan (Batangas),Ms,TECTONIC
1373,2024-09-02 13:45:36+00:00,14.36,120.33,89,3.8,020 km S 65° W of Mariveles (Bataan),Ms,TECTONIC
1374,2024-09-02 12:48:08+00:00,10.77,126.45,1,2.9,080 km N 88° E of Homonhon Island (Guiuan) (Eastern Samar),Ms,TECTONIC
1375,2024-09-02 12:43:37+00:00,8.27,125.83,29,2.3,002 km S 77° E of La Paz (Agusan Del Sur),Ms,TECTONIC
1376,2024-09-02 11:23:03+00:00,13.08,123.28,17,1.7,019 km N 78° W of Pio Duran (Albay),Ms,TECTONIC
1377,2024-09-02 10:21:23+00:00,11.69,125.51,23,2.0,010 km S 43° E of San Julian (Eastern Samar),Ms,TECTONIC
1378,2024-09-02 09:59:50+00:00,7.89,126.23,3,2.0,017 km N 81° W of Boston (Davao Oriental),Ms,TECTONIC
1379,2024-09-02 06:35:27+00:00,15.63,121.73,9,3.4,023 km S 50° E of Baler (Aurora),Ms,TECTONIC
1380,2024-09-02 01:14:08+00:00,7.84,124.71,1,2.8,007 km N 23° E of Amai Manabilang (Lanao Del Sur),Ms,TECTONIC
1381,2024-09-02 00:49:54+00:00,7.79,124.68,1,3.4,001 km N 07° E of Amai Manabilang (Lanao Del Sur),Ms,TECTONIC
1382,2024-09-02 00:42:19+00:00,19.14,121.06,1,3.5,015 km N 78° W of Dalupiri Island (Calayan) (Cagayan),Ms,TECTONIC
1383,2024-09-01 22:52:37+00:00,17.42,122.01,24,2.3,024 km N 80° W of Maconacon (Isabela),Ms,TECTONIC
1384,2024-09-01 22:48:23+00:00,8.0,126.77,26,2.1,040 km S 84° E of Lingig (Surigao Del Sur),Ms,TECTONIC
1385,2024-09-01 22:35:21+00:00,12.47,120.62,8,2.5,037 km S 73° W of Calintaan (Occidental Mindoro),Ms,TECTONIC
1386,2024-09-01 20:48:12+00:00,6.59,126.55,32,2.1,052 km S 12° E of Tarragona (Davao Oriental),Ms,TECTONIC
1387,2024-09-01 20:11:20+00:00,7.09,124.98,1,2.6,008 km N 83° E of Matalam (Cotabato),Ms,TECTONIC
1388,2024-09-01 20:07:12+00:00,11.75,125.41,6,2.4,005 km S 82° W of San Julian (Eastern Samar),Ms,TECTONIC
1389,2024-09-01 20:02:00+00:00,16.38,120.92,16,2.2,004 km N 58° E of Kayapa (Nueva Vizcaya),Ms,TECTONIC
1390,2024-09-01 19:59:20+00:00,3.55,126.61,8,5.0,244 km S 33° E of Balut Island (Municipality Of Sarangani) (Davao Occidental),Mw,TECTONIC
1391,2024-09-01 19:55:38+00:00,20.39,121.75,69,3.6,018 km N 81° W of Ivana (Batanes),Ms,TECTONIC
1392,2024-09-01 19:44:54+00:00,15.07,119.78,8,2.4,032 km S 71° W of Cabangan (Zambales),Ms,TECTONIC
1393,2024-09-01 19:40:55+00:00,15.03,119.79,5,2.8,032 km S 64° W of Cabangan (Zambales),Ms,TECTONIC
1394,2024-09-01 17:43:33+00:00,8.09,127.09,1,2.8,075 km N 85° E of Lingig (Surigao Del Sur),Ms,TECTONIC
1395,2024-09-01 15:25:30+00:00,10.84,121.65,2,2.7,034 km N 71° W of San Jose De Buenavista (Antique),Ms,TECTONIC
1396,2024-09-01 13:10:18+00:00,14.68,119.84,17,2.4,041 km S 42° W of San Antonio (Zambales),Ms,TECTONIC
1397,2024-09-01 11:07:20+00:00,18.57,120.25,6,3.1,042 km N 81° W of Burgos (Ilocos Norte),Ms,TECTONIC
1398,2024-09-01 09:30:34+00:00,5.95,126.4,160,2.5,082 km S 70° E of Don Marcelino (Davao Occidental),Ms,TECTONIC
1399,2024-09-01 09:26:49+00:00,6.72,123.61,33,2.4,052 km N 79° W of Lebak (Sultan Kudarat),Ms,TECTONIC
1400,2024-09-01 09:14:08+00:00,16.91,119.93,1,2.2,057 km N 04° E of Bolinao (Pangasinan),Ms,TECTONIC
1401,2024-09-01 07:59:09+00:00,4.82,125.34,44,3.8,066 km S 08° W of Balut Island (Municipality Of Sarangani) (Davao Occidental),Ms,TECTONIC
1402,2024-09-01 07:09:53+00:00,6.89,126.18,29,2.6,007 km S 28° W of City Of Mati (Davao Oriental),Ms,TECTONIC
1403,2024-09-01 07:00:08+00:00,11.55,126.32,1,3.4,080 km N 73° E of Hernani (Eastern Samar),Ms,TECTONIC
1404,2024-09-01 06:22:03+00:00,18.55,120.87,3,1.8,007 km N 68° E of Dumalneg (Ilocos Norte),Ms,TECTONIC
1405,2024-09-01 04:32:22+00:00,11.5,125.93,8,2.3,038 km N 64° E of Hernani (Eastern Samar),Ms,TECTONIC
1406,2024-09-01 03:43:09+00:00,6.77,126.03,11,2.4,009 km S 40° W of San Isidro (Davao Oriental),Ms,TECTONIC
1407,2024-09-01 03:00:55+00:00,16.14,120.09,29,2.1,008 km N 07° W of Sual (Pangasinan),Ms,TECTONIC
1408,2024-09-01 02:28:11+00:00,5.86,126.07,126,2.4,048 km S 83° E of Jose Abad Santos (Davao Occidental),Ms,TECTONIC
1409,2024-09-01 02:18:51+00:00,6.35,126.71,1,2.0,078 km S 65° E of Governor Generoso (Davao Oriental),Ms,TECTONIC
1410,2024-09-01 01:56:01+00:00,6.3,126.92,1,2.6,098 km S 32° E of Tarragona (Davao Oriental),Ms,TECTONIC
1411,2024-09-01 00:49:26+00:00,4.61,125.32,24,4.3,097 km S 10° W of Sarangani Island (Municipality Of Sarangani) (Davao Occidental),Ms,TECTONIC
1412,2024-09-01 00:37:03+00:00,12.97,124.88,1,2.2,046 km N 06° W of Pambujan (Northern Samar),Ms,TECTONIC
1413,2024-08-31 23:53:08+00:00,5.5,126.82,2,3.0,139 km S 70° E of Jose Abad Santos (Davao Occidental),Ms,TECTONIC
1414,2024-08-31 22:15:23+00:00,9.25,123.2,6,2.8,008 km S 74° W of Valencia (Negros Oriental),Ms,TECTONIC
1415,2024-08-31 21:29:02+00:00,10.6,122.41,21,2.4,009 km S 25° E of Tigbauan (Iloilo),Ms,TECTONIC
1416,2024-08-31 20:54:32+00:00,15.04,122.49,24,1.8,042 km N 25° E of Jomalig (Quezon),Ms,TECTONIC
1417,2024-08-31 20:48:12+00:00,15.31,120.41,126,1.6,017 km N 83° W of Bamban (Tarlac),Ms,TECTONIC
1418,2024-08-31 20:39:39+00:00,13.68,120.59,138,1.6,018 km S 14° W of Calatagan (Batangas),Ms,TECTONIC
1419,2024-08-31 20:07:54+00:00,7.65,124.68,23,1.6,005 km N 78° W of Wao (Lanao Del Sur),Ms,TECTONIC
1420,2024-08-31 20:01:09+00:00,8.51,127.21,1,2.9,098 km N 81° E of Hinatuan (Surigao Del Sur),Ms,TECTONIC
1421,2024-08-31 19:48:13+00:00,15.13,119.99,33,2.0,008 km S 67° W of Cabangan (Zambales),Ms,TECTONIC
1422,2024-08-31 19:41:12+00:00,17.3,120.26,18,2.3,020 km S 80° W of San Esteban (Ilocos Sur),Ms,TECTONIC
1423,2024-08-31 19:07:38+00:00,6.28,126.48,31,3.4,062 km S 47° E of Governor Generoso (Davao Oriental),Ms,TECTONIC
1424,2024-08-31 18:59:20+00:00,8.0,126.74,2,2.1,036 km S 84° E of Lingig (Surigao Del Sur),Ms,TECTONIC
1425,2024-08-31 18:47:45+00:00,10.84,125.32,3,2.1,031 km S 14° W of Balangiga (Eastern Samar),Ms,TECTONIC
1426,2024-08-31 18:16:50+00:00,8.62,126.79,2,2.2,057 km N 60° E of Hinatuan (Surigao Del Sur),Ms,TECTONIC
1427,2024-08-31 18:14:37+00:00,12.53,123.6,8,2.6,013 km N 57° E of Baleno (Masbate),Ms,TECTONIC
1428,2024-08-31 18:13:55+00:00,7.86,124.7,3,1.5,008 km N 15° E of Amai Manabilang (Lanao Del Sur),Ms,TECTONIC
1429,2024-08-31 18:13:13+00:00,8.49,126.96,3,1.3,070 km N 79° E of Hinatuan (Surigao Del Sur),Ms,TECTONIC
1430,2024-08-31 18:05:29+00:00,16.35,119.69,9,2.8,022 km S 78° W of Bolinao (Pangasinan),Ms,TECTONIC
1431,2024-08-31 17:52:33+00:00,19.0,121.14,7,2.9,013 km S 31° W of Dalupiri Island (Calayan) (Cagayan),Ms,TECTONIC
1432,2024-08-31 17:50:12+00:00,6.3,127.38,151,2.9,132 km S 51° E of Tarragona (Davao Oriental),Ms,TECTONIC
1433,2024-08-31 17:43:21+00:00,12.56,123.65,3,3.1,009 km S 09° W of Monreal (Masbate),Ms,TECTONIC
1434,2024-08-31 17:41:46+00:00,6.37,126.38,19,3.5,046 km S 47° E of Governor Generoso (Davao Oriental),Ms,TECTONIC
1435,2024-08-31 17:34:40+00:00,12.28,123.6,33,1.6,008 km S 46° W of Mobo (Masbate),Ms,TECTONIC
1436,2024-08-31 17:20:06+00:00,8.14,126.81,20,1.7,045 km N 75° E of Lingig (Surigao Del Sur),Ms,TECTONIC
1437,2024-08-31 16:35:08+00:00,8.18,126.76,19,2.6,041 km N 68° E of Lingig (Surigao Del Sur),Ms,TECTONIC
1438,2024-08-31 16:02:57+00:00,8.45,126.82,12,2.6,054 km N 80° E of Hinatuan (Surigao Del Sur),Ms,TECTONIC
1439,2024-08-31 16:02:00+00:00,7.83,124.7,1,1.9,006 km N 25° E of Amai Manabilang (Lanao Del Sur),Ms,TECTONIC
1440,2024-08-31 16:01:19+00:00,18.5,121.02,10,3.4,008 km S 23° E of Santa Praxedes (Cagayan),Ms,TECTONIC
