,datetime,lat,lon,depth_km,mag,location,mag_type,event_type
0,2024-10-31 14:44:59+00:00,17.62,120.26,27,2.1,011 km N 74° W of Santa Catalina (Ilocos Sur),Ms,TECTONIC
1,2024-10-31 13:38:02+00:00,19.22,121.12,1,3.6,016 km N 35° W of Dalupiri Island (Calayan) (Cagayan),Ms,TECTONIC
2,2024-10-31 13:13:16+00:00,10.01,126.01,69,1.9,003 km S 63° W of Santa Monica (Surigao Del Norte),Ms,TECTONIC
3,2024-10-31 12:52:48+00:00,17.78,120.39,7,2.0,012 km S 37° W of Sinait (Ilocos Sur),Ms,TECTONIC
4,2024-10-31 12:23:44+00:00,8.68,126.48,19,2.1,024 km S 55° E of Marihatag (Surigao Del Sur),Ms,TECTONIC
5,2024-10-31 11:57:48+00:00,7.68,126.96,7,2.6,045 km N 75° E of Baganga (Davao Oriental),Ms,TECTONIC
6,2024-10-31 11:56:43+00:00,18.02,121.02,13,3.0,017 km S 89° W of Kabugao (Apayao),Ms,TECTONIC
7,2024-10-31 11:43:39+00:00,17.3,119.91,24,3.4,057 km S 86° W of San Esteban (Ilocos Sur),Ms,TECTONIC
8,2024-10-31 10:57:21+00:00,10.49,125.06,1,2.2,019 km N 54° W of Hinunangan (Southern Leyte),Ms,TECTONIC
9,2024-10-31 10:51:56+00:00,10.55,125.11,1,3.3,006 km N 70° W of Silago (Southern Leyte),Ms,TECTONIC
10,2024-10-31 04:26:39+00:00,14.73,120.16,28,1.9,013 km N 64° W of Morong (Bataan),Ms,TECTONIC
11,2024-10-31 04:22:02+00:00,12.53,123.59,6,3.2,012 km N 57° E of Baleno (Masbate),Ms,TECTONIC
12,2024-10-30 23:47:19+00:00,4.11,127.31,111,3.9,253 km S 54° E of Sarangani Island (Municipality Of Sarangani) (Davao Occidental),Ms,TECTONIC
13,2024-10-30 21:39:09+00:00,19.14,121.11,12,4.9,011 km N 67° W of Dalupiri Island (Calayan) (Cagayan),Mw,TECTONIC
14,2024-10-30 21:17:10+00:00,17.29,120.11,28,2.7,036 km S 84° W of San Esteban (Ilocos Sur),Ms,TECTONIC
15,2024-10-30 21:00:28+00:00,6.53,124.4,5,1.7,012 km N 49° E of Senator Ninoy Aquino (Sultan Kudarat),Ms,TECTONIC
16,2024-10-30 20:02:37+00:00,7.6,126.04,5,2.5,008 km S 88° E of Nabunturan (Davao De Oro),Ms,TECTONIC
17,2024-10-30 19:04:10+00:00,8.81,126.46,25,3.5,018 km N 87° E of Marihatag (Surigao Del Sur),Ms,TECTONIC
18,2024-10-30 18:25:20+00:00,6.33,126.47,101,2.4,057 km S 51° E of Governor Generoso (Davao Oriental),Ms,TECTONIC
19,2024-10-30 18:13:35+00:00,9.26,126.99,1,2.7,084 km N 67° E of Bayabas (Surigao Del Sur),Ms,TECTONIC
20,2024-10-30 17:40:58+00:00,7.72,122.17,22,2.0,004 km N 64° E of Siocon (Zamboanga Del Norte),Ms,TECTONIC
21,2024-10-30 17:32:29+00:00,16.64,122.22,13,3.8,014 km N 17° W of Dinapigue (Isabela),Ms,TECTONIC
22,2024-10-30 17:26:58+00:00,12.14,125.09,24,2.7,012 km N 38° E of San Jose De Buan (Samar),Ms,TECTONIC
23,2024-10-30 17:05:47+00:00,9.33,125.54,7,2.1,007 km N 14° W of Santiago (Agusan Del Norte),Ms,TECTONIC
24,2024-10-30 14:53:01+00:00,9.34,125.54,1,2.8,009 km N 15° W of Santiago (Agusan Del Norte),Ms,TECTONIC
25,2024-10-30 14:07:35+00:00,8.0,127.2,22,1.9,085 km N 56° E of Baganga (Davao Oriental),Ms,TECTONIC
26,2024-10-30 14:06:22+00:00,9.0,126.57,20,2.6,031 km N 74° E of Cagwait (Surigao Del Sur),Ms,TECTONIC
27,2024-10-30 13:03:50+00:00,6.38,126.96,89,4.9,093 km S 37° E of Tarragona (Davao Oriental),Ms,TECTONIC
28,2024-10-30 12:15:01+00:00,7.57,126.7,36,2.0,016 km S 86° E of Baganga (Davao Oriental),Ms,TECTONIC
29,2024-10-30 12:10:42+00:00,9.32,124.43,12,2.6,036 km S 24° E of Garcia Hernandez (Bohol),Ms,TECTONIC
30,2024-10-30 12:09:28+00:00,17.39,121.43,17,2.8,010 km S 23° W of City Of Tabuk (Kalinga),Ms,TECTONIC
31,2024-10-30 11:57:07+00:00,10.76,122.58,35,1.4,003 km S 25° W of Leganes (Iloilo),Ms,TECTONIC
32,2024-10-30 09:56:49+00:00,12.13,120.79,31,1.9,039 km S 52° W of San Jose (Occidental Mindoro),Ms,TECTONIC
33,2024-10-30 09:21:02+00:00,5.99,126.82,14,2.8,111 km S 48° E of Governor Generoso (Davao Oriental),Ms,TECTONIC
34,2024-10-30 06:33:55+00:00,6.71,125.15,6,2.1,005 km S 07° W of Magsaysay (Davao Del Sur),Ms,TECTONIC
35,2024-10-30 06:29:38+00:00,6.87,125.29,34,2.0,013 km N 43° E of Bansalan (Davao Del Sur),Ms,TECTONIC
36,2024-10-30 05:39:40+00:00,8.12,127.3,1,4.0,098 km N 85° E of Lingig (Surigao Del Sur),Ms,TECTONIC
37,2024-10-30 04:31:04+00:00,11.63,124.3,8,2.0,009 km N 86° W of Almeria (Biliran),Ms,TECTONIC
38,2024-10-30 03:40:05+00:00,8.16,127.38,7,3.0,105 km N 82° E of Lingig (Surigao Del Sur),Ms,TECTONIC
39,2024-10-30 03:15:38+00:00,10.5,124.43,19,2.0,014 km S 10° E of Poro (Cebu),Ms,TECTONIC
40,2024-10-30 01:47:41+00:00,11.32,122.0,9,2.2,005 km N 45° W of Tibiao (Antique),Ms,TECTONIC
41,2024-10-29 23:03:39+00:00,10.27,126.06,20,2.6,028 km N 04° W of Burgos (Surigao Del Norte),Ms,TECTONIC
42,2024-10-29 20:35:13+00:00,18.34,120.75,2,3.5,014 km N 89° E of Pasuquin (Ilocos Norte),Ms,TECTONIC
43,2024-10-29 20:05:17+00:00,6.68,125.36,35,1.8,005 km N 23° E of Padada (Davao Del Sur),Ms,TECTONIC
44,2024-10-29 20:00:54+00:00,4.47,125.91,162,3.2,117 km S 27° E of Balut Island (Municipality Of Sarangani) (Davao Occidental),Ms,TECTONIC
45,2024-10-29 18:59:08+00:00,6.67,125.26,33,2.0,005 km S 67° W of Hagonoy (Davao Del Sur),Ms,TECTONIC
46,2024-10-29 17:35:59+00:00,15.45,120.16,9,1.6,023 km N 38° E of Botolan (Zambales),Ms,TECTONIC
47,2024-10-29 17:13:41+00:00,10.29,123.77,8,3.7,006 km N 32° W of Minglanilla (Cebu),Ms,TECTONIC
48,2024-10-29 16:45:22+00:00,6.72,127.03,15,2.4,074 km S 60° E of Tarragona (Davao Oriental),Ms,TECTONIC
49,2024-10-29 16:06:02+00:00,9.36,122.37,32,1.7,029 km S 21° W of Hinoba-an (Negros Occidental),Ms,TECTONIC
50,2024-10-29 15:52:12+00:00,8.96,122.58,21,2.9,050 km S 07° W of Basay (Negros Oriental),Ms,TECTONIC
51,2024-10-29 15:37:47+00:00,11.75,125.29,24,2.4,018 km S 88° W of San Julian (Eastern Samar),Ms,TECTONIC
52,2024-10-29 12:52:05+00:00,16.92,121.55,30,2.0,006 km N 38° W of San Mateo (Isabela),Ms,TECTONIC
53,2024-10-29 11:41:31+00:00,15.46,121.86,5,2.4,046 km S 44° E of Baler (Aurora),Ms,TECTONIC
54,2024-10-29 11:36:20+00:00,6.13,127.04,107,3.0,121 km S 61° E of Governor Generoso (Davao Oriental),Ms,TECTONIC
55,2024-10-29 11:02:56+00:00,10.23,126.92,16,4.3,096 km N 76° E of Burgos (Surigao Del Norte),Ms,TECTONIC
56,2024-10-29 09:12:50+00:00,8.43,122.5,2,2.7,039 km N 28° W of Liloy (Zamboanga Del Norte),Ms,TECTONIC
57,2024-10-29 06:25:00+00:00,9.78,126.24,26,2.5,009 km S 87° E of General Luna (Surigao Del Norte),Ms,TECTONIC
58,2024-10-29 05:37:36+00:00,4.91,124.39,44,3.3,122 km S 13° W of Kiamba (Sarangani),Ms,TECTONIC
59,2024-10-29 00:01:31+00:00,6.71,125.13,5,2.3,006 km S 35° W of Magsaysay (Davao Del Sur),Ms,TECTONIC
60,2024-10-28 21:24:45+00:00,8.71,126.44,30,2.9,019 km S 57° E of Marihatag (Surigao Del Sur),Ms,TECTONIC
61,2024-10-28 20:55:27+00:00,9.83,126.37,19,1.5,024 km N 78° E of General Luna (Surigao Del Norte),Ms,TECTONIC
62,2024-10-28 19:15:28+00:00,12.43,124.79,27,2.9,011 km S 23° E of Mondragon (Northern Samar),Ms,TECTONIC
63,2024-10-28 18:55:33+00:00,13.49,123.59,10,2.0,009 km N 52° E of Buhi (Camarines Sur),Ms,TECTONIC
64,2024-10-28 18:41:40+00:00,9.88,126.21,17,3.0,012 km N 30° E of General Luna (Surigao Del Norte),Ms,TECTONIC
65,2024-10-28 18:32:16+00:00,5.71,126.33,200,3.2,079 km S 74° E of Jose Abad Santos (Davao Occidental),Ms,TECTONIC
66,2024-10-28 17:25:23+00:00,9.87,126.42,13,2.3,030 km N 71° E of General Luna (Surigao Del Norte),Ms,TECTONIC
67,2024-10-28 17:03:15+00:00,11.01,124.84,1,2.4,007 km N 56° W of Burauen (Leyte),Ms,TECTONIC
68,2024-10-28 14:29:50+00:00,16.5,121.01,2,3.6,004 km S 33° W of Ambaguio (Nueva Vizcaya),Ms,TECTONIC
69,2024-10-28 12:50:42+00:00,9.84,126.41,12,2.4,029 km N 77° E of General Luna (Surigao Del Norte),Ms,TECTONIC
70,2024-10-28 12:47:36+00:00,9.89,126.23,10,1.9,014 km N 35° E of General Luna (Surigao Del Norte),Ms,TECTONIC
71,2024-10-28 12:43:46+00:00,9.87,126.66,2,2.8,056 km N 80° E of General Luna (Surigao Del Norte),Ms,TECTONIC
72,2024-10-28 12:05:07+00:00,6.83,125.03,7,2.9,017 km N 58° W of Magsaysay (Davao Del Sur),Ms,TECTONIC
73,2024-10-28 10:14:33+00:00,12.84,125.6,20,3.0,055 km N 43° E of Mapanas (Northern Samar),Ms,TECTONIC
74,2024-10-28 09:57:02+00:00,6.68,126.34,27,2.5,030 km N 84° E of Governor Generoso (Davao Oriental),Ms,TECTONIC
75,2024-10-28 09:29:56+00:00,14.31,121.4,7,1.6,004 km N 21° W of Santa Cruz (Laguna),Ms,TECTONIC
76,2024-10-28 08:04:26+00:00,13.18,124.01,8,2.4,016 km N 68° E of Manito (Albay),Ms,TECTONIC
77,2024-10-28 03:17:31+00:00,15.45,121.7,21,2.4,034 km N 79° E of Dingalan (Aurora),Ms,TECTONIC
78,2024-10-28 02:04:12+00:00,15.87,121.01,20,2.0,009 km N 16° E of San Jose City (Nueva Ecija),Ms,TECTONIC
79,2024-10-28 01:54:03+00:00,5.3,127.59,11,3.0,224 km S 48° E of Governor Generoso (Davao Oriental),Ms,TECTONIC
80,2024-10-28 01:44:58+00:00,7.66,124.78,2,2.6,007 km N 67° E of Wao (Lanao Del Sur),Ms,TECTONIC
81,2024-10-27 21:51:24+00:00,11.44,124.42,11,2.0,007 km S 67° W of Biliran (Biliran),Ms,TECTONIC
82,2024-10-27 21:50:52+00:00,14.28,120.36,117,1.9,022 km S 40° W of Mariveles (Bataan),Ms,TECTONIC
83,2024-10-27 21:07:24+00:00,7.02,123.91,28,2.1,014 km S 68° W of Datu Blah T. Sinsuat (Maguindanao Del Norte),Ms,TECTONIC
84,2024-10-27 17:55:08+00:00,13.21,125.72,31,3.1,096 km N 32° E of Mapanas (Northern Samar),Ms,TECTONIC
85,2024-10-27 16:11:01+00:00,5.35,126.59,7,3.5,122 km S 59° E of Jose Abad Santos (Davao Occidental),Ms,TECTONIC
86,2024-10-27 15:56:15+00:00,4.91,127.09,29,4.6,190 km S 71° E of Sarangani Island (Municipality Of Sarangani) (Davao Occidental),Mw,TECTONIC
87,2024-10-27 14:34:08+00:00,16.91,120.19,23,2.6,021 km N 73° W of Luna (La Union),Ms,TECTONIC
88,2024-10-27 14:22:18+00:00,5.76,126.46,1,3.5,092 km S 80° E of Jose Abad Santos (Davao Occidental),Ms,TECTONIC
89,2024-10-27 13:04:19+00:00,19.94,121.17,15,3.7,081 km N 23° W of Calayan (Cagayan),Ms,TECTONIC
90,2024-10-27 11:19:41+00:00,16.65,121.05,22,2.1,008 km S 13° W of Asipolo (Ifugao),Ms,TECTONIC
91,2024-10-27 11:07:35+00:00,17.78,120.62,26,3.3,011 km N 26° W of Danglas (Abra),Ms,TECTONIC
92,2024-10-27 09:15:04+00:00,15.61,122.02,2,3.0,052 km S 72° E of Baler (Aurora),Ms,TECTONIC
93,2024-10-27 09:09:58+00:00,15.44,121.87,11,3.0,048 km S 43° E of Baler (Aurora),Ms,TECTONIC
94,2024-10-27 05:09:06+00:00,18.52,120.84,7,2.5,003 km S 79° E of Dumalneg (Ilocos Norte),Ms,TECTONIC
95,2024-10-27 04:58:21+00:00,15.32,122.03,6,2.5,048 km N 29° E of Panukulan (Quezon),Ms,TECTONIC
96,2024-10-27 02:05:44+00:00,8.24,126.85,11,3.0,053 km N 65° E of Lingig (Surigao Del Sur),Ms,TECTONIC
97,2024-10-27 01:37:09+00:00,9.54,122.68,26,2.2,016 km N 18° E of Basay (Negros Oriental),Ms,TECTONIC
98,2024-10-26 22:16:55+00:00,21.85,121.07,28,3.9,130 km N 38° W of Itbayat (Batanes),Ms,TECTONIC
99,2024-10-26 21:25:22+00:00,7.98,126.48,33,1.5,010 km S 48° E of Lingig (Surigao Del Sur),Ms,TECTONIC
100,2024-10-26 20:10:16+00:00,8.03,126.42,33,2.1,001 km S 67° E of Lingig (Surigao Del Sur),Ms,TECTONIC
101,2024-10-26 20:09:34+00:00,10.23,122.2,17,2.4,037 km S 54° E of Anini-y (Antique),Ms,TECTONIC
102,2024-10-26 18:54:03+00:00,15.15,120.15,76,1.9,010 km S 87° E of Cabangan (Zambales),Ms,TECTONIC
103,2024-10-26 18:51:48+00:00,9.62,126.19,21,3.2,018 km S 12° E of General Luna (Surigao Del Norte),Ms,TECTONIC
104,2024-10-26 18:37:29+00:00,9.96,126.09,14,3.1,002 km North of San Isidro (Surigao Del Norte),Ms,TECTONIC
105,2024-10-26 17:56:16+00:00,16.08,122.02,12,2.3,010 km S 46° E of Dinalungan (Aurora),Ms,TECTONIC
106,2024-10-26 17:41:35+00:00,9.74,124.82,1,3.0,027 km S 89° E of Anda (Bohol),Ms,TECTONIC
107,2024-10-26 16:28:30+00:00,18.25,121.42,10,2.0,004 km N 08° E of Flora (Apayao),Ms,TECTONIC
108,2024-10-26 16:22:49+00:00,8.1,123.08,4,4.1,017 km S 11° W of Siayan (Zamboanga Del Norte),Ms,TECTONIC
109,2024-10-26 15:31:41+00:00,7.12,125.37,6,3.3,027 km N 78° W of City Of Davao,Ms,TECTONIC
110,2024-10-26 15:26:43+00:00,12.26,124.44,32,1.9,018 km S 40° E of San Isidro (Northern Samar),Ms,TECTONIC
111,2024-10-26 14:52:42+00:00,17.35,120.67,30,1.9,005 km N 39° W of Luba (Abra),Ms,TECTONIC
112,2024-10-26 14:48:14+00:00,13.69,120.49,84,2.2,022 km S 45° W of Calatagan (Batangas),Ms,TECTONIC
113,2024-10-26 14:13:28+00:00,7.09,127.11,42,2.9,065 km S 78° E of Manay (Davao Oriental),Ms,TECTONIC
114,2024-10-26 14:09:05+00:00,6.51,126.33,54,2.2,032 km S 61° E of Governor Generoso (Davao Oriental),Ms,TECTONIC
115,2024-10-26 13:56:34+00:00,12.42,124.81,25,2.9,012 km S 30° E of Mondragon (Northern Samar),Ms,TECTONIC
116,2024-10-26 13:44:29+00:00,10.04,126.15,12,3.4,009 km N 77° E of Burgos (Surigao Del Norte),Ms,TECTONIC
117,2024-10-26 12:42:46+00:00,8.86,126.39,28,2.6,012 km S 55° E of Cagwait (Surigao Del Sur),Ms,TECTONIC
118,2024-10-26 11:23:25+00:00,16.7,120.0,17,2.6,035 km N 74° W of City Of San Fernando (La Union),Ms,TECTONIC
119,2024-10-26 11:00:05+00:00,14.96,121.46,23,2.0,028 km N 38° W of General Nakar (Quezon),Ms,TECTONIC
120,2024-10-26 07:16:29+00:00,10.11,126.0,33,2.3,011 km N 22° W of Santa Monica (Surigao Del Norte),Ms,TECTONIC
121,2024-10-26 07:08:05+00:00,19.06,120.97,2,3.0,025 km S 79° W of Dalupiri Island (Calayan) (Cagayan),Ms,TECTONIC
122,2024-10-26 05:20:03+00:00,14.61,120.13,12,1.9,017 km S 62° W of Morong (Bataan),Ms,TECTONIC
123,2024-10-26 05:18:12+00:00,8.84,123.22,5,1.7,028 km S 04° E of Zamboanguita (Negros Oriental),Ms,TECTONIC
124,2024-10-26 03:38:21+00:00,19.06,121.24,10,2.6,007 km S 29° E of Dalupiri Island (Calayan) (Cagayan),Ms,TECTONIC
125,2024-10-26 03:21:28+00:00,6.01,126.73,32,1.8,101 km S 46° E of Governor Generoso (Davao Oriental),Ms,TECTONIC
126,2024-10-26 02:30:17+00:00,8.2,126.71,16,1.5,037 km N 61° E of Lingig (Surigao Del Sur),Ms,TECTONIC
127,2024-10-26 02:20:26+00:00,14.41,123.03,1,2.5,012 km S 49° E of Tinaga Island (Vinzons) (Camarines Norte),Ms,TECTONIC
128,2024-10-26 01:25:28+00:00,8.87,126.56,23,2.6,029 km S 80° E of Cagwait (Surigao Del Sur),Ms,TECTONIC
129,2024-10-26 01:08:48+00:00,9.78,126.3,42,1.8,016 km S 88° E of General Luna (Surigao Del Norte),Ms,TECTONIC
130,2024-10-26 01:04:14+00:00,15.22,122.73,1,2.2,072 km N 37° E of Jomalig (Quezon),Ms,TECTONIC
131,2024-10-26 00:28:58+00:00,18.18,120.92,25,2.0,011 km N 70° E of Carasi (Ilocos Norte),Ms,TECTONIC
132,2024-10-26 00:07:09+00:00,5.91,125.99,125,2.1,038 km N 90° E of Jose Abad Santos (Davao Occidental),Ms,TECTONIC
133,2024-10-25 23:23:44+00:00,14.22,122.1,1,1.8,016 km N 35° E of Alabat (Quezon),Ms,TECTONIC
134,2024-10-25 21:43:25+00:00,15.07,122.86,1,2.8,066 km N 08° W of Tinaga Island (Vinzons) (Camarines Norte),Ms,TECTONIC
135,2024-10-25 21:27:55+00:00,7.93,126.64,33,1.6,025 km N 53° E of Cateel (Davao Oriental),Ms,TECTONIC
136,2024-10-25 21:05:19+00:00,17.62,121.18,16,1.8,013 km N 07° W of Balbalan (Kalinga),Ms,TECTONIC
137,2024-10-25 20:38:45+00:00,12.62,126.36,27,2.8,105 km N 62° E of San Policarpo (Eastern Samar),Ms,TECTONIC
138,2024-10-25 19:34:52+00:00,8.4,121.62,20,3.0,086 km N 42° W of Baliguian (Zamboanga Del Norte),Ms,TECTONIC
139,2024-10-25 19:34:52+00:00,5.5,125.48,168,2.7,003 km N 09° E of Sarangani Island (Municipality Of Sarangani) (Davao Occidental),Ms,TECTONIC
140,2024-10-25 18:07:59+00:00,7.91,126.27,31,1.6,012 km N 70° W of Boston (Davao Oriental),Ms,TECTONIC
141,2024-10-25 18:04:15+00:00,11.76,125.71,14,1.9,028 km N 89° E of San Julian (Eastern Samar),Ms,TECTONIC
142,2024-10-25 17:43:30+00:00,8.7,126.47,29,3.4,022 km S 61° E of Marihatag (Surigao Del Sur),Ms,TECTONIC
143,2024-10-25 15:40:44+00:00,7.66,124.71,33,1.1,003 km N 32° W of Wao (Lanao Del Sur),Ms,TECTONIC
144,2024-10-25 15:34:08+00:00,11.38,125.52,16,2.1,005 km S 39° W of Llorente (Eastern Samar),Ms,TECTONIC
145,2024-10-25 15:20:57+00:00,5.22,126.38,14,2.9,099 km S 77° E of Sarangani Island (Municipality Of Sarangani) (Davao Occidental),Ms,TECTONIC
146,2024-10-25 15:12:11+00:00,9.55,124.01,7,1.8,006 km South of Loay (Bohol),Ms,TECTONIC
147,2024-10-25 14:52:04+00:00,9.47,123.99,3,2.9,015 km S 09° W of Loay (Bohol),Ms,TECTONIC
148,2024-10-25 14:10:32+00:00,9.04,126.35,22,2.6,011 km N 43° E of Bayabas (Surigao Del Sur),Ms,TECTONIC
149,2024-10-25 12:52:25+00:00,7.83,126.05,33,1.5,001 km N 51° W of Monkayo (Davao De Oro),Ms,TECTONIC
150,2024-10-25 11:00:22+00:00,7.9,126.78,19,1.5,038 km N 72° E of Cateel (Davao Oriental),Ms,TECTONIC
151,2024-10-25 10:16:12+00:00,13.41,120.51,20,2.3,005 km S 85° E of Paluan (Occidental Mindoro),Ms,TECTONIC
152,2024-10-25 10:13:16+00:00,10.47,126.31,18,2.8,056 km N 28° E of Burgos (Surigao Del Norte),Ms,TECTONIC
153,2024-10-25 09:59:27+00:00,8.52,127.09,1,2.4,085 km N 79° E of Hinatuan (Surigao Del Sur),Ms,TECTONIC
154,2024-10-25 09:44:34+00:00,9.54,124.0,5,1.7,007 km S 06° W of Loay (Bohol),Ms,TECTONIC
155,2024-10-25 08:52:47+00:00,20.46,122.01,20,3.3,004 km N 76° E of Basco (Batanes),Ms,TECTONIC
156,2024-10-25 08:25:02+00:00,5.64,125.66,33,2.8,028 km N 48° E of Sarangani Island (Municipality Of Sarangani) (Davao Occidental),Ms,TECTONIC
157,2024-10-25 07:32:54+00:00,11.19,125.57,17,2.3,008 km S 32° E of General Macarthur (Eastern Samar),Ms,TECTONIC
158,2024-10-25 06:32:07+00:00,14.48,123.02,1,2.8,008 km East of Tinaga Island (Vinzons) (Camarines Norte),Ms,TECTONIC
159,2024-10-25 06:26:55+00:00,7.36,126.69,33,2.0,014 km N 76° E of Caraga (Davao Oriental),Ms,TECTONIC
160,2024-10-25 06:26:41+00:00,18.07,121.29,27,1.6,012 km N 67° E of Kabugao (Apayao),Ms,TECTONIC
161,2024-10-25 04:55:09+00:00,5.69,126.64,74,2.9,113 km S 78° E of Jose Abad Santos (Davao Occidental),Ms,TECTONIC
162,2024-10-25 03:21:46+00:00,7.4,126.29,1,3.7,020 km N 62° E of Maragusan (Davao De Oro),Ms,TECTONIC
163,2024-10-25 00:08:28+00:00,8.46,124.36,9,3.4,008 km N 69° E of Naawan (Misamis Oriental),Ms,TECTONIC
164,2024-10-24 23:15:56+00:00,14.48,123.06,1,2.6,012 km N 85° E of Tinaga Island (Vinzons) (Camarines Norte),Ms,TECTONIC
165,2024-10-24 22:35:02+00:00,9.8,124.76,6,2.5,021 km N 74° E of Anda (Bohol),Ms,TECTONIC
166,2024-10-24 22:27:17+00:00,10.76,122.4,22,1.8,002 km S 31° E of Leon (Iloilo),Ms,TECTONIC
167,2024-10-24 21:57:47+00:00,11.15,125.64,23,2.3,003 km N 85° W of Salcedo (Eastern Samar),Ms,TECTONIC
168,2024-10-24 21:25:24+00:00,9.76,124.76,1,3.2,021 km N 84° E of Anda (Bohol),Ms,TECTONIC
169,2024-10-24 20:51:37+00:00,6.65,125.19,18,2.4,007 km S 22° W of Matanao (Davao Del Sur),Ms,TECTONIC
170,2024-10-24 20:23:33+00:00,11.75,125.71,3,2.4,028 km S 90° E of San Julian (Eastern Samar),Ms,TECTONIC
171,2024-10-24 19:59:10+00:00,17.28,122.25,1,2.0,007 km S 48° W of Divilacan (Isabela),Ms,TECTONIC
172,2024-10-24 19:51:57+00:00,12.4,123.62,10,2.1,003 km N 02° W of City Of Masbate (Masbate),Ms,TECTONIC
173,2024-10-24 19:49:13+00:00,11.28,124.57,10,1.6,008 km S 82° W of Capoocan (Leyte),Ms,TECTONIC
174,2024-10-24 19:48:17+00:00,11.28,124.57,13,1.5,008 km S 79° W of Capoocan (Leyte),Ms,TECTONIC
175,2024-10-24 19:22:45+00:00,11.28,124.58,18,1.6,007 km S 77° W of Capoocan (Leyte),Ms,TECTONIC
176,2024-10-24 19:15:04+00:00,17.25,122.34,1,1.8,010 km S 29° E of Divilacan (Isabela),Ms,TECTONIC
177,2024-10-24 19:14:53+00:00,17.72,120.65,33,1.3,004 km N 34° W of Danglas (Abra),Ms,TECTONIC
178,2024-10-24 18:31:22+00:00,16.14,122.28,6,1.8,023 km S 49° E of Casiguran (Aurora),Ms,TECTONIC
179,2024-10-24 18:13:53+00:00,6.7,126.79,33,2.6,054 km S 44° E of Tarragona (Davao Oriental),Ms,TECTONIC
180,2024-10-24 17:38:04+00:00,17.65,120.58,10,2.1,007 km N 35° W of Bangued (Abra),Ms,TECTONIC
181,2024-10-24 17:23:24+00:00,9.51,124.07,34,1.6,011 km S 35° E of Loay (Bohol),Ms,TECTONIC
182,2024-10-24 16:25:59+00:00,9.5,124.04,34,1.5,011 km S 16° E of Loay (Bohol),Ms,TECTONIC
183,2024-10-24 16:00:20+00:00,9.53,124.01,8,2.3,008 km S 03° E of Loay (Bohol),Ms,TECTONIC
184,2024-10-24 15:47:34+00:00,9.52,124.0,3,3.3,009 km S 06° W of Loay (Bohol),Ms,TECTONIC
185,2024-10-24 15:44:54+00:00,9.5,124.01,4,2.8,011 km S 01° W of Loay (Bohol),Ms,TECTONIC
186,2024-10-24 15:10:04+00:00,13.83,120.43,91,2.2,021 km S 89° W of Calatagan (Batangas),Ms,TECTONIC
187,2024-10-24 13:32:19+00:00,17.77,121.23,13,1.5,011 km S 72° W of Conner (Apayao),Ms,TECTONIC
188,2024-10-24 13:24:35+00:00,11.45,124.52,1,2.2,005 km S 65° E of Biliran (Biliran),Ms,TECTONIC
189,2024-10-24 13:20:03+00:00,7.82,124.69,6,2.2,003 km N 15° E of Amai Manabilang (Lanao Del Sur),Ms,TECTONIC
190,2024-10-24 12:27:45+00:00,10.02,124.17,33,1.4,009 km S 45° E of Buenavista (Bohol),Ms,TECTONIC
191,2024-10-24 09:52:41+00:00,11.46,125.53,20,2.2,003 km S 48° E of Balangkayan (Eastern Samar),Ms,TECTONIC
192,2024-10-24 09:41:39+00:00,16.36,121.02,22,2.0,008 km N 13° W of Aritao (Nueva Vizcaya),Ms,TECTONIC
193,2024-10-24 06:18:41+00:00,13.87,120.55,166,3.4,010 km N 64° W of Calatagan (Batangas),Ms,TECTONIC
194,2024-10-24 05:06:15+00:00,8.12,126.91,8,2.9,062 km N 54° E of Cateel (Davao Oriental),Ms,TECTONIC
195,2024-10-24 04:09:02+00:00,5.56,125.69,127,3.2,026 km N 69° E of Sarangani Island (Municipality Of Sarangani) (Davao Occidental),Ms,TECTONIC
196,2024-10-24 03:13:56+00:00,18.3,120.73,2,3.0,012 km S 69° E of Pasuquin (Ilocos Norte),Ms,TECTONIC
197,2024-10-23 21:51:39+00:00,15.27,122.18,25,3.0,053 km N 26° E of Burdeos (Quezon),Ms,TECTONIC
198,2024-10-23 21:15:26+00:00,13.27,120.48,1,2.9,013 km N 69° W of Mamburao (Occidental Mindoro),Ms,TECTONIC
199,2024-10-23 20:46:26+00:00,9.87,124.68,9,2.5,017 km N 88° E of Mabini (Bohol),Ms,TECTONIC
200,2024-10-23 20:31:38+00:00,9.98,126.19,21,3.2,014 km S 74° E of Burgos (Surigao Del Norte),Ms,TECTONIC
201,2024-10-23 20:31:14+00:00,7.96,126.58,33,1.6,020 km S 65° E of Lingig (Surigao Del Sur),Ms,TECTONIC
202,2024-10-23 20:29:36+00:00,14.98,122.61,1,3.5,044 km N 43° E of Jomalig (Quezon),Ms,TECTONIC
203,2024-10-23 19:46:53+00:00,9.6,124.08,26,2.1,002 km N 75° W of Lila (Bohol),Ms,TECTONIC
204,2024-10-23 17:08:34+00:00,15.03,119.88,9,3.4,021 km N 87° W of San Narciso (Zambales),Ms,TECTONIC
205,2024-10-23 16:48:44+00:00,7.35,126.27,1,3.0,016 km N 76° E of Maragusan (Davao De Oro),Ms,TECTONIC
206,2024-10-23 16:10:23+00:00,7.12,125.46,6,2.5,029 km N 81° W of Island Garden City Of Samal (Davao Del Norte),Ms,TECTONIC
207,2024-10-23 15:04:25+00:00,6.81,126.65,55,2.4,034 km S 40° E of Tarragona (Davao Oriental),Ms,TECTONIC
208,2024-10-23 14:34:45+00:00,11.23,124.4,8,1.8,002 km N 08° E of Villaba (Leyte),Ms,TECTONIC
209,2024-10-23 14:28:45+00:00,11.27,124.57,8,3.9,009 km S 75° W of Capoocan (Leyte),Ms,TECTONIC
210,2024-10-23 13:48:20+00:00,8.55,126.71,7,3.5,046 km N 63° E of Hinatuan (Surigao Del Sur),Ms,TECTONIC
211,2024-10-23 13:31:50+00:00,9.99,125.87,6,2.2,015 km N 79° W of San Benito (Surigao Del Norte),Ms,TECTONIC
212,2024-10-23 12:08:40+00:00,9.78,123.96,33,1.6,003 km N 14° W of Balilihan (Bohol),Ms,TECTONIC
213,2024-10-23 10:02:12+00:00,13.52,120.64,101,3.0,013 km N 48° W of Abra De Ilog (Occidental Mindoro),Ms,TECTONIC
214,2024-10-23 08:20:39+00:00,15.1,122.95,1,2.1,069 km N 01° W of Tinaga Island (Vinzons) (Camarines Norte),Ms,TECTONIC
215,2024-10-23 07:47:51+00:00,2.79,126.72,13,4.0,324 km S 26° E of Balut Island (Municipality Of Sarangani) (Davao Occidental),Ms,TECTONIC
216,2024-10-23 07:01:50+00:00,12.32,123.79,8,2.0,011 km S 07° E of Batuan (Masbate),Ms,TECTONIC
217,2024-10-23 03:50:32+00:00,12.88,121.23,8,2.3,024 km N 85° W of Bansud (Oriental Mindoro),Ms,TECTONIC
218,2024-10-23 03:13:22+00:00,18.34,122.35,10,2.2,025 km S 60° E of Santa Ana (Cagayan),Ms,TECTONIC
219,2024-10-23 02:21:33+00:00,18.39,120.86,21,1.7,016 km S 19° E of Dumalneg (Ilocos Norte),Ms,TECTONIC
220,2024-10-22 23:49:53+00:00,9.77,122.32,7,2.6,012 km S 88° W of City Of Sipalay (Negros Occidental),Ms,TECTONIC
221,2024-10-22 20:12:00+00:00,7.96,122.78,7,1.9,009 km S 58° W of Godod (Zamboanga Del Norte),Ms,TECTONIC
222,2024-10-22 19:34:50+00:00,13.51,121.36,6,2.5,022 km S 47° E of Lobo (Batangas),Ms,TECTONIC
223,2024-10-22 19:30:50+00:00,13.44,121.35,4,3.7,014 km N 22° E of Naujan (Oriental Mindoro),Ms,TECTONIC
224,2024-10-22 19:14:36+00:00,8.32,124.99,19,2.7,002 km N 28° W of Impasug-ong (Bukidnon),Ms,TECTONIC
225,2024-10-22 18:14:25+00:00,5.78,126.2,16,4.0,064 km S 77° E of Jose Abad Santos (Davao Occidental),Ms,TECTONIC
226,2024-10-22 17:36:15+00:00,5.91,125.97,127,2.0,037 km N 90° E of Jose Abad Santos (Davao Occidental),Ms,TECTONIC
227,2024-10-22 17:23:59+00:00,11.19,125.85,28,3.0,018 km N 58° E of Mercedes (Eastern Samar),Ms,TECTONIC
228,2024-10-22 16:01:03+00:00,9.55,124.01,9,2.0,005 km S 02° E of Loay (Bohol),Ms,TECTONIC
229,2024-10-22 11:53:54+00:00,12.15,125.13,33,2.8,015 km N 46° E of San Jose De Buan (Samar),Ms,TECTONIC
230,2024-10-22 11:41:19+00:00,8.16,127.15,1,3.2,082 km N 81° E of Lingig (Surigao Del Sur),Ms,TECTONIC
231,2024-10-22 11:28:54+00:00,9.53,124.01,1,4.2,008 km S 03° E of Loay (Bohol),Ms,TECTONIC
232,2024-10-22 09:01:24+00:00,18.45,120.64,30,2.1,007 km S 02° W of Burgos (Ilocos Norte),Ms,TECTONIC
233,2024-10-22 03:26:30+00:00,9.51,123.83,33,1.4,012 km S 45° E of Panglao (Bohol),Ms,TECTONIC
234,2024-10-22 03:12:00+00:00,9.6,126.14,26,2.0,019 km S 29° E of Dapa (Surigao Del Norte),Ms,TECTONIC
235,2024-10-22 03:01:47+00:00,3.72,126.61,169,3.5,229 km S 35° E of Balut Island (Municipality Of Sarangani) (Davao Occidental),Ms,TECTONIC
236,2024-10-22 02:42:00+00:00,15.23,120.13,30,1.1,011 km N 45° E of Cabangan (Zambales),Ms,TECTONIC
237,2024-10-22 02:40:16+00:00,15.23,120.22,33,1.3,019 km N 66° E of Cabangan (Zambales),Ms,TECTONIC
238,2024-10-22 01:53:38+00:00,14.74,120.07,66,1.7,022 km N 73° W of Morong (Bataan),Ms,TECTONIC
239,2024-10-21 23:31:08+00:00,18.2,120.79,32,1.7,007 km N 25° W of Carasi (Ilocos Norte),Ms,TECTONIC
240,2024-10-21 21:32:44+00:00,14.04,119.92,7,2.5,030 km N 47° W of Lubang (Occidental Mindoro),Ms,TECTONIC
241,2024-10-21 21:19:42+00:00,18.27,120.97,16,1.8,008 km N 78° W of Calanasan (Apayao),Ms,TECTONIC
242,2024-10-21 19:40:17+00:00,7.61,126.71,28,3.2,017 km N 78° E of Baganga (Davao Oriental),Ms,TECTONIC
243,2024-10-21 18:14:13+00:00,9.29,125.62,18,2.2,007 km N 64° E of Santiago (Agusan Del Norte),Ms,TECTONIC
244,2024-10-21 17:28:37+00:00,9.67,124.86,28,3.1,035 km S 41° W of Limasawa (Southern Leyte),Ms,TECTONIC
245,2024-10-21 14:01:22+00:00,14.11,122.12,6,2.2,013 km N 30° W of Quezon (Quezon),Ms,TECTONIC
246,2024-10-21 13:58:05+00:00,18.08,120.93,4,2.1,013 km S 61° E of Carasi (Ilocos Norte),Ms,TECTONIC
247,2024-10-21 13:50:21+00:00,10.87,125.29,2,2.5,033 km N 66° E of Abuyog (Leyte),Ms,TECTONIC
248,2024-10-21 13:23:08+00:00,9.64,123.75,18,1.9,006 km N 02° E of Panglao (Bohol),Ms,TECTONIC
249,2024-10-21 13:03:44+00:00,13.47,125.13,16,2.8,087 km S 67° E of Gigmoto (Catanduanes),Ms,TECTONIC
250,2024-10-21 12:49:55+00:00,11.75,124.22,8,3.6,014 km S 78° W of Maripipi (Biliran),Ms,TECTONIC
251,2024-10-21 10:39:12+00:00,15.47,119.78,14,2.4,015 km N 75° W of Palauig (Zambales),Ms,TECTONIC
252,2024-10-21 10:06:19+00:00,12.53,123.6,10,3.3,015 km S 73° W of San Jacinto (Masbate),Ms,TECTONIC
253,2024-10-21 09:58:20+00:00,13.63,120.67,110,1.7,022 km N 16° W of Abra De Ilog (Occidental Mindoro),Ms,TECTONIC
254,2024-10-21 06:31:09+00:00,17.66,120.56,6,2.0,009 km N 44° W of Bangued (Abra),Ms,TECTONIC
255,2024-10-21 06:19:34+00:00,17.69,120.69,12,2.3,002 km S 87° E of Danglas (Abra),Ms,TECTONIC
256,2024-10-21 03:46:14+00:00,14.1,120.4,112,2.4,025 km N 84° W of Nasugbu (Batangas),Ms,TECTONIC
257,2024-10-21 03:08:03+00:00,9.61,122.21,19,2.9,028 km N 88° W of Hinoba-an (Negros Occidental),Ms,TECTONIC
258,2024-10-21 00:30:46+00:00,6.75,125.07,7,2.5,009 km S 85° W of Magsaysay (Davao Del Sur),Ms,TECTONIC
259,2024-10-20 21:08:33+00:00,6.64,126.33,39,2.2,028 km S 87° E of Governor Generoso (Davao Oriental),Ms,TECTONIC
260,2024-10-20 20:34:01+00:00,14.05,120.42,65,1.7,023 km S 84° W of Nasugbu (Batangas),Ms,TECTONIC
261,2024-10-20 19:42:34+00:00,17.83,121.31,2,1.8,004 km N 23° W of Conner (Apayao),Ms,TECTONIC
262,2024-10-20 19:32:56+00:00,15.52,121.47,33,1.7,016 km N 64° E of Gabaldon (Nueva Ecija),Ms,TECTONIC
263,2024-10-20 19:31:14+00:00,8.39,127.0,2,3.2,073 km N 88° E of Hinatuan (Surigao Del Sur),Ms,TECTONIC
264,2024-10-20 19:01:56+00:00,9.56,123.99,5,3.0,005 km S 23° W of Loay (Bohol),Ms,TECTONIC
265,2024-10-20 18:58:01+00:00,14.34,121.42,8,2.2,007 km N 74° W of Kalayaan (Laguna),Ms,TECTONIC
266,2024-10-20 18:56:12+00:00,11.95,120.73,3,2.1,058 km S 39° W of San Jose (Occidental Mindoro),Ms,TECTONIC
267,2024-10-20 18:08:07+00:00,9.58,124.02,23,1.9,002 km S 28° E of Loay (Bohol),Ms,TECTONIC
268,2024-10-20 18:06:31+00:00,9.52,124.05,32,2.0,009 km S 31° W of Lila (Bohol),Ms,TECTONIC
269,2024-10-20 17:53:25+00:00,18.24,120.76,2,3.3,012 km N 84° E of Vintar (Ilocos Norte),Ms,TECTONIC
270,2024-10-20 17:00:41+00:00,14.35,121.43,7,2.5,006 km N 63° W of Kalayaan (Laguna),Ms,TECTONIC
271,2024-10-20 16:57:46+00:00,7.03,126.62,145,2.5,020 km S 83° E of Tarragona (Davao Oriental),Ms,TECTONIC
272,2024-10-20 16:06:58+00:00,15.91,120.89,1,1.9,003 km N 12° W of Lupao (Nueva Ecija),Ms,TECTONIC
273,2024-10-20 14:25:20+00:00,13.76,120.52,66,1.7,014 km S 56° W of Calatagan (Batangas),Ms,TECTONIC
274,2024-10-20 14:12:28+00:00,7.44,124.84,14,2.3,012 km S 67° W of Damulog (Bukidnon),Ms,TECTONIC
275,2024-10-20 14:10:01+00:00,16.47,122.38,7,2.3,014 km S 65° E of Dinapigue (Isabela),Ms,TECTONIC
276,2024-10-20 13:35:24+00:00,5.63,126.38,179,2.8,088 km S 69° E of Jose Abad Santos (Davao Occidental),Ms,TECTONIC
277,2024-10-20 12:30:18+00:00,11.25,125.84,7,3.3,022 km N 41° E of Mercedes (Eastern Samar),Ms,TECTONIC
278,2024-10-20 12:27:52+00:00,9.48,126.16,26,3.0,023 km N 10° W of Cortes (Surigao Del Sur),Ms,TECTONIC
279,2024-10-20 12:22:59+00:00,12.76,124.56,9,2.2,023 km N 67° E of Biri (Northern Samar),Ms,TECTONIC
280,2024-10-20 12:18:45+00:00,6.99,126.81,33,2.7,038 km S 51° E of Manay (Davao Oriental),Ms,TECTONIC
281,2024-10-20 11:43:10+00:00,8.39,126.09,126,2.3,010 km N 86° E of Rosario (Agusan Del Sur),Ms,TECTONIC
282,2024-10-20 11:31:41+00:00,17.96,120.67,2,2.3,003 km S 30° E of Banna (Ilocos Norte),Ms,TECTONIC
283,2024-10-20 11:26:36+00:00,7.84,124.67,2,2.5,024 km N 15° W of Wao (Lanao Del Sur),Ms,TECTONIC
284,2024-10-20 10:41:36+00:00,18.29,120.77,3,2.0,014 km N 60° E of Vintar (Ilocos Norte),Ms,TECTONIC
285,2024-10-20 10:13:01+00:00,8.1,125.98,9,2.2,016 km S 55° E of Loreto (Agusan Del Sur),Ms,TECTONIC
286,2024-10-20 09:32:58+00:00,8.65,127.3,6,2.7,112 km S 82° E of Marihatag (Surigao Del Sur),Ms,TECTONIC
287,2024-10-20 08:37:03+00:00,16.64,122.28,16,2.2,012 km N 07° E of Dinapigue (Isabela),Ms,TECTONIC
288,2024-10-20 08:28:12+00:00,12.51,123.64,3,2.1,013 km S 56° W of San Jacinto (Masbate),Ms,TECTONIC
289,2024-10-20 07:16:44+00:00,13.82,119.86,5,2.0,028 km S 81° W of Lubang (Occidental Mindoro),Ms,TECTONIC
290,2024-10-20 06:56:46+00:00,13.52,120.86,1,2.0,011 km N 81° W of Puerto Galera (Oriental Mindoro),Ms,TECTONIC
291,2024-10-20 06:08:03+00:00,12.52,124.83,40,2.7,008 km S 88° E of Mondragon (Northern Samar),Ms,TECTONIC
292,2024-10-20 04:44:37+00:00,3.32,127.48,1,4.7,325 km S 45° E of Balut Island (Municipality Of Sarangani) (Davao Occidental),Ms,TECTONIC
293,2024-10-20 04:11:07+00:00,17.46,122.8,33,2.6,055 km N 75° E of Divilacan (Isabela),Ms,TECTONIC
294,2024-10-20 03:11:31+00:00,16.81,119.97,15,2.3,043 km N 60° W of City Of San Fernando (La Union),Ms,TECTONIC
295,2024-10-20 02:17:41+00:00,9.51,124.07,20,2.3,009 km S 15° W of Lila (Bohol),Ms,TECTONIC
296,2024-10-20 01:58:39+00:00,18.42,120.98,20,2.2,009 km S 61° E of Adams (Ilocos Norte),Ms,TECTONIC
297,2024-10-20 00:43:49+00:00,8.34,125.96,31,1.5,006 km S 49° W of Rosario (Agusan Del Sur),Ms,TECTONIC
298,2024-10-19 23:07:04+00:00,17.61,121.1,17,2.5,010 km N 67° E of Malibcong (Abra),Ms,TECTONIC
299,2024-10-19 22:45:29+00:00,11.77,125.51,33,1.7,007 km N 69° E of San Julian (Eastern Samar),Ms,TECTONIC
300,2024-10-19 22:31:39+00:00,5.81,126.13,70,3.4,055 km S 77° E of Jose Abad Santos (Davao Occidental),Ms,TECTONIC
301,2024-10-19 21:39:14+00:00,9.77,121.96,21,2.8,051 km N 90° W of City Of Sipalay (Negros Occidental),Ms,TECTONIC
302,2024-10-19 21:21:49+00:00,12.47,123.65,7,2.4,012 km N 16° E of City Of Masbate (Masbate),Ms,TECTONIC
303,2024-10-19 20:48:46+00:00,14.94,122.57,1,2.1,038 km N 44° E of Jomalig (Quezon),Ms,TECTONIC
304,2024-10-19 19:21:07+00:00,8.22,126.51,30,1.7,022 km N 89° E of City Of Bislig (Surigao Del Sur),Ms,TECTONIC
305,2024-10-19 18:47:24+00:00,17.88,120.7,2,2.4,006 km S 45° E of Nueva Era (Ilocos Norte),Ms,TECTONIC
306,2024-10-19 18:38:41+00:00,18.12,120.9,4,2.0,008 km S 78° E of Carasi (Ilocos Norte),Ms,TECTONIC
307,2024-10-19 17:57:41+00:00,9.57,124.01,1,2.7,003 km S 04° E of Loay (Bohol),Ms,TECTONIC
308,2024-10-19 17:02:56+00:00,10.0,126.04,12,3.3,002 km South of Santa Monica (Surigao Del Norte),Ms,TECTONIC
309,2024-10-19 16:52:33+00:00,5.28,126.55,1,3.4,122 km S 55° E of Jose Abad Santos (Davao Occidental),Ms,TECTONIC
310,2024-10-19 16:52:49+00:00,14.1,120.46,114,2.2,019 km N 81° W of Nasugbu (Batangas),Ms,TECTONIC
311,2024-10-19 16:34:20+00:00,13.67,121.8,3,3.5,023 km N 18° W of Mogpog (Marinduque),Ms,TECTONIC
312,2024-10-19 16:06:54+00:00,6.2,126.26,49,3.0,054 km S 23° E of Governor Generoso (Davao Oriental),Ms,TECTONIC
313,2024-10-19 16:03:41+00:00,8.13,126.63,33,2.2,026 km N 67° E of Lingig (Surigao Del Sur),Ms,TECTONIC
314,2024-10-19 16:00:33+00:00,8.17,126.91,5,3.0,057 km N 76° E of Lingig (Surigao Del Sur),Ms,TECTONIC
315,2024-10-19 13:48:23+00:00,11.05,126.12,33,3.0,044 km N 88° E of Guiuan (Eastern Samar),Ms,TECTONIC
316,2024-10-19 11:58:59+00:00,9.47,123.98,33,1.8,015 km S 14° W of Loay (Bohol),Ms,TECTONIC
317,2024-10-19 10:30:00+00:00,12.84,124.79,27,2.2,034 km N 25° W of Pambujan (Northern Samar),Ms,TECTONIC
318,2024-10-19 09:47:49+00:00,15.44,120.28,34,1.7,020 km S 79° W of San Jose (Tarlac),Ms,TECTONIC
319,2024-10-19 09:21:32+00:00,8.46,126.71,1,2.8,042 km N 76° E of Hinatuan (Surigao Del Sur),Ms,TECTONIC
320,2024-10-19 08:32:48+00:00,6.87,126.27,44,2.2,011 km S 34° E of City Of Mati (Davao Oriental),Ms,TECTONIC
321,2024-10-19 08:28:10+00:00,13.61,120.23,14,2.7,012 km S 09° W of Looc (Occidental Mindoro),Ms,TECTONIC
322,2024-10-19 08:16:18+00:00,18.11,120.59,49,3.8,012 km N 51° W of Marcos (Ilocos Norte),Ms,TECTONIC
323,2024-10-19 07:55:00+00:00,8.11,126.47,13,2.4,010 km N 40° E of Lingig (Surigao Del Sur),Ms,TECTONIC
324,2024-10-19 07:29:12+00:00,6.88,125.29,1,2.1,014 km N 40° E of Bansalan (Davao Del Sur),Ms,TECTONIC
325,2024-10-19 07:25:00+00:00,18.23,120.39,5,3.2,025 km N 24° W of Currimao (Ilocos Norte),unspecified,unspecified
326,2024-10-19 06:51:00+00:00,11.14,124.68,7,2.3,012 km S 66° W of Jaro (Leyte),unspecified,unspecified
327,2024-10-19 06:05:00+00:00,7.94,126.86,7,2.6,050 km S 78° E of Lingig (Surigao Del Sur),unspecified,unspecified
328,2024-10-19 05:59:30+00:00,9.53,124.02,4,3.8,007 km S 08° E of Loay (Bohol),Ms,TECTONIC
329,2024-10-19 05:42:42+00:00,8.34,125.89,40,1.9,012 km N 54° E of La Paz (Agusan Del Sur),Ms,TECTONIC
330,2024-10-19 04:22:59+00:00,9.09,126.26,39,2.1,008 km N 21° E of Tago (Surigao Del Sur),Ms,TECTONIC
331,2024-10-19 04:05:46+00:00,6.75,125.05,1,2.2,011 km S 88° W of Magsaysay (Davao Del Sur),Ms,TECTONIC
332,2024-10-19 03:42:37+00:00,12.6,124.8,24,2.4,011 km N 31° E of Mondragon (Northern Samar),Ms,TECTONIC
333,2024-10-19 03:24:27+00:00,7.12,126.56,31,2.1,011 km S 14° E of Manay (Davao Oriental),Ms,TECTONIC
334,2024-10-19 01:35:04+00:00,8.03,126.68,33,1.8,029 km S 87° E of Lingig (Surigao Del Sur),Ms,TECTONIC
335,2024-10-19 00:47:58+00:00,7.5,127.21,31,2.1,072 km S 84° E of Baganga (Davao Oriental),Ms,TECTONIC
336,2024-10-19 00:45:01+00:00,12.44,120.71,33,1.9,027 km S 87° W of Rizal (Occidental Mindoro),Ms,TECTONIC
337,2024-10-19 00:42:45+00:00,13.73,120.6,119,2.1,012 km S 14° W of Calatagan (Batangas),Ms,TECTONIC
338,2024-10-19 00:34:59+00:00,13.33,120.29,5,3.1,022 km S 62° W of Paluan (Occidental Mindoro),Ms,TECTONIC
339,2024-10-18 23:42:42+00:00,13.83,120.58,93,1.5,006 km S 84° W of Calatagan (Batangas),Ms,TECTONIC
340,2024-10-18 22:36:37+00:00,11.82,124.18,6,3.1,015 km S 49° W of Almagro (Samar),Ms,TECTONIC
341,2024-10-18 21:19:52+00:00,8.41,122.49,34,1.7,038 km N 06° W of Labason (Zamboanga Del Norte),Ms,TECTONIC
342,2024-10-18 21:13:02+00:00,17.75,121.11,24,2.2,020 km N 61° E of Lacub (Abra),Ms,TECTONIC
343,2024-10-18 20:53:53+00:00,17.6,122.28,22,2.4,025 km N 12° E of Maconacon (Isabela),Ms,TECTONIC
344,2024-10-18 20:52:47+00:00,18.92,120.89,1,1.5,039 km S 58° W of Dalupiri Island (Calayan) (Cagayan),Ms,TECTONIC
345,2024-10-18 20:35:57+00:00,13.29,124.3,32,1.6,022 km N 59° E of Rapu-rapu (Albay),Ms,TECTONIC
346,2024-10-18 20:08:44+00:00,18.55,121.13,8,2.2,008 km S 36° E of Claveria (Cagayan),Ms,TECTONIC
347,2024-10-18 20:02:51+00:00,9.74,125.57,33,2.4,010 km S 58° E of City Of Surigao (Surigao Del Norte),Ms,TECTONIC
348,2024-10-18 19:54:43+00:00,5.56,127.45,5,2.9,194 km S 51° E of Governor Generoso (Davao Oriental),Ms,TECTONIC
349,2024-10-18 19:50:40+00:00,9.76,126.25,34,1.4,010 km S 76° E of General Luna (Surigao Del Norte),Ms,TECTONIC
350,2024-10-18 19:42:52+00:00,5.17,125.92,4,2.3,060 km S 56° E of Sarangani Island (Municipality Of Sarangani) (Davao Occidental),Ms,TECTONIC
351,2024-10-18 19:32:25+00:00,14.15,120.17,35,1.3,033 km N 10° E of Lubang (Occidental Mindoro),Ms,TECTONIC
352,2024-10-18 19:25:54+00:00,18.19,122.01,4,2.0,008 km S 09° E of Gonzaga (Cagayan),Ms,TECTONIC
353,2024-10-18 18:53:23+00:00,12.54,123.6,3,2.4,013 km N 55° E of Baleno (Masbate),Ms,TECTONIC
354,2024-10-18 18:35:07+00:00,8.58,122.83,38,1.2,027 km N 54° W of Jose Dalman (Zamboanga Del Norte),Ms,TECTONIC
355,2024-10-18 18:32:55+00:00,8.59,122.73,31,1.2,036 km N 63° W of Jose Dalman (Zamboanga Del Norte),Ms,TECTONIC
356,2024-10-18 18:21:37+00:00,10.33,125.24,1,2.2,003 km S 32° W of Hinundayan (Southern Leyte),Ms,TECTONIC
357,2024-10-18 18:16:15+00:00,8.49,126.98,1,3.7,072 km N 79° E of Hinatuan (Surigao Del Sur),Ms,TECTONIC
358,2024-10-18 17:53:09+00:00,7.4,123.36,27,1.7,008 km S 44° E of Pitogo (Zamboanga Del Sur),Ms,TECTONIC
359,2024-10-18 17:35:24+00:00,6.64,124.47,3,2.0,010 km S 32° W of Esperanza (Sultan Kudarat),Ms,TECTONIC
360,2024-10-18 17:01:03+00:00,13.12,120.93,29,1.8,023 km N 81° E of Santa Cruz (Occidental Mindoro),Ms,TECTONIC
361,2024-10-18 17:00:10+00:00,13.43,124.85,38,2.1,058 km S 64° E of Baras (Catanduanes),Ms,TECTONIC
362,2024-10-18 16:48:28+00:00,7.32,126.29,33,1.7,018 km N 89° E of Maragusan (Davao De Oro),Ms,TECTONIC
363,2024-10-18 16:45:57+00:00,8.05,125.69,8,2.0,024 km S 53° W of Loreto (Agusan Del Sur),Ms,TECTONIC
364,2024-10-18 16:06:21+00:00,8.44,123.33,28,1.8,010 km S 33° E of Katipunan (Zamboanga Del Norte),Ms,TECTONIC
365,2024-10-18 16:03:25+00:00,9.45,121.92,33,3.0,062 km S 74° W of Hinoba-an (Negros Occidental),Ms,TECTONIC
366,2024-10-18 15:53:36+00:00,7.93,125.88,9,1.9,016 km N 38° E of Laak (Davao De Oro),Ms,TECTONIC
367,2024-10-18 15:44:42+00:00,9.53,123.23,6,2.3,008 km West of Samboan (Cebu),Ms,TECTONIC
368,2024-10-18 15:32:46+00:00,13.46,124.89,33,2.0,060 km S 69° E of Baras (Catanduanes),Ms,TECTONIC
369,2024-10-18 15:31:54+00:00,20.35,121.28,15,3.0,062 km N 89° W of Sabtang (Batanes),Ms,TECTONIC
370,2024-10-18 14:54:39+00:00,15.2,119.91,32,1.7,016 km S 29° W of Iba (Zambales),Ms,TECTONIC
371,2024-10-18 14:24:54+00:00,13.15,124.57,8,2.1,042 km N 74° E of Prieto Diaz (Sorsogon),Ms,TECTONIC
372,2024-10-18 13:56:28+00:00,14.2,123.31,1,2.0,020 km N 17° E of Siruma (Camarines Sur),Ms,TECTONIC
373,2024-10-18 13:42:49+00:00,18.85,121.08,19,1.7,027 km N 01° W of Claveria (Cagayan),Ms,TECTONIC
374,2024-10-18 13:38:21+00:00,8.32,126.41,33,1.7,009 km S 56° E of Hinatuan (Surigao Del Sur),Ms,TECTONIC
375,2024-10-18 13:24:59+00:00,13.14,124.72,27,2.5,064 km N 37° E of Biri (Northern Samar),Ms,TECTONIC
376,2024-10-18 12:26:45+00:00,18.2,120.59,12,3.6,001 km N 26° W of City Of Laoag (Ilocos Norte),Ms,TECTONIC
377,2024-10-18 12:02:14+00:00,17.7,122.97,32,3.9,083 km N 61° E of Divilacan (Isabela),Ms,TECTONIC
378,2024-10-18 11:57:53+00:00,6.01,125.13,69,2.1,018 km N 76° W of Malapatan (Sarangani),Ms,TECTONIC
379,2024-10-18 11:35:00+00:00,13.04,124.48,8,3.6,031 km N 89° E of Prieto Diaz (Sorsogon),Ms,TECTONIC
380,2024-10-18 11:25:46+00:00,13.9,120.55,65,1.4,012 km N 51° W of Calatagan (Batangas),Ms,TECTONIC
381,2024-10-18 11:19:28+00:00,14.02,124.29,33,1.3,008 km N 01° E of Bagamanoc (Catanduanes),Ms,TECTONIC
382,2024-10-18 11:09:30+00:00,16.26,122.35,18,2.5,021 km S 46° E of Dilasag (Aurora),Ms,TECTONIC
383,2024-10-18 07:02:31+00:00,9.8,124.4,9,1.9,008 km S 61° E of Pilar (Bohol),Ms,TECTONIC
384,2024-10-18 06:59:52+00:00,13.88,120.99,35,1.5,002 km N 54° W of Alitagtag (Batangas),Ms,TECTONIC
385,2024-10-18 06:26:25+00:00,8.34,127.13,20,2.0,086 km N 67° E of Lingig (Surigao Del Sur),Ms,TECTONIC
386,2024-10-18 05:40:42+00:00,8.82,126.12,21,2.0,015 km N 54° W of San Agustin (Surigao Del Sur),Ms,TECTONIC
387,2024-10-18 04:25:29+00:00,6.66,125.97,38,2.1,012 km N 88° W of Governor Generoso (Davao Oriental),Ms,TECTONIC
388,2024-10-18 02:12:43+00:00,14.94,120.35,32,1.4,014 km N 59° E of Subic (Zambales),Ms,TECTONIC
389,2024-10-18 01:41:06+00:00,10.47,123.1,2,2.7,016 km N 53° W of City Of Canlaon (Negros Oriental),ML,VOLCANO-TECTONIC
390,2024-10-18 01:00:32+00:00,12.38,123.63,32,1.5,001 km N 48° E of City Of Masbate (Masbate),Ms,TECTONIC
391,2024-10-18 00:23:58+00:00,6.66,126.75,156,2.0,054 km S 38° E of Tarragona (Davao Oriental),Ms,TECTONIC
392,2024-10-17 23:23:20+00:00,13.87,120.58,2,1.5,007 km N 50° W of Calatagan (Batangas),Ms,TECTONIC
393,2024-10-17 22:07:58+00:00,8.27,125.69,8,2.0,013 km S 84° W of La Paz (Agusan Del Sur),Ms,TECTONIC
394,2024-10-17 21:57:22+00:00,17.64,123.02,55,2.3,084 km N 66° E of Divilacan (Isabela),Ms,TECTONIC
395,2024-10-17 21:50:56+00:00,13.78,120.56,58,1.5,010 km S 52° W of Calatagan (Batangas),Ms,TECTONIC
396,2024-10-17 21:16:49+00:00,15.15,119.58,17,1.7,047 km S 66° W of Iba (Zambales),Ms,TECTONIC
397,2024-10-17 21:16:10+00:00,19.0,120.92,2,2.0,032 km S 68° W of Dalupiri Island (Calayan) (Cagayan),Ms,TECTONIC
398,2024-10-17 21:09:12+00:00,8.34,126.53,27,2.2,021 km S 83° E of Hinatuan (Surigao Del Sur),Ms,TECTONIC
399,2024-10-17 20:55:43+00:00,8.6,126.71,1,1.8,048 km N 58° E of Hinatuan (Surigao Del Sur),Ms,TECTONIC
400,2024-10-17 20:38:41+00:00,9.29,127.49,8,3.1,138 km N 75° E of Bayabas (Surigao Del Sur),Ms,TECTONIC
401,2024-10-17 20:37:41+00:00,9.84,122.3,22,2.4,017 km N 64° W of City Of Sipalay (Negros Occidental),Ms,TECTONIC
402,2024-10-17 20:14:03+00:00,14.67,121.9,15,1.8,006 km S 43° W of Polillo (Quezon),Ms,TECTONIC
403,2024-10-17 20:07:46+00:00,6.26,125.35,26,2.6,016 km S 33° E of Malungon (Sarangani),Ms,TECTONIC
404,2024-10-17 20:03:54+00:00,6.19,126.31,105,2.8,058 km S 27° E of Governor Generoso (Davao Oriental),Ms,TECTONIC
405,2024-10-17 19:57:23+00:00,7.87,126.64,35,1.7,022 km N 68° E of Cateel (Davao Oriental),Ms,TECTONIC
406,2024-10-17 19:48:14+00:00,6.42,125.68,2,2.5,008 km N 84° E of Malita (Davao Occidental),Ms,TECTONIC
407,2024-10-17 18:51:28+00:00,14.46,119.2,23,2.6,111 km S 60° W of San Antonio (Zambales),Ms,TECTONIC
408,2024-10-17 18:38:43+00:00,8.77,126.5,31,1.8,022 km S 82° E of Marihatag (Surigao Del Sur),Ms,TECTONIC
409,2024-10-17 18:03:47+00:00,17.96,120.82,10,3.0,016 km S 19° E of Solsona (Ilocos Norte),Ms,TECTONIC
410,2024-10-17 17:37:29+00:00,8.22,126.47,33,1.7,017 km N 87° E of City Of Bislig (Surigao Del Sur),Ms,TECTONIC
411,2024-10-17 15:44:29+00:00,18.68,120.94,35,1.8,014 km N 22° W of Santa Praxedes (Cagayan),Ms,TECTONIC
412,2024-10-17 15:32:56+00:00,4.99,125.34,194,4.2,048 km S 10° W of Balut Island (Municipality Of Sarangani) (Davao Occidental),Ms,TECTONIC
413,2024-10-17 14:29:57+00:00,10.48,124.31,3,1.8,019 km S 32° W of Poro (Cebu),Ms,TECTONIC
414,2024-10-17 14:03:36+00:00,15.38,121.38,11,1.8,009 km S 28° E of Gabaldon (Nueva Ecija),Ms,TECTONIC
415,2024-10-17 13:47:26+00:00,14.55,125.26,32,2.4,125 km N 57° E of Bagamanoc (Catanduanes),Ms,TECTONIC
416,2024-10-17 12:03:30+00:00,16.75,120.19,49,2.3,018 km N 61° W of San Juan (La Union),Ms,TECTONIC
417,2024-10-17 11:12:46+00:00,8.39,126.54,22,2.5,023 km N 84° E of Hinatuan (Surigao Del Sur),Ms,TECTONIC
418,2024-10-17 11:02:18+00:00,9.95,123.26,26,1.6,017 km S 72° W of Ronda (Cebu),Ms,TECTONIC
419,2024-10-17 10:49:36+00:00,17.3,122.69,40,2.0,038 km N 46° E of Palanan (Isabela),Ms,TECTONIC
420,2024-10-17 10:38:21+00:00,5.13,126.02,95,3.1,071 km S 58° E of Sarangani Island (Municipality Of Sarangani) (Davao Occidental),Ms,TECTONIC
421,2024-10-17 10:05:54+00:00,8.24,127.09,17,3.2,078 km N 74° E of Lingig (Surigao Del Sur),Ms,TECTONIC
422,2024-10-17 09:58:04+00:00,5.95,125.88,132,4.0,027 km N 82° E of Jose Abad Santos (Davao Occidental),Ms,TECTONIC
423,2024-10-17 09:53:05+00:00,7.57,126.12,33,1.7,004 km N 36° W of New Bataan (Davao De Oro),Ms,TECTONIC
424,2024-10-17 09:19:44+00:00,15.26,119.57,19,2.4,044 km S 81° W of Iba (Zambales),Ms,TECTONIC
425,2024-10-17 08:44:08+00:00,11.35,121.88,4,1.8,018 km N 67° W of Tibiao (Antique),Ms,TECTONIC
426,2024-10-17 05:37:02+00:00,13.57,120.03,32,2.8,029 km S 56° W of Looc (Occidental Mindoro),Ms,TECTONIC
427,2024-10-17 05:02:46+00:00,15.32,120.2,83,2.3,020 km N 79° E of Botolan (Zambales),Ms,TECTONIC
428,2024-10-17 04:01:31+00:00,8.81,126.62,18,2.0,036 km N 88° E of Marihatag (Surigao Del Sur),Ms,TECTONIC
429,2024-10-17 00:54:21+00:00,14.93,122.76,32,2.2,052 km N 61° E of Jomalig (Quezon),Ms,TECTONIC
430,2024-10-17 00:23:13+00:00,10.77,125.34,5,3.1,033 km N 35° E of Silago (Southern Leyte),Ms,TECTONIC
431,2024-10-16 21:19:37+00:00,8.92,126.56,18,2.2,028 km N 89° E of Cagwait (Surigao Del Sur),Ms,TECTONIC
432,2024-10-16 20:53:15+00:00,15.1,119.85,33,1.6,023 km S 73° W of Cabangan (Zambales),Ms,TECTONIC
433,2024-10-16 20:36:28+00:00,7.83,122.8,33,1.6,005 km N 54° E of Kabasalan (Zamboanga Sibugay),Ms,TECTONIC
434,2024-10-16 20:30:34+00:00,18.11,120.13,12,2.1,039 km N 75° W of Currimao (Ilocos Norte),Ms,TECTONIC
435,2024-10-16 18:56:17+00:00,13.58,120.59,75,2.0,021 km N 45° W of Abra De Ilog (Occidental Mindoro),Ms,TECTONIC
436,2024-10-16 18:46:32+00:00,18.42,121.04,10,2.1,016 km S 18° E of Santa Praxedes (Cagayan),Ms,TECTONIC
437,2024-10-16 18:32:50+00:00,18.32,119.81,10,4.7,079 km N 65° W of Currimao (Ilocos Norte),Mw,TECTONIC
438,2024-10-16 18:18:19+00:00,8.75,126.85,23,2.2,061 km S 84° E of Marihatag (Surigao Del Sur),Ms,TECTONIC
439,2024-10-16 18:18:16+00:00,13.28,120.33,29,1.5,021 km S 45° W of Paluan (Occidental Mindoro),Ms,TECTONIC
440,2024-10-16 18:04:10+00:00,7.89,126.44,2,1.7,007 km N 74° E of Boston (Davao Oriental),Ms,TECTONIC
441,2024-10-16 17:46:45+00:00,13.91,120.46,173,2.2,020 km N 64° W of Calatagan (Batangas),Ms,TECTONIC
442,2024-10-16 17:27:24+00:00,8.03,125.73,6,3.0,022 km S 41° W of Loreto (Agusan Del Sur),Ms,TECTONIC
443,2024-10-16 16:44:59+00:00,8.76,126.89,1,2.1,066 km S 86° E of Marihatag (Surigao Del Sur),Ms,TECTONIC
444,2024-10-16 16:33:32+00:00,10.01,125.2,29,2.1,006 km S 41° E of San Francisco (Southern Leyte),Ms,TECTONIC
445,2024-10-16 16:29:28+00:00,17.05,122.48,1,2.1,006 km S 80° E of Palanan (Isabela),Ms,TECTONIC
446,2024-10-16 16:16:23+00:00,10.22,125.34,1,2.6,027 km N 48° E of San Francisco (Southern Leyte),Ms,TECTONIC
447,2024-10-16 16:03:39+00:00,12.56,123.61,9,1.9,011 km S 33° W of Monreal (Masbate),Ms,TECTONIC
448,2024-10-16 15:59:44+00:00,12.44,120.02,4,2.3,035 km N 16° E of Busuanga (Palawan),Ms,TECTONIC
449,2024-10-16 15:48:43+00:00,8.07,126.94,9,1.9,059 km N 86° E of Lingig (Surigao Del Sur),Ms,TECTONIC
450,2024-10-16 15:45:00+00:00,13.24,124.01,33,1.8,014 km N 67° W of Rapu-rapu (Albay),Ms,TECTONIC
451,2024-10-16 15:38:20+00:00,15.51,122.03,24,2.0,058 km S 61° E of Baler (Aurora),Ms,TECTONIC
452,2024-10-16 15:34:29+00:00,8.95,126.45,8,2.1,017 km N 77° E of Cagwait (Surigao Del Sur),Ms,TECTONIC
453,2024-10-16 15:24:51+00:00,16.63,120.08,4,1.8,026 km N 88° W of City Of San Fernando (La Union),Ms,TECTONIC
454,2024-10-16 15:12:12+00:00,8.26,122.27,32,1.8,034 km N 26° W of Gutalac (Zamboanga Del Norte),Ms,TECTONIC
455,2024-10-16 15:09:32+00:00,18.59,120.87,20,1.3,010 km N 65° E of Pagudpud (Ilocos Norte),Ms,TECTONIC
456,2024-10-16 15:01:51+00:00,14.77,119.18,20,2.4,100 km S 79° W of San Antonio (Zambales),Ms,TECTONIC
457,2024-10-16 14:58:22+00:00,5.48,127.23,105,2.8,182 km S 75° E of Jose Abad Santos (Davao Occidental),Ms,TECTONIC
458,2024-10-16 14:52:00+00:00,7.82,124.59,34,1.3,011 km N 69° W of Amai Manabilang (Lanao Del Sur),Ms,TECTONIC
459,2024-10-16 14:46:30+00:00,15.2,122.7,20,2.0,069 km N 36° E of Jomalig (Quezon),Ms,TECTONIC
460,2024-10-16 14:45:41+00:00,10.37,126.36,33,2.6,050 km N 39° E of Burgos (Surigao Del Norte),Ms,TECTONIC
461,2024-10-16 14:43:55+00:00,7.79,125.01,34,1.3,001 km N 34° W of Maramag (Bukidnon),Ms,TECTONIC
462,2024-10-16 14:36:07+00:00,9.42,126.59,33,2.4,047 km N 70° E of Cortes (Surigao Del Sur),Ms,TECTONIC
463,2024-10-16 14:30:31+00:00,8.99,126.47,21,2.2,020 km N 67° E of Cagwait (Surigao Del Sur),Ms,TECTONIC
464,2024-10-16 14:26:49+00:00,13.01,124.58,9,2.8,042 km S 86° E of Prieto Diaz (Sorsogon),Ms,TECTONIC
465,2024-10-16 14:20:57+00:00,13.82,124.8,12,2.4,044 km N 84° E of Gigmoto (Catanduanes),Ms,TECTONIC
466,2024-10-16 14:07:30+00:00,7.11,125.48,17,1.3,026 km N 83° W of Island Garden City Of Samal (Davao Del Norte),Ms,TECTONIC
467,2024-10-16 14:05:29+00:00,7.09,125.51,17,2.0,023 km N 88° W of Island Garden City Of Samal (Davao Del Norte),Ms,TECTONIC
468,2024-10-16 13:44:03+00:00,13.43,119.84,65,1.8,055 km S 54° W of Looc (Occidental Mindoro),Ms,TECTONIC
469,2024-10-16 13:01:58+00:00,8.14,126.75,17,1.9,039 km N 74° E of Lingig (Surigao Del Sur),Ms,TECTONIC
470,2024-10-16 12:33:15+00:00,14.87,123.92,27,2.3,095 km N 16° W of Pandan (Catanduanes),Ms,TECTONIC
471,2024-10-16 12:26:52+00:00,8.0,124.96,34,2.2,007 km N 85° W of Lantapan (Bukidnon),Ms,TECTONIC
472,2024-10-16 12:04:40+00:00,7.47,126.66,17,2.0,016 km S 44° E of Baganga (Davao Oriental),Ms,TECTONIC
473,2024-10-16 11:27:10+00:00,18.89,121.02,6,1.9,031 km S 38° W of Dalupiri Island (Calayan) (Cagayan),Ms,TECTONIC
474,2024-10-16 11:07:33+00:00,13.48,125.44,30,3.0,118 km S 74° E of Gigmoto (Catanduanes),Ms,TECTONIC
475,2024-10-16 10:51:59+00:00,14.11,120.4,109,4.4,025 km N 82° W of Nasugbu (Batangas),Mw,TECTONIC
476,2024-10-16 10:14:31+00:00,8.31,126.6,22,1.9,029 km S 77° E of Hinatuan (Surigao Del Sur),Ms,TECTONIC
477,2024-10-16 09:44:24+00:00,19.13,120.99,1,2.5,023 km N 82° W of Dalupiri Island (Calayan) (Cagayan),Ms,TECTONIC
478,2024-10-16 09:26:35+00:00,10.53,125.66,14,2.6,021 km N 26° E of Loreto (Dinagat Islands),Ms,TECTONIC
479,2024-10-16 08:37:02+00:00,9.71,122.54,10,2.3,013 km S 61° E of City Of Sipalay (Negros Occidental),Ms,TECTONIC
480,2024-10-16 06:02:08+00:00,9.4,126.1,37,1.6,016 km N 61° E of Cantilan (Surigao Del Sur),Ms,TECTONIC
481,2024-10-16 05:39:51+00:00,14.3,120.39,169,2.2,018 km S 34° W of Mariveles (Bataan),Ms,TECTONIC
482,2024-10-16 04:23:38+00:00,9.81,124.74,2,1.7,020 km N 67° E of Anda (Bohol),Ms,TECTONIC
483,2024-10-16 04:17:19+00:00,9.84,124.31,30,1.6,002 km S 87° W of Pilar (Bohol),Ms,TECTONIC
484,2024-10-16 03:56:57+00:00,6.54,126.93,40,3.4,078 km S 44° E of Tarragona (Davao Oriental),Ms,TECTONIC
485,2024-10-16 03:52:21+00:00,9.87,124.32,27,1.6,004 km N 24° W of Pilar (Bohol),Ms,TECTONIC
486,2024-10-16 03:49:51+00:00,5.36,126.57,41,2.9,119 km S 59° E of Jose Abad Santos (Davao Occidental),Ms,TECTONIC
487,2024-10-16 03:08:28+00:00,9.67,124.72,9,2.5,018 km S 63° E of Anda (Bohol),Ms,TECTONIC
488,2024-10-16 03:04:00+00:00,9.7,124.7,8,3.6,014 km S 70° E of Anda (Bohol),Ms,TECTONIC
489,2024-10-16 01:56:01+00:00,5.92,126.03,151,2.7,043 km N 89° E of Jose Abad Santos (Davao Occidental),Ms,TECTONIC
490,2024-10-16 01:53:56+00:00,9.36,126.2,18,2.6,009 km N 04° E of Cortes (Surigao Del Sur),Ms,TECTONIC
491,2024-10-15 23:51:20+00:00,7.5,127.39,41,2.4,092 km S 85° E of Baganga (Davao Oriental),Ms,TECTONIC
492,2024-10-15 22:12:42+00:00,9.12,126.43,17,2.6,023 km N 45° E of Bayabas (Surigao Del Sur),Ms,TECTONIC
493,2024-10-15 21:52:05+00:00,12.81,123.01,8,2.5,028 km S 68° W of Claveria (Masbate),Ms,TECTONIC
494,2024-10-15 20:35:53+00:00,8.11,127.09,1,2.6,075 km N 84° E of Lingig (Surigao Del Sur),Ms,TECTONIC
495,2024-10-15 20:34:43+00:00,8.06,126.82,8,2.5,045 km N 87° E of Lingig (Surigao Del Sur),Ms,TECTONIC
496,2024-10-15 20:31:00+00:00,11.36,122.17,10,2.5,015 km S 61° E of Culasi (Antique),Ms,TECTONIC
497,2024-10-15 19:56:52+00:00,7.97,126.77,18,1.7,040 km S 80° E of Lingig (Surigao Del Sur),Ms,TECTONIC
498,2024-10-15 19:47:49+00:00,11.35,122.2,8,3.1,019 km N 69° E of Tibiao (Antique),Ms,TECTONIC
499,2024-10-15 18:56:21+00:00,16.14,121.3,3,2.0,020 km S 03° E of Kasibu (Nueva Vizcaya),Ms,TECTONIC
500,2024-10-15 17:21:49+00:00,7.28,125.86,18,2.8,003 km S 18° E of Mabini (Davao De Oro),Ms,TECTONIC
501,2024-10-15 16:52:56+00:00,8.12,124.53,34,1.7,013 km N 73° E of Tagoloan Ii (Lanao Del Sur),Ms,TECTONIC
502,2024-10-15 15:29:53+00:00,8.53,126.53,33,1.5,027 km N 49° E of Hinatuan (Surigao Del Sur),Ms,TECTONIC
503,2024-10-15 15:18:40+00:00,18.19,120.85,33,1.6,006 km N 31° E of Carasi (Ilocos Norte),Ms,TECTONIC
504,2024-10-15 15:08:31+00:00,7.58,122.87,2,3.4,008 km S 84° E of Payao (Zamboanga Sibugay),Ms,TECTONIC
505,2024-10-15 14:58:43+00:00,8.4,126.63,18,2.8,032 km N 83° E of Hinatuan (Surigao Del Sur),Ms,TECTONIC
506,2024-10-15 14:48:22+00:00,12.52,124.8,17,3.7,005 km S 88° E of Mondragon (Northern Samar),Ms,TECTONIC
507,2024-10-15 14:07:18+00:00,15.15,122.85,1,3.0,076 km N 08° W of Tinaga Island (Vinzons) (Camarines Norte),Ms,TECTONIC
508,2024-10-15 13:41:25+00:00,7.64,126.6,26,2.4,008 km N 28° E of Baganga (Davao Oriental),Ms,TECTONIC
509,2024-10-15 13:15:51+00:00,13.62,120.73,112,1.8,017 km S 73° W of Tingloy (Batangas),Ms,TECTONIC
510,2024-10-15 12:59:34+00:00,14.28,120.38,126,2.3,021 km S 36° W of Mariveles (Bataan),Ms,TECTONIC
511,2024-10-15 12:36:36+00:00,15.65,119.92,22,1.8,003 km N 23° W of Candelaria (Zambales),Ms,TECTONIC
512,2024-10-15 12:15:55+00:00,10.69,124.95,1,1.8,009 km S 48° W of Abuyog (Leyte),Ms,TECTONIC
513,2024-10-15 12:11:00+00:00,14.11,120.43,117,1.8,022 km N 80° W of Nasugbu (Batangas),Ms,TECTONIC
514,2024-10-15 11:48:30+00:00,8.05,127.04,15,2.4,069 km N 89° E of Lingig (Surigao Del Sur),Ms,TECTONIC
515,2024-10-15 11:36:14+00:00,15.05,122.86,6,2.9,064 km N 08° W of Tinaga Island (Vinzons) (Camarines Norte),Ms,TECTONIC
516,2024-10-15 11:14:42+00:00,14.97,121.76,2,2.7,007 km N 52° W of Panukulan (Quezon),Ms,TECTONIC
517,2024-10-15 10:54:53+00:00,15.21,120.0,20,4.5,009 km N 47° W of Cabangan (Zambales),Ms,TECTONIC
518,2024-10-15 10:44:44+00:00,11.12,124.69,2,2.3,013 km S 52° W of Jaro (Leyte),Ms,TECTONIC
519,2024-10-15 10:00:33+00:00,13.32,121.55,22,2.4,023 km N 30° E of Pola (Oriental Mindoro),Ms,TECTONIC
520,2024-10-15 09:09:53+00:00,5.76,126.2,109,2.8,064 km S 75° E of Jose Abad Santos (Davao Occidental),Ms,TECTONIC
521,2024-10-15 08:02:30+00:00,11.59,124.38,27,1.5,003 km S 04° E of Almeria (Biliran),Ms,TECTONIC
522,2024-10-15 06:52:00+00:00,15.19,120.11,61,2.6,007 km N 64° E of Cabangan (Zambales),Ms,TECTONIC
523,2024-10-15 06:14:34+00:00,5.24,127.06,2,3.5,172 km S 65° E of Jose Abad Santos (Davao Occidental),Ms,TECTONIC
524,2024-10-15 06:00:37+00:00,9.27,123.22,4,2.7,002 km S 67° W of Valencia (Negros Oriental),Ms,TECTONIC
525,2024-10-15 05:33:31+00:00,7.49,126.34,33,1.7,023 km S 75° E of New Bataan (Davao De Oro),Ms,TECTONIC
526,2024-10-15 04:50:59+00:00,8.22,126.7,9,2.4,038 km N 57° E of Lingig (Surigao Del Sur),Ms,TECTONIC
527,2024-10-15 03:35:30+00:00,15.95,119.84,17,2.2,006 km S 39° W of Dasol (Pangasinan),Ms,TECTONIC
528,2024-10-15 03:31:10+00:00,18.44,120.9,5,1.5,002 km S 09° E of Adams (Ilocos Norte),Ms,TECTONIC
529,2024-10-15 03:26:09+00:00,16.95,121.38,33,1.4,007 km S 59° E of Aguinaldo (Ifugao),Ms,TECTONIC
530,2024-10-15 02:57:37+00:00,12.21,125.09,25,2.2,016 km S 25° E of Las Navas (Northern Samar),Ms,TECTONIC
531,2024-10-15 01:14:55+00:00,13.7,120.9,31,2.0,005 km N 30° E of Tingloy (Batangas),Ms,TECTONIC
532,2024-10-15 00:06:25+00:00,8.56,127.21,1,2.6,099 km N 78° E of Hinatuan (Surigao Del Sur),Ms,TECTONIC
533,2024-10-14 23:53:02+00:00,19.0,121.13,13,2.5,014 km S 33° W of Dalupiri Island (Calayan) (Cagayan),Ms,TECTONIC
534,2024-10-14 23:42:51+00:00,8.67,127.12,1,4.3,092 km N 69° E of Hinatuan (Surigao Del Sur),Ms,TECTONIC
535,2024-10-14 22:48:35+00:00,6.41,125.92,136,3.7,031 km S 32° W of Governor Generoso (Davao Oriental),Ms,TECTONIC
536,2024-10-14 22:45:41+00:00,10.06,126.19,7,2.9,013 km N 72° E of Burgos (Surigao Del Norte),Ms,TECTONIC
537,2024-10-14 21:01:30+00:00,8.87,126.65,32,3.4,039 km S 83° E of Cagwait (Surigao Del Sur),Ms,TECTONIC
538,2024-10-14 20:27:13+00:00,19.5,121.76,40,2.3,017 km S 84° W of Babuyan Island (Calayan) (Cagayan),Ms,TECTONIC
539,2024-10-14 19:01:14+00:00,12.48,125.5,19,2.0,024 km N 64° E of Gamay (Northern Samar),Ms,TECTONIC
540,2024-10-14 18:55:21+00:00,14.52,119.3,11,2.6,098 km S 61° W of San Antonio (Zambales),Ms,TECTONIC
541,2024-10-14 18:24:16+00:00,6.35,126.69,37,2.5,076 km S 64° E of Governor Generoso (Davao Oriental),Ms,TECTONIC
542,2024-10-14 18:14:37+00:00,12.34,124.6,15,2.0,005 km N 23° W of Lope De Vega (Northern Samar),Ms,TECTONIC
543,2024-10-14 17:40:15+00:00,9.97,126.04,17,2.7,004 km N 70° E of San Benito (Surigao Del Norte),Ms,TECTONIC
544,2024-10-14 17:36:38+00:00,14.13,119.91,9,1.8,038 km N 38° W of Lubang (Occidental Mindoro),Ms,TECTONIC
545,2024-10-14 16:11:21+00:00,15.02,121.99,2,2.7,020 km N 05° E of Burdeos (Quezon),Ms,TECTONIC
546,2024-10-14 15:44:49+00:00,8.12,127.05,2,3.3,071 km N 83° E of Lingig (Surigao Del Sur),Ms,TECTONIC
547,2024-10-14 15:39:26+00:00,9.04,126.29,64,2.4,008 km N 09° E of Bayabas (Surigao Del Sur),Ms,TECTONIC
548,2024-10-14 15:18:53+00:00,13.64,120.84,28,2.2,004 km S 57° W of Tingloy (Batangas),Ms,TECTONIC
549,2024-10-14 15:15:10+00:00,14.9,122.55,6,2.1,032 km N 46° E of Jomalig (Quezon),Ms,TECTONIC
550,2024-10-14 15:13:01+00:00,15.0,122.6,2,1.8,045 km N 40° E of Jomalig (Quezon),Ms,TECTONIC
551,2024-10-14 14:55:53+00:00,7.24,125.82,20,2.4,009 km S 28° W of Mabini (Davao De Oro),Ms,TECTONIC
552,2024-10-14 14:52:04+00:00,5.95,126.38,31,3.0,081 km N 87° E of Jose Abad Santos (Davao Occidental),Ms,TECTONIC
553,2024-10-14 14:35:17+00:00,18.82,121.48,54,2.5,012 km S 72° E of Fuga Island (Aparri) (Cagayan),Ms,TECTONIC
554,2024-10-14 14:19:01+00:00,16.16,120.21,33,1.5,016 km N 25° W of Binmaley (Pangasinan),Ms,TECTONIC
555,2024-10-14 14:07:40+00:00,9.03,126.26,28,2.5,003 km N 76° E of Tago (Surigao Del Sur),Ms,TECTONIC
556,2024-10-14 13:58:30+00:00,18.49,120.95,19,2.3,006 km N 57° E of Adams (Ilocos Norte),Ms,TECTONIC
557,2024-10-14 13:52:26+00:00,8.99,126.54,28,2.1,027 km N 73° E of Cagwait (Surigao Del Sur),Ms,TECTONIC
558,2024-10-14 13:33:40+00:00,10.39,126.12,19,2.8,042 km N 07° E of Burgos (Surigao Del Norte),Ms,TECTONIC
559,2024-10-14 13:21:29+00:00,9.02,126.25,37,4.3,002 km S 87° E of Tago (Surigao Del Sur),Mw,TECTONIC
560,2024-10-14 12:50:35+00:00,13.93,120.4,61,1.5,027 km N 65° W of Calatagan (Batangas),Ms,TECTONIC
561,2024-10-14 12:26:15+00:00,6.62,124.18,27,2.2,012 km S 84° E of Lebak (Sultan Kudarat),Ms,TECTONIC
562,2024-10-14 11:29:54+00:00,19.04,121.09,13,2.6,014 km S 57° W of Dalupiri Island (Calayan) (Cagayan),Ms,TECTONIC
563,2024-10-14 11:01:34+00:00,7.98,126.78,10,1.5,041 km N 59° E of Cateel (Davao Oriental),Ms,TECTONIC
564,2024-10-14 07:00:30+00:00,8.16,126.28,19,1.8,008 km S 34° W of City Of Bislig (Surigao Del Sur),Ms,TECTONIC
565,2024-10-14 06:39:23+00:00,8.73,126.58,22,1.9,032 km S 76° E of Marihatag (Surigao Del Sur),Ms,TECTONIC
566,2024-10-14 06:38:32+00:00,8.54,126.74,15,1.8,048 km N 67° E of Hinatuan (Surigao Del Sur),Ms,TECTONIC
567,2024-10-14 04:22:07+00:00,5.7,126.59,44,3.0,108 km S 77° E of Jose Abad Santos (Davao Occidental),Ms,TECTONIC
568,2024-10-14 03:20:33+00:00,10.82,125.37,5,2.6,032 km S 04° W of Balangiga (Eastern Samar),Ms,TECTONIC
569,2024-10-14 01:03:17+00:00,7.55,126.83,5,3.0,030 km S 84° E of Baganga (Davao Oriental),Ms,TECTONIC
570,2024-10-14 00:41:35+00:00,11.33,124.54,3,2.1,007 km S 49° E of Leyte (Leyte),Ms,TECTONIC
571,2024-10-13 23:18:40+00:00,11.34,124.53,1,2.5,006 km S 58° E of Leyte (Leyte),Ms,TECTONIC
572,2024-10-13 21:34:48+00:00,8.96,126.32,31,2.5,004 km S 80° E of Bayabas (Surigao Del Sur),Ms,TECTONIC
573,2024-10-13 20:46:29+00:00,8.81,126.57,30,2.0,030 km N 88° E of Marihatag (Surigao Del Sur),Ms,TECTONIC
574,2024-10-13 20:45:22+00:00,11.22,125.76,1,2.5,013 km N 53° E of Salcedo (Eastern Samar),Ms,TECTONIC
575,2024-10-13 20:19:15+00:00,8.03,126.76,17,1.7,038 km S 89° E of Lingig (Surigao Del Sur),Ms,TECTONIC
576,2024-10-13 20:15:49+00:00,7.5,126.56,135,3.1,008 km South of Baganga (Davao Oriental),Ms,TECTONIC
577,2024-10-13 20:15:41+00:00,13.68,121.58,13,2.2,025 km S 51° E of San Juan (Batangas),Ms,TECTONIC
578,2024-10-13 20:13:11+00:00,9.4,126.02,15,2.0,008 km N 34° E of Cantilan (Surigao Del Sur),Ms,TECTONIC
579,2024-10-13 19:26:35+00:00,13.14,122.84,1,3.7,015 km N 87° W of San Pascual (Masbate),Ms,TECTONIC
580,2024-10-13 18:28:52+00:00,8.42,126.87,5,2.3,059 km N 84° E of Hinatuan (Surigao Del Sur),Ms,TECTONIC
581,2024-10-13 18:04:31+00:00,7.17,123.61,30,2.5,039 km S 34° E of Tabina (Zamboanga Del Sur),Ms,TECTONIC
582,2024-10-13 17:02:54+00:00,6.54,124.77,1,3.3,009 km S 19° E of Tantangan (South Cotabato),Ms,TECTONIC
583,2024-10-13 17:00:12+00:00,10.91,124.84,32,2.0,010 km S 38° W of Burauen (Leyte),Ms,TECTONIC
584,2024-10-13 16:37:35+00:00,17.83,120.7,7,2.0,010 km S 20° E of Nueva Era (Ilocos Norte),Ms,TECTONIC
585,2024-10-13 15:13:03+00:00,8.61,122.12,33,2.9,075 km N 36° W of Labason (Zamboanga Del Norte),Ms,TECTONIC
586,2024-10-13 15:04:04+00:00,15.08,119.57,34,2.0,051 km S 58° W of Iba (Zambales),Ms,TECTONIC
587,2024-10-13 15:03:04+00:00,12.42,120.35,26,1.7,049 km N 19° E of Coron (Palawan),Ms,TECTONIC
588,2024-10-13 14:42:12+00:00,14.17,120.48,117,2.1,019 km N 57° W of Nasugbu (Batangas),Ms,TECTONIC
589,2024-10-13 14:37:50+00:00,9.18,126.64,20,2.4,046 km N 59° E of Bayabas (Surigao Del Sur),Ms,TECTONIC
590,2024-10-13 14:33:09+00:00,5.18,126.38,16,3.0,105 km S 72° E of Sarangani Island (Municipality Of Sarangani) (Davao Occidental),Ms,TECTONIC
591,2024-10-13 12:11:22+00:00,13.79,120.55,52,1.7,010 km S 61° W of Calatagan (Batangas),Ms,TECTONIC
592,2024-10-13 11:30:15+00:00,19.17,121.25,14,4.5,009 km N 34° E of Dalupiri Island (Calayan) (Cagayan),Ms,TECTONIC
593,2024-10-13 10:37:55+00:00,13.82,123.8,3,2.5,013 km S 55° E of Garchitorena (Camarines Sur),Ms,TECTONIC
594,2024-10-13 10:20:03+00:00,7.75,126.9,9,2.8,042 km N 63° E of Baganga (Davao Oriental),Ms,TECTONIC
595,2024-10-13 10:13:16+00:00,7.08,123.8,22,2.2,024 km N 88° W of Datu Blah T. Sinsuat (Maguindanao Del Norte),Ms,TECTONIC
596,2024-10-13 10:06:03+00:00,11.94,125.06,29,1.7,013 km S 17° E of San Jose De Buan (Samar),Ms,TECTONIC
597,2024-10-13 09:02:56+00:00,5.36,125.51,185,3.3,011 km S 61° E of Balut Island (Municipality Of Sarangani) (Davao Occidental),Ms,TECTONIC
598,2024-10-13 04:55:45+00:00,10.5,124.86,1,2.5,013 km S 89° E of Inopacan (Leyte),Ms,TECTONIC
599,2024-10-13 04:38:33+00:00,14.97,121.68,2,2.6,015 km N 76° W of Panukulan (Quezon),Ms,TECTONIC
600,2024-10-13 04:05:19+00:00,6.52,126.24,159,1.8,023 km S 50° E of Governor Generoso (Davao Oriental),Ms,TECTONIC
601,2024-10-13 04:01:23+00:00,5.63,127.17,8,3.4,166 km S 47° E of Governor Generoso (Davao Oriental),Ms,TECTONIC
602,2024-10-13 04:00:09+00:00,5.27,127.34,46,2.7,201 km S 69° E of Jose Abad Santos (Davao Occidental),Ms,TECTONIC
603,2024-10-13 03:48:20+00:00,11.96,121.45,5,2.3,010 km S 88° W of Caluya (Antique),Ms,TECTONIC
604,2024-10-13 01:06:23+00:00,8.56,122.04,36,2.0,076 km N 32° W of Gutalac (Zamboanga Del Norte),Ms,TECTONIC
605,2024-10-13 00:59:43+00:00,18.39,120.77,33,2.1,015 km S 17° W of Dumalneg (Ilocos Norte),Ms,TECTONIC
606,2024-10-13 00:23:43+00:00,7.32,123.45,24,2.4,016 km S 16° E of Tabina (Zamboanga Del Sur),Ms,TECTONIC
607,2024-10-13 00:03:29+00:00,7.29,123.47,30,2.0,021 km S 18° E of Tabina (Zamboanga Del Sur),Ms,TECTONIC
608,2024-10-13 00:01:42+00:00,7.28,123.5,22,2.4,022 km S 25° E of Tabina (Zamboanga Del Sur),Ms,TECTONIC
609,2024-10-12 23:31:25+00:00,8.28,127.23,20,2.8,094 km N 74° E of Lingig (Surigao Del Sur),Ms,TECTONIC
610,2024-10-12 22:34:01+00:00,10.13,125.22,1,2.1,011 km N 40° E of San Francisco (Southern Leyte),Ms,TECTONIC
611,2024-10-12 22:30:34+00:00,6.16,125.88,116,2.8,020 km S 79° E of Don Marcelino (Davao Occidental),Ms,TECTONIC
612,2024-10-12 22:13:45+00:00,12.54,124.76,22,2.1,003 km N 16° E of Mondragon (Northern Samar),Ms,TECTONIC
613,2024-10-12 21:55:47+00:00,12.93,121.21,3,1.8,025 km S 57° W of Socorro (Oriental Mindoro),Ms,TECTONIC
614,2024-10-12 21:48:10+00:00,13.61,120.65,95,1.7,021 km N 25° W of Abra De Ilog (Occidental Mindoro),Ms,TECTONIC
615,2024-10-12 21:34:23+00:00,7.37,125.7,111,1.8,002 km N 22° W of Carmen (Davao Del Norte),Ms,TECTONIC
616,2024-10-12 20:57:52+00:00,6.88,125.65,1,1.6,023 km S 17° W of Island Garden City Of Samal (Davao Del Norte),Ms,TECTONIC
617,2024-10-12 20:56:21+00:00,7.69,124.7,27,1.5,007 km S 39° W of Kalilangan (Bukidnon),Ms,TECTONIC
618,2024-10-12 20:27:06+00:00,13.54,120.62,127,2.7,016 km N 48° W of Abra De Ilog (Occidental Mindoro),Ms,TECTONIC
619,2024-10-12 20:19:16+00:00,18.31,121.07,14,1.9,006 km N 24° E of Calanasan (Apayao),Ms,TECTONIC
620,2024-10-12 20:18:08+00:00,10.14,126.69,18,3.8,068 km N 79° E of Burgos (Surigao Del Norte),Ms,TECTONIC
621,2024-10-12 20:06:48+00:00,17.17,121.92,22,2.9,005 km N 55° E of City Of Ilagan (Isabela),Ms,TECTONIC
622,2024-10-12 19:21:03+00:00,13.64,120.34,8,1.7,013 km S 49° E of Looc (Occidental Mindoro),Ms,TECTONIC
623,2024-10-12 19:05:05+00:00,7.81,124.68,6,2.1,003 km N 02° W of Amai Manabilang (Lanao Del Sur),Ms,TECTONIC
624,2024-10-12 18:48:07+00:00,12.44,123.67,1,2.0,009 km N 31° E of City Of Masbate (Masbate),Ms,TECTONIC
625,2024-10-12 18:47:19+00:00,12.46,123.66,1,2.0,011 km N 21° E of City Of Masbate (Masbate),Ms,TECTONIC
626,2024-10-12 18:20:12+00:00,17.47,120.18,22,2.3,023 km S 69° W of Caoayan (Ilocos Sur),Ms,TECTONIC
627,2024-10-12 18:19:06+00:00,17.08,122.85,28,2.1,045 km N 88° E of Palanan (Isabela),Ms,TECTONIC
628,2024-10-12 17:42:54+00:00,15.4,121.76,1,1.9,040 km N 87° E of Dingalan (Aurora),Ms,TECTONIC
629,2024-10-12 17:20:32+00:00,13.68,120.6,111,1.5,017 km S 10° W of Calatagan (Batangas),Ms,TECTONIC
630,2024-10-12 17:00:48+00:00,9.48,126.39,31,2.1,031 km N 44° E of Cortes (Surigao Del Sur),Ms,TECTONIC
631,2024-10-12 16:31:24+00:00,5.77,125.85,107,3.5,027 km S 56° E of Jose Abad Santos (Davao Occidental),Ms,TECTONIC
632,2024-10-12 16:19:31+00:00,6.62,126.92,42,2.6,070 km S 48° E of Tarragona (Davao Oriental),Ms,TECTONIC
633,2024-10-12 16:17:50+00:00,18.49,120.92,3,2.3,004 km N 32° E of Adams (Ilocos Norte),Ms,TECTONIC
634,2024-10-12 16:02:44+00:00,9.48,126.58,33,1.8,048 km N 62° E of Cortes (Surigao Del Sur),Ms,TECTONIC
635,2024-10-12 15:37:43+00:00,8.21,126.87,11,2.3,054 km N 69° E of Lingig (Surigao Del Sur),Ms,TECTONIC
636,2024-10-12 15:17:32+00:00,8.21,126.52,24,1.3,022 km N 32° E of Lingig (Surigao Del Sur),Ms,TECTONIC
637,2024-10-12 15:15:12+00:00,8.13,126.73,21,1.4,037 km N 75° E of Lingig (Surigao Del Sur),Ms,TECTONIC
638,2024-10-12 15:05:41+00:00,15.44,121.66,21,1.7,029 km N 79° E of Dingalan (Aurora),Ms,TECTONIC
639,2024-10-12 14:21:30+00:00,9.39,126.02,55,1.8,007 km N 40° E of Cantilan (Surigao Del Sur),Ms,TECTONIC
640,2024-10-12 14:13:07+00:00,15.42,121.8,7,2.1,044 km N 86° E of Dingalan (Aurora),Ms,TECTONIC
641,2024-10-12 14:03:29+00:00,19.04,120.97,1,2.4,026 km S 74° W of Dalupiri Island (Calayan) (Cagayan),Ms,TECTONIC
642,2024-10-12 13:46:55+00:00,7.92,126.97,11,1.6,059 km N 50° E of Baganga (Davao Oriental),Ms,TECTONIC
643,2024-10-12 12:51:51+00:00,10.06,126.16,5,2.6,010 km N 65° E of Burgos (Surigao Del Norte),Ms,TECTONIC
644,2024-10-12 12:05:48+00:00,13.37,120.35,18,1.6,013 km S 68° W of Paluan (Occidental Mindoro),Ms,TECTONIC
645,2024-10-12 11:12:17+00:00,12.51,124.73,21,2.2,003 km S 73° W of Mondragon (Northern Samar),Ms,TECTONIC
646,2024-10-12 11:03:23+00:00,8.2,126.7,21,1.5,037 km N 61° E of Lingig (Surigao Del Sur),Ms,TECTONIC
647,2024-10-12 10:12:23+00:00,8.05,126.93,27,1.5,057 km N 89° E of Lingig (Surigao Del Sur),Ms,TECTONIC
648,2024-10-12 10:00:55+00:00,8.22,126.63,27,2.0,031 km N 50° E of Lingig (Surigao Del Sur),Ms,TECTONIC
649,2024-10-12 09:32:54+00:00,8.85,122.45,34,1.9,066 km S 19° W of Basay (Negros Oriental),Ms,TECTONIC
650,2024-10-12 08:25:56+00:00,10.83,123.7,15,2.6,018 km N 51° W of Tuburan (Cebu),Ms,TECTONIC
651,2024-10-12 07:20:56+00:00,14.05,123.89,34,2.8,028 km N 49° E of Garchitorena (Camarines Sur),Ms,TECTONIC
652,2024-10-12 04:16:47+00:00,14.56,123.27,14,3.0,036 km N 74° E of Tinaga Island (Vinzons) (Camarines Norte),Ms,TECTONIC
653,2024-10-12 03:19:29+00:00,15.4,120.46,32,1.9,009 km S 01° W of San Jose (Tarlac),Ms,TECTONIC
654,2024-10-12 02:52:36+00:00,7.09,125.71,24,2.1,001 km N 13° W of Island Garden City Of Samal (Davao Del Norte),Ms,TECTONIC
655,2024-10-12 01:56:14+00:00,9.69,125.8,32,1.7,015 km N 28° E of Claver (Surigao Del Norte),Ms,TECTONIC
656,2024-10-11 23:36:15+00:00,6.83,125.9,24,3.1,014 km S 60° W of Lupon (Davao Oriental),Ms,TECTONIC
657,2024-10-11 23:16:23+00:00,6.65,125.67,26,1.7,024 km N 64° E of Santa Maria (Davao Occidental),Ms,TECTONIC
658,2024-10-11 23:08:19+00:00,8.1,126.74,13,4.1,036 km N 79° E of Lingig (Surigao Del Sur),Ms,TECTONIC
659,2024-10-11 22:21:07+00:00,6.05,127.49,13,2.5,159 km S 46° E of Tarragona (Davao Oriental),Ms,TECTONIC
660,2024-10-11 22:18:35+00:00,12.51,124.73,23,2.0,002 km S 57° W of Mondragon (Northern Samar),Ms,TECTONIC
661,2024-10-11 22:16:53+00:00,11.75,125.49,26,2.6,004 km N 88° E of San Julian (Eastern Samar),Ms,TECTONIC
662,2024-10-11 21:50:24+00:00,8.17,126.53,27,1.8,020 km N 41° E of Lingig (Surigao Del Sur),Ms,TECTONIC
663,2024-10-11 21:48:30+00:00,17.74,120.62,21,2.0,007 km N 44° W of Danglas (Abra),Ms,TECTONIC
664,2024-10-11 21:38:54+00:00,16.55,122.04,31,1.8,024 km N 84° W of Dinapigue (Isabela),Ms,TECTONIC
665,2024-10-11 20:35:30+00:00,8.37,121.54,34,3.8,091 km N 47° W of Baliguian (Zamboanga Del Norte),Ms,TECTONIC
666,2024-10-11 20:34:11+00:00,15.09,122.92,1,2.6,068 km N 02° W of Tinaga Island (Vinzons) (Camarines Norte),Ms,TECTONIC
667,2024-10-11 20:24:28+00:00,6.47,126.27,102,2.3,030 km S 47° E of Governor Generoso (Davao Oriental),Ms,TECTONIC
668,2024-10-11 20:18:34+00:00,18.51,120.72,33,1.5,006 km S 61° W of Bangui (Ilocos Norte),Ms,TECTONIC
669,2024-10-11 19:44:19+00:00,7.48,126.91,11,2.7,040 km S 74° E of Baganga (Davao Oriental),Ms,TECTONIC
670,2024-10-11 19:35:01+00:00,9.52,122.7,21,2.4,014 km N 28° E of Basay (Negros Oriental),Ms,TECTONIC
671,2024-10-11 18:47:17+00:00,8.98,126.54,17,2.5,028 km N 88° E of Bayabas (Surigao Del Sur),Ms,TECTONIC
672,2024-10-11 18:35:37+00:00,18.98,121.76,14,2.2,013 km N 55° W of Camiguin Island (Calayan) (Cagayan),Ms,TECTONIC
673,2024-10-11 18:24:14+00:00,18.03,121.99,20,1.7,020 km N 38° E of Baggao (Cagayan),Ms,TECTONIC
674,2024-10-11 18:14:36+00:00,7.99,126.7,22,1.6,032 km S 81° E of Lingig (Surigao Del Sur),Ms,TECTONIC
675,2024-10-11 17:57:11+00:00,8.67,126.57,26,2.0,033 km S 64° E of Marihatag (Surigao Del Sur),Ms,TECTONIC
676,2024-10-11 17:54:24+00:00,13.14,120.73,10,2.2,006 km N 09° E of Santa Cruz (Occidental Mindoro),Ms,TECTONIC
677,2024-10-11 17:49:29+00:00,15.57,119.06,9,2.5,092 km N 81° W of Palauig (Zambales),Ms,TECTONIC
678,2024-10-11 17:45:27+00:00,14.08,125.3,33,2.2,103 km N 72° E of Gigmoto (Catanduanes),Ms,TECTONIC
679,2024-10-11 17:35:11+00:00,13.88,120.53,73,1.9,012 km N 65° W of Calatagan (Batangas),Ms,TECTONIC
680,2024-10-11 17:23:25+00:00,9.76,124.75,14,2.9,019 km N 84° E of Anda (Bohol),Ms,TECTONIC
681,2024-10-11 17:03:11+00:00,13.84,123.95,10,2.2,012 km N 54° E of Caramoan (Camarines Sur),Ms,TECTONIC
682,2024-10-11 16:38:29+00:00,10.24,122.25,28,2.8,040 km S 18° E of San Joaquin (Iloilo),Ms,TECTONIC
683,2024-10-11 15:37:11+00:00,17.04,120.55,7,2.5,007 km S 57° W of Sigay (Ilocos Sur),Ms,TECTONIC
684,2024-10-11 15:35:29+00:00,7.97,126.77,16,1.5,040 km S 80° E of Lingig (Surigao Del Sur),Ms,TECTONIC
685,2024-10-11 15:26:42+00:00,18.24,120.94,25,1.7,011 km S 81° W of Calanasan (Apayao),Ms,TECTONIC
686,2024-10-11 13:18:30+00:00,10.15,125.09,1,3.5,004 km S 74° W of Liloan (Southern Leyte),Ms,TECTONIC
687,2024-10-11 12:20:33+00:00,5.68,126.54,56,2.4,103 km S 76° E of Jose Abad Santos (Davao Occidental),Ms,TECTONIC
688,2024-10-11 11:55:08+00:00,13.19,119.98,1,1.7,058 km S 65° W of Paluan (Occidental Mindoro),Ms,TECTONIC
689,2024-10-11 10:43:40+00:00,8.45,122.7,28,2.4,036 km N 89° W of Jose Dalman (Zamboanga Del Norte),Ms,TECTONIC
690,2024-10-11 09:49:46+00:00,17.49,120.64,1,2.0,005 km N 51° E of San Isidro (Abra),Ms,TECTONIC
691,2024-10-11 09:47:59+00:00,12.79,121.09,8,2.0,029 km N 34° E of Calintaan (Occidental Mindoro),Ms,TECTONIC
692,2024-10-11 09:24:50+00:00,9.22,126.3,60,1.5,013 km S 63° E of Cortes (Surigao Del Sur),Ms,TECTONIC
693,2024-10-11 09:00:09+00:00,6.24,126.18,17,2.3,070 km N 59° E of Jose Abad Santos (Davao Occidental),Ms,TECTONIC
694,2024-10-11 08:00:50+00:00,8.26,125.96,33,2.4,010 km N 24° W of Bunawan (Agusan Del Sur),Ms,TECTONIC
695,2024-10-11 05:54:40+00:00,9.91,126.15,14,2.5,008 km N 44° E of Pilar (Surigao Del Norte),Ms,TECTONIC
696,2024-10-11 05:10:16+00:00,3.08,127.13,13,3.2,320 km S 36° E of Balut Island (Municipality Of Sarangani) (Davao Occidental),Ms,TECTONIC
697,2024-10-11 04:34:14+00:00,9.96,124.84,32,1.8,018 km S 42° W of Macrohon (Southern Leyte),Ms,TECTONIC
698,2024-10-11 03:07:34+00:00,12.95,124.8,7,3.1,045 km N 18° W of Pambujan (Northern Samar),Ms,TECTONIC
699,2024-10-11 01:38:03+00:00,5.11,126.22,59,3.8,092 km S 64° E of Sarangani Island (Municipality Of Sarangani) (Davao Occidental),Ms,TECTONIC
700,2024-10-11 01:14:09+00:00,5.63,126.8,33,2.7,132 km S 76° E of Jose Abad Santos (Davao Occidental),Ms,TECTONIC
701,2024-10-11 00:15:59+00:00,5.68,126.7,81,4.5,120 km S 78° E of Jose Abad Santos (Davao Occidental),Ms,TECTONIC
702,2024-10-10 23:33:50+00:00,10.52,125.33,1,3.4,018 km S 86° E of Silago (Southern Leyte),Ms,TECTONIC
703,2024-10-10 22:19:32+00:00,7.31,127.07,30,1.9,063 km S 62° E of Baganga (Davao Oriental),Ms,TECTONIC
704,2024-10-10 21:25:33+00:00,6.09,124.75,18,2.4,015 km S 15° E of Lake Sebu (South Cotabato),Ms,TECTONIC
705,2024-10-10 20:34:47+00:00,8.13,127.06,13,2.4,073 km N 82° E of Lingig (Surigao Del Sur),Ms,TECTONIC
706,2024-10-10 19:17:27+00:00,7.82,126.35,30,1.5,006 km S 27° W of Boston (Davao Oriental),Ms,TECTONIC
707,2024-10-10 19:16:17+00:00,7.78,126.7,31,1.8,027 km N 34° E of Baganga (Davao Oriental),Ms,TECTONIC
708,2024-10-10 19:13:25+00:00,8.1,126.57,32,1.4,019 km N 68° E of Lingig (Surigao Del Sur),Ms,TECTONIC
709,2024-10-10 18:59:15+00:00,13.65,123.92,12,1.7,015 km S 23° E of Caramoan (Camarines Sur),Ms,TECTONIC
710,2024-10-10 18:36:30+00:00,11.25,124.64,1,2.3,005 km S 01° W of Capoocan (Leyte),Ms,TECTONIC
711,2024-10-10 18:33:11+00:00,8.62,126.54,30,2.6,033 km S 54° E of Marihatag (Surigao Del Sur),Ms,TECTONIC
712,2024-10-10 17:44:57+00:00,12.91,124.43,35,1.7,026 km N 16° E of Biri (Northern Samar),Ms,TECTONIC
713,2024-10-10 17:44:28+00:00,5.63,125.24,26,2.7,032 km N 40° W of Balut Island (Municipality Of Sarangani) (Davao Occidental),Ms,TECTONIC
714,2024-10-10 17:42:54+00:00,12.93,124.52,33,2.1,033 km N 31° E of Biri (Northern Samar),Ms,TECTONIC
715,2024-10-10 17:35:21+00:00,13.05,124.51,15,3.3,034 km N 89° E of Prieto Diaz (Sorsogon),Ms,TECTONIC
716,2024-10-10 17:32:57+00:00,6.4,123.98,15,2.1,019 km S 24° W of Kalamansig (Sultan Kudarat),Ms,TECTONIC
717,2024-10-10 17:23:58+00:00,18.31,120.67,20,1.7,007 km S 62° E of Pasuquin (Ilocos Norte),Ms,TECTONIC
718,2024-10-10 17:22:29+00:00,13.2,124.16,29,2.2,004 km N 67° E of Rapu-rapu (Albay),Ms,TECTONIC
719,2024-10-10 16:49:53+00:00,9.92,126.03,21,2.4,005 km S 34° E of San Benito (Surigao Del Norte),Ms,TECTONIC
720,2024-10-10 16:41:52+00:00,6.98,125.62,38,2.8,015 km S 41° W of Island Garden City Of Samal (Davao Del Norte),Ms,TECTONIC
721,2024-10-10 16:08:20+00:00,18.35,120.52,33,1.7,011 km N 79° W of Pasuquin (Ilocos Norte),Ms,TECTONIC
722,2024-10-10 15:59:19+00:00,14.21,124.62,18,2.0,047 km N 50° E of Bagamanoc (Catanduanes),Ms,TECTONIC
723,2024-10-10 15:50:35+00:00,11.96,120.81,4,2.4,051 km S 33° W of San Jose (Occidental Mindoro),Ms,TECTONIC
724,2024-10-10 15:36:05+00:00,10.71,122.31,26,2.2,006 km N 10° W of Guimbal (Iloilo),Ms,TECTONIC
725,2024-10-10 15:12:49+00:00,16.33,122.15,17,2.6,007 km N 22° E of Casiguran (Aurora),Ms,TECTONIC
726,2024-10-10 15:11:26+00:00,16.55,120.85,13,2.0,007 km N 14° E of Bokod (Benguet),Ms,TECTONIC
727,2024-10-10 14:59:10+00:00,7.5,126.34,33,1.8,023 km S 77° E of New Bataan (Davao De Oro),Ms,TECTONIC
728,2024-10-10 14:57:58+00:00,9.96,126.11,16,1.9,004 km N 55° E of San Isidro (Surigao Del Norte),Ms,TECTONIC
729,2024-10-10 14:56:24+00:00,8.52,126.72,4,2.5,045 km N 68° E of Hinatuan (Surigao Del Sur),Ms,TECTONIC
730,2024-10-10 14:28:13+00:00,16.52,122.02,30,1.8,025 km N 55° W of Dilasag (Aurora),Ms,TECTONIC
731,2024-10-10 13:53:03+00:00,10.01,126.02,13,3.0,002 km S 47° W of Santa Monica (Surigao Del Norte),Ms,TECTONIC
732,2024-10-10 13:44:19+00:00,15.29,120.31,26,2.6,028 km N 80° W of Mabalacat City (Pampanga),Ms,TECTONIC
733,2024-10-10 13:39:44+00:00,18.27,121.07,17,2.6,004 km N 56° E of Calanasan (Apayao),Ms,TECTONIC
734,2024-10-10 12:48:39+00:00,11.44,124.45,4,1.7,002 km S 82° E of Calubian (Leyte),Ms,TECTONIC
735,2024-10-10 12:44:40+00:00,11.46,124.46,1,2.5,002 km S 60° W of Biliran (Biliran),Ms,TECTONIC
736,2024-10-10 12:43:18+00:00,9.27,123.18,7,3.3,007 km S 76° W of Valencia (Negros Oriental),Ms,TECTONIC
737,2024-10-10 12:06:20+00:00,7.98,126.79,18,2.8,042 km N 60° E of Cateel (Davao Oriental),Ms,TECTONIC
738,2024-10-10 11:41:59+00:00,13.01,124.85,1,2.0,050 km N 10° W of Pambujan (Northern Samar),Ms,TECTONIC
739,2024-10-10 09:53:31+00:00,13.16,126.0,49,3.9,111 km N 47° E of Mapanas (Northern Samar),Ms,TECTONIC
740,2024-10-10 08:49:42+00:00,10.1,126.39,9,2.7,043 km N 36° E of General Luna (Surigao Del Norte),Ms,TECTONIC
741,2024-10-10 08:37:21+00:00,9.93,127.3,96,1.5,126 km N 83° E of General Luna (Surigao Del Norte),Ms,TECTONIC
742,2024-10-10 08:07:32+00:00,9.53,126.07,8,2.4,015 km S 49° E of Socorro (Surigao Del Norte),Ms,TECTONIC
743,2024-10-10 07:58:29+00:00,8.29,126.87,6,2.6,058 km N 61° E of Lingig (Surigao Del Sur),Ms,TECTONIC
744,2024-10-10 07:22:47+00:00,1.98,126.93,157,5.1,415 km S 24° E of Balut Island (Municipality Of Sarangani) (Davao Occidental),Mw,TECTONIC
745,2024-10-10 06:01:25+00:00,8.67,126.65,29,1.8,042 km S 69° E of Marihatag (Surigao Del Sur),Ms,TECTONIC
746,2024-10-10 04:47:02+00:00,12.68,121.28,34,1.6,024 km S 73° W of Bongabong (Oriental Mindoro),Ms,TECTONIC
747,2024-10-10 03:23:03+00:00,5.61,126.87,130,3.0,140 km S 76° E of Jose Abad Santos (Davao Occidental),Ms,TECTONIC
748,2024-10-10 03:14:47+00:00,9.62,126.23,18,2.8,020 km S 23° E of General Luna (Surigao Del Norte),Ms,TECTONIC
749,2024-10-10 02:00:26+00:00,8.77,127.5,27,2.1,133 km S 88° E of Marihatag (Surigao Del Sur),Ms,TECTONIC
750,2024-10-10 01:28:08+00:00,8.66,126.74,19,1.7,051 km S 72° E of Marihatag (Surigao Del Sur),Ms,TECTONIC
751,2024-10-09 22:37:12+00:00,8.65,126.28,33,1.7,012 km S 32° E of San Agustin (Surigao Del Sur),Ms,TECTONIC
752,2024-10-09 21:26:48+00:00,13.94,120.37,63,1.5,027 km N 27° E of Looc (Occidental Mindoro),Ms,TECTONIC
753,2024-10-09 21:05:06+00:00,17.97,120.7,20,2.2,007 km N 33° E of Nueva Era (Ilocos Norte),Ms,TECTONIC
754,2024-10-09 21:03:40+00:00,7.69,127.42,19,3.0,095 km N 83° E of Baganga (Davao Oriental),Ms,TECTONIC
755,2024-10-09 20:50:51+00:00,11.27,124.63,2,2.8,003 km S 37° W of Capoocan (Leyte),Ms,TECTONIC
756,2024-10-09 20:31:36+00:00,13.76,120.57,100,1.9,010 km S 38° W of Calatagan (Batangas),Ms,TECTONIC
757,2024-10-09 20:27:13+00:00,13.14,124.83,18,2.4,065 km N 09° W of Pambujan (Northern Samar),Ms,TECTONIC
758,2024-10-09 20:15:38+00:00,8.11,125.78,8,2.5,011 km S 47° W of Loreto (Agusan Del Sur),Ms,TECTONIC
759,2024-10-09 20:01:43+00:00,8.39,126.97,11,1.8,070 km N 88° E of Hinatuan (Surigao Del Sur),Ms,TECTONIC
760,2024-10-09 20:00:04+00:00,9.39,126.54,38,1.8,040 km N 72° E of Cortes (Surigao Del Sur),Ms,TECTONIC
761,2024-10-09 19:44:46+00:00,5.58,126.25,46,2.7,077 km S 61° E of Jose Abad Santos (Davao Occidental),Ms,TECTONIC
762,2024-10-09 19:40:23+00:00,18.35,120.8,2,4.3,016 km S 41° W of Adams (Ilocos Norte),Ms,TECTONIC
763,2024-10-09 19:39:43+00:00,8.15,126.82,13,1.9,047 km N 75° E of Lingig (Surigao Del Sur),Ms,TECTONIC
764,2024-10-09 19:19:35+00:00,9.59,126.14,27,3.3,021 km S 04° W of General Luna (Surigao Del Norte),Ms,TECTONIC
765,2024-10-09 19:16:19+00:00,14.31,124.63,24,2.5,055 km N 42° E of Bagamanoc (Catanduanes),Ms,TECTONIC
766,2024-10-09 19:15:44+00:00,15.77,121.02,25,1.7,004 km S 61° E of San Jose City (Nueva Ecija),Ms,TECTONIC
767,2024-10-09 19:01:45+00:00,18.19,120.97,83,2.0,011 km S 47° W of Calanasan (Apayao),Ms,TECTONIC
768,2024-10-09 18:54:09+00:00,16.8,119.68,31,1.8,051 km N 27° W of Bolinao (Pangasinan),Ms,TECTONIC
769,2024-10-09 18:40:49+00:00,8.99,122.8,4,1.8,027 km S 73° W of Siaton (Negros Oriental),Ms,TECTONIC
770,2024-10-09 18:03:51+00:00,14.84,123.64,1,1.9,085 km N 62° E of Tinaga Island (Vinzons) (Camarines Norte),Ms,TECTONIC
771,2024-10-09 17:53:25+00:00,18.43,120.9,3,1.4,004 km S 07° W of Adams (Ilocos Norte),Ms,TECTONIC
772,2024-10-09 17:44:38+00:00,13.69,120.67,179,2.0,016 km S 14° E of Calatagan (Batangas),Ms,TECTONIC
773,2024-10-09 16:38:56+00:00,12.37,120.78,5,1.6,022 km S 63° W of Rizal (Occidental Mindoro),Ms,TECTONIC
774,2024-10-09 16:38:20+00:00,5.81,124.58,32,1.6,020 km S 14° W of Kiamba (Sarangani),Ms,TECTONIC
775,2024-10-09 16:32:50+00:00,17.72,120.59,19,2.5,014 km S 77° E of San Juan (Ilocos Sur),Ms,TECTONIC
776,2024-10-09 16:27:20+00:00,12.39,120.85,6,2.4,015 km S 56° W of Rizal (Occidental Mindoro),Ms,TECTONIC
777,2024-10-09 16:20:19+00:00,12.33,120.86,12,3.4,018 km S 38° W of Rizal (Occidental Mindoro),Ms,TECTONIC
778,2024-10-09 16:10:44+00:00,15.79,119.83,14,2.2,009 km N 70° W of Santa Cruz (Zambales),Ms,TECTONIC
779,2024-10-09 15:46:37+00:00,8.02,126.39,34,1.8,003 km S 52° W of Lingig (Surigao Del Sur),Ms,TECTONIC
780,2024-10-09 14:56:25+00:00,17.83,120.29,33,1.5,018 km N 78° W of Cabugao (Ilocos Sur),Ms,TECTONIC
781,2024-10-09 14:43:53+00:00,5.75,127.29,33,3.0,168 km S 53° E of Governor Generoso (Davao Oriental),Ms,TECTONIC
782,2024-10-09 14:10:50+00:00,14.41,120.46,187,3.2,005 km S 44° W of Mariveles (Bataan),Ms,TECTONIC
783,2024-10-09 14:01:41+00:00,19.04,121.04,12,2.1,019 km S 65° W of Dalupiri Island (Calayan) (Cagayan),Ms,TECTONIC
784,2024-10-09 14:00:47+00:00,9.63,126.75,7,3.3,067 km S 75° E of General Luna (Surigao Del Norte),Ms,TECTONIC
785,2024-10-09 13:54:07+00:00,13.23,121.22,33,1.4,009 km N 44° W of Victoria (Oriental Mindoro),Ms,TECTONIC
786,2024-10-09 13:51:16+00:00,8.72,126.73,1,2.5,048 km S 80° E of Marihatag (Surigao Del Sur),Ms,TECTONIC
787,2024-10-09 12:44:24+00:00,18.13,120.75,55,1.7,005 km S 43° E of Piddig (Ilocos Norte),Ms,TECTONIC
788,2024-10-09 12:44:10+00:00,10.77,124.03,2,2.0,020 km N 03° E of Carmen (Cebu),Ms,TECTONIC
789,2024-10-09 12:28:51+00:00,14.43,123.67,4,2.9,063 km N 44° E of Siruma (Camarines Sur),Ms,TECTONIC
790,2024-10-09 12:10:14+00:00,10.02,126.22,1,2.0,027 km N 15° E of General Luna (Surigao Del Norte),Ms,TECTONIC
791,2024-10-09 11:04:48+00:00,13.91,120.57,154,2.2,011 km N 39° W of Calatagan (Batangas),Ms,TECTONIC
792,2024-10-09 10:59:23+00:00,10.22,126.28,33,1.5,032 km N 45° E of Burgos (Surigao Del Norte),Ms,TECTONIC
793,2024-10-09 09:50:30+00:00,13.24,122.32,5,2.5,024 km S 62° W of San Francisco (Quezon),Ms,TECTONIC
794,2024-10-09 09:42:54+00:00,8.02,127.18,8,4.5,085 km S 89° E of Lingig (Surigao Del Sur),Ms,TECTONIC
795,2024-10-09 08:52:36+00:00,12.12,124.36,6,2.2,023 km N 25° W of Santo Niño (Samar),Ms,TECTONIC
796,2024-10-09 08:24:09+00:00,11.54,125.72,23,2.9,023 km N 53° E of Llorente (Eastern Samar),Ms,TECTONIC
797,2024-10-09 04:28:35+00:00,7.36,125.42,4,2.4,029 km N 73° W of City Of Panabo (Davao Del Norte),Ms,TECTONIC
798,2024-10-09 03:46:24+00:00,8.24,126.59,8,3.0,029 km N 41° E of Lingig (Surigao Del Sur),Ms,TECTONIC
799,2024-10-09 03:39:19+00:00,17.34,121.8,27,2.6,004 km N 24° E of Delfin Albano (Isabela),Ms,TECTONIC
800,2024-10-09 03:32:39+00:00,6.46,126.35,34,2.5,037 km S 56° E of Governor Generoso (Davao Oriental),Ms,TECTONIC
801,2024-10-09 02:45:39+00:00,7.96,126.97,3,3.3,060 km N 72° E of Cateel (Davao Oriental),Ms,TECTONIC
802,2024-10-08 23:47:20+00:00,7.84,126.0,13,2.5,006 km N 72° W of Monkayo (Davao De Oro),Ms,TECTONIC
803,2024-10-08 23:44:40+00:00,13.71,120.9,7,3.2,006 km N 32° E of Tingloy (Batangas),Ms,TECTONIC
804,2024-10-08 23:28:00+00:00,16.39,121.36,17,2.5,011 km N 42° E of Kasibu (Nueva Vizcaya),Ms,TECTONIC
805,2024-10-08 22:02:39+00:00,10.36,125.22,8,2.7,029 km S 84° E of Sogod (Southern Leyte),Ms,TECTONIC
806,2024-10-08 21:14:41+00:00,9.83,124.65,15,2.9,012 km N 40° E of Anda (Bohol),Ms,TECTONIC
807,2024-10-08 20:46:42+00:00,9.83,124.67,6,4.1,017 km S 76° E of Mabini (Bohol),Mw,TECTONIC
808,2024-10-08 20:00:17+00:00,10.33,125.18,6,2.4,007 km N 38° E of Saint Bernard (Southern Leyte),Ms,TECTONIC
809,2024-10-08 19:45:00+00:00,3.56,128.17,234,4.2,367 km S 56° E of Balut Island (Municipality Of Sarangani) (Davao Occidental),Ms,TECTONIC
810,2024-10-08 19:03:29+00:00,18.93,121.06,10,2.7,025 km S 38° W of Dalupiri Island (Calayan) (Cagayan),Ms,TECTONIC
811,2024-10-08 18:54:29+00:00,11.47,124.43,10,2.6,002 km N 11° E of Calubian (Leyte),Ms,TECTONIC
812,2024-10-08 18:47:12+00:00,13.64,124.99,11,3.5,066 km S 88° E of Baras (Catanduanes),Ms,TECTONIC
813,2024-10-08 18:36:50+00:00,7.92,127.02,6,2.9,064 km N 77° E of Cateel (Davao Oriental),Ms,TECTONIC
814,2024-10-08 18:23:05+00:00,12.01,121.44,15,2.7,014 km N 55° W of Caluya (Antique),Ms,TECTONIC
815,2024-10-08 17:52:55+00:00,17.55,121.04,3,1.9,005 km S 47° E of Malibcong (Abra),Ms,TECTONIC
816,2024-10-08 17:27:47+00:00,8.93,126.67,8,2.5,041 km N 88° E of Cagwait (Surigao Del Sur),Ms,TECTONIC
817,2024-10-08 17:12:50+00:00,9.95,125.77,11,2.6,011 km N 76° E of Cagdianao (Dinagat Islands),Ms,TECTONIC
818,2024-10-08 17:06:20+00:00,9.89,124.01,4,3.1,004 km N 15° E of Catigbian (Bohol),Ms,TECTONIC
819,2024-10-08 17:00:44+00:00,18.52,122.6,5,3.5,049 km N 82° E of Santa Ana (Cagayan),Ms,TECTONIC
820,2024-10-08 16:22:44+00:00,6.48,126.44,14,2.3,046 km S 64° E of Governor Generoso (Davao Oriental),Ms,TECTONIC
821,2024-10-08 16:09:17+00:00,13.7,120.96,2,3.1,006 km S 20° E of Mabini (Batangas),Ms,TECTONIC
822,2024-10-08 15:57:58+00:00,5.92,126.96,32,2.7,127 km S 50° E of Governor Generoso (Davao Oriental),Ms,TECTONIC
823,2024-10-08 14:50:02+00:00,18.86,121.09,4,3.2,028 km N 03° E of Claveria (Cagayan),Ms,TECTONIC
824,2024-10-08 14:38:30+00:00,16.61,119.84,27,3.1,025 km N 13° W of Bolinao (Pangasinan),Ms,TECTONIC
825,2024-10-08 14:06:35+00:00,7.69,126.6,24,2.5,014 km N 20° E of Baganga (Davao Oriental),Ms,TECTONIC
826,2024-10-08 13:55:02+00:00,13.63,120.64,85,1.8,022 km S 01° E of Calatagan (Batangas),Ms,TECTONIC
827,2024-10-08 12:44:10+00:00,9.17,126.19,25,2.7,011 km N 11° E of City Of Tandag (Surigao Del Sur),Ms,TECTONIC
828,2024-10-08 12:07:00+00:00,8.18,126.86,12,2.7,052 km N 72° E of Lingig (Surigao Del Sur),unspecified,unspecified
829,2024-10-08 11:56:29+00:00,13.67,120.54,66,1.6,020 km S 30° W of Calatagan (Batangas),Ms,TECTONIC
830,2024-10-08 11:56:28+00:00,6.66,124.97,6,2.2,003 km S 12° E of Columbio (Sultan Kudarat),Ms,TECTONIC
831,2024-10-08 11:40:39+00:00,19.35,122.02,17,2.8,052 km N 18° E of Camiguin Island (Calayan) (Cagayan),Ms,TECTONIC
832,2024-10-08 11:10:52+00:00,7.58,127.24,22,2.8,075 km N 90° E of Baganga (Davao Oriental),Ms,TECTONIC
833,2024-10-08 10:16:19+00:00,15.23,119.27,15,2.6,072 km S 72° W of Palauig (Zambales),Ms,TECTONIC
834,2024-10-08 10:01:35+00:00,8.62,127.02,8,2.6,082 km S 76° E of Marihatag (Surigao Del Sur),Ms,TECTONIC
835,2024-10-08 09:12:27+00:00,8.17,126.71,32,2.0,036 km N 66° E of Lingig (Surigao Del Sur),Ms,TECTONIC
836,2024-10-08 09:07:55+00:00,13.67,120.64,110,1.5,018 km S 03° E of Calatagan (Batangas),Ms,TECTONIC
837,2024-10-08 09:04:36+00:00,9.24,123.15,9,2.7,011 km S 66° W of Valencia (Negros Oriental),Ms,TECTONIC
838,2024-10-08 08:21:26+00:00,6.97,126.62,161,2.5,021 km S 64° E of Tarragona (Davao Oriental),Ms,TECTONIC
839,2024-10-08 07:30:37+00:00,16.41,119.8,25,2.5,010 km N 79° W of Bolinao (Pangasinan),Ms,TECTONIC
840,2024-10-08 04:17:43+00:00,6.72,125.25,8,1.7,006 km N 60° W of Hagonoy (Davao Del Sur),Ms,TECTONIC
841,2024-10-08 04:15:54+00:00,13.96,120.59,137,2.6,015 km N 19° W of Calatagan (Batangas),Ms,TECTONIC
842,2024-10-08 03:59:05+00:00,13.57,120.63,115,1.9,017 km N 35° W of Abra De Ilog (Occidental Mindoro),Ms,TECTONIC
843,2024-10-08 03:48:05+00:00,13.9,120.59,3,1.6,009 km N 32° W of Calatagan (Batangas),Ms,TECTONIC
844,2024-10-08 03:41:36+00:00,12.55,123.57,6,2.3,011 km N 42° E of Baleno (Masbate),Ms,TECTONIC
845,2024-10-08 03:09:26+00:00,6.48,125.14,7,1.9,020 km S 40° W of Kiblawan (Davao Del Sur),Ms,TECTONIC
846,2024-10-08 02:30:37+00:00,12.66,123.22,6,2.2,027 km S 06° W of Claveria (Masbate),Ms,TECTONIC
847,2024-10-08 01:28:35+00:00,2.75,126.67,117,4.3,326 km S 25° E of Balut Island (Municipality Of Sarangani) (Davao Occidental),Ms,TECTONIC
848,2024-10-08 01:14:22+00:00,7.58,126.03,1,2.5,006 km S 72° E of Nabunturan (Davao De Oro),Ms,TECTONIC
849,2024-10-08 01:00:39+00:00,19.13,121.34,9,3.5,014 km N 81° E of Dalupiri Island (Calayan) (Cagayan),Ms,TECTONIC
850,2024-10-08 00:06:09+00:00,11.68,124.97,17,1.5,006 km S 56° W of San Sebastian (Samar),Ms,TECTONIC
851,2024-10-07 23:45:36+00:00,8.02,126.96,82,1.6,061 km S 88° E of Lingig (Surigao Del Sur),Ms,TECTONIC
852,2024-10-07 23:39:18+00:00,17.28,122.2,25,2.0,012 km S 19° W of Maconacon (Isabela),Ms,TECTONIC
853,2024-10-07 23:29:43+00:00,12.95,124.47,2,2.7,032 km S 71° E of Prieto Diaz (Sorsogon),Ms,TECTONIC
854,2024-10-07 22:35:55+00:00,11.48,125.46,5,3.5,005 km S 69° W of Maydolong (Eastern Samar),Ms,TECTONIC
855,2024-10-07 22:08:58+00:00,13.58,120.65,112,2.5,017 km N 30° W of Abra De Ilog (Occidental Mindoro),Ms,TECTONIC
856,2024-10-07 21:54:34+00:00,19.32,120.97,3,2.9,034 km N 46° W of Dalupiri Island (Calayan) (Cagayan),Ms,TECTONIC
857,2024-10-07 21:05:09+00:00,8.5,126.09,32,1.9,004 km S 43° W of Barobo (Surigao Del Sur),Ms,TECTONIC
858,2024-10-07 21:01:18+00:00,7.38,126.29,5,2.9,019 km N 69° E of Maragusan (Davao De Oro),Ms,TECTONIC
859,2024-10-07 20:29:09+00:00,7.37,126.3,35,2.0,020 km N 72° E of Maragusan (Davao De Oro),Ms,TECTONIC
860,2024-10-07 20:20:26+00:00,7.41,126.28,5,4.4,020 km N 59° E of Maragusan (Davao De Oro),Mw,TECTONIC
861,2024-10-07 20:02:59+00:00,13.69,120.59,117,2.0,017 km S 15° W of Calatagan (Batangas),Ms,TECTONIC
862,2024-10-07 19:42:25+00:00,17.02,122.75,20,3.2,035 km S 82° E of Palanan (Isabela),Ms,TECTONIC
863,2024-10-07 19:40:29+00:00,8.46,126.93,1,2.6,066 km N 81° E of Hinatuan (Surigao Del Sur),Ms,TECTONIC
864,2024-10-07 19:00:00+00:00,9.0,123.08,7,2.2,008 km S 40° E of Siaton (Negros Oriental),Ms,TECTONIC
865,2024-10-07 18:05:46+00:00,13.4,120.68,48,2.8,007 km S 47° W of Abra De Ilog (Occidental Mindoro),Ms,TECTONIC
866,2024-10-07 18:01:10+00:00,12.54,125.85,15,2.5,055 km N 43° E of San Policarpo (Eastern Samar),Ms,TECTONIC
867,2024-10-07 17:35:05+00:00,10.8,125.8,45,2.0,011 km N 51° E of Homonhon Island (Guiuan) (Eastern Samar),Ms,TECTONIC
868,2024-10-07 17:33:00+00:00,11.78,126.05,12,3.0,065 km N 88° E of San Julian (Eastern Samar),Ms,TECTONIC
869,2024-10-07 17:28:52+00:00,8.92,126.41,3,1.7,012 km S 88° E of Cagwait (Surigao Del Sur),Ms,TECTONIC
870,2024-10-07 16:58:24+00:00,12.77,123.56,11,1.7,018 km N 40° W of Monreal (Masbate),Ms,TECTONIC
871,2024-10-07 16:45:30+00:00,14.27,124.94,22,3.1,081 km N 48° E of Gigmoto (Catanduanes),Ms,TECTONIC
872,2024-10-07 16:37:58+00:00,8.75,126.81,23,1.8,056 km S 84° E of Marihatag (Surigao Del Sur),Ms,TECTONIC
873,2024-10-07 16:26:39+00:00,14.03,124.58,10,2.7,035 km N 37° E of Gigmoto (Catanduanes),Ms,TECTONIC
874,2024-10-07 16:21:12+00:00,14.37,124.93,47,2.4,087 km N 42° E of Gigmoto (Catanduanes),Ms,TECTONIC
875,2024-10-07 16:21:09+00:00,9.21,126.42,31,2.1,026 km S 75° E of Cortes (Surigao Del Sur),Ms,TECTONIC
876,2024-10-07 15:56:37+00:00,7.95,127.18,15,2.0,080 km N 58° E of Baganga (Davao Oriental),Ms,TECTONIC
877,2024-10-07 15:50:33+00:00,9.85,122.24,22,2.1,023 km N 67° W of City Of Sipalay (Negros Occidental),Ms,TECTONIC
878,2024-10-07 15:38:46+00:00,20.58,121.66,23,2.6,030 km S 39° W of Itbayat (Batanes),Ms,TECTONIC
879,2024-10-07 15:28:11+00:00,13.26,123.56,18,2.1,003 km N 44° E of City Of Ligao (Albay),Ms,TECTONIC
880,2024-10-07 15:26:59+00:00,7.89,126.82,16,2.6,041 km N 75° E of Cateel (Davao Oriental),Ms,TECTONIC
881,2024-10-07 15:20:30+00:00,8.69,126.54,33,1.7,029 km S 65° E of Marihatag (Surigao Del Sur),Ms,TECTONIC
882,2024-10-07 15:17:07+00:00,9.24,126.48,34,1.8,032 km S 83° E of Cortes (Surigao Del Sur),Ms,TECTONIC
883,2024-10-07 14:51:48+00:00,8.77,127.15,15,2.3,093 km S 88° E of Marihatag (Surigao Del Sur),Ms,TECTONIC
884,2024-10-07 14:37:18+00:00,19.19,121.32,14,2.8,015 km N 51° E of Dalupiri Island (Calayan) (Cagayan),Ms,TECTONIC
885,2024-10-07 14:18:55+00:00,11.01,125.54,28,1.7,015 km S 39° E of Giporlos (Eastern Samar),Ms,TECTONIC
886,2024-10-07 13:56:24+00:00,8.8,126.59,6,2.0,032 km N 89° E of Marihatag (Surigao Del Sur),Ms,TECTONIC
887,2024-10-07 13:43:07+00:00,10.3,125.95,32,2.0,032 km N 17° W of Santa Monica (Surigao Del Norte),Ms,TECTONIC
888,2024-10-07 13:30:01+00:00,5.46,126.34,60,2.7,092 km S 57° E of Jose Abad Santos (Davao Occidental),Ms,TECTONIC
889,2024-10-07 13:15:35+00:00,8.74,126.63,21,2.3,037 km S 80° E of Marihatag (Surigao Del Sur),Ms,TECTONIC
890,2024-10-07 13:03:25+00:00,9.61,127.26,38,2.9,122 km S 81° E of General Luna (Surigao Del Norte),Ms,TECTONIC
891,2024-10-07 12:49:52+00:00,8.37,126.92,4,2.2,064 km N 90° E of Hinatuan (Surigao Del Sur),Ms,TECTONIC
892,2024-10-07 12:49:07+00:00,8.56,126.87,11,1.7,062 km N 70° E of Hinatuan (Surigao Del Sur),Ms,TECTONIC
893,2024-10-07 12:24:48+00:00,8.09,127.08,19,2.8,074 km N 86° E of Lingig (Surigao Del Sur),Ms,TECTONIC
894,2024-10-07 11:59:53+00:00,18.5,121.38,11,1.9,005 km N 51° E of Pamplona (Cagayan),Ms,TECTONIC
895,2024-10-07 11:48:03+00:00,15.29,119.72,22,2.1,028 km S 80° W of Iba (Zambales),Ms,TECTONIC
896,2024-10-07 11:26:38+00:00,9.72,125.88,15,1.6,015 km N 39° W of Socorro (Surigao Del Norte),Ms,TECTONIC
897,2024-10-07 11:17:21+00:00,9.19,125.88,13,1.8,013 km S 49° W of Madrid (Surigao Del Sur),Ms,TECTONIC
898,2024-10-07 10:13:05+00:00,13.99,120.48,15,1.5,018 km S 60° W of Nasugbu (Batangas),Ms,TECTONIC
899,2024-10-07 09:50:20+00:00,17.87,122.3,10,2.3,046 km S 88° E of Baggao (Cagayan),Ms,TECTONIC
900,2024-10-07 09:27:14+00:00,13.64,120.6,90,1.6,022 km S 11° W of Calatagan (Batangas),Ms,TECTONIC
901,2024-10-07 09:08:12+00:00,13.67,120.61,119,1.5,018 km S 06° W of Calatagan (Batangas),Ms,TECTONIC
902,2024-10-07 08:32:09+00:00,8.26,126.79,12,2.5,048 km N 59° E of Lingig (Surigao Del Sur),Ms,TECTONIC
903,2024-10-07 06:51:59+00:00,13.01,123.9,34,2.1,012 km N 72° E of Castilla (Sorsogon),Ms,TECTONIC
904,2024-10-07 03:21:09+00:00,19.09,120.91,1,1.8,056 km N 18° W of Claveria (Cagayan),Ms,TECTONIC
905,2024-10-07 02:46:04+00:00,12.79,123.6,25,1.7,017 km N 22° W of Monreal (Masbate),Ms,TECTONIC
906,2024-10-07 02:44:11+00:00,12.54,123.58,1,1.8,012 km N 51° E of Baleno (Masbate),Ms,TECTONIC
907,2024-10-07 02:22:29+00:00,7.92,127.55,34,2.6,116 km N 71° E of Baganga (Davao Oriental),Ms,TECTONIC
908,2024-10-07 01:01:28+00:00,6.92,125.95,34,1.7,007 km N 73° W of Lupon (Davao Oriental),Ms,TECTONIC
909,2024-10-07 01:00:08+00:00,6.85,125.91,27,4.3,012 km S 66° W of Lupon (Davao Oriental),Ms,TECTONIC
910,2024-10-07 00:43:43+00:00,2.51,126.78,53,4.6,355 km S 25° E of Balut Island (Municipality Of Sarangani) (Davao Occidental),Ms,TECTONIC
911,2024-10-06 23:18:26+00:00,6.51,126.81,60,2.1,072 km S 34° E of Tarragona (Davao Oriental),Ms,TECTONIC
912,2024-10-06 22:53:41+00:00,13.23,124.29,49,2.5,019 km N 75° E of Rapu-rapu (Albay),Ms,TECTONIC
913,2024-10-06 21:52:50+00:00,8.81,122.61,21,2.8,055 km S 59° W of Siaton (Negros Oriental),Ms,TECTONIC
914,2024-10-06 20:49:52+00:00,19.03,120.94,20,2.3,049 km N 18° W of Claveria (Cagayan),Ms,TECTONIC
915,2024-10-06 20:49:13+00:00,9.56,126.12,17,2.6,018 km S 71° E of Socorro (Surigao Del Norte),Ms,TECTONIC
916,2024-10-06 20:37:32+00:00,6.99,126.44,7,2.9,007 km S 04° W of Tarragona (Davao Oriental),Ms,TECTONIC
917,2024-10-06 20:04:43+00:00,12.52,123.59,6,2.0,011 km N 60° E of Baleno (Masbate),Ms,TECTONIC
918,2024-10-06 19:14:49+00:00,14.92,121.13,40,1.1,009 km S 54° E of Doña Remedios Trinidad (Bulacan),Ms,TECTONIC
919,2024-10-06 19:14:13+00:00,15.06,121.39,25,2.3,037 km S 01° E of Dingalan (Aurora),Ms,TECTONIC
920,2024-10-06 18:48:53+00:00,6.82,125.97,24,2.6,010 km S 32° W of Lupon (Davao Oriental),Ms,TECTONIC
921,2024-10-06 18:36:29+00:00,10.04,126.39,6,2.6,035 km N 86° E of Burgos (Surigao Del Norte),Ms,TECTONIC
922,2024-10-06 18:07:52+00:00,6.47,126.42,3,2.3,044 km S 63° E of Governor Generoso (Davao Oriental),Ms,TECTONIC
923,2024-10-06 17:58:30+00:00,12.51,123.59,4,2.0,011 km N 67° E of Baleno (Masbate),Ms,TECTONIC
924,2024-10-06 17:42:29+00:00,15.52,121.78,8,2.1,035 km S 42° E of Baler (Aurora),Ms,TECTONIC
925,2024-10-06 17:04:41+00:00,14.58,125.26,39,4.6,126 km N 56° E of Bagamanoc (Catanduanes),Mw,TECTONIC
926,2024-10-06 16:50:53+00:00,13.78,120.45,58,1.8,020 km S 73° W of Calatagan (Batangas),Ms,TECTONIC
927,2024-10-06 16:50:07+00:00,13.88,124.54,8,2.2,020 km N 58° E of Gigmoto (Catanduanes),Ms,TECTONIC
928,2024-10-06 16:27:38+00:00,7.82,124.88,34,1.7,006 km S 76° E of Pangantucan (Bukidnon),Ms,TECTONIC
929,2024-10-06 16:04:27+00:00,8.14,126.96,6,3.1,062 km N 79° E of Lingig (Surigao Del Sur),Ms,TECTONIC
930,2024-10-06 16:01:23+00:00,12.51,123.57,12,1.6,010 km N 60° E of Baleno (Masbate),Ms,TECTONIC
931,2024-10-06 15:59:39+00:00,12.53,123.6,9,1.6,012 km N 61° E of Baleno (Masbate),Ms,TECTONIC
932,2024-10-06 15:52:14+00:00,8.15,127.04,4,3.3,071 km N 80° E of Lingig (Surigao Del Sur),Ms,TECTONIC
933,2024-10-06 15:25:50+00:00,13.97,124.59,10,2.8,030 km N 47° E of Gigmoto (Catanduanes),Ms,TECTONIC
934,2024-10-06 15:04:02+00:00,15.48,121.84,8,2.4,043 km S 44° E of Baler (Aurora),Ms,TECTONIC
935,2024-10-06 15:00:03+00:00,6.85,125.92,20,2.4,012 km S 62° W of Lupon (Davao Oriental),Ms,TECTONIC
936,2024-10-06 14:29:08+00:00,7.5,126.96,23,2.1,045 km S 80° E of Baganga (Davao Oriental),Ms,TECTONIC
937,2024-10-06 14:24:46+00:00,7.52,127.42,1,4.1,095 km S 86° E of Baganga (Davao Oriental),Ms,TECTONIC
938,2024-10-06 14:17:55+00:00,10.38,124.45,33,1.7,027 km N 18° E of Bien Unido (Bohol),Ms,TECTONIC
939,2024-10-06 13:42:46+00:00,9.51,123.24,6,2.0,005 km N 27° E of Amlan (Negros Oriental),Ms,TECTONIC
940,2024-10-06 13:15:28+00:00,16.77,119.79,22,2.1,043 km N 14° W of Bolinao (Pangasinan),Ms,TECTONIC
941,2024-10-06 12:54:25+00:00,9.96,126.48,14,2.6,041 km N 61° E of General Luna (Surigao Del Norte),Ms,TECTONIC
942,2024-10-06 12:46:40+00:00,12.49,123.56,32,1.7,007 km N 75° E of Baleno (Masbate),Ms,TECTONIC
943,2024-10-06 12:44:47+00:00,12.53,123.6,6,1.8,013 km N 61° E of Baleno (Masbate),Ms,TECTONIC
944,2024-10-06 12:18:04+00:00,8.61,126.69,29,2.2,047 km N 55° E of Hinatuan (Surigao Del Sur),Ms,TECTONIC
945,2024-10-06 12:13:31+00:00,8.26,126.56,32,2.4,027 km N 78° E of City Of Bislig (Surigao Del Sur),Ms,TECTONIC
946,2024-10-06 11:46:52+00:00,8.87,125.63,13,2.8,008 km N 51° W of Sibagat (Agusan Del Sur),Ms,TECTONIC
947,2024-10-06 11:37:37+00:00,7.7,126.62,49,2.4,015 km N 24° E of Baganga (Davao Oriental),Ms,TECTONIC
948,2024-10-06 11:29:42+00:00,6.82,125.94,25,2.9,012 km S 40° W of Lupon (Davao Oriental),Ms,TECTONIC
949,2024-10-06 11:19:49+00:00,12.56,123.63,9,2.1,010 km S 24° W of Monreal (Masbate),Ms,TECTONIC
950,2024-10-06 10:03:45+00:00,5.47,125.83,94,2.5,039 km S 89° E of Sarangani Island (Municipality Of Sarangani) (Davao Occidental),Ms,TECTONIC
951,2024-10-06 09:48:11+00:00,5.89,126.37,29,2.6,081 km S 88° E of Jose Abad Santos (Davao Occidental),Ms,TECTONIC
952,2024-10-06 09:47:36+00:00,12.55,123.57,6,2.1,012 km N 43° E of Baleno (Masbate),Ms,TECTONIC
953,2024-10-06 08:22:54+00:00,13.87,120.63,167,3.2,004 km N 02° W of Calatagan (Batangas),Ms,TECTONIC
954,2024-10-06 08:06:26+00:00,12.59,123.64,2,2.5,006 km S 21° W of Monreal (Masbate),Ms,TECTONIC
955,2024-10-06 08:05:04+00:00,9.79,122.44,9,2.2,002 km N 21° E of City Of Sipalay (Negros Occidental),Ms,TECTONIC
956,2024-10-06 07:10:15+00:00,18.34,120.75,24,1.6,014 km N 88° E of Pasuquin (Ilocos Norte),Ms,TECTONIC
957,2024-10-06 06:30:16+00:00,8.9,125.75,6,2.8,011 km N 39° E of Sibagat (Agusan Del Sur),Ms,TECTONIC
958,2024-10-06 06:25:23+00:00,18.51,120.89,33,1.2,005 km N 14° W of Adams (Ilocos Norte),Ms,TECTONIC
959,2024-10-06 06:03:56+00:00,12.38,123.54,32,1.6,012 km S 26° E of Baleno (Masbate),Ms,TECTONIC
960,2024-10-06 06:02:05+00:00,12.56,123.6,6,1.8,015 km N 48° E of Baleno (Masbate),Ms,TECTONIC
961,2024-10-06 05:51:03+00:00,12.55,123.59,10,2.1,013 km N 49° E of Baleno (Masbate),Ms,TECTONIC
962,2024-10-06 05:43:08+00:00,8.02,126.56,3,2.8,016 km S 83° E of Lingig (Surigao Del Sur),Ms,TECTONIC
963,2024-10-06 05:26:34+00:00,12.52,123.56,6,4.4,008 km N 53° E of Baleno (Masbate),Mw,TECTONIC
964,2024-10-06 05:24:45+00:00,8.15,127.04,1,3.1,070 km N 80° E of Lingig (Surigao Del Sur),Ms,TECTONIC
965,2024-10-06 04:28:19+00:00,14.24,120.41,138,1.9,023 km S 22° W of Mariveles (Bataan),Ms,TECTONIC
966,2024-10-06 04:16:02+00:00,7.85,125.98,28,1.9,008 km N 73° W of Monkayo (Davao De Oro),Ms,TECTONIC
967,2024-10-06 03:38:36+00:00,14.27,120.36,89,1.7,023 km S 38° W of Mariveles (Bataan),Ms,TECTONIC
968,2024-10-06 03:20:44+00:00,16.21,120.59,9,1.5,009 km N 62° E of Sison (Pangasinan),Ms,TECTONIC
969,2024-10-06 03:16:17+00:00,18.42,120.79,13,2.3,013 km S 71° W of Adams (Ilocos Norte),Ms,TECTONIC
970,2024-10-06 01:25:47+00:00,7.83,125.93,32,1.7,014 km N 89° W of Monkayo (Davao De Oro),Ms,TECTONIC
971,2024-10-06 01:14:27+00:00,13.66,120.94,9,2.0,007 km N 86° E of Tingloy (Batangas),Ms,TECTONIC
972,2024-10-06 01:12:28+00:00,17.3,120.44,10,1.8,001 km N 23° W of Santiago (Ilocos Sur),Ms,TECTONIC
973,2024-10-05 22:09:13+00:00,17.24,120.7,8,2.1,013 km East of San Emilio (Ilocos Sur),Ms,TECTONIC
974,2024-10-05 21:45:47+00:00,17.2,120.61,5,2.6,005 km S 36° E of San Emilio (Ilocos Sur),Ms,TECTONIC
975,2024-10-05 21:59:57+00:00,6.83,125.97,31,2.5,009 km S 35° W of Lupon (Davao Oriental),Ms,TECTONIC
976,2024-10-05 20:22:54+00:00,6.85,125.91,26,4.4,012 km S 63° W of Lupon (Davao Oriental),Ms,TECTONIC
977,2024-10-05 20:15:48+00:00,4.93,126.01,146,3.9,084 km S 50° E of Balut Island (Municipality Of Sarangani) (Davao Occidental),Ms,TECTONIC
978,2024-10-05 19:47:08+00:00,8.76,126.55,1,2.5,028 km S 80° E of Marihatag (Surigao Del Sur),Ms,TECTONIC
979,2024-10-05 19:03:40+00:00,7.28,124.32,31,1.9,003 km N 63° E of Sultan Kudarat (Maguindanao Del Norte),Ms,TECTONIC
980,2024-10-05 18:56:46+00:00,8.56,126.66,7,2.5,041 km N 60° E of Hinatuan (Surigao Del Sur),Ms,TECTONIC
981,2024-10-05 18:51:59+00:00,7.19,125.45,20,2.9,027 km S 67° W of City Of Panabo (Davao Del Norte),Ms,TECTONIC
982,2024-10-05 18:49:37+00:00,9.76,126.33,15,2.3,019 km S 83° E of General Luna (Surigao Del Norte),Ms,TECTONIC
983,2024-10-05 18:05:18+00:00,9.22,126.41,6,2.4,024 km S 75° E of Cortes (Surigao Del Sur),Ms,TECTONIC
984,2024-10-05 18:01:54+00:00,9.76,124.35,32,1.2,008 km N 49° W of Duero (Bohol),Ms,TECTONIC
985,2024-10-05 17:52:52+00:00,6.06,126.95,18,3.2,117 km S 56° E of Governor Generoso (Davao Oriental),Ms,TECTONIC
986,2024-10-05 17:19:56+00:00,11.42,124.47,10,1.8,005 km S 11° W of Biliran (Biliran),Ms,TECTONIC
987,2024-10-05 17:17:55+00:00,10.03,126.15,18,2.4,008 km N 80° E of Burgos (Surigao Del Norte),Ms,TECTONIC
988,2024-10-05 17:10:01+00:00,10.04,126.26,1,2.1,021 km N 82° E of Burgos (Surigao Del Norte),Ms,TECTONIC
989,2024-10-05 17:09:14+00:00,8.99,122.7,19,2.1,037 km S 78° W of Siaton (Negros Oriental),Ms,TECTONIC
990,2024-10-05 16:54:25+00:00,12.31,120.76,5,2.3,028 km S 53° W of Rizal (Occidental Mindoro),Ms,TECTONIC
991,2024-10-05 16:37:33+00:00,9.67,125.92,23,2.0,008 km N 41° W of Socorro (Surigao Del Norte),Ms,TECTONIC
992,2024-10-05 16:19:13+00:00,9.0,126.5,20,2.3,024 km N 82° E of Bayabas (Surigao Del Sur),Ms,TECTONIC
993,2024-10-05 16:10:37+00:00,7.55,126.09,32,2.1,005 km N 86° W of New Bataan (Davao De Oro),Ms,TECTONIC
994,2024-10-05 15:57:13+00:00,9.54,125.32,23,2.2,012 km S 46° W of Malimono (Surigao Del Norte),Ms,TECTONIC
995,2024-10-05 15:55:45+00:00,9.82,126.49,24,1.5,037 km N 83° E of General Luna (Surigao Del Norte),Ms,TECTONIC
996,2024-10-05 15:52:56+00:00,10.11,126.66,6,4.0,065 km N 81° E of Burgos (Surigao Del Norte),Ms,TECTONIC
997,2024-10-05 15:42:58+00:00,9.97,126.49,17,2.2,042 km N 60° E of General Luna (Surigao Del Norte),Ms,TECTONIC
998,2024-10-05 15:38:40+00:00,10.12,126.66,7,2.9,067 km N 56° E of General Luna (Surigao Del Norte),Ms,TECTONIC
999,2024-10-05 15:13:07+00:00,10.18,126.62,1,3.8,062 km N 74° E of Burgos (Surigao Del Norte),Ms,TECTONIC
1000,2024-10-05 15:11:44+00:00,10.07,126.53,8,2.5,050 km N 83° E of Burgos (Surigao Del Norte),Ms,TECTONIC
1001,2024-10-05 15:10:24+00:00,18.42,121.11,59,1.9,019 km N 22° E of Calanasan (Apayao),Ms,TECTONIC
1002,2024-10-05 15:02:35+00:00,18.97,121.02,13,2.4,025 km S 52° W of Dalupiri Island (Calayan) (Cagayan),Ms,TECTONIC
1003,2024-10-05 15:01:50+00:00,10.57,126.57,6,3.2,082 km N 42° E of Burgos (Surigao Del Norte),Ms,TECTONIC
1004,2024-10-05 14:45:40+00:00,9.89,126.55,14,2.2,045 km N 75° E of General Luna (Surigao Del Norte),Ms,TECTONIC
1005,2024-10-05 14:44:49+00:00,9.88,126.4,19,1.5,029 km N 67° E of General Luna (Surigao Del Norte),Ms,TECTONIC
1006,2024-10-05 14:40:29+00:00,10.11,126.83,3,4.7,082 km N 64° E of General Luna (Surigao Del Norte),Mw,TECTONIC
1007,2024-10-05 14:35:16+00:00,10.11,126.86,4,4.0,085 km N 64° E of General Luna (Surigao Del Norte),Ms,TECTONIC
1008,2024-10-05 14:32:36+00:00,13.62,123.13,16,2.0,001 km N 76° W of Gainza (Camarines Sur),Ms,TECTONIC
1009,2024-10-05 14:11:10+00:00,4.06,125.9,153,3.9,159 km S 20° E of Balut Island (Municipality Of Sarangani) (Davao Occidental),Ms,TECTONIC
1010,2024-10-05 14:10:39+00:00,11.17,124.66,19,1.7,011 km S 82° E of Kananga (Leyte),Ms,TECTONIC
1011,2024-10-05 14:00:01+00:00,11.32,124.42,28,2.1,012 km N 13° E of Villaba (Leyte),Ms,TECTONIC
1012,2024-10-05 13:45:06+00:00,7.9,126.78,13,2.2,038 km N 71° E of Cateel (Davao Oriental),Ms,TECTONIC
1013,2024-10-05 13:24:24+00:00,8.05,125.06,7,2.0,007 km N 40° E of Lantapan (Bukidnon),Ms,TECTONIC
1014,2024-10-05 12:55:39+00:00,9.0,124.29,16,2.6,043 km S 72° W of Catarman (Camiguin),Ms,TECTONIC
1015,2024-10-05 12:23:57+00:00,8.42,126.59,18,1.9,029 km N 77° E of Hinatuan (Surigao Del Sur),Ms,TECTONIC
1016,2024-10-05 11:33:58+00:00,15.4,119.15,24,2.6,081 km S 87° W of Palauig (Zambales),Ms,TECTONIC
1017,2024-10-05 11:16:38+00:00,13.55,120.59,101,3.1,018 km N 52° W of Abra De Ilog (Occidental Mindoro),Ms,TECTONIC
1018,2024-10-05 10:42:39+00:00,8.64,126.57,26,2.0,039 km N 40° E of Hinatuan (Surigao Del Sur),Ms,TECTONIC
1019,2024-10-05 10:34:50+00:00,15.21,122.09,7,2.7,042 km N 19° E of Burdeos (Quezon),Ms,TECTONIC
1020,2024-10-05 10:34:34+00:00,8.67,126.81,1,3.0,062 km N 57° E of Hinatuan (Surigao Del Sur),Ms,TECTONIC
1021,2024-10-05 07:53:05+00:00,10.09,126.69,3,3.9,068 km N 84° E of Burgos (Surigao Del Norte),Ms,TECTONIC
1022,2024-10-05 07:46:48+00:00,10.03,126.73,5,4.2,068 km N 66° E of General Luna (Surigao Del Norte),Ms,TECTONIC
1023,2024-10-05 07:37:35+00:00,9.91,122.3,16,1.8,021 km N 44° W of City Of Sipalay (Negros Occidental),Ms,TECTONIC
1024,2024-10-05 06:24:15+00:00,18.56,120.98,22,1.9,002 km West of Santa Praxedes (Cagayan),Ms,TECTONIC
1025,2024-10-05 05:10:16+00:00,9.76,126.8,14,3.1,070 km S 88° E of General Luna (Surigao Del Norte),Ms,TECTONIC
1026,2024-10-05 02:06:49+00:00,11.73,125.24,41,1.8,020 km N 81° E of Hinabangan (Samar),Ms,TECTONIC
1027,2024-10-05 01:50:45+00:00,7.71,127.16,26,3.7,068 km N 77° E of Baganga (Davao Oriental),Ms,TECTONIC
1028,2024-10-05 01:02:57+00:00,3.9,126.3,45,3.2,194 km S 30° E of Balut Island (Municipality Of Sarangani) (Davao Occidental),Ms,TECTONIC
1029,2024-10-05 00:39:25+00:00,6.95,126.33,1,1.9,012 km S 85° E of City Of Mati (Davao Oriental),Ms,TECTONIC
1030,2024-10-05 00:25:21+00:00,7.88,126.72,2,1.5,031 km N 72° E of Cateel (Davao Oriental),Ms,TECTONIC
1031,2024-10-05 00:10:02+00:00,7.95,126.91,19,1.6,054 km N 71° E of Cateel (Davao Oriental),Ms,TECTONIC
1032,2024-10-04 23:44:33+00:00,17.24,120.49,18,1.8,001 km N 66° E of Banayoyo (Ilocos Sur),Ms,TECTONIC
1033,2024-10-04 23:22:38+00:00,13.7,120.64,109,2.0,015 km S 05° E of Calatagan (Batangas),Ms,TECTONIC
1034,2024-10-04 23:11:13+00:00,9.72,127.0,4,4.0,093 km S 85° E of General Luna (Surigao Del Norte),Ms,TECTONIC
1035,2024-10-04 22:50:54+00:00,11.74,125.02,32,1.4,003 km S 14° W of Paranas (Samar),Ms,TECTONIC
1036,2024-10-04 22:22:13+00:00,2.86,128.36,249,4.0,431 km S 49° E of Balut Island (Municipality Of Sarangani) (Davao Occidental),Ms,TECTONIC
1037,2024-10-04 22:19:10+00:00,11.78,125.62,15,1.6,019 km N 82° E of San Julian (Eastern Samar),Ms,TECTONIC
1038,2024-10-04 22:18:30+00:00,11.79,125.68,3,2.5,025 km N 80° E of San Julian (Eastern Samar),Ms,TECTONIC
1039,2024-10-04 22:06:46+00:00,7.9,126.2,33,2.0,018 km N 62° E of Monkayo (Davao De Oro),Ms,TECTONIC
1040,2024-10-04 21:21:06+00:00,4.55,126.34,47,4.8,153 km S 47° E of Balut Island (Municipality Of Sarangani) (Davao Occidental),Mw,TECTONIC
1041,2024-10-04 21:00:26+00:00,17.1,120.35,13,1.8,011 km N 80° W of Santa Cruz (Ilocos Sur),Ms,TECTONIC
1042,2024-10-04 20:42:18+00:00,4.06,127.61,33,3.8,284 km S 57° E of Sarangani Island (Municipality Of Sarangani) (Davao Occidental),Ms,TECTONIC
1043,2024-10-04 20:33:19+00:00,9.64,125.93,31,1.8,004 km N 54° W of Socorro (Surigao Del Norte),Ms,TECTONIC
1044,2024-10-04 19:35:02+00:00,14.37,120.29,72,1.8,023 km S 73° W of Mariveles (Bataan),Ms,TECTONIC
1045,2024-10-04 19:22:06+00:00,8.33,126.97,1,1.6,069 km N 62° E of Lingig (Surigao Del Sur),Ms,TECTONIC
1046,2024-10-04 18:59:28+00:00,9.65,126.88,12,1.9,081 km S 80° E of General Luna (Surigao Del Norte),Ms,TECTONIC
1047,2024-10-04 18:53:57+00:00,8.24,126.64,42,1.5,032 km N 49° E of Lingig (Surigao Del Sur),Ms,TECTONIC
1048,2024-10-04 18:50:06+00:00,9.81,125.92,11,2.6,009 km S 36° W of Del Carmen (Surigao Del Norte),Ms,TECTONIC
1049,2024-10-04 18:32:38+00:00,8.23,126.36,52,2.4,005 km N 69° E of City Of Bislig (Surigao Del Sur),Ms,TECTONIC
1050,2024-10-04 18:28:59+00:00,8.78,126.75,16,2.3,049 km S 87° E of Marihatag (Surigao Del Sur),Ms,TECTONIC
1051,2024-10-04 18:22:02+00:00,13.87,119.87,25,2.0,027 km N 88° W of Lubang (Occidental Mindoro),Ms,TECTONIC
1052,2024-10-04 18:12:43+00:00,9.01,126.49,17,2.4,023 km N 77° E of Bayabas (Surigao Del Sur),Ms,TECTONIC
1053,2024-10-04 18:03:01+00:00,14.89,122.57,1,1.7,033 km N 50° E of Jomalig (Quezon),Ms,TECTONIC
1054,2024-10-04 17:59:27+00:00,16.83,121.05,19,1.7,005 km S 79° E of Hungduan (Ifugao),Ms,TECTONIC
1055,2024-10-04 17:55:44+00:00,17.94,121.03,3,2.3,019 km S 59° W of Kabugao (Apayao),Ms,TECTONIC
1056,2024-10-04 17:43:23+00:00,16.85,121.05,35,1.4,007 km S 12° W of Banaue (Ifugao),Ms,TECTONIC
1057,2024-10-04 17:41:06+00:00,17.29,120.4,22,1.7,005 km West of Santiago (Ilocos Sur),Ms,TECTONIC
1058,2024-10-04 17:40:42+00:00,16.88,121.06,33,1.3,004 km S 02° W of Banaue (Ifugao),Ms,TECTONIC
1059,2024-10-04 17:36:46+00:00,16.87,121.05,33,1.6,004 km S 12° W of Banaue (Ifugao),Ms,TECTONIC
1060,2024-10-04 17:34:24+00:00,9.66,126.17,32,1.6,014 km S 07° E of General Luna (Surigao Del Norte),Ms,TECTONIC
1061,2024-10-04 17:30:21+00:00,5.71,126.69,64,3.6,118 km S 79° E of Jose Abad Santos (Davao Occidental),Ms,TECTONIC
1062,2024-10-04 17:17:00+00:00,10.16,126.6,3,3.1,060 km N 74° E of Burgos (Surigao Del Norte),Ms,TECTONIC
1063,2024-10-04 17:14:12+00:00,8.33,126.5,28,1.7,018 km S 79° E of Hinatuan (Surigao Del Sur),Ms,TECTONIC
1064,2024-10-04 17:02:12+00:00,6.86,126.89,157,2.7,053 km S 67° E of Tarragona (Davao Oriental),Ms,TECTONIC
1065,2024-10-04 16:51:08+00:00,8.22,126.82,11,3.7,049 km N 66° E of Lingig (Surigao Del Sur),Ms,TECTONIC
1066,2024-10-04 16:10:05+00:00,10.5,124.4,7,3.0,014 km S 03° W of Poro (Cebu),Ms,TECTONIC
1067,2024-10-04 15:20:16+00:00,12.92,125.32,14,2.5,047 km N 28° E of Palapag (Northern Samar),Ms,TECTONIC
1068,2024-10-04 15:10:57+00:00,15.23,122.18,9,3.0,048 km N 28° E of Burdeos (Quezon),Ms,TECTONIC
1069,2024-10-04 15:10:47+00:00,9.99,126.52,11,1.8,046 km N 61° E of General Luna (Surigao Del Norte),Ms,TECTONIC
1070,2024-10-04 14:47:58+00:00,10.03,126.9,2,4.8,086 km N 71° E of General Luna (Surigao Del Norte),Ms,TECTONIC
1071,2024-10-04 14:26:03+00:00,9.93,126.36,14,3.3,028 km N 54° E of General Luna (Surigao Del Norte),Ms,TECTONIC
1072,2024-10-04 14:06:58+00:00,5.97,125.19,8,2.5,011 km N 89° W of Malapatan (Sarangani),Ms,TECTONIC
1073,2024-10-04 13:26:56+00:00,8.36,126.29,17,1.6,005 km S 85° W of Hinatuan (Surigao Del Sur),Ms,TECTONIC
1074,2024-10-04 13:18:18+00:00,15.85,121.97,8,2.4,032 km S 02° E of Dinalungan (Aurora),Ms,TECTONIC
1075,2024-10-04 13:01:34+00:00,10.98,124.79,6,1.9,012 km N 56° E of Albuera (Leyte),Ms,TECTONIC
1076,2024-10-04 11:31:22+00:00,10.01,123.95,6,1.6,008 km N 08° W of Tubigon (Bohol),Ms,TECTONIC
1077,2024-10-04 10:31:24+00:00,15.36,120.33,26,1.8,019 km S 46° W of San Jose (Tarlac),Ms,TECTONIC
1078,2024-10-04 10:28:32+00:00,8.11,126.34,19,1.5,011 km N 46° W of Lingig (Surigao Del Sur),Ms,TECTONIC
1079,2024-10-04 10:10:01+00:00,3.57,126.53,107,3.6,238 km S 31° E of Balut Island (Municipality Of Sarangani) (Davao Occidental),Ms,TECTONIC
1080,2024-10-04 09:49:19+00:00,8.15,125.13,8,2.8,003 km N 12° E of City Of Malaybalay (Bukidnon),Ms,TECTONIC
1081,2024-10-04 09:25:14+00:00,9.84,126.14,33,1.6,005 km S 62° E of Pilar (Surigao Del Norte),Ms,TECTONIC
1082,2024-10-04 08:51:51+00:00,12.59,123.47,4,2.8,014 km N 11° W of Baleno (Masbate),Ms,TECTONIC
1083,2024-10-04 08:18:11+00:00,5.9,126.7,38,3.2,108 km S 40° E of Governor Generoso (Davao Oriental),Ms,TECTONIC
1084,2024-10-04 05:31:22+00:00,8.3,126.65,29,1.8,035 km S 78° E of Hinatuan (Surigao Del Sur),Ms,TECTONIC
1085,2024-10-04 05:25:03+00:00,6.2,126.93,149,3.3,107 km S 62° E of Governor Generoso (Davao Oriental),Ms,TECTONIC
1086,2024-10-03 23:07:35+00:00,6.56,126.28,3,2.1,025 km S 65° E of Governor Generoso (Davao Oriental),Ms,TECTONIC
1087,2024-10-03 22:55:54+00:00,10.46,125.37,2,2.0,017 km N 47° E of Hinundayan (Southern Leyte),Ms,TECTONIC
1088,2024-10-03 22:30:30+00:00,5.49,126.54,82,3.9,109 km S 65° E of Jose Abad Santos (Davao Occidental),Ms,TECTONIC
1089,2024-10-03 22:15:11+00:00,8.64,126.52,23,3.5,029 km S 54° E of Marihatag (Surigao Del Sur),Ms,TECTONIC
1090,2024-10-03 21:41:10+00:00,16.53,119.81,22,2.4,018 km N 29° W of Bolinao (Pangasinan),Ms,TECTONIC
1091,2024-10-03 21:36:13+00:00,14.35,124.0,1,2.4,038 km N 29° W of Pandan (Catanduanes),Ms,TECTONIC
1092,2024-10-03 21:13:19+00:00,8.69,126.54,26,3.6,029 km S 65° E of Marihatag (Surigao Del Sur),Ms,TECTONIC
1093,2024-10-03 21:07:10+00:00,10.05,126.73,9,3.1,070 km N 65° E of General Luna (Surigao Del Norte),Ms,TECTONIC
1094,2024-10-03 20:56:34+00:00,12.37,123.55,32,1.8,007 km West of City Of Masbate (Masbate),Ms,TECTONIC
1095,2024-10-03 20:53:41+00:00,2.88,128.47,187,4.7,439 km S 50° E of Balut Island (Municipality Of Sarangani) (Davao Occidental),Ms,TECTONIC
1096,2024-10-03 20:40:11+00:00,8.58,126.84,4,2.0,060 km N 67° E of Hinatuan (Surigao Del Sur),Ms,TECTONIC
1097,2024-10-03 20:23:55+00:00,5.6,126.47,1,2.7,098 km S 69° E of Jose Abad Santos (Davao Occidental),Ms,TECTONIC
1098,2024-10-03 20:22:18+00:00,8.46,126.71,20,2.3,042 km N 77° E of Hinatuan (Surigao Del Sur),Ms,TECTONIC
1099,2024-10-03 20:16:20+00:00,7.91,126.61,30,2.3,022 km N 52° E of Cateel (Davao Oriental),Ms,TECTONIC
1100,2024-10-03 20:05:10+00:00,5.62,126.38,102,4.7,088 km S 69° E of Jose Abad Santos (Davao Occidental),Mw,TECTONIC
1101,2024-10-03 18:54:54+00:00,16.31,122.18,21,2.8,010 km S 22° W of Dilasag (Aurora),Ms,TECTONIC
1102,2024-10-03 18:37:12+00:00,3.98,126.17,28,3.8,179 km S 28° E of Balut Island (Municipality Of Sarangani) (Davao Occidental),Ms,TECTONIC
1103,2024-10-03 18:11:27+00:00,8.54,127.43,33,3.0,122 km N 81° E of Hinatuan (Surigao Del Sur),Ms,TECTONIC
1104,2024-10-03 17:54:28+00:00,8.31,126.78,15,2.6,049 km S 83° E of Hinatuan (Surigao Del Sur),Ms,TECTONIC
1105,2024-10-03 17:53:31+00:00,9.84,125.73,32,1.6,012 km S 35° E of Cagdianao (Dinagat Islands),Ms,TECTONIC
1106,2024-10-03 17:40:41+00:00,6.32,126.11,48,2.5,037 km S 06° E of Governor Generoso (Davao Oriental),Ms,TECTONIC
1107,2024-10-03 17:37:21+00:00,14.33,120.17,60,3.2,036 km S 71° W of Mariveles (Bataan),Ms,TECTONIC
1108,2024-10-03 17:35:10+00:00,10.47,124.39,9,1.8,018 km S 07° W of Poro (Cebu),Ms,TECTONIC
1109,2024-10-03 17:18:57+00:00,10.37,125.15,21,2.1,006 km S 64° W of Hinunangan (Southern Leyte),Ms,TECTONIC
1110,2024-10-03 16:53:10+00:00,8.79,126.71,25,2.7,045 km S 89° E of Marihatag (Surigao Del Sur),Ms,TECTONIC
1111,2024-10-03 16:51:15+00:00,12.78,124.63,38,2.1,031 km N 69° E of Biri (Northern Samar),Ms,TECTONIC
1112,2024-10-03 16:42:22+00:00,15.36,122.3,30,2.2,068 km N 32° E of Burdeos (Quezon),Ms,TECTONIC
1113,2024-10-03 16:15:30+00:00,15.42,119.8,20,2.3,012 km S 84° W of Palauig (Zambales),Ms,TECTONIC
1114,2024-10-03 16:13:57+00:00,16.32,122.13,48,2.0,005 km N 08° E of Casiguran (Aurora),Ms,TECTONIC
1115,2024-10-03 15:56:59+00:00,8.04,126.55,29,2.2,016 km East of Lingig (Surigao Del Sur),Ms,TECTONIC
1116,2024-10-03 15:42:17+00:00,10.5,124.31,35,1.3,018 km S 37° W of Poro (Cebu),Ms,TECTONIC
1117,2024-10-03 14:38:58+00:00,8.87,127.1,3,3.7,088 km S 87° E of Cagwait (Surigao Del Sur),Ms,TECTONIC
1118,2024-10-03 14:35:54+00:00,7.64,127.39,2,3.3,092 km N 85° E of Baganga (Davao Oriental),Ms,TECTONIC
1119,2024-10-03 14:03:31+00:00,7.75,127.28,17,3.3,082 km N 76° E of Baganga (Davao Oriental),Ms,TECTONIC
1120,2024-10-03 12:41:11+00:00,7.97,127.08,1,2.6,072 km N 52° E of Baganga (Davao Oriental),Ms,TECTONIC
1121,2024-10-03 11:50:40+00:00,12.79,124.77,22,2.0,030 km N 35° W of Pambujan (Northern Samar),Ms,TECTONIC
1122,2024-10-03 11:46:34+00:00,10.48,126.07,33,1.6,051 km N 01° W of Burgos (Surigao Del Norte),Ms,TECTONIC
1123,2024-10-03 10:35:50+00:00,7.69,127.17,26,3.1,069 km N 79° E of Baganga (Davao Oriental),Ms,TECTONIC
1124,2024-10-03 10:10:12+00:00,11.92,120.25,21,1.6,010 km S 30° E of Coron (Palawan),Ms,TECTONIC
1125,2024-10-03 09:20:39+00:00,8.93,124.31,10,2.9,039 km N 15° W of Gitagum (Misamis Oriental),Ms,TECTONIC
1126,2024-10-03 08:45:13+00:00,9.62,126.22,33,1.5,019 km S 20° E of General Luna (Surigao Del Norte),Ms,TECTONIC
1127,2024-10-03 08:44:09+00:00,9.05,126.75,32,2.0,052 km N 74° E of Cagwait (Surigao Del Sur),Ms,TECTONIC
1128,2024-10-03 08:30:17+00:00,13.49,120.3,15,2.3,020 km N 67° W of Paluan (Occidental Mindoro),Ms,TECTONIC
1129,2024-10-03 08:07:14+00:00,8.95,126.52,62,2.4,024 km N 81° E of Cagwait (Surigao Del Sur),Ms,TECTONIC
1130,2024-10-03 07:24:19+00:00,14.95,122.58,1,2.7,039 km N 44° E of Jomalig (Quezon),Ms,TECTONIC
1131,2024-10-03 06:34:35+00:00,13.25,120.18,22,3.7,036 km S 59° W of Paluan (Occidental Mindoro),Ms,TECTONIC
1132,2024-10-03 03:28:47+00:00,8.79,126.45,30,2.2,022 km S 48° E of Cagwait (Surigao Del Sur),Ms,TECTONIC
1133,2024-10-03 03:09:24+00:00,9.91,125.8,98,2.5,014 km S 85° E of Cagdianao (Dinagat Islands),Ms,TECTONIC
1134,2024-10-03 02:57:24+00:00,8.35,126.65,32,2.3,034 km S 87° E of Hinatuan (Surigao Del Sur),Ms,TECTONIC
1135,2024-10-03 01:56:22+00:00,7.18,126.5,128,2.2,006 km S 50° W of Manay (Davao Oriental),Ms,TECTONIC
1136,2024-10-03 01:54:08+00:00,10.28,126.3,33,2.3,039 km N 41° E of Burgos (Surigao Del Norte),Ms,TECTONIC
1137,2024-10-03 01:43:11+00:00,10.2,126.39,1,2.8,039 km N 60° E of Burgos (Surigao Del Norte),Ms,TECTONIC
1138,2024-10-02 23:27:06+00:00,11.87,125.52,13,4.6,009 km N 50° E of Sulat (Eastern Samar),Mw,TECTONIC
1139,2024-10-02 23:19:57+00:00,7.79,126.92,5,2.6,046 km N 59° E of Baganga (Davao Oriental),Ms,TECTONIC
1140,2024-10-02 22:19:53+00:00,15.01,119.72,16,2.5,038 km S 81° W of San Felipe (Zambales),Ms,TECTONIC
1141,2024-10-02 20:43:57+00:00,5.47,126.29,82,4.0,086 km S 56° E of Jose Abad Santos (Davao Occidental),Ms,TECTONIC
1142,2024-10-02 20:22:18+00:00,17.43,120.07,1,2.0,036 km S 69° W of Caoayan (Ilocos Sur),Ms,TECTONIC
1143,2024-10-02 20:15:43+00:00,12.53,123.68,24,1.5,007 km S 57° W of San Jacinto (Masbate),Ms,TECTONIC
1144,2024-10-02 20:15:33+00:00,12.36,123.58,33,1.4,005 km S 77° W of City Of Masbate (Masbate),Ms,TECTONIC
1145,2024-10-02 19:58:54+00:00,13.84,120.71,33,1.7,008 km N 88° E of Calatagan (Batangas),Ms,TECTONIC
1146,2024-10-02 19:40:22+00:00,6.2,126.78,8,2.8,093 km S 57° E of Governor Generoso (Davao Oriental),Ms,TECTONIC
1147,2024-10-02 19:13:10+00:00,13.96,120.51,197,2.1,017 km S 60° W of Lian (Batangas),Ms,TECTONIC
1148,2024-10-02 19:08:21+00:00,10.21,125.96,30,1.8,023 km N 21° W of Santa Monica (Surigao Del Norte),Ms,TECTONIC
1149,2024-10-02 18:36:56+00:00,7.8,126.56,40,2.6,012 km N 87° E of Cateel (Davao Oriental),Ms,TECTONIC
1150,2024-10-02 18:28:41+00:00,13.15,120.44,25,2.2,019 km S 64° W of Mamburao (Occidental Mindoro),Ms,TECTONIC
1151,2024-10-02 18:20:49+00:00,7.92,126.78,19,1.5,039 km N 68° E of Cateel (Davao Oriental),Ms,TECTONIC
1152,2024-10-02 17:35:11+00:00,12.52,123.58,7,2.2,011 km N 58° E of Baleno (Masbate),Ms,TECTONIC
1153,2024-10-02 17:33:01+00:00,8.82,126.48,30,2.5,020 km N 84° E of Marihatag (Surigao Del Sur),Ms,TECTONIC
1154,2024-10-02 17:19:04+00:00,17.93,120.51,42,2.1,003 km S 32° W of Pinili (Ilocos Norte),Ms,TECTONIC
1155,2024-10-02 16:41:41+00:00,6.67,125.19,8,2.9,005 km S 37° W of Matanao (Davao Del Sur),Ms,TECTONIC
1156,2024-10-02 15:51:33+00:00,14.76,124.21,15,3.7,080 km N 03° E of Pandan (Catanduanes),Ms,TECTONIC
1157,2024-10-02 15:27:25+00:00,15.43,119.78,34,1.8,014 km S 88° W of Palauig (Zambales),Ms,TECTONIC
1158,2024-10-02 15:25:17+00:00,15.42,119.91,20,2.5,001 km S 04° E of Palauig (Zambales),Ms,TECTONIC
1159,2024-10-02 15:19:35+00:00,13.66,120.9,20,2.0,003 km S 82° E of Tingloy (Batangas),Ms,TECTONIC
1160,2024-10-02 12:48:50+00:00,14.97,122.57,1,2.5,040 km N 40° E of Jomalig (Quezon),Ms,TECTONIC
1161,2024-10-02 12:38:19+00:00,8.13,124.71,33,2.0,017 km S 45° E of Talakag (Bukidnon),Ms,TECTONIC
1162,2024-10-02 11:33:13+00:00,7.92,126.78,18,1.6,038 km N 68° E of Cateel (Davao Oriental),Ms,TECTONIC
1163,2024-10-02 11:28:01+00:00,7.77,126.77,19,1.5,032 km N 48° E of Baganga (Davao Oriental),Ms,TECTONIC
1164,2024-10-02 11:12:19+00:00,7.9,126.99,9,4.5,059 km N 53° E of Baganga (Davao Oriental),Ms,TECTONIC
1165,2024-10-02 11:06:33+00:00,7.39,124.59,11,2.5,004 km N 50° E of Alamada (Cotabato),Ms,TECTONIC
1166,2024-10-02 10:45:08+00:00,18.11,120.91,1,2.1,010 km S 73° E of Carasi (Ilocos Norte),Ms,TECTONIC
1167,2024-10-02 10:30:59+00:00,12.48,124.76,22,2.4,005 km S 10° E of Mondragon (Northern Samar),Ms,TECTONIC
1168,2024-10-02 10:00:46+00:00,9.66,126.13,24,2.4,013 km S 38° E of Dapa (Surigao Del Norte),Ms,TECTONIC
1169,2024-10-02 09:55:45+00:00,4.47,125.98,126,2.6,121 km S 31° E of Balut Island (Municipality Of Sarangani) (Davao Occidental),Ms,TECTONIC
1170,2024-10-02 09:36:42+00:00,10.51,124.42,20,1.5,013 km S 05° E of Poro (Cebu),Ms,TECTONIC
1171,2024-10-02 08:29:03+00:00,7.91,126.78,18,1.9,038 km N 69° E of Cateel (Davao Oriental),Ms,TECTONIC
1172,2024-10-02 08:16:03+00:00,7.94,126.79,19,2.5,040 km N 66° E of Cateel (Davao Oriental),Ms,TECTONIC
1173,2024-10-02 07:57:26+00:00,7.98,126.78,16,2.5,041 km S 81° E of Lingig (Surigao Del Sur),Ms,TECTONIC
1174,2024-10-02 07:44:40+00:00,7.93,126.78,18,2.2,039 km N 66° E of Cateel (Davao Oriental),Ms,TECTONIC
1175,2024-10-02 07:26:48+00:00,7.94,126.95,5,2.8,058 km N 47° E of Baganga (Davao Oriental),Ms,TECTONIC
1176,2024-10-02 06:43:52+00:00,10.49,124.39,22,2.2,016 km S 09° W of Poro (Cebu),Ms,TECTONIC
1177,2024-10-02 06:31:34+00:00,8.91,124.26,6,3.5,039 km N 24° W of Gitagum (Misamis Oriental),Ms,TECTONIC
1178,2024-10-02 06:24:28+00:00,8.95,124.28,19,2.8,042 km N 20° W of Gitagum (Misamis Oriental),Ms,TECTONIC
1179,2024-10-02 06:13:00+00:00,7.72,126.67,37,1.9,021 km N 37° E of Baganga (Davao Oriental),Ms,TECTONIC
1180,2024-10-02 05:25:21+00:00,6.67,126.36,30,2.5,032 km N 86° E of Governor Generoso (Davao Oriental),Ms,TECTONIC
1181,2024-10-02 05:18:26+00:00,19.01,121.12,8,2.6,014 km S 41° W of Dalupiri Island (Calayan) (Cagayan),Ms,TECTONIC
1182,2024-10-02 04:53:02+00:00,8.8,126.68,8,2.8,042 km N 90° E of Marihatag (Surigao Del Sur),Ms,TECTONIC
1183,2024-10-02 03:51:52+00:00,6.15,125.96,112,2.4,030 km S 79° E of Don Marcelino (Davao Occidental),Ms,TECTONIC
1184,2024-10-02 03:26:12+00:00,8.92,124.29,1,4.0,039 km N 20° W of Gitagum (Misamis Oriental),Ms,TECTONIC
1185,2024-10-02 02:59:46+00:00,8.94,124.31,1,3.0,040 km N 15° W of Gitagum (Misamis Oriental),Ms,TECTONIC
1186,2024-10-02 02:56:24+00:00,8.93,124.3,6,3.8,039 km N 17° W of Gitagum (Misamis Oriental),Ms,TECTONIC
1187,2024-10-02 02:54:05+00:00,11.54,125.05,32,1.8,010 km S 21° E of Calbiga (Samar),Ms,TECTONIC
1188,2024-10-02 02:47:38+00:00,10.28,126.08,22,2.4,029 km N 02° E of Burgos (Surigao Del Norte),Ms,TECTONIC
1189,2024-10-02 02:37:02+00:00,11.71,125.12,15,2.2,005 km N 83° E of Hinabangan (Samar),Ms,TECTONIC
1190,2024-10-02 02:10:24+00:00,11.86,125.38,24,2.0,006 km S 43° W of Taft (Eastern Samar),Ms,TECTONIC
1191,2024-10-02 01:20:37+00:00,8.92,126.95,6,4.5,072 km S 90° E of Cagwait (Surigao Del Sur),Mw,TECTONIC
1192,2024-10-02 01:19:57+00:00,12.54,123.57,7,2.6,016 km S 43° W of Monreal (Masbate),Ms,TECTONIC
1193,2024-10-02 00:43:53+00:00,8.26,126.26,26,1.8,008 km N 48° W of City Of Bislig (Surigao Del Sur),Ms,TECTONIC
1194,2024-10-01 23:24:03+00:00,14.37,124.95,32,3.0,086 km N 57° E of Bagamanoc (Catanduanes),Ms,TECTONIC
1195,2024-10-01 21:41:58+00:00,8.94,124.27,4,3.6,041 km N 21° W of Gitagum (Misamis Oriental),Ms,TECTONIC
1196,2024-10-01 21:19:50+00:00,14.31,124.93,35,6.1,080 km N 60° E of Bagamanoc (Catanduanes),Mw,TECTONIC
1197,2024-10-01 20:46:07+00:00,15.69,121.87,1,3.1,033 km S 76° E of Baler (Aurora),Ms,TECTONIC
1198,2024-10-01 20:33:40+00:00,16.86,119.51,15,4.1,066 km N 39° W of Bolinao (Pangasinan),Ms,TECTONIC
1199,2024-10-01 19:48:52+00:00,6.68,125.16,5,2.2,007 km S 64° W of Matanao (Davao Del Sur),Ms,TECTONIC
1200,2024-10-01 19:29:51+00:00,9.66,126.2,28,2.1,015 km S 20° E of General Luna (Surigao Del Norte),Ms,TECTONIC
1201,2024-10-01 19:18:10+00:00,12.53,123.56,9,3.8,017 km S 41° W of Monreal (Masbate),Ms,TECTONIC
1202,2024-10-01 19:03:15+00:00,8.14,126.99,14,2.2,065 km N 80° E of Lingig (Surigao Del Sur),Ms,TECTONIC
1203,2024-10-01 18:54:32+00:00,9.64,126.08,8,2.5,013 km S 12° E of Dapa (Surigao Del Norte),Ms,TECTONIC
1204,2024-10-01 18:30:53+00:00,10.26,125.89,38,2.1,031 km N 32° W of Santa Monica (Surigao Del Norte),Ms,TECTONIC
1205,2024-10-01 18:14:05+00:00,12.62,125.22,22,2.1,014 km N 56° E of Palapag (Northern Samar),Ms,TECTONIC
1206,2024-10-01 17:52:56+00:00,13.83,120.31,52,1.9,020 km S 82° E of Lubang (Occidental Mindoro),Ms,TECTONIC
1207,2024-10-01 17:43:16+00:00,9.24,126.24,17,1.7,007 km S 53° E of Cortes (Surigao Del Sur),Ms,TECTONIC
1208,2024-10-01 17:42:15+00:00,14.8,121.55,18,2.3,009 km N 56° W of General Nakar (Quezon),Ms,TECTONIC
1209,2024-10-01 17:27:00+00:00,9.27,126.21,22,4.3,002 km S 67° E of Cortes (Surigao Del Sur),Ms,TECTONIC
1210,2024-10-01 15:58:29+00:00,4.69,126.39,25,3.3,134 km S 50° E of Sarangani Island (Municipality Of Sarangani) (Davao Occidental),Ms,TECTONIC
1211,2024-10-01 15:53:53+00:00,11.4,124.51,7,2.8,004 km N 31° E of Leyte (Leyte),Ms,TECTONIC
1212,2024-10-01 15:37:30+00:00,8.08,126.71,15,2.0,033 km N 81° E of Lingig (Surigao Del Sur),Ms,TECTONIC
1213,2024-10-01 15:28:28+00:00,9.48,126.35,26,2.4,029 km N 36° E of Cortes (Surigao Del Sur),Ms,TECTONIC
1214,2024-10-01 15:09:28+00:00,11.86,125.02,90,2.6,009 km N 12° E of Motiong (Samar),Ms,TECTONIC
1215,2024-10-01 14:45:10+00:00,16.08,120.48,126,2.5,004 km N 10° W of Manaoag (Pangasinan),Ms,TECTONIC
1216,2024-10-01 14:41:47+00:00,9.67,125.82,35,1.6,015 km N 42° E of Claver (Surigao Del Norte),Ms,TECTONIC
1217,2024-10-01 14:18:55+00:00,10.65,122.66,19,2.3,006 km S 14° E of Buenavista (Guimaras),Ms,TECTONIC
1218,2024-10-01 13:50:34+00:00,6.84,123.87,32,3.4,030 km S 32° W of Datu Blah T. Sinsuat (Maguindanao Del Norte),Ms,TECTONIC
1219,2024-10-01 12:15:30+00:00,5.72,126.1,117,2.7,055 km S 66° E of Jose Abad Santos (Davao Occidental),Ms,TECTONIC
1220,2024-10-01 12:12:15+00:00,6.02,124.21,4,2.5,021 km S 06° E of Palimbang (Sultan Kudarat),Ms,TECTONIC
1221,2024-10-01 11:57:43+00:00,6.2,126.29,45,3.3,056 km S 26° E of Governor Generoso (Davao Oriental),Ms,TECTONIC
1222,2024-10-01 10:34:38+00:00,9.3,125.69,26,1.7,015 km N 76° E of Santiago (Agusan Del Norte),Ms,TECTONIC
1223,2024-10-01 09:57:21+00:00,8.07,126.43,120,2.2,004 km N 27° E of Lingig (Surigao Del Sur),Ms,TECTONIC
1224,2024-10-01 06:20:24+00:00,13.05,121.06,4,2.1,027 km S 59° W of Victoria (Oriental Mindoro),Ms,TECTONIC
1225,2024-10-01 05:56:47+00:00,9.04,126.21,26,2.1,003 km N 44° W of Tago (Surigao Del Sur),Ms,TECTONIC
1226,2024-10-01 04:53:40+00:00,10.46,124.38,2,1.8,019 km S 09° W of Poro (Cebu),Ms,TECTONIC
1227,2024-10-01 04:37:24+00:00,10.47,124.39,5,2.8,018 km S 07° W of Poro (Cebu),Ms,TECTONIC
1228,2024-10-01 04:20:03+00:00,8.11,125.92,31,1.7,006 km N 36° W of Veruela (Agusan Del Sur),Ms,TECTONIC
1229,2024-10-01 04:00:50+00:00,13.71,124.28,13,2.0,009 km N 20° W of San Miguel (Catanduanes),Ms,TECTONIC
1230,2024-10-01 03:10:21+00:00,5.9,124.11,26,2.3,035 km S 14° W of Palimbang (Sultan Kudarat),Ms,TECTONIC
1231,2024-10-01 02:40:11+00:00,8.5,126.52,29,2.4,025 km N 53° E of Hinatuan (Surigao Del Sur),Ms,TECTONIC
1232,2024-10-01 02:39:03+00:00,6.5,126.74,16,2.5,068 km S 28° E of Tarragona (Davao Oriental),Ms,TECTONIC
1233,2024-10-01 01:18:39+00:00,7.82,126.91,10,2.0,046 km N 55° E of Baganga (Davao Oriental),Ms,TECTONIC
1234,2024-10-01 00:34:38+00:00,17.59,122.23,20,1.7,023 km N 03° W of Maconacon (Isabela),Ms,TECTONIC
1235,2024-10-01 00:20:29+00:00,13.74,120.52,78,2.4,030 km N 85° E of Looc (Occidental Mindoro),Ms,TECTONIC
1236,2024-09-30 22:59:19+00:00,5.81,125.68,184,3.9,012 km S 17° E of Jose Abad Santos (Davao Occidental),Ms,TECTONIC
1237,2024-09-30 22:21:23+00:00,12.26,125.44,15,2.2,007 km S 82° E of Arteche (Eastern Samar),Ms,TECTONIC
1238,2024-09-30 21:54:31+00:00,15.34,120.07,21,2.9,020 km S 58° E of Palauig (Zambales),Ms,TECTONIC
1239,2024-09-30 20:32:14+00:00,7.61,124.73,33,2.4,003 km S 06° E of Wao (Lanao Del Sur),Ms,TECTONIC
1240,2024-09-30 19:42:52+00:00,8.75,126.54,28,1.5,027 km S 78° E of Marihatag (Surigao Del Sur),Ms,TECTONIC
1241,2024-09-30 18:39:37+00:00,7.63,127.19,17,2.6,083 km S 78° E of Cateel (Davao Oriental),Ms,TECTONIC
1242,2024-09-30 18:20:44+00:00,10.53,124.42,32,1.3,011 km S 07° E of Poro (Cebu),Ms,TECTONIC
1243,2024-09-30 18:14:34+00:00,11.7,125.57,16,3.4,013 km S 65° E of San Julian (Eastern Samar),Ms,TECTONIC
1244,2024-09-30 17:53:03+00:00,10.05,121.78,30,4.0,045 km S 21° W of Anini-y (Antique),Ms,TECTONIC
1245,2024-09-30 17:34:38+00:00,10.48,124.37,7,1.9,017 km S 15° W of Poro (Cebu),Ms,TECTONIC
1246,2024-09-30 16:57:45+00:00,7.84,126.31,32,2.2,008 km S 63° W of Boston (Davao Oriental),Ms,TECTONIC
