,datetime,lat,lon,depth_km,mag,location,mag_type,event_type
0,2024-08-31 14:53:12+00:00,2.24,126.6,45.0,4.1,375 km S 20° E of Balut Island (Municipality Of Sarangani) (Davao Occidental),Ms,TECTONIC
1,2024-08-31 14:49:54+00:00,13.76,120.16,8.0,1.7,010 km N 63° W of Looc (Occidental Mindoro),Ms,TECTONIC
2,2024-08-31 14:36:18+00:00,13.68,120.64,90.0,1.5,017 km S 03° E of Calatagan (Batangas),Ms,TECTONIC
3,2024-08-31 14:11:49+00:00,13.85,120.54,163.0,3.0,010 km N 76° W of Calatagan (Batangas),Ms,TECTONIC
4,2024-08-31 13:54:22+00:00,10.16,126.62,10.0,3.1,062 km N 76° E of Burgos (Surigao Del Norte),Ms,TECTONIC
5,2024-08-31 13:38:59+00:00,7.91,126.23,1.0,1.5,017 km N 75° W of Boston (Davao Oriental),Ms,TECTONIC
6,2024-08-31 13:38:23+00:00,8.03,126.45,1.0,1.5,005 km S 74° E of Lingig (Surigao Del Sur),Ms,TECTONIC
7,2024-08-31 12:48:54+00:00,13.9,120.07,1.0,1.7,007 km N 53° W of Lubang (Occidental Mindoro),Ms,TECTONIC
8,2024-08-31 12:15:07+00:00,14.97,122.08,12.0,2.6,019 km N 42° E of Burdeos (Quezon),Ms,TECTONIC
9,2024-08-31 12:14:53+00:00,13.7,120.59,91.0,2.0,016 km S 18° W of Calatagan (Batangas),Ms,TECTONIC
10,2024-08-31 12:10:08+00:00,13.64,119.97,37.0,1.7,027 km S 72° W of Looc (Occidental Mindoro),Ms,TECTONIC
11,2024-08-31 11:22:28+00:00,8.07,127.02,11.0,2.0,067 km N 87° E of Lingig (Surigao Del Sur),Ms,TECTONIC
12,2024-08-31 10:27:32+00:00,12.84,124.69,25.0,1.9,039 km N 40° W of Pambujan (Northern Samar),Ms,TECTONIC
13,2024-08-31 10:20:39+00:00,6.36,126.29,130.0,3.0,040 km S 36° E of Governor Generoso (Davao Oriental),Ms,TECTONIC
14,2024-08-31 10:15:05+00:00,7.83,122.77,32.0,1.3,003 km N 21° E of Kabasalan (Zamboanga Sibugay),Ms,TECTONIC
15,2024-08-31 09:37:47+00:00,7.45,124.77,3.0,2.1,011 km S 54° E of Banisilan (Cotabato),Ms,TECTONIC
16,2024-08-31 09:30:34+00:00,7.12,126.12,31.0,1.9,021 km N 29° W of City Of Mati (Davao Oriental),Ms,TECTONIC
17,2024-08-31 08:30:50+00:00,7.86,124.71,1.0,2.1,009 km N 17° E of Amai Manabilang (Lanao Del Sur),Ms,TECTONIC
18,2024-08-31 08:19:26+00:00,7.88,124.64,5.0,1.7,012 km N 23° W of Amai Manabilang (Lanao Del Sur),Ms,TECTONIC
19,2024-08-31 08:14:21+00:00,7.83,124.7,2.0,1.7,011 km N 26° W of Kalilangan (Bukidnon),Ms,TECTONIC
20,2024-08-31 08:14:14+00:00,9.55,126.21,32.0,1.7,013 km S 13° E of General Luna (Surigao Del Norte),Ms,TECTONIC
21,2024-08-31 08:10:30+00:00,7.83,124.69,3.0,4.4,005 km N 09° E of Amai Manabilang (Lanao Del Sur),Ms,TECTONIC
22,2024-08-31 07:31:44+00:00,10.21,126.45,3.0,2.7,046 km N 63° E of Burgos (Surigao Del Norte),Ms,TECTONIC
23,2024-08-31 06:48:28+00:00,8.11,126.64,32.0,1.5,027 km N 72° E of Lingig (Surigao Del Sur),Ms,TECTONIC
24,2024-08-31 04:47:56+00:00,7.85,127.18,25.0,2.6,074 km N 66° E of Baganga (Davao Oriental),Ms,TECTONIC
25,2024-08-31 04:33:02+00:00,13.88,120.68,102.0,1.8,008 km N 47° E of Calatagan (Batangas),Ms,TECTONIC
26,2024-08-31 04:32:24+00:00,8.67,126.75,25.0,2.8,051 km S 74° E of Marihatag (Surigao Del Sur),Ms,TECTONIC
27,2024-08-31 04:20:46+00:00,9.93,122.0,8.0,3.3,051 km N 69° W of City Of Sipalay (Negros Occidental),Ms,TECTONIC
28,2024-08-31 03:11:24+00:00,13.19,124.83,54.0,1.8,070 km N 08° W of Pambujan (Northern Samar),Ms,TECTONIC
29,2024-08-31 02:27:33+00:00,7.8,124.68,4.0,2.7,002 km N 11° W of Amai Manabilang (Lanao Del Sur),Ms,TECTONIC
30,2024-08-31 02:25:35+00:00,9.19,126.75,2.0,2.7,057 km N 64° E of Bayabas (Surigao Del Sur),Ms,TECTONIC
31,2024-08-30 23:51:25+00:00,15.42,119.82,29.0,2.6,010 km S 84° W of Palauig (Zambales),Ms,TECTONIC
32,2024-08-30 23:33:08+00:00,13.22,119.75,24.0,2.8,078 km S 44° W of Looc (Occidental Mindoro),Ms,TECTONIC
33,2024-08-30 22:25:23+00:00,6.6,126.16,30.0,2.8,011 km S 60° E of Governor Generoso (Davao Oriental),Ms,TECTONIC
34,2024-08-30 22:18:17+00:00,10.32,126.27,33.0,1.6,040 km N 32° E of Burgos (Surigao Del Norte),Ms,TECTONIC
35,2024-08-30 22:14:12+00:00,8.08,126.96,9.0,1.7,061 km N 85° E of Lingig (Surigao Del Sur),Ms,TECTONIC
36,2024-08-30 21:35:25+00:00,7.94,126.78,23.0,1.7,042 km S 75° E of Lingig (Surigao Del Sur),Ms,TECTONIC
37,2024-08-30 21:34:48+00:00,14.99,119.75,9.0,2.9,036 km S 78° W of San Felipe (Zambales),Ms,TECTONIC
38,2024-08-30 21:32:42+00:00,7.96,126.62,1.0,2.1,024 km S 70° E of Lingig (Surigao Del Sur),Ms,TECTONIC
39,2024-08-30 21:32:21+00:00,7.94,126.78,22.0,1.9,041 km S 75° E of Lingig (Surigao Del Sur),Ms,TECTONIC
40,2024-08-30 21:28:15+00:00,7.97,127.05,1.0,3.2,071 km S 83° E of Lingig (Surigao Del Sur),Ms,TECTONIC
41,2024-08-30 21:02:30+00:00,8.49,126.83,8.0,2.6,056 km N 76° E of Hinatuan (Surigao Del Sur),Ms,TECTONIC
42,2024-08-30 20:46:33+00:00,8.15,126.73,23.0,1.5,037 km N 70° E of Lingig (Surigao Del Sur),Ms,TECTONIC
43,2024-08-30 18:02:13+00:00,9.91,126.06,6.0,1.3,018 km N 35° W of General Luna (Surigao Del Norte),Ms,TECTONIC
44,2024-08-30 16:48:10+00:00,9.33,122.6,10.0,1.7,010 km S 26° W of Basay (Negros Oriental),Ms,TECTONIC
45,2024-08-30 16:48:00+00:00,8.05,126.25,26.0,2.9,018 km N 85° W of Lingig (Surigao Del Sur),Ms,TECTONIC
46,2024-08-30 16:42:16+00:00,10.24,124.98,2.0,1.9,008 km S 03° E of Tomas Oppus (Southern Leyte),Ms,TECTONIC
47,2024-08-30 16:37:10+00:00,8.22,125.7,17.0,1.8,017 km N 76° W of Loreto (Agusan Del Sur),Ms,TECTONIC
48,2024-08-30 15:48:53+00:00,8.22,126.69,21.0,2.5,036 km N 57° E of Lingig (Surigao Del Sur),Ms,TECTONIC
49,2024-08-30 15:15:26+00:00,13.2,119.77,26.0,3.6,079 km S 73° W of Paluan (Occidental Mindoro),Ms,TECTONIC
50,2024-08-30 14:58:34+00:00,8.24,126.25,32.0,1.9,007 km N 66° W of City Of Bislig (Surigao Del Sur),Ms,TECTONIC
51,2024-08-30 14:57:31+00:00,10.13,125.74,82.0,3.1,017 km N 64° E of Basilisa (Dinagat Islands),Ms,TECTONIC
52,2024-08-30 14:51:37+00:00,15.22,118.75,14.0,3.1,106 km N 86° E of Bajo De Masinloc (Masinloc) (Zambales),Ms,TECTONIC
53,2024-08-30 14:37:18+00:00,7.84,124.69,1.0,3.5,012 km N 28° W of Kalilangan (Bukidnon),Ms,TECTONIC
54,2024-08-30 14:33:35+00:00,10.39,125.66,28.0,2.2,009 km N 66° E of Loreto (Dinagat Islands),Ms,TECTONIC
55,2024-08-30 13:18:39+00:00,7.24,126.67,30.0,2.7,015 km S 49° E of Caraga (Davao Oriental),Ms,TECTONIC
56,2024-08-30 13:06:28+00:00,8.89,126.52,6.0,2.5,025 km S 83° E of Cagwait (Surigao Del Sur),Ms,TECTONIC
57,2024-08-30 12:54:20+00:00,6.23,126.59,1.0,3.3,074 km S 51° E of Governor Generoso (Davao Oriental),Ms,TECTONIC
58,2024-08-30 12:15:16+00:00,8.21,126.68,22.0,2.5,036 km N 57° E of Lingig (Surigao Del Sur),Ms,TECTONIC
59,2024-08-30 12:02:02+00:00,20.39,121.82,28.0,3.0,008 km N 41° W of Sabtang (Batanes),Ms,TECTONIC
60,2024-08-30 11:42:59+00:00,18.48,120.84,10.0,2.6,007 km N 72° W of Adams (Ilocos Norte),Ms,TECTONIC
61,2024-08-30 11:38:52+00:00,6.39,125.64,140.0,2.5,004 km S 52° E of Malita (Davao Occidental),Ms,TECTONIC
62,2024-08-30 11:04:37+00:00,9.22,126.73,17.0,4.0,057 km N 60° E of Bayabas (Surigao Del Sur),Ms,TECTONIC
63,2024-08-30 10:50:43+00:00,8.49,126.74,4.0,2.4,046 km N 73° E of Hinatuan (Surigao Del Sur),Ms,TECTONIC
64,2024-08-30 10:09:16+00:00,9.25,126.75,15.0,3.0,060 km N 59° E of Bayabas (Surigao Del Sur),Ms,TECTONIC
65,2024-08-30 09:26:11+00:00,13.48,119.97,15.0,2.7,040 km S 48° W of Looc (Occidental Mindoro),Ms,TECTONIC
66,2024-08-30 07:40:35+00:00,12.42,120.65,22.0,3.6,034 km S 82° W of Rizal (Occidental Mindoro),Ms,TECTONIC
67,2024-08-30 07:09:46+00:00,11.66,121.07,32.0,2.4,060 km S 59° W of Caluya (Antique),Ms,TECTONIC
68,2024-08-30 06:31:31+00:00,12.7,124.88,43.0,3.1,016 km N 01° W of Pambujan (Northern Samar),Ms,TECTONIC
69,2024-08-30 06:15:49+00:00,6.17,126.03,125.0,4.6,051 km N 56° E of Jose Abad Santos (Davao Occidental),Ms,TECTONIC
70,2024-08-30 05:08:08+00:00,11.16,124.66,4.0,2.3,011 km S 78° E of Kananga (Leyte),Ms,TECTONIC
71,2024-08-30 04:54:26+00:00,16.87,119.93,25.0,3.6,048 km N 70° W of Bacnotan (La Union),Ms,TECTONIC
72,2024-08-30 04:40:01+00:00,5.78,124.58,5.0,3.0,023 km S 12° W of Kiamba (Sarangani),Ms,TECTONIC
73,2024-08-30 04:35:09+00:00,6.08,124.69,22.0,2.2,012 km N 36° E of Kiamba (Sarangani),Ms,TECTONIC
74,2024-08-30 03:04:45+00:00,11.43,125.37,41.0,2.2,016 km S 73° W of Balangkayan (Eastern Samar),Ms,TECTONIC
75,2024-08-30 02:57:04+00:00,7.45,126.25,23.0,2.3,016 km S 48° E of New Bataan (Davao De Oro),Ms,TECTONIC
76,2024-08-30 01:17:30+00:00,8.22,126.84,13.0,1.8,051 km N 67° E of Lingig (Surigao Del Sur),Ms,TECTONIC
77,2024-08-30 00:52:56+00:00,9.27,126.72,20.0,4.0,058 km S 90° E of Cortes (Surigao Del Sur),Ms,TECTONIC
78,2024-08-29 22:45:30+00:00,7.05,126.83,6.0,3.2,036 km S 60° E of Manay (Davao Oriental),Ms,TECTONIC
79,2024-08-29 21:58:11+00:00,13.25,123.93,26.0,1.9,015 km N 28° E of Manito (Albay),Ms,TECTONIC
80,2024-08-29 21:40:49+00:00,13.65,120.85,35.0,1.7,002 km S 60° W of Tingloy (Batangas),Ms,TECTONIC
81,2024-08-29 21:35:07+00:00,15.61,121.76,8.0,2.3,027 km S 52° E of Baler (Aurora),Ms,TECTONIC
82,2024-08-29 21:19:22+00:00,20.36,121.78,1.0,3.1,028 km S 86° W of Sabtang (Batanes),Ms,TECTONIC
83,2024-08-29 21:10:46+00:00,8.28,126.67,30.0,2.8,038 km S 76° E of Hinatuan (Surigao Del Sur),Ms,TECTONIC
84,2024-08-29 20:47:18+00:00,17.95,122.29,17.0,2.7,045 km N 81° E of Baggao (Cagayan),Ms,TECTONIC
85,2024-08-29 20:29:32+00:00,6.21,125.92,106.0,3.2,025 km N 87° E of Don Marcelino (Davao Occidental),Ms,TECTONIC
86,2024-08-29 19:15:00+00:00,14.02,122.66,34.0,1.4,013 km N 32° E of Del Gallego (Camarines Sur),Ms,TECTONIC
87,2024-08-29 19:08:39+00:00,7.58,122.47,28.0,1.5,007 km S 64° E of Tungawan (Zamboanga Sibugay),Ms,TECTONIC
88,2024-08-29 19:01:28+00:00,7.88,126.92,15.0,1.8,052 km N 50° E of Baganga (Davao Oriental),Ms,TECTONIC
89,2024-08-29 18:58:10+00:00,16.44,121.3,32.0,1.8,007 km S 33° E of Quezon (Nueva Vizcaya),Ms,TECTONIC
90,2024-08-29 17:53:43+00:00,8.14,126.73,20.0,2.3,037 km N 72° E of Lingig (Surigao Del Sur),Ms,TECTONIC
91,2024-08-29 17:40:55+00:00,8.19,127.18,1.0,3.2,087 km N 79° E of Lingig (Surigao Del Sur),Ms,TECTONIC
92,2024-08-29 17:08:52+00:00,19.18,121.38,27.0,1.8,014 km S 51° W of Calayan (Cagayan),Ms,TECTONIC
93,2024-08-29 15:48:07+00:00,18.15,120.81,53.0,2.1,001 km N 51° W of Carasi (Ilocos Norte),Ms,TECTONIC
94,2024-08-29 15:25:25+00:00,12.64,120.62,1.0,2.6,028 km S 38° W of Sablayan (Occidental Mindoro),Ms,TECTONIC
95,2024-08-29 15:22:26+00:00,8.47,126.31,34.0,1.7,012 km N 15° W of Hinatuan (Surigao Del Sur),Ms,TECTONIC
96,2024-08-29 13:46:59+00:00,5.1,127.01,55.0,4.5,175 km S 76° E of Sarangani Island (Municipality Of Sarangani) (Davao Occidental),Ms,TECTONIC
97,2024-08-29 13:07:28+00:00,9.9,125.84,34.0,1.4,014 km N 78° W of Del Carmen (Surigao Del Norte),Ms,TECTONIC
98,2024-08-29 13:02:24+00:00,10.25,126.19,36.0,2.1,029 km N 25° E of Burgos (Surigao Del Norte),Ms,TECTONIC
99,2024-08-29 11:47:35+00:00,6.96,126.63,107.0,2.1,022 km S 62° E of Tarragona (Davao Oriental),Ms,TECTONIC
100,2024-08-29 10:04:50+00:00,15.25,122.25,5.0,2.0,054 km N 34° E of Burdeos (Quezon),Ms,TECTONIC
101,2024-08-29 09:46:04+00:00,10.23,126.66,20.0,2.3,068 km N 70° E of Burgos (Surigao Del Norte),Ms,TECTONIC
102,2024-08-29 09:45:25+00:00,10.07,126.52,21.0,1.4,049 km N 83° E of Burgos (Surigao Del Norte),Ms,TECTONIC
103,2024-08-29 08:24:01+00:00,12.45,123.73,6.0,3.3,005 km S 46° W of San Fernando (Masbate),Ms,TECTONIC
104,2024-08-29 08:07:59+00:00,8.94,125.94,1.0,2.6,011 km S 85° W of San Miguel (Surigao Del Sur),Ms,TECTONIC
105,2024-08-29 06:14:53+00:00,5.81,125.26,74.0,2.3,007 km S 81° E of Glan (Sarangani),Ms,TECTONIC
106,2024-08-29 05:37:46+00:00,16.62,122.77,73.0,2.6,055 km N 79° E of Dinapigue (Isabela),Ms,TECTONIC
107,2024-08-29 05:30:42+00:00,12.56,123.64,4.0,2.4,010 km S 83° W of San Jacinto (Masbate),Ms,TECTONIC
108,2024-08-29 05:17:09+00:00,8.8,124.49,8.0,2.4,024 km N 22° E of Gitagum (Misamis Oriental),Ms,TECTONIC
109,2024-08-29 05:12:33+00:00,13.22,124.3,29.0,1.8,019 km N 79° E of Rapu-rapu (Albay),Ms,TECTONIC
110,2024-08-29 05:01:57+00:00,16.62,119.68,33.0,2.3,034 km N 43° W of Bolinao (Pangasinan),Ms,TECTONIC
111,2024-08-29 02:51:58+00:00,17.06,120.07,24.0,2.5,040 km S 86° W of Santa Cruz (Ilocos Sur),Ms,TECTONIC
112,2024-08-29 01:49:36+00:00,12.11,125.1,36.0,1.8,011 km N 53° E of San Jose De Buan (Samar),Ms,TECTONIC
113,2024-08-28 22:05:05+00:00,8.66,126.11,1.0,2.4,004 km N 32° E of Lianga (Surigao Del Sur),Ms,TECTONIC
114,2024-08-28 21:31:34+00:00,9.45,126.08,15.0,2.2,017 km N 43° E of Cantilan (Surigao Del Sur),Ms,TECTONIC
115,2024-08-28 21:24:12+00:00,8.58,126.76,6.0,2.7,052 km N 63° E of Hinatuan (Surigao Del Sur),Ms,TECTONIC
116,2024-08-28 21:07:22+00:00,8.64,126.94,26.0,2.6,073 km N 65° E of Hinatuan (Surigao Del Sur),Ms,TECTONIC
117,2024-08-28 20:59:19+00:00,14.3,124.01,1.0,2.0,033 km N 31° W of Pandan (Catanduanes),Ms,TECTONIC
118,2024-08-28 20:31:49+00:00,13.75,120.58,95.0,1.8,011 km S 30° W of Calatagan (Batangas),Ms,TECTONIC
119,2024-08-28 20:08:30+00:00,10.25,124.96,1.0,1.9,006 km S 24° W of Tomas Oppus (Southern Leyte),Ms,TECTONIC
120,2024-08-28 20:03:58+00:00,9.62,126.11,29.0,2.5,015 km N 88° E of Socorro (Surigao Del Norte),Ms,TECTONIC
121,2024-08-28 18:32:37+00:00,17.77,120.61,9.0,2.0,011 km N 37° W of Danglas (Abra),Ms,TECTONIC
122,2024-08-28 18:28:47+00:00,9.91,122.29,17.0,1.6,022 km N 44° W of City Of Sipalay (Negros Occidental),Ms,TECTONIC
123,2024-08-28 17:59:19+00:00,9.38,123.98,32.0,1.8,024 km S 08° W of Loay (Bohol),Ms,TECTONIC
124,2024-08-28 17:12:14+00:00,12.52,123.64,8.0,2.2,011 km S 63° W of San Jacinto (Masbate),Ms,TECTONIC
125,2024-08-28 16:46:00+00:00,13.76,123.87,10.0,4.3,002 km S 38° E of Caramoan (Camarines Sur),Ms,TECTONIC
126,2024-08-28 16:44:02+00:00,9.35,126.11,11.0,3.1,012 km N 47° W of Cortes (Surigao Del Sur),Ms,TECTONIC
127,2024-08-28 16:18:42+00:00,5.42,124.91,35.0,3.7,057 km N 89° W of Balut Island (Municipality Of Sarangani) (Davao Occidental),Ms,TECTONIC
128,2024-08-28 16:12:39+00:00,8.18,126.72,12.0,2.4,037 km N 66° E of Lingig (Surigao Del Sur),Ms,TECTONIC
129,2024-08-28 16:01:22+00:00,8.17,126.85,12.0,1.7,050 km N 73° E of Lingig (Surigao Del Sur),Ms,TECTONIC
130,2024-08-28 15:53:57+00:00,8.27,127.07,11.0,2.4,076 km N 71° E of Lingig (Surigao Del Sur),Ms,TECTONIC
131,2024-08-28 15:47:43+00:00,5.47,124.85,28.0,4.7,046 km S 20° W of Maasim (Sarangani),Mw,TECTONIC
132,2024-08-28 15:37:53+00:00,8.16,127.3,1.0,3.1,099 km N 82° E of Lingig (Surigao Del Sur),Ms,TECTONIC
133,2024-08-28 15:22:55+00:00,7.65,126.09,33.0,1.6,002 km S 32° E of Compostela (Davao De Oro),Ms,TECTONIC
134,2024-08-28 15:21:12+00:00,8.08,125.85,32.0,1.7,011 km S 04° W of Loreto (Agusan Del Sur),Ms,TECTONIC
135,2024-08-28 14:56:45+00:00,17.44,120.26,11.0,2.4,018 km S 49° W of Caoayan (Ilocos Sur),Ms,TECTONIC
136,2024-08-28 14:34:50+00:00,10.19,126.26,33.0,2.1,028 km N 48° E of Burgos (Surigao Del Norte),Ms,TECTONIC
137,2024-08-28 13:19:14+00:00,8.51,126.98,7.0,2.1,072 km N 77° E of Hinatuan (Surigao Del Sur),Ms,TECTONIC
138,2024-08-28 12:47:33+00:00,19.28,121.14,4.0,2.2,020 km N 19° W of Dalupiri Island (Calayan) (Cagayan),Ms,TECTONIC
139,2024-08-28 12:24:38+00:00,8.22,126.69,27.0,1.6,037 km N 56° E of Lingig (Surigao Del Sur),Ms,TECTONIC
140,2024-08-28 10:38:19+00:00,14.04,124.65,17.0,2.2,040 km N 44° E of Gigmoto (Catanduanes),Ms,TECTONIC
141,2024-08-28 10:09:26+00:00,9.23,125.61,1.0,2.1,007 km S 61° E of Santiago (Agusan Del Norte),Ms,TECTONIC
142,2024-08-28 09:59:31+00:00,7.87,127.19,9.0,3.2,076 km N 65° E of Baganga (Davao Oriental),Ms,TECTONIC
143,2024-08-28 09:38:54+00:00,11.75,125.35,25.0,1.7,011 km S 88° W of San Julian (Eastern Samar),Ms,TECTONIC
144,2024-08-28 08:41:40+00:00,17.22,122.41,32.0,1.9,017 km S 18° W of Divilacan (Isabela),Ms,TECTONIC
145,2024-08-28 05:35:26+00:00,12.54,123.67,2.0,3.2,007 km S 61° W of San Jacinto (Masbate),Ms,TECTONIC
146,2024-08-28 05:11:53+00:00,9.53,126.1,18.0,2.0,018 km S 54° E of Socorro (Surigao Del Norte),Ms,TECTONIC
147,2024-08-28 05:06:51+00:00,9.45,126.27,30.0,2.1,021 km N 22° E of Cortes (Surigao Del Sur),Ms,TECTONIC
148,2024-08-28 02:56:07+00:00,11.53,126.07,13.0,3.9,054 km N 68° E of Hernani (Eastern Samar),Ms,TECTONIC
149,2024-08-28 02:55:15+00:00,13.86,123.12,16.0,1.6,015 km N 04° E of Cabusao (Camarines Sur),Ms,TECTONIC
150,2024-08-28 01:01:58+00:00,11.12,124.43,3.0,2.1,005 km S 59° W of Matag-ob (Leyte),Ms,TECTONIC
151,2024-08-28 00:21:06+00:00,15.68,121.04,31.0,1.3,003 km N 36° E of Llanera (Nueva Ecija),Ms,TECTONIC
152,2024-08-27 22:58:59+00:00,9.85,124.2,33.0,1.6,003 km N 04° W of Carmen (Bohol),Ms,TECTONIC
153,2024-08-27 22:14:22+00:00,19.12,121.47,1.0,1.5,016 km S 04° W of Calayan (Cagayan),Ms,TECTONIC
154,2024-08-27 22:13:46+00:00,10.28,125.55,72.0,1.6,005 km S 07° W of Tubajon (Dinagat Islands),Ms,TECTONIC
155,2024-08-27 21:33:26+00:00,8.96,125.5,5.0,1.8,007 km S 20° W of Magallanes (Agusan Del Norte),Ms,TECTONIC
156,2024-08-27 21:14:43+00:00,6.75,124.45,5.0,3.1,008 km N 71° W of Esperanza (Sultan Kudarat),Ms,TECTONIC
157,2024-08-27 21:11:34+00:00,17.31,122.12,26.0,1.4,015 km S 56° W of Maconacon (Isabela),Ms,TECTONIC
158,2024-08-27 20:32:12+00:00,8.67,126.52,25.0,2.3,029 km S 60° E of Marihatag (Surigao Del Sur),Ms,TECTONIC
159,2024-08-27 19:48:09+00:00,8.18,126.99,5.0,2.1,066 km N 76° E of Lingig (Surigao Del Sur),Ms,TECTONIC
160,2024-08-27 19:28:04+00:00,10.57,126.51,1.0,3.8,078 km N 38° E of Burgos (Surigao Del Norte),Ms,TECTONIC
161,2024-08-27 18:59:13+00:00,8.31,125.97,3.0,2.2,018 km N 79° E of La Paz (Agusan Del Sur),Ms,TECTONIC
162,2024-08-27 18:37:00+00:00,10.74,124.96,2.0,2.7,005 km S 82° W of Abuyog (Leyte),Ms,TECTONIC
163,2024-08-27 18:10:31+00:00,8.74,126.53,31.0,2.1,027 km S 75° E of Marihatag (Surigao Del Sur),Ms,TECTONIC
164,2024-08-27 17:54:16+00:00,5.74,126.41,4.0,2.9,086 km S 78° E of Jose Abad Santos (Davao Occidental),Ms,TECTONIC
165,2024-08-27 17:24:00+00:00,19.91,121.23,17.0,2.4,076 km N 20° W of Calayan (Cagayan),Ms,TECTONIC
166,2024-08-27 17:19:20+00:00,8.14,126.78,14.0,1.3,042 km N 75° E of Lingig (Surigao Del Sur),Ms,TECTONIC
167,2024-08-27 16:56:17+00:00,8.22,126.67,23.0,1.4,035 km N 54° E of Lingig (Surigao Del Sur),Ms,TECTONIC
168,2024-08-27 16:40:48+00:00,12.53,123.64,4.0,3.0,012 km S 10° W of Monreal (Masbate),Ms,TECTONIC
169,2024-08-27 16:37:51+00:00,8.1,127.29,35.0,2.2,097 km N 86° E of Lingig (Surigao Del Sur),Ms,TECTONIC
170,2024-08-27 15:15:08+00:00,18.52,120.98,22.0,2.4,005 km S 12° W of Santa Praxedes (Cagayan),Ms,TECTONIC
171,2024-08-27 15:00:58+00:00,13.02,122.72,1.0,2.1,030 km S 67° W of San Pascual (Masbate),Ms,TECTONIC
172,2024-08-27 14:51:28+00:00,10.7,126.12,28.0,1.4,043 km S 84° E of Homonhon Island (Guiuan) (Eastern Samar),Ms,TECTONIC
173,2024-08-27 14:29:38+00:00,9.84,122.36,20.0,2.1,011 km N 46° W of City Of Sipalay (Negros Occidental),Ms,TECTONIC
174,2024-08-27 14:26:26+00:00,9.83,122.38,16.0,2.5,009 km N 41° W of City Of Sipalay (Negros Occidental),Ms,TECTONIC
175,2024-08-27 13:44:35+00:00,13.15,124.12,18.0,2.0,004 km S 08° W of Rapu-rapu (Albay),Ms,TECTONIC
176,2024-08-27 13:01:31+00:00,12.52,123.61,8.0,5.0,013 km N 67° E of Baleno (Masbate),Mw,TECTONIC
177,2024-08-27 11:30:17+00:00,10.21,126.32,11.0,2.1,034 km N 52° E of Burgos (Surigao Del Norte),Ms,TECTONIC
178,2024-08-27 11:02:43+00:00,7.26,126.61,21.0,2.2,010 km S 35° E of Caraga (Davao Oriental),Ms,TECTONIC
179,2024-08-27 09:49:42+00:00,8.02,126.46,33.0,1.2,005 km S 65° E of Lingig (Surigao Del Sur),Ms,TECTONIC
180,2024-08-27 08:25:28+00:00,7.08,126.92,16.0,3.6,045 km S 72° E of Manay (Davao Oriental),Ms,TECTONIC
181,2024-08-27 07:28:42+00:00,10.71,122.77,27.0,2.1,013 km N 84° E of Buenavista (Guimaras),Ms,TECTONIC
182,2024-08-27 05:07:44+00:00,13.41,122.21,8.0,3.2,017 km N 51° E of Torrijos (Marinduque),Ms,TECTONIC
183,2024-08-27 04:46:22+00:00,8.02,126.03,32.0,1.9,004 km N 02° E of Santa Josefa (Agusan Del Sur),Ms,TECTONIC
184,2024-08-27 04:10:39+00:00,8.07,126.53,28.0,2.1,014 km N 75° E of Lingig (Surigao Del Sur),Ms,TECTONIC
185,2024-08-27 02:50:23+00:00,8.13,126.99,17.0,1.9,064 km N 81° E of Lingig (Surigao Del Sur),Ms,TECTONIC
186,2024-08-27 01:24:47+00:00,17.5,120.52,2.0,3.1,005 km S 07° E of San Quintin (Abra),Ms,TECTONIC
187,2024-08-26 23:01:41+00:00,15.22,119.02,21.0,2.5,099 km S 76° W of Palauig (Zambales),Ms,TECTONIC
188,2024-08-26 22:27:45+00:00,5.8,127.27,115.0,4.7,162 km S 55° E of Governor Generoso (Davao Oriental),Ms,TECTONIC
189,2024-08-26 21:55:48+00:00,17.1,121.88,25.0,2.2,005 km S 05° W of City Of Ilagan (Isabela),Ms,TECTONIC
190,2024-08-26 21:50:31+00:00,10.03,126.06,16.0,2.7,002 km N 38° W of Burgos (Surigao Del Norte),Ms,TECTONIC
191,2024-08-26 20:31:18+00:00,7.87,123.2,20.0,2.0,006 km N 32° W of Tigbao (Zamboanga Del Sur),Ms,TECTONIC
192,2024-08-26 20:23:45+00:00,8.16,126.97,5.0,2.6,063 km N 78° E of Lingig (Surigao Del Sur),Ms,TECTONIC
193,2024-08-26 19:09:30+00:00,14.7,120.0,34.0,1.4,029 km N 86° W of Morong (Bataan),Ms,TECTONIC
194,2024-08-26 18:58:35+00:00,8.04,126.8,10.0,1.9,043 km N 90° E of Lingig (Surigao Del Sur),Ms,TECTONIC
195,2024-08-26 18:41:36+00:00,8.08,127.14,1.0,4.3,080 km N 87° E of Lingig (Surigao Del Sur),Ms,TECTONIC
196,2024-08-26 18:31:19+00:00,9.9,127.03,21.0,3.2,097 km N 82° E of General Luna (Surigao Del Norte),Ms,TECTONIC
197,2024-08-26 18:28:28+00:00,8.06,127.09,1.0,3.7,074 km N 88° E of Lingig (Surigao Del Sur),Ms,TECTONIC
198,2024-08-26 18:22:55+00:00,8.07,127.17,1.0,4.0,084 km N 87° E of Lingig (Surigao Del Sur),Ms,TECTONIC
199,2024-08-26 17:56:49+00:00,6.13,126.2,97.0,2.8,056 km S 82° E of Don Marcelino (Davao Occidental),Ms,TECTONIC
200,2024-08-26 17:47:06+00:00,8.28,126.88,9.0,1.8,058 km N 63° E of Lingig (Surigao Del Sur),Ms,TECTONIC
201,2024-08-26 17:30:16+00:00,8.38,126.52,13.0,2.8,021 km N 85° E of Hinatuan (Surigao Del Sur),Ms,TECTONIC
202,2024-08-26 17:22:26+00:00,6.1,126.09,128.0,4.7,045 km S 76° E of Don Marcelino (Davao Occidental),Ms,TECTONIC
203,2024-08-26 16:53:50+00:00,8.42,126.59,30.0,2.0,029 km N 78° E of Hinatuan (Surigao Del Sur),Ms,TECTONIC
204,2024-08-26 16:43:27+00:00,9.96,126.13,34.0,1.5,005 km N 63° E of San Isidro (Surigao Del Norte),Ms,TECTONIC
205,2024-08-26 16:23:04+00:00,17.67,122.63,27.0,3.2,051 km N 43° E of Divilacan (Isabela),Ms,TECTONIC
206,2024-08-26 16:22:52+00:00,13.13,120.47,27.0,2.8,017 km S 51° W of Mamburao (Occidental Mindoro),Ms,TECTONIC
207,2024-08-26 15:45:29+00:00,7.92,126.78,17.0,1.6,043 km S 71° E of Lingig (Surigao Del Sur),Ms,TECTONIC
208,2024-08-26 15:30:19+00:00,11.02,122.14,1.0,4.2,002 km N 22° E of Valderrama (Antique),Mw,TECTONIC
209,2024-08-26 15:27:39+00:00,7.04,127.02,3.0,3.2,056 km S 70° E of Manay (Davao Oriental),Ms,TECTONIC
210,2024-08-26 15:24:43+00:00,9.87,126.08,77.0,1.9,002 km N 69° W of Pilar (Surigao Del Norte),Ms,TECTONIC
211,2024-08-26 15:21:49+00:00,7.3,126.31,30.0,2.2,021 km S 84° E of Maragusan (Davao De Oro),Ms,TECTONIC
212,2024-08-26 14:48:44+00:00,10.16,125.16,34.0,2.2,005 km N 85° E of Liloan (Southern Leyte),Ms,TECTONIC
213,2024-08-26 14:48:32+00:00,7.81,127.01,11.0,1.7,056 km N 62° E of Baganga (Davao Oriental),Ms,TECTONIC
214,2024-08-26 14:27:48+00:00,7.25,125.96,22.0,2.2,013 km S 59° E of Mabini (Davao De Oro),Ms,TECTONIC
215,2024-08-26 14:02:03+00:00,8.51,125.92,3.0,2.2,006 km N 81° W of San Francisco (Agusan Del Sur),Ms,TECTONIC
216,2024-08-26 13:53:57+00:00,8.32,124.74,8.0,2.3,008 km S 45° E of Libona (Bukidnon),Ms,TECTONIC
217,2024-08-26 13:30:06+00:00,8.08,126.95,8.0,1.8,059 km N 86° E of Lingig (Surigao Del Sur),Ms,TECTONIC
218,2024-08-26 13:18:18+00:00,8.16,127.2,1.0,3.1,088 km N 81° E of Lingig (Surigao Del Sur),Ms,TECTONIC
219,2024-08-26 12:53:56+00:00,17.38,120.2,25.0,2.5,027 km S 47° W of Caoayan (Ilocos Sur),Ms,TECTONIC
220,2024-08-26 12:35:00+00:00,9.23,123.2,1.0,3.0,007 km S 38° W of Valencia (Negros Oriental),Ms,TECTONIC
221,2024-08-26 12:29:33+00:00,13.14,124.44,20.0,2.5,029 km N 66° E of Prieto Diaz (Sorsogon),Ms,TECTONIC
222,2024-08-26 12:20:37+00:00,10.7,125.64,13.0,2.8,011 km S 66° W of Homonhon Island (Guiuan) (Eastern Samar),Ms,TECTONIC
223,2024-08-26 12:18:08+00:00,12.52,125.24,19.0,2.3,006 km N 12° W of Mapanas (Northern Samar),Ms,TECTONIC
224,2024-08-26 12:07:22+00:00,8.06,127.08,7.0,3.0,073 km N 88° E of Lingig (Surigao Del Sur),Ms,TECTONIC
225,2024-08-26 12:06:43+00:00,10.16,126.08,22.0,2.0,016 km N 01° E of Burgos (Surigao Del Norte),Ms,TECTONIC
226,2024-08-26 11:43:41+00:00,8.18,127.05,5.0,2.5,072 km N 78° E of Lingig (Surigao Del Sur),Ms,TECTONIC
227,2024-08-26 11:28:35+00:00,6.86,122.21,21.0,1.7,022 km N 04° E of Akbar (Basilan),Ms,TECTONIC
228,2024-08-26 10:57:37+00:00,7.94,127.0,8.0,1.8,062 km N 50° E of Baganga (Davao Oriental),Ms,TECTONIC
229,2024-08-26 10:49:00+00:00,8.13,127.15,12.0,2.2,082 km N 83° E of Lingig (Surigao Del Sur),Ms,TECTONIC
230,2024-08-26 10:21:41+00:00,8.08,127.65,34.0,2.2,136 km N 88° E of Lingig (Surigao Del Sur),Ms,TECTONIC
231,2024-08-26 10:01:26+00:00,7.58,126.43,130.0,2.2,014 km N 90° W of Baganga (Davao Oriental),Ms,TECTONIC
232,2024-08-26 09:29:15+00:00,8.17,126.95,3.0,3.2,061 km N 77° E of Lingig (Surigao Del Sur),Ms,TECTONIC
233,2024-08-26 09:26:09+00:00,5.9,126.72,39.0,3.2,109 km S 41° E of Governor Generoso (Davao Oriental),Ms,TECTONIC
234,2024-08-26 09:15:12+00:00,8.11,127.07,17.0,2.7,073 km N 84° E of Lingig (Surigao Del Sur),Ms,TECTONIC
235,2024-08-26 09:04:45+00:00,8.26,125.91,33.0,1.5,011 km N 32° E of Loreto (Agusan Del Sur),Ms,TECTONIC
236,2024-08-26 09:01:59+00:00,9.6,126.13,33.0,1.6,019 km S 84° E of Socorro (Surigao Del Norte),Ms,TECTONIC
237,2024-08-26 07:59:55+00:00,13.67,120.61,27.0,1.9,019 km S 07° W of Calatagan (Batangas),Ms,TECTONIC
238,2024-08-26 06:28:39+00:00,10.11,125.88,12.0,2.7,023 km N 63° W of Burgos (Surigao Del Norte),Ms,TECTONIC
239,2024-08-26 05:07:47+00:00,13.94,119.23,32.0,3.9,097 km N 85° W of Lubang (Occidental Mindoro),Ms,TECTONIC
240,2024-08-26 03:34:31+00:00,8.39,121.74,28.0,2.6,078 km N 35° W of Baliguian (Zamboanga Del Norte),Ms,TECTONIC
241,2024-08-26 02:37:04+00:00,8.18,126.55,25.0,2.1,022 km N 44° E of Lingig (Surigao Del Sur),Ms,TECTONIC
242,2024-08-26 01:31:28+00:00,18.44,120.94,23.0,2.3,004 km S 59° E of Adams (Ilocos Norte),Ms,TECTONIC
243,2024-08-26 01:27:57+00:00,6.77,124.92,4.0,2.4,006 km N 70° E of Datu Paglas (Maguindanao Del Sur),Ms,TECTONIC
244,2024-08-26 01:18:24+00:00,8.36,125.89,17.0,2.3,012 km N 46° E of La Paz (Agusan Del Sur),Ms,TECTONIC
245,2024-08-26 00:51:43+00:00,6.78,125.04,3.0,2.5,013 km N 76° W of Magsaysay (Davao Del Sur),Ms,TECTONIC
246,2024-08-26 00:45:27+00:00,9.27,122.55,44.0,2.1,018 km S 32° W of Basay (Negros Oriental),Ms,TECTONIC
247,2024-08-25 22:43:24+00:00,6.58,125.29,10.0,2.9,006 km S 37° E of Kiblawan (Davao Del Sur),Ms,TECTONIC
248,2024-08-25 22:42:27+00:00,16.31,122.35,16.0,2.4,017 km S 59° E of Dilasag (Aurora),Ms,TECTONIC
249,2024-08-25 22:42:18+00:00,6.56,125.3,1.0,2.7,008 km S 35° E of Kiblawan (Davao Del Sur),Ms,TECTONIC
250,2024-08-25 22:41:58+00:00,6.62,125.26,11.0,2.6,000 km S 45° E of Kiblawan (Davao Del Sur),Ms,TECTONIC
251,2024-08-25 22:18:50+00:00,11.75,125.21,24.0,3.0,016 km N 70° E of Hinabangan (Samar),Ms,TECTONIC
252,2024-08-25 21:32:54+00:00,11.17,125.52,23.0,2.1,009 km S 15° W of General Macarthur (Eastern Samar),Ms,TECTONIC
253,2024-08-25 21:28:08+00:00,7.33,126.23,3.0,2.8,012 km N 84° E of Maragusan (Davao De Oro),Ms,TECTONIC
254,2024-08-25 20:27:27+00:00,12.2,125.08,32.0,2.3,017 km S 17° E of Las Navas (Northern Samar),Ms,TECTONIC
255,2024-08-25 20:14:27+00:00,10.5,126.36,5.0,2.5,062 km N 31° E of Burgos (Surigao Del Norte),Ms,TECTONIC
256,2024-08-25 20:06:51+00:00,7.8,125.97,32.0,2.6,010 km S 76° W of Monkayo (Davao De Oro),Ms,TECTONIC
257,2024-08-25 19:38:43+00:00,19.14,120.93,58.0,1.6,029 km N 82° W of Dalupiri Island (Calayan) (Cagayan),Ms,TECTONIC
258,2024-08-25 19:31:00+00:00,16.4,122.46,1.0,2.3,026 km S 56° E of Dinapigue (Isabela),Ms,TECTONIC
259,2024-08-25 19:06:05+00:00,8.06,126.6,15.0,2.3,021 km N 85° E of Lingig (Surigao Del Sur),Ms,TECTONIC
260,2024-08-25 19:02:36+00:00,14.1,120.34,33.0,1.9,032 km N 85° W of Nasugbu (Batangas),Ms,TECTONIC
261,2024-08-25 18:54:43+00:00,14.62,119.55,18.0,2.6,068 km S 57° W of San Antonio (Zambales),Ms,TECTONIC
262,2024-08-25 18:30:07+00:00,13.41,120.76,9.0,1.5,006 km S 41° E of Abra De Ilog (Occidental Mindoro),Ms,TECTONIC
263,2024-08-25 18:22:09+00:00,8.36,126.42,14.0,3.2,010 km S 86° E of Hinatuan (Surigao Del Sur),Ms,TECTONIC
264,2024-08-25 18:08:25+00:00,17.7,120.77,26.0,1.5,006 km S 66° W of Tineg (Abra),Ms,TECTONIC
265,2024-08-25 18:00:42+00:00,9.67,122.34,18.0,2.3,015 km S 44° W of City Of Sipalay (Negros Occidental),Ms,TECTONIC
266,2024-08-25 17:56:23+00:00,9.47,125.9,2.0,2.4,013 km N 23° W of Carrascal (Surigao Del Sur),Ms,TECTONIC
267,2024-08-25 17:31:10+00:00,13.14,124.21,2.0,2.3,010 km S 61° E of Rapu-rapu (Albay),Ms,TECTONIC
268,2024-08-25 17:26:56+00:00,16.87,120.49,3.0,1.6,004 km N 40° W of Sugpon (Ilocos Sur),Ms,TECTONIC
269,2024-08-25 17:25:10+00:00,17.89,120.53,25.0,2.2,007 km S 55° E of Badoc (Ilocos Norte),Ms,TECTONIC
270,2024-08-25 15:31:00+00:00,8.95,126.56,26.0,2.4,028 km N 82° E of Cagwait (Surigao Del Sur),Ms,TECTONIC
271,2024-08-25 15:20:45+00:00,17.55,122.4,44.0,3.0,025 km N 43° E of Maconacon (Isabela),Ms,TECTONIC
272,2024-08-25 14:14:42+00:00,16.36,121.31,1.0,2.6,005 km N 26° E of Kasibu (Nueva Vizcaya),Ms,TECTONIC
273,2024-08-25 13:36:58+00:00,8.73,126.8,6.0,2.7,056 km S 82° E of Marihatag (Surigao Del Sur),Ms,TECTONIC
274,2024-08-25 13:32:18+00:00,5.91,127.25,24.0,2.6,154 km S 58° E of Governor Generoso (Davao Oriental),Ms,TECTONIC
275,2024-08-25 13:25:22+00:00,16.18,120.56,20.0,1.9,010 km S 51° E of Rosario (La Union),Ms,TECTONIC
276,2024-08-25 13:14:27+00:00,8.15,126.56,33.0,2.3,021 km N 53° E of Lingig (Surigao Del Sur),Ms,TECTONIC
277,2024-08-25 12:49:33+00:00,12.31,123.85,8.0,2.5,012 km N 39° E of Uson (Masbate),Ms,TECTONIC
278,2024-08-25 11:50:36+00:00,6.07,127.22,35.0,2.4,138 km S 38° E of Tarragona (Davao Oriental),Ms,TECTONIC
279,2024-08-25 11:38:52+00:00,5.88,126.4,116.0,2.6,084 km S 87° E of Jose Abad Santos (Davao Occidental),Ms,TECTONIC
280,2024-08-25 11:32:54+00:00,16.57,120.64,7.0,3.2,004 km S 85° E of Kapangan (Benguet),Ms,TECTONIC
281,2024-08-25 11:13:06+00:00,8.77,126.52,32.0,2.4,025 km S 81° E of Marihatag (Surigao Del Sur),Ms,TECTONIC
282,2024-08-25 11:10:49+00:00,18.57,120.83,24.0,1.9,004 km N 72° E of Pagudpud (Ilocos Norte),Ms,TECTONIC
283,2024-08-25 09:59:39+00:00,8.14,126.71,18.0,1.4,035 km N 71° E of Lingig (Surigao Del Sur),Ms,TECTONIC
284,2024-08-25 09:11:01+00:00,8.2,126.83,25.0,2.0,050 km N 69° E of Lingig (Surigao Del Sur),Ms,TECTONIC
285,2024-08-25 08:38:52+00:00,6.42,125.77,192.0,2.4,017 km N 87° E of Malita (Davao Occidental),Ms,TECTONIC
286,2024-08-25 06:54:39+00:00,12.0,125.68,12.0,2.8,022 km S 79° E of Dolores (Eastern Samar),Ms,TECTONIC
287,2024-08-25 06:49:59+00:00,7.92,126.78,18.0,2.3,042 km S 72° E of Lingig (Surigao Del Sur),Ms,TECTONIC
288,2024-08-25 05:59:36+00:00,7.81,127.09,8.0,3.0,064 km N 66° E of Baganga (Davao Oriental),Ms,TECTONIC
289,2024-08-25 04:34:28+00:00,9.26,122.38,17.0,1.8,033 km S 61° W of Basay (Negros Oriental),Ms,TECTONIC
290,2024-08-25 03:45:58+00:00,8.12,126.33,163.0,2.6,011 km S 06° E of City Of Bislig (Surigao Del Sur),Ms,TECTONIC
291,2024-08-25 02:54:44+00:00,12.87,124.57,21.0,2.0,031 km N 48° E of Biri (Northern Samar),Ms,TECTONIC
292,2024-08-25 02:39:27+00:00,7.85,126.8,12.0,1.5,050 km N 49° E of Baganga (Davao Oriental),Ms,TECTONIC
293,2024-08-25 02:22:34+00:00,13.21,124.04,21.0,2.5,010 km N 75° W of Rapu-rapu (Albay),Ms,TECTONIC
294,2024-08-25 02:20:23+00:00,18.01,121.02,12.0,1.9,017 km S 85° W of Kabugao (Apayao),Ms,TECTONIC
295,2024-08-25 02:05:37+00:00,13.2,124.12,33.0,2.6,002 km N 24° W of Rapu-rapu (Albay),Ms,TECTONIC
296,2024-08-25 00:14:43+00:00,6.43,126.03,15.0,2.9,025 km S 11° W of Governor Generoso (Davao Oriental),Ms,TECTONIC
297,2024-08-24 21:58:21+00:00,8.24,125.96,11.0,3.2,007 km N 30° W of Bunawan (Agusan Del Sur),Ms,TECTONIC
298,2024-08-24 21:26:34+00:00,13.66,120.52,96.0,3.0,022 km S 32° W of Calatagan (Batangas),Ms,TECTONIC
299,2024-08-24 20:38:05+00:00,12.13,123.94,10.0,2.5,002 km S 47° E of Palanas (Masbate),Ms,TECTONIC
300,2024-08-24 20:28:47+00:00,16.04,121.54,35.0,1.8,021 km N 02° E of Dipaculao (Aurora),Ms,TECTONIC
301,2024-08-24 20:16:30+00:00,12.9,124.83,45.0,3.6,039 km N 15° W of Pambujan (Northern Samar),Ms,TECTONIC
302,2024-08-24 19:58:18+00:00,16.0,123.08,23.0,3.5,102 km S 65° E of Dilasag (Aurora),Ms,TECTONIC
303,2024-08-24 19:47:26+00:00,7.94,125.93,33.0,2.2,019 km N 48° W of Monkayo (Davao De Oro),Ms,TECTONIC
304,2024-08-24 19:39:10+00:00,8.75,126.56,29.0,2.1,030 km S 79° E of Marihatag (Surigao Del Sur),Ms,TECTONIC
305,2024-08-24 19:36:22+00:00,9.5,122.31,8.0,2.9,020 km S 57° W of Hinoba-an (Negros Occidental),Ms,TECTONIC
306,2024-08-24 19:34:22+00:00,8.22,126.53,25.0,3.1,024 km N 33° E of Lingig (Surigao Del Sur),Ms,TECTONIC
307,2024-08-24 19:22:38+00:00,5.15,126.92,8.0,2.9,164 km S 59° E of Jose Abad Santos (Davao Occidental),Ms,TECTONIC
308,2024-08-24 19:05:45+00:00,7.95,126.66,5.0,1.4,028 km S 70° E of Lingig (Surigao Del Sur),Ms,TECTONIC
309,2024-08-24 18:37:40+00:00,8.04,127.2,15.0,2.4,087 km S 90° E of Lingig (Surigao Del Sur),Ms,TECTONIC
310,2024-08-24 18:33:22+00:00,10.28,121.97,8.0,3.3,017 km S 17° E of Anini-y (Antique),Ms,TECTONIC
311,2024-08-24 17:31:44+00:00,8.28,126.73,11.0,3.1,044 km N 52° E of Lingig (Surigao Del Sur),Ms,TECTONIC
312,2024-08-24 17:13:44+00:00,8.25,126.51,24.0,1.6,021 km N 79° E of City Of Bislig (Surigao Del Sur),Ms,TECTONIC
313,2024-08-24 17:13:29+00:00,8.12,126.74,26.0,1.6,037 km N 75° E of Lingig (Surigao Del Sur),Ms,TECTONIC
314,2024-08-24 16:58:15+00:00,11.26,124.62,1.0,2.0,005 km S 34° W of Capoocan (Leyte),Ms,TECTONIC
315,2024-08-24 16:58:13+00:00,18.11,120.38,32.0,1.5,015 km N 48° W of Currimao (Ilocos Norte),Ms,TECTONIC
316,2024-08-24 16:17:58+00:00,18.0,120.2,63.0,1.6,030 km S 87° W of Currimao (Ilocos Norte),Ms,TECTONIC
317,2024-08-24 16:08:24+00:00,12.9,124.83,12.0,3.5,039 km N 16° W of Pambujan (Northern Samar),Ms,TECTONIC
318,2024-08-24 15:52:07+00:00,14.97,119.02,2.0,3.1,108 km S 61° W of Palauig (Zambales),Ms,TECTONIC
319,2024-08-24 15:49:20+00:00,8.11,126.93,10.0,1.9,058 km N 82° E of Lingig (Surigao Del Sur),Ms,TECTONIC
320,2024-08-24 14:38:58+00:00,12.82,124.7,30.0,2.3,034 km N 10° W of Mondragon (Northern Samar),Ms,TECTONIC
321,2024-08-24 14:21:40+00:00,12.78,124.7,43.0,1.6,030 km N 12° W of Mondragon (Northern Samar),Ms,TECTONIC
322,2024-08-24 14:19:47+00:00,10.61,124.61,35.0,1.2,016 km S 77° E of Tudela (Cebu),Ms,TECTONIC
323,2024-08-24 14:02:44+00:00,11.82,125.01,27.0,2.0,005 km N 24° E of Motiong (Samar),Ms,TECTONIC
324,2024-08-24 13:28:38+00:00,12.77,124.49,24.0,2.2,017 km N 56° E of Biri (Northern Samar),Ms,TECTONIC
325,2024-08-24 13:23:47+00:00,14.06,120.24,28.0,2.3,026 km N 30° E of Lubang (Occidental Mindoro),Ms,TECTONIC
326,2024-08-24 13:07:26+00:00,12.25,124.38,13.0,2.2,016 km S 20° E of San Isidro (Northern Samar),Ms,TECTONIC
327,2024-08-24 13:02:37+00:00,18.47,120.98,1.0,2.5,008 km N 80° E of Adams (Ilocos Norte),Ms,TECTONIC
328,2024-08-24 12:39:55+00:00,8.17,126.82,11.0,2.0,047 km N 72° E of Lingig (Surigao Del Sur),Ms,TECTONIC
329,2024-08-24 12:00:38+00:00,7.97,126.22,1.0,1.8,019 km S 66° E of Trento (Agusan Del Sur),Ms,TECTONIC
330,2024-08-24 11:54:06+00:00,8.92,126.61,1.0,2.2,034 km N 89° E of Cagwait (Surigao Del Sur),Ms,TECTONIC
331,2024-08-24 11:42:00+00:00,6.8,123.67,17.0,2.2,048 km N 68° W of Lebak (Sultan Kudarat),Ms,TECTONIC
332,2024-08-24 09:32:45+00:00,8.05,126.93,6.0,1.8,057 km N 89° E of Lingig (Surigao Del Sur),Ms,TECTONIC
333,2024-08-24 06:28:01+00:00,12.94,124.73,10.0,2.5,047 km N 31° W of Pambujan (Northern Samar),Ms,TECTONIC
334,2024-08-24 05:47:53+00:00,7.92,127.01,19.0,2.8,062 km N 52° E of Baganga (Davao Oriental),Ms,TECTONIC
335,2024-08-24 04:21:05+00:00,18.09,121.23,22.0,1.7,009 km N 33° E of Kabugao (Apayao),Ms,TECTONIC
336,2024-08-24 00:52:14+00:00,8.89,126.84,7.0,2.1,059 km S 86° E of Cagwait (Surigao Del Sur),Ms,TECTONIC
337,2024-08-24 00:38:21+00:00,7.91,127.11,4.0,2.7,078 km S 80° E of Lingig (Surigao Del Sur),Ms,TECTONIC
338,2024-08-24 00:35:18+00:00,12.81,124.85,36.0,2.9,029 km N 16° W of Pambujan (Northern Samar),Ms,TECTONIC
339,2024-08-24 00:08:54+00:00,8.73,126.73,6.0,2.5,048 km S 81° E of Marihatag (Surigao Del Sur),Ms,TECTONIC
340,2024-08-24 00:07:29+00:00,13.07,124.19,32.0,1.6,003 km N 02° W of Prieto Diaz (Sorsogon),Ms,TECTONIC
341,2024-08-23 21:40:41+00:00,8.67,125.64,30.0,2.4,008 km S 30° E of Las Nieves (Agusan Del Norte),Ms,TECTONIC
342,2024-08-23 21:39:30+00:00,8.19,126.98,1.0,1.7,065 km N 75° E of Lingig (Surigao Del Sur),Ms,TECTONIC
343,2024-08-23 20:36:43+00:00,13.64,120.79,15.0,1.8,009 km S 79° W of Tingloy (Batangas),Ms,TECTONIC
344,2024-08-23 20:33:16+00:00,10.35,125.18,1.0,2.1,005 km S 28° W of Hinunangan (Southern Leyte),Ms,TECTONIC
345,2024-08-23 20:06:03+00:00,8.48,126.3,22.0,1.7,014 km N 17° W of Hinatuan (Surigao Del Sur),Ms,TECTONIC
346,2024-08-23 20:02:35+00:00,17.53,122.41,41.0,2.2,024 km N 49° E of Maconacon (Isabela),Ms,TECTONIC
347,2024-08-23 19:50:21+00:00,7.93,126.49,21.0,2.0,014 km N 62° E of Boston (Davao Oriental),Ms,TECTONIC
348,2024-08-23 19:47:48+00:00,7.95,127.08,9.0,1.6,075 km S 82° E of Lingig (Surigao Del Sur),Ms,TECTONIC
349,2024-08-23 19:44:25+00:00,7.14,125.49,6.0,1.8,026 km S 53° W of City Of Panabo (Davao Del Norte),Ms,TECTONIC
350,2024-08-23 19:44:23+00:00,17.38,120.36,20.0,1.8,011 km N 59° W of San Esteban (Ilocos Sur),Ms,TECTONIC
351,2024-08-23 19:26:44+00:00,9.3,123.18,6.0,2.1,008 km N 74° W of Valencia (Negros Oriental),Ms,TECTONIC
352,2024-08-23 19:19:08+00:00,5.74,126.22,102.0,2.8,067 km S 74° E of Jose Abad Santos (Davao Occidental),Ms,TECTONIC
353,2024-08-23 19:13:35+00:00,7.93,126.31,3.0,1.6,016 km S 46° W of Lingig (Surigao Del Sur),Ms,TECTONIC
354,2024-08-23 19:10:24+00:00,8.76,126.72,15.0,2.7,046 km S 85° E of Marihatag (Surigao Del Sur),Ms,TECTONIC
355,2024-08-23 18:55:10+00:00,12.36,120.85,12.0,2.4,016 km S 49° W of Rizal (Occidental Mindoro),Ms,TECTONIC
356,2024-08-23 18:46:08+00:00,6.03,127.07,99.0,2.8,130 km S 58° E of Governor Generoso (Davao Oriental),Ms,TECTONIC
357,2024-08-23 18:44:44+00:00,7.62,126.11,7.0,2.1,006 km S 23° E of Compostela (Davao De Oro),Ms,TECTONIC
358,2024-08-23 18:31:34+00:00,6.47,127.51,105.0,1.9,133 km S 61° E of Tarragona (Davao Oriental),Ms,TECTONIC
359,2024-08-23 18:30:21+00:00,7.92,127.21,16.0,1.6,089 km S 81° E of Lingig (Surigao Del Sur),Ms,TECTONIC
360,2024-08-23 18:21:35+00:00,8.15,126.8,18.0,2.5,045 km N 74° E of Lingig (Surigao Del Sur),Ms,TECTONIC
361,2024-08-23 18:19:44+00:00,6.35,126.81,33.0,2.2,087 km S 27° E of Tarragona (Davao Oriental),Ms,TECTONIC
362,2024-08-23 18:18:32+00:00,8.57,125.29,47.0,2.1,039 km S 62° W of Las Nieves (Agusan Del Norte),Ms,TECTONIC
363,2024-08-23 18:15:39+00:00,5.3,126.81,46.0,3.3,146 km S 62° E of Jose Abad Santos (Davao Occidental),Ms,TECTONIC
364,2024-08-23 17:53:07+00:00,5.76,126.17,132.0,2.9,060 km S 73° E of Jose Abad Santos (Davao Occidental),Ms,TECTONIC
365,2024-08-23 16:55:45+00:00,8.09,126.81,23.0,2.5,044 km N 82° E of Lingig (Surigao Del Sur),Ms,TECTONIC
366,2024-08-23 16:33:41+00:00,7.91,127.08,5.0,2.7,068 km N 58° E of Baganga (Davao Oriental),Ms,TECTONIC
367,2024-08-23 16:33:47+00:00,7.91,126.28,32.0,2.0,012 km N 69° W of Boston (Davao Oriental),Ms,TECTONIC
368,2024-08-23 16:17:14+00:00,3.05,128.03,150.0,4.3,390 km S 48° E of Balut Island (Municipality Of Sarangani) (Davao Occidental),Ms,TECTONIC
369,2024-08-23 16:16:48+00:00,5.61,126.27,21.0,2.4,077 km S 64° E of Jose Abad Santos (Davao Occidental),Ms,TECTONIC
370,2024-08-23 16:14:12+00:00,6.19,127.59,88.0,2.3,158 km S 53° E of Tarragona (Davao Oriental),Ms,TECTONIC
371,2024-08-23 16:08:44+00:00,8.05,127.01,10.0,2.0,066 km N 89° E of Lingig (Surigao Del Sur),Ms,TECTONIC
372,2024-08-23 15:11:15+00:00,20.19,121.74,7.0,2.0,067 km S 09° W of Itbayat (Batanes),Ms,TECTONIC
373,2024-08-23 15:04:37+00:00,15.68,119.69,23.0,2.2,025 km S 70° W of Santa Cruz (Zambales),Ms,TECTONIC
374,2024-08-23 15:04:30+00:00,7.76,127.29,1.0,3.1,083 km N 76° E of Baganga (Davao Oriental),Ms,TECTONIC
375,2024-08-23 14:53:14+00:00,9.59,126.44,15.0,3.5,038 km S 56° E of General Luna (Surigao Del Norte),Ms,TECTONIC
376,2024-08-23 14:28:49+00:00,18.15,120.27,10.0,2.2,027 km N 59° W of Currimao (Ilocos Norte),Ms,TECTONIC
377,2024-08-23 14:06:34+00:00,8.06,127.21,2.0,3.4,088 km N 89° E of Lingig (Surigao Del Sur),Ms,TECTONIC
378,2024-08-23 13:54:52+00:00,7.96,126.43,26.0,2.3,009 km S 12° E of Lingig (Surigao Del Sur),Ms,TECTONIC
379,2024-08-23 13:54:40+00:00,12.77,124.8,40.0,2.2,027 km N 31° W of Pambujan (Northern Samar),Ms,TECTONIC
380,2024-08-23 13:43:31+00:00,9.97,123.21,20.0,2.0,007 km N 37° E of Tayasan (Negros Oriental),Ms,TECTONIC
381,2024-08-23 13:38:20+00:00,8.63,126.71,19.0,2.2,049 km S 67° E of Marihatag (Surigao Del Sur),Ms,TECTONIC
382,2024-08-23 13:35:01+00:00,4.47,125.92,142.0,2.6,119 km S 28° E of Balut Island (Municipality Of Sarangani) (Davao Occidental),Ms,TECTONIC
383,2024-08-23 12:48:41+00:00,15.48,120.6,11.0,3.8,001 km S 77° E of City Of Tarlac (Tarlac),Ms,TECTONIC
384,2024-08-23 12:38:28+00:00,7.43,124.88,7.0,2.0,010 km S 47° W of Damulog (Bukidnon),Ms,TECTONIC
385,2024-08-23 12:16:58+00:00,9.4,126.22,32.0,1.9,014 km N 14° E of Cortes (Surigao Del Sur),Ms,TECTONIC
386,2024-08-23 11:42:19+00:00,8.06,126.76,20.0,1.9,039 km N 87° E of Lingig (Surigao Del Sur),Ms,TECTONIC
387,2024-08-23 11:31:13+00:00,9.14,126.67,27.0,3.3,046 km N 66° E of Bayabas (Surigao Del Sur),Ms,TECTONIC
388,2024-08-23 11:12:33+00:00,7.39,126.96,53.0,2.1,044 km N 81° E of Caraga (Davao Oriental),Ms,TECTONIC
389,2024-08-23 10:31:17+00:00,16.8,121.07,29.0,2.0,003 km N 25° W of Kiangan (Ifugao),Ms,TECTONIC
390,2024-08-23 09:45:42+00:00,7.77,127.16,13.0,2.7,069 km N 72° E of Baganga (Davao Oriental),Ms,TECTONIC
391,2024-08-23 09:35:39+00:00,7.84,126.87,12.0,1.6,055 km S 66° E of Lingig (Surigao Del Sur),Ms,TECTONIC
392,2024-08-23 09:10:41+00:00,8.73,126.49,33.0,1.7,022 km S 71° E of Marihatag (Surigao Del Sur),Ms,TECTONIC
393,2024-08-23 08:32:27+00:00,8.08,126.98,9.0,3.8,062 km N 85° E of Lingig (Surigao Del Sur),Ms,TECTONIC
394,2024-08-23 07:54:11+00:00,12.96,122.5,12.0,3.7,043 km S 03° W of San Francisco (Quezon),Ms,TECTONIC
395,2024-08-23 07:30:54+00:00,7.28,125.6,52.0,1.7,008 km S 85° W of City Of Panabo (Davao Del Norte),Ms,TECTONIC
396,2024-08-23 06:57:52+00:00,8.09,127.07,14.0,3.1,073 km N 85° E of Lingig (Surigao Del Sur),Ms,TECTONIC
397,2024-08-23 06:20:44+00:00,12.81,124.8,44.0,4.2,030 km N 27° W of Pambujan (Northern Samar),Mw,TECTONIC
398,2024-08-23 06:18:21+00:00,8.42,127.17,3.0,2.0,092 km N 86° E of Hinatuan (Surigao Del Sur),Ms,TECTONIC
399,2024-08-23 04:41:29+00:00,6.73,125.17,14.0,2.9,003 km S 27° E of Magsaysay (Davao Del Sur),Ms,TECTONIC
400,2024-08-23 04:40:31+00:00,10.22,126.43,7.0,3.3,045 km N 60° E of Burgos (Surigao Del Norte),Ms,TECTONIC
401,2024-08-23 04:24:57+00:00,10.3,126.58,3.0,3.7,063 km N 60° E of Burgos (Surigao Del Norte),Ms,TECTONIC
402,2024-08-23 03:55:57+00:00,8.07,126.78,7.0,2.4,040 km N 86° E of Lingig (Surigao Del Sur),Ms,TECTONIC
403,2024-08-23 03:17:59+00:00,10.37,126.69,15.0,2.2,078 km N 60° E of Burgos (Surigao Del Norte),Ms,TECTONIC
404,2024-08-23 03:16:28+00:00,10.21,126.58,21.0,2.9,059 km N 69° E of Burgos (Surigao Del Norte),Ms,TECTONIC
405,2024-08-23 03:14:42+00:00,10.3,126.6,2.0,3.3,065 km N 62° E of Burgos (Surigao Del Norte),Ms,TECTONIC
406,2024-08-23 03:09:03+00:00,5.02,125.5,125.0,2.6,044 km S 11° E of Balut Island (Municipality Of Sarangani) (Davao Occidental),Ms,TECTONIC
407,2024-08-23 02:38:22+00:00,7.61,126.11,3.0,2.7,007 km S 20° E of Compostela (Davao De Oro),Ms,TECTONIC
408,2024-08-23 01:36:45+00:00,7.9,126.96,12.0,2.2,057 km N 50° E of Baganga (Davao Oriental),Ms,TECTONIC
409,2024-08-23 00:06:56+00:00,13.93,120.46,100.0,2.3,021 km N 60° W of Calatagan (Batangas),Ms,TECTONIC
410,2024-08-23 00:01:05+00:00,15.46,119.94,30.0,2.3,005 km N 52° E of Palauig (Zambales),Ms,TECTONIC
411,2024-08-22 23:28:22+00:00,5.95,126.58,28.0,2.8,096 km S 36° E of Governor Generoso (Davao Oriental),Ms,TECTONIC
412,2024-08-22 21:50:42+00:00,19.95,121.31,11.0,3.8,073 km S 54° W of Sabtang (Batanes),Ms,TECTONIC
413,2024-08-22 21:37:06+00:00,19.8,121.48,18.0,3.0,059 km N 01° E of Calayan (Cagayan),Ms,TECTONIC
414,2024-08-22 20:23:28+00:00,12.8,120.01,30.0,2.0,079 km S 53° W of Mamburao (Occidental Mindoro),Ms,TECTONIC
415,2024-08-22 20:22:45+00:00,8.16,127.02,7.0,2.5,069 km N 79° E of Lingig (Surigao Del Sur),Ms,TECTONIC
416,2024-08-22 20:21:51+00:00,8.03,127.01,10.0,1.7,066 km S 89° E of Lingig (Surigao Del Sur),Ms,TECTONIC
417,2024-08-22 20:19:50+00:00,12.51,123.63,4.0,1.8,013 km S 57° W of San Jacinto (Masbate),Ms,TECTONIC
418,2024-08-22 19:20:00+00:00,10.33,125.17,1.0,3.5,010 km S 78° W of Hinundayan (Southern Leyte),Ms,TECTONIC
419,2024-08-22 19:00:07+00:00,18.91,120.84,31.0,2.4,039 km N 08° E of Pagudpud (Ilocos Norte),Ms,TECTONIC
420,2024-08-22 18:25:25+00:00,8.73,127.04,1.0,4.2,082 km S 84° E of Marihatag (Surigao Del Sur),Ms,TECTONIC
421,2024-08-22 18:15:46+00:00,7.67,126.01,32.0,2.0,004 km S 28° E of Montevista (Davao De Oro),Ms,TECTONIC
422,2024-08-22 17:21:14+00:00,6.06,126.83,121.0,4.9,106 km S 52° E of Governor Generoso (Davao Oriental),Mw,TECTONIC
423,2024-08-22 16:55:46+00:00,10.45,123.11,,2.4,031 km S 72° E of City Of Bago (Negros Occidental),Ml,VOLCANO-TECTONIC
424,2024-08-22 16:01:34+00:00,11.71,125.66,12.0,2.0,023 km S 79° E of San Julian (Eastern Samar),Ms,TECTONIC
425,2024-08-22 15:46:26+00:00,12.96,121.32,1.0,2.2,014 km S 43° W of Socorro (Oriental Mindoro),Ms,TECTONIC
426,2024-08-22 15:23:43+00:00,9.24,125.81,84.0,2.6,017 km S 81° W of Madrid (Surigao Del Sur),Ms,TECTONIC
427,2024-08-22 15:05:52+00:00,11.82,124.2,5.0,2.7,014 km S 43° W of Almagro (Samar),Ms,TECTONIC
428,2024-08-22 15:01:09+00:00,7.61,125.83,11.0,2.6,003 km N 02° E of New Corella (Davao Del Norte),Ms,TECTONIC
429,2024-08-22 14:23:33+00:00,8.09,126.98,13.0,2.6,062 km N 85° E of Lingig (Surigao Del Sur),Ms,TECTONIC
430,2024-08-22 13:13:47+00:00,8.11,126.86,12.0,2.2,050 km N 81° E of Lingig (Surigao Del Sur),Ms,TECTONIC
431,2024-08-22 12:04:53+00:00,12.57,124.39,114.0,4.7,006 km N 37° W of Rosario (Northern Samar),Ms,TECTONIC
432,2024-08-22 11:56:57+00:00,7.95,126.65,2.0,2.3,028 km S 68° E of Lingig (Surigao Del Sur),Ms,TECTONIC
433,2024-08-22 11:50:19+00:00,7.96,127.08,13.0,2.8,071 km N 53° E of Baganga (Davao Oriental),Ms,TECTONIC
434,2024-08-22 10:03:47+00:00,11.83,125.39,19.0,2.4,008 km N 78° W of Sulat (Eastern Samar),Ms,TECTONIC
435,2024-08-22 09:56:07+00:00,5.32,126.25,50.0,3.1,088 km S 79° E of Sarangani Island (Municipality Of Sarangani) (Davao Occidental),Ms,TECTONIC
436,2024-08-22 09:49:47+00:00,8.18,127.03,12.0,2.9,070 km N 77° E of Lingig (Surigao Del Sur),Ms,TECTONIC
437,2024-08-22 08:12:59+00:00,10.18,125.6,105.0,2.7,013 km N 01° E of Basilisa (Dinagat Islands),Ms,TECTONIC
438,2024-08-22 07:59:50+00:00,7.11,123.72,30.0,1.7,033 km N 82° W of Datu Blah T. Sinsuat (Maguindanao Del Norte),Ms,TECTONIC
439,2024-08-22 06:05:29+00:00,8.27,126.83,13.0,2.7,053 km N 61° E of Lingig (Surigao Del Sur),Ms,TECTONIC
440,2024-08-22 04:00:01+00:00,8.05,126.79,7.0,3.5,041 km N 88° E of Lingig (Surigao Del Sur),Ms,TECTONIC
441,2024-08-22 03:45:11+00:00,4.36,127.03,182.0,3.0,212 km S 54° E of Sarangani Island (Municipality Of Sarangani) (Davao Occidental),Ms,TECTONIC
442,2024-08-22 03:33:28+00:00,11.53,124.4,8.0,3.2,003 km S 07° W of Naval (Biliran),Ms,TECTONIC
443,2024-08-22 03:13:16+00:00,6.41,125.98,25.0,2.6,028 km S 21° W of Governor Generoso (Davao Oriental),Ms,TECTONIC
444,2024-08-22 02:50:19+00:00,13.66,120.64,105.0,1.6,019 km S 03° E of Calatagan (Batangas),Ms,TECTONIC
445,2024-08-22 01:57:43+00:00,8.15,126.73,25.0,2.4,037 km N 70° E of Lingig (Surigao Del Sur),Ms,TECTONIC
446,2024-08-22 01:56:58+00:00,7.93,126.96,9.0,1.5,062 km S 79° E of Lingig (Surigao Del Sur),Ms,TECTONIC
447,2024-08-22 01:24:18+00:00,9.24,126.19,22.0,2.2,004 km S 05° W of Cortes (Surigao Del Sur),Ms,TECTONIC
448,2024-08-22 01:01:31+00:00,8.55,126.61,29.0,2.2,036 km N 56° E of Hinatuan (Surigao Del Sur),Ms,TECTONIC
449,2024-08-22 00:15:46+00:00,9.01,126.33,4.0,3.1,007 km N 52° E of Bayabas (Surigao Del Sur),Ms,TECTONIC
450,2024-08-21 23:22:41+00:00,9.93,126.14,18.0,2.5,006 km S 82° E of San Isidro (Surigao Del Norte),Ms,TECTONIC
451,2024-08-21 23:16:18+00:00,7.97,126.51,5.0,2.5,013 km S 53° E of Lingig (Surigao Del Sur),Ms,TECTONIC
452,2024-08-21 20:41:21+00:00,17.66,121.29,33.0,1.7,016 km S 11° W of Conner (Apayao),Ms,TECTONIC
453,2024-08-21 20:19:03+00:00,8.37,127.28,7.0,3.0,104 km N 90° E of Hinatuan (Surigao Del Sur),Ms,TECTONIC
454,2024-08-21 20:09:57+00:00,21.25,123.7,33.0,3.1,200 km N 75° E of Itbayat (Batanes),Ms,TECTONIC
455,2024-08-21 20:01:10+00:00,7.94,126.78,18.0,1.3,042 km S 75° E of Lingig (Surigao Del Sur),Ms,TECTONIC
456,2024-08-21 20:00:15+00:00,8.35,126.66,22.0,1.9,035 km S 87° E of Hinatuan (Surigao Del Sur),Ms,TECTONIC
457,2024-08-21 19:35:42+00:00,7.22,125.64,21.0,2.2,008 km S 30° W of City Of Panabo (Davao Del Norte),Ms,TECTONIC
458,2024-08-21 19:20:49+00:00,10.27,126.55,1.0,2.9,058 km N 62° E of Burgos (Surigao Del Norte),Ms,TECTONIC
459,2024-08-21 19:14:02+00:00,7.87,126.45,33.0,1.5,008 km East of Boston (Davao Oriental),Ms,TECTONIC
460,2024-08-21 18:45:18+00:00,8.38,126.68,32.0,2.0,037 km N 88° E of Hinatuan (Surigao Del Sur),Ms,TECTONIC
461,2024-08-21 18:40:39+00:00,16.43,122.47,9.0,2.2,024 km S 64° E of Dinapigue (Isabela),Ms,TECTONIC
462,2024-08-21 18:37:23+00:00,10.24,126.69,9.0,4.3,072 km N 70° E of Burgos (Surigao Del Norte),Mw,TECTONIC
463,2024-08-21 18:28:26+00:00,8.02,126.81,21.0,2.1,044 km S 87° E of Lingig (Surigao Del Sur),Ms,TECTONIC
464,2024-08-21 18:15:56+00:00,8.03,127.02,2.0,2.4,067 km S 89° E of Lingig (Surigao Del Sur),Ms,TECTONIC
465,2024-08-21 18:07:43+00:00,16.6,119.9,36.0,1.6,024 km N 03° E of Bolinao (Pangasinan),Ms,TECTONIC
466,2024-08-21 18:05:14+00:00,9.89,122.05,6.0,2.6,044 km N 73° W of City Of Sipalay (Negros Occidental),Ms,TECTONIC
467,2024-08-21 18:05:05+00:00,6.89,126.77,151.0,2.4,040 km S 64° E of Tarragona (Davao Oriental),Ms,TECTONIC
468,2024-08-21 17:34:16+00:00,18.56,120.78,21.0,1.9,001 km S 69° W of Pagudpud (Ilocos Norte),Ms,TECTONIC
469,2024-08-21 16:58:15+00:00,6.26,126.95,182.0,3.5,103 km S 33° E of Tarragona (Davao Oriental),Ms,TECTONIC
470,2024-08-21 16:26:45+00:00,8.18,127.0,14.0,1.8,066 km N 77° E of Lingig (Surigao Del Sur),Ms,TECTONIC
471,2024-08-21 16:22:17+00:00,16.0,119.72,39.0,2.4,015 km S 33° W of Agno (Pangasinan),Ms,TECTONIC
472,2024-08-21 15:52:16+00:00,8.57,126.8,8.0,1.7,056 km N 66° E of Hinatuan (Surigao Del Sur),Ms,TECTONIC
473,2024-08-21 15:32:33+00:00,11.44,124.43,5.0,2.1,001 km S 54° E of Calubian (Leyte),Ms,TECTONIC
474,2024-08-21 15:09:03+00:00,17.09,120.54,86.0,2.0,007 km S 03° E of Salcedo (Ilocos Sur),Ms,TECTONIC
475,2024-08-21 14:38:26+00:00,8.57,126.56,24.0,2.1,033 km N 47° E of Hinatuan (Surigao Del Sur),Ms,TECTONIC
476,2024-08-21 14:27:47+00:00,17.45,120.81,19.0,1.4,006 km N 84° W of Bucloc (Abra),Ms,TECTONIC
477,2024-08-21 14:19:23+00:00,6.06,126.52,1.0,2.2,082 km S 37° E of Governor Generoso (Davao Oriental),Ms,TECTONIC
478,2024-08-21 13:27:35+00:00,3.27,122.65,567.0,4.7,320 km S 48° E of South Ubian (Tawi-tawi),Ms,TECTONIC
479,2024-08-21 13:01:57+00:00,8.16,126.92,8.0,1.9,058 km N 76° E of Lingig (Surigao Del Sur),Ms,TECTONIC
480,2024-08-21 12:31:01+00:00,8.85,123.19,9.0,2.7,029 km S 36° E of Siaton (Negros Oriental),Ms,TECTONIC
481,2024-08-21 12:00:31+00:00,15.9,123.19,18.0,2.7,118 km S 62° E of Dilasag (Aurora),Ms,TECTONIC
482,2024-08-21 11:18:03+00:00,8.06,127.21,21.0,2.8,088 km N 88° E of Lingig (Surigao Del Sur),Ms,TECTONIC
483,2024-08-21 11:03:31+00:00,8.14,126.87,2.0,2.8,052 km N 77° E of Lingig (Surigao Del Sur),Ms,TECTONIC
484,2024-08-21 09:09:38+00:00,9.47,125.69,33.0,2.5,012 km N 78° E of Kitcharao (Agusan Del Norte),Ms,TECTONIC
485,2024-08-21 08:46:30+00:00,5.78,125.94,90.0,3.7,036 km S 65° E of Jose Abad Santos (Davao Occidental),Ms,TECTONIC
486,2024-08-21 08:41:07+00:00,8.02,126.36,23.0,2.7,006 km S 66° W of Lingig (Surigao Del Sur),Ms,TECTONIC
487,2024-08-21 07:34:15+00:00,8.27,127.07,13.0,2.9,077 km N 70° E of Lingig (Surigao Del Sur),Ms,TECTONIC
488,2024-08-21 06:08:04+00:00,13.7,120.6,85.0,1.7,015 km S 12° W of Calatagan (Batangas),Ms,TECTONIC
489,2024-08-21 05:53:06+00:00,12.87,124.8,26.0,2.3,036 km N 22° W of Pambujan (Northern Samar),Ms,TECTONIC
490,2024-08-21 04:15:58+00:00,8.17,127.02,8.0,2.7,069 km N 78° E of Lingig (Surigao Del Sur),Ms,TECTONIC
491,2024-08-21 03:41:02+00:00,8.07,126.84,21.0,2.4,047 km N 85° E of Lingig (Surigao Del Sur),Ms,TECTONIC
492,2024-08-21 03:28:18+00:00,8.13,127.24,1.0,4.3,091 km N 84° E of Lingig (Surigao Del Sur),Ms,TECTONIC
493,2024-08-21 02:06:20+00:00,11.32,124.58,1.0,2.6,007 km N 63° W of Capoocan (Leyte),Ms,TECTONIC
494,2024-08-21 01:41:17+00:00,8.1,127.0,6.0,2.2,073 km N 73° E of Lingig (Surigao Del Sur),Ms,TECTONIC
495,2024-08-21 01:34:57+00:00,8.11,126.89,19.0,3.9,053 km N 82° E of Lingig (Surigao Del Sur),Ms,TECTONIC
496,2024-08-21 00:52:59+00:00,9.86,125.77,10.0,1.7,012 km S 57° E of Cagdianao (Dinagat Islands),Ms,TECTONIC
497,2024-08-21 00:15:40+00:00,13.86,124.79,1.0,2.7,044 km N 79° E of Gigmoto (Catanduanes),Ms,TECTONIC
498,2024-08-20 23:25:40+00:00,9.87,122.44,14.0,2.0,011 km N 04° E of City Of Sipalay (Negros Occidental),Ms,TECTONIC
499,2024-08-20 23:17:36+00:00,13.3,121.2,33.0,2.0,009 km S 10° E of City Of Calapan (Oriental Mindoro),Ms,TECTONIC
500,2024-08-20 22:48:44+00:00,13.5,121.21,8.0,3.8,013 km N 15° E of City Of Calapan (Oriental Mindoro),Ms,TECTONIC
501,2024-08-20 21:16:19+00:00,15.28,122.18,25.0,2.0,054 km N 25° E of Burdeos (Quezon),Ms,TECTONIC
502,2024-08-20 20:08:30+00:00,9.51,126.26,48.0,2.2,032 km S 21° E of General Luna (Surigao Del Norte),Ms,TECTONIC
503,2024-08-20 20:03:34+00:00,12.85,124.84,30.0,1.9,033 km N 17° W of Pambujan (Northern Samar),Ms,TECTONIC
504,2024-08-20 19:38:52+00:00,8.08,126.94,12.0,1.6,058 km N 86° E of Lingig (Surigao Del Sur),Ms,TECTONIC
505,2024-08-20 19:32:06+00:00,8.11,126.95,4.0,1.7,060 km N 82° E of Lingig (Surigao Del Sur),Ms,TECTONIC
506,2024-08-20 19:12:30+00:00,8.19,126.36,62.0,1.8,005 km S 63° E of City Of Bislig (Surigao Del Sur),Ms,TECTONIC
507,2024-08-20 19:08:53+00:00,8.2,127.28,1.0,4.0,097 km N 80° E of Lingig (Surigao Del Sur),Ms,TECTONIC
508,2024-08-20 19:06:09+00:00,4.95,126.14,10.0,3.7,094 km S 52° E of Sarangani Island (Municipality Of Sarangani) (Davao Occidental),Ms,TECTONIC
509,2024-08-20 19:03:26+00:00,9.9,122.02,6.0,2.8,048 km N 73° W of City Of Sipalay (Negros Occidental),Ms,TECTONIC
510,2024-08-20 18:45:49+00:00,7.93,126.58,32.0,2.6,022 km S 56° E of Lingig (Surigao Del Sur),Ms,TECTONIC
511,2024-08-20 18:44:44+00:00,7.97,126.77,21.0,2.2,040 km S 79° E of Lingig (Surigao Del Sur),Ms,TECTONIC
512,2024-08-20 18:20:39+00:00,7.86,126.19,6.0,2.9,020 km S 87° W of Boston (Davao Oriental),Ms,TECTONIC
513,2024-08-20 17:21:40+00:00,8.45,126.58,25.0,2.2,028 km N 71° E of Hinatuan (Surigao Del Sur),Ms,TECTONIC
514,2024-08-20 17:07:26+00:00,13.33,121.21,6.0,2.2,006 km S 25° E of City Of Calapan (Oriental Mindoro),Ms,TECTONIC
515,2024-08-20 17:05:43+00:00,8.52,126.52,15.0,1.8,031 km N 59° E of Hinatuan (Surigao Del Sur),Ms,TECTONIC
516,2024-08-20 16:48:04+00:00,8.03,126.12,1.0,1.6,006 km S 85° E of Trento (Agusan Del Sur),Ms,TECTONIC
517,2024-08-20 16:39:48+00:00,8.17,127.06,15.0,2.0,073 km N 78° E of Lingig (Surigao Del Sur),Ms,TECTONIC
518,2024-08-20 16:35:23+00:00,9.31,122.57,23.0,2.1,014 km S 37° W of Basay (Negros Oriental),Ms,TECTONIC
519,2024-08-20 16:16:36+00:00,12.81,124.3,111.0,2.6,015 km N 26° W of Biri (Northern Samar),Ms,TECTONIC
520,2024-08-20 15:28:35+00:00,14.43,122.09,7.0,1.8,005 km N 88° E of Balesin Island (Polillo) (Quezon),Ms,TECTONIC
521,2024-08-20 14:57:18+00:00,12.79,124.81,28.0,2.4,028 km N 27° W of Pambujan (Northern Samar),Ms,TECTONIC
522,2024-08-20 13:40:06+00:00,19.53,120.51,15.0,3.1,087 km N 58° W of Dalupiri Island (Calayan) (Cagayan),Ms,TECTONIC
523,2024-08-20 13:39:54+00:00,8.64,126.55,23.0,2.1,033 km S 57° E of Marihatag (Surigao Del Sur),Ms,TECTONIC
524,2024-08-20 12:25:35+00:00,4.1,126.29,5.0,3.1,174 km S 33° E of Balut Island (Municipality Of Sarangani) (Davao Occidental),Ms,TECTONIC
525,2024-08-20 12:23:33+00:00,9.11,126.64,33.0,2.8,043 km N 61° E of Cagwait (Surigao Del Sur),Ms,TECTONIC
526,2024-08-20 12:02:17+00:00,13.8,120.58,123.0,1.5,006 km S 60° W of Calatagan (Batangas),Ms,TECTONIC
527,2024-08-20 11:51:46+00:00,12.53,123.62,7.0,2.7,013 km S 71° W of San Jacinto (Masbate),Ms,TECTONIC
528,2024-08-20 11:34:16+00:00,8.02,126.53,33.0,1.4,014 km S 82° E of Lingig (Surigao Del Sur),Ms,TECTONIC
529,2024-08-20 11:21:01+00:00,9.97,121.99,7.0,3.5,054 km N 65° W of City Of Sipalay (Negros Occidental),Ms,TECTONIC
530,2024-08-20 10:55:48+00:00,12.53,123.63,9.0,2.4,012 km S 66° W of San Jacinto (Masbate),Ms,TECTONIC
531,2024-08-20 10:00:05+00:00,8.24,126.54,33.0,1.3,025 km N 83° E of City Of Bislig (Surigao Del Sur),Ms,TECTONIC
532,2024-08-20 09:50:40+00:00,8.88,126.53,20.0,4.2,027 km N 70° E of Marihatag (Surigao Del Sur),Ms,TECTONIC
533,2024-08-20 08:31:26+00:00,9.67,124.47,2.0,3.1,014 km S 58° W of Anda (Bohol),Ms,TECTONIC
534,2024-08-20 08:26:24+00:00,9.95,121.97,8.0,2.7,055 km N 69° W of City Of Sipalay (Negros Occidental),Ms,TECTONIC
535,2024-08-20 05:27:05+00:00,8.12,127.07,1.0,2.7,073 km N 83° E of Lingig (Surigao Del Sur),Ms,TECTONIC
536,2024-08-20 05:01:30+00:00,10.31,124.82,1.0,2.0,004 km N 50° E of Matalom (Leyte),Ms,TECTONIC
537,2024-08-20 04:42:19+00:00,9.93,127.14,1.0,3.3,109 km N 81° E of General Luna (Surigao Del Norte),Ms,TECTONIC
538,2024-08-20 04:14:11+00:00,4.85,126.66,10.0,3.2,149 km S 62° E of Sarangani Island (Municipality Of Sarangani) (Davao Occidental),Ms,TECTONIC
539,2024-08-20 04:05:19+00:00,5.39,126.15,113.0,3.0,076 km S 83° E of Sarangani Island (Municipality Of Sarangani) (Davao Occidental),Ms,TECTONIC
540,2024-08-20 03:58:46+00:00,8.13,127.11,12.0,2.9,078 km N 82° E of Lingig (Surigao Del Sur),Ms,TECTONIC
541,2024-08-20 03:51:22+00:00,8.13,127.06,18.0,3.1,073 km N 82° E of Lingig (Surigao Del Sur),Ms,TECTONIC
542,2024-08-20 03:45:52+00:00,8.14,127.34,1.0,4.0,103 km N 84° E of Lingig (Surigao Del Sur),Ms,TECTONIC
543,2024-08-20 03:39:22+00:00,8.15,126.77,17.0,2.6,041 km N 73° E of Lingig (Surigao Del Sur),Ms,TECTONIC
544,2024-08-20 03:28:58+00:00,7.99,127.36,8.0,2.5,099 km N 62° E of Baganga (Davao Oriental),Ms,TECTONIC
545,2024-08-20 03:00:36+00:00,11.6,125.86,5.0,3.8,039 km N 44° E of Hernani (Eastern Samar),Ms,TECTONIC
546,2024-08-20 02:32:16+00:00,14.75,120.16,73.0,2.0,014 km N 54° W of Morong (Bataan),Ms,TECTONIC
547,2024-08-20 02:14:28+00:00,8.15,126.99,22.0,3.0,065 km N 79° E of Lingig (Surigao Del Sur),Ms,TECTONIC
548,2024-08-20 01:53:47+00:00,6.43,126.75,32.0,2.0,076 km S 26° E of Tarragona (Davao Oriental),Ms,TECTONIC
549,2024-08-20 01:40:16+00:00,10.55,126.14,33.0,2.0,051 km S 65° E of Homonhon Island (Guiuan) (Eastern Samar),Ms,TECTONIC
550,2024-08-20 01:17:06+00:00,18.59,120.87,42.0,2.5,013 km N 13° W of Adams (Ilocos Norte),Ms,TECTONIC
551,2024-08-20 00:31:09+00:00,17.63,120.53,8.0,2.8,007 km N 34° W of Langiden (Abra),Ms,TECTONIC
552,2024-08-19 23:57:47+00:00,8.02,127.03,11.0,1.8,068 km S 89° E of Lingig (Surigao Del Sur),Ms,TECTONIC
553,2024-08-19 23:52:18+00:00,8.16,127.08,10.0,2.8,074 km N 80° E of Lingig (Surigao Del Sur),Ms,TECTONIC
554,2024-08-19 23:37:55+00:00,8.16,127.09,15.0,3.2,076 km N 80° E of Lingig (Surigao Del Sur),Ms,TECTONIC
555,2024-08-19 23:32:10+00:00,8.1,127.0,12.0,2.2,065 km N 84° E of Lingig (Surigao Del Sur),Ms,TECTONIC
556,2024-08-19 22:48:58+00:00,8.07,126.15,33.0,1.4,010 km N 70° E of Trento (Agusan Del Sur),Ms,TECTONIC
557,2024-08-19 22:40:00+00:00,8.17,127.0,8.0,3.3,066 km N 78° E of Lingig (Surigao Del Sur),Ms,TECTONIC
558,2024-08-19 22:29:08+00:00,8.11,126.89,8.0,1.9,053 km N 82° E of Lingig (Surigao Del Sur),Ms,TECTONIC
559,2024-08-19 22:04:33+00:00,8.12,127.09,14.0,2.9,075 km N 83° E of Lingig (Surigao Del Sur),Ms,TECTONIC
560,2024-08-19 22:01:40+00:00,8.08,126.86,8.0,2.4,049 km N 85° E of Lingig (Surigao Del Sur),Ms,TECTONIC
561,2024-08-19 22:00:21+00:00,8.09,126.93,8.0,2.2,058 km N 85° E of Lingig (Surigao Del Sur),Ms,TECTONIC
562,2024-08-19 21:59:58+00:00,17.79,120.61,27.0,1.9,013 km N 54° W of Lagayan (Abra),Ms,TECTONIC
563,2024-08-19 21:59:18+00:00,8.14,127.25,1.0,4.3,093 km N 83° E of Lingig (Surigao Del Sur),Ms,TECTONIC
564,2024-08-19 21:57:47+00:00,17.87,120.74,6.0,3.2,010 km S 57° E of Nueva Era (Ilocos Norte),Ms,TECTONIC
565,2024-08-19 21:44:22+00:00,8.13,127.02,10.0,1.9,068 km N 82° E of Lingig (Surigao Del Sur),Ms,TECTONIC
566,2024-08-19 21:30:06+00:00,8.12,126.82,21.0,3.2,046 km N 79° E of Lingig (Surigao Del Sur),Ms,TECTONIC
567,2024-08-19 21:22:26+00:00,10.21,125.75,33.0,1.4,023 km N 46° E of Basilisa (Dinagat Islands),Ms,TECTONIC
568,2024-08-19 21:18:48+00:00,8.0,127.0,9.0,2.2,064 km S 86° E of Lingig (Surigao Del Sur),Ms,TECTONIC
569,2024-08-19 21:17:27+00:00,5.98,126.36,11.0,1.9,077 km S 72° E of Don Marcelino (Davao Occidental),Ms,TECTONIC
570,2024-08-19 21:16:24+00:00,8.12,127.08,19.0,2.0,074 km N 83° E of Lingig (Surigao Del Sur),Ms,TECTONIC
571,2024-08-19 21:15:24+00:00,8.0,126.77,24.0,1.8,040 km S 84° E of Lingig (Surigao Del Sur),Ms,TECTONIC
572,2024-08-19 21:05:26+00:00,8.05,126.95,9.0,1.9,059 km N 89° E of Lingig (Surigao Del Sur),Ms,TECTONIC
573,2024-08-19 21:03:36+00:00,8.16,127.16,1.0,3.1,083 km N 80° E of Lingig (Surigao Del Sur),Ms,TECTONIC
574,2024-08-19 20:58:39+00:00,8.02,126.77,11.0,2.0,040 km S 86° E of Lingig (Surigao Del Sur),Ms,TECTONIC
575,2024-08-19 20:54:10+00:00,8.38,126.84,9.0,1.7,056 km N 89° E of Hinatuan (Surigao Del Sur),Ms,TECTONIC
576,2024-08-19 20:53:45+00:00,8.22,126.73,14.0,1.5,040 km N 60° E of Lingig (Surigao Del Sur),Ms,TECTONIC
577,2024-08-19 20:44:28+00:00,8.05,126.86,7.0,2.3,050 km N 89° E of Lingig (Surigao Del Sur),Ms,TECTONIC
578,2024-08-19 20:42:17+00:00,9.76,126.78,17.0,2.8,069 km S 88° E of General Luna (Surigao Del Norte),Ms,TECTONIC
579,2024-08-19 20:42:02+00:00,8.02,126.76,17.0,1.2,039 km S 86° E of Lingig (Surigao Del Sur),Ms,TECTONIC
580,2024-08-19 20:40:27+00:00,7.92,127.03,5.0,2.2,069 km S 79° E of Lingig (Surigao Del Sur),Ms,TECTONIC
581,2024-08-19 20:37:40+00:00,7.94,126.25,11.0,2.3,021 km S 57° W of Lingig (Surigao Del Sur),Ms,TECTONIC
582,2024-08-19 20:34:39+00:00,12.79,124.74,25.0,1.9,032 km N 40° W of Pambujan (Northern Samar),Ms,TECTONIC
583,2024-08-19 20:30:31+00:00,8.02,127.02,9.0,2.5,067 km S 88° E of Lingig (Surigao Del Sur),Ms,TECTONIC
584,2024-08-19 20:29:44+00:00,8.01,126.77,17.0,1.9,039 km S 85° E of Lingig (Surigao Del Sur),Ms,TECTONIC
585,2024-08-19 20:22:42+00:00,8.16,126.73,1.0,1.5,038 km N 69° E of Lingig (Surigao Del Sur),Ms,TECTONIC
586,2024-08-19 20:16:25+00:00,8.08,126.86,1.0,2.2,049 km N 84° E of Lingig (Surigao Del Sur),Ms,TECTONIC
587,2024-08-19 20:11:56+00:00,8.16,127.1,16.0,4.0,083 km N 81° E of Lingig (Surigao Del Sur),Ms,TECTONIC
588,2024-08-19 20:08:47+00:00,8.07,126.82,10.0,1.5,045 km N 86° E of Lingig (Surigao Del Sur),Ms,TECTONIC
589,2024-08-19 20:06:12+00:00,8.06,127.02,12.0,2.1,067 km N 88° E of Lingig (Surigao Del Sur),Ms,TECTONIC
590,2024-08-19 20:05:01+00:00,8.03,126.81,7.0,2.1,043 km S 88° E of Lingig (Surigao Del Sur),Ms,TECTONIC
591,2024-08-19 20:01:58+00:00,8.09,127.01,11.0,1.8,067 km N 85° E of Lingig (Surigao Del Sur),Ms,TECTONIC
592,2024-08-19 19:59:23+00:00,8.12,127.02,12.0,2.7,067 km N 83° E of Lingig (Surigao Del Sur),Ms,TECTONIC
593,2024-08-19 19:57:29+00:00,7.86,126.93,1.0,2.1,061 km S 71° E of Lingig (Surigao Del Sur),Ms,TECTONIC
594,2024-08-19 19:55:33+00:00,8.11,127.06,7.0,3.2,072 km N 84° E of Lingig (Surigao Del Sur),Ms,TECTONIC
595,2024-08-19 19:53:38+00:00,8.2,126.98,12.0,1.9,065 km N 74° E of Lingig (Surigao Del Sur),Ms,TECTONIC
596,2024-08-19 19:52:47+00:00,8.01,126.76,13.0,1.5,038 km S 86° E of Lingig (Surigao Del Sur),Ms,TECTONIC
597,2024-08-19 19:49:19+00:00,8.04,126.87,12.0,2.1,050 km S 90° E of Lingig (Surigao Del Sur),Ms,TECTONIC
598,2024-08-19 19:47:57+00:00,8.14,126.99,12.0,2.2,065 km N 80° E of Lingig (Surigao Del Sur),Ms,TECTONIC
599,2024-08-19 19:46:03+00:00,8.06,127.14,22.0,3.8,081 km N 88° E of Lingig (Surigao Del Sur),Ms,TECTONIC
600,2024-08-19 19:44:03+00:00,8.11,126.99,19.0,2.6,065 km N 83° E of Lingig (Surigao Del Sur),Ms,TECTONIC
601,2024-08-19 19:42:20+00:00,8.14,127.23,1.0,4.9,091 km N 83° E of Lingig (Surigao Del Sur),Mw,TECTONIC
602,2024-08-19 19:27:16+00:00,12.53,125.75,21.0,3.1,047 km N 34° E of San Policarpo (Eastern Samar),Ms,TECTONIC
603,2024-08-19 19:25:20+00:00,12.76,124.81,27.0,2.6,025 km N 31° W of Pambujan (Northern Samar),Ms,TECTONIC
604,2024-08-19 18:50:11+00:00,15.26,120.18,25.0,1.3,017 km S 80° E of Botolan (Zambales),Ms,TECTONIC
605,2024-08-19 18:39:08+00:00,8.03,126.86,9.0,1.5,050 km S 89° E of Lingig (Surigao Del Sur),Ms,TECTONIC
606,2024-08-19 18:20:11+00:00,17.43,122.48,5.0,2.0,026 km N 80° E of Maconacon (Isabela),Ms,TECTONIC
607,2024-08-19 18:16:48+00:00,6.01,126.39,127.0,3.5,080 km S 75° E of Don Marcelino (Davao Occidental),Ms,TECTONIC
608,2024-08-19 18:01:53+00:00,15.32,119.88,30.0,1.3,011 km S 86° W of Iba (Zambales),Ms,TECTONIC
609,2024-08-19 17:57:58+00:00,8.21,126.93,9.0,1.9,060 km N 72° E of Lingig (Surigao Del Sur),Ms,TECTONIC
610,2024-08-19 17:43:56+00:00,8.04,127.03,12.0,2.3,068 km N 89° E of Lingig (Surigao Del Sur),Ms,TECTONIC
611,2024-08-19 17:37:46+00:00,14.7,120.41,104.0,1.6,011 km N 07° E of Bagac (Bataan),Ms,TECTONIC
612,2024-08-19 17:12:53+00:00,5.17,127.4,33.0,2.8,211 km S 67° E of Jose Abad Santos (Davao Occidental),Ms,TECTONIC
613,2024-08-19 17:06:57+00:00,17.67,120.6,10.0,2.6,008 km N 15° W of Bangued (Abra),Ms,TECTONIC
614,2024-08-19 17:02:54+00:00,7.73,122.2,10.0,1.9,008 km N 67° E of Siocon (Zamboanga Del Norte),Ms,TECTONIC
615,2024-08-19 16:43:34+00:00,8.14,127.03,11.0,2.5,069 km N 81° E of Lingig (Surigao Del Sur),Ms,TECTONIC
616,2024-08-19 16:17:58+00:00,7.72,122.16,26.0,1.4,003 km N 52° E of Siocon (Zamboanga Del Norte),Ms,TECTONIC
617,2024-08-19 16:01:08+00:00,8.1,127.01,8.0,1.5,066 km N 84° E of Lingig (Surigao Del Sur),Ms,TECTONIC
618,2024-08-19 15:51:46+00:00,7.99,126.99,6.0,1.7,064 km S 85° E of Lingig (Surigao Del Sur),Ms,TECTONIC
619,2024-08-19 15:42:10+00:00,12.78,124.77,27.0,2.3,030 km N 35° W of Pambujan (Northern Samar),Ms,TECTONIC
620,2024-08-19 15:32:39+00:00,8.13,127.26,2.0,4.3,094 km N 84° E of Lingig (Surigao Del Sur),Ms,TECTONIC
621,2024-08-19 15:07:03+00:00,6.92,124.43,32.0,1.8,002 km S 62° E of Datu Saudi Ampatuan (Maguindanao Del Sur),Ms,TECTONIC
622,2024-08-19 14:59:14+00:00,5.26,126.19,33.0,2.7,084 km S 73° E of Sarangani Island (Municipality Of Sarangani) (Davao Occidental),Ms,TECTONIC
623,2024-08-19 14:56:19+00:00,12.8,124.8,27.0,1.8,030 km N 28° W of Pambujan (Northern Samar),Ms,TECTONIC
624,2024-08-19 14:38:31+00:00,6.05,126.17,26.0,2.7,055 km S 73° E of Don Marcelino (Davao Occidental),Ms,TECTONIC
625,2024-08-19 14:26:24+00:00,11.6,125.84,32.0,2.5,045 km S 68° E of San Julian (Eastern Samar),Ms,TECTONIC
626,2024-08-19 14:18:05+00:00,11.61,126.02,24.0,3.8,053 km N 56° E of Hernani (Eastern Samar),Ms,TECTONIC
627,2024-08-19 13:51:06+00:00,7.4,126.62,147.0,2.3,010 km N 35° E of Caraga (Davao Oriental),Ms,TECTONIC
628,2024-08-19 13:47:19+00:00,12.9,124.83,34.0,1.7,038 km N 15° W of Pambujan (Northern Samar),Ms,TECTONIC
629,2024-08-19 13:32:40+00:00,8.0,126.39,28.0,1.4,005 km S 26° W of Lingig (Surigao Del Sur),Ms,TECTONIC
630,2024-08-19 13:02:24+00:00,12.84,124.77,21.0,1.9,035 km N 29° W of Pambujan (Northern Samar),Ms,TECTONIC
631,2024-08-19 12:53:14+00:00,19.07,121.12,16.0,1.9,010 km S 65° W of Dalupiri Island (Calayan) (Cagayan),Ms,TECTONIC
632,2024-08-19 12:43:09+00:00,17.46,120.35,1.0,2.3,011 km S 21° W of Caoayan (Ilocos Sur),Ms,TECTONIC
633,2024-08-19 12:40:21+00:00,7.68,126.02,35.0,1.9,004 km S 48° E of Montevista (Davao De Oro),Ms,TECTONIC
634,2024-08-19 12:39:02+00:00,14.26,120.21,42.0,1.6,036 km S 57° W of Mariveles (Bataan),Ms,TECTONIC
635,2024-08-19 12:39:00+00:00,9.58,122.25,18.0,1.8,024 km S 83° W of Hinoba-an (Negros Occidental),Ms,TECTONIC
636,2024-08-19 10:49:37+00:00,9.83,126.28,32.0,1.7,015 km N 68° E of General Luna (Surigao Del Norte),Ms,TECTONIC
637,2024-08-19 10:27:16+00:00,9.85,126.01,33.0,1.5,004 km S 65° E of Del Carmen (Surigao Del Norte),Ms,TECTONIC
638,2024-08-19 10:06:31+00:00,12.78,124.8,25.0,2.2,025 km N 29° W of Pambujan (Northern Samar),Ms,TECTONIC
639,2024-08-19 10:03:29+00:00,8.9,126.31,9.0,2.2,003 km S 18° E of Cagwait (Surigao Del Sur),Ms,TECTONIC
640,2024-08-19 07:57:09+00:00,8.06,126.75,29.0,1.6,038 km N 86° E of Lingig (Surigao Del Sur),Ms,TECTONIC
641,2024-08-19 07:42:29+00:00,8.85,123.17,12.0,2.3,028 km S 33° E of Siaton (Negros Oriental),Ms,TECTONIC
642,2024-08-19 07:35:01+00:00,17.33,120.0,29.0,2.0,048 km S 60° W of Caoayan (Ilocos Sur),Ms,TECTONIC
643,2024-08-19 06:09:51+00:00,10.03,126.23,2.0,2.8,017 km N 87° E of Burgos (Surigao Del Norte),Ms,TECTONIC
644,2024-08-19 05:45:16+00:00,7.95,127.38,1.0,3.6,099 km N 65° E of Baganga (Davao Oriental),Ms,TECTONIC
645,2024-08-19 05:43:47+00:00,7.89,127.56,19.0,3.3,116 km N 73° E of Baganga (Davao Oriental),Ms,TECTONIC
646,2024-08-19 05:39:40+00:00,12.8,124.73,23.0,1.6,034 km N 39° W of Pambujan (Northern Samar),Ms,TECTONIC
647,2024-08-19 05:15:34+00:00,12.79,124.74,26.0,1.2,032 km N 38° W of Pambujan (Northern Samar),Ms,TECTONIC
648,2024-08-19 05:12:11+00:00,12.81,124.8,21.0,1.7,030 km N 28° W of Pambujan (Northern Samar),Ms,TECTONIC
649,2024-08-19 05:07:00+00:00,12.87,124.79,29.0,2.2,037 km N 24° W of Pambujan (Northern Samar),Ms,TECTONIC
650,2024-08-19 04:56:23+00:00,11.98,124.46,26.0,1.9,007 km N 09° E of Santo Niño (Samar),Ms,TECTONIC
651,2024-08-19 04:45:50+00:00,9.85,123.95,4.0,3.0,002 km S 07° W of San Isidro (Bohol),Ms,TECTONIC
652,2024-08-19 04:34:10+00:00,9.65,126.06,36.0,1.8,011 km S 04° E of Dapa (Surigao Del Norte),Ms,TECTONIC
653,2024-08-19 04:02:00+00:00,12.86,124.79,43.0,3.3,036 km N 24° W of Pambujan (Northern Samar),Ms,TECTONIC
654,2024-08-19 03:57:03+00:00,12.88,124.85,41.0,3.7,036 km N 13° W of Pambujan (Northern Samar),Ms,TECTONIC
655,2024-08-19 03:50:18+00:00,9.56,122.33,26.0,2.0,016 km S 72° W of Hinoba-an (Negros Occidental),Ms,TECTONIC
656,2024-08-19 03:49:13+00:00,12.78,124.77,43.0,2.3,029 km N 04° E of Mondragon (Northern Samar),Ms,TECTONIC
657,2024-08-19 03:45:21+00:00,12.81,124.74,18.0,1.5,034 km N 36° W of Pambujan (Northern Samar),Ms,TECTONIC
658,2024-08-19 03:42:21+00:00,12.91,124.82,33.0,1.4,040 km N 16° W of Pambujan (Northern Samar),Ms,TECTONIC
659,2024-08-19 03:41:40+00:00,12.84,124.79,30.0,1.9,034 km N 25° W of Pambujan (Northern Samar),Ms,TECTONIC
660,2024-08-19 03:39:00+00:00,12.87,124.88,59.0,5.7,034 km N 08° W of Pambujan (Northern Samar),Mw,TECTONIC
661,2024-08-19 03:15:37+00:00,9.99,126.31,22.0,2.9,025 km S 84° E of Burgos (Surigao Del Norte),Ms,TECTONIC
662,2024-08-19 03:03:15+00:00,10.62,126.26,4.0,3.3,061 km S 77° E of Homonhon Island (Guiuan) (Eastern Samar),Ms,TECTONIC
663,2024-08-19 02:56:08+00:00,7.96,127.02,19.0,2.9,066 km N 50° E of Baganga (Davao Oriental),Ms,TECTONIC
664,2024-08-19 01:09:52+00:00,10.0,126.42,37.0,1.5,037 km N 50° E of General Luna (Surigao Del Norte),Ms,TECTONIC
665,2024-08-19 00:59:22+00:00,7.95,127.03,1.0,2.5,068 km S 82° E of Lingig (Surigao Del Sur),Ms,TECTONIC
666,2024-08-18 21:06:46+00:00,7.77,122.14,12.0,1.7,007 km N 02° E of Siocon (Zamboanga Del Norte),Ms,TECTONIC
667,2024-08-18 20:51:35+00:00,17.41,120.65,9.0,4.6,004 km S 35° E of Villaviciosa (Abra),Ms,TECTONIC
668,2024-08-18 20:51:21+00:00,17.44,120.67,8.0,2.5,008 km S 66° E of San Isidro (Abra),Ms,TECTONIC
669,2024-08-18 20:36:49+00:00,10.28,125.99,14.0,2.3,029 km N 10° W of Santa Monica (Surigao Del Norte),Ms,TECTONIC
670,2024-08-18 20:35:09+00:00,10.33,126.14,22.0,2.5,036 km N 12° E of Burgos (Surigao Del Norte),Ms,TECTONIC
671,2024-08-18 19:24:04+00:00,7.78,126.57,14.0,2.3,013 km S 84° E of Cateel (Davao Oriental),Ms,TECTONIC
672,2024-08-18 18:44:02+00:00,2.3,126.3,26.0,4.3,358 km S 16° E of Balut Island (Municipality Of Sarangani) (Davao Occidental),Ms,TECTONIC
673,2024-08-18 17:26:49+00:00,15.74,121.11,13.0,2.1,004 km N 10° E of Rizal (Nueva Ecija),Ms,TECTONIC
674,2024-08-18 17:14:35+00:00,10.49,124.9,3.0,1.9,024 km S 27° E of City Of Baybay (Leyte),Ms,TECTONIC
675,2024-08-18 17:04:56+00:00,5.53,125.07,36.0,1.6,036 km S 25° W of Glan (Sarangani),Ms,TECTONIC
676,2024-08-18 16:44:20+00:00,6.96,125.92,16.0,2.2,010 km S 84° W of Banaybanay (Davao Oriental),Ms,TECTONIC
677,2024-08-18 16:11:19+00:00,20.08,121.44,26.0,4.1,054 km S 58° W of Sabtang (Batanes),Ms,TECTONIC
678,2024-08-18 15:42:57+00:00,13.58,124.67,5.0,2.2,034 km S 75° E of Baras (Catanduanes),Ms,TECTONIC
679,2024-08-18 15:21:56+00:00,9.32,122.4,28.0,3.0,028 km S 70° W of Basay (Negros Oriental),Ms,TECTONIC
680,2024-08-18 15:04:11+00:00,19.28,121.12,32.0,2.1,021 km N 26° W of Dalupiri Island (Calayan) (Cagayan),Ms,TECTONIC
681,2024-08-18 14:06:03+00:00,16.13,120.08,26.0,2.2,022 km S 38° E of Anda (Pangasinan),Ms,TECTONIC
682,2024-08-18 13:11:17+00:00,9.04,126.6,25.0,2.7,036 km N 77° E of Bayabas (Surigao Del Sur),Ms,TECTONIC
683,2024-08-18 12:51:28+00:00,15.19,122.18,27.0,1.8,045 km N 31° E of Burdeos (Quezon),Ms,TECTONIC
684,2024-08-18 12:50:47+00:00,19.87,121.26,15.0,2.2,072 km N 19° W of Calayan (Cagayan),Ms,TECTONIC
685,2024-08-18 11:55:07+00:00,13.28,120.4,8.0,2.8,017 km S 24° W of Paluan (Occidental Mindoro),Ms,TECTONIC
686,2024-08-18 11:52:11+00:00,18.09,120.66,29.0,1.7,005 km S 72° W of Dingras (Ilocos Norte),Ms,TECTONIC
687,2024-08-18 11:44:04+00:00,10.7,124.89,1.0,2.0,014 km S 71° W of Abuyog (Leyte),Ms,TECTONIC
688,2024-08-18 10:51:56+00:00,11.47,124.59,33.0,1.6,002 km S 77° E of Cabucgayan (Biliran),Ms,TECTONIC
689,2024-08-18 10:49:22+00:00,12.59,125.05,20.0,2.4,004 km N 67° E of Laoang (Northern Samar),Ms,TECTONIC
690,2024-08-18 10:26:27+00:00,9.63,123.17,32.0,2.1,006 km N 51° E of City Of Bais (Negros Oriental),Ms,TECTONIC
691,2024-08-18 10:16:52+00:00,8.7,126.44,26.0,3.4,019 km S 55° E of Marihatag (Surigao Del Sur),Ms,TECTONIC
692,2024-08-18 09:15:18+00:00,8.72,126.38,29.0,4.5,013 km S 43° E of Marihatag (Surigao Del Sur),Mw,TECTONIC
693,2024-08-18 08:02:46+00:00,9.58,126.21,30.0,1.6,023 km S 14° E of General Luna (Surigao Del Norte),Ms,TECTONIC
694,2024-08-18 07:32:18+00:00,9.96,126.67,30.0,2.7,059 km N 71° E of General Luna (Surigao Del Norte),Ms,TECTONIC
695,2024-08-18 06:42:00+00:00,6.81,126.03,32.0,2.9,006 km S 62° W of San Isidro (Davao Oriental),Ms,TECTONIC
696,2024-08-18 06:02:10+00:00,9.71,126.17,28.0,2.0,008 km S 09° E of General Luna (Surigao Del Norte),Ms,TECTONIC
697,2024-08-18 05:03:11+00:00,7.73,127.25,1.0,3.2,078 km N 77° E of Baganga (Davao Oriental),Ms,TECTONIC
698,2024-08-18 05:01:47+00:00,9.71,123.92,24.0,1.5,003 km N 07° W of Corella (Bohol),Ms,TECTONIC
699,2024-08-18 04:40:26+00:00,12.89,125.7,81.0,2.5,067 km N 47° E of Mapanas (Northern Samar),Ms,TECTONIC
700,2024-08-18 04:16:42+00:00,9.72,126.21,23.0,3.3,009 km S 40° E of General Luna (Surigao Del Norte),Ms,TECTONIC
701,2024-08-18 04:15:59+00:00,8.04,126.77,23.0,1.6,040 km N 89° E of Lingig (Surigao Del Sur),Ms,TECTONIC
702,2024-08-18 04:14:00+00:00,9.72,126.17,29.0,2.2,007 km S 09° E of General Luna (Surigao Del Norte),Ms,TECTONIC
703,2024-08-18 03:55:28+00:00,10.0,122.0,5.0,2.2,048 km S 09° E of Anini-y (Antique),Ms,TECTONIC
704,2024-08-18 03:45:00+00:00,9.88,124.58,19.0,1.9,007 km N 80° E of Mabini (Bohol),Ms,TECTONIC
705,2024-08-18 03:33:37+00:00,9.52,126.41,29.0,2.3,036 km N 41° E of Cortes (Surigao Del Sur),Ms,TECTONIC
706,2024-08-18 01:53:58+00:00,13.48,120.06,21.0,3.0,034 km S 38° W of Looc (Occidental Mindoro),Ms,TECTONIC
707,2024-08-18 00:59:29+00:00,17.44,122.63,30.0,3.4,037 km N 70° E of Divilacan (Isabela),Ms,TECTONIC
708,2024-08-18 00:19:23+00:00,13.83,120.45,63.0,2.9,019 km N 90° W of Calatagan (Batangas),Ms,TECTONIC
709,2024-08-17 23:03:57+00:00,16.7,119.98,20.0,2.7,036 km N 15° E of Bolinao (Pangasinan),Ms,TECTONIC
710,2024-08-17 22:36:22+00:00,18.9,121.5,3.0,2.1,014 km N 68° E of Fuga Island (Aparri) (Cagayan),Ms,TECTONIC
711,2024-08-17 22:34:31+00:00,9.7,121.7,27.0,2.3,081 km S 84° W of City Of Sipalay (Negros Occidental),Ms,TECTONIC
712,2024-08-17 22:30:04+00:00,15.63,121.05,28.0,1.5,009 km N 39° W of City Of Palayan (Nueva Ecija),Ms,TECTONIC
713,2024-08-17 21:52:46+00:00,13.41,120.57,10.0,1.7,021 km N 07° W of Mamburao (Occidental Mindoro),Ms,TECTONIC
714,2024-08-17 20:55:33+00:00,17.96,121.3,20.0,2.0,013 km N 23° W of Rizal (Cagayan),Ms,TECTONIC
715,2024-08-17 20:26:16+00:00,13.46,122.83,3.0,2.7,023 km N 47° E of San Andres (Quezon),Ms,TECTONIC
716,2024-08-17 20:16:36+00:00,18.24,120.92,13.0,3.4,014 km S 81° W of Calanasan (Apayao),Ms,TECTONIC
717,2024-08-17 19:30:53+00:00,8.09,126.75,13.0,3.1,037 km N 81° E of Lingig (Surigao Del Sur),Ms,TECTONIC
718,2024-08-17 19:25:44+00:00,8.43,125.77,60.0,2.5,003 km S 42° W of Talacogon (Agusan Del Sur),Ms,TECTONIC
719,2024-08-17 19:10:05+00:00,7.52,126.77,17.0,2.1,023 km S 75° E of Baganga (Davao Oriental),Ms,TECTONIC
720,2024-08-17 18:47:44+00:00,17.46,120.77,1.0,2.2,001 km N 80° E of Sallapadan (Abra),Ms,TECTONIC
721,2024-08-17 18:26:12+00:00,15.38,121.3,27.0,1.4,010 km S 27° W of Gabaldon (Nueva Ecija),Ms,TECTONIC
722,2024-08-17 18:26:06+00:00,8.35,125.8,28.0,2.2,008 km N 02° W of La Paz (Agusan Del Sur),Ms,TECTONIC
723,2024-08-17 18:25:05+00:00,14.25,123.89,1.0,1.9,038 km N 54° W of Pandan (Catanduanes),Ms,TECTONIC
724,2024-08-17 18:05:34+00:00,7.91,126.55,34.0,1.6,021 km S 47° E of Lingig (Surigao Del Sur),Ms,TECTONIC
725,2024-08-17 18:02:43+00:00,13.56,120.29,6.0,2.2,018 km S 13° E of Looc (Occidental Mindoro),Ms,TECTONIC
726,2024-08-17 17:39:22+00:00,13.04,124.76,1.0,2.4,055 km N 19° W of Pambujan (Northern Samar),Ms,TECTONIC
727,2024-08-17 16:51:25+00:00,9.12,126.35,6.0,3.0,019 km N 25° E of Bayabas (Surigao Del Sur),Ms,TECTONIC
728,2024-08-17 15:59:16+00:00,15.08,121.63,5.0,1.8,025 km N 52° W of Panukulan (Quezon),Ms,TECTONIC
729,2024-08-17 15:33:08+00:00,18.06,120.53,4.0,1.8,003 km N 88° W of City Of Batac (Ilocos Norte),Ms,TECTONIC
730,2024-08-17 15:31:44+00:00,18.08,120.37,19.0,2.5,014 km N 61° W of Currimao (Ilocos Norte),Ms,TECTONIC
731,2024-08-17 15:12:21+00:00,3.26,126.97,100.0,3.6,294 km S 36° E of Balut Island (Municipality Of Sarangani) (Davao Occidental),Ms,TECTONIC
732,2024-08-17 14:57:48+00:00,6.75,123.62,32.0,2.1,051 km N 75° W of Lebak (Sultan Kudarat),Ms,TECTONIC
733,2024-08-17 14:11:40+00:00,8.69,126.83,6.0,2.1,059 km S 79° E of Marihatag (Surigao Del Sur),Ms,TECTONIC
734,2024-08-17 14:03:56+00:00,9.58,126.34,18.0,1.7,030 km S 41° E of General Luna (Surigao Del Norte),Ms,TECTONIC
735,2024-08-17 13:51:50+00:00,13.58,120.55,12.0,2.3,020 km N 27° E of Paluan (Occidental Mindoro),Ms,TECTONIC
736,2024-08-17 13:51:00+00:00,10.49,124.48,6.0,2.1,016 km S 02° E of Tudela (Cebu),Ms,TECTONIC
737,2024-08-17 13:35:58+00:00,13.68,120.6,103.0,1.7,018 km S 11° W of Calatagan (Batangas),Ms,TECTONIC
738,2024-08-17 13:27:04+00:00,7.87,126.78,14.0,2.3,045 km S 66° E of Lingig (Surigao Del Sur),Ms,TECTONIC
739,2024-08-17 13:14:09+00:00,8.71,126.45,26.0,2.2,020 km S 61° E of Marihatag (Surigao Del Sur),Ms,TECTONIC
740,2024-08-17 13:13:33+00:00,6.75,123.91,31.0,2.1,029 km S 66° W of South Upi (Maguindanao Del Sur),Ms,TECTONIC
741,2024-08-17 12:52:48+00:00,8.14,125.94,34.0,1.5,008 km S 57° W of Bunawan (Agusan Del Sur),Ms,TECTONIC
742,2024-08-17 12:48:05+00:00,6.63,123.83,32.0,1.8,026 km N 72° W of Kalamansig (Sultan Kudarat),Ms,TECTONIC
743,2024-08-17 12:21:11+00:00,8.07,126.75,12.0,1.6,038 km N 85° E of Lingig (Surigao Del Sur),Ms,TECTONIC
744,2024-08-17 12:04:31+00:00,14.28,120.34,80.0,1.5,023 km S 43° W of Mariveles (Bataan),Ms,TECTONIC
745,2024-08-17 11:41:34+00:00,8.17,126.96,6.0,3.1,063 km N 76° E of Lingig (Surigao Del Sur),Ms,TECTONIC
746,2024-08-17 10:29:11+00:00,8.29,122.48,33.0,2.3,026 km N 11° W of Labason (Zamboanga Del Norte),Ms,TECTONIC
747,2024-08-17 10:25:23+00:00,18.69,120.46,24.0,4.0,028 km N 45° W of Burgos (Ilocos Norte),Ms,TECTONIC
748,2024-08-17 09:55:32+00:00,17.49,122.24,70.0,2.3,011 km N 04° E of Maconacon (Isabela),Ms,TECTONIC
749,2024-08-17 09:47:59+00:00,8.14,126.69,33.0,1.6,033 km N 71° E of Lingig (Surigao Del Sur),Ms,TECTONIC
750,2024-08-17 09:37:31+00:00,13.69,120.58,52.0,1.3,016 km S 22° W of Calatagan (Batangas),Ms,TECTONIC
751,2024-08-17 09:30:52+00:00,6.59,123.63,48.0,1.9,047 km N 85° W of Kalamansig (Sultan Kudarat),Ms,TECTONIC
752,2024-08-17 09:29:39+00:00,13.57,120.62,125.0,2.8,018 km N 38° W of Abra De Ilog (Occidental Mindoro),Ms,TECTONIC
753,2024-08-17 09:13:57+00:00,8.62,125.73,54.0,2.4,011 km S 15° W of City Of Bayugan (Agusan Del Sur),Ms,TECTONIC
754,2024-08-17 06:11:45+00:00,8.61,126.23,27.0,1.7,015 km S 78° E of Lianga (Surigao Del Sur),Ms,TECTONIC
755,2024-08-17 05:43:30+00:00,11.11,123.33,21.0,2.4,017 km N 07° E of City Of Cadiz (Negros Occidental),Ms,TECTONIC
756,2024-08-17 05:37:07+00:00,7.34,125.75,1.0,2.3,005 km S 79° E of Carmen (Davao Del Norte),Ms,TECTONIC
757,2024-08-17 05:07:50+00:00,18.0,121.02,7.0,1.8,018 km S 80° W of Kabugao (Apayao),Ms,TECTONIC
758,2024-08-17 05:06:42+00:00,16.29,121.33,21.0,2.2,004 km S 55° E of Kasibu (Nueva Vizcaya),Ms,TECTONIC
759,2024-08-17 05:04:32+00:00,7.82,127.09,10.0,2.2,064 km N 65° E of Baganga (Davao Oriental),Ms,TECTONIC
760,2024-08-17 04:34:27+00:00,7.91,127.19,20.0,3.2,079 km N 62° E of Baganga (Davao Oriental),Ms,TECTONIC
761,2024-08-17 01:39:02+00:00,11.34,125.48,29.0,2.2,011 km S 40° W of Llorente (Eastern Samar),Ms,TECTONIC
762,2024-08-17 00:52:28+00:00,14.3,124.91,34.0,2.9,080 km N 44° E of Gigmoto (Catanduanes),Ms,TECTONIC
763,2024-08-17 00:41:53+00:00,3.86,125.95,120.0,3.7,182 km S 19° E of Balut Island (Municipality Of Sarangani) (Davao Occidental),Ms,TECTONIC
764,2024-08-17 00:39:26+00:00,11.69,124.27,10.0,2.4,010 km N 85° W of Kawayan (Biliran),Ms,TECTONIC
765,2024-08-16 23:56:42+00:00,19.33,121.03,1.0,4.7,031 km N 37° W of Dalupiri Island (Calayan) (Cagayan),Mw,TECTONIC
766,2024-08-16 23:25:11+00:00,14.46,125.11,8.0,4.2,108 km N 46° E of Gigmoto (Catanduanes),Ms,TECTONIC
767,2024-08-16 22:54:21+00:00,17.36,120.29,21.0,2.6,017 km N 80° W of San Esteban (Ilocos Sur),Ms,TECTONIC
768,2024-08-16 22:05:43+00:00,9.84,126.22,33.0,1.9,010 km N 47° E of General Luna (Surigao Del Norte),Ms,TECTONIC
769,2024-08-16 21:42:09+00:00,8.1,125.85,39.0,1.5,009 km S 04° W of Loreto (Agusan Del Sur),Ms,TECTONIC
770,2024-08-16 21:22:34+00:00,7.53,126.04,33.0,1.8,011 km S 41° E of Nabunturan (Davao De Oro),Ms,TECTONIC
771,2024-08-16 20:28:09+00:00,13.79,120.54,72.0,3.2,011 km S 63° W of Calatagan (Batangas),Ms,TECTONIC
772,2024-08-16 19:55:42+00:00,7.21,126.76,19.0,2.0,025 km S 90° E of Manay (Davao Oriental),Ms,TECTONIC
773,2024-08-16 19:50:31+00:00,17.5,120.09,10.0,2.7,031 km S 80° W of Caoayan (Ilocos Sur),Ms,TECTONIC
774,2024-08-16 19:49:19+00:00,17.73,121.56,31.0,2.4,012 km S 89° E of Tuao (Cagayan),Ms,TECTONIC
775,2024-08-16 19:14:06+00:00,12.15,125.08,28.0,1.7,012 km N 27° E of San Jose De Buan (Samar),Ms,TECTONIC
776,2024-08-16 19:01:36+00:00,12.17,125.2,32.0,2.4,005 km N 81° W of Maslog (Eastern Samar),Ms,TECTONIC
777,2024-08-16 18:48:11+00:00,8.78,126.52,29.0,2.0,024 km S 86° E of Marihatag (Surigao Del Sur),Ms,TECTONIC
778,2024-08-16 18:43:47+00:00,16.31,122.25,18.0,2.2,014 km N 73° E of Casiguran (Aurora),Ms,TECTONIC
779,2024-08-16 18:30:25+00:00,16.41,120.84,28.0,1.7,008 km N 36° W of Kayapa (Nueva Vizcaya),Ms,TECTONIC
780,2024-08-16 18:14:57+00:00,10.07,125.82,33.0,1.7,023 km N 45° E of Cagdianao (Dinagat Islands),Ms,TECTONIC
781,2024-08-16 18:00:40+00:00,17.2,120.37,19.0,1.8,009 km N 64° W of City Of Candon (Ilocos Sur),Ms,TECTONIC
782,2024-08-16 17:48:29+00:00,17.85,120.63,29.0,1.8,008 km S 31° W of Nueva Era (Ilocos Norte),Ms,TECTONIC
783,2024-08-16 17:40:55+00:00,7.29,126.86,19.0,2.5,033 km S 83° E of Caraga (Davao Oriental),Ms,TECTONIC
784,2024-08-16 17:33:37+00:00,8.0,126.81,12.0,1.7,044 km S 85° E of Lingig (Surigao Del Sur),Ms,TECTONIC
785,2024-08-16 17:24:54+00:00,13.13,124.11,33.0,1.4,006 km S 18° W of Rapu-rapu (Albay),Ms,TECTONIC
786,2024-08-16 16:39:46+00:00,7.73,124.12,33.0,1.9,006 km N 33° W of Marogong (Lanao Del Sur),Ms,TECTONIC
787,2024-08-16 16:23:10+00:00,7.99,126.87,14.0,1.6,051 km S 84° E of Lingig (Surigao Del Sur),Ms,TECTONIC
788,2024-08-16 15:41:51+00:00,9.24,125.88,123.0,2.8,010 km S 77° W of Madrid (Surigao Del Sur),Ms,TECTONIC
789,2024-08-16 15:34:48+00:00,7.87,126.78,19.0,1.7,037 km N 75° E of Cateel (Davao Oriental),Ms,TECTONIC
790,2024-08-16 15:25:30+00:00,8.76,126.78,1.0,2.5,054 km S 86° E of Marihatag (Surigao Del Sur),Ms,TECTONIC
791,2024-08-16 15:00:15+00:00,6.41,126.22,114.0,2.3,031 km S 31° E of Governor Generoso (Davao Oriental),Ms,TECTONIC
792,2024-08-16 14:35:49+00:00,18.61,121.0,1.0,2.2,005 km N 08° E of Santa Praxedes (Cagayan),Ms,TECTONIC
793,2024-08-16 14:25:07+00:00,7.92,126.81,5.0,1.9,046 km S 73° E of Lingig (Surigao Del Sur),Ms,TECTONIC
794,2024-08-16 13:07:45+00:00,11.16,124.7,4.0,2.2,009 km S 70° W of Jaro (Leyte),Ms,TECTONIC
795,2024-08-16 13:04:08+00:00,11.14,124.7,7.0,2.0,010 km S 60° W of Jaro (Leyte),Ms,TECTONIC
796,2024-08-16 13:00:31+00:00,9.49,126.05,1.0,2.2,017 km S 32° E of Socorro (Surigao Del Norte),Ms,TECTONIC
797,2024-08-16 12:54:22+00:00,7.96,126.78,15.0,1.5,042 km S 78° E of Lingig (Surigao Del Sur),Ms,TECTONIC
798,2024-08-16 12:47:29+00:00,14.21,124.15,19.0,2.0,019 km N 07° W of Pandan (Catanduanes),Ms,TECTONIC
799,2024-08-16 12:32:03+00:00,16.65,119.78,2.0,3.5,031 km N 23° W of Bolinao (Pangasinan),Ms,TECTONIC
800,2024-08-16 12:11:45+00:00,8.11,127.0,11.0,2.8,065 km N 83° E of Lingig (Surigao Del Sur),Ms,TECTONIC
801,2024-08-16 11:40:37+00:00,10.05,125.81,10.0,3.7,020 km N 46° E of Cagdianao (Dinagat Islands),Ms,TECTONIC
802,2024-08-16 11:26:33+00:00,8.09,127.14,1.0,3.7,081 km N 86° E of Lingig (Surigao Del Sur),Ms,TECTONIC
803,2024-08-16 09:50:25+00:00,9.05,126.61,1.0,3.2,037 km N 75° E of Bayabas (Surigao Del Sur),Ms,TECTONIC
804,2024-08-16 09:24:13+00:00,9.46,122.54,10.0,2.5,013 km N 63° W of Basay (Negros Oriental),Ms,TECTONIC
805,2024-08-16 08:58:13+00:00,3.13,126.44,53.0,3.8,277 km S 24° E of Balut Island (Municipality Of Sarangani) (Davao Occidental),Ms,TECTONIC
806,2024-08-16 08:17:54+00:00,10.6,123.83,7.0,3.1,014 km S 04° E of Tuburan (Cebu),Ms,TECTONIC
807,2024-08-16 07:20:44+00:00,8.29,123.61,7.0,2.0,011 km S 89° E of Sergio OsmeÑa Sr. (Zamboanga Del Norte),Ms,TECTONIC
808,2024-08-16 07:16:40+00:00,5.6,126.58,62.0,3.0,109 km S 71° E of Jose Abad Santos (Davao Occidental),Ms,TECTONIC
809,2024-08-16 05:48:27+00:00,4.86,125.8,179.0,4.1,074 km S 34° E of Balut Island (Municipality Of Sarangani) (Davao Occidental),Ms,TECTONIC
810,2024-08-16 05:25:26+00:00,7.93,126.62,22.0,2.5,024 km N 48° E of Cateel (Davao Oriental),Ms,TECTONIC
811,2024-08-16 04:28:09+00:00,6.35,124.08,16.0,2.3,023 km S 09° E of Kalamansig (Sultan Kudarat),Ms,TECTONIC
812,2024-08-16 02:40:10+00:00,12.89,124.65,22.0,2.6,039 km N 53° E of Biri (Northern Samar),Ms,TECTONIC
813,2024-08-16 02:31:01+00:00,10.03,125.74,84.0,4.4,016 km S 78° E of Basilisa (Dinagat Islands),Ms,TECTONIC
814,2024-08-16 02:09:02+00:00,8.73,126.52,36.0,2.3,026 km S 72° E of Marihatag (Surigao Del Sur),Ms,TECTONIC
815,2024-08-16 01:53:43+00:00,15.04,119.84,8.0,3.0,025 km S 84° W of San Felipe (Zambales),Ms,TECTONIC
816,2024-08-16 01:02:54+00:00,19.58,120.82,1.0,2.9,066 km N 38° W of Dalupiri Island (Calayan) (Cagayan),Ms,TECTONIC
817,2024-08-16 00:20:11+00:00,13.21,120.06,28.0,3.6,049 km S 62° W of Paluan (Occidental Mindoro),Ms,TECTONIC
818,2024-08-15 23:48:52+00:00,12.23,125.2,44.0,1.7,007 km S 31° W of Jipapad (Eastern Samar),Ms,TECTONIC
819,2024-08-15 23:32:21+00:00,13.84,119.89,26.0,2.2,026 km S 85° W of Lubang (Occidental Mindoro),Ms,TECTONIC
820,2024-08-15 22:34:22+00:00,7.98,126.57,15.0,1.8,018 km S 70° E of Lingig (Surigao Del Sur),Ms,TECTONIC
821,2024-08-15 21:28:18+00:00,8.19,126.74,19.0,1.5,040 km N 66° E of Lingig (Surigao Del Sur),Ms,TECTONIC
822,2024-08-15 21:25:51+00:00,7.98,127.06,18.0,1.9,071 km S 85° E of Lingig (Surigao Del Sur),Ms,TECTONIC
823,2024-08-15 21:05:16+00:00,7.99,126.62,17.0,1.7,023 km S 77° E of Lingig (Surigao Del Sur),Ms,TECTONIC
824,2024-08-15 21:02:31+00:00,17.45,120.0,1.0,2.7,041 km S 69° W of Santa Catalina (Ilocos Sur),Ms,TECTONIC
825,2024-08-15 20:35:46+00:00,18.67,120.92,25.0,2.1,014 km N 33° W of Santa Praxedes (Cagayan),Ms,TECTONIC
826,2024-08-15 20:08:57+00:00,8.09,126.69,21.0,1.6,031 km N 80° E of Lingig (Surigao Del Sur),Ms,TECTONIC
827,2024-08-15 20:07:23+00:00,8.34,126.68,31.0,2.2,038 km S 85° E of Hinatuan (Surigao Del Sur),Ms,TECTONIC
828,2024-08-15 20:03:36+00:00,7.93,126.4,23.0,1.8,012 km S 06° W of Lingig (Surigao Del Sur),Ms,TECTONIC
829,2024-08-15 19:36:51+00:00,7.26,126.73,44.0,1.9,020 km S 67° E of Caraga (Davao Oriental),Ms,TECTONIC
830,2024-08-15 19:12:14+00:00,7.94,126.44,1.0,2.1,011 km S 17° E of Lingig (Surigao Del Sur),Ms,TECTONIC
831,2024-08-15 18:42:45+00:00,4.65,125.77,166.0,3.3,092 km S 24° E of Balut Island (Municipality Of Sarangani) (Davao Occidental),Ms,TECTONIC
832,2024-08-15 18:15:00+00:00,7.93,126.4,27.0,1.5,012 km S 04° W of Lingig (Surigao Del Sur),Ms,TECTONIC
833,2024-08-15 17:28:11+00:00,12.49,124.71,30.0,2.3,006 km S 56° W of Mondragon (Northern Samar),Ms,TECTONIC
834,2024-08-15 17:22:43+00:00,17.06,119.57,36.0,2.7,081 km N 25° W of Bolinao (Pangasinan),Ms,TECTONIC
835,2024-08-15 17:19:17+00:00,11.35,125.54,1.0,2.2,008 km S 09° W of Llorente (Eastern Samar),Ms,TECTONIC
836,2024-08-15 17:05:26+00:00,13.75,120.53,143.0,2.9,014 km S 50° W of Calatagan (Batangas),Ms,TECTONIC
837,2024-08-15 16:56:02+00:00,14.1,124.64,1.0,2.8,042 km N 61° E of Panganiban (Catanduanes),Ms,TECTONIC
838,2024-08-15 16:51:59+00:00,8.66,126.27,32.0,1.6,011 km S 29° E of San Agustin (Surigao Del Sur),Ms,TECTONIC
839,2024-08-15 16:42:20+00:00,15.57,121.39,14.0,1.7,014 km N 25° E of Gabaldon (Nueva Ecija),Ms,TECTONIC
840,2024-08-15 16:38:33+00:00,17.52,120.7,2.0,2.3,003 km S 46° W of Bucay (Abra),Ms,TECTONIC
841,2024-08-15 16:35:53+00:00,7.98,126.77,19.0,1.5,040 km S 80° E of Lingig (Surigao Del Sur),Ms,TECTONIC
842,2024-08-15 16:24:04+00:00,8.5,125.8,57.0,2.5,007 km N 19° E of Talacogon (Agusan Del Sur),Ms,TECTONIC
843,2024-08-15 16:16:15+00:00,7.98,126.4,31.0,1.7,007 km S 12° W of Lingig (Surigao Del Sur),Ms,TECTONIC
844,2024-08-15 15:37:39+00:00,5.87,125.4,43.0,2.3,016 km S 47° E of Malapatan (Sarangani),Ms,TECTONIC
845,2024-08-15 15:26:19+00:00,18.36,121.77,3.0,2.1,010 km N 42° W of Buguey (Cagayan),Ms,TECTONIC
846,2024-08-15 15:23:45+00:00,8.41,126.27,32.0,1.7,009 km N 55° W of Hinatuan (Surigao Del Sur),Ms,TECTONIC
847,2024-08-15 15:22:25+00:00,8.54,126.73,4.0,3.0,048 km N 67° E of Hinatuan (Surigao Del Sur),Ms,TECTONIC
848,2024-08-15 15:14:39+00:00,17.46,120.7,6.0,2.2,003 km N 09° W of Manabo (Abra),Ms,TECTONIC
849,2024-08-15 15:07:10+00:00,8.08,126.38,47.0,2.2,005 km N 40° W of Lingig (Surigao Del Sur),Ms,TECTONIC
850,2024-08-15 14:24:32+00:00,13.68,120.58,108.0,3.0,018 km S 19° W of Calatagan (Batangas),Ms,TECTONIC
851,2024-08-15 14:15:24+00:00,13.52,120.74,111.0,1.7,009 km N 12° E of Abra De Ilog (Occidental Mindoro),Ms,TECTONIC
852,2024-08-15 14:00:20+00:00,8.09,126.59,22.0,1.4,021 km N 75° E of Lingig (Surigao Del Sur),Ms,TECTONIC
853,2024-08-15 13:48:34+00:00,8.71,126.57,27.0,2.0,032 km S 72° E of Marihatag (Surigao Del Sur),Ms,TECTONIC
854,2024-08-15 13:47:21+00:00,10.21,126.18,14.0,3.1,024 km N 29° E of Burgos (Surigao Del Norte),Ms,TECTONIC
855,2024-08-15 13:15:39+00:00,8.83,126.94,30.0,1.9,071 km S 82° E of Cagwait (Surigao Del Sur),Ms,TECTONIC
856,2024-08-15 12:53:11+00:00,7.97,126.72,21.0,1.7,035 km S 78° E of Lingig (Surigao Del Sur),Ms,TECTONIC
857,2024-08-15 12:34:47+00:00,7.98,126.95,6.0,3.1,059 km S 84° E of Lingig (Surigao Del Sur),Ms,TECTONIC
858,2024-08-15 12:25:41+00:00,8.72,126.76,33.0,2.0,051 km S 81° E of Marihatag (Surigao Del Sur),Ms,TECTONIC
859,2024-08-15 12:06:13+00:00,9.17,126.63,40.0,2.3,044 km N 59° E of Bayabas (Surigao Del Sur),Ms,TECTONIC
860,2024-08-15 12:05:13+00:00,8.62,126.24,26.0,1.8,014 km S 10° E of San Agustin (Surigao Del Sur),Ms,TECTONIC
861,2024-08-15 11:49:51+00:00,8.73,126.91,3.0,2.9,068 km S 84° E of Marihatag (Surigao Del Sur),Ms,TECTONIC
862,2024-08-15 11:29:29+00:00,17.63,120.92,15.0,2.1,005 km S 32° W of Lacub (Abra),Ms,TECTONIC
863,2024-08-15 11:25:29+00:00,10.49,122.24,7.0,2.0,015 km S 45° E of San Joaquin (Iloilo),Ms,TECTONIC
864,2024-08-15 10:49:09+00:00,17.8,120.78,11.0,2.6,012 km N 40° E of Lagayan (Abra),Ms,TECTONIC
865,2024-08-15 10:43:29+00:00,7.91,126.98,11.0,2.2,065 km S 77° E of Lingig (Surigao Del Sur),Ms,TECTONIC
866,2024-08-15 10:30:43+00:00,8.13,126.95,15.0,2.4,061 km N 80° E of Lingig (Surigao Del Sur),Ms,TECTONIC
867,2024-08-15 10:29:41+00:00,7.64,126.46,33.0,1.8,013 km N 58° W of Baganga (Davao Oriental),Ms,TECTONIC
868,2024-08-15 09:20:44+00:00,12.96,124.45,32.0,2.2,029 km S 73° E of Prieto Diaz (Sorsogon),Ms,TECTONIC
869,2024-08-15 09:20:01+00:00,8.44,126.86,18.0,2.0,058 km N 82° E of Hinatuan (Surigao Del Sur),Ms,TECTONIC
870,2024-08-15 09:04:51+00:00,13.4,120.44,32.0,1.8,003 km S 66° W of Paluan (Occidental Mindoro),Ms,TECTONIC
871,2024-08-15 08:23:49+00:00,8.98,126.58,27.0,2.0,031 km N 77° E of Cagwait (Surigao Del Sur),Ms,TECTONIC
872,2024-08-15 06:32:40+00:00,14.02,120.66,122.0,1.7,021 km N 09° E of Calatagan (Batangas),Ms,TECTONIC
873,2024-08-15 06:25:50+00:00,9.82,126.3,30.0,2.3,016 km N 74° E of General Luna (Surigao Del Norte),Ms,TECTONIC
874,2024-08-15 06:09:33+00:00,9.63,126.1,10.0,2.5,018 km S 21° W of General Luna (Surigao Del Norte),Ms,TECTONIC
875,2024-08-15 05:47:02+00:00,13.77,120.53,169.0,2.3,013 km S 59° W of Calatagan (Batangas),Ms,TECTONIC
876,2024-08-15 04:35:38+00:00,7.43,126.75,16.0,2.9,023 km N 62° E of Caraga (Davao Oriental),Ms,TECTONIC
877,2024-08-15 04:29:45+00:00,6.24,126.63,17.0,3.5,077 km S 53° E of Governor Generoso (Davao Oriental),Ms,TECTONIC
878,2024-08-15 03:57:20+00:00,6.3,126.37,124.0,3.3,051 km S 40° E of Governor Generoso (Davao Oriental),Ms,TECTONIC
879,2024-08-15 01:57:54+00:00,8.0,126.3,25.0,1.6,013 km S 71° W of Lingig (Surigao Del Sur),Ms,TECTONIC
880,2024-08-15 01:53:44+00:00,7.96,126.75,16.0,2.0,038 km S 76° E of Lingig (Surigao Del Sur),Ms,TECTONIC
881,2024-08-15 01:29:06+00:00,14.41,120.11,43.0,1.4,034 km S 30° W of Morong (Bataan),Ms,TECTONIC
882,2024-08-15 01:08:55+00:00,8.51,126.3,47.0,1.4,016 km N 69° E of Tagbina (Surigao Del Sur),Ms,TECTONIC
883,2024-08-15 00:26:42+00:00,8.02,126.31,30.0,1.8,012 km S 81° W of Lingig (Surigao Del Sur),Ms,TECTONIC
884,2024-08-15 00:16:11+00:00,9.56,126.3,33.0,1.4,029 km S 33° E of General Luna (Surigao Del Norte),Ms,TECTONIC
885,2024-08-14 23:27:14+00:00,8.34,127.27,33.0,2.8,100 km N 71° E of Lingig (Surigao Del Sur),Ms,TECTONIC
886,2024-08-14 23:12:47+00:00,8.46,126.3,33.0,1.7,011 km N 19° W of Hinatuan (Surigao Del Sur),Ms,TECTONIC
887,2024-08-14 22:31:09+00:00,8.2,126.56,32.0,2.4,025 km N 42° E of Lingig (Surigao Del Sur),Ms,TECTONIC
888,2024-08-14 21:46:19+00:00,9.91,126.3,23.0,2.2,021 km N 48° E of General Luna (Surigao Del Norte),Ms,TECTONIC
889,2024-08-14 21:34:41+00:00,8.49,126.3,1.0,1.8,014 km N 16° W of Hinatuan (Surigao Del Sur),Ms,TECTONIC
890,2024-08-14 20:44:20+00:00,6.46,126.39,25.0,2.8,042 km S 58° E of Governor Generoso (Davao Oriental),Ms,TECTONIC
891,2024-08-14 20:35:37+00:00,13.49,123.51,33.0,2.6,006 km N 11° W of Buhi (Camarines Sur),Ms,TECTONIC
892,2024-08-14 19:58:59+00:00,12.77,124.83,17.0,2.1,029 km N 42° W of Laoang (Northern Samar),Ms,TECTONIC
893,2024-08-14 19:55:49+00:00,8.31,126.67,10.0,1.6,037 km S 80° E of Hinatuan (Surigao Del Sur),Ms,TECTONIC
894,2024-08-14 19:52:07+00:00,13.94,124.5,11.0,2.7,020 km N 34° E of Gigmoto (Catanduanes),Ms,TECTONIC
895,2024-08-14 19:15:23+00:00,8.93,126.59,9.0,2.3,032 km N 88° E of Cagwait (Surigao Del Sur),Ms,TECTONIC
896,2024-08-14 19:13:58+00:00,6.36,126.24,6.0,2.2,038 km S 30° E of Governor Generoso (Davao Oriental),Ms,TECTONIC
897,2024-08-14 19:12:47+00:00,8.47,126.88,8.0,2.2,070 km N 47° E of Lingig (Surigao Del Sur),Ms,TECTONIC
898,2024-08-14 18:43:21+00:00,6.52,126.6,27.0,2.6,061 km S 76° E of Governor Generoso (Davao Oriental),Ms,TECTONIC
899,2024-08-14 18:07:01+00:00,8.32,125.91,32.0,2.0,012 km N 69° E of La Paz (Agusan Del Sur),Ms,TECTONIC
900,2024-08-14 18:01:58+00:00,10.0,126.13,4.0,3.0,010 km S 76° E of Santa Monica (Surigao Del Norte),Ms,TECTONIC
901,2024-08-14 17:47:35+00:00,17.4,120.57,5.0,1.9,003 km S 62° W of Pilar (Abra),Ms,TECTONIC
902,2024-08-14 17:07:08+00:00,18.01,121.35,19.0,2.7,017 km S 83° E of Kabugao (Apayao),Ms,TECTONIC
903,2024-08-14 16:59:23+00:00,20.28,121.88,1.0,2.8,006 km S 03° E of Sabtang (Batanes),Ms,TECTONIC
904,2024-08-14 16:04:24+00:00,6.68,126.45,34.0,2.7,040 km S 41° E of City Of Mati (Davao Oriental),Ms,TECTONIC
905,2024-08-14 16:07:55+00:00,9.06,126.32,23.0,1.8,011 km N 24° E of Bayabas (Surigao Del Sur),Ms,TECTONIC
906,2024-08-14 16:04:24+00:00,6.68,126.45,34.0,2.7,040 km S 41° E of City Of Mati (Davao Oriental),Ms,TECTONIC
907,2024-08-14 15:40:51+00:00,8.28,126.59,16.0,2.6,033 km N 36° E of Lingig (Surigao Del Sur),Ms,TECTONIC
908,2024-08-14 15:19:02+00:00,12.81,124.84,17.0,2.2,029 km N 19° W of Pambujan (Northern Samar),Ms,TECTONIC
909,2024-08-14 14:20:30+00:00,13.82,125.52,54.0,3.6,122 km N 88° E of Gigmoto (Catanduanes),Ms,TECTONIC
910,2024-08-14 13:29:09+00:00,19.25,121.25,8.0,1.8,016 km N 17° E of Dalupiri Island (Calayan) (Cagayan),Ms,TECTONIC
911,2024-08-14 13:06:25+00:00,8.28,126.54,15.0,1.8,024 km S 66° E of Hinatuan (Surigao Del Sur),Ms,TECTONIC
912,2024-08-14 12:51:49+00:00,5.54,126.59,20.0,2.6,112 km S 68° E of Jose Abad Santos (Davao Occidental),Ms,TECTONIC
913,2024-08-14 12:44:22+00:00,6.23,126.07,51.0,3.3,041 km N 85° E of Don Marcelino (Davao Occidental),Ms,TECTONIC
914,2024-08-14 12:32:32+00:00,7.93,126.51,33.0,1.5,016 km S 41° E of Lingig (Surigao Del Sur),Ms,TECTONIC
915,2024-08-14 12:27:55+00:00,21.01,121.91,168.0,2.3,026 km N 16° E of Itbayat (Batanes),Ms,TECTONIC
916,2024-08-14 12:07:15+00:00,13.04,121.15,29.0,2.2,021 km S 45° W of Victoria (Oriental Mindoro),Ms,TECTONIC
917,2024-08-14 11:55:41+00:00,8.58,126.48,17.0,1.6,028 km N 35° E of Hinatuan (Surigao Del Sur),Ms,TECTONIC
918,2024-08-14 11:31:06+00:00,4.3,125.96,139.0,3.5,136 km S 26° E of Balut Island (Municipality Of Sarangani) (Davao Occidental),Ms,TECTONIC
919,2024-08-14 11:21:28+00:00,13.54,120.65,6.0,1.8,028 km S 61° W of Tingloy (Batangas),Ms,TECTONIC
920,2024-08-14 10:20:14+00:00,13.43,121.08,35.0,2.2,008 km N 13° W of Baco (Oriental Mindoro),Ms,TECTONIC
921,2024-08-14 10:15:40+00:00,13.54,121.24,4.0,3.3,012 km S 18° E of Lobo (Batangas),Ms,TECTONIC
922,2024-08-14 09:49:26+00:00,6.02,126.4,36.0,2.4,079 km S 28° E of Governor Generoso (Davao Oriental),Ms,TECTONIC
923,2024-08-14 09:00:23+00:00,8.35,123.29,23.0,2.9,018 km S 01° E of Katipunan (Zamboanga Del Norte),Ms,TECTONIC
924,2024-08-14 08:47:06+00:00,10.05,126.49,6.0,2.9,046 km N 86° E of Burgos (Surigao Del Norte),Ms,TECTONIC
925,2024-08-14 08:41:02+00:00,9.64,126.22,35.0,1.6,017 km S 23° E of General Luna (Surigao Del Norte),Ms,TECTONIC
926,2024-08-14 08:06:36+00:00,13.79,120.7,34.0,1.7,009 km S 58° E of Calatagan (Batangas),Ms,TECTONIC
927,2024-08-14 07:47:40+00:00,20.0,121.68,20.0,2.8,042 km S 29° W of Sabtang (Batanes),Ms,TECTONIC
928,2024-08-14 05:29:49+00:00,18.52,120.97,13.0,1.8,005 km S 29° W of Santa Praxedes (Cagayan),Ms,TECTONIC
929,2024-08-14 02:23:02+00:00,12.94,120.96,1.0,2.7,022 km N 60° E of Sablayan (Occidental Mindoro),Ms,TECTONIC
930,2024-08-14 02:02:40+00:00,13.47,121.22,18.0,2.0,011 km N 21° E of City Of Calapan (Oriental Mindoro),Ms,TECTONIC
931,2024-08-14 01:56:24+00:00,9.65,126.2,31.0,2.0,015 km S 19° E of General Luna (Surigao Del Norte),Ms,TECTONIC
932,2024-08-14 01:31:01+00:00,8.6,126.14,8.0,3.6,008 km N 19° E of Barobo (Surigao Del Sur),Ms,TECTONIC
933,2024-08-14 00:54:39+00:00,8.04,126.62,21.0,1.8,023 km S 90° E of Lingig (Surigao Del Sur),Ms,TECTONIC
934,2024-08-13 23:10:22+00:00,16.9,120.74,19.0,2.0,008 km N 55° W of Mankayan (Benguet),Ms,TECTONIC
935,2024-08-13 23:07:40+00:00,8.59,126.44,13.0,1.8,036 km N 80° E of Barobo (Surigao Del Sur),Ms,TECTONIC
936,2024-08-13 22:58:29+00:00,10.69,126.26,29.0,2.8,059 km S 85° E of Homonhon Island (Guiuan) (Eastern Samar),Ms,TECTONIC
937,2024-08-13 22:56:23+00:00,10.71,126.27,30.0,2.5,060 km S 87° E of Homonhon Island (Guiuan) (Eastern Samar),Ms,TECTONIC
938,2024-08-13 22:01:23+00:00,8.01,126.83,12.0,1.6,047 km S 86° E of Lingig (Surigao Del Sur),Ms,TECTONIC
939,2024-08-13 21:59:27+00:00,9.88,126.14,37.0,2.3,005 km N 65° E of Pilar (Surigao Del Norte),Ms,TECTONIC
940,2024-08-13 21:43:30+00:00,7.85,126.41,9.0,1.8,021 km S 01° E of Lingig (Surigao Del Sur),Ms,TECTONIC
941,2024-08-13 21:43:00+00:00,5.33,124.95,25.0,2.6,053 km S 79° W of Balut Island (Municipality Of Sarangani) (Davao Occidental),Ms,TECTONIC
942,2024-08-13 21:32:03+00:00,8.06,126.93,9.0,1.9,057 km N 87° E of Lingig (Surigao Del Sur),Ms,TECTONIC
943,2024-08-13 21:29:47+00:00,8.69,126.23,18.0,1.9,006 km S 05° E of San Agustin (Surigao Del Sur),Ms,TECTONIC
944,2024-08-13 21:28:26+00:00,14.08,124.72,1.0,2.8,049 km N 72° E of Bagamanoc (Catanduanes),Ms,TECTONIC
945,2024-08-13 21:11:56+00:00,8.56,122.55,58.0,2.4,054 km N 76° W of Jose Dalman (Zamboanga Del Norte),Ms,TECTONIC
946,2024-08-13 20:38:42+00:00,8.0,126.77,15.0,1.7,040 km S 83° E of Lingig (Surigao Del Sur),Ms,TECTONIC
947,2024-08-13 20:35:04+00:00,8.0,127.06,12.0,1.7,071 km N 71° E of Cateel (Davao Oriental),Ms,TECTONIC
948,2024-08-13 20:26:10+00:00,8.32,126.64,31.0,1.6,034 km S 80° E of Hinatuan (Surigao Del Sur),Ms,TECTONIC
949,2024-08-13 20:21:41+00:00,8.1,126.85,28.0,1.5,049 km N 82° E of Lingig (Surigao Del Sur),Ms,TECTONIC
950,2024-08-13 19:37:19+00:00,8.0,126.78,20.0,2.0,041 km S 84° E of Lingig (Surigao Del Sur),Ms,TECTONIC
951,2024-08-13 19:01:56+00:00,9.97,126.1,33.0,1.8,004 km N 17° E of San Isidro (Surigao Del Norte),Ms,TECTONIC
952,2024-08-13 18:35:13+00:00,8.66,127.03,2.0,1.9,083 km N 67° E of Hinatuan (Surigao Del Sur),Ms,TECTONIC
953,2024-08-13 18:15:34+00:00,8.14,126.65,33.0,1.5,029 km N 67° E of Lingig (Surigao Del Sur),Ms,TECTONIC
954,2024-08-13 18:12:23+00:00,7.99,126.77,16.0,1.5,040 km S 82° E of Lingig (Surigao Del Sur),Ms,TECTONIC
955,2024-08-13 18:02:15+00:00,8.01,126.86,12.0,1.8,049 km S 86° E of Lingig (Surigao Del Sur),Ms,TECTONIC
956,2024-08-13 18:01:57+00:00,12.91,120.97,4.0,2.8,022 km N 71° E of Sablayan (Occidental Mindoro),Ms,TECTONIC
957,2024-08-13 17:57:00+00:00,9.27,126.34,26.0,2.1,016 km S 88° E of Cortes (Surigao Del Sur),Ms,TECTONIC
958,2024-08-13 17:55:19+00:00,8.0,126.77,13.0,1.4,040 km S 83° E of Lingig (Surigao Del Sur),Ms,TECTONIC
959,2024-08-13 17:30:49+00:00,5.7,127.1,101.0,2.9,154 km S 47° E of Governor Generoso (Davao Oriental),Ms,TECTONIC
960,2024-08-13 17:27:49+00:00,8.9,126.58,31.0,1.8,031 km S 86° E of Cagwait (Surigao Del Sur),Ms,TECTONIC
961,2024-08-13 17:25:19+00:00,7.99,127.1,11.0,3.0,076 km S 86° E of Lingig (Surigao Del Sur),Ms,TECTONIC
962,2024-08-13 17:20:42+00:00,13.69,120.58,90.0,1.7,017 km S 18° W of Calatagan (Batangas),Ms,TECTONIC
963,2024-08-13 17:11:00+00:00,7.75,126.35,19.0,1.9,012 km S 71° W of Cateel (Davao Oriental),Ms,TECTONIC
964,2024-08-13 17:05:20+00:00,15.54,121.42,24.0,1.8,013 km N 41° E of Gabaldon (Nueva Ecija),Ms,TECTONIC
965,2024-08-13 17:04:01+00:00,8.3,126.39,23.0,2.4,010 km S 35° E of Hinatuan (Surigao Del Sur),Ms,TECTONIC
966,2024-08-13 16:36:18+00:00,8.03,126.98,10.0,3.0,062 km S 89° E of Lingig (Surigao Del Sur),Ms,TECTONIC
967,2024-08-13 16:36:04+00:00,5.7,126.86,1.0,2.6,137 km S 80° E of Jose Abad Santos (Davao Occidental),Ms,TECTONIC
968,2024-08-13 16:23:56+00:00,8.14,126.73,18.0,1.9,036 km N 72° E of Lingig (Surigao Del Sur),Ms,TECTONIC
969,2024-08-13 16:22:38+00:00,7.98,126.3,28.0,1.4,014 km S 63° W of Lingig (Surigao Del Sur),Ms,TECTONIC
970,2024-08-13 16:02:12+00:00,9.52,126.18,21.0,1.5,026 km S 65° E of Socorro (Surigao Del Norte),Ms,TECTONIC
971,2024-08-13 15:01:50+00:00,8.44,126.35,29.0,1.8,008 km N 07° E of Hinatuan (Surigao Del Sur),Ms,TECTONIC
972,2024-08-13 15:01:16+00:00,15.09,122.92,1.0,1.9,068 km N 03° W of Tinaga Island (Vinzons) (Camarines Norte),Ms,TECTONIC
973,2024-08-13 12:43:46+00:00,7.89,126.4,33.0,1.7,016 km S 04° W of Lingig (Surigao Del Sur),Ms,TECTONIC
974,2024-08-13 12:37:43+00:00,7.94,126.37,8.0,2.3,007 km N 03° W of Boston (Davao Oriental),Ms,TECTONIC
975,2024-08-13 12:02:34+00:00,7.78,126.48,19.0,2.2,003 km S 70° E of Cateel (Davao Oriental),Ms,TECTONIC
976,2024-08-13 10:08:11+00:00,14.01,124.48,9.0,3.2,027 km N 22° E of Gigmoto (Catanduanes),Ms,TECTONIC
977,2024-08-13 09:21:13+00:00,9.88,122.31,24.0,2.5,019 km N 47° W of City Of Sipalay (Negros Occidental),Ms,TECTONIC
978,2024-08-13 08:41:55+00:00,17.92,120.79,7.0,2.6,013 km N 87° E of Nueva Era (Ilocos Norte),Ms,TECTONIC
979,2024-08-13 08:03:22+00:00,10.31,125.23,4.0,2.1,005 km N 37° W of Anahawan (Southern Leyte),Ms,TECTONIC
980,2024-08-13 07:58:11+00:00,7.99,126.94,11.0,3.0,058 km S 85° E of Lingig (Surigao Del Sur),Ms,TECTONIC
981,2024-08-13 05:48:12+00:00,8.16,127.0,2.0,2.5,066 km N 78° E of Lingig (Surigao Del Sur),Ms,TECTONIC
982,2024-08-13 03:48:21+00:00,5.76,126.62,114.0,3.2,109 km S 81° E of Jose Abad Santos (Davao Occidental),Ms,TECTONIC
983,2024-08-13 01:49:59+00:00,8.26,126.26,21.0,1.8,009 km N 49° W of City Of Bislig (Surigao Del Sur),Ms,TECTONIC
984,2024-08-13 01:37:43+00:00,7.99,126.48,22.0,1.4,009 km S 52° E of Lingig (Surigao Del Sur),Ms,TECTONIC
985,2024-08-13 01:35:56+00:00,8.39,127.33,26.0,2.4,108 km N 69° E of Lingig (Surigao Del Sur),Ms,TECTONIC
986,2024-08-13 00:36:44+00:00,8.19,123.35,18.0,2.6,004 km N 13° E of Dumingag (Zamboanga Del Sur),Ms,TECTONIC
987,2024-08-12 23:50:00+00:00,8.31,125.9,19.0,1.5,011 km N 70° E of La Paz (Agusan Del Sur),Ms,TECTONIC
988,2024-08-12 23:41:23+00:00,9.74,122.2,19.0,2.9,026 km S 82° W of City Of Sipalay (Negros Occidental),Ms,TECTONIC
989,2024-08-12 22:22:18+00:00,7.95,126.71,15.0,2.2,037 km N 76° E of Boston (Davao Oriental),Ms,TECTONIC
990,2024-08-12 21:17:24+00:00,5.47,126.74,47.0,2.8,131 km S 68° E of Jose Abad Santos (Davao Occidental),Ms,TECTONIC
991,2024-08-12 20:58:37+00:00,8.09,123.27,11.0,4.2,006 km N 24° W of Midsalip (Zamboanga Del Sur),Ms,TECTONIC
992,2024-08-12 20:21:42+00:00,8.53,123.43,21.0,1.8,007 km East of Polanco (Zamboanga Del Norte),Ms,TECTONIC
993,2024-08-12 19:45:20+00:00,8.05,126.28,29.0,1.4,015 km N 87° W of Lingig (Surigao Del Sur),Ms,TECTONIC
994,2024-08-12 19:37:16+00:00,6.68,127.04,22.0,2.8,078 km S 58° E of Tarragona (Davao Oriental),Ms,TECTONIC
995,2024-08-12 19:34:03+00:00,8.18,125.93,35.0,1.5,007 km S 89° W of Bunawan (Agusan Del Sur),Ms,TECTONIC
996,2024-08-12 19:20:40+00:00,19.07,121.1,4.0,1.7,051 km N 02° E of Claveria (Cagayan),Ms,TECTONIC
997,2024-08-12 19:02:35+00:00,13.19,119.73,30.0,3.3,082 km S 44° W of Looc (Occidental Mindoro),Ms,TECTONIC
998,2024-08-12 18:30:24+00:00,18.42,120.98,9.0,1.8,009 km S 62° E of Adams (Ilocos Norte),Ms,TECTONIC
999,2024-08-12 18:26:59+00:00,8.98,126.32,26.0,1.5,004 km N 78° E of Bayabas (Surigao Del Sur),Ms,TECTONIC
1000,2024-08-12 18:07:34+00:00,6.5,126.4,30.0,2.3,040 km S 65° E of Governor Generoso (Davao Oriental),Ms,TECTONIC
1001,2024-08-12 17:47:38+00:00,6.93,122.17,34.0,1.6,029 km N 06° W of Akbar (Basilan),Ms,TECTONIC
1002,2024-08-12 17:34:21+00:00,7.93,126.41,26.0,1.6,012 km S 01° W of Lingig (Surigao Del Sur),Ms,TECTONIC
1003,2024-08-12 17:33:30+00:00,6.56,125.25,25.0,2.1,007 km S 04° W of Kiblawan (Davao Del Sur),Ms,TECTONIC
1004,2024-08-12 17:30:18+00:00,7.94,126.41,22.0,1.6,009 km N 22° E of Boston (Davao Oriental),Ms,TECTONIC
1005,2024-08-12 16:48:32+00:00,12.34,120.73,7.0,2.0,029 km S 62° W of Rizal (Occidental Mindoro),Ms,TECTONIC
1006,2024-08-12 16:37:33+00:00,6.44,126.8,73.0,2.5,077 km S 30° E of Tarragona (Davao Oriental),Ms,TECTONIC
1007,2024-08-12 16:09:29+00:00,7.99,126.71,11.0,1.8,033 km S 82° E of Lingig (Surigao Del Sur),Ms,TECTONIC
1008,2024-08-12 15:33:33+00:00,13.55,120.82,1.0,1.8,014 km S 25° W of Tingloy (Batangas),Ms,TECTONIC
1009,2024-08-12 15:24:07+00:00,8.06,126.51,42.0,1.7,011 km N 76° E of Lingig (Surigao Del Sur),Ms,TECTONIC
1010,2024-08-12 15:21:33+00:00,8.18,127.02,10.0,3.2,069 km N 77° E of Lingig (Surigao Del Sur),Ms,TECTONIC
1011,2024-08-12 15:08:25+00:00,8.05,127.16,12.0,3.0,082 km N 90° E of Lingig (Surigao Del Sur),Ms,TECTONIC
1012,2024-08-12 14:50:21+00:00,13.04,121.15,39.0,1.6,020 km S 43° W of Victoria (Oriental Mindoro),Ms,TECTONIC
1013,2024-08-12 14:45:51+00:00,8.17,126.99,9.0,2.8,066 km N 77° E of Lingig (Surigao Del Sur),Ms,TECTONIC
1014,2024-08-12 14:34:37+00:00,9.31,125.74,10.0,1.8,020 km N 77° E of Santiago (Agusan Del Norte),Ms,TECTONIC
1015,2024-08-12 14:27:08+00:00,9.11,126.25,19.0,1.8,010 km N 11° E of Tago (Surigao Del Sur),Ms,TECTONIC
1016,2024-08-12 14:24:38+00:00,9.02,126.25,26.0,1.7,001 km N 86° E of Tago (Surigao Del Sur),Ms,TECTONIC
1017,2024-08-12 14:19:56+00:00,7.92,127.13,1.0,2.6,080 km S 81° E of Lingig (Surigao Del Sur),Ms,TECTONIC
1018,2024-08-12 14:18:31+00:00,18.3,120.79,13.0,2.5,018 km S 80° E of Pasuquin (Ilocos Norte),Ms,TECTONIC
1019,2024-08-12 14:06:39+00:00,9.01,126.27,27.0,2.3,004 km S 78° E of Tago (Surigao Del Sur),Ms,TECTONIC
1020,2024-08-12 12:49:50+00:00,6.72,123.72,33.0,1.7,040 km N 77° W of Lebak (Sultan Kudarat),Ms,TECTONIC
1021,2024-08-12 11:58:07+00:00,6.84,123.64,1.0,3.5,052 km N 65° W of Lebak (Sultan Kudarat),Ms,TECTONIC
1022,2024-08-12 11:46:05+00:00,8.03,126.39,28.0,2.0,003 km S 59° W of Lingig (Surigao Del Sur),Ms,TECTONIC
1023,2024-08-12 11:37:54+00:00,18.17,121.1,29.0,2.0,011 km S 31° E of Calanasan (Apayao),Ms,TECTONIC
1024,2024-08-12 11:26:37+00:00,12.28,123.85,7.0,2.0,009 km N 47° E of Uson (Masbate),Ms,TECTONIC
1025,2024-08-12 11:26:32+00:00,7.97,127.3,1.0,4.2,098 km S 86° E of Lingig (Surigao Del Sur),Ms,TECTONIC
1026,2024-08-12 11:08:33+00:00,8.06,127.12,10.0,2.7,078 km N 88° E of Lingig (Surigao Del Sur),Ms,TECTONIC
1027,2024-08-12 10:17:45+00:00,8.06,127.11,15.0,3.4,077 km N 88° E of Lingig (Surigao Del Sur),Ms,TECTONIC
1028,2024-08-12 09:38:29+00:00,8.02,127.02,21.0,2.4,067 km S 88° E of Lingig (Surigao Del Sur),Ms,TECTONIC
1029,2024-08-12 09:15:13+00:00,9.56,125.76,33.0,2.6,003 km S 60° E of Claver (Surigao Del Norte),Ms,TECTONIC
1030,2024-08-12 08:40:05+00:00,8.04,127.22,13.0,2.7,089 km N 90° E of Lingig (Surigao Del Sur),Ms,TECTONIC
1031,2024-08-12 08:33:12+00:00,7.98,126.48,4.0,1.8,010 km S 48° E of Lingig (Surigao Del Sur),Ms,TECTONIC
1032,2024-08-12 08:17:46+00:00,9.96,126.07,34.0,1.7,003 km N 27° W of San Isidro (Surigao Del Norte),Ms,TECTONIC
1033,2024-08-12 07:57:32+00:00,17.99,120.94,31.0,1.5,020 km S 37° E of Carasi (Ilocos Norte),Ms,TECTONIC
1034,2024-08-12 07:52:46+00:00,7.99,127.33,1.0,4.1,097 km N 61° E of Baganga (Davao Oriental),Ms,TECTONIC
1035,2024-08-12 05:40:47+00:00,8.56,126.29,34.0,1.6,018 km N 52° E of Tagbina (Surigao Del Sur),Ms,TECTONIC
1036,2024-08-12 05:22:22+00:00,8.05,126.43,31.0,1.7,003 km N 58° E of Lingig (Surigao Del Sur),Ms,TECTONIC
1037,2024-08-12 05:15:53+00:00,8.28,126.85,2.0,2.6,055 km N 61° E of Lingig (Surigao Del Sur),Ms,TECTONIC
1038,2024-08-12 05:14:34+00:00,14.13,120.33,89.0,2.8,034 km N 79° W of Nasugbu (Batangas),Ms,TECTONIC
1039,2024-08-12 04:49:46+00:00,8.8,126.54,24.0,1.8,026 km N 90° E of Marihatag (Surigao Del Sur),Ms,TECTONIC
1040,2024-08-12 02:47:51+00:00,8.12,126.22,32.0,1.8,015 km S 47° W of City Of Bislig (Surigao Del Sur),Ms,TECTONIC
1041,2024-08-12 02:41:12+00:00,10.34,126.07,17.0,2.4,036 km N 01° W of Burgos (Surigao Del Norte),Ms,TECTONIC
1042,2024-08-12 02:17:26+00:00,7.35,127.29,32.0,2.2,080 km N 88° E of Caraga (Davao Oriental),Ms,TECTONIC
1043,2024-08-12 02:10:41+00:00,9.78,126.25,25.0,2.3,010 km S 86° E of General Luna (Surigao Del Norte),Ms,TECTONIC
1044,2024-08-12 02:05:18+00:00,8.36,125.97,29.0,1.6,004 km S 60° W of Rosario (Agusan Del Sur),Ms,TECTONIC
1045,2024-08-12 01:37:46+00:00,9.97,126.11,33.0,1.7,005 km N 36° E of San Isidro (Surigao Del Norte),Ms,TECTONIC
1046,2024-08-12 00:57:46+00:00,13.21,122.46,1.0,2.5,016 km S 23° W of San Francisco (Quezon),Ms,TECTONIC
1047,2024-08-12 00:14:29+00:00,8.08,127.14,1.0,3.4,080 km N 87° E of Lingig (Surigao Del Sur),Ms,TECTONIC
1048,2024-08-12 00:04:30+00:00,9.32,122.37,31.0,2.3,031 km S 72° W of Basay (Negros Oriental),Ms,TECTONIC
1049,2024-08-11 23:03:06+00:00,9.95,125.9,33.0,2.3,011 km N 39° W of Del Carmen (Surigao Del Norte),Ms,TECTONIC
1050,2024-08-11 22:55:11+00:00,7.98,126.95,14.0,2.4,060 km S 84° E of Lingig (Surigao Del Sur),Ms,TECTONIC
1051,2024-08-11 22:55:08+00:00,7.76,122.89,2.0,3.4,006 km N 20° E of Siay (Zamboanga Sibugay),Ms,TECTONIC
1052,2024-08-11 22:12:43+00:00,7.39,126.12,13.0,2.3,017 km S 06° W of New Bataan (Davao De Oro),Ms,TECTONIC
1053,2024-08-11 22:08:05+00:00,9.61,126.15,15.0,2.1,020 km S 32° E of Dapa (Surigao Del Norte),Ms,TECTONIC
1054,2024-08-11 20:59:35+00:00,7.15,126.76,24.0,3.8,023 km S 67° E of Manay (Davao Oriental),Ms,TECTONIC
1055,2024-08-11 20:51:10+00:00,7.79,127.4,1.0,3.6,113 km S 76° E of Lingig (Surigao Del Sur),Ms,TECTONIC
1056,2024-08-11 20:02:36+00:00,8.07,127.15,14.0,3.8,082 km N 87° E of Lingig (Surigao Del Sur),Ms,TECTONIC
1057,2024-08-11 19:46:10+00:00,13.78,125.44,33.0,3.2,114 km S 90° E of Gigmoto (Catanduanes),Ms,TECTONIC
1058,2024-08-11 19:14:49+00:00,8.51,126.02,22.0,1.9,005 km N 88° E of San Francisco (Agusan Del Sur),Ms,TECTONIC
1059,2024-08-11 18:51:29+00:00,9.32,125.91,13.0,2.5,007 km S 74° W of Cantilan (Surigao Del Sur),Ms,TECTONIC
1060,2024-08-11 18:47:33+00:00,7.76,122.89,1.0,3.8,007 km N 24° E of Siay (Zamboanga Sibugay),Ms,TECTONIC
1061,2024-08-11 18:46:06+00:00,7.19,126.02,43.0,2.0,016 km S 39° W of Maragusan (Davao De Oro),Ms,TECTONIC
1062,2024-08-11 18:35:56+00:00,4.32,126.7,30.0,3.5,186 km S 49° E of Balut Island (Municipality Of Sarangani) (Davao Occidental),Ms,TECTONIC
1063,2024-08-11 18:26:00+00:00,8.83,126.53,55.0,2.1,027 km S 69° E of Cagwait (Surigao Del Sur),Ms,TECTONIC
1064,2024-08-11 18:19:19+00:00,8.1,126.72,20.0,2.0,035 km N 78° E of Lingig (Surigao Del Sur),Ms,TECTONIC
1065,2024-08-11 18:15:40+00:00,18.05,120.83,60.0,2.1,008 km S 50° E of Solsona (Ilocos Norte),Ms,TECTONIC
1066,2024-08-11 18:03:04+00:00,10.26,124.8,21.0,2.0,003 km S 33° E of Matalom (Leyte),Ms,TECTONIC
1067,2024-08-11 17:34:16+00:00,8.44,125.72,68.0,2.6,007 km S 83° W of Talacogon (Agusan Del Sur),Ms,TECTONIC
1068,2024-08-11 17:30:53+00:00,6.27,126.27,127.0,2.5,048 km S 28° E of Governor Generoso (Davao Oriental),Ms,TECTONIC
1069,2024-08-11 16:59:23+00:00,8.09,126.8,11.0,2.0,043 km N 82° E of Lingig (Surigao Del Sur),Ms,TECTONIC
1070,2024-08-11 16:58:33+00:00,8.12,126.07,1.0,1.8,009 km N 06° E of Trento (Agusan Del Sur),Ms,TECTONIC
1071,2024-08-11 15:57:47+00:00,12.21,123.88,6.0,2.6,003 km N 45° E of Dimasalang (Masbate),Ms,TECTONIC
1072,2024-08-11 15:37:18+00:00,8.03,126.68,17.0,2.4,030 km S 89° E of Lingig (Surigao Del Sur),Ms,TECTONIC
1073,2024-08-11 15:27:57+00:00,9.02,126.78,14.0,2.5,054 km N 78° E of Cagwait (Surigao Del Sur),Ms,TECTONIC
1074,2024-08-11 15:02:00+00:00,9.09,126.57,25.0,3.8,035 km N 67° E of Bayabas (Surigao Del Sur),Ms,TECTONIC
1075,2024-08-11 14:56:48+00:00,18.07,120.69,50.0,2.2,003 km N 21° E of Marcos (Ilocos Norte),Ms,TECTONIC
1076,2024-08-11 14:30:09+00:00,8.06,126.68,18.0,2.0,030 km N 86° E of Lingig (Surigao Del Sur),Ms,TECTONIC
1077,2024-08-11 14:24:07+00:00,9.7,122.15,10.0,3.2,036 km N 72° W of Hinoba-an (Negros Occidental),Ms,TECTONIC
1078,2024-08-11 14:05:07+00:00,10.0,125.94,24.0,1.8,009 km N 62° W of San Benito (Surigao Del Norte),Ms,TECTONIC
1079,2024-08-11 13:50:43+00:00,7.95,126.61,14.0,1.8,024 km S 67° E of Lingig (Surigao Del Sur),Ms,TECTONIC
1080,2024-08-11 13:32:10+00:00,6.64,126.08,30.0,2.6,001 km S 18° E of Governor Generoso (Davao Oriental),Ms,TECTONIC
1081,2024-08-11 13:25:19+00:00,6.55,126.24,2.0,2.5,022 km S 59° E of Governor Generoso (Davao Oriental),Ms,TECTONIC
1082,2024-08-11 13:23:17+00:00,6.42,126.47,1.0,2.7,070 km S 02° E of Tarragona (Davao Oriental),Ms,TECTONIC
1083,2024-08-11 12:09:13+00:00,8.3,127.11,6.0,2.0,082 km N 70° E of Lingig (Surigao Del Sur),Ms,TECTONIC
1084,2024-08-11 10:52:26+00:00,12.68,125.7,25.0,2.9,053 km N 65° E of Mapanas (Northern Samar),Ms,TECTONIC
1085,2024-08-11 09:59:43+00:00,8.72,126.53,16.0,2.0,026 km S 71° E of Marihatag (Surigao Del Sur),Ms,TECTONIC
1086,2024-08-11 08:44:55+00:00,6.62,126.71,25.0,2.7,056 km S 31° E of Tarragona (Davao Oriental),Ms,TECTONIC
1087,2024-08-11 08:30:47+00:00,13.78,120.6,108.0,2.2,007 km S 33° W of Calatagan (Batangas),Ms,TECTONIC
1088,2024-08-11 06:08:43+00:00,4.55,125.88,148.0,3.4,108 km S 28° E of Balut Island (Municipality Of Sarangani) (Davao Occidental),Ms,TECTONIC
1089,2024-08-11 06:06:48+00:00,18.69,120.94,10.0,4.2,022 km N 47° E of Pagudpud (Ilocos Norte),Ms,TECTONIC
1090,2024-08-11 04:56:05+00:00,7.86,126.75,10.0,1.9,037 km N 34° E of Baganga (Davao Oriental),Ms,TECTONIC
1091,2024-08-11 04:29:56+00:00,7.88,126.99,9.0,1.7,066 km S 74° E of Lingig (Surigao Del Sur),Ms,TECTONIC
1092,2024-08-11 03:38:00+00:00,7.9,126.78,16.0,1.8,043 km S 69° E of Lingig (Surigao Del Sur),Ms,TECTONIC
1093,2024-08-11 03:36:53+00:00,7.84,126.75,24.0,1.9,033 km N 80° E of Cateel (Davao Oriental),Ms,TECTONIC
1094,2024-08-11 03:33:21+00:00,7.95,126.65,18.0,2.2,028 km S 68° E of Lingig (Surigao Del Sur),Ms,TECTONIC
1095,2024-08-11 02:26:07+00:00,13.78,120.57,142.0,1.9,009 km S 50° W of Calatagan (Batangas),Ms,TECTONIC
1096,2024-08-11 01:21:57+00:00,10.44,126.06,17.0,2.5,047 km N 02° W of Burgos (Surigao Del Norte),Ms,TECTONIC
1097,2024-08-11 00:59:40+00:00,8.19,126.88,13.0,3.3,054 km N 72° E of Lingig (Surigao Del Sur),Ms,TECTONIC
1098,2024-08-11 00:58:24+00:00,12.08,125.07,22.0,2.8,006 km N 56° E of San Jose De Buan (Samar),Ms,TECTONIC
1099,2024-08-11 00:52:27+00:00,8.24,127.15,1.0,4.4,084 km N 75° E of Lingig (Surigao Del Sur),Ms,TECTONIC
1100,2024-08-11 00:43:57+00:00,4.68,125.49,145.0,3.3,082 km S 05° E of Balut Island (Municipality Of Sarangani) (Davao Occidental),Ms,TECTONIC
1101,2024-08-10 23:57:38+00:00,17.63,122.27,25.0,2.3,027 km N 08° E of Maconacon (Isabela),Ms,TECTONIC
1102,2024-08-10 22:43:43+00:00,8.52,126.08,25.0,2.0,005 km S 74° W of Barobo (Surigao Del Sur),Ms,TECTONIC
1103,2024-08-10 22:35:37+00:00,8.2,127.1,15.0,2.8,078 km N 76° E of Lingig (Surigao Del Sur),Ms,TECTONIC
1104,2024-08-10 22:28:24+00:00,13.05,121.56,18.0,3.9,008 km N 77° E of Pinamalayan (Oriental Mindoro),Ms,TECTONIC
1105,2024-08-10 22:22:13+00:00,8.21,126.86,5.0,2.5,053 km N 69° E of Lingig (Surigao Del Sur),Ms,TECTONIC
1106,2024-08-10 21:29:19+00:00,8.41,126.12,122.0,2.2,007 km S 44° W of Tagbina (Surigao Del Sur),Ms,TECTONIC
1107,2024-08-10 20:51:35+00:00,10.36,126.1,16.0,2.4,038 km N 03° E of Burgos (Surigao Del Norte),Ms,TECTONIC
1108,2024-08-10 20:37:45+00:00,11.22,124.64,3.0,2.8,010 km N 68° E of Kananga (Leyte),Ms,TECTONIC
1109,2024-08-10 20:30:12+00:00,6.76,126.01,32.0,2.4,012 km S 47° W of San Isidro (Davao Oriental),Ms,TECTONIC
1110,2024-08-10 20:19:55+00:00,13.78,120.6,186.0,2.8,007 km S 29° W of Calatagan (Batangas),Ms,TECTONIC
1111,2024-08-10 20:18:28+00:00,7.33,126.79,23.0,2.5,025 km N 89° E of Caraga (Davao Oriental),Ms,TECTONIC
1112,2024-08-10 20:11:04+00:00,7.78,127.27,4.0,4.0,099 km S 73° E of Lingig (Surigao Del Sur),Ms,TECTONIC
1113,2024-08-10 19:27:23+00:00,13.74,120.61,104.0,2.1,011 km S 11° W of Calatagan (Batangas),Ms,TECTONIC
1114,2024-08-10 19:24:09+00:00,8.58,126.13,10.0,2.5,006 km N 04° E of Barobo (Surigao Del Sur),Ms,TECTONIC
1115,2024-08-10 19:12:44+00:00,8.7,126.51,31.0,3.7,025 km S 65° E of Marihatag (Surigao Del Sur),Ms,TECTONIC
1116,2024-08-10 18:50:49+00:00,11.81,125.5,33.0,1.7,005 km S 81° E of Sulat (Eastern Samar),Ms,TECTONIC
1117,2024-08-10 18:34:22+00:00,16.02,119.87,21.0,2.1,003 km N 26° W of Dasol (Pangasinan),Ms,TECTONIC
1118,2024-08-10 18:28:14+00:00,9.75,126.4,20.0,2.5,027 km S 83° E of General Luna (Surigao Del Norte),Ms,TECTONIC
1119,2024-08-10 18:07:55+00:00,8.04,126.44,30.0,1.9,003 km N 86° E of Lingig (Surigao Del Sur),Ms,TECTONIC
1120,2024-08-10 18:06:29+00:00,7.84,126.33,6.0,1.5,024 km S 21° W of Lingig (Surigao Del Sur),Ms,TECTONIC
1121,2024-08-10 17:24:11+00:00,11.82,124.14,3.0,2.1,012 km S 56° E of Pio V. Corpus (Masbate),Ms,TECTONIC
1122,2024-08-10 17:05:03+00:00,6.55,127.3,14.0,3.3,109 km S 59° E of Tarragona (Davao Oriental),Ms,TECTONIC
1123,2024-08-10 16:43:04+00:00,13.89,120.52,104.0,2.1,014 km N 63° W of Calatagan (Batangas),Ms,TECTONIC
1124,2024-08-10 15:30:55+00:00,4.75,125.05,37.0,3.1,084 km S 29° W of Balut Island (Municipality Of Sarangani) (Davao Occidental),Ms,TECTONIC
1125,2024-08-10 14:49:16+00:00,8.15,126.68,25.0,2.2,032 km N 67° E of Lingig (Surigao Del Sur),Ms,TECTONIC
1126,2024-08-10 14:39:24+00:00,7.85,126.88,11.0,2.4,055 km S 68° E of Lingig (Surigao Del Sur),Ms,TECTONIC
1127,2024-08-10 14:08:48+00:00,5.8,126.11,135.0,4.1,053 km S 76° E of Jose Abad Santos (Davao Occidental),Ms,TECTONIC
1128,2024-08-10 13:51:08+00:00,7.76,127.09,10.0,3.4,061 km N 71° E of Baganga (Davao Oriental),Ms,TECTONIC
1129,2024-08-10 13:44:51+00:00,8.39,126.3,31.0,1.8,005 km N 60° W of Hinatuan (Surigao Del Sur),Ms,TECTONIC
1130,2024-08-10 12:04:17+00:00,7.85,127.15,16.0,2.8,083 km S 76° E of Lingig (Surigao Del Sur),Ms,TECTONIC
1131,2024-08-10 11:54:15+00:00,9.81,127.3,5.0,1.4,126 km N 88° E of General Luna (Surigao Del Norte),Ms,TECTONIC
1132,2024-08-10 11:43:53+00:00,8.18,127.0,14.0,2.5,066 km N 77° E of Lingig (Surigao Del Sur),Ms,TECTONIC
1133,2024-08-10 10:54:17+00:00,8.01,126.93,11.0,2.9,057 km S 87° E of Lingig (Surigao Del Sur),Ms,TECTONIC
1134,2024-08-10 10:46:24+00:00,8.5,126.31,94.0,2.3,015 km N 10° W of Hinatuan (Surigao Del Sur),Ms,TECTONIC
1135,2024-08-10 10:22:00+00:00,14.74,119.98,29.0,1.9,032 km N 78° W of Morong (Bataan),Ms,TECTONIC
1136,2024-08-10 10:13:42+00:00,10.7,125.76,12.0,2.4,006 km S 37° E of Homonhon Island (Guiuan) (Eastern Samar),Ms,TECTONIC
1137,2024-08-10 10:11:25+00:00,7.46,124.91,4.0,2.6,004 km S 47° W of Damulog (Bukidnon),Ms,TECTONIC
1138,2024-08-10 09:29:31+00:00,7.74,122.16,5.0,1.7,005 km N 41° E of Siocon (Zamboanga Del Norte),Ms,TECTONIC
1139,2024-08-10 09:23:16+00:00,8.08,126.63,22.0,2.3,024 km N 79° E of Lingig (Surigao Del Sur),Ms,TECTONIC
1140,2024-08-10 08:23:34+00:00,17.55,122.21,12.0,1.7,018 km N 10° W of Maconacon (Isabela),Ms,TECTONIC
1141,2024-08-10 08:21:49+00:00,7.8,127.08,24.0,3.0,078 km S 70° E of Lingig (Surigao Del Sur),Ms,TECTONIC
1142,2024-08-10 08:04:59+00:00,8.07,127.34,1.0,2.6,102 km N 88° E of Lingig (Surigao Del Sur),Ms,TECTONIC
1143,2024-08-10 07:56:24+00:00,8.49,126.85,7.0,2.3,058 km N 76° E of Hinatuan (Surigao Del Sur),Ms,TECTONIC
1144,2024-08-10 07:04:55+00:00,17.55,119.28,19.0,3.6,115 km S 88° W of Santa Catalina (Ilocos Sur),Ms,TECTONIC
1145,2024-08-10 06:31:36+00:00,17.63,119.22,29.0,4.0,122 km N 88° W of Santa Catalina (Ilocos Sur),Ms,TECTONIC
1146,2024-08-10 06:04:43+00:00,9.11,122.54,17.0,2.4,035 km S 18° W of Basay (Negros Oriental),Ms,TECTONIC
1147,2024-08-10 05:14:33+00:00,5.36,126.81,70.0,4.8,143 km S 65° E of Jose Abad Santos (Davao Occidental),Ms,TECTONIC
1148,2024-08-10 05:01:47+00:00,6.65,126.87,56.0,2.2,064 km S 47° E of Tarragona (Davao Oriental),Ms,TECTONIC
1149,2024-08-10 02:27:04+00:00,9.01,126.57,12.0,2.4,031 km N 72° E of Cagwait (Surigao Del Sur),Ms,TECTONIC
1150,2024-08-10 01:31:09+00:00,13.68,120.34,12.0,1.6,011 km S 64° E of Looc (Occidental Mindoro),Ms,TECTONIC
1151,2024-08-10 01:01:48+00:00,16.07,120.51,120.0,2.4,004 km N 34° E of Manaoag (Pangasinan),Ms,TECTONIC
1152,2024-08-09 23:58:18+00:00,10.42,126.29,14.0,2.5,050 km N 29° E of Burgos (Surigao Del Norte),Ms,TECTONIC
1153,2024-08-09 23:22:35+00:00,10.38,125.9,25.0,2.3,035 km N 86° E of Loreto (Dinagat Islands),Ms,TECTONIC
1154,2024-08-09 22:44:23+00:00,8.05,126.72,29.0,1.8,034 km N 88° E of Lingig (Surigao Del Sur),Ms,TECTONIC
1155,2024-08-09 22:28:51+00:00,8.74,126.48,15.0,1.7,022 km S 72° E of Marihatag (Surigao Del Sur),Ms,TECTONIC
1156,2024-08-09 21:54:54+00:00,12.13,123.91,6.0,2.4,002 km S 42° W of Palanas (Masbate),Ms,TECTONIC
1157,2024-08-09 21:44:33+00:00,8.05,126.91,10.0,2.0,054 km N 89° E of Lingig (Surigao Del Sur),Ms,TECTONIC
1158,2024-08-09 21:30:03+00:00,6.13,126.83,52.0,2.6,102 km S 55° E of Governor Generoso (Davao Oriental),Ms,TECTONIC
1159,2024-08-09 21:00:15+00:00,7.7,121.44,16.0,1.8,077 km S 90° W of Siocon (Zamboanga Del Norte),Ms,TECTONIC
1160,2024-08-09 20:55:55+00:00,13.37,120.17,13.0,2.6,032 km S 81° W of Paluan (Occidental Mindoro),Ms,TECTONIC
1161,2024-08-09 20:34:31+00:00,8.17,126.91,7.0,3.8,057 km N 75° E of Lingig (Surigao Del Sur),Ms,TECTONIC
1162,2024-08-09 20:01:10+00:00,17.46,120.56,33.0,1.6,004 km S 86° W of San Isidro (Abra),Ms,TECTONIC
1163,2024-08-09 19:58:46+00:00,7.96,126.99,9.0,4.2,064 km S 82° E of Lingig (Surigao Del Sur),Ms,TECTONIC
1164,2024-08-09 19:44:01+00:00,17.69,122.69,33.0,2.7,058 km N 46° E of Divilacan (Isabela),Ms,TECTONIC
1165,2024-08-09 19:42:57+00:00,8.07,126.85,15.0,2.6,049 km N 85° E of Lingig (Surigao Del Sur),Ms,TECTONIC
1166,2024-08-09 19:27:34+00:00,8.65,126.27,33.0,1.6,012 km S 27° E of San Agustin (Surigao Del Sur),Ms,TECTONIC
1167,2024-08-09 19:25:42+00:00,18.73,120.87,20.0,3.6,020 km N 25° E of Pagudpud (Ilocos Norte),Ms,TECTONIC
1168,2024-08-09 19:20:58+00:00,8.72,126.68,9.0,3.0,043 km S 78° E of Marihatag (Surigao Del Sur),Ms,TECTONIC
1169,2024-08-09 18:22:11+00:00,9.35,126.16,13.0,1.9,009 km N 22° W of Cortes (Surigao Del Sur),Ms,TECTONIC
1170,2024-08-09 18:20:28+00:00,9.23,125.6,13.0,2.6,006 km S 50° E of Santiago (Agusan Del Norte),Ms,TECTONIC
1171,2024-08-09 18:17:12+00:00,7.32,126.87,30.0,2.5,033 km S 89° E of Caraga (Davao Oriental),Ms,TECTONIC
1172,2024-08-09 17:45:16+00:00,12.89,124.58,31.0,1.7,033 km N 46° E of Biri (Northern Samar),Ms,TECTONIC
1173,2024-08-09 17:36:31+00:00,13.87,122.83,1.0,2.4,006 km N 37° E of Ragay (Camarines Sur),Ms,TECTONIC
1174,2024-08-09 17:23:42+00:00,9.89,122.0,1.0,3.8,049 km N 74° W of City Of Sipalay (Negros Occidental),Ms,TECTONIC
1175,2024-08-09 17:12:06+00:00,8.28,126.88,10.0,1.9,058 km N 62° E of Lingig (Surigao Del Sur),Ms,TECTONIC
1176,2024-08-09 17:08:21+00:00,8.02,126.43,27.0,2.0,003 km S 39° E of Lingig (Surigao Del Sur),Ms,TECTONIC
1177,2024-08-09 17:06:03+00:00,7.82,126.66,33.0,1.4,036 km S 49° E of Lingig (Surigao Del Sur),Ms,TECTONIC
1178,2024-08-09 16:56:45+00:00,7.54,126.77,10.0,1.8,024 km S 80° E of Baganga (Davao Oriental),Ms,TECTONIC
1179,2024-08-09 16:51:52+00:00,8.13,126.67,33.0,1.7,030 km N 70° E of Lingig (Surigao Del Sur),Ms,TECTONIC
1180,2024-08-09 16:48:49+00:00,8.98,126.39,33.0,1.5,012 km N 82° E of Bayabas (Surigao Del Sur),Ms,TECTONIC
1181,2024-08-09 16:36:53+00:00,8.01,126.77,16.0,1.6,039 km S 85° E of Lingig (Surigao Del Sur),Ms,TECTONIC
1182,2024-08-09 16:26:50+00:00,8.02,126.48,9.0,1.8,007 km S 73° E of Lingig (Surigao Del Sur),Ms,TECTONIC
1183,2024-08-09 16:16:02+00:00,8.09,126.78,12.0,2.1,041 km N 82° E of Lingig (Surigao Del Sur),Ms,TECTONIC
1184,2024-08-09 16:02:22+00:00,8.02,127.22,1.0,3.2,090 km S 88° E of Lingig (Surigao Del Sur),Ms,TECTONIC
1185,2024-08-09 15:50:01+00:00,8.01,126.51,4.0,2.0,012 km S 73° E of Lingig (Surigao Del Sur),Ms,TECTONIC
1186,2024-08-09 15:42:52+00:00,8.64,126.75,4.0,2.0,054 km N 56° E of Hinatuan (Surigao Del Sur),Ms,TECTONIC
1187,2024-08-09 15:21:20+00:00,3.23,126.94,103.0,3.9,294 km S 35° E of Balut Island (Municipality Of Sarangani) (Davao Occidental),Ms,TECTONIC
1188,2024-08-09 15:02:53+00:00,8.14,126.64,29.0,1.7,028 km N 67° E of Lingig (Surigao Del Sur),Ms,TECTONIC
1189,2024-08-09 14:44:00+00:00,13.66,120.63,101.0,1.8,019 km South of Calatagan (Batangas),Ms,TECTONIC
1190,2024-08-09 14:20:51+00:00,7.96,126.74,17.0,2.1,037 km S 76° E of Lingig (Surigao Del Sur),Ms,TECTONIC
1191,2024-08-09 14:17:25+00:00,11.02,121.81,9.0,2.4,023 km N 61° W of Patnongon (Antique),Ms,TECTONIC
1192,2024-08-09 14:14:48+00:00,9.81,126.11,33.0,1.5,005 km N 60° W of General Luna (Surigao Del Norte),Ms,TECTONIC
1193,2024-08-09 14:12:09+00:00,18.54,120.83,9.0,1.8,004 km N 49° E of Dumalneg (Ilocos Norte),Ms,TECTONIC
1194,2024-08-09 14:08:30+00:00,18.2,120.93,8.0,1.8,013 km S 63° W of Calanasan (Apayao),Ms,TECTONIC
1195,2024-08-09 14:04:43+00:00,17.56,122.24,54.0,2.4,019 km N 02° E of Maconacon (Isabela),Ms,TECTONIC
1196,2024-08-09 14:04:24+00:00,12.48,124.78,16.0,2.0,005 km S 38° E of Mondragon (Northern Samar),Ms,TECTONIC
1197,2024-08-09 13:55:31+00:00,8.03,125.56,27.0,1.6,028 km N 63° E of San Fernando (Bukidnon),Ms,TECTONIC
1198,2024-08-09 13:51:06+00:00,8.09,126.52,28.0,1.7,013 km N 63° E of Lingig (Surigao Del Sur),Ms,TECTONIC
1199,2024-08-09 13:42:15+00:00,15.19,122.17,20.0,2.2,044 km N 29° E of Burdeos (Quezon),Ms,TECTONIC
1200,2024-08-09 13:42:09+00:00,8.43,127.01,35.0,2.0,075 km N 85° E of Hinatuan (Surigao Del Sur),Ms,TECTONIC
1201,2024-08-09 13:25:44+00:00,6.63,127.12,130.0,2.2,087 km S 58° E of Tarragona (Davao Oriental),Ms,TECTONIC
1202,2024-08-09 13:20:32+00:00,13.74,120.1,37.0,1.7,014 km S 12° W of Lubang (Occidental Mindoro),Ms,TECTONIC
1203,2024-08-09 13:18:53+00:00,10.32,125.3,29.0,2.0,007 km N 46° E of Anahawan (Southern Leyte),Ms,TECTONIC
1204,2024-08-09 12:59:38+00:00,8.04,126.43,31.0,1.6,002 km N 81° E of Lingig (Surigao Del Sur),Ms,TECTONIC
1205,2024-08-09 12:51:14+00:00,7.99,126.87,6.0,2.1,050 km S 84° E of Lingig (Surigao Del Sur),Ms,TECTONIC
1206,2024-08-09 12:35:41+00:00,8.03,126.39,28.0,1.7,003 km S 63° W of Lingig (Surigao Del Sur),Ms,TECTONIC
1207,2024-08-09 12:22:29+00:00,8.61,125.95,5.0,3.6,004 km N 63° E of Prosperidad (Agusan Del Sur),Ms,TECTONIC
1208,2024-08-09 12:01:12+00:00,5.97,126.17,24.0,2.5,058 km S 65° E of Don Marcelino (Davao Occidental),Ms,TECTONIC
1209,2024-08-09 10:40:13+00:00,13.64,120.57,89.0,1.9,022 km S 16° W of Calatagan (Batangas),Ms,TECTONIC
1210,2024-08-09 09:41:00+00:00,7.91,126.73,14.0,2.1,037 km S 68° E of Lingig (Surigao Del Sur),Ms,TECTONIC
1211,2024-08-09 09:01:02+00:00,8.62,125.97,6.0,2.7,014 km S 83° W of Lianga (Surigao Del Sur),Ms,TECTONIC
1212,2024-08-09 08:52:58+00:00,8.57,125.9,17.0,1.8,003 km S 29° W of Prosperidad (Agusan Del Sur),Ms,TECTONIC
1213,2024-08-09 08:37:50+00:00,8.03,126.67,22.0,2.5,029 km S 87° E of Lingig (Surigao Del Sur),Ms,TECTONIC
1214,2024-08-09 08:28:08+00:00,8.76,126.31,130.0,2.1,005 km S 14° E of Marihatag (Surigao Del Sur),Ms,TECTONIC
1215,2024-08-09 06:48:01+00:00,8.37,126.66,17.0,2.7,046 km N 37° E of Lingig (Surigao Del Sur),Ms,TECTONIC
1216,2024-08-09 05:30:44+00:00,8.04,126.3,28.0,1.9,013 km S 89° W of Lingig (Surigao Del Sur),Ms,TECTONIC
1217,2024-08-09 05:18:49+00:00,15.0,120.17,107.0,2.1,003 km N 28° E of San Marcelino (Zambales),Ms,TECTONIC
1218,2024-08-09 04:25:14+00:00,9.5,125.39,1.0,2.7,015 km S 74° W of Mainit (Surigao Del Norte),Ms,TECTONIC
1219,2024-08-09 03:34:05+00:00,13.52,120.37,2.0,1.7,015 km N 42° W of Paluan (Occidental Mindoro),Ms,TECTONIC
1220,2024-08-09 02:27:44+00:00,7.88,126.63,23.0,1.6,029 km S 54° E of Lingig (Surigao Del Sur),Ms,TECTONIC
1221,2024-08-09 01:49:17+00:00,5.44,126.26,1.0,3.0,086 km S 52° E of Jose Abad Santos (Davao Occidental),Ms,TECTONIC
1222,2024-08-09 00:17:52+00:00,7.96,126.78,17.0,2.1,041 km S 78° E of Lingig (Surigao Del Sur),Ms,TECTONIC
1223,2024-08-09 00:11:20+00:00,7.88,127.01,1.0,3.3,068 km S 75° E of Lingig (Surigao Del Sur),Ms,TECTONIC
1224,2024-08-08 23:11:15+00:00,8.14,126.58,32.0,1.6,021 km N 57° E of Lingig (Surigao Del Sur),Ms,TECTONIC
1225,2024-08-08 22:27:21+00:00,11.8,124.98,32.0,2.4,003 km N 48° W of Motiong (Samar),Ms,TECTONIC
1226,2024-08-08 21:58:07+00:00,8.69,126.5,26.0,2.3,025 km S 63° E of Marihatag (Surigao Del Sur),Ms,TECTONIC
1227,2024-08-08 21:38:27+00:00,7.97,126.4,26.0,1.6,007 km S 10° W of Lingig (Surigao Del Sur),Ms,TECTONIC
1228,2024-08-08 21:36:08+00:00,14.67,120.02,42.0,1.8,027 km S 88° W of Morong (Bataan),Ms,TECTONIC
1229,2024-08-08 21:26:58+00:00,8.83,126.57,15.0,1.6,030 km N 83° E of Marihatag (Surigao Del Sur),Ms,TECTONIC
1230,2024-08-08 21:11:09+00:00,7.13,126.92,17.0,2.8,042 km S 78° E of Manay (Davao Oriental),Ms,TECTONIC
1231,2024-08-08 20:51:04+00:00,8.08,126.82,13.0,2.2,045 km N 85° E of Lingig (Surigao Del Sur),Ms,TECTONIC
1232,2024-08-08 20:06:32+00:00,17.79,119.86,9.0,3.3,058 km N 67° W of Santa Catalina (Ilocos Sur),Ms,TECTONIC
1233,2024-08-08 20:01:57+00:00,5.64,125.23,33.0,2.2,020 km S 09° E of Glan (Sarangani),Ms,TECTONIC
1234,2024-08-08 20:00:54+00:00,9.09,126.3,21.0,3.3,011 km N 42° E of Tago (Surigao Del Sur),Ms,TECTONIC
1235,2024-08-08 19:56:32+00:00,8.05,126.43,21.0,2.2,003 km N 59° E of Lingig (Surigao Del Sur),Ms,TECTONIC
1236,2024-08-08 19:07:30+00:00,8.19,126.91,2.0,3.2,057 km N 73° E of Lingig (Surigao Del Sur),Ms,TECTONIC
1237,2024-08-08 19:01:11+00:00,8.55,126.47,30.0,1.7,025 km N 34° E of Hinatuan (Surigao Del Sur),Ms,TECTONIC
1238,2024-08-08 18:07:22+00:00,9.86,125.96,21.0,2.6,002 km S 58° W of Del Carmen (Surigao Del Norte),Ms,TECTONIC
1239,2024-08-08 17:43:28+00:00,9.9,122.41,13.0,2.4,015 km N 11° W of City Of Sipalay (Negros Occidental),Ms,TECTONIC
1240,2024-08-08 17:37:33+00:00,7.97,126.77,25.0,2.4,041 km S 80° E of Lingig (Surigao Del Sur),Ms,TECTONIC
1241,2024-08-08 17:00:24+00:00,13.4,120.2,10.0,2.0,028 km S 87° W of Paluan (Occidental Mindoro),Ms,TECTONIC
1242,2024-08-08 16:56:33+00:00,8.12,126.74,18.0,2.3,037 km N 76° E of Lingig (Surigao Del Sur),Ms,TECTONIC
1243,2024-08-08 16:23:34+00:00,7.97,126.64,15.0,2.4,026 km S 74° E of Lingig (Surigao Del Sur),Ms,TECTONIC
1244,2024-08-08 16:20:51+00:00,7.09,126.87,20.0,2.4,039 km S 70° E of Manay (Davao Oriental),Ms,TECTONIC
1245,2024-08-08 16:00:40+00:00,8.01,126.64,21.0,1.6,025 km S 82° E of Lingig (Surigao Del Sur),Ms,TECTONIC
1246,2024-08-08 15:59:39+00:00,8.15,126.85,7.0,2.5,050 km N 75° E of Lingig (Surigao Del Sur),Ms,TECTONIC
1247,2024-08-08 15:51:24+00:00,8.32,126.24,30.0,1.9,011 km S 64° W of Hinatuan (Surigao Del Sur),Ms,TECTONIC
1248,2024-08-08 15:49:10+00:00,11.73,125.19,30.0,1.7,014 km N 78° E of Hinabangan (Samar),Ms,TECTONIC
1249,2024-08-08 15:29:30+00:00,7.04,127.07,15.0,3.2,062 km S 72° E of Manay (Davao Oriental),Ms,TECTONIC
1250,2024-08-08 15:12:31+00:00,8.12,126.72,20.0,1.7,035 km N 75° E of Lingig (Surigao Del Sur),Ms,TECTONIC
1251,2024-08-08 15:09:28+00:00,7.96,126.91,14.0,2.4,056 km S 80° E of Lingig (Surigao Del Sur),Ms,TECTONIC
1252,2024-08-08 14:52:34+00:00,15.66,121.88,3.0,2.0,035 km S 72° E of Baler (Aurora),Ms,TECTONIC
1253,2024-08-08 14:32:28+00:00,8.65,126.65,20.0,2.2,042 km S 67° E of Marihatag (Surigao Del Sur),Ms,TECTONIC
1254,2024-08-08 14:27:17+00:00,8.08,126.66,23.0,2.4,027 km N 80° E of Lingig (Surigao Del Sur),Ms,TECTONIC
1255,2024-08-08 14:18:13+00:00,4.61,126.52,1.0,2.7,150 km S 50° E of Sarangani Island (Municipality Of Sarangani) (Davao Occidental),Ms,TECTONIC
1256,2024-08-08 14:11:15+00:00,16.67,120.14,49.0,2.0,019 km N 73° W of City Of San Fernando (La Union),Ms,TECTONIC
1257,2024-08-08 14:04:02+00:00,8.23,126.87,11.0,2.4,055 km N 68° E of Lingig (Surigao Del Sur),Ms,TECTONIC
1258,2024-08-08 13:55:52+00:00,11.26,124.52,17.0,1.7,009 km N 26° W of Kananga (Leyte),Ms,TECTONIC
1259,2024-08-08 13:44:47+00:00,5.56,125.14,24.0,1.5,030 km S 15° W of Glan (Sarangani),Ms,TECTONIC
1260,2024-08-08 13:13:20+00:00,8.14,126.73,21.0,2.3,037 km N 72° E of Lingig (Surigao Del Sur),Ms,TECTONIC
1261,2024-08-08 13:01:52+00:00,9.06,126.39,19.0,2.0,015 km N 50° E of Bayabas (Surigao Del Sur),Ms,TECTONIC
1262,2024-08-08 12:52:36+00:00,10.2,126.01,2.0,2.0,020 km N 07° W of Santa Monica (Surigao Del Norte),Ms,TECTONIC
1263,2024-08-08 12:51:16+00:00,5.13,125.87,128.0,2.5,058 km S 50° E of Sarangani Island (Municipality Of Sarangani) (Davao Occidental),Ms,TECTONIC
1264,2024-08-08 12:35:15+00:00,17.71,120.71,18.0,2.1,001 km South of Lagayan (Abra),Ms,TECTONIC
1265,2024-08-08 12:13:29+00:00,7.86,127.07,6.0,2.2,075 km S 75° E of Lingig (Surigao Del Sur),Ms,TECTONIC
1266,2024-08-08 12:02:35+00:00,8.53,126.55,6.0,2.5,029 km N 51° E of Hinatuan (Surigao Del Sur),Ms,TECTONIC
1267,2024-08-08 11:20:02+00:00,8.08,126.79,17.0,2.2,042 km N 83° E of Lingig (Surigao Del Sur),Ms,TECTONIC
1268,2024-08-08 11:20:02+00:00,8.08,126.79,17.0,2.2,042 km N 83° E of Lingig (Surigao Del Sur),Ms,TECTONIC
1269,2024-08-08 11:17:04+00:00,13.22,120.23,1.0,2.2,034 km S 49° W of Paluan (Occidental Mindoro),Ms,TECTONIC
1270,2024-08-08 10:57:35+00:00,9.93,126.56,1.0,3.5,047 km N 70° E of General Luna (Surigao Del Norte),Ms,TECTONIC
1271,2024-08-08 10:41:06+00:00,5.95,127.74,92.0,3.4,188 km S 50° E of Tarragona (Davao Oriental),Ms,TECTONIC
1272,2024-08-08 10:02:11+00:00,7.94,126.84,10.0,2.1,049 km S 76° E of Lingig (Surigao Del Sur),Ms,TECTONIC
1273,2024-08-08 09:58:44+00:00,8.17,126.87,7.0,2.7,052 km N 74° E of Lingig (Surigao Del Sur),Ms,TECTONIC
1274,2024-08-08 09:50:58+00:00,8.04,126.41,26.0,1.5,000 km N 26° W of Lingig (Surigao Del Sur),Ms,TECTONIC
1275,2024-08-08 09:20:44+00:00,10.21,123.37,9.0,3.1,014 km N 46° E of City Of Guihulngan (Negros Oriental),Ms,TECTONIC
1276,2024-08-08 09:16:14+00:00,8.06,126.59,23.0,1.6,020 km N 82° E of Lingig (Surigao Del Sur),Ms,TECTONIC
1277,2024-08-08 06:57:38+00:00,5.84,127.17,126.0,2.9,152 km S 53° E of Governor Generoso (Davao Oriental),Ms,TECTONIC
1278,2024-08-08 04:48:50+00:00,8.18,126.91,8.0,3.6,057 km N 74° E of Lingig (Surigao Del Sur),Ms,TECTONIC
1279,2024-08-08 04:43:39+00:00,16.3,121.89,24.0,2.2,019 km N 22° W of Dinalungan (Aurora),Ms,TECTONIC
1280,2024-08-08 04:41:12+00:00,7.85,127.3,33.0,2.5,100 km S 78° E of Lingig (Surigao Del Sur),Ms,TECTONIC
1281,2024-08-08 04:24:14+00:00,7.88,127.3,4.0,3.3,100 km S 80° E of Lingig (Surigao Del Sur),Ms,TECTONIC
1282,2024-08-08 03:22:56+00:00,8.09,126.47,14.0,2.0,008 km N 46° E of Lingig (Surigao Del Sur),Ms,TECTONIC
1283,2024-08-08 02:38:20+00:00,7.92,126.89,5.0,2.7,054 km S 76° E of Lingig (Surigao Del Sur),Ms,TECTONIC
1284,2024-08-08 01:59:30+00:00,8.69,127.43,33.0,2.4,133 km N 57° E of Lingig (Surigao Del Sur),Ms,TECTONIC
1285,2024-08-08 01:28:48+00:00,7.79,127.09,11.0,2.9,079 km S 69° E of Lingig (Surigao Del Sur),Ms,TECTONIC
1286,2024-08-08 01:24:53+00:00,7.97,126.4,26.0,1.4,008 km S 08° W of Lingig (Surigao Del Sur),Ms,TECTONIC
1287,2024-08-08 01:01:09+00:00,7.99,126.98,14.0,3.5,062 km S 85° E of Lingig (Surigao Del Sur),Ms,TECTONIC
1288,2024-08-08 00:08:30+00:00,8.03,126.69,19.0,2.0,030 km S 89° E of Lingig (Surigao Del Sur),Ms,TECTONIC
1289,2024-08-07 23:44:00+00:00,8.02,126.74,18.0,2.5,037 km S 87° E of Lingig (Surigao Del Sur),Ms,TECTONIC
1290,2024-08-07 23:13:02+00:00,9.58,126.18,34.0,1.9,023 km S 07° E of General Luna (Surigao Del Norte),Ms,TECTONIC
1291,2024-08-07 23:06:36+00:00,6.23,125.6,1.0,2.2,011 km N 70° W of Don Marcelino (Davao Occidental),Ms,TECTONIC
1292,2024-08-07 21:50:50+00:00,8.87,126.21,30.0,1.3,011 km S 60° W of Cagwait (Surigao Del Sur),Ms,TECTONIC
1293,2024-08-07 21:49:09+00:00,8.26,126.77,12.0,1.8,047 km N 59° E of Lingig (Surigao Del Sur),Ms,TECTONIC
1294,2024-08-07 21:46:18+00:00,8.13,126.72,22.0,1.5,035 km N 73° E of Lingig (Surigao Del Sur),Ms,TECTONIC
1295,2024-08-07 21:37:45+00:00,8.12,126.76,14.0,2.0,040 km N 77° E of Lingig (Surigao Del Sur),Ms,TECTONIC
1296,2024-08-07 21:10:31+00:00,8.08,126.61,25.0,1.6,023 km N 78° E of Lingig (Surigao Del Sur),Ms,TECTONIC
1297,2024-08-07 20:59:07+00:00,8.09,126.76,24.0,2.0,038 km N 81° E of Lingig (Surigao Del Sur),Ms,TECTONIC
1298,2024-08-07 20:52:11+00:00,8.18,126.75,15.0,2.0,040 km N 68° E of Lingig (Surigao Del Sur),Ms,TECTONIC
1299,2024-08-07 20:50:09+00:00,8.25,126.74,8.0,2.7,043 km N 58° E of Lingig (Surigao Del Sur),Ms,TECTONIC
1300,2024-08-07 20:47:45+00:00,6.36,126.21,32.0,1.8,036 km S 25° E of Governor Generoso (Davao Oriental),Ms,TECTONIC
1301,2024-08-07 20:44:08+00:00,8.73,126.36,1.0,1.6,010 km S 40° E of Marihatag (Surigao Del Sur),Ms,TECTONIC
1302,2024-08-07 20:42:28+00:00,8.09,126.69,25.0,2.2,031 km N 78° E of Lingig (Surigao Del Sur),Ms,TECTONIC
1303,2024-08-07 19:35:54+00:00,13.83,120.47,176.0,3.8,017 km N 90° W of Calatagan (Batangas),Ms,TECTONIC
1304,2024-08-07 19:23:08+00:00,7.39,124.28,21.0,2.3,002 km N 53° E of Parang (Maguindanao Del Norte),Ms,TECTONIC
1305,2024-08-07 19:14:55+00:00,8.14,126.72,24.0,2.4,035 km N 72° E of Lingig (Surigao Del Sur),Ms,TECTONIC
1306,2024-08-07 18:56:30+00:00,7.97,126.56,27.0,1.9,018 km S 64° E of Lingig (Surigao Del Sur),Ms,TECTONIC
1307,2024-08-07 18:34:29+00:00,7.86,126.85,17.0,2.6,052 km S 68° E of Lingig (Surigao Del Sur),Ms,TECTONIC
1308,2024-08-07 18:23:48+00:00,7.97,127.35,1.0,3.0,097 km N 63° E of Baganga (Davao Oriental),Ms,TECTONIC
1309,2024-08-07 18:12:50+00:00,8.56,126.68,10.0,1.6,044 km N 61° E of Hinatuan (Surigao Del Sur),Ms,TECTONIC
1310,2024-08-07 18:02:25+00:00,8.08,126.78,10.0,1.6,041 km N 83° E of Lingig (Surigao Del Sur),Ms,TECTONIC
1311,2024-08-07 17:49:17+00:00,9.55,126.39,26.0,2.4,037 km S 45° E of General Luna (Surigao Del Norte),Ms,TECTONIC
1312,2024-08-07 17:37:35+00:00,8.93,126.45,20.0,2.1,016 km N 86° E of Cagwait (Surigao Del Sur),Ms,TECTONIC
1313,2024-08-07 17:28:10+00:00,6.46,125.66,165.0,2.3,007 km N 48° E of Malita (Davao Occidental),Ms,TECTONIC
1314,2024-08-07 17:22:02+00:00,6.65,126.13,33.0,2.1,007 km S 83° E of Governor Generoso (Davao Oriental),Ms,TECTONIC
1315,2024-08-07 17:08:24+00:00,8.11,126.81,11.0,2.2,044 km N 80° E of Lingig (Surigao Del Sur),Ms,TECTONIC
1316,2024-08-07 17:06:27+00:00,9.97,124.23,9.0,1.8,003 km N 20° E of Danao (Bohol),Ms,TECTONIC
1317,2024-08-07 16:55:39+00:00,8.1,126.71,25.0,3.1,033 km N 78° E of Lingig (Surigao Del Sur),Ms,TECTONIC
1318,2024-08-07 16:31:09+00:00,8.13,126.74,21.0,1.9,037 km N 74° E of Lingig (Surigao Del Sur),Ms,TECTONIC
1319,2024-08-07 16:25:27+00:00,10.61,126.25,4.0,2.2,059 km S 75° E of Homonhon Island (Guiuan) (Eastern Samar),Ms,TECTONIC
1320,2024-08-07 16:16:18+00:00,8.65,126.54,24.0,1.7,039 km N 36° E of Hinatuan (Surigao Del Sur),Ms,TECTONIC
1321,2024-08-07 16:13:10+00:00,10.63,126.24,5.0,3.3,057 km S 77° E of Homonhon Island (Guiuan) (Eastern Samar),Ms,TECTONIC
1322,2024-08-07 15:55:57+00:00,15.01,122.9,14.0,2.0,059 km N 05° W of Tinaga Island (Vinzons) (Camarines Norte),Ms,TECTONIC
1323,2024-08-07 15:53:35+00:00,13.01,124.75,29.0,1.8,053 km N 21° W of Pambujan (Northern Samar),Ms,TECTONIC
1324,2024-08-07 15:44:41+00:00,8.03,126.66,19.0,2.3,027 km S 87° E of Lingig (Surigao Del Sur),Ms,TECTONIC
1325,2024-08-07 15:26:15+00:00,8.99,126.33,31.0,3.4,008 km N 22° E of Cagwait (Surigao Del Sur),Ms,TECTONIC
1326,2024-08-07 15:15:25+00:00,18.18,122.26,15.0,1.8,029 km S 73° E of Gonzaga (Cagayan),Ms,TECTONIC
1327,2024-08-07 15:11:07+00:00,8.13,126.99,14.0,2.7,065 km N 81° E of Lingig (Surigao Del Sur),Ms,TECTONIC
1328,2024-08-07 15:09:39+00:00,5.85,125.5,21.0,2.2,017 km S 68° W of Jose Abad Santos (Davao Occidental),Ms,TECTONIC
1329,2024-08-07 15:08:10+00:00,16.71,120.18,16.0,2.7,017 km N 76° W of San Juan (La Union),Ms,TECTONIC
1330,2024-08-07 15:04:28+00:00,8.07,126.71,23.0,1.8,033 km N 85° E of Lingig (Surigao Del Sur),Ms,TECTONIC
1331,2024-08-07 14:45:11+00:00,7.95,126.4,25.0,1.6,009 km S 07° W of Lingig (Surigao Del Sur),Ms,TECTONIC
1332,2024-08-07 14:18:12+00:00,6.94,126.1,77.0,2.2,011 km S 75° E of Banaybanay (Davao Oriental),Ms,TECTONIC
1333,2024-08-07 14:15:02+00:00,3.33,126.57,25.0,3.6,263 km S 29° E of Balut Island (Municipality Of Sarangani) (Davao Occidental),Ms,TECTONIC
1334,2024-08-07 14:13:21+00:00,8.46,126.35,30.0,1.4,011 km N 07° E of Hinatuan (Surigao Del Sur),Ms,TECTONIC
1335,2024-08-07 14:07:50+00:00,5.51,126.62,106.0,3.2,117 km S 67° E of Jose Abad Santos (Davao Occidental),Ms,TECTONIC
1336,2024-08-07 13:39:22+00:00,8.07,126.93,16.0,2.1,057 km N 86° E of Lingig (Surigao Del Sur),Ms,TECTONIC
1337,2024-08-07 13:20:07+00:00,8.12,127.0,1.0,2.3,066 km N 82° E of Lingig (Surigao Del Sur),Ms,TECTONIC
1338,2024-08-07 13:16:05+00:00,12.9,124.69,13.0,2.4,042 km N 09° W of Mondragon (Northern Samar),Ms,TECTONIC
1339,2024-08-07 12:57:37+00:00,5.82,125.94,135.0,2.2,034 km S 72° E of Jose Abad Santos (Davao Occidental),Ms,TECTONIC
1340,2024-08-07 12:39:21+00:00,10.33,122.58,1.0,1.9,022 km S 11° E of Nueva Valencia (Guimaras),Ms,TECTONIC
1341,2024-08-07 12:35:59+00:00,6.66,125.96,26.0,1.6,013 km N 87° W of Governor Generoso (Davao Oriental),Ms,TECTONIC
1342,2024-08-07 12:30:48+00:00,8.81,127.26,18.0,2.0,106 km S 84° E of Cagwait (Surigao Del Sur),Ms,TECTONIC
1343,2024-08-07 12:27:20+00:00,13.75,120.21,36.0,2.0,003 km N 57° W of Looc (Occidental Mindoro),Ms,TECTONIC
1344,2024-08-07 11:32:01+00:00,7.8,127.11,20.0,4.0,081 km S 71° E of Lingig (Surigao Del Sur),Ms,TECTONIC
1345,2024-08-07 11:11:28+00:00,3.48,126.38,96.0,3.9,239 km S 26° E of Balut Island (Municipality Of Sarangani) (Davao Occidental),Ms,TECTONIC
1346,2024-08-07 10:46:42+00:00,8.07,126.86,2.0,1.8,050 km N 86° E of Lingig (Surigao Del Sur),Ms,TECTONIC
1347,2024-08-07 09:55:28+00:00,8.74,126.1,6.0,1.7,014 km S 89° W of San Agustin (Surigao Del Sur),Ms,TECTONIC
1348,2024-08-07 09:53:44+00:00,7.94,126.72,17.0,1.6,036 km S 71° E of Lingig (Surigao Del Sur),Ms,TECTONIC
1349,2024-08-07 09:52:13+00:00,7.94,126.77,17.0,1.7,041 km S 74° E of Lingig (Surigao Del Sur),Ms,TECTONIC
1350,2024-08-07 09:31:09+00:00,12.69,120.44,33.0,2.0,041 km S 65° W of Sablayan (Occidental Mindoro),Ms,TECTONIC
1351,2024-08-07 09:21:56+00:00,7.96,127.01,1.0,2.9,066 km S 82° E of Lingig (Surigao Del Sur),Ms,TECTONIC
1352,2024-08-07 07:06:34+00:00,14.83,121.81,4.0,1.5,012 km S 03° W of Panukulan (Quezon),Ms,TECTONIC
1353,2024-08-07 06:27:34+00:00,3.7,126.55,25.0,3.3,227 km S 33° E of Balut Island (Municipality Of Sarangani) (Davao Occidental),Ms,TECTONIC
1354,2024-08-07 06:02:10+00:00,2.57,125.85,1.0,3.9,318 km S 09° E of Balut Island (Municipality Of Sarangani) (Davao Occidental),Ms,TECTONIC
1355,2024-08-07 05:07:01+00:00,18.13,121.0,51.0,1.8,023 km N 60° W of Kabugao (Apayao),Ms,TECTONIC
1356,2024-08-07 03:30:11+00:00,19.48,121.23,1.0,4.2,036 km N 47° W of Calayan (Cagayan),Ms,TECTONIC
1357,2024-08-07 03:14:13+00:00,8.58,127.11,8.0,2.9,098 km N 52° E of Lingig (Surigao Del Sur),Ms,TECTONIC
1358,2024-08-07 02:59:43+00:00,8.1,127.21,3.0,3.5,089 km N 86° E of Lingig (Surigao Del Sur),Ms,TECTONIC
1359,2024-08-07 02:51:30+00:00,13.49,121.26,11.0,2.0,014 km N 34° E of City Of Calapan (Oriental Mindoro),Ms,TECTONIC
1360,2024-08-07 02:39:22+00:00,8.1,126.88,23.0,2.6,052 km N 82° E of Lingig (Surigao Del Sur),Ms,TECTONIC
1361,2024-08-07 02:28:51+00:00,7.9,127.1,12.0,2.3,077 km S 79° E of Lingig (Surigao Del Sur),Ms,TECTONIC
1362,2024-08-07 02:26:59+00:00,8.1,126.65,21.0,2.7,027 km N 76° E of Lingig (Surigao Del Sur),Ms,TECTONIC
1363,2024-08-07 01:48:11+00:00,8.04,123.17,22.0,2.1,016 km N 87° W of Midsalip (Zamboanga Del Sur),Ms,TECTONIC
1364,2024-08-07 01:01:51+00:00,8.41,126.69,27.0,2.8,040 km N 83° E of Hinatuan (Surigao Del Sur),Ms,TECTONIC
1365,2024-08-07 00:07:52+00:00,6.41,124.13,1.0,2.1,018 km S 31° E of Kalamansig (Sultan Kudarat),Ms,TECTONIC
1366,2024-08-06 23:55:16+00:00,8.02,126.82,16.0,2.6,045 km S 87° E of Lingig (Surigao Del Sur),Ms,TECTONIC
1367,2024-08-06 23:51:20+00:00,7.94,127.02,3.0,3.8,068 km S 81° E of Lingig (Surigao Del Sur),Ms,TECTONIC
1368,2024-08-06 22:54:24+00:00,7.99,126.93,19.0,2.7,058 km S 85° E of Lingig (Surigao Del Sur),Ms,TECTONIC
1369,2024-08-06 22:19:11+00:00,8.15,126.91,13.0,2.5,056 km N 78° E of Lingig (Surigao Del Sur),Ms,TECTONIC
1370,2024-08-06 22:11:36+00:00,13.51,120.79,1.0,2.0,019 km S 27° W of Tingloy (Batangas),Ms,TECTONIC
1371,2024-08-06 22:02:02+00:00,15.02,123.08,22.0,2.4,062 km N 14° E of Tinaga Island (Vinzons) (Camarines Norte),Ms,TECTONIC
1372,2024-08-06 21:51:20+00:00,13.36,124.27,3.0,2.6,025 km N 39° E of Rapu-rapu (Albay),Ms,TECTONIC
1373,2024-08-06 21:45:41+00:00,7.96,126.71,14.0,2.2,034 km S 75° E of Lingig (Surigao Del Sur),Ms,TECTONIC
1374,2024-08-06 21:42:36+00:00,8.12,127.15,5.0,2.2,082 km N 83° E of Lingig (Surigao Del Sur),Ms,TECTONIC
1375,2024-08-06 21:05:11+00:00,8.08,126.75,17.0,2.1,037 km N 82° E of Lingig (Surigao Del Sur),Ms,TECTONIC
1376,2024-08-06 20:57:27+00:00,7.94,126.53,14.0,3.3,017 km S 51° E of Lingig (Surigao Del Sur),Ms,TECTONIC
1377,2024-08-06 20:53:14+00:00,10.0,125.64,12.0,2.6,009 km S 32° E of Basilisa (Dinagat Islands),Ms,TECTONIC
1378,2024-08-06 20:46:44+00:00,4.39,125.52,119.0,2.4,113 km S 05° E of Balut Island (Municipality Of Sarangani) (Davao Occidental),Ms,TECTONIC
1379,2024-08-06 20:39:02+00:00,5.16,126.31,56.0,2.5,099 km S 70° E of Sarangani Island (Municipality Of Sarangani) (Davao Occidental),Ms,TECTONIC
1380,2024-08-06 20:06:59+00:00,6.37,124.11,2.0,2.9,019 km N 25° W of Palimbang (Sultan Kudarat),Ms,TECTONIC
1381,2024-08-06 20:00:47+00:00,7.97,126.9,10.0,3.9,054 km S 82° E of Lingig (Surigao Del Sur),Ms,TECTONIC
1382,2024-08-06 19:43:59+00:00,6.47,124.35,25.0,2.0,024 km S 73° W of Bagumbayan (Sultan Kudarat),Ms,TECTONIC
1383,2024-08-06 19:30:18+00:00,7.92,127.2,15.0,2.4,087 km S 81° E of Lingig (Surigao Del Sur),Ms,TECTONIC
1384,2024-08-06 19:01:45+00:00,8.2,126.73,8.0,1.5,040 km N 63° E of Lingig (Surigao Del Sur),Ms,TECTONIC
1385,2024-08-06 18:53:19+00:00,12.5,123.59,13.0,2.8,015 km N 17° W of City Of Masbate (Masbate),Ms,TECTONIC
1386,2024-08-06 18:45:28+00:00,7.95,126.96,4.0,2.5,061 km S 81° E of Lingig (Surigao Del Sur),Ms,TECTONIC
1387,2024-08-06 18:41:18+00:00,8.91,122.47,38.0,2.3,058 km S 19° W of Basay (Negros Oriental),Ms,TECTONIC
1388,2024-08-06 18:31:23+00:00,9.0,125.72,8.0,2.8,016 km S 68° E of Remedios T. Romualdez (Agusan Del Norte),Ms,TECTONIC
1389,2024-08-06 18:20:10+00:00,8.86,122.59,18.0,2.1,054 km S 66° W of Siaton (Negros Oriental),Ms,TECTONIC
1390,2024-08-06 18:18:13+00:00,7.97,126.62,9.0,2.1,024 km S 72° E of Lingig (Surigao Del Sur),Ms,TECTONIC
1391,2024-08-06 17:24:32+00:00,13.18,120.35,25.0,2.1,029 km S 26° W of Paluan (Occidental Mindoro),Ms,TECTONIC
1392,2024-08-06 16:51:38+00:00,7.86,127.33,16.0,4.2,103 km S 79° E of Lingig (Surigao Del Sur),Ms,TECTONIC
1393,2024-08-06 16:36:54+00:00,8.0,126.77,9.0,2.3,039 km S 83° E of Lingig (Surigao Del Sur),Ms,TECTONIC
1394,2024-08-06 16:35:31+00:00,8.0,126.72,23.0,2.2,034 km S 83° E of Lingig (Surigao Del Sur),Ms,TECTONIC
1395,2024-08-06 16:05:51+00:00,7.83,127.24,1.0,2.5,080 km N 69° E of Baganga (Davao Oriental),Ms,TECTONIC
1396,2024-08-06 15:56:57+00:00,8.13,127.12,5.0,2.5,079 km N 82° E of Lingig (Surigao Del Sur),Ms,TECTONIC
1397,2024-08-06 15:50:56+00:00,5.13,125.74,109.0,2.1,047 km S 49° E of Balut Island (Municipality Of Sarangani) (Davao Occidental),Ms,TECTONIC
1398,2024-08-06 15:35:10+00:00,8.56,126.56,12.0,2.0,054 km S 64° E of Marihatag (Surigao Del Sur),Ms,TECTONIC
1399,2024-08-06 15:11:39+00:00,9.11,126.96,7.0,2.7,076 km N 78° E of Bayabas (Surigao Del Sur),Ms,TECTONIC
1400,2024-08-06 15:03:55+00:00,7.92,127.08,20.0,3.0,075 km S 80° E of Lingig (Surigao Del Sur),Ms,TECTONIC
1401,2024-08-06 15:00:40+00:00,5.9,124.53,17.0,2.2,014 km S 47° W of Kiamba (Sarangani),Ms,TECTONIC
1402,2024-08-06 14:46:21+00:00,8.8,126.45,24.0,2.4,016 km S 89° E of Marihatag (Surigao Del Sur),Ms,TECTONIC
1403,2024-08-06 14:41:12+00:00,9.21,127.01,17.0,2.2,085 km N 72° E of Bayabas (Surigao Del Sur),Ms,TECTONIC
1404,2024-08-06 14:34:05+00:00,8.02,127.04,6.0,2.3,069 km S 89° E of Lingig (Surigao Del Sur),Ms,TECTONIC
1405,2024-08-06 14:31:01+00:00,8.08,126.93,18.0,2.0,057 km N 85° E of Lingig (Surigao Del Sur),Ms,TECTONIC
1406,2024-08-06 14:29:59+00:00,8.04,127.13,1.0,1.9,079 km N 90° E of Lingig (Surigao Del Sur),Ms,TECTONIC
1407,2024-08-06 14:17:08+00:00,8.17,126.9,3.0,2.5,056 km N 75° E of Lingig (Surigao Del Sur),Ms,TECTONIC
1408,2024-08-06 14:13:06+00:00,8.19,126.69,15.0,2.5,034 km N 62° E of Lingig (Surigao Del Sur),Ms,TECTONIC
1409,2024-08-06 13:44:01+00:00,7.9,127.15,15.0,2.5,083 km S 80° E of Lingig (Surigao Del Sur),Ms,TECTONIC
1410,2024-08-06 13:42:42+00:00,7.99,126.6,3.0,2.5,022 km S 75° E of Lingig (Surigao Del Sur),Ms,TECTONIC
1411,2024-08-06 13:10:27+00:00,7.77,127.25,18.0,4.1,097 km S 72° E of Lingig (Surigao Del Sur),Ms,TECTONIC
1412,2024-08-06 12:59:59+00:00,14.04,120.32,114.0,2.0,029 km N 47° E of Lubang (Occidental Mindoro),Ms,TECTONIC
1413,2024-08-06 12:55:27+00:00,8.15,126.9,11.0,2.6,056 km N 77° E of Lingig (Surigao Del Sur),Ms,TECTONIC
1414,2024-08-06 12:28:41+00:00,7.79,127.25,21.0,3.4,097 km S 73° E of Lingig (Surigao Del Sur),Ms,TECTONIC
1415,2024-08-06 11:45:43+00:00,8.13,126.88,17.0,2.4,052 km N 79° E of Lingig (Surigao Del Sur),Ms,TECTONIC
1416,2024-08-06 11:29:18+00:00,9.53,126.17,24.0,2.3,025 km S 67° E of Socorro (Surigao Del Norte),Ms,TECTONIC
1417,2024-08-06 10:56:17+00:00,7.82,127.19,3.0,2.1,089 km S 74° E of Lingig (Surigao Del Sur),Ms,TECTONIC
1418,2024-08-06 10:27:50+00:00,13.72,120.71,34.0,2.2,015 km S 35° E of Calatagan (Batangas),Ms,TECTONIC
1419,2024-08-06 09:57:49+00:00,6.09,125.95,132.0,2.7,031 km S 67° E of Don Marcelino (Davao Occidental),Ms,TECTONIC
1420,2024-08-06 09:53:14+00:00,8.11,126.73,18.0,2.2,035 km N 77° E of Lingig (Surigao Del Sur),Ms,TECTONIC
1421,2024-08-06 07:54:23+00:00,7.77,127.14,17.0,3.0,068 km N 71° E of Baganga (Davao Oriental),Ms,TECTONIC
1422,2024-08-06 07:47:34+00:00,7.85,127.0,13.0,2.6,058 km N 58° E of Baganga (Davao Oriental),Ms,TECTONIC
1423,2024-08-06 07:39:26+00:00,8.05,126.94,1.0,3.3,058 km N 89° E of Lingig (Surigao Del Sur),Ms,TECTONIC
1424,2024-08-06 07:05:25+00:00,7.75,127.28,24.0,3.4,081 km N 76° E of Baganga (Davao Oriental),Ms,TECTONIC
1425,2024-08-06 05:59:52+00:00,7.8,127.38,13.0,3.3,110 km S 76° E of Lingig (Surigao Del Sur),Ms,TECTONIC
1426,2024-08-06 05:51:47+00:00,7.74,127.13,21.0,3.4,065 km N 73° E of Baganga (Davao Oriental),Ms,TECTONIC
1427,2024-08-06 05:45:11+00:00,7.85,127.03,11.0,2.6,072 km S 73° E of Lingig (Surigao Del Sur),Ms,TECTONIC
1428,2024-08-06 05:39:21+00:00,7.81,127.32,7.0,5.2,103 km S 76° E of Lingig (Surigao Del Sur),Mw,TECTONIC
1429,2024-08-06 05:29:05+00:00,8.01,126.69,18.0,1.5,030 km S 83° E of Lingig (Surigao Del Sur),Ms,TECTONIC
1430,2024-08-06 04:19:01+00:00,8.22,126.92,9.0,2.8,060 km N 71° E of Lingig (Surigao Del Sur),Ms,TECTONIC
1431,2024-08-06 03:43:15+00:00,7.6,126.07,33.0,1.9,008 km S 15° W of Compostela (Davao De Oro),Ms,TECTONIC
1432,2024-08-06 03:28:31+00:00,8.4,126.58,32.0,1.3,027 km N 81° E of Hinatuan (Surigao Del Sur),Ms,TECTONIC
1433,2024-08-06 03:11:44+00:00,8.01,127.27,1.0,3.7,094 km S 88° E of Lingig (Surigao Del Sur),Ms,TECTONIC
1434,2024-08-06 02:09:26+00:00,8.14,126.73,22.0,2.3,036 km N 72° E of Lingig (Surigao Del Sur),Ms,TECTONIC
1435,2024-08-06 01:52:23+00:00,10.41,125.1,3.0,2.3,015 km N 19° W of Saint Bernard (Southern Leyte),Ms,TECTONIC
1436,2024-08-06 01:31:41+00:00,14.79,119.32,2.0,3.0,085 km S 78° W of San Antonio (Zambales),Ms,TECTONIC
1437,2024-08-05 22:20:46+00:00,8.12,126.74,18.0,1.5,037 km N 77° E of Lingig (Surigao Del Sur),Ms,TECTONIC
1438,2024-08-05 22:13:04+00:00,16.09,122.15,15.0,1.7,021 km S 07° E of Casiguran (Aurora),Ms,TECTONIC
1439,2024-08-05 22:05:36+00:00,7.94,127.01,8.0,4.2,067 km S 81° E of Lingig (Surigao Del Sur),Ms,TECTONIC
1440,2024-08-05 22:04:40+00:00,8.24,126.74,13.0,1.6,042 km N 58° E of Lingig (Surigao Del Sur),Ms,TECTONIC
1441,2024-08-05 21:51:54+00:00,7.96,126.97,12.0,3.0,062 km S 82° E of Lingig (Surigao Del Sur),Ms,TECTONIC
1442,2024-08-05 21:45:03+00:00,8.13,126.99,8.0,3.3,064 km N 81° E of Lingig (Surigao Del Sur),Ms,TECTONIC
1443,2024-08-05 21:42:14+00:00,8.4,126.32,35.0,2.6,042 km N 14° W of Lingig (Surigao Del Sur),Ms,TECTONIC
1444,2024-08-05 21:29:00+00:00,13.72,120.65,99.0,1.5,013 km S 07° E of Calatagan (Batangas),Ms,TECTONIC
1445,2024-08-05 21:20:58+00:00,8.18,126.87,7.0,3.1,053 km N 73° E of Lingig (Surigao Del Sur),Ms,TECTONIC
1446,2024-08-05 21:16:10+00:00,8.42,126.19,32.0,1.8,006 km S 39° E of Tagbina (Surigao Del Sur),Ms,TECTONIC
1447,2024-08-05 21:01:14+00:00,15.09,119.77,25.0,2.0,033 km N 84° W of San Felipe (Zambales),Ms,TECTONIC
1448,2024-08-05 20:59:07+00:00,4.18,125.6,27.0,2.6,137 km S 08° E of Balut Island (Municipality Of Sarangani) (Davao Occidental),Ms,TECTONIC
1449,2024-08-05 20:53:14+00:00,8.56,126.58,30.0,2.3,034 km N 52° E of Hinatuan (Surigao Del Sur),Ms,TECTONIC
1450,2024-08-05 20:51:07+00:00,8.04,126.64,19.0,1.3,025 km N 88° E of Lingig (Surigao Del Sur),Ms,TECTONIC
1451,2024-08-05 20:39:20+00:00,8.96,126.53,10.0,1.8,026 km N 79° E of Cagwait (Surigao Del Sur),Ms,TECTONIC
1452,2024-08-05 20:39:01+00:00,8.03,126.22,9.0,1.6,017 km S 87° E of Trento (Agusan Del Sur),Ms,TECTONIC
1453,2024-08-05 20:09:27+00:00,13.7,120.59,90.0,1.9,015 km S 18° W of Calatagan (Batangas),Ms,TECTONIC
1454,2024-08-05 20:02:36+00:00,8.29,126.85,15.0,2.0,056 km N 60° E of Lingig (Surigao Del Sur),Ms,TECTONIC
1455,2024-08-05 20:01:26+00:00,7.04,126.79,18.0,2.0,034 km S 56° E of Manay (Davao Oriental),Ms,TECTONIC
1456,2024-08-05 20:00:40+00:00,18.78,120.86,5.0,2.2,026 km N 17° E of Pagudpud (Ilocos Norte),Ms,TECTONIC
1457,2024-08-05 19:50:01+00:00,8.02,126.77,14.0,2.3,040 km S 88° E of Lingig (Surigao Del Sur),Ms,TECTONIC
1458,2024-08-05 19:35:20+00:00,9.63,126.03,52.0,1.9,007 km N 82° E of Socorro (Surigao Del Norte),Ms,TECTONIC
1459,2024-08-05 19:20:23+00:00,8.03,126.97,6.0,3.2,062 km S 89° E of Lingig (Surigao Del Sur),Ms,TECTONIC
1460,2024-08-05 19:03:12+00:00,7.93,127.09,14.0,1.7,076 km S 81° E of Lingig (Surigao Del Sur),Ms,TECTONIC
1461,2024-08-05 19:00:52+00:00,7.98,126.9,13.0,1.9,054 km S 84° E of Lingig (Surigao Del Sur),Ms,TECTONIC
1462,2024-08-05 18:34:11+00:00,15.21,122.24,8.0,1.8,050 km N 03° E of Patnanungan (Quezon),Ms,TECTONIC
1463,2024-08-05 18:20:12+00:00,13.21,122.52,1.0,2.8,015 km S 02° E of San Francisco (Quezon),Ms,TECTONIC
1464,2024-08-05 17:55:44+00:00,8.08,127.01,10.0,3.0,066 km N 86° E of Lingig (Surigao Del Sur),Ms,TECTONIC
1465,2024-08-05 17:08:29+00:00,8.0,126.63,20.0,1.3,024 km S 79° E of Lingig (Surigao Del Sur),Ms,TECTONIC
1466,2024-08-05 17:03:28+00:00,8.3,126.6,33.0,1.4,036 km N 35° E of Lingig (Surigao Del Sur),Ms,TECTONIC
1467,2024-08-05 16:42:24+00:00,8.21,126.49,25.0,2.0,021 km N 26° E of Lingig (Surigao Del Sur),Ms,TECTONIC
1468,2024-08-05 16:37:59+00:00,8.03,126.63,15.0,2.6,024 km S 87° E of Lingig (Surigao Del Sur),Ms,TECTONIC
1469,2024-08-05 16:19:21+00:00,8.13,126.91,9.0,3.8,056 km N 80° E of Lingig (Surigao Del Sur),Ms,TECTONIC
1470,2024-08-05 16:18:54+00:00,8.12,126.74,23.0,1.9,038 km N 76° E of Lingig (Surigao Del Sur),Ms,TECTONIC
1471,2024-08-05 16:04:32+00:00,8.06,126.64,22.0,1.8,025 km N 85° E of Lingig (Surigao Del Sur),Ms,TECTONIC
1472,2024-08-05 15:55:53+00:00,15.23,122.28,1.0,3.2,055 km N 37° E of Burdeos (Quezon),Ms,TECTONIC
1473,2024-08-05 15:52:45+00:00,7.96,126.73,21.0,1.6,036 km S 77° E of Lingig (Surigao Del Sur),Ms,TECTONIC
1474,2024-08-05 15:51:47+00:00,7.9,126.83,14.0,1.9,048 km S 72° E of Lingig (Surigao Del Sur),Ms,TECTONIC
1475,2024-08-05 15:50:28+00:00,18.93,120.79,21.0,2.1,042 km N 01° E of Pagudpud (Ilocos Norte),Ms,TECTONIC
1476,2024-08-05 15:19:39+00:00,8.06,127.19,1.0,3.8,086 km N 89° E of Lingig (Surigao Del Sur),Ms,TECTONIC
1477,2024-08-05 15:16:03+00:00,17.27,119.85,6.0,2.3,064 km N 80° W of City Of Candon (Ilocos Sur),Ms,TECTONIC
1478,2024-08-05 15:12:50+00:00,9.55,125.26,2.0,3.2,017 km S 64° W of Malimono (Surigao Del Norte),Ms,TECTONIC
1479,2024-08-05 15:07:28+00:00,4.3,125.66,23.0,3.5,125 km S 12° E of Balut Island (Municipality Of Sarangani) (Davao Occidental),Ms,TECTONIC
1480,2024-08-05 15:00:40+00:00,8.1,126.91,6.0,3.3,056 km N 83° E of Lingig (Surigao Del Sur),Ms,TECTONIC
1481,2024-08-05 14:56:28+00:00,5.83,125.08,97.0,1.4,009 km S 69° E of Maasim (Sarangani),Ms,TECTONIC
1482,2024-08-05 14:55:11+00:00,8.09,126.59,32.0,2.1,021 km N 75° E of Lingig (Surigao Del Sur),Ms,TECTONIC
1483,2024-08-05 14:40:10+00:00,8.01,126.93,6.0,3.2,058 km S 86° E of Lingig (Surigao Del Sur),Ms,TECTONIC
1484,2024-08-05 14:31:05+00:00,7.8,126.98,13.0,2.4,068 km S 67° E of Lingig (Surigao Del Sur),Ms,TECTONIC
1485,2024-08-05 14:25:22+00:00,7.34,126.55,144.0,3.6,014 km N 04° E of Manay (Davao Oriental),Ms,TECTONIC
1486,2024-08-05 14:17:30+00:00,8.0,126.76,25.0,2.5,039 km S 84° E of Lingig (Surigao Del Sur),Ms,TECTONIC
1487,2024-08-05 14:08:07+00:00,18.56,120.83,6.0,2.1,004 km N 30° E of Dumalneg (Ilocos Norte),Ms,TECTONIC
1488,2024-08-05 13:42:08+00:00,7.99,126.79,12.0,1.5,042 km S 82° E of Lingig (Surigao Del Sur),Ms,TECTONIC
1489,2024-08-05 12:48:15+00:00,8.17,126.9,4.0,3.1,056 km N 75° E of Lingig (Surigao Del Sur),Ms,TECTONIC
1490,2024-08-05 12:27:42+00:00,7.95,126.91,15.0,2.2,055 km S 80° E of Lingig (Surigao Del Sur),Ms,TECTONIC
1491,2024-08-05 11:46:21+00:00,7.95,126.78,17.0,2.6,042 km S 76° E of Lingig (Surigao Del Sur),Ms,TECTONIC
1492,2024-08-05 11:30:52+00:00,7.82,127.07,14.0,1.7,076 km S 72° E of Lingig (Surigao Del Sur),Ms,TECTONIC
1493,2024-08-05 11:24:45+00:00,7.82,126.99,9.0,1.4,068 km S 69° E of Lingig (Surigao Del Sur),Ms,TECTONIC
1494,2024-08-05 11:09:57+00:00,7.96,126.8,19.0,2.2,044 km S 78° E of Lingig (Surigao Del Sur),Ms,TECTONIC
1495,2024-08-05 10:54:54+00:00,8.14,127.05,2.0,2.7,071 km N 81° E of Lingig (Surigao Del Sur),Ms,TECTONIC
1496,2024-08-05 10:36:08+00:00,8.07,126.81,9.0,2.5,044 km N 86° E of Lingig (Surigao Del Sur),Ms,TECTONIC
1497,2024-08-05 10:25:07+00:00,15.06,122.93,2.0,2.5,065 km N 02° W of Tinaga Island (Vinzons) (Camarines Norte),Ms,TECTONIC
1498,2024-08-05 10:21:32+00:00,7.78,127.16,8.0,3.2,088 km S 71° E of Lingig (Surigao Del Sur),Ms,TECTONIC
1499,2024-08-05 10:14:35+00:00,7.86,127.01,9.0,2.0,069 km S 73° E of Lingig (Surigao Del Sur),Ms,TECTONIC
1500,2024-08-05 10:12:23+00:00,7.76,127.15,11.0,2.9,087 km S 69° E of Lingig (Surigao Del Sur),Ms,TECTONIC
1501,2024-08-05 10:00:29+00:00,13.68,120.63,101.0,2.0,017 km S 01° W of Calatagan (Batangas),Ms,TECTONIC
1502,2024-08-05 09:49:47+00:00,15.17,122.75,1.0,1.9,069 km N 40° E of Jomalig (Quezon),Ms,TECTONIC
1503,2024-08-05 09:26:09+00:00,15.07,123.06,6.0,3.4,067 km N 10° E of Tinaga Island (Vinzons) (Camarines Norte),Ms,TECTONIC
1504,2024-08-05 09:23:53+00:00,5.82,126.09,120.0,3.2,051 km S 79° E of Jose Abad Santos (Davao Occidental),Ms,TECTONIC
1505,2024-08-05 08:56:19+00:00,15.11,122.11,27.0,2.2,033 km N 27° E of Burdeos (Quezon),Ms,TECTONIC
1506,2024-08-05 08:36:58+00:00,6.45,124.49,3.0,2.8,013 km S 41° W of Bagumbayan (Sultan Kudarat),Ms,TECTONIC
1507,2024-08-05 08:26:48+00:00,7.97,126.39,26.0,1.6,008 km S 15° W of Lingig (Surigao Del Sur),Ms,TECTONIC
1508,2024-08-05 08:01:45+00:00,8.11,126.77,13.0,3.1,040 km N 78° E of Lingig (Surigao Del Sur),Ms,TECTONIC
1509,2024-08-05 07:12:52+00:00,8.06,126.89,12.0,2.5,052 km N 87° E of Lingig (Surigao Del Sur),Ms,TECTONIC
1510,2024-08-05 06:32:46+00:00,15.23,122.3,1.0,3.9,056 km N 40° E of Burdeos (Quezon),Ms,TECTONIC
1511,2024-08-05 05:51:30+00:00,15.25,122.3,17.0,2.1,058 km N 38° E of Burdeos (Quezon),Ms,TECTONIC
1512,2024-08-05 05:51:01+00:00,13.75,120.63,127.0,1.7,009 km S 01° W of Calatagan (Batangas),Ms,TECTONIC
1513,2024-08-05 05:42:18+00:00,15.24,122.22,5.0,3.3,052 km N 32° E of Burdeos (Quezon),Ms,TECTONIC
1514,2024-08-05 05:21:53+00:00,8.29,127.06,1.0,3.5,076 km N 69° E of Lingig (Surigao Del Sur),Ms,TECTONIC
1515,2024-08-05 04:51:54+00:00,10.62,126.08,20.0,2.0,041 km S 71° E of Homonhon Island (Guiuan) (Eastern Samar),Ms,TECTONIC
1516,2024-08-05 04:38:37+00:00,8.14,127.0,12.0,2.7,066 km N 80° E of Lingig (Surigao Del Sur),Ms,TECTONIC
1517,2024-08-05 04:29:33+00:00,8.02,127.03,12.0,2.6,068 km S 88° E of Lingig (Surigao Del Sur),Ms,TECTONIC
1518,2024-08-05 04:15:45+00:00,8.11,126.13,28.0,2.0,011 km N 43° E of Trento (Agusan Del Sur),Ms,TECTONIC
1519,2024-08-05 04:02:42+00:00,8.21,126.9,6.0,2.9,057 km N 70° E of Lingig (Surigao Del Sur),Ms,TECTONIC
1520,2024-08-05 03:58:15+00:00,8.2,126.11,29.0,1.4,013 km N 79° E of Bunawan (Agusan Del Sur),Ms,TECTONIC
1521,2024-08-05 03:54:23+00:00,8.75,126.24,31.0,1.7,002 km N 55° E of San Agustin (Surigao Del Sur),Ms,TECTONIC
1522,2024-08-05 03:11:26+00:00,7.93,126.64,29.0,2.0,027 km S 63° E of Lingig (Surigao Del Sur),Ms,TECTONIC
1523,2024-08-05 02:51:45+00:00,8.19,127.02,2.0,2.8,069 km N 76° E of Lingig (Surigao Del Sur),Ms,TECTONIC
1524,2024-08-05 02:34:44+00:00,15.09,122.97,1.0,4.4,068 km N 02° E of Tinaga Island (Vinzons) (Camarines Norte),Ms,TECTONIC
1525,2024-08-05 02:30:33+00:00,8.19,126.93,8.0,1.9,060 km N 73° E of Lingig (Surigao Del Sur),Ms,TECTONIC
1526,2024-08-05 02:09:30+00:00,8.15,126.81,17.0,3.0,046 km N 74° E of Lingig (Surigao Del Sur),Ms,TECTONIC
1527,2024-08-05 01:38:27+00:00,7.11,125.96,26.0,3.4,007 km S 77° E of Pantukan (Davao De Oro),Ms,TECTONIC
1528,2024-08-05 01:08:58+00:00,9.73,125.68,34.0,1.9,011 km N 48° E of Placer (Surigao Del Norte),Ms,TECTONIC
1529,2024-08-05 00:54:02+00:00,8.24,126.79,7.0,2.4,047 km N 62° E of Lingig (Surigao Del Sur),Ms,TECTONIC
1530,2024-08-05 00:07:43+00:00,6.73,125.14,34.0,1.8,003 km S 36° W of Magsaysay (Davao Del Sur),Ms,TECTONIC
1531,2024-08-04 23:58:40+00:00,8.05,127.06,1.0,2.5,071 km N 89° E of Lingig (Surigao Del Sur),Ms,TECTONIC
1532,2024-08-04 23:45:07+00:00,12.92,124.62,59.0,3.6,038 km N 47° E of Biri (Northern Samar),Ms,TECTONIC
1533,2024-08-04 23:43:29+00:00,8.14,126.87,3.0,2.8,051 km N 77° E of Lingig (Surigao Del Sur),Ms,TECTONIC
1534,2024-08-04 22:30:54+00:00,4.68,126.12,86.0,3.5,112 km S 44° E of Balut Island (Municipality Of Sarangani) (Davao Occidental),Ms,TECTONIC
1535,2024-08-04 22:26:07+00:00,9.06,126.05,106.0,2.8,013 km S 84° W of City Of Tandag (Surigao Del Sur),Ms,TECTONIC
1536,2024-08-04 22:23:12+00:00,5.51,125.1,37.0,2.0,037 km S 18° W of Glan (Sarangani),Ms,TECTONIC
1537,2024-08-04 22:15:48+00:00,8.24,127.5,12.0,2.0,122 km N 79° E of Lingig (Surigao Del Sur),Ms,TECTONIC
1538,2024-08-04 21:30:08+00:00,17.23,119.99,1.0,2.1,049 km N 81° W of City Of Candon (Ilocos Sur),Ms,TECTONIC
1539,2024-08-04 21:21:05+00:00,17.25,122.09,22.0,2.7,022 km S 47° W of Maconacon (Isabela),Ms,TECTONIC
1540,2024-08-04 21:12:36+00:00,14.81,119.56,10.0,2.7,059 km S 75° W of San Antonio (Zambales),Ms,TECTONIC
1541,2024-08-04 21:04:08+00:00,10.04,126.08,22.0,2.4,002 km N 25° E of Burgos (Surigao Del Norte),Ms,TECTONIC
1542,2024-08-04 20:59:59+00:00,7.85,127.04,13.0,3.8,069 km S 73° E of Lingig (Surigao Del Sur),Ms,TECTONIC
1543,2024-08-04 20:14:59+00:00,7.93,127.0,17.0,3.1,066 km S 79° E of Lingig (Surigao Del Sur),Ms,TECTONIC
1544,2024-08-04 19:53:55+00:00,17.47,122.68,23.0,4.0,044 km N 69° E of Divilacan (Isabela),Ms,TECTONIC
1545,2024-08-04 19:45:47+00:00,9.62,123.52,33.0,1.8,004 km S 74° E of Boljoon (Cebu),Ms,TECTONIC
1546,2024-08-04 19:33:36+00:00,8.07,126.73,26.0,2.3,036 km N 84° E of Lingig (Surigao Del Sur),Ms,TECTONIC
1547,2024-08-04 19:11:58+00:00,7.89,127.18,1.0,4.8,086 km S 79° E of Lingig (Surigao Del Sur),Mw,TECTONIC
1548,2024-08-04 18:54:05+00:00,8.19,126.73,5.0,2.1,038 km N 65° E of Lingig (Surigao Del Sur),Ms,TECTONIC
1549,2024-08-04 18:49:42+00:00,13.43,120.33,4.0,2.8,015 km N 85° W of Paluan (Occidental Mindoro),Ms,TECTONIC
1550,2024-08-04 18:26:03+00:00,8.05,126.98,7.0,2.9,063 km N 89° E of Lingig (Surigao Del Sur),Ms,TECTONIC
1551,2024-08-04 18:13:13+00:00,13.15,124.15,6.0,3.4,005 km S 32° E of Rapu-rapu (Albay),Ms,TECTONIC
1552,2024-08-04 17:57:34+00:00,13.94,120.52,178.0,2.6,017 km N 44° W of Calatagan (Batangas),Ms,TECTONIC
1553,2024-08-04 17:54:12+00:00,7.37,126.78,11.0,2.9,025 km N 78° E of Caraga (Davao Oriental),Ms,TECTONIC
1554,2024-08-04 17:50:53+00:00,5.42,127.24,92.0,3.0,185 km S 73° E of Jose Abad Santos (Davao Occidental),Ms,TECTONIC
1555,2024-08-04 17:46:46+00:00,9.8,125.83,27.0,1.6,017 km S 62° W of Del Carmen (Surigao Del Norte),Ms,TECTONIC
1556,2024-08-04 17:35:33+00:00,8.23,126.87,20.0,2.6,055 km N 67° E of Lingig (Surigao Del Sur),Ms,TECTONIC
1557,2024-08-04 17:18:08+00:00,8.1,127.08,8.0,4.0,073 km N 85° E of Lingig (Surigao Del Sur),Ms,TECTONIC
1558,2024-08-04 17:05:10+00:00,8.15,127.16,33.0,3.8,084 km N 81° E of Lingig (Surigao Del Sur),Ms,TECTONIC
1559,2024-08-04 16:54:22+00:00,8.07,126.76,21.0,2.0,039 km N 84° E of Lingig (Surigao Del Sur),Ms,TECTONIC
1560,2024-08-04 16:37:00+00:00,13.08,120.71,1.0,2.4,001 km S 71° W of Santa Cruz (Occidental Mindoro),Ms,TECTONIC
1561,2024-08-04 16:18:08+00:00,7.69,127.08,33.0,2.7,083 km S 62° E of Lingig (Surigao Del Sur),Ms,TECTONIC
1562,2024-08-04 16:13:31+00:00,8.1,127.01,27.0,2.6,066 km N 84° E of Lingig (Surigao Del Sur),Ms,TECTONIC
1563,2024-08-04 15:47:12+00:00,8.15,127.13,3.0,2.9,080 km N 81° E of Lingig (Surigao Del Sur),Ms,TECTONIC
1564,2024-08-04 15:28:58+00:00,8.32,126.75,1.0,2.8,049 km N 51° E of Lingig (Surigao Del Sur),Ms,TECTONIC
1565,2024-08-04 15:24:56+00:00,8.26,126.68,6.0,2.4,039 km N 51° E of Lingig (Surigao Del Sur),Ms,TECTONIC
1566,2024-08-04 15:17:54+00:00,8.03,126.76,20.0,2.3,039 km S 89° E of Lingig (Surigao Del Sur),Ms,TECTONIC
1567,2024-08-04 15:12:44+00:00,7.93,127.04,8.0,3.1,070 km S 80° E of Lingig (Surigao Del Sur),Ms,TECTONIC
1568,2024-08-04 15:03:22+00:00,8.12,126.8,6.0,2.5,044 km N 79° E of Lingig (Surigao Del Sur),Ms,TECTONIC
1569,2024-08-04 14:18:38+00:00,6.45,126.42,29.0,2.8,045 km S 59° E of Governor Generoso (Davao Oriental),Ms,TECTONIC
1570,2024-08-04 14:04:15+00:00,8.02,127.26,1.0,4.1,094 km S 88° E of Lingig (Surigao Del Sur),Ms,TECTONIC
1571,2024-08-04 13:45:08+00:00,5.61,127.11,143.0,2.4,163 km S 45° E of Governor Generoso (Davao Oriental),Ms,TECTONIC
1572,2024-08-04 13:28:45+00:00,8.05,126.99,8.0,3.3,063 km N 89° E of Lingig (Surigao Del Sur),Ms,TECTONIC
1573,2024-08-04 13:23:49+00:00,2.15,126.49,35.0,3.3,379 km S 18° E of Balut Island (Municipality Of Sarangani) (Davao Occidental),Ms,TECTONIC
1574,2024-08-04 13:15:31+00:00,8.09,126.76,21.0,2.7,039 km N 81° E of Lingig (Surigao Del Sur),Ms,TECTONIC
1575,2024-08-04 13:12:37+00:00,16.69,120.32,8.0,2.5,005 km S 49° W of Bacnotan (La Union),Ms,TECTONIC
1576,2024-08-04 13:14:16+00:00,5.0,126.13,49.0,3.1,090 km S 55° E of Sarangani Island (Municipality Of Sarangani) (Davao Occidental),Ms,TECTONIC
1577,2024-08-04 13:09:48+00:00,8.09,126.95,15.0,2.4,059 km N 85° E of Lingig (Surigao Del Sur),Ms,TECTONIC
1578,2024-08-04 13:03:34+00:00,9.09,126.26,23.0,2.3,022 km S 21° E of Cortes (Surigao Del Sur),Ms,TECTONIC
1579,2024-08-04 12:47:53+00:00,8.15,126.91,34.0,2.0,056 km N 78° E of Lingig (Surigao Del Sur),Ms,TECTONIC
1580,2024-08-04 11:59:30+00:00,8.1,126.8,23.0,1.8,043 km N 81° E of Lingig (Surigao Del Sur),Ms,TECTONIC
1581,2024-08-04 11:54:50+00:00,8.01,126.77,29.0,2.5,039 km S 86° E of Lingig (Surigao Del Sur),Ms,TECTONIC
1582,2024-08-04 11:07:23+00:00,8.07,127.11,1.0,2.5,077 km N 87° E of Lingig (Surigao Del Sur),Ms,TECTONIC
1583,2024-08-04 10:26:55+00:00,13.15,120.66,3.0,2.0,010 km N 40° W of Santa Cruz (Occidental Mindoro),Ms,TECTONIC
1584,2024-08-04 10:20:50+00:00,8.05,126.76,23.0,2.4,039 km N 89° E of Lingig (Surigao Del Sur),Ms,TECTONIC
1585,2024-08-04 10:02:52+00:00,8.23,126.66,2.0,3.0,035 km N 53° E of Lingig (Surigao Del Sur),Ms,TECTONIC
1586,2024-08-04 09:32:16+00:00,8.05,127.25,1.0,3.0,092 km N 89° E of Lingig (Surigao Del Sur),Ms,TECTONIC
1587,2024-08-04 09:15:10+00:00,8.15,126.82,25.0,1.9,047 km N 75° E of Lingig (Surigao Del Sur),Ms,TECTONIC
1588,2024-08-04 08:46:42+00:00,6.92,126.73,146.0,3.7,034 km S 65° E of Tarragona (Davao Oriental),Ms,TECTONIC
1589,2024-08-04 08:38:18+00:00,14.0,120.48,219.0,3.4,018 km S 64° W of Nasugbu (Batangas),Ms,TECTONIC
1590,2024-08-04 07:33:55+00:00,8.1,126.72,16.0,3.0,035 km N 79° E of Lingig (Surigao Del Sur),Ms,TECTONIC
1591,2024-08-04 07:30:03+00:00,7.8,126.97,1.0,3.8,067 km S 67° E of Lingig (Surigao Del Sur),Ms,TECTONIC
1592,2024-08-04 07:27:33+00:00,15.23,119.93,27.0,1.9,023 km S 04° E of Palauig (Zambales),Ms,TECTONIC
1593,2024-08-04 06:30:27+00:00,15.08,120.02,14.0,2.2,006 km N 71° W of San Felipe (Zambales),Ms,TECTONIC
1594,2024-08-04 06:25:46+00:00,8.05,126.9,10.0,2.9,054 km N 89° E of Lingig (Surigao Del Sur),Ms,TECTONIC
1595,2024-08-04 06:20:27+00:00,8.09,126.75,20.0,1.8,038 km N 82° E of Lingig (Surigao Del Sur),Ms,TECTONIC
1596,2024-08-04 06:13:48+00:00,8.04,126.93,32.0,2.3,057 km N 90° E of Lingig (Surigao Del Sur),Ms,TECTONIC
1597,2024-08-04 06:04:11+00:00,7.97,126.65,19.0,2.1,027 km S 73° E of Lingig (Surigao Del Sur),Ms,TECTONIC
1598,2024-08-04 05:36:53+00:00,8.09,126.54,27.0,1.4,015 km N 68° E of Lingig (Surigao Del Sur),Ms,TECTONIC
1599,2024-08-04 05:35:28+00:00,8.1,126.56,29.0,2.1,018 km N 67° E of Lingig (Surigao Del Sur),Ms,TECTONIC
1600,2024-08-04 05:26:01+00:00,8.12,127.07,3.0,4.5,073 km N 83° E of Lingig (Surigao Del Sur),Ms,TECTONIC
1601,2024-08-04 05:15:27+00:00,8.62,127.26,126.0,2.9,106 km N 75° E of Hinatuan (Surigao Del Sur),Ms,TECTONIC
1602,2024-08-04 05:02:02+00:00,8.07,126.54,29.0,2.1,014 km N 78° E of Lingig (Surigao Del Sur),Ms,TECTONIC
1603,2024-08-04 05:01:09+00:00,7.94,126.79,16.0,1.5,043 km S 75° E of Lingig (Surigao Del Sur),Ms,TECTONIC
1604,2024-08-04 04:40:18+00:00,8.16,126.79,17.0,2.9,044 km N 73° E of Lingig (Surigao Del Sur),Ms,TECTONIC
1605,2024-08-04 04:26:50+00:00,8.14,126.84,4.0,3.0,048 km N 77° E of Lingig (Surigao Del Sur),Ms,TECTONIC
1606,2024-08-04 04:25:01+00:00,16.72,119.78,27.0,3.2,039 km N 19° W of Bolinao (Pangasinan),Ms,TECTONIC
1607,2024-08-04 03:52:00+00:00,8.19,126.9,1.0,3.4,056 km N 73° E of Lingig (Surigao Del Sur),Ms,TECTONIC
1608,2024-08-04 03:50:45+00:00,8.02,126.59,30.0,2.2,020 km S 83° E of Lingig (Surigao Del Sur),Ms,TECTONIC
1609,2024-08-04 03:49:40+00:00,8.07,126.51,27.0,2.0,011 km N 73° E of Lingig (Surigao Del Sur),Ms,TECTONIC
1610,2024-08-04 03:47:33+00:00,8.1,127.02,4.0,3.2,067 km N 85° E of Lingig (Surigao Del Sur),Ms,TECTONIC
1611,2024-08-04 03:42:50+00:00,8.18,126.66,14.0,2.8,031 km N 61° E of Lingig (Surigao Del Sur),Ms,TECTONIC
1612,2024-08-04 03:15:28+00:00,7.91,126.89,14.0,2.6,054 km S 75° E of Lingig (Surigao Del Sur),Ms,TECTONIC
1613,2024-08-04 02:54:13+00:00,11.72,125.18,22.0,3.0,013 km N 78° E of Hinabangan (Samar),Ms,TECTONIC
1614,2024-08-04 02:14:14+00:00,7.91,127.21,4.0,3.3,089 km S 81° E of Lingig (Surigao Del Sur),Ms,TECTONIC
1615,2024-08-04 02:12:06+00:00,7.86,127.1,13.0,2.1,078 km S 76° E of Lingig (Surigao Del Sur),Ms,TECTONIC
1616,2024-08-04 02:09:30+00:00,8.08,126.65,31.0,2.5,026 km N 80° E of Lingig (Surigao Del Sur),Ms,TECTONIC
1617,2024-08-04 01:37:37+00:00,8.04,127.0,3.0,3.7,065 km N 89° E of Lingig (Surigao Del Sur),Ms,TECTONIC
1618,2024-08-04 01:29:11+00:00,7.99,127.04,3.0,2.9,070 km S 85° E of Lingig (Surigao Del Sur),Ms,TECTONIC
1619,2024-08-04 01:07:25+00:00,8.16,126.85,10.0,3.2,050 km N 74° E of Lingig (Surigao Del Sur),Ms,TECTONIC
1620,2024-08-04 01:01:40+00:00,9.05,126.43,25.0,2.1,019 km N 62° E of Bayabas (Surigao Del Sur),Ms,TECTONIC
1621,2024-08-04 00:56:42+00:00,8.18,126.72,20.0,3.0,038 km N 65° E of Lingig (Surigao Del Sur),Ms,TECTONIC
1622,2024-08-04 00:40:08+00:00,8.25,126.57,25.0,1.8,029 km N 36° E of Lingig (Surigao Del Sur),Ms,TECTONIC
1623,2024-08-04 00:36:25+00:00,8.46,126.06,43.0,1.5,010 km S 42° W of Barobo (Surigao Del Sur),Ms,TECTONIC
1624,2024-08-04 00:17:16+00:00,8.16,127.1,1.0,4.2,077 km N 80° E of Lingig (Surigao Del Sur),Ms,TECTONIC
1625,2024-08-04 00:11:02+00:00,8.19,126.9,4.0,3.5,057 km N 73° E of Lingig (Surigao Del Sur),Ms,TECTONIC
1626,2024-08-03 23:53:53+00:00,8.07,126.79,13.0,1.4,042 km N 85° E of Lingig (Surigao Del Sur),Ms,TECTONIC
1627,2024-08-03 23:45:31+00:00,8.02,126.9,11.0,3.1,053 km S 88° E of Lingig (Surigao Del Sur),Ms,TECTONIC
1628,2024-08-03 23:23:23+00:00,7.84,126.04,14.0,2.0,002 km N 45° W of Monkayo (Davao De Oro),Ms,TECTONIC
1629,2024-08-03 23:33:30+00:00,14.18,121.26,30.0,1.8,003 km S 82° W of Bay (Laguna),Ms,TECTONIC
1630,2024-08-03 23:16:58+00:00,4.6,125.9,145.0,3.7,104 km S 30° E of Balut Island (Municipality Of Sarangani) (Davao Occidental),Ms,TECTONIC
1631,2024-08-03 23:14:11+00:00,8.04,126.88,14.0,1.7,052 km S 90° E of Lingig (Surigao Del Sur),Ms,TECTONIC
1632,2024-08-03 23:02:38+00:00,8.42,126.69,9.0,2.0,039 km N 81° E of Hinatuan (Surigao Del Sur),Ms,TECTONIC
1633,2024-08-03 22:39:36+00:00,8.03,126.86,19.0,1.8,049 km S 89° E of Lingig (Surigao Del Sur),Ms,TECTONIC
1634,2024-08-03 22:37:46+00:00,7.93,126.41,24.0,1.8,012 km S 02° W of Lingig (Surigao Del Sur),Ms,TECTONIC
1635,2024-08-03 22:33:40+00:00,8.07,126.38,46.0,1.7,005 km N 41° W of Lingig (Surigao Del Sur),Ms,TECTONIC
1636,2024-08-03 22:31:29+00:00,18.11,120.61,24.0,4.1,007 km S 15° E of San Nicolas (Ilocos Norte),Ms,TECTONIC
1637,2024-08-03 22:30:37+00:00,7.97,126.73,20.0,1.7,036 km S 78° E of Lingig (Surigao Del Sur),Ms,TECTONIC
1638,2024-08-03 22:17:07+00:00,7.95,126.82,14.0,2.3,046 km S 78° E of Lingig (Surigao Del Sur),Ms,TECTONIC
1639,2024-08-03 22:06:06+00:00,8.14,126.84,12.0,4.2,049 km N 77° E of Lingig (Surigao Del Sur),Ms,TECTONIC
1640,2024-08-03 22:01:36+00:00,7.96,126.78,18.0,2.1,042 km S 78° E of Lingig (Surigao Del Sur),Ms,TECTONIC
1641,2024-08-03 21:45:32+00:00,8.12,126.74,19.0,2.5,037 km N 76° E of Lingig (Surigao Del Sur),Ms,TECTONIC
1642,2024-08-03 21:40:58+00:00,8.24,127.15,13.0,2.2,084 km N 75° E of Lingig (Surigao Del Sur),Ms,TECTONIC
1643,2024-08-03 21:31:57+00:00,8.01,127.07,11.0,3.0,072 km S 87° E of Lingig (Surigao Del Sur),Ms,TECTONIC
1644,2024-08-03 21:27:39+00:00,15.41,120.36,11.0,1.6,023 km S 05° W of Mayantoc (Tarlac),Ms,TECTONIC
1645,2024-08-03 21:24:48+00:00,8.07,126.83,14.0,2.3,046 km N 86° E of Lingig (Surigao Del Sur),Ms,TECTONIC
1646,2024-08-03 21:23:28+00:00,8.05,126.62,21.0,1.6,023 km N 87° E of Lingig (Surigao Del Sur),Ms,TECTONIC
1647,2024-08-03 21:19:56+00:00,7.46,126.88,23.0,2.1,038 km S 70° E of Baganga (Davao Oriental),Ms,TECTONIC
1648,2024-08-03 21:10:01+00:00,16.17,121.85,22.0,3.5,012 km N 71° W of Dinalungan (Aurora),Ms,TECTONIC
1649,2024-08-03 20:54:19+00:00,8.12,126.87,14.0,2.4,051 km N 80° E of Lingig (Surigao Del Sur),Ms,TECTONIC
1650,2024-08-03 20:50:31+00:00,8.0,126.68,21.0,1.6,030 km S 82° E of Lingig (Surigao Del Sur),Ms,TECTONIC
1651,2024-08-03 20:48:44+00:00,8.02,126.69,24.0,1.7,031 km S 86° E of Lingig (Surigao Del Sur),Ms,TECTONIC
1652,2024-08-03 20:44:39+00:00,4.42,126.81,19.0,3.3,189 km S 55° E of Balut Island (Municipality Of Sarangani) (Davao Occidental),Ms,TECTONIC
1653,2024-08-03 20:42:08+00:00,8.04,126.39,31.0,1.7,003 km N 80° W of Lingig (Surigao Del Sur),Ms,TECTONIC
1654,2024-08-03 20:40:19+00:00,8.0,126.77,13.0,2.5,040 km S 84° E of Lingig (Surigao Del Sur),Ms,TECTONIC
1655,2024-08-03 20:34:48+00:00,8.31,126.95,5.0,2.0,067 km N 63° E of Lingig (Surigao Del Sur),Ms,TECTONIC
1656,2024-08-03 20:32:27+00:00,7.97,127.05,13.0,3.3,070 km S 84° E of Lingig (Surigao Del Sur),Ms,TECTONIC
1657,2024-08-03 20:30:00+00:00,8.02,126.92,2.0,2.9,056 km S 87° E of Lingig (Surigao Del Sur),Ms,TECTONIC
1658,2024-08-03 20:27:13+00:00,17.5,120.26,27.0,2.0,014 km S 70° W of Caoayan (Ilocos Sur),Ms,TECTONIC
1659,2024-08-03 20:20:57+00:00,11.73,125.05,31.0,1.5,004 km N 36° W of Hinabangan (Samar),Ms,TECTONIC
1660,2024-08-03 20:15:34+00:00,8.12,126.84,7.0,2.4,048 km N 79° E of Lingig (Surigao Del Sur),Ms,TECTONIC
1661,2024-08-03 20:12:56+00:00,5.41,126.04,34.0,3.0,064 km S 84° E of Sarangani Island (Municipality Of Sarangani) (Davao Occidental),Ms,TECTONIC
1662,2024-08-03 20:10:30+00:00,8.25,126.82,2.0,2.8,051 km N 63° E of Lingig (Surigao Del Sur),Ms,TECTONIC
1663,2024-08-03 20:08:42+00:00,18.29,120.83,22.0,2.3,016 km N 03° E of Carasi (Ilocos Norte),Ms,TECTONIC
1664,2024-08-03 20:07:48+00:00,8.04,126.61,21.0,1.6,022 km East of Lingig (Surigao Del Sur),Ms,TECTONIC
1665,2024-08-03 20:04:31+00:00,5.98,126.2,128.0,3.6,060 km S 67° E of Don Marcelino (Davao Occidental),Ms,TECTONIC
1666,2024-08-03 19:58:18+00:00,7.81,127.16,7.0,2.4,087 km S 73° E of Lingig (Surigao Del Sur),Ms,TECTONIC
1667,2024-08-03 19:54:53+00:00,8.06,126.53,33.0,2.2,014 km N 79° E of Lingig (Surigao Del Sur),Ms,TECTONIC
1668,2024-08-03 19:52:45+00:00,8.07,126.54,27.0,2.3,014 km N 77° E of Lingig (Surigao Del Sur),Ms,TECTONIC
1669,2024-08-03 19:43:26+00:00,7.99,126.74,15.0,2.2,036 km S 81° E of Lingig (Surigao Del Sur),Ms,TECTONIC
1670,2024-08-03 19:42:12+00:00,8.46,126.8,9.0,2.1,052 km N 79° E of Hinatuan (Surigao Del Sur),Ms,TECTONIC
1671,2024-08-03 19:36:52+00:00,17.27,120.66,26.0,2.1,007 km S 37° W of Luba (Abra),Ms,TECTONIC
1672,2024-08-03 19:34:44+00:00,8.98,126.36,33.0,1.8,008 km N 82° E of Bayabas (Surigao Del Sur),Ms,TECTONIC
1673,2024-08-03 19:28:28+00:00,8.16,126.69,17.0,1.6,033 km N 66° E of Lingig (Surigao Del Sur),Ms,TECTONIC
1674,2024-08-03 19:27:40+00:00,16.55,120.89,7.0,2.2,009 km N 46° E of Bokod (Benguet),Ms,TECTONIC
1675,2024-08-03 19:25:23+00:00,8.0,126.69,20.0,1.8,031 km S 83° E of Lingig (Surigao Del Sur),Ms,TECTONIC
1676,2024-08-03 19:19:44+00:00,7.93,126.63,16.0,1.4,027 km S 64° E of Lingig (Surigao Del Sur),Ms,TECTONIC
1677,2024-08-03 19:12:34+00:00,8.23,127.03,8.0,2.9,072 km N 73° E of Lingig (Surigao Del Sur),Ms,TECTONIC
1678,2024-08-03 19:09:11+00:00,17.39,121.99,33.0,1.5,022 km S 72° E of San Pablo (Isabela),Ms,TECTONIC
1679,2024-08-03 19:07:09+00:00,7.99,126.69,18.0,1.7,031 km S 80° E of Lingig (Surigao Del Sur),Ms,TECTONIC
1680,2024-08-03 19:05:59+00:00,8.25,126.5,35.0,1.8,022 km S 53° E of Hinatuan (Surigao Del Sur),Ms,TECTONIC
1681,2024-08-03 18:58:55+00:00,7.87,126.95,12.0,1.8,062 km S 72° E of Lingig (Surigao Del Sur),Ms,TECTONIC
1682,2024-08-03 18:55:06+00:00,7.88,127.09,23.0,2.5,076 km S 77° E of Lingig (Surigao Del Sur),Ms,TECTONIC
1683,2024-08-03 18:53:50+00:00,8.12,126.74,22.0,2.3,037 km N 77° E of Lingig (Surigao Del Sur),Ms,TECTONIC
1684,2024-08-03 18:48:04+00:00,8.05,126.54,27.0,1.6,014 km N 86° E of Lingig (Surigao Del Sur),Ms,TECTONIC
1685,2024-08-03 18:47:22+00:00,18.32,121.14,12.0,1.6,012 km N 56° E of Calanasan (Apayao),Ms,TECTONIC
1686,2024-08-03 18:46:47+00:00,7.97,126.45,21.0,1.8,008 km S 29° E of Lingig (Surigao Del Sur),Ms,TECTONIC
1687,2024-08-03 18:46:11+00:00,7.66,127.35,23.0,2.2,111 km S 68° E of Lingig (Surigao Del Sur),Ms,TECTONIC
1688,2024-08-03 18:38:00+00:00,7.67,126.1,23.0,1.7,001 km N 51° E of Compostela (Davao De Oro),Ms,TECTONIC
1689,2024-08-03 18:34:39+00:00,7.82,127.23,1.0,2.8,093 km S 75° E of Lingig (Surigao Del Sur),Ms,TECTONIC
1690,2024-08-03 18:32:06+00:00,7.93,126.77,33.0,1.8,041 km S 73° E of Lingig (Surigao Del Sur),Ms,TECTONIC
1691,2024-08-03 18:30:18+00:00,7.63,127.38,32.0,2.4,116 km S 67° E of Lingig (Surigao Del Sur),Ms,TECTONIC
1692,2024-08-03 18:27:19+00:00,7.7,127.0,21.0,2.6,075 km S 60° E of Lingig (Surigao Del Sur),Ms,TECTONIC
1693,2024-08-03 18:24:59+00:00,8.06,126.48,25.0,1.7,008 km N 72° E of Lingig (Surigao Del Sur),Ms,TECTONIC
1694,2024-08-03 18:18:27+00:00,8.09,126.79,12.0,2.4,042 km N 82° E of Lingig (Surigao Del Sur),Ms,TECTONIC
1695,2024-08-03 18:12:44+00:00,8.1,126.72,24.0,1.5,034 km N 79° E of Lingig (Surigao Del Sur),Ms,TECTONIC
1696,2024-08-03 18:04:00+00:00,8.37,126.33,34.0,1.5,001 km N 63° W of Hinatuan (Surigao Del Sur),Ms,TECTONIC
1697,2024-08-03 18:00:04+00:00,8.12,126.69,22.0,2.8,032 km N 73° E of Lingig (Surigao Del Sur),Ms,TECTONIC
1698,2024-08-03 17:51:13+00:00,8.09,126.75,16.0,2.0,037 km N 79° E of Lingig (Surigao Del Sur),Ms,TECTONIC
1699,2024-08-03 17:46:25+00:00,8.06,126.52,27.0,2.0,012 km N 78° E of Lingig (Surigao Del Sur),Ms,TECTONIC
1700,2024-08-03 17:42:25+00:00,7.94,126.77,21.0,2.5,041 km S 74° E of Lingig (Surigao Del Sur),Ms,TECTONIC
1701,2024-08-03 17:40:38+00:00,7.95,126.44,16.0,1.7,011 km S 18° E of Lingig (Surigao Del Sur),Ms,TECTONIC
1702,2024-08-03 17:35:06+00:00,9.59,124.41,26.0,1.8,008 km S 33° E of Jagna (Bohol),Ms,TECTONIC
1703,2024-08-03 17:34:44+00:00,8.26,126.82,11.0,2.1,051 km N 62° E of Lingig (Surigao Del Sur),Ms,TECTONIC
1704,2024-08-03 17:33:12+00:00,8.05,126.73,21.0,2.3,035 km N 88° E of Lingig (Surigao Del Sur),Ms,TECTONIC
1705,2024-08-03 17:26:25+00:00,8.11,127.05,1.0,3.8,070 km N 84° E of Lingig (Surigao Del Sur),Ms,TECTONIC
1706,2024-08-03 17:21:29+00:00,8.1,126.61,32.0,2.0,023 km N 73° E of Lingig (Surigao Del Sur),Ms,TECTONIC
1707,2024-08-03 17:16:12+00:00,8.0,126.96,10.0,3.0,060 km S 86° E of Lingig (Surigao Del Sur),Ms,TECTONIC
1708,2024-08-03 17:12:53+00:00,8.15,126.93,9.0,4.1,058 km N 78° E of Lingig (Surigao Del Sur),Ms,TECTONIC
1709,2024-08-03 16:54:29+00:00,8.09,126.64,22.0,1.8,026 km N 78° E of Lingig (Surigao Del Sur),Ms,TECTONIC
1710,2024-08-03 16:51:27+00:00,7.96,126.98,12.0,2.3,063 km S 82° E of Lingig (Surigao Del Sur),Ms,TECTONIC
1711,2024-08-03 16:51:02+00:00,7.99,126.76,26.0,1.4,038 km S 83° E of Lingig (Surigao Del Sur),Ms,TECTONIC
1712,2024-08-03 16:45:32+00:00,8.01,126.77,19.0,2.6,039 km S 86° E of Lingig (Surigao Del Sur),Ms,TECTONIC
1713,2024-08-03 16:43:29+00:00,8.48,126.74,20.0,2.8,046 km N 74° E of Hinatuan (Surigao Del Sur),Ms,TECTONIC
1714,2024-08-03 16:36:03+00:00,8.14,126.73,18.0,1.7,037 km N 72° E of Lingig (Surigao Del Sur),Ms,TECTONIC
1715,2024-08-03 16:34:06+00:00,8.05,126.73,26.0,1.6,035 km N 89° E of Lingig (Surigao Del Sur),Ms,TECTONIC
1716,2024-08-03 16:33:02+00:00,7.97,126.67,25.0,1.3,030 km S 75° E of Lingig (Surigao Del Sur),Ms,TECTONIC
1717,2024-08-03 16:25:24+00:00,8.08,126.51,25.0,1.7,012 km N 64° E of Lingig (Surigao Del Sur),Ms,TECTONIC
1718,2024-08-03 16:24:31+00:00,8.01,126.64,17.0,1.9,025 km S 83° E of Lingig (Surigao Del Sur),Ms,TECTONIC
1719,2024-08-03 16:22:06+00:00,7.94,126.76,17.0,2.1,040 km S 74° E of Lingig (Surigao Del Sur),Ms,TECTONIC
1720,2024-08-03 16:18:50+00:00,8.09,126.72,21.0,2.3,035 km N 81° E of Lingig (Surigao Del Sur),Ms,TECTONIC
1721,2024-08-03 16:15:10+00:00,8.13,126.75,14.0,3.0,039 km N 74° E of Lingig (Surigao Del Sur),Ms,TECTONIC
1722,2024-08-03 16:14:11+00:00,7.97,126.67,21.0,1.9,030 km S 75° E of Lingig (Surigao Del Sur),Ms,TECTONIC
1723,2024-08-03 16:09:09+00:00,8.11,126.75,16.0,1.9,038 km N 79° E of Lingig (Surigao Del Sur),Ms,TECTONIC
1724,2024-08-03 16:00:47+00:00,9.6,126.53,33.0,2.3,045 km S 64° E of General Luna (Surigao Del Norte),Ms,TECTONIC
1725,2024-08-03 15:53:54+00:00,8.06,126.64,20.0,2.3,025 km N 85° E of Lingig (Surigao Del Sur),Ms,TECTONIC
1726,2024-08-03 15:50:50+00:00,8.04,127.15,17.0,2.3,082 km S 90° E of Lingig (Surigao Del Sur),Ms,TECTONIC
1727,2024-08-03 15:49:48+00:00,7.97,126.4,25.0,2.0,007 km S 11° W of Lingig (Surigao Del Sur),Ms,TECTONIC
1728,2024-08-03 15:49:13+00:00,8.13,126.74,21.0,1.2,037 km N 75° E of Lingig (Surigao Del Sur),Ms,TECTONIC
1729,2024-08-03 15:47:27+00:00,8.05,126.76,13.0,1.8,039 km N 88° E of Lingig (Surigao Del Sur),Ms,TECTONIC
1730,2024-08-03 15:46:02+00:00,7.82,126.1,48.0,1.6,005 km S 84° E of Monkayo (Davao De Oro),Ms,TECTONIC
1731,2024-08-03 15:44:14+00:00,8.12,126.23,6.0,1.8,014 km S 41° W of City Of Bislig (Surigao Del Sur),Ms,TECTONIC
1732,2024-08-03 15:42:12+00:00,8.05,126.49,27.0,1.6,009 km N 81° E of Lingig (Surigao Del Sur),Ms,TECTONIC
1733,2024-08-03 15:33:46+00:00,8.04,126.75,14.0,1.7,038 km N 90° E of Lingig (Surigao Del Sur),Ms,TECTONIC
1734,2024-08-03 15:29:49+00:00,8.07,126.53,28.0,1.8,013 km N 75° E of Lingig (Surigao Del Sur),Ms,TECTONIC
1735,2024-08-03 15:21:18+00:00,7.98,126.88,18.0,1.9,052 km S 83° E of Lingig (Surigao Del Sur),Ms,TECTONIC
1736,2024-08-03 15:19:06+00:00,9.77,126.38,15.0,3.5,025 km S 88° E of General Luna (Surigao Del Norte),Ms,TECTONIC
1737,2024-08-03 15:16:39+00:00,8.05,127.15,13.0,2.1,082 km N 89° E of Lingig (Surigao Del Sur),Ms,TECTONIC
1738,2024-08-03 15:12:03+00:00,7.98,126.63,13.0,2.0,025 km S 75° E of Lingig (Surigao Del Sur),Ms,TECTONIC
1739,2024-08-03 15:10:51+00:00,8.0,126.4,31.0,1.9,004 km S 25° W of Lingig (Surigao Del Sur),Ms,TECTONIC
1740,2024-08-03 15:02:29+00:00,8.11,126.5,28.0,1.9,013 km N 53° E of Lingig (Surigao Del Sur),Ms,TECTONIC
1741,2024-08-03 14:59:03+00:00,8.07,126.53,26.0,1.8,014 km N 77° E of Lingig (Surigao Del Sur),Ms,TECTONIC
1742,2024-08-03 14:58:19+00:00,11.71,124.26,7.0,2.4,011 km N 75° W of Kawayan (Biliran),Ms,TECTONIC
1743,2024-08-03 14:53:58+00:00,8.0,127.07,2.0,4.2,072 km S 86° E of Lingig (Surigao Del Sur),Ms,TECTONIC
1744,2024-08-03 14:49:22+00:00,8.28,126.87,8.0,1.7,057 km N 62° E of Lingig (Surigao Del Sur),Ms,TECTONIC
1745,2024-08-03 14:48:25+00:00,7.97,126.44,20.0,1.8,008 km S 21° E of Lingig (Surigao Del Sur),Ms,TECTONIC
1746,2024-08-03 14:35:14+00:00,7.98,126.71,18.0,1.7,033 km S 80° E of Lingig (Surigao Del Sur),Ms,TECTONIC
1747,2024-08-03 14:34:05+00:00,6.41,124.63,5.0,2.7,006 km S 74° W of Santo Niño (South Cotabato),Ms,TECTONIC
1748,2024-08-03 14:33:32+00:00,8.07,126.49,26.0,1.9,009 km N 66° E of Lingig (Surigao Del Sur),Ms,TECTONIC
1749,2024-08-03 14:32:39+00:00,7.91,126.41,18.0,1.6,014 km S 01° W of Lingig (Surigao Del Sur),Ms,TECTONIC
1750,2024-08-03 14:22:54+00:00,8.0,126.69,20.0,1.9,031 km S 83° E of Lingig (Surigao Del Sur),Ms,TECTONIC
1751,2024-08-03 14:13:49+00:00,8.08,126.55,30.0,2.0,016 km N 74° E of Lingig (Surigao Del Sur),Ms,TECTONIC
1752,2024-08-03 14:08:31+00:00,7.95,127.22,1.0,3.5,090 km S 84° E of Lingig (Surigao Del Sur),Ms,TECTONIC
1753,2024-08-03 14:05:56+00:00,7.99,126.73,21.0,1.8,035 km S 81° E of Lingig (Surigao Del Sur),Ms,TECTONIC
1754,2024-08-03 14:00:17+00:00,8.16,126.72,10.0,1.7,037 km N 68° E of Lingig (Surigao Del Sur),Ms,TECTONIC
1755,2024-08-03 13:58:50+00:00,8.14,126.84,13.0,2.3,049 km N 77° E of Lingig (Surigao Del Sur),Ms,TECTONIC
1756,2024-08-03 13:57:36+00:00,7.89,126.81,13.0,2.3,047 km S 70° E of Lingig (Surigao Del Sur),Ms,TECTONIC
1757,2024-08-03 13:50:24+00:00,8.11,126.59,24.0,1.8,021 km N 68° E of Lingig (Surigao Del Sur),Ms,TECTONIC
1758,2024-08-03 13:49:55+00:00,8.02,126.77,21.0,1.4,039 km S 88° E of Lingig (Surigao Del Sur),Ms,TECTONIC
1759,2024-08-03 13:47:12+00:00,8.03,126.57,22.0,2.0,018 km S 89° E of Lingig (Surigao Del Sur),Ms,TECTONIC
1760,2024-08-03 13:45:44+00:00,7.82,127.03,3.0,3.6,072 km S 71° E of Lingig (Surigao Del Sur),Ms,TECTONIC
1761,2024-08-03 13:37:53+00:00,8.17,126.98,4.0,3.1,064 km N 77° E of Lingig (Surigao Del Sur),Ms,TECTONIC
1762,2024-08-03 13:20:46+00:00,7.97,126.7,14.0,2.3,033 km S 77° E of Lingig (Surigao Del Sur),Ms,TECTONIC
1763,2024-08-03 13:12:18+00:00,7.78,126.94,1.0,3.7,065 km S 64° E of Lingig (Surigao Del Sur),Ms,TECTONIC
1764,2024-08-03 13:10:06+00:00,8.15,126.79,12.0,2.3,043 km N 74° E of Lingig (Surigao Del Sur),Ms,TECTONIC
1765,2024-08-03 12:58:47+00:00,7.79,126.83,17.0,2.9,054 km S 59° E of Lingig (Surigao Del Sur),Ms,TECTONIC
1766,2024-08-03 12:54:56+00:00,8.11,126.96,10.0,2.8,060 km N 83° E of Lingig (Surigao Del Sur),Ms,TECTONIC
1767,2024-08-03 12:54:56+00:00,8.11,126.96,10.0,2.8,060 km N 83° E of Lingig (Surigao Del Sur),Ms,TECTONIC
1768,2024-08-03 12:44:58+00:00,8.14,126.99,6.0,2.1,065 km N 80° E of Lingig (Surigao Del Sur),Ms,TECTONIC
1769,2024-08-03 12:42:43+00:00,8.02,127.0,1.0,2.2,065 km S 88° E of Lingig (Surigao Del Sur),Ms,TECTONIC
1770,2024-08-03 12:41:21+00:00,8.01,126.91,3.0,3.4,055 km S 86° E of Lingig (Surigao Del Sur),Ms,TECTONIC
1771,2024-08-03 12:35:47+00:00,8.14,126.92,17.0,2.2,058 km N 79° E of Lingig (Surigao Del Sur),Ms,TECTONIC
1772,2024-08-03 12:34:57+00:00,7.96,126.48,22.0,1.5,012 km S 38° E of Lingig (Surigao Del Sur),Ms,TECTONIC
1773,2024-08-03 12:33:39+00:00,13.58,120.11,25.0,2.9,022 km S 46° W of Looc (Occidental Mindoro),Ms,TECTONIC
1774,2024-08-03 12:33:29+00:00,8.04,126.92,8.0,2.6,056 km S 90° E of Lingig (Surigao Del Sur),Ms,TECTONIC
1775,2024-08-03 12:28:57+00:00,8.13,126.67,26.0,1.5,031 km N 70° E of Lingig (Surigao Del Sur),Ms,TECTONIC
1776,2024-08-03 12:18:51+00:00,8.12,126.98,5.0,3.0,063 km N 82° E of Lingig (Surigao Del Sur),Ms,TECTONIC
1777,2024-08-03 12:06:01+00:00,7.96,126.5,53.0,2.5,013 km S 49° E of Lingig (Surigao Del Sur),Ms,TECTONIC
1778,2024-08-03 11:59:40+00:00,8.05,126.48,29.0,2.6,008 km N 81° E of Lingig (Surigao Del Sur),Ms,TECTONIC
1779,2024-08-03 11:58:10+00:00,7.95,126.92,19.0,2.4,057 km S 80° E of Lingig (Surigao Del Sur),Ms,TECTONIC
1780,2024-08-03 11:52:03+00:00,8.19,126.96,2.0,2.7,063 km N 75° E of Lingig (Surigao Del Sur),Ms,TECTONIC
1781,2024-08-03 11:34:31+00:00,8.14,126.82,20.0,1.3,047 km N 77° E of Lingig (Surigao Del Sur),Ms,TECTONIC
1782,2024-08-03 11:32:03+00:00,7.95,126.86,6.0,2.3,050 km S 79° E of Lingig (Surigao Del Sur),Ms,TECTONIC
1783,2024-08-03 11:31:06+00:00,7.99,126.52,22.0,1.6,013 km S 64° E of Lingig (Surigao Del Sur),Ms,TECTONIC
1784,2024-08-03 11:21:59+00:00,8.07,126.76,17.0,2.9,038 km N 85° E of Lingig (Surigao Del Sur),Ms,TECTONIC
1785,2024-08-03 11:12:11+00:00,7.9,126.78,16.0,1.5,044 km S 69° E of Lingig (Surigao Del Sur),Ms,TECTONIC
1786,2024-08-03 11:11:18+00:00,8.15,126.75,13.0,1.8,039 km N 72° E of Lingig (Surigao Del Sur),Ms,TECTONIC
1787,2024-08-03 11:08:59+00:00,8.14,126.78,13.0,2.1,042 km N 75° E of Lingig (Surigao Del Sur),Ms,TECTONIC
1788,2024-08-03 11:04:20+00:00,8.07,126.73,19.0,2.1,036 km N 84° E of Lingig (Surigao Del Sur),Ms,TECTONIC
1789,2024-08-03 10:53:48+00:00,8.14,126.98,6.0,3.0,063 km N 80° E of Lingig (Surigao Del Sur),Ms,TECTONIC
1790,2024-08-03 10:37:53+00:00,8.01,126.39,26.0,1.6,003 km S 37° W of Lingig (Surigao Del Sur),Ms,TECTONIC
1791,2024-08-03 10:25:48+00:00,7.93,127.16,21.0,2.0,083 km S 81° E of Lingig (Surigao Del Sur),Ms,TECTONIC
1792,2024-08-03 10:21:09+00:00,8.11,126.64,34.0,1.7,026 km N 73° E of Lingig (Surigao Del Sur),Ms,TECTONIC
1793,2024-08-03 10:19:16+00:00,8.02,126.3,33.0,1.6,012 km S 79° W of Lingig (Surigao Del Sur),Ms,TECTONIC
1794,2024-08-03 10:19:12+00:00,16.0,120.93,31.0,1.3,012 km N 80° E of San Quintin (Pangasinan),Ms,TECTONIC
1795,2024-08-03 10:17:39+00:00,8.08,126.49,25.0,1.6,009 km N 61° E of Lingig (Surigao Del Sur),Ms,TECTONIC
1796,2024-08-03 10:11:49+00:00,8.06,126.76,22.0,1.6,038 km N 87° E of Lingig (Surigao Del Sur),Ms,TECTONIC
1797,2024-08-03 10:09:25+00:00,7.96,126.77,45.0,1.5,040 km S 78° E of Lingig (Surigao Del Sur),Ms,TECTONIC
1798,2024-08-03 10:02:53+00:00,8.1,126.54,29.0,1.7,016 km N 64° E of Lingig (Surigao Del Sur),Ms,TECTONIC
1799,2024-08-03 10:00:02+00:00,8.05,126.74,33.0,1.7,036 km N 88° E of Lingig (Surigao Del Sur),Ms,TECTONIC
1800,2024-08-03 09:54:30+00:00,8.02,126.47,26.0,2.0,007 km S 77° E of Lingig (Surigao Del Sur),Ms,TECTONIC
1801,2024-08-03 09:42:21+00:00,7.94,126.4,21.0,1.7,009 km N 18° E of Boston (Davao Oriental),Ms,TECTONIC
1802,2024-08-03 09:37:39+00:00,7.89,127.0,12.0,4.1,067 km S 76° E of Lingig (Surigao Del Sur),Ms,TECTONIC
1803,2024-08-03 09:36:29+00:00,8.03,126.54,28.0,1.9,014 km S 86° E of Lingig (Surigao Del Sur),Ms,TECTONIC
1804,2024-08-03 09:32:51+00:00,8.08,126.89,9.0,2.7,052 km N 85° E of Lingig (Surigao Del Sur),Ms,TECTONIC
1805,2024-08-03 09:26:14+00:00,7.87,126.78,21.0,1.5,044 km S 65° E of Lingig (Surigao Del Sur),Ms,TECTONIC
1806,2024-08-03 09:21:52+00:00,8.03,126.58,23.0,1.9,018 km S 87° E of Lingig (Surigao Del Sur),Ms,TECTONIC
1807,2024-08-03 09:17:10+00:00,8.12,126.74,12.0,2.0,038 km N 76° E of Lingig (Surigao Del Sur),Ms,TECTONIC
1808,2024-08-03 09:14:54+00:00,7.93,126.75,15.0,2.3,039 km S 71° E of Lingig (Surigao Del Sur),Ms,TECTONIC
1809,2024-08-03 09:12:48+00:00,8.27,127.1,4.0,4.0,080 km N 72° E of Lingig (Surigao Del Sur),Ms,TECTONIC
1810,2024-08-03 09:07:14+00:00,8.1,126.55,27.0,1.6,017 km N 66° E of Lingig (Surigao Del Sur),Ms,TECTONIC
1811,2024-08-03 09:04:08+00:00,7.92,126.41,22.0,2.0,013 km S 01° W of Lingig (Surigao Del Sur),Ms,TECTONIC
1812,2024-08-03 09:02:30+00:00,8.0,126.72,14.0,1.2,025 km S 75° E of Lingig (Surigao Del Sur),Ms,TECTONIC
1813,2024-08-03 09:00:35+00:00,7.85,126.93,18.0,1.7,061 km S 70° E of Lingig (Surigao Del Sur),Ms,TECTONIC
1814,2024-08-03 08:58:40+00:00,8.08,126.86,1.0,2.8,049 km N 85° E of Lingig (Surigao Del Sur),Ms,TECTONIC
1815,2024-08-03 08:57:37+00:00,7.96,127.04,15.0,2.1,070 km S 83° E of Lingig (Surigao Del Sur),Ms,TECTONIC
1816,2024-08-03 08:55:41+00:00,8.17,126.59,16.0,2.1,024 km N 53° E of Lingig (Surigao Del Sur),Ms,TECTONIC
1817,2024-08-03 08:54:28+00:00,7.9,127.19,8.0,1.9,087 km S 80° E of Lingig (Surigao Del Sur),Ms,TECTONIC
1818,2024-08-03 08:49:29+00:00,7.9,126.78,13.0,1.6,038 km N 71° E of Cateel (Davao Oriental),Ms,TECTONIC
1819,2024-08-03 08:45:43+00:00,7.91,126.88,13.0,1.7,054 km S 74° E of Lingig (Surigao Del Sur),Ms,TECTONIC
1820,2024-08-03 08:42:45+00:00,8.14,126.76,14.0,2.1,040 km N 74° E of Lingig (Surigao Del Sur),Ms,TECTONIC
1821,2024-08-03 08:35:45+00:00,7.86,127.24,12.0,3.4,093 km S 78° E of Lingig (Surigao Del Sur),Ms,TECTONIC
1822,2024-08-03 08:28:16+00:00,8.16,126.98,4.0,3.2,065 km N 78° E of Lingig (Surigao Del Sur),Ms,TECTONIC
1823,2024-08-03 08:20:29+00:00,7.86,127.28,5.0,3.7,098 km S 78° E of Lingig (Surigao Del Sur),Ms,TECTONIC
1824,2024-08-03 08:19:54+00:00,7.89,126.41,88.0,1.5,004 km N 61° E of Boston (Davao Oriental),Ms,TECTONIC
1825,2024-08-03 08:19:18+00:00,8.06,126.37,52.0,1.5,005 km N 62° W of Lingig (Surigao Del Sur),Ms,TECTONIC
1826,2024-08-03 08:17:48+00:00,7.89,126.25,25.0,1.7,014 km N 83° W of Boston (Davao Oriental),Ms,TECTONIC
1827,2024-08-03 08:17:08+00:00,8.19,126.89,2.0,2.2,056 km N 72° E of Lingig (Surigao Del Sur),Ms,TECTONIC
1828,2024-08-03 08:15:58+00:00,7.8,126.78,5.0,1.5,048 km S 57° E of Lingig (Surigao Del Sur),Ms,TECTONIC
1829,2024-08-03 08:15:07+00:00,8.03,126.83,42.0,1.5,046 km S 89° E of Lingig (Surigao Del Sur),Ms,TECTONIC
1830,2024-08-03 08:14:44+00:00,7.9,126.31,21.0,1.8,008 km N 56° W of Boston (Davao Oriental),Ms,TECTONIC
1831,2024-08-03 08:13:03+00:00,7.97,127.08,9.0,1.5,074 km S 84° E of Lingig (Surigao Del Sur),Ms,TECTONIC
1832,2024-08-03 08:10:11+00:00,8.05,126.65,20.0,1.8,026 km N 88° E of Lingig (Surigao Del Sur),Ms,TECTONIC
1833,2024-08-03 08:07:47+00:00,8.19,126.87,15.0,1.5,053 km N 72° E of Lingig (Surigao Del Sur),Ms,TECTONIC
1834,2024-08-03 08:05:15+00:00,8.13,126.72,16.0,2.3,035 km N 74° E of Lingig (Surigao Del Sur),Ms,TECTONIC
1835,2024-08-03 07:58:37+00:00,14.08,120.44,53.0,2.3,021 km N 87° W of Nasugbu (Batangas),Ms,TECTONIC
1836,2024-08-03 07:58:25+00:00,7.95,126.07,28.0,1.6,006 km S 54° E of Santa Josefa (Agusan Del Sur),Ms,TECTONIC
1837,2024-08-03 07:57:43+00:00,7.9,126.64,24.0,1.6,029 km S 59° E of Lingig (Surigao Del Sur),Ms,TECTONIC
1838,2024-08-03 07:55:00+00:00,7.82,127.01,11.0,1.7,071 km S 70° E of Lingig (Surigao Del Sur),unspecified,unspecified
1839,2024-08-03 07:42:48+00:00,8.08,126.83,26.0,1.9,046 km N 84° E of Lingig (Surigao Del Sur),Ms,TECTONIC
1840,2024-08-03 07:42:04+00:00,8.07,126.8,13.0,1.9,043 km N 85° E of Lingig (Surigao Del Sur),Ms,TECTONIC
1841,2024-08-03 07:40:16+00:00,8.07,126.52,28.0,1.2,012 km N 75° E of Lingig (Surigao Del Sur),Ms,TECTONIC
1842,2024-08-03 07:39:10+00:00,8.11,126.79,13.0,2.0,042 km N 79° E of Lingig (Surigao Del Sur),Ms,TECTONIC
1843,2024-08-03 07:37:05+00:00,7.99,126.26,27.0,1.2,017 km S 74° W of Lingig (Surigao Del Sur),Ms,TECTONIC
1844,2024-08-03 07:34:29+00:00,8.17,126.79,13.0,2.1,044 km N 70° E of Lingig (Surigao Del Sur),Ms,TECTONIC
1845,2024-08-03 07:31:31+00:00,8.05,126.76,16.0,2.2,038 km N 87° E of Lingig (Surigao Del Sur),Ms,TECTONIC
1846,2024-08-03 07:30:16+00:00,7.98,126.57,24.0,2.1,019 km S 69° E of Lingig (Surigao Del Sur),Ms,TECTONIC
1847,2024-08-03 07:28:39+00:00,7.93,127.0,12.0,2.5,066 km S 79° E of Lingig (Surigao Del Sur),Ms,TECTONIC
1848,2024-08-03 07:27:57+00:00,8.13,126.76,18.0,1.5,039 km N 74° E of Lingig (Surigao Del Sur),Ms,TECTONIC
1849,2024-08-03 07:25:51+00:00,7.96,126.59,22.0,1.9,021 km S 66° E of Lingig (Surigao Del Sur),Ms,TECTONIC
1850,2024-08-03 07:22:09+00:00,7.97,126.84,15.0,1.7,048 km S 80° E of Lingig (Surigao Del Sur),Ms,TECTONIC
1851,2024-08-03 07:21:33+00:00,8.1,126.76,13.0,1.5,039 km N 80° E of Lingig (Surigao Del Sur),Ms,TECTONIC
1852,2024-08-03 07:20:29+00:00,8.03,126.85,11.0,1.7,048 km S 89° E of Lingig (Surigao Del Sur),Ms,TECTONIC
1853,2024-08-03 07:14:50+00:00,17.1,121.28,41.0,1.8,001 km S 21° E of Natonin (Mountain Province),Ms,TECTONIC
1854,2024-08-03 07:11:10+00:00,8.08,127.02,1.0,2.8,067 km N 87° E of Lingig (Surigao Del Sur),Ms,TECTONIC
1855,2024-08-03 07:09:01+00:00,7.85,126.4,34.0,1.6,021 km S 04° W of Lingig (Surigao Del Sur),Ms,TECTONIC
1856,2024-08-03 07:08:08+00:00,8.02,126.69,19.0,1.7,031 km S 87° E of Lingig (Surigao Del Sur),Ms,TECTONIC
1857,2024-08-03 07:03:54+00:00,8.16,126.87,12.0,2.3,052 km N 75° E of Lingig (Surigao Del Sur),Ms,TECTONIC
1858,2024-08-03 06:59:15+00:00,8.03,126.89,9.0,3.8,053 km S 89° E of Lingig (Surigao Del Sur),Ms,TECTONIC
1859,2024-08-03 06:48:40+00:00,8.13,127.13,1.0,3.8,080 km N 83° E of Lingig (Surigao Del Sur),Ms,TECTONIC
1860,2024-08-03 06:47:37+00:00,8.07,126.87,10.0,1.5,051 km N 86° E of Lingig (Surigao Del Sur),Ms,TECTONIC
1861,2024-08-03 06:46:34+00:00,17.09,121.28,44.0,2.4,002 km S 11° E of Natonin (Mountain Province),Ms,TECTONIC
1862,2024-08-03 06:44:48+00:00,7.95,126.83,15.0,2.2,048 km S 78° E of Lingig (Surigao Del Sur),Ms,TECTONIC
1863,2024-08-03 06:43:21+00:00,8.1,126.74,18.0,2.1,037 km N 79° E of Lingig (Surigao Del Sur),Ms,TECTONIC
1864,2024-08-03 06:37:00+00:00,8.21,127.09,1.0,4.3,077 km N 76° E of Lingig (Surigao Del Sur),Ms,TECTONIC
1865,2024-08-03 06:33:06+00:00,8.13,127.01,11.0,3.1,067 km N 81° E of Lingig (Surigao Del Sur),Ms,TECTONIC
1866,2024-08-03 06:30:26+00:00,8.2,126.59,1.0,2.8,027 km N 48° E of Lingig (Surigao Del Sur),Ms,TECTONIC
1867,2024-08-03 06:21:43+00:00,7.93,126.77,18.0,2.4,042 km S 73° E of Lingig (Surigao Del Sur),Ms,TECTONIC
1868,2024-08-03 06:18:44+00:00,8.12,127.16,1.0,3.4,082 km N 84° E of Lingig (Surigao Del Sur),Ms,TECTONIC
1869,2024-08-03 05:13:30+00:00,8.12,126.74,9.0,2.8,037 km N 76° E of Lingig (Surigao Del Sur),Ms,TECTONIC
1870,2024-08-03 05:07:56+00:00,8.06,126.76,16.0,1.4,038 km N 87° E of Lingig (Surigao Del Sur),Ms,TECTONIC
1871,2024-08-03 05:07:02+00:00,8.11,126.93,14.0,1.8,058 km N 82° E of Lingig (Surigao Del Sur),Ms,TECTONIC
1872,2024-08-03 05:04:24+00:00,7.94,126.43,21.0,1.4,011 km S 10° E of Lingig (Surigao Del Sur),Ms,TECTONIC
1873,2024-08-03 05:00:31+00:00,8.11,126.94,17.0,2.4,058 km N 82° E of Lingig (Surigao Del Sur),Ms,TECTONIC
1874,2024-08-03 04:56:31+00:00,7.51,127.06,12.0,2.9,092 km S 50° E of Lingig (Surigao Del Sur),Ms,TECTONIC
1875,2024-08-03 04:53:32+00:00,7.98,126.47,1.0,1.5,010 km S 44° E of Lingig (Surigao Del Sur),Ms,TECTONIC
1876,2024-08-03 04:49:35+00:00,8.03,126.92,14.0,2.6,056 km S 89° E of Lingig (Surigao Del Sur),Ms,TECTONIC
1877,2024-08-03 04:44:37+00:00,8.1,126.76,19.0,2.8,039 km N 80° E of Lingig (Surigao Del Sur),Ms,TECTONIC
1878,2024-08-03 04:42:47+00:00,8.02,126.79,15.0,2.7,042 km S 87° E of Lingig (Surigao Del Sur),Ms,TECTONIC
1879,2024-08-03 04:40:30+00:00,7.99,126.86,14.0,2.7,050 km S 84° E of Lingig (Surigao Del Sur),Ms,TECTONIC
1880,2024-08-03 04:32:47+00:00,8.11,127.08,4.0,3.3,074 km N 84° E of Lingig (Surigao Del Sur),Ms,TECTONIC
1881,2024-08-03 04:29:47+00:00,8.13,126.78,12.0,2.6,042 km N 76° E of Lingig (Surigao Del Sur),Ms,TECTONIC
1882,2024-08-03 04:29:00+00:00,8.06,126.78,15.0,1.6,041 km N 87° E of Lingig (Surigao Del Sur),Ms,TECTONIC
1883,2024-08-03 04:20:23+00:00,8.14,127.18,1.0,6.2,086 km N 82° E of Lingig (Surigao Del Sur),Mw,TECTONIC
1884,2024-08-03 04:17:32+00:00,8.37,126.93,17.0,2.8,068 km N 57° E of Lingig (Surigao Del Sur),Ms,TECTONIC
1885,2024-08-03 04:15:07+00:00,8.07,126.75,16.0,2.4,037 km N 84° E of Lingig (Surigao Del Sur),Ms,TECTONIC
1886,2024-08-03 04:14:00+00:00,8.09,127.03,2.0,2.3,068 km N 86° E of Lingig (Surigao Del Sur),Ms,TECTONIC
1887,2024-08-03 04:09:22+00:00,7.97,126.9,6.0,3.1,054 km S 83° E of Lingig (Surigao Del Sur),Ms,TECTONIC
1888,2024-08-03 04:07:28+00:00,7.96,126.7,18.0,2.5,033 km S 75° E of Lingig (Surigao Del Sur),Ms,TECTONIC
1889,2024-08-03 04:02:32+00:00,7.98,126.69,17.0,1.6,032 km S 79° E of Lingig (Surigao Del Sur),Ms,TECTONIC
1890,2024-08-03 04:01:24+00:00,8.09,126.51,8.0,1.8,012 km N 64° E of Lingig (Surigao Del Sur),Ms,TECTONIC
1891,2024-08-03 03:55:48+00:00,7.94,126.44,1.0,2.4,011 km S 16° E of Lingig (Surigao Del Sur),Ms,TECTONIC
1892,2024-08-03 03:46:51+00:00,7.93,126.8,13.0,2.4,044 km S 74° E of Lingig (Surigao Del Sur),Ms,TECTONIC
1893,2024-08-03 03:41:08+00:00,8.0,126.97,1.0,2.9,062 km S 86° E of Lingig (Surigao Del Sur),Ms,TECTONIC
1894,2024-08-03 03:37:45+00:00,7.94,126.42,24.0,1.6,011 km S 04° E of Lingig (Surigao Del Sur),Ms,TECTONIC
1895,2024-08-03 03:35:01+00:00,8.2,126.77,10.0,2.7,043 km N 65° E of Lingig (Surigao Del Sur),Ms,TECTONIC
1896,2024-08-03 03:29:21+00:00,8.19,126.77,14.0,3.1,042 km N 67° E of Lingig (Surigao Del Sur),Ms,TECTONIC
1897,2024-08-03 03:28:22+00:00,8.06,126.66,23.0,1.4,028 km N 86° E of Lingig (Surigao Del Sur),Ms,TECTONIC
1898,2024-08-03 03:23:50+00:00,8.02,126.77,18.0,3.4,040 km S 87° E of Lingig (Surigao Del Sur),Ms,TECTONIC
1899,2024-08-03 03:23:09+00:00,8.1,126.76,13.0,1.5,039 km N 80° E of Lingig (Surigao Del Sur),Ms,TECTONIC
1900,2024-08-03 03:17:11+00:00,7.98,126.99,6.0,4.9,064 km S 84° E of Lingig (Surigao Del Sur),Mw,TECTONIC
1901,2024-08-03 03:16:16+00:00,18.1,120.92,27.0,2.0,011 km S 69° E of Carasi (Ilocos Norte),Ms,TECTONIC
1902,2024-08-03 03:15:00+00:00,8.07,126.95,10.0,1.5,059 km N 87° E of Lingig (Surigao Del Sur),Ms,TECTONIC
1903,2024-08-03 03:10:49+00:00,8.07,127.22,1.0,3.0,089 km N 88° E of Lingig (Surigao Del Sur),Ms,TECTONIC
1904,2024-08-03 03:05:34+00:00,7.96,126.47,23.0,1.8,011 km S 39° E of Lingig (Surigao Del Sur),Ms,TECTONIC
1905,2024-08-03 03:04:24+00:00,7.9,126.92,12.0,2.4,058 km S 75° E of Lingig (Surigao Del Sur),Ms,TECTONIC
1906,2024-08-03 03:00:53+00:00,7.87,126.79,1.0,3.9,046 km S 66° E of Lingig (Surigao Del Sur),Ms,TECTONIC
1907,2024-08-03 02:57:47+00:00,7.98,126.72,6.0,3.5,035 km S 80° E of Lingig (Surigao Del Sur),Ms,TECTONIC
1908,2024-08-03 02:56:01+00:00,7.98,126.77,15.0,1.4,040 km S 81° E of Lingig (Surigao Del Sur),Ms,TECTONIC
1909,2024-08-03 02:50:06+00:00,8.03,126.93,9.0,1.9,057 km S 90° E of Lingig (Surigao Del Sur),Ms,TECTONIC
1910,2024-08-03 02:48:25+00:00,8.16,127.06,23.0,3.2,072 km N 79° E of Lingig (Surigao Del Sur),Ms,TECTONIC
1911,2024-08-03 02:43:31+00:00,8.02,126.39,17.0,1.9,003 km S 44° W of Lingig (Surigao Del Sur),Ms,TECTONIC
1912,2024-08-03 02:42:35+00:00,7.98,126.96,10.0,3.5,060 km S 84° E of Lingig (Surigao Del Sur),Ms,TECTONIC
1913,2024-08-03 02:38:34+00:00,7.98,126.63,22.0,1.8,025 km S 76° E of Lingig (Surigao Del Sur),Ms,TECTONIC
1914,2024-08-03 02:36:02+00:00,14.16,120.06,20.0,3.1,034 km N 12° W of Lubang (Occidental Mindoro),Ms,TECTONIC
1915,2024-08-03 02:35:22+00:00,8.15,126.88,6.0,4.1,053 km N 77° E of Lingig (Surigao Del Sur),Ms,TECTONIC
1916,2024-08-03 02:26:02+00:00,8.05,126.74,9.0,2.7,037 km N 89° E of Lingig (Surigao Del Sur),Ms,TECTONIC
1917,2024-08-03 02:24:08+00:00,8.0,127.08,1.0,2.8,074 km S 87° E of Lingig (Surigao Del Sur),Ms,TECTONIC
1918,2024-08-03 02:19:09+00:00,7.92,127.04,1.0,3.6,070 km S 79° E of Lingig (Surigao Del Sur),Ms,TECTONIC
1919,2024-08-03 02:14:40+00:00,7.97,126.82,20.0,2.9,046 km S 81° E of Lingig (Surigao Del Sur),Ms,TECTONIC
1920,2024-08-03 02:05:24+00:00,8.02,126.83,12.0,1.9,047 km S 88° E of Lingig (Surigao Del Sur),Ms,TECTONIC
1921,2024-08-03 02:01:44+00:00,8.07,126.79,18.0,3.4,042 km N 85° E of Lingig (Surigao Del Sur),Ms,TECTONIC
1922,2024-08-03 01:53:33+00:00,7.99,126.6,20.0,1.5,021 km S 76° E of Lingig (Surigao Del Sur),Ms,TECTONIC
1923,2024-08-03 01:50:13+00:00,7.88,126.68,28.0,1.7,034 km S 59° E of Lingig (Surigao Del Sur),Ms,TECTONIC
1924,2024-08-03 01:49:27+00:00,8.08,126.71,19.0,1.7,033 km N 81° E of Lingig (Surigao Del Sur),Ms,TECTONIC
1925,2024-08-03 01:47:34+00:00,8.18,126.92,1.0,2.7,058 km N 75° E of Lingig (Surigao Del Sur),Ms,TECTONIC
1926,2024-08-03 01:45:27+00:00,8.0,127.02,12.0,3.1,067 km S 86° E of Lingig (Surigao Del Sur),Ms,TECTONIC
1927,2024-08-03 01:38:13+00:00,7.95,127.07,1.0,5.4,073 km S 82° E of Lingig (Surigao Del Sur),Mw,TECTONIC
1928,2024-08-03 01:37:13+00:00,8.0,127.16,1.0,2.8,082 km S 87° E of Lingig (Surigao Del Sur),Ms,TECTONIC
1929,2024-08-03 01:30:03+00:00,8.09,126.84,14.0,3.1,048 km N 83° E of Lingig (Surigao Del Sur),Ms,TECTONIC
1930,2024-08-03 01:28:29+00:00,8.03,126.78,14.0,2.4,041 km S 88° E of Lingig (Surigao Del Sur),Ms,TECTONIC
1931,2024-08-03 01:23:26+00:00,8.13,126.68,12.0,2.4,031 km N 71° E of Lingig (Surigao Del Sur),Ms,TECTONIC
1932,2024-08-03 01:19:15+00:00,8.09,127.16,1.0,3.1,082 km N 86° E of Lingig (Surigao Del Sur),Ms,TECTONIC
1933,2024-08-03 01:17:00+00:00,7.95,127.19,1.0,3.4,086 km S 83° E of Lingig (Surigao Del Sur),Ms,TECTONIC
1934,2024-08-03 01:09:02+00:00,7.98,126.75,24.0,2.2,038 km S 81° E of Lingig (Surigao Del Sur),Ms,TECTONIC
1935,2024-08-03 01:07:18+00:00,8.04,127.12,1.0,3.0,077 km N 90° E of Lingig (Surigao Del Sur),Ms,TECTONIC
1936,2024-08-03 00:55:34+00:00,8.04,126.86,18.0,2.5,049 km East of Lingig (Surigao Del Sur),Ms,TECTONIC
1937,2024-08-03 00:48:51+00:00,8.12,126.87,11.0,3.5,051 km N 80° E of Lingig (Surigao Del Sur),Ms,TECTONIC
1938,2024-08-03 00:41:09+00:00,7.82,126.99,10.0,3.7,068 km S 69° E of Lingig (Surigao Del Sur),Ms,TECTONIC
1939,2024-08-03 00:36:02+00:00,8.05,126.87,7.0,3.5,051 km N 89° E of Lingig (Surigao Del Sur),Ms,TECTONIC
1940,2024-08-03 00:30:32+00:00,8.15,126.72,21.0,2.5,036 km N 70° E of Lingig (Surigao Del Sur),Ms,TECTONIC
1941,2024-08-03 00:23:48+00:00,8.13,126.98,4.0,3.5,063 km N 80° E of Lingig (Surigao Del Sur),Ms,TECTONIC
1942,2024-08-03 00:14:35+00:00,7.81,127.18,16.0,3.1,089 km S 74° E of Lingig (Surigao Del Sur),Ms,TECTONIC
1943,2024-08-03 00:11:35+00:00,7.92,127.02,20.0,3.6,068 km S 79° E of Lingig (Surigao Del Sur),Ms,TECTONIC
1944,2024-08-03 00:09:57+00:00,8.04,126.87,11.0,2.8,051 km N 90° E of Lingig (Surigao Del Sur),Ms,TECTONIC
1945,2024-08-03 00:02:25+00:00,8.03,127.06,1.0,2.7,071 km S 89° E of Lingig (Surigao Del Sur),Ms,TECTONIC
1946,2024-08-03 00:01:12+00:00,8.16,127.04,1.0,2.6,070 km N 79° E of Lingig (Surigao Del Sur),Ms,TECTONIC
1947,2024-08-02 23:55:58+00:00,8.16,126.99,1.0,3.6,065 km N 78° E of Lingig (Surigao Del Sur),Ms,TECTONIC
1948,2024-08-02 23:44:29+00:00,7.89,126.97,8.0,3.8,063 km S 75° E of Lingig (Surigao Del Sur),Ms,TECTONIC
1949,2024-08-02 23:36:06+00:00,8.03,127.09,4.0,5.0,075 km S 89° E of Lingig (Surigao Del Sur),Mw,TECTONIC
1950,2024-08-02 23:20:42+00:00,8.1,126.99,6.0,3.2,064 km N 84° E of Lingig (Surigao Del Sur),Ms,TECTONIC
1951,2024-08-02 23:05:22+00:00,8.14,127.14,2.0,3.9,080 km N 82° E of Lingig (Surigao Del Sur),Ms,TECTONIC
1952,2024-08-02 23:01:02+00:00,7.96,126.95,1.0,2.1,060 km S 82° E of Lingig (Surigao Del Sur),Ms,TECTONIC
1953,2024-08-02 22:52:27+00:00,8.09,127.02,4.0,3.6,067 km N 85° E of Lingig (Surigao Del Sur),Ms,TECTONIC
1954,2024-08-02 22:45:53+00:00,7.99,127.18,1.0,4.4,085 km S 86° E of Lingig (Surigao Del Sur),Ms,TECTONIC
1955,2024-08-02 22:31:08+00:00,8.12,126.87,4.0,3.6,052 km N 80° E of Lingig (Surigao Del Sur),Ms,TECTONIC
1956,2024-08-02 22:22:57+00:00,8.12,126.84,11.0,6.8,048 km N 79° E of Lingig (Surigao Del Sur),Mw,TECTONIC
1957,2024-08-02 21:13:05+00:00,7.89,122.52,39.0,2.4,002 km S 03° E of Kalawit (Zamboanga Del Norte),Ms,TECTONIC
1958,2024-08-02 21:00:58+00:00,10.53,126.47,17.0,3.2,071 km N 37° E of Burgos (Surigao Del Norte),Ms,TECTONIC
1959,2024-08-02 20:59:50+00:00,6.33,126.45,122.0,2.3,055 km S 49° E of Governor Generoso (Davao Oriental),Ms,TECTONIC
1960,2024-08-02 20:12:18+00:00,13.89,120.44,73.0,2.5,022 km N 73° W of Calatagan (Batangas),Ms,TECTONIC
1961,2024-08-02 19:49:56+00:00,9.32,126.45,16.0,1.8,029 km N 80° E of Cortes (Surigao Del Sur),Ms,TECTONIC
1962,2024-08-02 19:26:51+00:00,8.48,126.86,23.0,2.4,059 km N 78° E of Hinatuan (Surigao Del Sur),Ms,TECTONIC
1963,2024-08-02 19:17:27+00:00,10.45,125.96,31.0,1.5,042 km S 39° E of Homonhon Island (Guiuan) (Eastern Samar),Ms,TECTONIC
1964,2024-08-02 18:26:04+00:00,9.36,126.17,25.0,1.9,010 km N 16° W of Cortes (Surigao Del Sur),Ms,TECTONIC
1965,2024-08-02 18:06:38+00:00,9.44,126.79,1.0,4.0,068 km N 74° E of Cortes (Surigao Del Sur),Ms,TECTONIC
1966,2024-08-02 17:40:25+00:00,13.69,120.49,93.0,3.0,022 km S 45° W of Calatagan (Batangas),Ms,TECTONIC
1967,2024-08-02 17:30:03+00:00,11.94,125.29,23.0,2.0,015 km N 76° W of Taft (Eastern Samar),Ms,TECTONIC
1968,2024-08-02 17:01:14+00:00,9.33,126.13,35.0,1.7,009 km N 47° W of Cortes (Surigao Del Sur),Ms,TECTONIC
1969,2024-08-02 16:56:33+00:00,6.09,126.55,39.0,2.4,082 km S 41° E of Governor Generoso (Davao Oriental),Ms,TECTONIC
1970,2024-08-02 16:55:32+00:00,8.06,126.86,9.0,2.0,049 km N 88° E of Lingig (Surigao Del Sur),Ms,TECTONIC
1971,2024-08-02 16:25:29+00:00,10.52,126.45,5.0,2.9,069 km N 37° E of Burgos (Surigao Del Norte),Ms,TECTONIC
1972,2024-08-02 16:15:49+00:00,16.39,121.27,33.0,1.4,009 km N 15° W of Kasibu (Nueva Vizcaya),Ms,TECTONIC
1973,2024-08-02 15:07:09+00:00,19.05,121.22,1.0,2.0,006 km S 12° E of Dalupiri Island (Calayan) (Cagayan),Ms,TECTONIC
1974,2024-08-02 15:00:44+00:00,9.33,126.36,20.0,2.4,019 km N 72° E of Cortes (Surigao Del Sur),Ms,TECTONIC
1975,2024-08-02 14:55:47+00:00,5.19,127.09,16.0,3.0,179 km S 63° E of Jose Abad Santos (Davao Occidental),Ms,TECTONIC
1976,2024-08-02 14:43:30+00:00,9.46,126.82,1.0,3.6,072 km N 74° E of Cortes (Surigao Del Sur),Ms,TECTONIC
1977,2024-08-02 14:15:28+00:00,6.34,126.0,124.0,1.8,036 km S 13° W of Governor Generoso (Davao Oriental),Ms,TECTONIC
1978,2024-08-02 13:11:10+00:00,12.83,121.07,24.0,2.3,031 km N 27° E of Calintaan (Occidental Mindoro),Ms,TECTONIC
1979,2024-08-02 12:59:48+00:00,18.76,120.71,1.0,3.1,024 km N 21° W of Pagudpud (Ilocos Norte),Ms,TECTONIC
1980,2024-08-02 12:30:04+00:00,5.75,124.71,4.0,2.8,028 km S 20° E of Kiamba (Sarangani),Ms,TECTONIC
1981,2024-08-02 12:10:51+00:00,10.33,125.24,6.0,2.5,002 km S 41° W of Hinundayan (Southern Leyte),Ms,TECTONIC
1982,2024-08-02 11:32:17+00:00,18.0,120.93,68.0,2.9,019 km S 38° E of Carasi (Ilocos Norte),Ms,TECTONIC
1983,2024-08-02 10:38:20+00:00,18.02,121.35,19.0,1.4,017 km S 88° E of Kabugao (Apayao),Ms,TECTONIC
1984,2024-08-02 10:14:59+00:00,8.58,126.44,32.0,2.2,026 km N 25° E of Hinatuan (Surigao Del Sur),Ms,TECTONIC
1985,2024-08-02 09:39:50+00:00,8.58,126.64,28.0,2.4,041 km N 55° E of Hinatuan (Surigao Del Sur),Ms,TECTONIC
1986,2024-08-02 08:54:21+00:00,6.67,126.49,52.0,2.3,043 km S 43° E of City Of Mati (Davao Oriental),Ms,TECTONIC
1987,2024-08-02 08:20:20+00:00,8.68,126.68,14.0,3.0,044 km S 72° E of Marihatag (Surigao Del Sur),Ms,TECTONIC
1988,2024-08-02 07:19:35+00:00,9.69,126.2,34.0,1.4,012 km S 22° E of General Luna (Surigao Del Norte),Ms,TECTONIC
1989,2024-08-02 04:03:10+00:00,5.85,124.79,41.0,1.4,023 km S 86° W of Maasim (Sarangani),Ms,TECTONIC
1990,2024-08-02 02:52:03+00:00,9.27,126.25,124.0,2.1,006 km S 89° E of Cortes (Surigao Del Sur),Ms,TECTONIC
1991,2024-08-02 02:27:26+00:00,8.83,126.46,33.0,2.2,019 km N 78° E of Marihatag (Surigao Del Sur),Ms,TECTONIC
1992,2024-08-02 02:21:39+00:00,16.14,119.8,21.0,2.1,003 km North of Agno (Pangasinan),Ms,TECTONIC
1993,2024-08-02 02:20:06+00:00,14.78,120.25,2.0,1.4,011 km N 11° W of Morong (Bataan),Ms,TECTONIC
1994,2024-08-02 01:46:41+00:00,9.8,125.62,44.0,1.4,013 km N 21° E of Taganaan (Surigao Del Norte),Ms,TECTONIC
1995,2024-08-01 23:36:27+00:00,8.74,126.89,11.0,4.3,065 km S 85° E of Marihatag (Surigao Del Sur),Ms,TECTONIC
1996,2024-08-01 23:24:06+00:00,8.43,126.65,28.0,2.6,036 km N 78° E of Hinatuan (Surigao Del Sur),Ms,TECTONIC
1997,2024-08-01 22:56:49+00:00,6.23,123.27,28.0,2.1,094 km S 67° W of Kalamansig (Sultan Kudarat),Ms,TECTONIC
1998,2024-08-01 22:48:44+00:00,14.18,119.55,1.0,2.7,072 km N 60° W of Lubang (Occidental Mindoro),Ms,TECTONIC
1999,2024-08-01 20:53:20+00:00,9.14,122.73,22.0,2.4,026 km S 33° W of Santa Catalina (Negros Oriental),Ms,TECTONIC
2000,2024-08-01 20:47:45+00:00,5.03,126.08,64.0,4.4,083 km S 54° E of Sarangani Island (Municipality Of Sarangani) (Davao Occidental),Ms,TECTONIC
2001,2024-08-01 20:11:09+00:00,13.67,120.43,27.0,1.4,020 km S 74° E of Looc (Occidental Mindoro),Ms,TECTONIC
2002,2024-08-01 20:03:18+00:00,5.81,125.0,24.0,1.4,006 km S 05° E of Maasim (Sarangani),Ms,TECTONIC
2003,2024-08-01 19:53:31+00:00,4.98,127.31,180.0,3.1,211 km S 75° E of Sarangani Island (Municipality Of Sarangani) (Davao Occidental),Ms,TECTONIC
2004,2024-08-01 19:53:10+00:00,8.37,126.64,27.0,2.4,033 km N 89° E of Hinatuan (Surigao Del Sur),Ms,TECTONIC
2005,2024-08-01 19:52:14+00:00,9.54,126.28,12.0,1.8,029 km S 26° E of General Luna (Surigao Del Norte),Ms,TECTONIC
2006,2024-08-01 19:30:34+00:00,7.49,127.17,25.0,2.1,068 km S 82° E of Baganga (Davao Oriental),Ms,TECTONIC
2007,2024-08-01 18:06:42+00:00,17.28,119.87,8.0,2.6,062 km N 78° W of City Of Candon (Ilocos Sur),Ms,TECTONIC
2008,2024-08-01 16:45:26+00:00,17.26,120.24,22.0,2.3,022 km S 79° W of Santiago (Ilocos Sur),Ms,TECTONIC
2009,2024-08-01 16:43:04+00:00,7.46,125.93,21.0,2.2,006 km S 10° E of Mawab (Davao De Oro),Ms,TECTONIC
2010,2024-08-01 15:51:09+00:00,9.47,126.6,8.0,2.6,049 km N 64° E of Cortes (Surigao Del Sur),Ms,TECTONIC
2011,2024-08-01 15:39:48+00:00,14.91,122.87,31.0,2.4,049 km N 10° W of Tinaga Island (Vinzons) (Camarines Norte),Ms,TECTONIC
2012,2024-08-01 15:32:40+00:00,8.67,127.21,1.0,2.6,102 km N 71° E of Hinatuan (Surigao Del Sur),Ms,TECTONIC
2013,2024-08-01 15:05:37+00:00,8.33,126.6,14.0,3.3,029 km S 82° E of Hinatuan (Surigao Del Sur),Ms,TECTONIC
2014,2024-08-01 14:50:12+00:00,4.15,126.88,16.0,2.9,213 km S 49° E of Balut Island (Municipality Of Sarangani) (Davao Occidental),Ms,TECTONIC
2015,2024-08-01 14:07:37+00:00,8.75,127.45,38.0,2.5,126 km S 87° E of Marihatag (Surigao Del Sur),Ms,TECTONIC
2016,2024-08-01 13:50:22+00:00,5.71,125.8,164.0,2.7,028 km S 37° E of Jose Abad Santos (Davao Occidental),Ms,TECTONIC
2017,2024-08-01 13:45:07+00:00,11.36,125.65,4.0,2.4,004 km N 74° E of Hernani (Eastern Samar),Ms,TECTONIC
2018,2024-08-01 11:46:41+00:00,13.12,124.21,8.0,3.0,009 km N 09° E of Prieto Diaz (Sorsogon),Ms,TECTONIC
2019,2024-08-01 11:32:41+00:00,9.42,125.51,3.0,3.6,008 km S 65° W of Kitcharao (Agusan Del Norte),Ms,TECTONIC
2020,2024-08-01 11:24:06+00:00,5.81,124.56,33.0,1.7,021 km S 19° W of Kiamba (Sarangani),Ms,TECTONIC
2021,2024-08-01 10:44:39+00:00,8.1,126.94,10.0,4.2,059 km N 83° E of Lingig (Surigao Del Sur),Ms,TECTONIC
2022,2024-08-01 08:41:11+00:00,13.78,120.81,9.0,2.3,015 km N 78° W of Mabini (Batangas),Ms,TECTONIC
2023,2024-08-01 08:29:47+00:00,16.2,120.57,9.0,2.6,007 km N 67° E of Sison (Pangasinan),Ms,TECTONIC
2024,2024-08-01 06:33:17+00:00,9.37,126.08,35.0,1.5,012 km N 70° E of Cantilan (Surigao Del Sur),Ms,TECTONIC
2025,2024-08-01 06:22:22+00:00,10.04,126.02,27.0,2.0,003 km N 47° W of Santa Monica (Surigao Del Norte),Ms,TECTONIC
2026,2024-08-01 03:42:36+00:00,9.81,122.19,10.0,2.6,027 km N 80° W of City Of Sipalay (Negros Occidental),Ms,TECTONIC
2027,2024-08-01 03:08:20+00:00,14.08,119.93,26.0,3.5,032 km N 41° W of Lubang (Occidental Mindoro),Ms,TECTONIC
2028,2024-08-01 02:25:55+00:00,5.93,124.94,25.0,1.8,009 km N 42° W of Maasim (Sarangani),Ms,TECTONIC
2029,2024-08-01 01:21:39+00:00,9.6,125.87,33.0,2.2,011 km S 77° W of Socorro (Surigao Del Norte),Ms,TECTONIC
2030,2024-08-01 01:08:08+00:00,5.75,126.19,19.0,2.9,063 km S 73° E of Jose Abad Santos (Davao Occidental),Ms,TECTONIC
2031,2024-07-31 23:36:45+00:00,5.9,124.9,22.0,1.4,012 km N 68° W of Maasim (Sarangani),Ms,TECTONIC
2032,2024-07-31 22:25:47+00:00,15.99,121.52,33.0,1.4,016 km N 07° W of Dipaculao (Aurora),Ms,TECTONIC
2033,2024-07-31 22:04:33+00:00,5.89,126.74,12.0,2.6,112 km S 41° E of Governor Generoso (Davao Oriental),Ms,TECTONIC
2034,2024-07-31 21:39:58+00:00,8.39,125.81,63.0,1.7,007 km S 25° E of Talacogon (Agusan Del Sur),Ms,TECTONIC
2035,2024-07-31 20:49:32+00:00,8.54,127.0,2.0,2.8,075 km N 75° E of Hinatuan (Surigao Del Sur),Ms,TECTONIC
2036,2024-07-31 20:26:11+00:00,17.78,120.82,3.0,2.8,014 km N 64° E of Lagayan (Abra),Ms,TECTONIC
2037,2024-07-31 20:22:18+00:00,6.05,124.9,33.0,1.3,019 km S 26° E of T'boli (South Cotabato),Ms,TECTONIC
2038,2024-07-31 20:03:42+00:00,9.43,125.45,1.0,2.6,014 km S 76° W of Alegria (Surigao Del Norte),Ms,TECTONIC
2039,2024-07-31 20:01:28+00:00,8.52,127.6,34.0,2.8,140 km N 83° E of Hinatuan (Surigao Del Sur),Ms,TECTONIC
2040,2024-07-31 19:48:20+00:00,2.17,126.02,26.0,4.2,365 km S 11° E of Balut Island (Municipality Of Sarangani) (Davao Occidental),Ms,TECTONIC
2041,2024-07-31 19:33:31+00:00,5.38,125.75,24.0,3.4,032 km S 71° E of Sarangani Island (Municipality Of Sarangani) (Davao Occidental),Ms,TECTONIC
2042,2024-07-31 19:26:52+00:00,13.2,124.55,15.0,2.4,043 km N 65° E of Prieto Diaz (Sorsogon),Ms,TECTONIC
2043,2024-07-31 19:26:33+00:00,9.05,126.43,9.0,3.1,018 km N 61° E of Bayabas (Surigao Del Sur),Ms,TECTONIC
2044,2024-07-31 18:45:08+00:00,19.09,121.12,17.0,1.9,009 km S 81° W of Dalupiri Island (Calayan) (Cagayan),Ms,TECTONIC
2045,2024-07-31 18:42:37+00:00,5.66,125.3,1.0,2.2,020 km S 30° E of Glan (Sarangani),Ms,TECTONIC
2046,2024-07-31 18:33:24+00:00,12.36,123.67,9.0,2.2,003 km N 33° E of Mobo (Masbate),Ms,TECTONIC
2047,2024-07-31 18:19:54+00:00,9.66,126.04,30.0,1.6,010 km N 63° E of Socorro (Surigao Del Norte),Ms,TECTONIC
2048,2024-07-31 18:12:26+00:00,9.09,126.63,64.0,1.8,041 km N 71° E of Bayabas (Surigao Del Sur),Ms,TECTONIC
2049,2024-07-31 17:51:43+00:00,7.14,122.27,30.0,2.1,028 km S 53° E of Sibuco (Zamboanga Del Norte),Ms,TECTONIC
2050,2024-07-31 17:42:43+00:00,6.3,127.03,187.0,3.5,105 km S 38° E of Tarragona (Davao Oriental),Ms,TECTONIC
2051,2024-07-31 17:35:33+00:00,5.66,126.59,76.0,3.3,126 km N 81° E of Sarangani Island (Municipality Of Sarangani) (Davao Occidental),Ms,TECTONIC
2052,2024-07-31 17:30:28+00:00,6.15,126.3,133.0,1.9,067 km S 85° E of Don Marcelino (Davao Occidental),Ms,TECTONIC
2053,2024-07-31 16:49:02+00:00,16.6,121.33,29.0,1.9,008 km S 83° E of Bagabag (Nueva Vizcaya),Ms,TECTONIC
2054,2024-07-31 16:27:23+00:00,9.18,125.68,30.0,1.9,016 km N 68° E of City Of Cabadbaran (Agusan Del Norte),Ms,TECTONIC
2055,2024-07-31 16:21:38+00:00,9.59,122.84,28.0,1.3,019 km S 31° W of Mabinay (Negros Oriental),Ms,TECTONIC
2056,2024-07-31 16:04:33+00:00,10.35,126.23,33.0,2.2,041 km N 25° E of Burgos (Surigao Del Norte),Ms,TECTONIC
