,datetime,lat,lon,depth_km,mag,location,mag_type,event_type
0,2024-11-30 14:35:33+00:00,17.55,120.48,3,3.0,004 km N 81° W of San Quintin (Abra),Ms,TECTONIC
1,2024-11-30 14:33:24+00:00,17.52,120.48,1,2.5,006 km N 56° E of Santa (Ilocos Sur),Ms,TECTONIC
2,2024-11-30 13:38:22+00:00,13.77,120.29,11,3.0,008 km N 38° E of Looc (Occidental Mindoro),Ms,TECTONIC
3,2024-11-30 12:02:07+00:00,9.23,125.84,114,2.3,014 km S 77° W of Madrid (Surigao Del Sur),Ms,TECTONIC
4,2024-11-30 11:42:04+00:00,8.56,126.75,1,3.0,050 km N 65° E of Hinatuan (Surigao Del Sur),Ms,TECTONIC
5,2024-11-30 08:44:40+00:00,7.62,126.49,22,3.8,009 km N 58° W of Baganga (Davao Oriental),Ms,TECTONIC
6,2024-11-30 05:37:46+00:00,6.42,123.52,30,2.5,061 km S 76° W of Kalamansig (Sultan Kudarat),Ms,TECTONIC
7,2024-11-30 05:34:01+00:00,8.4,126.54,18,3.6,022 km N 81° E of Hinatuan (Surigao Del Sur),Ms,TECTONIC
8,2024-11-30 03:44:02+00:00,15.35,122.02,2,3.3,050 km N 25° E of Panukulan (Quezon),Ms,TECTONIC
9,2024-11-30 01:41:19+00:00,10.12,121.88,9,2.8,035 km S 09° W of Anini-y (Antique),Ms,TECTONIC
10,2024-11-30 00:46:43+00:00,12.79,124.84,35,3.0,027 km N 21° W of Pambujan (Northern Samar),Ms,TECTONIC
11,2024-11-29 23:58:46+00:00,9.78,126.55,14,2.4,043 km S 90° E of General Luna (Surigao Del Norte),Ms,TECTONIC
12,2024-11-29 23:31:39+00:00,6.53,124.54,29,1.2,003 km S 79° W of Bagumbayan (Sultan Kudarat),Ms,TECTONIC
13,2024-11-29 23:21:08+00:00,6.49,126.1,17,2.3,018 km S 11° E of Governor Generoso (Davao Oriental),Ms,TECTONIC
14,2024-11-29 22:37:05+00:00,8.47,126.68,7,2.0,039 km N 74° E of Hinatuan (Surigao Del Sur),Ms,TECTONIC
15,2024-11-29 22:23:51+00:00,8.88,121.71,33,1.9,095 km S 36° E of Cagayancillo (Palawan),Ms,TECTONIC
16,2024-11-29 22:05:01+00:00,5.47,121.79,224,3.1,067 km S 01° E of Tongkil (Sulu),Ms,TECTONIC
17,2024-11-29 20:39:23+00:00,4.56,127.49,175,4.3,245 km S 66° E of Sarangani Island (Municipality Of Sarangani) (Davao Occidental),Ms,TECTONIC
18,2024-11-29 20:35:56+00:00,8.07,126.38,47,1.7,005 km N 43° W of Lingig (Surigao Del Sur),Ms,TECTONIC
19,2024-11-29 20:31:38+00:00,8.19,126.87,9,3.6,053 km N 72° E of Lingig (Surigao Del Sur),Ms,TECTONIC
20,2024-11-29 19:43:57+00:00,10.32,125.9,18,2.2,037 km N 25° W of Santa Monica (Surigao Del Norte),Ms,TECTONIC
21,2024-11-29 19:38:38+00:00,5.64,124.82,20,2.7,032 km S 38° W of Maasim (Sarangani),Ms,TECTONIC
22,2024-11-29 19:10:11+00:00,17.3,119.89,33,2.2,059 km S 62° W of Caoayan (Ilocos Sur),Ms,TECTONIC
23,2024-11-29 18:43:26+00:00,16.31,120.96,6,2.5,010 km S 59° E of Kayapa (Nueva Vizcaya),Ms,TECTONIC
24,2024-11-29 18:41:48+00:00,6.02,125.89,142,2.4,029 km S 47° E of Don Marcelino (Davao Occidental),Ms,TECTONIC
25,2024-11-29 18:38:43+00:00,8.81,126.61,20,1.5,034 km N 88° E of Marihatag (Surigao Del Sur),Ms,TECTONIC
26,2024-11-29 18:36:53+00:00,8.81,126.65,23,1.6,038 km N 88° E of Marihatag (Surigao Del Sur),Ms,TECTONIC
27,2024-11-29 17:52:52+00:00,8.06,126.51,26,1.4,011 km N 80° E of Lingig (Surigao Del Sur),Ms,TECTONIC
28,2024-11-29 17:19:06+00:00,9.34,122.56,43,1.7,012 km S 48° W of Basay (Negros Oriental),Ms,TECTONIC
29,2024-11-29 17:14:34+00:00,13.45,125.25,53,2.4,101 km N 15° E of Laoang (Northern Samar),Ms,TECTONIC
30,2024-11-29 16:48:15+00:00,7.96,124.63,4,2.6,020 km N 18° W of Amai Manabilang (Lanao Del Sur),Ms,TECTONIC
31,2024-11-29 15:48:44+00:00,6.29,123.98,32,1.8,025 km N 69° W of Palimbang (Sultan Kudarat),Ms,TECTONIC
32,2024-11-29 15:20:31+00:00,8.68,122.77,18,2.5,038 km N 47° W of Jose Dalman (Zamboanga Del Norte),Ms,TECTONIC
33,2024-11-29 14:35:25+00:00,7.42,126.71,26,2.7,019 km N 56° E of Caraga (Davao Oriental),Ms,TECTONIC
34,2024-11-29 14:16:18+00:00,5.61,125.25,34,1.6,024 km S 11° E of Glan (Sarangani),Ms,TECTONIC
35,2024-11-29 13:54:29+00:00,8.87,126.38,30,1.5,010 km S 59° E of Cagwait (Surigao Del Sur),Ms,TECTONIC
36,2024-11-29 13:51:53+00:00,8.62,126.26,26,1.4,014 km S 15° E of San Agustin (Surigao Del Sur),Ms,TECTONIC
37,2024-11-29 13:48:47+00:00,8.78,126.59,19,3.1,032 km S 85° E of Marihatag (Surigao Del Sur),Ms,TECTONIC
38,2024-11-29 13:40:39+00:00,8.07,127.09,5,2.2,075 km N 88° E of Lingig (Surigao Del Sur),Ms,TECTONIC
39,2024-11-29 13:16:41+00:00,12.64,123.42,16,2.1,014 km N 10° E of Aroroy (Masbate),Ms,TECTONIC
40,2024-11-29 12:43:30+00:00,17.12,121.34,32,2.0,006 km N 78° E of Natonin (Mountain Province),Ms,TECTONIC
41,2024-11-29 12:41:16+00:00,12.96,124.43,32,1.7,027 km S 71° E of Prieto Diaz (Sorsogon),Ms,TECTONIC
42,2024-11-29 12:20:35+00:00,13.49,123.27,65,1.7,003 km N 13° W of Bula (Camarines Sur),Ms,TECTONIC
43,2024-11-29 11:17:22+00:00,12.36,124.4,23,1.7,008 km S 65° E of San Isidro (Northern Samar),Ms,TECTONIC
44,2024-11-29 11:16:54+00:00,10.41,123.11,8,2.0,012 km N 75° W of City Of Canlaon (Negros Oriental),ML,VOLCANO-TECTONIC
45,2024-11-29 11:09:11+00:00,11.67,125.19,53,1.6,014 km S 74° E of Hinabangan (Samar),Ms,TECTONIC
46,2024-11-29 10:42:50+00:00,10.42,123.2,8,2.3,004 km N 19° W of City Of Canlaon (Negros Oriental),ML,VOLCANO-TECTONIC
47,2024-11-29 09:39:11+00:00,6.14,127.1,27,2.0,124 km S 36° E of Tarragona (Davao Oriental),Ms,TECTONIC
48,2024-11-29 08:28:42+00:00,11.88,125.04,31,2.0,012 km N 25° E of Motiong (Samar),Ms,TECTONIC
49,2024-11-29 08:11:12+00:00,7.8,124.8,35,1.8,004 km S 40° W of Pangantucan (Bukidnon),Ms,TECTONIC
50,2024-11-29 02:17:21+00:00,10.44,123.2,3,2.5,006 km N 12° W of City Of Canlaon (Negros Oriental),ML,VOLCANO-TECTONIC
51,2024-11-29 01:49:35+00:00,20.3,121.79,6,3.1,009 km S 69° W of Sabtang (Batanes),Ms,TECTONIC
52,2024-11-29 01:26:20+00:00,14.04,120.41,99,1.4,024 km S 81° W of Nasugbu (Batangas),Ms,TECTONIC
53,2024-11-28 23:39:51+00:00,11.69,125.76,16,4.1,034 km S 77° E of San Julian (Eastern Samar),Ms,TECTONIC
54,2024-11-28 21:03:17+00:00,15.5,120.61,187,3.2,003 km N 50° E of City Of Tarlac (Tarlac),Ms,TECTONIC
55,2024-11-28 20:41:44+00:00,10.25,125.26,31,2.1,003 km S 12° E of Anahawan (Southern Leyte),Ms,TECTONIC
56,2024-11-28 19:20:41+00:00,10.73,124.95,3,2.0,007 km S 11° E of Javier (Leyte),Ms,TECTONIC
57,2024-11-28 18:45:51+00:00,8.32,126.59,20,1.9,028 km S 81° E of Hinatuan (Surigao Del Sur),Ms,TECTONIC
58,2024-11-28 18:43:26+00:00,7.88,127.22,10,2.7,080 km N 65° E of Baganga (Davao Oriental),Ms,TECTONIC
59,2024-11-28 18:37:15+00:00,7.91,127.32,1,3.2,092 km N 66° E of Baganga (Davao Oriental),Ms,TECTONIC
60,2024-11-28 18:35:33+00:00,7.92,127.11,12,3.4,071 km N 57° E of Baganga (Davao Oriental),Ms,TECTONIC
61,2024-11-28 16:33:20+00:00,9.51,126.5,1,1.7,043 km N 53° E of Cortes (Surigao Del Sur),Ms,TECTONIC
62,2024-11-28 16:09:55+00:00,7.79,124.68,7,2.5,001 km N 12° E of Amai Manabilang (Lanao Del Sur),Ms,TECTONIC
63,2024-11-28 14:38:46+00:00,5.98,125.58,153,1.9,010 km N 42° W of Jose Abad Santos (Davao Occidental),Ms,TECTONIC
64,2024-11-28 13:27:10+00:00,9.01,126.33,28,1.4,007 km N 49° E of Bayabas (Surigao Del Sur),Ms,TECTONIC
65,2024-11-28 12:09:51+00:00,8.99,126.48,24,1.9,021 km N 68° E of Cagwait (Surigao Del Sur),Ms,TECTONIC
66,2024-11-28 07:21:12+00:00,18.49,120.5,29,2.0,016 km S 79° W of Burgos (Ilocos Norte),Ms,TECTONIC
67,2024-11-28 07:07:18+00:00,17.92,120.23,33,1.8,026 km S 88° W of Badoc (Ilocos Norte),Ms,TECTONIC
68,2024-11-28 05:09:24+00:00,11.26,125.92,1,3.3,028 km N 52° E of Mercedes (Eastern Samar),Ms,TECTONIC
69,2024-11-28 02:39:37+00:00,8.83,126.58,20,2.3,031 km N 84° E of Marihatag (Surigao Del Sur),Ms,TECTONIC
70,2024-11-28 01:51:03+00:00,11.3,125.97,8,3.5,036 km N 52° E of Mercedes (Eastern Samar),Ms,TECTONIC
71,2024-11-28 00:00:00+00:00,6.13,127.13,81,3.1,127 km S 37° E of Tarragona (Davao Oriental),Ms,TECTONIC
72,2024-11-27 22:30:11+00:00,7.68,125.93,34,1.5,007 km S 67° W of Montevista (Davao De Oro),Ms,TECTONIC
73,2024-11-27 21:58:44+00:00,15.51,120.61,191,5.7,003 km N 35° E of City Of Tarlac (Tarlac),Mw,TECTONIC
74,2024-11-27 21:52:44+00:00,9.78,126.35,12,2.6,021 km S 88° E of General Luna (Surigao Del Norte),Ms,TECTONIC
75,2024-11-27 21:13:20+00:00,7.76,124.81,6,2.0,008 km N 75° E of Kalilangan (Bukidnon),Ms,TECTONIC
76,2024-11-27 20:23:03+00:00,7.24,121.76,6,2.6,034 km S 80° W of Sibuco (Zamboanga Del Norte),Ms,TECTONIC
77,2024-11-27 19:58:49+00:00,7.9,124.69,28,1.9,012 km N 05° E of Amai Manabilang (Lanao Del Sur),Ms,TECTONIC
78,2024-11-27 19:51:16+00:00,7.61,124.58,6,1.4,016 km S 78° W of Wao (Lanao Del Sur),Ms,TECTONIC
79,2024-11-27 19:33:08+00:00,7.67,124.56,6,2.1,019 km S 47° W of Amai Manabilang (Lanao Del Sur),Ms,TECTONIC
80,2024-11-27 18:48:12+00:00,9.71,126.24,34,1.7,013 km S 48° E of General Luna (Surigao Del Norte),Ms,TECTONIC
81,2024-11-27 18:46:14+00:00,18.77,121.0,17,2.1,043 km S 30° W of Dalupiri Island (Calayan) (Cagayan),Ms,TECTONIC
82,2024-11-27 18:39:14+00:00,11.29,125.87,5,2.4,028 km S 77° E of Hernani (Eastern Samar),Ms,TECTONIC
83,2024-11-27 18:36:32+00:00,11.3,125.73,6,2.4,014 km S 71° E of Hernani (Eastern Samar),Ms,TECTONIC
84,2024-11-27 18:14:09+00:00,11.31,125.96,10,4.2,037 km S 85° E of Hernani (Eastern Samar),Ms,TECTONIC
85,2024-11-27 18:11:48+00:00,8.47,125.9,34,1.6,009 km S 66° W of San Francisco (Agusan Del Sur),Ms,TECTONIC
86,2024-11-27 18:11:09+00:00,11.29,125.56,12,2.2,009 km S 49° W of Hernani (Eastern Samar),Ms,TECTONIC
87,2024-11-27 18:04:56+00:00,11.32,125.94,9,4.3,035 km S 86° E of Hernani (Eastern Samar),Mw,TECTONIC
88,2024-11-27 13:49:40+00:00,17.61,120.42,18,1.6,005 km N 41° E of City Of Vigan (Ilocos Sur),Ms,TECTONIC
89,2024-11-27 12:56:01+00:00,7.76,126.4,28,2.1,007 km S 61° W of Cateel (Davao Oriental),Ms,TECTONIC
90,2024-11-27 12:49:57+00:00,7.83,124.71,7,2.3,006 km N 34° E of Amai Manabilang (Lanao Del Sur),Ms,TECTONIC
91,2024-11-27 12:33:14+00:00,10.14,125.63,111,4.8,009 km N 26° E of Basilisa (Dinagat Islands),Mw,TECTONIC
92,2024-11-27 11:16:09+00:00,18.6,121.18,6,2.2,007 km N 54° W of Sanchez-mira (Cagayan),Ms,TECTONIC
93,2024-11-27 10:45:11+00:00,9.89,124.24,17,1.9,003 km S 86° W of Dagohoy (Bohol),Ms,TECTONIC
94,2024-11-27 10:28:38+00:00,11.31,124.57,2,2.8,009 km N 42° W of Capoocan (Leyte),Ms,TECTONIC
95,2024-11-27 10:21:29+00:00,8.05,127.01,5,2.6,078 km N 84° E of Lingig (Surigao Del Sur),Ms,TECTONIC
96,2024-11-27 09:26:05+00:00,9.14,126.41,22,2.6,023 km N 36° E of Bayabas (Surigao Del Sur),Ms,TECTONIC
97,2024-11-27 09:15:19+00:00,9.0,126.48,25,1.8,021 km N 66° E of Cagwait (Surigao Del Sur),Ms,TECTONIC
98,2024-11-27 09:13:32+00:00,9.01,126.5,26,3.9,024 km N 78° E of Bayabas (Surigao Del Sur),Ms,TECTONIC
99,2024-11-27 08:59:09+00:00,9.0,126.5,19,5.0,024 km N 69° E of Cagwait (Surigao Del Sur),Mw,TECTONIC
100,2024-11-27 08:31:51+00:00,9.63,126.19,33,1.5,017 km S 13° E of General Luna (Surigao Del Norte),Ms,TECTONIC
101,2024-11-27 06:40:30+00:00,13.85,120.97,17,1.6,003 km S 23° W of Santa Teresita (Batangas),Ms,TECTONIC
102,2024-11-27 05:00:57+00:00,7.19,123.5,34,1.2,032 km S 18° E of Tabina (Zamboanga Del Sur),Ms,TECTONIC
103,2024-11-27 04:08:46+00:00,10.14,126.24,17,2.5,022 km N 54° E of Burgos (Surigao Del Norte),Ms,TECTONIC
104,2024-11-27 03:21:07+00:00,9.67,122.21,6,2.1,027 km S 65° W of City Of Sipalay (Negros Occidental),Ms,TECTONIC
105,2024-11-27 03:19:35+00:00,9.65,122.21,12,2.3,027 km S 61° W of City Of Sipalay (Negros Occidental),Ms,TECTONIC
106,2024-11-27 01:51:59+00:00,8.34,126.48,34,2.4,016 km S 79° E of Hinatuan (Surigao Del Sur),Ms,TECTONIC
107,2024-11-27 01:33:22+00:00,19.01,121.12,12,2.8,014 km S 40° W of Dalupiri Island (Calayan) (Cagayan),Ms,TECTONIC
108,2024-11-27 00:47:19+00:00,5.63,127.57,34,2.9,200 km S 38° E of Tarragona (Davao Oriental),Ms,TECTONIC
109,2024-11-26 23:37:44+00:00,4.08,126.29,126,3.4,176 km S 33° E of Balut Island (Municipality Of Sarangani) (Davao Occidental),Ms,TECTONIC
110,2024-11-26 20:44:11+00:00,9.19,126.59,9,3.7,042 km N 53° E of Bayabas (Surigao Del Sur),Ms,TECTONIC
111,2024-11-26 19:53:10+00:00,6.38,125.74,165,2.7,015 km S 75° E of Malita (Davao Occidental),Ms,TECTONIC
112,2024-11-26 19:21:53+00:00,13.32,120.25,10,3.7,025 km S 65° W of Paluan (Occidental Mindoro),Ms,TECTONIC
113,2024-11-26 18:46:43+00:00,9.51,122.42,33,3.1,011 km S 25° W of Hinoba-an (Negros Occidental),Ms,TECTONIC
114,2024-11-26 18:38:00+00:00,10.45,122.28,31,1.7,022 km S 14° E of Miagao (Iloilo),Ms,TECTONIC
115,2024-11-26 18:31:39+00:00,16.88,119.83,20,2.8,054 km N 07° W of Bolinao (Pangasinan),Ms,TECTONIC
116,2024-11-26 18:25:13+00:00,8.03,126.73,14,2.1,035 km S 88° E of Lingig (Surigao Del Sur),Ms,TECTONIC
117,2024-11-26 18:01:06+00:00,15.33,119.91,20,2.0,007 km West of Iba (Zambales),Ms,TECTONIC
118,2024-11-26 17:37:38+00:00,7.83,122.81,32,1.8,007 km N 61° E of Kabasalan (Zamboanga Sibugay),Ms,TECTONIC
119,2024-11-26 17:34:06+00:00,15.76,121.73,16,2.6,018 km N 90° E of Baler (Aurora),Ms,TECTONIC
120,2024-11-26 16:53:49+00:00,16.07,120.19,1,2.3,007 km N 43° E of Labrador (Pangasinan),Ms,TECTONIC
121,2024-11-26 15:37:13+00:00,5.77,126.5,54,3.9,096 km S 80° E of Jose Abad Santos (Davao Occidental),Ms,TECTONIC
122,2024-11-26 14:57:10+00:00,5.99,124.84,24,2.9,023 km N 89° E of Kiamba (Sarangani),Ms,TECTONIC
123,2024-11-26 14:34:22+00:00,3.29,126.22,2,4.2,251 km S 21° E of Balut Island (Municipality Of Sarangani) (Davao Occidental),Ms,TECTONIC
124,2024-11-26 13:44:09+00:00,16.1,120.17,1,2.5,009 km N 15° E of Labrador (Pangasinan),Ms,TECTONIC
125,2024-11-26 13:40:10+00:00,9.96,126.34,5,3.8,028 km N 46° E of General Luna (Surigao Del Norte),Ms,TECTONIC
126,2024-11-26 13:09:05+00:00,8.05,126.39,3,2.0,003 km N 62° W of Lingig (Surigao Del Sur),Ms,TECTONIC
127,2024-11-26 13:01:16+00:00,9.97,126.48,5,3.8,041 km N 59° E of General Luna (Surigao Del Norte),Ms,TECTONIC
128,2024-11-26 12:57:11+00:00,10.02,126.64,3,4.2,060 km N 64° E of General Luna (Surigao Del Norte),Ms,TECTONIC
129,2024-11-26 12:55:00+00:00,10.04,126.73,1,3.2,069 km N 65° E of General Luna (Surigao Del Norte),Ms,TECTONIC
130,2024-11-26 12:04:30+00:00,8.27,126.88,3,3.5,060 km S 80° E of Hinatuan (Surigao Del Sur),Ms,TECTONIC
131,2024-11-26 10:23:07+00:00,7.82,122.72,27,1.5,004 km N 56° W of Kabasalan (Zamboanga Sibugay),Ms,TECTONIC
132,2024-11-26 09:41:12+00:00,16.07,120.12,10,4.3,006 km N 25° W of Labrador (Pangasinan),Mw,TECTONIC
133,2024-11-26 09:02:16+00:00,7.33,126.57,135,3.4,001 km N 50° E of Caraga (Davao Oriental),Ms,TECTONIC
134,2024-11-26 08:47:30+00:00,13.57,120.55,122,3.0,023 km N 53° W of Abra De Ilog (Occidental Mindoro),Ms,TECTONIC
135,2024-11-26 08:25:49+00:00,15.3,122.47,19,3.2,066 km N 25° E of Patnanungan (Quezon),Ms,TECTONIC
136,2024-11-26 04:05:19+00:00,8.08,126.25,30,1.4,018 km N 75° W of Lingig (Surigao Del Sur),Ms,TECTONIC
137,2024-11-26 04:03:36+00:00,8.17,126.88,11,3.7,053 km N 74° E of Lingig (Surigao Del Sur),Ms,TECTONIC
138,2024-11-26 04:01:45+00:00,13.12,124.57,54,3.3,042 km N 77° E of Prieto Diaz (Sorsogon),Ms,TECTONIC
139,2024-11-26 03:52:29+00:00,18.55,120.86,11,2.1,008 km S 83° E of Pagudpud (Ilocos Norte),Ms,TECTONIC
140,2024-11-26 03:32:53+00:00,4.67,126.17,1,4.4,117 km S 45° E of Balut Island (Municipality Of Sarangani) (Davao Occidental),Ms,TECTONIC
141,2024-11-26 01:10:25+00:00,7.91,126.07,21,2.3,009 km N 14° E of Monkayo (Davao De Oro),Ms,TECTONIC
142,2024-11-26 00:44:16+00:00,14.17,122.46,1,3.1,025 km N 21° W of Tagkawayan (Quezon),Ms,TECTONIC
143,2024-11-26 00:29:59+00:00,9.72,125.5,35,2.0,008 km S 07° E of City Of Surigao (Surigao Del Norte),Ms,TECTONIC
144,2024-11-25 22:50:47+00:00,8.94,126.44,35,2.8,015 km N 81° E of Cagwait (Surigao Del Sur),Ms,TECTONIC
145,2024-11-25 22:02:30+00:00,12.68,121.77,15,2.6,026 km S 13° E of Concepcion (Romblon),Ms,TECTONIC
146,2024-11-25 21:19:07+00:00,13.95,120.52,148,3.2,017 km N 44° W of Calatagan (Batangas),Ms,TECTONIC
147,2024-11-25 21:09:52+00:00,10.48,123.31,12,2.4,011 km S 80° W of City Of San Carlos (Negros Occidental),ML,VOLCANO-TECTONIC
148,2024-11-25 19:52:29+00:00,8.28,126.83,13,2.1,054 km N 60° E of Lingig (Surigao Del Sur),Ms,TECTONIC
149,2024-11-25 19:38:17+00:00,7.32,124.87,26,2.7,015 km N 33° E of Carmen (Cotabato),Ms,TECTONIC
150,2024-11-25 19:18:11+00:00,4.35,126.02,15,4.5,135 km S 29° E of Balut Island (Municipality Of Sarangani) (Davao Occidental),Ms,TECTONIC
151,2024-11-25 19:15:16+00:00,9.69,126.21,32,1.4,012 km S 28° E of General Luna (Surigao Del Norte),Ms,TECTONIC
152,2024-11-25 19:09:31+00:00,10.32,126.18,11,3.1,035 km N 19° E of Burgos (Surigao Del Norte),Ms,TECTONIC
153,2024-11-25 18:41:14+00:00,8.95,126.29,32,3.0,002 km S 17° E of Bayabas (Surigao Del Sur),Ms,TECTONIC
154,2024-11-25 18:17:55+00:00,18.12,121.06,27,1.5,015 km S 05° E of Calanasan (Apayao),Ms,TECTONIC
155,2024-11-25 18:01:56+00:00,13.21,124.68,13,2.1,056 km N 70° E of Prieto Diaz (Sorsogon),Ms,TECTONIC
156,2024-11-25 17:44:48+00:00,8.33,127.39,28,2.3,116 km S 88° E of Hinatuan (Surigao Del Sur),Ms,TECTONIC
157,2024-11-25 17:29:33+00:00,9.18,125.78,1,3.2,022 km S 66° W of Madrid (Surigao Del Sur),Ms,TECTONIC
158,2024-11-25 16:45:04+00:00,7.81,126.4,32,2.0,006 km N 72° W of Cateel (Davao Oriental),Ms,TECTONIC
159,2024-11-25 16:26:22+00:00,6.39,126.59,135,2.8,064 km S 63° E of Governor Generoso (Davao Oriental),Ms,TECTONIC
160,2024-11-25 16:09:48+00:00,9.73,126.49,14,3.5,038 km S 81° E of General Luna (Surigao Del Norte),Ms,TECTONIC
161,2024-11-25 15:36:29+00:00,15.37,121.5,27,1.5,011 km S 79° E of Dingalan (Aurora),Ms,TECTONIC
162,2024-11-25 15:24:28+00:00,11.74,124.35,12,2.4,004 km S 06° E of Maripipi (Biliran),Ms,TECTONIC
163,2024-11-25 14:43:50+00:00,13.76,120.53,121,3.5,014 km S 53° W of Calatagan (Batangas),Ms,TECTONIC
164,2024-11-25 13:43:43+00:00,3.43,125.71,26,3.6,221 km S 08° E of Balut Island (Municipality Of Sarangani) (Davao Occidental),Ms,TECTONIC
165,2024-11-25 13:35:10+00:00,11.02,124.72,1,2.3,012 km N 15° E of Albuera (Leyte),Ms,TECTONIC
166,2024-11-25 10:11:23+00:00,9.57,125.81,104,2.4,008 km S 86° E of Claver (Surigao Del Norte),Ms,TECTONIC
167,2024-11-25 09:06:08+00:00,6.96,124.46,16,2.0,003 km S 52° W of Datu Salibo (Maguindanao Del Sur),Ms,TECTONIC
168,2024-11-25 08:51:01+00:00,7.22,125.72,25,2.4,009 km S 39° E of City Of Panabo (Davao Del Norte),Ms,TECTONIC
169,2024-11-25 08:39:30+00:00,8.73,124.61,9,2.5,018 km S 87° W of Balingasag (Misamis Oriental),Ms,TECTONIC
170,2024-11-25 07:17:57+00:00,10.78,124.88,6,1.5,006 km S 71° W of Javier (Leyte),Ms,TECTONIC
171,2024-11-25 05:50:13+00:00,8.04,126.49,27,1.7,009 km East of Lingig (Surigao Del Sur),Ms,TECTONIC
172,2024-11-25 04:57:45+00:00,7.38,126.29,7,2.6,019 km N 70° E of Maragusan (Davao De Oro),Ms,TECTONIC
173,2024-11-25 04:46:48+00:00,12.86,121.16,2,3.1,033 km West of Bansud (Oriental Mindoro),Ms,TECTONIC
174,2024-11-25 04:35:46+00:00,9.02,126.49,21,3.0,024 km N 62° E of Cagwait (Surigao Del Sur),Ms,TECTONIC
175,2024-11-25 04:32:23+00:00,19.81,122.35,181,4.0,073 km S 36° E of Uyugan (Batanes),Ms,TECTONIC
176,2024-11-25 03:37:13+00:00,13.16,124.68,29,2.1,054 km N 76° E of Prieto Diaz (Sorsogon),Ms,TECTONIC
177,2024-11-25 03:27:34+00:00,13.49,120.66,83,4.0,009 km N 54° W of Abra De Ilog (Occidental Mindoro),Ms,TECTONIC
178,2024-11-25 02:44:52+00:00,13.45,123.43,56,1.9,005 km N 25° E of City Of Iriga (Camarines Sur),Ms,TECTONIC
179,2024-11-25 02:34:34+00:00,14.89,121.46,6,3.2,023 km N 51° W of General Nakar (Quezon),Ms,TECTONIC
180,2024-11-24 23:13:03+00:00,10.22,122.13,3,2.3,032 km S 43° E of Anini-y (Antique),Ms,TECTONIC
181,2024-11-24 22:46:17+00:00,8.38,126.53,17,3.1,022 km N 86° E of Hinatuan (Surigao Del Sur),Ms,TECTONIC
182,2024-11-24 20:48:26+00:00,7.92,126.9,9,3.1,054 km N 44° E of Baganga (Davao Oriental),Ms,TECTONIC
183,2024-11-24 20:18:38+00:00,12.09,120.61,30,1.6,045 km N 77° E of Coron (Palawan),Ms,TECTONIC
184,2024-11-24 19:32:50+00:00,13.43,120.69,20,2.5,004 km S 64° W of Abra De Ilog (Occidental Mindoro),Ms,TECTONIC
185,2024-11-24 19:28:27+00:00,13.58,121.56,32,1.5,032 km S 32° E of San Juan (Batangas),Ms,TECTONIC
186,2024-11-24 18:52:29+00:00,14.96,119.9,34,1.8,020 km S 73° W of San Narciso (Zambales),Ms,TECTONIC
187,2024-11-24 18:43:18+00:00,19.11,121.23,7,2.3,003 km N 83° E of Dalupiri Island (Calayan) (Cagayan),Ms,TECTONIC
188,2024-11-24 18:31:00+00:00,19.42,121.13,2,3.2,035 km N 13° W of Dalupiri Island (Calayan) (Cagayan),Ms,TECTONIC
189,2024-11-24 17:37:54+00:00,17.85,119.36,26,3.2,110 km N 75° W of Santa Catalina (Ilocos Sur),Ms,TECTONIC
190,2024-11-24 17:20:45+00:00,17.97,122.19,20,2.3,035 km N 76° E of Baggao (Cagayan),Ms,TECTONIC
191,2024-11-24 17:10:54+00:00,14.15,120.53,187,3.2,014 km N 51° W of Nasugbu (Batangas),Ms,TECTONIC
192,2024-11-24 15:27:26+00:00,16.57,119.88,21,2.5,020 km N 05° W of Bolinao (Pangasinan),Ms,TECTONIC
193,2024-11-24 13:57:21+00:00,18.56,120.87,9,2.5,008 km N 88° E of Pagudpud (Ilocos Norte),Ms,TECTONIC
194,2024-11-24 10:29:09+00:00,7.06,127.13,1,3.4,068 km S 76° E of Manay (Davao Oriental),Ms,TECTONIC
195,2024-11-24 10:11:54+00:00,15.89,120.85,21,1.7,004 km S 17° E of Umingan (Pangasinan),Ms,TECTONIC
196,2024-11-24 10:03:27+00:00,17.85,120.65,23,1.7,007 km S 16° W of Nueva Era (Ilocos Norte),Ms,TECTONIC
197,2024-11-24 09:56:50+00:00,11.3,126.37,3,3.6,075 km N 73° E of Mercedes (Eastern Samar),Ms,TECTONIC
198,2024-11-24 09:23:33+00:00,13.58,121.49,8,3.1,029 km S 22° E of San Juan (Batangas),Ms,TECTONIC
199,2024-11-24 09:19:08+00:00,10.61,125.98,8,2.5,031 km S 63° E of Homonhon Island (Guiuan) (Eastern Samar),Ms,TECTONIC
200,2024-11-24 08:05:24+00:00,7.49,125.78,7,3.1,007 km N 40° W of City Of Tagum (Davao Del Norte),Ms,TECTONIC
201,2024-11-24 07:25:41+00:00,8.52,126.64,30,2.2,037 km N 63° E of Hinatuan (Surigao Del Sur),Ms,TECTONIC
202,2024-11-24 05:26:35+00:00,7.19,125.97,29,2.7,011 km N 48° E of Pantukan (Davao De Oro),Ms,TECTONIC
203,2024-11-24 02:31:47+00:00,8.42,126.54,27,3.8,024 km N 76° E of Hinatuan (Surigao Del Sur),Ms,TECTONIC
204,2024-11-24 01:32:33+00:00,12.93,124.8,11,3.1,042 km N 19° W of Pambujan (Northern Samar),Ms,TECTONIC
205,2024-11-24 01:22:16+00:00,18.4,121.28,1,2.6,009 km S 41° W of Pamplona (Cagayan),Ms,TECTONIC
206,2024-11-24 01:17:31+00:00,10.31,126.12,9,3.5,033 km N 09° E of Burgos (Surigao Del Norte),Ms,TECTONIC
207,2024-11-24 00:37:20+00:00,7.47,126.64,33,1.5,015 km S 38° E of Baganga (Davao Oriental),Ms,TECTONIC
208,2024-11-23 23:53:21+00:00,12.89,124.82,1,2.8,038 km N 18° W of Pambujan (Northern Samar),Ms,TECTONIC
209,2024-11-23 23:21:25+00:00,12.93,125.8,24,3.3,077 km N 50° E of Mapanas (Northern Samar),Ms,TECTONIC
210,2024-11-23 23:14:36+00:00,12.29,124.79,32,1.6,007 km S 56° W of Silvino Lobos (Northern Samar),Ms,TECTONIC
211,2024-11-23 22:46:36+00:00,9.04,126.39,29,1.8,014 km N 54° E of Bayabas (Surigao Del Sur),Ms,TECTONIC
212,2024-11-23 22:26:07+00:00,5.51,126.88,27,2.2,144 km S 72° E of Jose Abad Santos (Davao Occidental),Ms,TECTONIC
213,2024-11-23 21:47:48+00:00,5.7,124.46,446,4.1,037 km S 30° W of Kiamba (Sarangani),Ms,TECTONIC
214,2024-11-23 21:47:24+00:00,8.7,126.33,1,1.7,012 km S 17° E of Marihatag (Surigao Del Sur),Ms,TECTONIC
215,2024-11-23 21:38:59+00:00,6.38,127.05,33,2.2,099 km S 42° E of Tarragona (Davao Oriental),Ms,TECTONIC
216,2024-11-23 21:33:37+00:00,17.04,121.4,46,2.2,010 km N 48° E of Aguinaldo (Ifugao),Ms,TECTONIC
217,2024-11-23 21:04:33+00:00,13.56,120.05,1,3.3,028 km S 50° W of Looc (Occidental Mindoro),Ms,TECTONIC
218,2024-11-23 20:54:23+00:00,17.55,120.83,33,1.4,008 km S 74° W of Licuan - Baay (Abra),Ms,TECTONIC
219,2024-11-23 20:42:32+00:00,9.02,121.88,33,2.5,094 km S 63° W of Basay (Negros Oriental),Ms,TECTONIC
220,2024-11-23 20:24:15+00:00,12.89,122.69,33,1.4,041 km S 50° W of San Pascual (Masbate),Ms,TECTONIC
221,2024-11-23 20:23:32+00:00,8.74,126.54,28,1.8,027 km S 76° E of Marihatag (Surigao Del Sur),Ms,TECTONIC
222,2024-11-23 19:24:19+00:00,4.86,127.31,49,4.6,215 km S 71° E of Sarangani Island (Municipality Of Sarangani) (Davao Occidental),Ms,TECTONIC
223,2024-11-23 18:33:19+00:00,18.54,121.15,3,2.9,011 km S 45° E of Claveria (Cagayan),Ms,TECTONIC
224,2024-11-23 18:19:55+00:00,15.24,119.88,28,1.7,014 km S 46° W of Iba (Zambales),Ms,TECTONIC
225,2024-11-23 17:49:46+00:00,17.12,120.56,15,1.8,005 km S 39° E of Salcedo (Ilocos Sur),Ms,TECTONIC
226,2024-11-23 17:28:07+00:00,12.16,120.8,5,2.0,038 km S 28° W of Rizal (Occidental Mindoro),Ms,TECTONIC
227,2024-11-23 17:15:02+00:00,9.62,122.44,16,1.5,003 km N 47° W of Hinoba-an (Negros Occidental),Ms,TECTONIC
228,2024-11-23 17:13:04+00:00,7.43,125.81,20,2.0,002 km S 53° W of City Of Tagum (Davao Del Norte),Ms,TECTONIC
229,2024-11-23 16:29:48+00:00,8.01,126.15,6,1.8,010 km S 72° E of Trento (Agusan Del Sur),Ms,TECTONIC
230,2024-11-23 16:15:34+00:00,7.75,125.75,15,2.3,003 km N 73° E of San Isidro (Davao Del Norte),Ms,TECTONIC
231,2024-11-23 16:10:31+00:00,13.66,120.5,76,3.3,023 km S 36° W of Calatagan (Batangas),Ms,TECTONIC
232,2024-11-23 15:50:24+00:00,14.61,120.29,72,1.7,008 km S 17° E of Morong (Bataan),Ms,TECTONIC
233,2024-11-23 15:50:01+00:00,18.38,120.85,41,1.5,010 km S 34° W of Adams (Ilocos Norte),Ms,TECTONIC
234,2024-11-23 15:48:00+00:00,8.07,126.23,4,1.6,020 km N 80° W of Lingig (Surigao Del Sur),Ms,TECTONIC
235,2024-11-23 15:47:16+00:00,13.57,120.23,23,3.4,017 km S 07° W of Looc (Occidental Mindoro),Ms,TECTONIC
236,2024-11-23 15:34:17+00:00,5.55,126.39,132,2.2,091 km S 64° E of Jose Abad Santos (Davao Occidental),Ms,TECTONIC
237,2024-11-23 15:27:10+00:00,7.78,125.74,23,1.8,004 km N 31° E of San Isidro (Davao Del Norte),Ms,TECTONIC
238,2024-11-23 15:25:19+00:00,7.68,125.76,5,3.1,009 km S 29° E of San Isidro (Davao Del Norte),Ms,TECTONIC
239,2024-11-23 15:21:54+00:00,12.79,123.19,4,2.8,013 km S 25° W of Claveria (Masbate),Ms,TECTONIC
240,2024-11-23 14:42:05+00:00,14.77,119.89,31,2.8,029 km S 46° W of San Antonio (Zambales),Ms,TECTONIC
241,2024-11-23 14:31:07+00:00,8.51,122.13,35,2.2,066 km N 28° W of Gutalac (Zamboanga Del Norte),Ms,TECTONIC
242,2024-11-23 13:32:01+00:00,7.2,123.54,20,2.5,032 km S 26° E of Tabina (Zamboanga Del Sur),Ms,TECTONIC
243,2024-11-23 12:51:45+00:00,8.71,126.45,4,1.5,020 km S 61° E of Marihatag (Surigao Del Sur),Ms,TECTONIC
244,2024-11-23 11:58:02+00:00,17.85,120.67,5,2.2,007 km S 02° E of Nueva Era (Ilocos Norte),Ms,TECTONIC
245,2024-11-23 11:17:21+00:00,17.87,120.69,5,4.0,006 km S 25° E of Nueva Era (Ilocos Norte),Ms,TECTONIC
246,2024-11-23 10:31:37+00:00,9.2,126.99,1,3.3,082 km N 72° E of Bayabas (Surigao Del Sur),Ms,TECTONIC
247,2024-11-23 09:49:54+00:00,11.77,125.06,32,1.9,004 km East of Paranas (Samar),Ms,TECTONIC
248,2024-11-23 09:38:55+00:00,12.49,123.65,10,1.5,017 km N 03° W of Mobo (Masbate),Ms,TECTONIC
249,2024-11-23 09:33:23+00:00,10.73,124.76,1,1.7,007 km N 34° W of City Of Baybay (Leyte),Ms,TECTONIC
250,2024-11-23 08:50:48+00:00,7.81,127.15,15,3.6,083 km N 50° E of Caraga (Davao Oriental),Ms,TECTONIC
251,2024-11-23 07:03:54+00:00,17.0,120.73,8,2.1,014 km N 82° W of Bauko (Mountain Province),Ms,TECTONIC
252,2024-11-23 06:55:46+00:00,9.16,126.78,22,2.7,058 km N 69° E of Bayabas (Surigao Del Sur),Ms,TECTONIC
253,2024-11-23 05:29:18+00:00,17.63,120.96,5,2.3,008 km N 38° W of Malibcong (Abra),Ms,TECTONIC
254,2024-11-23 05:09:54+00:00,8.74,126.53,23,1.7,034 km S 88° E of San Agustin (Surigao Del Sur),Ms,TECTONIC
255,2024-11-23 03:30:25+00:00,14.14,118.84,15,2.5,142 km N 77° W of Lubang (Occidental Mindoro),Ms,TECTONIC
256,2024-11-23 02:59:06+00:00,10.06,126.52,8,3.1,051 km N 52° E of General Luna (Surigao Del Norte),Ms,TECTONIC
257,2024-11-23 02:08:18+00:00,8.12,126.94,6,3.3,059 km N 81° E of Lingig (Surigao Del Sur),Ms,TECTONIC
258,2024-11-23 01:36:41+00:00,7.78,124.49,8,2.2,016 km S 66° E of Poona Bayabao (Lanao Del Sur),Ms,TECTONIC
259,2024-11-22 23:53:02+00:00,6.56,123.96,25,2.6,010 km N 85° W of Kalamansig (Sultan Kudarat),Ms,TECTONIC
260,2024-11-22 22:34:30+00:00,8.62,125.65,29,2.1,007 km S 01° W of Esperanza (Agusan Del Sur),Ms,TECTONIC
261,2024-11-22 22:08:05+00:00,6.01,127.15,65,3.2,139 km S 59° E of Governor Generoso (Davao Oriental),Ms,TECTONIC
262,2024-11-22 21:34:19+00:00,9.31,125.87,10,1.7,010 km S 53° W of Carrascal (Surigao Del Sur),Ms,TECTONIC
263,2024-11-22 21:18:10+00:00,12.75,123.07,17,2.2,025 km S 49° W of Claveria (Masbate),Ms,TECTONIC
264,2024-11-22 20:43:19+00:00,8.41,126.29,10,2.0,007 km N 45° W of Hinatuan (Surigao Del Sur),Ms,TECTONIC
265,2024-11-22 19:56:06+00:00,17.21,121.26,36,1.6,008 km S 20° E of Tanudan (Kalinga),Ms,TECTONIC
266,2024-11-22 18:37:43+00:00,7.66,126.04,34,1.6,005 km S 79° W of Compostela (Davao De Oro),Ms,TECTONIC
267,2024-11-22 18:00:37+00:00,18.69,120.41,12,2.3,032 km N 51° W of Burgos (Ilocos Norte),Ms,TECTONIC
268,2024-11-22 17:50:57+00:00,9.38,126.37,15,1.9,022 km N 58° E of Cortes (Surigao Del Sur),Ms,TECTONIC
269,2024-11-22 17:46:35+00:00,15.36,120.12,33,1.6,013 km N 53° E of Botolan (Zambales),Ms,TECTONIC
270,2024-11-22 17:00:14+00:00,4.0,125.78,105,3.5,159 km S 14° E of Balut Island (Municipality Of Sarangani) (Davao Occidental),Ms,TECTONIC
271,2024-11-22 16:24:43+00:00,13.81,120.81,10,2.2,013 km S 02° W of City Of Calaca (Batangas),ML,VOLCANO-TECTONIC
272,2024-11-22 16:24:42+00:00,18.48,120.83,20,1.3,005 km S 22° E of Dumalneg (Ilocos Norte),Ms,TECTONIC
273,2024-11-22 15:42:13+00:00,17.2,121.54,24,2.2,008 km S 78° W of Mallig (Isabela),Ms,TECTONIC
274,2024-11-22 13:53:41+00:00,5.99,126.5,29,2.5,087 km S 33° E of Governor Generoso (Davao Oriental),Ms,TECTONIC
275,2024-11-22 13:39:27+00:00,6.49,126.15,31,2.5,020 km S 25° E of Governor Generoso (Davao Oriental),Ms,TECTONIC
276,2024-11-22 13:38:38+00:00,12.75,123.56,8,1.3,017 km N 44° W of Monreal (Masbate),Ms,TECTONIC
277,2024-11-22 13:16:21+00:00,14.12,120.37,96,2.3,029 km N 79° W of Nasugbu (Batangas),Ms,TECTONIC
278,2024-11-22 12:36:16+00:00,5.25,126.16,15,2.8,080 km S 72° E of Sarangani Island (Municipality Of Sarangani) (Davao Occidental),Ms,TECTONIC
279,2024-11-22 11:41:13+00:00,10.68,125.67,5,2.3,009 km S 37° W of Homonhon Island (Guiuan) (Eastern Samar),Ms,TECTONIC
280,2024-11-22 11:27:25+00:00,8.06,122.38,34,1.5,009 km N 18° W of Gutalac (Zamboanga Del Norte),Ms,TECTONIC
281,2024-11-22 10:09:10+00:00,7.95,126.83,11,2.1,044 km N 67° E of Cateel (Davao Oriental),Ms,TECTONIC
282,2024-11-22 09:59:12+00:00,9.92,124.69,29,3.5,019 km N 72° E of Mabini (Bohol),Ms,TECTONIC
283,2024-11-22 07:05:22+00:00,5.96,125.81,78,2.6,019 km N 72° E of Jose Abad Santos (Davao Occidental),Ms,TECTONIC
284,2024-11-22 05:10:52+00:00,8.44,125.88,19,2.1,010 km S 86° E of Talacogon (Agusan Del Sur),Ms,TECTONIC
285,2024-11-22 05:00:31+00:00,8.43,126.3,35,1.5,008 km N 28° W of Hinatuan (Surigao Del Sur),Ms,TECTONIC
286,2024-11-22 03:44:39+00:00,6.81,126.63,83,4.6,033 km S 37° E of Tarragona (Davao Oriental),Ms,TECTONIC
287,2024-11-22 02:25:18+00:00,14.99,122.56,1,3.6,041 km N 37° E of Jomalig (Quezon),Ms,TECTONIC
288,2024-11-22 02:14:26+00:00,14.53,120.11,24,3.2,023 km S 45° W of Morong (Bataan),Ms,TECTONIC
289,2024-11-22 01:15:33+00:00,5.67,126.51,31,3.0,099 km S 74° E of Jose Abad Santos (Davao Occidental),Ms,TECTONIC
290,2024-11-21 23:17:12+00:00,16.73,120.97,18,1.8,006 km N 29° E of Tinoc (Ifugao),Ms,TECTONIC
291,2024-11-21 22:25:53+00:00,5.55,125.9,207,3.0,048 km N 80° E of Sarangani Island (Municipality Of Sarangani) (Davao Occidental),Ms,TECTONIC
292,2024-11-21 21:47:31+00:00,20.24,121.36,30,2.6,055 km S 79° W of Sabtang (Batanes),Ms,TECTONIC
293,2024-11-21 21:30:03+00:00,9.29,126.57,7,2.1,042 km N 88° E of Cortes (Surigao Del Sur),Ms,TECTONIC
294,2024-11-21 21:29:13+00:00,20.33,121.26,33,2.6,064 km S 90° W of Sabtang (Batanes),Ms,TECTONIC
295,2024-11-21 21:15:42+00:00,8.63,126.38,4,2.4,030 km N 09° E of Hinatuan (Surigao Del Sur),Ms,TECTONIC
296,2024-11-21 20:41:47+00:00,9.89,122.22,10,3.0,027 km N 60° W of City Of Sipalay (Negros Occidental),Ms,TECTONIC
297,2024-11-21 19:37:37+00:00,13.57,120.12,11,2.3,022 km S 39° W of Looc (Occidental Mindoro),Ms,TECTONIC
298,2024-11-21 19:34:21+00:00,17.78,120.45,34,1.7,001 km S 22° W of Cabugao (Ilocos Sur),Ms,TECTONIC
299,2024-11-21 19:24:09+00:00,19.95,121.43,34,2.6,063 km S 48° W of Sabtang (Batanes),Ms,TECTONIC
300,2024-11-21 18:57:04+00:00,13.31,124.79,44,1.7,059 km S 50° E of Baras (Catanduanes),Ms,TECTONIC
301,2024-11-21 18:45:53+00:00,8.79,126.68,18,2.1,050 km N 85° E of San Agustin (Surigao Del Sur),Ms,TECTONIC
302,2024-11-21 17:52:25+00:00,11.27,125.46,13,2.1,008 km N 74° W of General Macarthur (Eastern Samar),Ms,TECTONIC
303,2024-11-21 17:46:43+00:00,11.36,125.4,40,2.5,017 km S 69° W of Llorente (Eastern Samar),Ms,TECTONIC
304,2024-11-21 17:43:23+00:00,12.3,123.75,2,1.4,009 km N 26° W of Uson (Masbate),Ms,TECTONIC
305,2024-11-21 17:29:40+00:00,18.16,120.88,18,2.4,006 km N 72° E of Carasi (Ilocos Norte),Ms,TECTONIC
306,2024-11-21 17:13:32+00:00,14.93,122.54,2,2.2,034 km N 40° E of Jomalig (Quezon),Ms,TECTONIC
307,2024-11-21 16:52:51+00:00,21.39,120.54,22,3.5,151 km N 64° W of Itbayat (Batanes),Ms,TECTONIC
308,2024-11-21 16:52:05+00:00,9.49,126.09,4,2.1,019 km S 43° E of Socorro (Surigao Del Norte),Ms,TECTONIC
309,2024-11-21 16:50:18+00:00,19.11,121.16,3,2.8,005 km N 82° W of Dalupiri Island (Calayan) (Cagayan),Ms,TECTONIC
310,2024-11-21 16:16:54+00:00,8.09,126.8,12,2.1,043 km N 82° E of Lingig (Surigao Del Sur),Ms,TECTONIC
311,2024-11-21 16:09:57+00:00,9.63,122.56,33,1.7,011 km N 70° E of Hinoba-an (Negros Occidental),Ms,TECTONIC
312,2024-11-21 15:53:04+00:00,8.24,126.69,20,2.1,038 km N 53° E of Lingig (Surigao Del Sur),Ms,TECTONIC
313,2024-11-21 15:36:16+00:00,16.94,121.18,32,1.6,006 km S 53° W of Mayoyao (Ifugao),Ms,TECTONIC
314,2024-11-21 15:25:06+00:00,8.04,126.88,17,2.9,051 km N 89° E of Lingig (Surigao Del Sur),Ms,TECTONIC
315,2024-11-21 15:21:32+00:00,7.95,126.94,20,2.2,059 km S 81° E of Lingig (Surigao Del Sur),Ms,TECTONIC
316,2024-11-21 14:47:36+00:00,20.21,121.26,33,3.4,065 km S 78° W of Sabtang (Batanes),Ms,TECTONIC
317,2024-11-21 14:00:08+00:00,15.33,121.91,18,2.1,045 km N 13° E of Panukulan (Quezon),Ms,TECTONIC
318,2024-11-21 13:29:05+00:00,18.75,121.15,14,2.0,018 km N 25° E of Claveria (Cagayan),Ms,TECTONIC
319,2024-11-21 13:26:56+00:00,17.34,120.32,29,2.2,013 km N 87° W of San Esteban (Ilocos Sur),Ms,TECTONIC
320,2024-11-21 12:43:42+00:00,5.35,125.66,186,2.7,025 km S 55° E of Sarangani Island (Municipality Of Sarangani) (Davao Occidental),Ms,TECTONIC
321,2024-11-21 12:01:45+00:00,9.33,125.7,34,2.3,018 km N 65° E of Santiago (Agusan Del Norte),Ms,TECTONIC
322,2024-11-23 11:58:02+00:00,17.85,120.67,5,2.2,007 km S 02° E of Nueva Era (Ilocos Norte),Ms,TECTONIC
323,2024-11-21 11:56:09+00:00,8.15,126.76,13,1.7,041 km N 72° E of Lingig (Surigao Del Sur),Ms,TECTONIC
324,2024-11-21 09:34:54+00:00,15.92,119.98,27,2.1,014 km N 37° E of Infanta (Pangasinan),Ms,TECTONIC
325,2024-11-21 08:56:46+00:00,17.72,120.56,17,2.0,011 km N 76° W of Danglas (Abra),Ms,TECTONIC
326,2024-11-21 08:31:54+00:00,8.3,126.61,24,2.4,031 km S 76° E of Hinatuan (Surigao Del Sur),Ms,TECTONIC
327,2024-11-21 07:22:07+00:00,6.09,126.24,59,2.5,062 km S 79° E of Don Marcelino (Davao Occidental),Ms,TECTONIC
328,2024-11-21 07:16:12+00:00,12.94,122.96,31,2.1,021 km S 04° W of San Pascual (Masbate),Ms,TECTONIC
329,2024-11-21 06:58:15+00:00,13.47,120.01,48,2.0,038 km S 43° W of Looc (Occidental Mindoro),Ms,TECTONIC
330,2024-11-21 06:51:29+00:00,10.42,125.24,1,2.0,006 km N 55° E of Hinunangan (Southern Leyte),Ms,TECTONIC
331,2024-11-21 06:15:48+00:00,6.1,126.42,112,3.5,072 km S 32° E of Governor Generoso (Davao Oriental),Ms,TECTONIC
332,2024-11-21 05:03:52+00:00,8.53,126.26,27,2.1,013 km N 54° E of Tagbina (Surigao Del Sur),Ms,TECTONIC
333,2024-11-21 03:27:53+00:00,7.93,126.67,15,1.8,031 km S 68° E of Lingig (Surigao Del Sur),Ms,TECTONIC
334,2024-11-21 01:35:05+00:00,7.04,125.5,19,2.1,024 km S 80° W of Island Garden City Of Samal (Davao Del Norte),Ms,TECTONIC
335,2024-11-21 00:21:16+00:00,8.42,126.97,3,2.9,070 km N 86° E of Hinatuan (Surigao Del Sur),Ms,TECTONIC
336,2024-11-20 23:06:08+00:00,15.72,121.53,30,1.7,002 km N 86° E of San Luis (Aurora),Ms,TECTONIC
337,2024-11-20 22:41:27+00:00,16.14,120.82,5,1.8,010 km N 40° E of San Nicolas (Pangasinan),Ms,TECTONIC
338,2024-11-20 22:28:52+00:00,9.61,126.12,10,2.3,017 km S 24° E of Dapa (Surigao Del Norte),Ms,TECTONIC
339,2024-11-20 22:22:35+00:00,16.48,122.15,20,2.2,011 km N 32° W of Dilasag (Aurora),Ms,TECTONIC
340,2024-11-20 22:20:31+00:00,8.17,127.24,13,1.9,093 km N 81° E of Lingig (Surigao Del Sur),Ms,TECTONIC
341,2024-11-20 21:25:41+00:00,16.03,120.04,27,1.9,007 km S 54° W of Sual (Pangasinan),Ms,TECTONIC
342,2024-11-20 21:04:17+00:00,9.38,125.53,1,2.6,005 km N 22° E of Jabonga (Agusan Del Norte),Ms,TECTONIC
343,2024-11-20 21:02:12+00:00,8.03,127.13,8,2.5,079 km N 70° E of Cateel (Davao Oriental),Ms,TECTONIC
344,2024-11-20 20:39:18+00:00,6.71,123.61,17,3.8,051 km N 81° W of Lebak (Sultan Kudarat),Ms,TECTONIC
345,2024-11-20 20:31:04+00:00,8.75,126.86,1,1.5,062 km S 85° E of Marihatag (Surigao Del Sur),Ms,TECTONIC
346,2024-11-20 20:09:09+00:00,13.28,123.73,36,2.3,004 km S 11° W of Malilipot (Albay),Ms,TECTONIC
347,2024-11-20 19:30:48+00:00,13.31,124.9,20,4.3,068 km S 56° E of Baras (Catanduanes),Mw,TECTONIC
348,2024-11-20 17:38:08+00:00,10.81,126.51,27,2.6,086 km N 85° E of Homonhon Island (Guiuan) (Eastern Samar),Ms,TECTONIC
349,2024-11-20 17:23:33+00:00,16.89,120.79,10,2.5,003 km N 10° W of Mankayan (Benguet),Ms,TECTONIC
350,2024-11-20 16:51:00+00:00,12.75,123.1,15,3.3,023 km S 45° W of Claveria (Masbate),Ms,TECTONIC
351,2024-11-20 16:03:22+00:00,9.92,122.44,12,2.3,017 km N 02° E of City Of Sipalay (Negros Occidental),Ms,TECTONIC
352,2024-11-20 16:02:47+00:00,11.62,125.14,28,1.5,013 km S 86° E of Calbiga (Samar),Ms,TECTONIC
353,2024-11-20 14:12:08+00:00,9.48,126.06,29,2.1,018 km S 33° E of Socorro (Surigao Del Norte),Ms,TECTONIC
354,2024-11-20 11:13:09+00:00,6.58,125.39,1,1.9,010 km N 70° W of Santa Maria (Davao Occidental),Ms,TECTONIC
355,2024-11-20 11:08:52+00:00,19.08,120.95,10,2.6,028 km S 83° W of Dalupiri Island (Calayan) (Cagayan),Ms,TECTONIC
356,2024-11-20 10:59:43+00:00,16.11,122.2,21,2.2,020 km S 24° E of Casiguran (Aurora),Ms,TECTONIC
357,2024-11-20 09:32:36+00:00,12.77,123.03,10,2.6,028 km S 57° W of Claveria (Masbate),Ms,TECTONIC
358,2024-11-20 08:54:55+00:00,18.17,120.61,25,2.2,003 km S 29° E of City Of Laoag (Ilocos Norte),Ms,TECTONIC
359,2024-11-20 08:53:08+00:00,8.25,126.86,5,2.4,055 km N 65° E of Lingig (Surigao Del Sur),Ms,TECTONIC
360,2024-11-20 08:23:21+00:00,16.56,119.74,21,2.4,025 km N 40° W of Bolinao (Pangasinan),Ms,TECTONIC
361,2024-11-20 06:28:05+00:00,15.08,121.22,25,1.2,021 km N 52° E of Doña Remedios Trinidad (Bulacan),Ms,TECTONIC
362,2024-11-20 04:43:56+00:00,7.53,126.89,9,2.8,036 km S 82° E of Baganga (Davao Oriental),Ms,TECTONIC
363,2024-11-20 04:23:34+00:00,8.06,126.58,30,2.0,019 km N 83° E of Lingig (Surigao Del Sur),Ms,TECTONIC
364,2024-11-20 04:15:29+00:00,10.1,125.83,22,1.9,026 km N 81° E of Basilisa (Dinagat Islands),Ms,TECTONIC
365,2024-11-20 04:10:15+00:00,13.98,120.44,99,2.8,023 km S 63° W of Nasugbu (Batangas),Ms,TECTONIC
366,2024-11-20 03:10:56+00:00,10.43,123.14,6,2.4,009 km N 59° W of City Of Canlaon (Negros Oriental),Ml,VOLCANO-TECTONIC
367,2024-11-20 03:10:04+00:00,13.34,120.64,31,1.7,015 km S 39° W of Abra De Ilog (Occidental Mindoro),Ms,TECTONIC
368,2024-11-20 02:42:42+00:00,7.82,125.71,22,1.5,009 km N 08° W of San Isidro (Davao Del Norte),Ms,TECTONIC
369,2024-11-20 02:39:53+00:00,7.7,125.72,8,3.5,006 km S 02° W of San Isidro (Davao Del Norte),Ms,TECTONIC
370,2024-11-20 01:13:36+00:00,6.83,123.58,7,3.0,060 km N 60° W of Kalamansig (Sultan Kudarat),Ms,TECTONIC
371,2024-11-20 00:24:10+00:00,8.38,126.75,9,1.8,045 km N 88° E of Hinatuan (Surigao Del Sur),Ms,TECTONIC
372,2024-11-20 00:20:55+00:00,17.47,120.25,24,2.0,017 km S 60° W of Caoayan (Ilocos Sur),Ms,TECTONIC
373,2024-11-19 21:14:43+00:00,6.12,126.39,111,2.9,069 km S 31° E of Governor Generoso (Davao Oriental),Ms,TECTONIC
374,2024-11-19 19:14:21+00:00,6.57,127.22,14,2.5,101 km S 58° E of Tarragona (Davao Oriental),Ms,TECTONIC
375,2024-11-19 18:45:57+00:00,13.65,125.5,22,2.7,121 km S 83° E of Gigmoto (Catanduanes),Ms,TECTONIC
376,2024-11-19 17:34:46+00:00,17.94,120.47,24,2.7,001 km N 13° W of Badoc (Ilocos Norte),Ms,TECTONIC
377,2024-11-19 16:32:17+00:00,8.09,125.12,25,2.1,004 km S 10° W of City Of Malaybalay (Bukidnon),Ms,TECTONIC
378,2024-11-19 15:56:46+00:00,16.47,122.3,10,2.3,013 km N 48° E of Dilasag (Aurora),Ms,TECTONIC
379,2024-11-19 15:25:37+00:00,7.94,127.02,9,1.9,064 km N 76° E of Cateel (Davao Oriental),Ms,TECTONIC
380,2024-11-19 15:07:01+00:00,17.9,120.79,1,2.5,014 km S 84° E of Nueva Era (Ilocos Norte),Ms,TECTONIC
381,2024-11-19 14:02:59+00:00,13.27,122.18,2,2.9,011 km S 60° E of Torrijos (Marinduque),Ms,TECTONIC
382,2024-11-19 13:03:23+00:00,6.55,126.46,20,2.5,044 km S 75° E of Governor Generoso (Davao Oriental),Ms,TECTONIC
383,2024-11-19 12:38:54+00:00,17.32,122.32,6,2.1,002 km S 72° E of Divilacan (Isabela),Ms,TECTONIC
384,2024-11-19 12:06:25+00:00,13.98,120.56,167,2.4,014 km S 37° W of Nasugbu (Batangas),Ms,TECTONIC
385,2024-11-19 11:18:27+00:00,18.78,120.79,24,1.9,024 km N 01° E of Pagudpud (Ilocos Norte),Ms,TECTONIC
386,2024-11-19 11:05:00+00:00,10.43,123.16,1,2.4,008 km N 52° W of City Of Canlaon (Negros Oriental),ML,VOLCANO-TECTONIC
387,2024-11-19 10:46:50+00:00,18.2,120.91,32,1.7,016 km S 67° W of Calanasan (Apayao),Ms,TECTONIC
388,2024-11-19 10:37:12+00:00,6.36,124.23,510,3.0,015 km S 41° W of Senator Ninoy Aquino (Sultan Kudarat),Ms,TECTONIC
389,2024-11-19 08:34:00+00:00,6.08,126.2,69,5.2,058 km S 77° E of Don Marcelino (Davao Occidental),Mw,TECTONIC
390,2024-11-19 05:24:10+00:00,13.61,120.35,48,2.1,016 km S 42° E of Looc (Occidental Mindoro),Ms,TECTONIC
391,2024-11-19 04:22:46+00:00,8.0,127.03,11,2.4,067 km N 70° E of Cateel (Davao Oriental),Ms,TECTONIC
392,2024-11-19 01:11:05+00:00,8.88,126.19,81,2.7,013 km S 71° W of Cagwait (Surigao Del Sur),Ms,TECTONIC
393,2024-11-19 01:02:10+00:00,17.1,121.4,32,1.6,009 km South of Paracelis (Mountain Province),Ms,TECTONIC
394,2024-11-18 23:54:50+00:00,9.7,126.22,33,1.3,012 km S 37° E of General Luna (Surigao Del Norte),Ms,TECTONIC
395,2024-11-18 22:54:37+00:00,8.99,125.71,20,3.1,016 km S 62° E of Remedios T. Romualdez (Agusan Del Norte),Ms,TECTONIC
396,2024-11-18 22:41:01+00:00,16.82,120.16,24,2.1,023 km N 61° W of Bacnotan (La Union),Ms,TECTONIC
397,2024-11-18 22:30:09+00:00,9.86,126.24,20,2.3,013 km N 44° E of General Luna (Surigao Del Norte),Ms,TECTONIC
398,2024-11-18 22:14:31+00:00,8.91,126.59,22,1.6,032 km S 89° E of Cagwait (Surigao Del Sur),Ms,TECTONIC
399,2024-11-18 21:12:44+00:00,11.35,125.58,16,2.2,004 km N 83° W of Hernani (Eastern Samar),Ms,TECTONIC
400,2024-11-18 21:10:11+00:00,17.76,119.37,31,3.2,107 km N 80° W of Santa Catalina (Ilocos Sur),Ms,TECTONIC
401,2024-11-18 20:50:32+00:00,17.73,119.47,24,4.3,096 km N 81° W of Santa Catalina (Ilocos Sur),Ms,TECTONIC
402,2024-11-18 20:43:20+00:00,8.25,127.3,26,1.5,101 km N 76° E of Lingig (Surigao Del Sur),Ms,TECTONIC
403,2024-11-18 20:26:07+00:00,11.47,124.42,5,1.7,002 km N 15° W of Calubian (Leyte),Ms,TECTONIC
404,2024-11-18 19:41:31+00:00,16.31,121.99,4,1.8,015 km N 75° W of Casiguran (Aurora),Ms,TECTONIC
405,2024-11-18 19:23:48+00:00,13.8,120.14,6,2.4,007 km S 19° E of Lubang (Occidental Mindoro),Ms,TECTONIC
406,2024-11-18 19:18:22+00:00,17.92,120.65,1,2.6,006 km S 01° W of Banna (Ilocos Norte),Ms,TECTONIC
407,2024-11-18 18:00:03+00:00,14.11,121.25,4,2.1,005 km N 01° W of Alaminos (Laguna),Ms,TECTONIC
408,2024-11-18 17:37:19+00:00,8.04,125.95,33,1.7,003 km S 14° W of Veruela (Agusan Del Sur),Ms,TECTONIC
409,2024-11-18 16:10:49+00:00,8.61,123.36,26,1.9,003 km N 43° E of City Of Dipolog (Zamboanga Del Norte),Ms,TECTONIC
410,2024-11-18 15:48:04+00:00,7.95,124.24,1,1.8,003 km S 44° W of Marantao (Lanao Del Sur),Ms,TECTONIC
411,2024-11-18 14:57:25+00:00,10.03,122.21,7,2.2,037 km N 40° W of City Of Sipalay (Negros Occidental),Ms,TECTONIC
412,2024-11-18 14:48:06+00:00,17.08,121.39,38,2.0,011 km S 05° W of Paracelis (Mountain Province),Ms,TECTONIC
413,2024-11-18 14:43:21+00:00,8.35,123.21,20,3.1,015 km N 45° E of Siayan (Zamboanga Del Norte),Ms,TECTONIC
414,2024-11-18 13:06:13+00:00,18.37,120.76,2,2.0,016 km N 74° E of Pasuquin (Ilocos Norte),Ms,TECTONIC
415,2024-11-18 12:57:36+00:00,8.26,126.6,30,1.9,031 km S 67° E of Hinatuan (Surigao Del Sur),Ms,TECTONIC
416,2024-11-18 11:46:20+00:00,9.96,126.37,17,2.6,031 km N 50° E of General Luna (Surigao Del Norte),Ms,TECTONIC
417,2024-11-18 11:30:09+00:00,9.93,126.25,12,3.6,022 km S 63° E of Burgos (Surigao Del Norte),Ms,TECTONIC
418,2024-11-18 11:08:05+00:00,9.83,126.12,33,1.8,007 km N 38° W of General Luna (Surigao Del Norte),Ms,TECTONIC
419,2024-11-18 10:47:27+00:00,5.53,127.25,100,2.8,180 km S 46° E of Governor Generoso (Davao Oriental),Ms,TECTONIC
420,2024-11-18 09:52:16+00:00,10.43,124.89,33,1.3,011 km N 66° W of Sogod (Southern Leyte),Ms,TECTONIC
421,2024-11-18 09:41:57+00:00,7.1,126.93,17,3.1,045 km S 74° E of Manay (Davao Oriental),Ms,TECTONIC
422,2024-11-18 08:52:51+00:00,8.18,127.09,3,3.5,076 km N 78° E of Lingig (Surigao Del Sur),Ms,TECTONIC
423,2024-11-18 07:50:53+00:00,12.36,124.7,27,2.6,011 km N 53° E of Lope De Vega (Northern Samar),Ms,TECTONIC
424,2024-11-18 06:56:32+00:00,17.04,121.32,32,1.5,006 km N 06° W of Aguinaldo (Ifugao),Ms,TECTONIC
425,2024-11-18 05:49:01+00:00,8.36,126.43,33,1.7,011 km S 85° E of Hinatuan (Surigao Del Sur),Ms,TECTONIC
426,2024-11-18 05:44:43+00:00,13.81,124.89,26,2.6,054 km N 87° E of Gigmoto (Catanduanes),Ms,TECTONIC
427,2024-11-18 04:50:10+00:00,18.04,121.37,19,2.5,020 km N 86° E of Kabugao (Apayao),Ms,TECTONIC
428,2024-11-18 04:09:15+00:00,16.15,121.84,22,1.8,013 km N 85° W of Dinalungan (Aurora),Ms,TECTONIC
429,2024-11-18 03:35:33+00:00,20.44,122.33,1,4.9,038 km S 88° E of Basco (Batanes),Mw,TECTONIC
430,2024-11-18 02:20:27+00:00,12.37,123.78,3,3.1,005 km S 05° W of Batuan (Masbate),Ms,TECTONIC
431,2024-11-18 00:48:27+00:00,7.89,126.41,23,2.2,004 km N 62° E of Boston (Davao Oriental),Ms,TECTONIC
432,2024-11-18 00:45:56+00:00,7.82,127.07,1,2.5,062 km N 64° E of Baganga (Davao Oriental),Ms,TECTONIC
433,2024-11-18 00:44:45+00:00,10.33,122.37,1,2.1,028 km S 41° W of Nueva Valencia (Guimaras),Ms,TECTONIC
434,2024-11-17 23:30:02+00:00,7.69,124.86,2,2.5,011 km N 27° W of Kadingilan (Bukidnon),Ms,TECTONIC
435,2024-11-17 22:51:47+00:00,7.95,126.4,70,1.8,010 km N 13° E of Boston (Davao Oriental),Ms,TECTONIC
436,2024-11-17 22:48:55+00:00,12.47,120.77,8,2.2,022 km S 59° W of Calintaan (Occidental Mindoro),Ms,TECTONIC
437,2024-11-17 22:42:01+00:00,12.28,121.66,27,1.9,031 km S 79° W of Ferrol (Romblon),Ms,TECTONIC
438,2024-11-17 19:39:17+00:00,6.68,123.84,1,2.7,026 km N 79° W of Lebak (Sultan Kudarat),Ms,TECTONIC
439,2024-11-17 19:37:30+00:00,8.45,127.0,19,2.7,074 km N 82° E of Hinatuan (Surigao Del Sur),Ms,TECTONIC
440,2024-11-17 19:21:17+00:00,15.6,119.79,18,3.1,016 km S 80° W of Candelaria (Zambales),Ms,TECTONIC
441,2024-11-17 18:57:20+00:00,6.23,126.13,19,3.7,047 km S 08° E of Governor Generoso (Davao Oriental),Ms,TECTONIC
442,2024-11-17 18:53:13+00:00,10.34,126.72,11,2.7,080 km N 63° E of Burgos (Surigao Del Norte),Ms,TECTONIC
443,2024-11-17 18:33:32+00:00,8.71,126.66,18,3.0,040 km S 76° E of Marihatag (Surigao Del Sur),Ms,TECTONIC
444,2024-11-17 16:58:54+00:00,8.87,126.34,30,3.7,009 km N 32° E of Marihatag (Surigao Del Sur),Ms,TECTONIC
445,2024-11-17 16:55:47+00:00,7.57,124.8,33,1.8,011 km S 51° E of Wao (Lanao Del Sur),Ms,TECTONIC
446,2024-11-17 15:46:47+00:00,10.74,124.07,21,2.0,006 km N 75° E of Catmon (Cebu),Ms,TECTONIC
447,2024-11-17 15:45:53+00:00,12.51,123.67,6,1.8,010 km N 74° W of San Fernando (Masbate),Ms,TECTONIC
448,2024-11-17 15:31:44+00:00,9.31,126.0,17,2.6,004 km S 42° E of Cantilan (Surigao Del Sur),Ms,TECTONIC
449,2024-11-17 14:34:23+00:00,16.11,119.93,14,2.4,007 km S 48° W of City Of Alaminos (Pangasinan),Ms,TECTONIC
450,2024-11-17 13:48:35+00:00,10.68,124.97,1,3.0,009 km S 35° W of Abuyog (Leyte),Ms,TECTONIC
451,2024-11-17 13:26:39+00:00,12.19,121.62,20,2.4,029 km N 16° E of Caluya (Antique),Ms,TECTONIC
452,2024-11-17 10:24:58+00:00,12.78,125.08,37,3.9,026 km N 08° W of Palapag (Northern Samar),Ms,TECTONIC
453,2024-11-17 10:20:30+00:00,6.48,126.56,43,3.0,064 km S 11° E of Tarragona (Davao Oriental),Ms,TECTONIC
454,2024-11-17 10:04:09+00:00,10.28,122.36,1,2.1,034 km S 36° W of Nueva Valencia (Guimaras),Ms,TECTONIC
455,2024-11-17 09:54:54+00:00,19.22,121.11,23,2.3,016 km N 39° W of Dalupiri Island (Calayan) (Cagayan),Ms,TECTONIC
456,2024-11-17 07:56:05+00:00,8.44,126.5,32,1.5,020 km N 67° E of Hinatuan (Surigao Del Sur),Ms,TECTONIC
457,2024-11-17 07:11:41+00:00,17.9,120.45,17,1.6,004 km S 36° W of Badoc (Ilocos Norte),Ms,TECTONIC
458,2024-11-17 04:37:22+00:00,7.96,127.06,10,2.6,070 km N 52° E of Baganga (Davao Oriental),Ms,TECTONIC
459,2024-11-17 03:55:19+00:00,11.26,124.6,6,2.6,006 km S 51° W of Capoocan (Leyte),Ms,TECTONIC
460,2024-11-17 03:14:14+00:00,7.61,124.94,6,2.7,006 km West of Dangcagan (Bukidnon),Ms,TECTONIC
461,2024-11-17 00:41:11+00:00,13.43,120.12,25,1.5,034 km S 24° W of Looc (Occidental Mindoro),Ms,TECTONIC
462,2024-11-17 00:34:54+00:00,8.66,122.66,4,2.1,045 km N 61° W of Jose Dalman (Zamboanga Del Norte),Ms,TECTONIC
463,2024-11-16 23:11:47+00:00,8.11,124.67,13,2.4,033 km N 05° W of Amai Manabilang (Lanao Del Sur),Ms,TECTONIC
464,2024-11-16 21:39:56+00:00,9.92,124.3,5,2.3,008 km S 29° W of San Miguel (Bohol),Ms,TECTONIC
465,2024-11-16 21:23:08+00:00,13.17,120.25,23,1.9,035 km S 40° W of Paluan (Occidental Mindoro),Ms,TECTONIC
466,2024-11-16 21:15:51+00:00,6.87,124.97,9,2.0,012 km N 68° E of Tulunan (Cotabato),Ms,TECTONIC
467,2024-11-16 20:55:49+00:00,14.89,119.75,8,2.6,038 km S 79° W of San Antonio (Zambales),Ms,TECTONIC
468,2024-11-16 19:34:38+00:00,8.2,126.85,17,2.6,051 km N 69° E of Lingig (Surigao Del Sur),Ms,TECTONIC
469,2024-11-16 19:28:39+00:00,18.22,122.25,9,1.7,027 km S 80° E of Gonzaga (Cagayan),Ms,TECTONIC
470,2024-11-16 19:03:01+00:00,8.12,126.73,12,2.0,037 km N 75° E of Lingig (Surigao Del Sur),Ms,TECTONIC
471,2024-11-16 18:50:32+00:00,18.08,121.33,33,1.7,017 km N 70° E of Kabugao (Apayao),Ms,TECTONIC
472,2024-11-16 17:59:51+00:00,10.05,125.02,8,2.9,012 km S 10° E of Malitbog (Southern Leyte),Ms,TECTONIC
473,2024-11-16 17:45:13+00:00,17.85,120.65,26,2.2,008 km S 14° W of Nueva Era (Ilocos Norte),Ms,TECTONIC
474,2024-11-16 17:10:47+00:00,10.98,124.75,32,1.3,009 km N 40° E of Albuera (Leyte),Ms,TECTONIC
475,2024-11-16 16:41:53+00:00,15.48,120.09,17,2.1,016 km S 67° E of Masinloc (Zambales),Ms,TECTONIC
476,2024-11-16 13:22:04+00:00,13.18,124.07,1,2.2,006 km S 87° W of Rapu-rapu (Albay),Ms,TECTONIC
477,2024-11-16 11:56:28+00:00,12.49,125.2,16,2.3,006 km N 78° W of Mapanas (Northern Samar),Ms,TECTONIC
478,2024-11-16 11:05:37+00:00,17.7,119.29,17,4.2,114 km N 84° W of Santa Catalina (Ilocos Sur),Ms,TECTONIC
479,2024-11-16 10:55:05+00:00,12.42,120.79,9,2.3,020 km S 78° W of Rizal (Occidental Mindoro),Ms,TECTONIC
480,2024-11-16 09:47:31+00:00,18.86,121.13,11,2.7,025 km N 87° W of Fuga Island (Aparri) (Cagayan),Ms,TECTONIC
481,2024-11-16 09:44:26+00:00,6.76,125.34,17,2.1,003 km N 62° W of City Of Digos (Davao Del Sur),Ms,TECTONIC
482,2024-11-16 09:13:38+00:00,17.56,122.06,22,2.0,027 km N 44° W of Maconacon (Isabela),Ms,TECTONIC
483,2024-11-16 09:06:18+00:00,17.92,122.12,17,1.9,027 km N 83° E of Baggao (Cagayan),Ms,TECTONIC
484,2024-11-16 08:01:54+00:00,15.52,120.04,22,3.1,009 km S 81° E of Masinloc (Zambales),Ms,TECTONIC
485,2024-11-16 02:43:17+00:00,5.81,127.1,22,2.8,147 km S 51° E of Governor Generoso (Davao Oriental),Ms,TECTONIC
486,2024-11-16 01:16:15+00:00,20.62,121.44,39,2.5,056 km N 55° W of Sabtang (Batanes),Ms,TECTONIC
487,2024-11-15 23:23:32+00:00,5.73,126.45,40,3.8,091 km S 77° E of Jose Abad Santos (Davao Occidental),Ms,TECTONIC
488,2024-11-15 22:35:54+00:00,6.51,126.63,29,3.9,063 km S 76° E of Governor Generoso (Davao Oriental),Ms,TECTONIC
489,2024-11-15 22:26:20+00:00,15.45,121.56,15,1.5,019 km N 68° E of Dingalan (Aurora),Ms,TECTONIC
490,2024-11-15 22:11:35+00:00,12.82,123.05,9,1.8,023 km S 67° W of Claveria (Masbate),Ms,TECTONIC
491,2024-11-15 21:17:57+00:00,18.56,120.93,6,2.8,006 km S 86° W of Santa Praxedes (Cagayan),Ms,TECTONIC
492,2024-11-15 21:11:28+00:00,13.19,124.06,35,1.4,007 km N 87° W of Rapu-rapu (Albay),Ms,TECTONIC
493,2024-11-15 21:01:48+00:00,8.01,122.66,8,1.6,003 km N 04° W of Tampilisan (Zamboanga Del Norte),Ms,TECTONIC
494,2024-11-15 20:56:42+00:00,8.07,125.1,9,2.6,019 km N 03° E of City Of Valencia (Bukidnon),Ms,TECTONIC
495,2024-11-15 20:07:19+00:00,18.58,120.96,3,2.7,003 km N 61° W of Santa Praxedes (Cagayan),Ms,TECTONIC
496,2024-11-15 20:02:10+00:00,18.75,120.8,26,2.0,021 km N 02° E of Pagudpud (Ilocos Norte),Ms,TECTONIC
497,2024-11-15 18:58:14+00:00,15.36,119.85,29,1.8,011 km S 39° W of Palauig (Zambales),Ms,TECTONIC
498,2024-11-15 18:01:32+00:00,18.12,121.34,17,2.7,013 km S 38° W of Flora (Apayao),Ms,TECTONIC
499,2024-11-15 17:54:24+00:00,6.53,125.31,1,2.6,008 km S 24° W of Sulop (Davao Del Sur),Ms,TECTONIC
500,2024-11-15 17:50:24+00:00,5.35,126.5,15,4.2,114 km S 57° E of Jose Abad Santos (Davao Occidental),Ms,TECTONIC
501,2024-11-15 17:16:16+00:00,12.8,123.02,26,1.9,026 km S 66° W of Claveria (Masbate),Ms,TECTONIC
502,2024-11-15 16:18:43+00:00,16.12,119.7,17,2.1,011 km N 86° W of Agno (Pangasinan),Ms,TECTONIC
503,2024-11-15 15:41:11+00:00,4.65,125.27,27,4.2,086 km S 11° W of Balut Island (Municipality Of Sarangani) (Davao Occidental),Ms,TECTONIC
504,2024-11-15 15:27:35+00:00,4.78,125.26,33,4.6,073 km S 14° W of Balut Island (Municipality Of Sarangani) (Davao Occidental),Ms,TECTONIC
505,2024-11-15 13:32:01+00:00,5.67,126.43,103,2.9,091 km S 73° E of Jose Abad Santos (Davao Occidental),Ms,TECTONIC
506,2024-11-15 12:58:52+00:00,9.78,126.18,18,2.8,003 km S 83° E of General Luna (Surigao Del Norte),Ms,TECTONIC
507,2024-11-15 12:48:53+00:00,15.51,119.84,33,2.3,013 km S 78° W of Masinloc (Zambales),Ms,TECTONIC
508,2024-11-15 11:58:34+00:00,18.45,120.97,12,2.0,007 km S 76° E of Adams (Ilocos Norte),Ms,TECTONIC
509,2024-11-15 11:44:20+00:00,17.83,120.68,1,1.9,012 km N 13° W of Lagayan (Abra),Ms,TECTONIC
510,2024-11-15 11:38:57+00:00,15.39,119.77,19,4.0,015 km S 73° W of Palauig (Zambales),Ms,TECTONIC
511,2024-11-15 11:37:44+00:00,8.49,127.03,13,2.2,078 km N 80° E of Hinatuan (Surigao Del Sur),Ms,TECTONIC
512,2024-11-15 11:36:32+00:00,9.52,125.97,31,2.2,011 km S 05° E of Socorro (Surigao Del Norte),Ms,TECTONIC
513,2024-11-15 08:54:39+00:00,12.09,125.39,34,2.8,008 km S 42° W of Oras (Eastern Samar),Ml,TECTONIC
514,2024-11-15 07:37:45+00:00,8.28,124.19,33,1.7,011 km N 13° E of Linamon (Lanao Del Norte),Ms,TECTONIC
515,2024-11-15 07:23:20+00:00,10.09,126.08,8,2.8,008 km N 02° E of Burgos (Surigao Del Norte),Ms,TECTONIC
516,2024-11-15 06:51:49+00:00,11.41,122.2,2,3.0,014 km S 53° W of Libacao (Aklan),Ms,TECTONIC
517,2024-11-15 04:25:25+00:00,8.1,126.4,36,1.9,007 km N 16° W of Lingig (Surigao Del Sur),Ms,TECTONIC
518,2024-11-15 02:36:30+00:00,16.52,120.97,8,2.5,006 km S 73° W of Ambaguio (Nueva Vizcaya),Ms,TECTONIC
519,2024-11-15 02:26:25+00:00,10.36,126.32,17,1.6,046 km N 36° E of Burgos (Surigao Del Norte),Ms,TECTONIC
520,2024-11-15 01:26:43+00:00,18.19,121.15,32,1.6,013 km S 54° E of Calanasan (Apayao),Ms,TECTONIC
521,2024-11-15 01:19:54+00:00,12.35,120.85,34,1.6,018 km S 46° W of Rizal (Occidental Mindoro),Ms,TECTONIC
522,2024-11-15 01:19:18+00:00,9.92,126.28,15,2.8,020 km N 43° E of General Luna (Surigao Del Norte),Ms,TECTONIC
523,2024-11-15 00:59:44+00:00,12.87,123.18,7,1.6,008 km S 62° W of Claveria (Masbate),Ms,TECTONIC
524,2024-11-15 00:52:50+00:00,13.03,126.18,33,2.1,118 km N 59° E of Mapanas (Northern Samar),Ms,TECTONIC
525,2024-11-15 00:49:46+00:00,13.24,125.65,33,2.1,095 km N 27° E of Mapanas (Northern Samar),Ms,TECTONIC
526,2024-11-15 00:23:37+00:00,8.51,125.59,70,2.3,016 km N 88° W of San Luis (Agusan Del Sur),Ms,TECTONIC
527,2024-11-14 23:46:29+00:00,5.81,127.01,67,3.0,140 km S 48° E of Governor Generoso (Davao Oriental),Ms,TECTONIC
528,2024-11-14 23:34:49+00:00,8.47,125.76,51,2.3,004 km S 36° E of San Luis (Agusan Del Sur),Ms,TECTONIC
529,2024-11-14 22:29:46+00:00,6.01,126.9,15,2.8,116 km S 52° E of Governor Generoso (Davao Oriental),Ms,TECTONIC
530,2024-11-14 22:18:53+00:00,8.44,125.67,57,2.6,023 km N 39° W of La Paz (Agusan Del Sur),Ms,TECTONIC
531,2024-11-14 21:09:05+00:00,13.05,123.9,4,2.2,009 km S 19° E of Manito (Albay),Ms,TECTONIC
532,2024-11-14 20:43:15+00:00,11.29,124.59,1,2.0,006 km S 88° W of Capoocan (Leyte),Ms,TECTONIC
533,2024-11-14 20:36:01+00:00,13.35,123.63,34,1.4,009 km S 55° W of Malinao (Albay),Ms,TECTONIC
534,2024-11-14 20:34:48+00:00,13.13,123.95,25,2.1,024 km N 45° E of Castilla (Sorsogon),Ms,TECTONIC
535,2024-11-14 20:21:59+00:00,11.59,125.77,13,2.3,031 km N 66° E of Balangkayan (Eastern Samar),Ms,TECTONIC
536,2024-11-14 20:13:21+00:00,15.2,120.07,35,1.4,005 km N 24° E of Cabangan (Zambales),Ms,TECTONIC
537,2024-11-14 19:37:18+00:00,11.77,125.31,50,2.5,016 km N 83° W of San Julian (Eastern Samar),Ms,TECTONIC
538,2024-11-14 19:09:33+00:00,9.8,125.75,137,2.6,017 km S 33° E of Cagdianao (Dinagat Islands),Ms,TECTONIC
539,2024-11-14 18:44:42+00:00,10.43,125.55,54,2.9,008 km N 22° W of Loreto (Dinagat Islands),Ms,TECTONIC
540,2024-11-14 18:36:26+00:00,9.91,125.83,30,2.0,017 km S 84° E of Cagdianao (Dinagat Islands),Ms,TECTONIC
541,2024-11-14 18:28:18+00:00,10.82,122.96,20,1.5,007 km S 20° W of Enrique B. Magalona (Negros Occidental),Ms,TECTONIC
542,2024-11-14 18:22:52+00:00,13.07,123.97,4,1.9,024 km N 81° W of Prieto Diaz (Sorsogon),Ms,TECTONIC
543,2024-11-14 18:08:14+00:00,12.8,123.02,5,2.8,027 km S 65° W of Claveria (Masbate),Ms,TECTONIC
544,2024-11-14 17:37:15+00:00,13.03,123.89,1,2.2,010 km S 14° E of Manito (Albay),Ms,TECTONIC
545,2024-11-14 17:27:32+00:00,13.05,123.9,5,1.8,016 km N 61° W of City Of Sorsogon (Sorsogon),Ms,TECTONIC
546,2024-11-14 17:06:24+00:00,12.92,123.08,9,2.0,018 km N 85° W of Claveria (Masbate),Ms,TECTONIC
547,2024-11-14 16:28:02+00:00,8.07,123.14,8,2.8,020 km S 07° E of Siayan (Zamboanga Del Norte),Ms,TECTONIC
548,2024-11-14 15:58:50+00:00,15.54,120.77,30,1.5,013 km South of Guimba (Nueva Ecija),Ms,TECTONIC
549,2024-11-14 15:38:28+00:00,12.78,123.03,6,2.9,027 km S 60° W of Claveria (Masbate),Ms,TECTONIC
550,2024-11-14 15:27:44+00:00,6.31,126.47,28,3.3,058 km S 49° E of Governor Generoso (Davao Oriental),Ms,TECTONIC
551,2024-11-14 15:22:39+00:00,12.84,123.06,10,1.9,021 km S 70° W of Claveria (Masbate),Ms,TECTONIC
552,2024-11-14 14:57:48+00:00,12.79,123.01,12,4.3,029 km S 65° W of Claveria (Masbate),Ms,TECTONIC
553,2024-11-14 14:19:10+00:00,6.83,126.36,22,2.3,021 km S 51° E of City Of Mati (Davao Oriental),Ms,TECTONIC
554,2024-11-14 14:03:41+00:00,7.99,126.87,7,3.2,051 km S 83° E of Lingig (Surigao Del Sur),Ms,TECTONIC
555,2024-11-14 12:58:40+00:00,9.83,122.43,18,2.3,007 km N 02° E of City Of Sipalay (Negros Occidental),Ms,TECTONIC
556,2024-11-14 11:11:40+00:00,13.31,121.36,2,2.2,006 km S 78° E of Naujan (Oriental Mindoro),Ms,TECTONIC
557,2024-11-14 10:59:06+00:00,13.25,121.37,8,2.1,011 km S 41° E of Naujan (Oriental Mindoro),Ms,TECTONIC
558,2024-11-14 10:45:23+00:00,6.78,125.67,42,3.4,029 km S 78° E of Santa Cruz (Davao Del Sur),Ms,TECTONIC
559,2024-11-14 10:02:12+00:00,10.28,125.81,35,2.1,027 km S 69° E of Loreto (Dinagat Islands),Ms,TECTONIC
560,2024-11-14 08:53:50+00:00,11.81,124.25,1,2.0,012 km N 70° W of Maripipi (Biliran),Ms,TECTONIC
561,2024-11-14 08:22:30+00:00,14.09,120.34,111,2.3,032 km N 87° W of Nasugbu (Batangas),Ms,TECTONIC
562,2024-11-14 08:07:44+00:00,10.41,125.15,26,1.4,005 km N 73° W of Hinunangan (Southern Leyte),Ms,TECTONIC
563,2024-11-14 07:54:11+00:00,5.5,125.06,33,3.0,039 km S 23° W of Glan (Sarangani),Ms,TECTONIC
564,2024-11-14 07:03:56+00:00,13.25,122.17,1,2.0,012 km S 50° E of Torrijos (Marinduque),Ms,TECTONIC
565,2024-11-14 06:12:39+00:00,8.15,126.54,36,1.6,019 km N 50° E of Lingig (Surigao Del Sur),Ms,TECTONIC
566,2024-11-14 05:25:43+00:00,15.61,119.96,28,1.4,004 km S 56° E of Candelaria (Zambales),Ms,TECTONIC
567,2024-11-14 05:12:33+00:00,12.65,124.7,62,1.9,015 km N 21° W of Mondragon (Northern Samar),Ms,TECTONIC
568,2024-11-14 04:14:11+00:00,8.02,126.21,5,1.7,016 km S 83° E of Trento (Agusan Del Sur),Ms,TECTONIC
569,2024-11-14 02:36:35+00:00,13.05,123.91,5,2.2,010 km S 26° E of Manito (Albay),Ms,TECTONIC
570,2024-11-13 23:56:06+00:00,9.72,126.24,10,2.6,011 km S 55° E of General Luna (Surigao Del Norte),Ms,TECTONIC
571,2024-11-13 22:08:36+00:00,19.04,121.0,7,2.1,023 km S 70° W of Dalupiri Island (Calayan) (Cagayan),Ms,TECTONIC
572,2024-11-13 21:42:32+00:00,13.8,120.59,141,2.3,006 km S 51° W of Calatagan (Batangas),Ms,TECTONIC
573,2024-11-13 21:00:46+00:00,16.87,119.91,19,2.0,050 km N 71° W of Bacnotan (La Union),Ms,TECTONIC
574,2024-11-13 20:53:09+00:00,15.01,120.36,33,1.7,019 km N 36° W of Dinalupihan (Bataan),Ms,TECTONIC
575,2024-11-13 20:45:37+00:00,13.0,123.39,35,1.5,009 km S 58° W of Pio Duran (Albay),Ms,TECTONIC
576,2024-11-13 19:55:59+00:00,11.58,125.3,48,1.4,015 km S 79° W of City Of Borongan (Eastern Samar),Ms,TECTONIC
577,2024-11-13 19:51:23+00:00,11.34,124.58,20,1.7,012 km N 71° W of Carigara (Leyte),Ms,TECTONIC
578,2024-11-13 19:46:17+00:00,13.71,122.07,12,1.9,009 km S 13° W of Pitogo (Quezon),Ms,TECTONIC
579,2024-11-13 19:37:53+00:00,9.42,126.13,65,2.0,020 km N 60° E of Cantilan (Surigao Del Sur),Ms,TECTONIC
580,2024-11-13 18:43:07+00:00,8.74,122.75,27,2.1,045 km N 42° W of Jose Dalman (Zamboanga Del Norte),Ms,TECTONIC
581,2024-11-13 18:24:29+00:00,13.03,123.89,2,2.2,010 km S 15° E of Manito (Albay),Ms,TECTONIC
582,2024-11-13 18:11:42+00:00,6.43,125.75,161,4.3,016 km N 82° E of Malita (Davao Occidental),Ms,TECTONIC
583,2024-11-13 18:01:37+00:00,13.03,123.83,33,2.1,006 km N 34° E of Castilla (Sorsogon),Ms,TECTONIC
584,2024-11-13 17:53:55+00:00,13.03,123.88,1,2.9,011 km S 10° E of Manito (Albay),Ms,TECTONIC
585,2024-11-13 17:32:40+00:00,7.54,124.83,5,2.3,010 km S 54° W of Kadingilan (Bukidnon),Ms,TECTONIC
586,2024-11-13 17:17:13+00:00,13.07,123.92,65,1.8,008 km S 41° E of Manito (Albay),Ms,TECTONIC
587,2024-11-13 17:14:25+00:00,13.05,123.92,6,2.4,014 km N 54° W of City Of Sorsogon (Sorsogon),Ms,TECTONIC
588,2024-11-13 17:12:11+00:00,13.06,123.95,32,1.9,011 km S 51° E of Manito (Albay),Ms,TECTONIC
589,2024-11-13 16:34:19+00:00,5.13,124.76,30,2.3,085 km S 18° W of Maasim (Sarangani),Ms,TECTONIC
590,2024-11-13 16:11:08+00:00,8.86,126.1,1,2.7,011 km S 35° E of San Miguel (Surigao Del Sur),Ms,TECTONIC
591,2024-11-13 15:28:36+00:00,7.8,126.92,12,2.3,046 km N 57° E of Baganga (Davao Oriental),Ms,TECTONIC
592,2024-11-13 14:45:54+00:00,5.55,125.4,9,2.5,012 km N 41° W of Sarangani Island (Municipality Of Sarangani) (Davao Occidental),Ms,TECTONIC
593,2024-11-13 14:08:02+00:00,6.27,126.57,32,2.7,069 km S 52° E of Governor Generoso (Davao Oriental),Ms,TECTONIC
594,2024-11-13 14:07:08+00:00,9.48,126.66,35,2.1,056 km N 67° E of Cortes (Surigao Del Sur),Ms,TECTONIC
595,2024-11-13 13:57:05+00:00,5.25,127.25,1,3.3,199 km S 65° E of Jose Abad Santos (Davao Occidental),Ms,TECTONIC
596,2024-11-13 12:36:33+00:00,6.77,123.6,1,3.7,057 km S 54° W of Datu Blah T. Sinsuat (Maguindanao Del Norte),Ms,TECTONIC
597,2024-11-13 03:38:26+00:00,9.76,126.06,16,1.6,001 km East of Dapa (Surigao Del Norte),Ms,TECTONIC
598,2024-11-13 03:20:26+00:00,9.97,126.03,15,3.2,007 km S 41° W of Burgos (Surigao Del Norte),Ms,TECTONIC
599,2024-11-13 03:10:41+00:00,5.71,125.6,185,3.2,023 km S 13° W of Jose Abad Santos (Davao Occidental),Ms,TECTONIC
600,2024-11-13 03:10:18+00:00,10.32,126.35,30,1.7,045 km N 42° E of Burgos (Surigao Del Norte),Ms,TECTONIC
601,2024-11-13 01:40:54+00:00,15.1,120.02,66,3.1,007 km S 29° W of Cabangan (Zambales),Ms,TECTONIC
602,2024-11-13 00:10:59+00:00,6.75,126.67,115,2.0,042 km S 36° E of Tarragona (Davao Oriental),Ms,TECTONIC
603,2024-11-12 22:34:09+00:00,12.86,120.45,29,1.9,039 km S 49° W of Santa Cruz (Occidental Mindoro),Ms,TECTONIC
604,2024-11-12 22:28:39+00:00,5.79,124.22,464,3.9,043 km S 45° W of Maitum (Sarangani),Ms,TECTONIC
605,2024-11-12 22:25:06+00:00,13.24,123.81,12,2.8,003 km N 80° E of Santo Domingo (Albay),ML,VOLCANO-TECTONIC
606,2024-11-12 22:14:11+00:00,18.97,120.69,1,2.4,046 km N 13° W of Pagudpud (Ilocos Norte),Ms,TECTONIC
607,2024-11-12 22:09:51+00:00,15.24,119.78,17,2.0,024 km S 65° W of Iba (Zambales),Ms,TECTONIC
608,2024-11-12 19:54:53+00:00,9.73,126.16,33,1.9,006 km S 01° E of General Luna (Surigao Del Norte),Ms,TECTONIC
609,2024-11-12 19:33:24+00:00,8.61,127.17,1,3.6,095 km N 74° E of Hinatuan (Surigao Del Sur),Ms,TECTONIC
610,2024-11-12 19:25:23+00:00,7.85,122.96,33,1.6,014 km S 89° W of Lakewood (Zamboanga Del Sur),Ms,TECTONIC
611,2024-11-12 18:35:22+00:00,13.05,124.45,18,2.6,028 km N 88° E of Prieto Diaz (Sorsogon),Ms,TECTONIC
612,2024-11-12 18:19:18+00:00,8.27,126.62,17,3.5,033 km S 72° E of Hinatuan (Surigao Del Sur),Ms,TECTONIC
613,2024-11-12 16:16:02+00:00,8.52,122.72,33,2.3,034 km N 76° W of Jose Dalman (Zamboanga Del Norte),Ms,TECTONIC
614,2024-11-12 16:12:17+00:00,13.05,123.93,28,1.5,010 km S 42° E of Manito (Albay),Ms,TECTONIC
615,2024-11-12 15:46:35+00:00,19.54,120.26,2,2.5,111 km N 64° W of Dalupiri Island (Calayan) (Cagayan),Ms,TECTONIC
616,2024-11-12 14:56:25+00:00,7.55,124.94,1,2.6,006 km S 66° W of Kibawe (Bukidnon),Ms,TECTONIC
617,2024-11-12 14:44:03+00:00,11.31,124.6,2,2.8,005 km N 61° W of Capoocan (Leyte),Ms,TECTONIC
618,2024-11-12 13:13:36+00:00,13.01,123.78,30,1.2,004 km N 27° W of Castilla (Sorsogon),Ms,TECTONIC
619,2024-11-12 13:06:17+00:00,7.18,126.8,24,2.4,029 km S 83° E of Manay (Davao Oriental),Ms,TECTONIC
620,2024-11-12 12:51:45+00:00,2.13,126.51,83,4.1,383 km S 18° E of Balut Island (Municipality Of Sarangani) (Davao Occidental),Ms,TECTONIC
621,2024-11-12 12:23:33+00:00,18.33,120.82,33,1.8,018 km S 31° W of Adams (Ilocos Norte),Ms,TECTONIC
622,2024-11-12 12:23:05+00:00,9.18,125.65,14,3.0,014 km S 49° E of Santiago (Agusan Del Norte),Ms,TECTONIC
623,2024-11-12 12:16:26+00:00,12.88,120.88,42,2.4,012 km N 68° E of Sablayan (Occidental Mindoro),Ms,TECTONIC
624,2024-11-12 11:41:27+00:00,17.07,120.9,7,2.3,002 km S 10° W of Sagada (Mountain Province),Ms,TECTONIC
625,2024-11-12 11:31:16+00:00,7.65,126.65,23,3.0,013 km N 53° E of Baganga (Davao Oriental),Ms,TECTONIC
626,2024-11-12 11:26:18+00:00,7.17,126.77,155,2.9,025 km S 81° E of Manay (Davao Oriental),Ms,TECTONIC
627,2024-11-12 11:24:11+00:00,13.0,123.83,34,1.9,004 km N 56° E of Castilla (Sorsogon),Ms,TECTONIC
628,2024-11-12 10:59:29+00:00,13.03,123.92,1,2.6,011 km S 27° E of Manito (Albay),Ms,TECTONIC
629,2024-11-12 10:44:48+00:00,5.0,126.01,4,2.9,079 km S 48° E of Sarangani Island (Municipality Of Sarangani) (Davao Occidental),Ms,TECTONIC
630,2024-11-12 10:16:47+00:00,7.95,127.21,12,3.0,083 km N 60° E of Baganga (Davao Oriental),Ms,TECTONIC
631,2024-11-12 09:11:02+00:00,5.12,126.23,3,3.6,096 km S 70° E of Balut Island (Municipality Of Sarangani) (Davao Occidental),Ms,TECTONIC
632,2024-11-12 08:47:05+00:00,12.99,123.78,18,1.9,002 km N 61° W of Castilla (Sorsogon),Ms,TECTONIC
633,2024-11-12 06:57:59+00:00,12.75,121.14,31,2.0,029 km N 47° E of Calintaan (Occidental Mindoro),Ms,TECTONIC
634,2024-11-12 06:38:21+00:00,8.79,126.58,41,1.7,031 km S 89° E of Marihatag (Surigao Del Sur),Ms,TECTONIC
635,2024-11-12 06:29:23+00:00,5.75,126.4,120,3.0,086 km S 78° E of Jose Abad Santos (Davao Occidental),Ms,TECTONIC
636,2024-11-12 06:19:32+00:00,13.12,121.23,2,2.1,008 km S 43° W of Victoria (Oriental Mindoro),Ms,TECTONIC
637,2024-11-12 06:10:25+00:00,6.46,124.7,7,2.6,004 km N 37° E of Santo Niño (South Cotabato),Ms,TECTONIC
638,2024-11-12 05:22:24+00:00,15.23,122.65,31,1.5,069 km N 30° E of Jomalig (Quezon),Ms,TECTONIC
639,2024-11-12 04:56:27+00:00,4.72,125.72,159,2.4,084 km S 24° E of Balut Island (Municipality Of Sarangani) (Davao Occidental),Ms,TECTONIC
640,2024-11-12 03:44:01+00:00,9.77,126.59,46,1.8,048 km S 88° E of General Luna (Surigao Del Norte),Ms,TECTONIC
641,2024-11-12 03:17:01+00:00,5.04,126.6,136,2.6,133 km S 69° E of Sarangani Island (Municipality Of Sarangani) (Davao Occidental),Ms,TECTONIC
642,2024-11-12 01:39:05+00:00,7.89,126.57,34,1.4,017 km N 48° E of Cateel (Davao Oriental),Ms,TECTONIC
643,2024-11-12 01:23:29+00:00,5.34,126.39,19,3.5,103 km S 82° E of Sarangani Island (Municipality Of Sarangani) (Davao Occidental),Ms,TECTONIC
644,2024-11-12 00:29:32+00:00,17.0,119.23,31,3.2,098 km N 46° W of Bolinao (Pangasinan),Ms,TECTONIC
645,2024-11-11 23:18:00+00:00,14.18,120.39,114,1.9,029 km N 65° W of Nasugbu (Batangas),Ms,TECTONIC
646,2024-11-11 20:56:52+00:00,5.77,126.91,68,3.0,135 km S 44° E of Governor Generoso (Davao Oriental),Ms,TECTONIC
647,2024-11-11 20:53:47+00:00,14.79,119.87,17,1.9,030 km S 54° W of San Antonio (Zambales),Ms,TECTONIC
648,2024-11-11 20:44:33+00:00,11.27,124.58,7,3.1,007 km S 72° W of Capoocan (Leyte),Ms,TECTONIC
649,2024-11-11 19:40:15+00:00,13.77,124.16,12,2.0,020 km N 19° E of San Andres (Catanduanes),Ms,TECTONIC
650,2024-11-11 18:56:55+00:00,14.88,121.45,8,1.7,023 km N 53° W of General Nakar (Quezon),Ms,TECTONIC
651,2024-11-11 18:32:52+00:00,11.16,123.82,26,1.8,003 km N 78° E of Santa Fe (Cebu),Ms,TECTONIC
652,2024-11-11 18:23:59+00:00,6.06,125.54,31,2.1,020 km N 35° W of Jose Abad Santos (Davao Occidental),Ms,TECTONIC
653,2024-11-11 18:03:47+00:00,8.62,126.27,36,1.6,015 km S 21° E of San Agustin (Surigao Del Sur),Ms,TECTONIC
654,2024-11-11 18:02:32+00:00,17.02,120.24,20,2.6,023 km S 71° W of Santa Cruz (Ilocos Sur),Ms,TECTONIC
655,2024-11-11 17:43:41+00:00,15.02,119.85,32,2.0,025 km S 79° W of San Felipe (Zambales),Ms,TECTONIC
656,2024-11-11 17:14:36+00:00,8.44,126.84,4,2.2,056 km N 81° E of Hinatuan (Surigao Del Sur),Ms,TECTONIC
657,2024-11-11 16:47:16+00:00,8.37,126.86,2,1.9,057 km N 90° E of Hinatuan (Surigao Del Sur),Ms,TECTONIC
658,2024-11-11 16:45:22+00:00,14.89,121.48,9,2.1,020 km N 46° W of General Nakar (Quezon),Ms,TECTONIC
659,2024-11-11 16:10:21+00:00,5.31,126.06,138,3.9,068 km S 74° E of Sarangani Island (Municipality Of Sarangani) (Davao Occidental),Ms,TECTONIC
660,2024-11-11 16:00:29+00:00,16.49,120.56,3,1.6,005 km N 38° W of La Trinidad (Benguet),Ms,TECTONIC
661,2024-11-11 15:31:43+00:00,6.66,126.66,69,2.2,049 km S 29° E of Tarragona (Davao Oriental),Ms,TECTONIC
662,2024-11-11 15:25:14+00:00,14.85,120.34,139,3.4,012 km S 75° E of Subic (Zambales),Ms,TECTONIC
663,2024-11-11 14:46:02+00:00,7.54,126.14,26,2.0,000 km S 18° W of New Bataan (Davao De Oro),Ms,TECTONIC
664,2024-11-11 14:21:27+00:00,13.8,125.4,33,2.3,109 km N 89° E of Gigmoto (Catanduanes),Ms,TECTONIC
665,2024-11-11 14:13:09+00:00,17.34,121.5,20,2.3,012 km N 74° W of Quezon (Isabela),Ms,TECTONIC
666,2024-11-11 13:50:42+00:00,12.88,124.71,22,2.2,041 km N 06° W of Mondragon (Northern Samar),Ms,TECTONIC
667,2024-11-11 13:41:55+00:00,8.07,122.71,11,1.9,007 km S 35° E of Liloy (Zamboanga Del Norte),Ms,TECTONIC
668,2024-11-11 13:21:27+00:00,8.83,126.04,6,2.7,013 km S 01° W of San Miguel (Surigao Del Sur),Ms,TECTONIC
669,2024-11-11 13:11:42+00:00,10.11,125.04,10,3.7,007 km S 37° E of Malitbog (Southern Leyte),Ms,TECTONIC
670,2024-11-11 12:38:27+00:00,17.59,120.75,1,2.5,003 km S 31° E of Lagangilang (Abra),Ms,TECTONIC
671,2024-11-11 12:06:11+00:00,9.7,126.2,32,2.0,010 km S 28° E of General Luna (Surigao Del Norte),Ms,TECTONIC
672,2024-11-11 12:01:30+00:00,17.92,120.18,17,2.0,030 km N 79° W of Sinait (Ilocos Sur),Ms,TECTONIC
673,2024-11-11 10:08:27+00:00,13.19,124.29,31,1.8,017 km N 89° E of Rapu-rapu (Albay),Ms,TECTONIC
674,2024-11-11 08:31:23+00:00,8.91,126.52,21,1.7,024 km S 87° E of Cagwait (Surigao Del Sur),Ms,TECTONIC
675,2024-11-11 08:18:04+00:00,12.46,123.66,3,1.9,010 km N 23° E of City Of Masbate (Masbate),Ms,TECTONIC
676,2024-11-11 07:54:17+00:00,6.64,126.92,162,2.3,065 km S 47° E of Tarragona (Davao Oriental),Ms,TECTONIC
677,2024-11-11 04:50:54+00:00,13.52,120.38,25,2.2,026 km S 32° E of Looc (Occidental Mindoro),Ms,TECTONIC
678,2024-11-11 04:39:16+00:00,12.23,120.5,3,2.2,041 km N 51° E of Coron (Palawan),Ms,TECTONIC
679,2024-11-11 01:33:30+00:00,6.87,123.78,1,2.3,034 km S 50° W of Datu Blah T. Sinsuat (Maguindanao Del Norte),Ms,TECTONIC
680,2024-11-11 00:14:11+00:00,5.29,126.19,52,2.8,082 km S 76° E of Sarangani Island (Municipality Of Sarangani) (Davao Occidental),Ms,TECTONIC
681,2024-11-11 00:03:53+00:00,18.83,120.72,13,2.5,031 km N 14° W of Pagudpud (Ilocos Norte),Ms,TECTONIC
682,2024-11-10 23:57:17+00:00,18.39,120.89,1,1.9,008 km S 11° W of Adams (Ilocos Norte),Ms,TECTONIC
683,2024-11-10 23:18:39+00:00,8.42,126.65,29,2.0,034 km N 81° E of Hinatuan (Surigao Del Sur),Ms,TECTONIC
684,2024-11-10 21:58:08+00:00,7.95,127.0,9,3.0,063 km N 74° E of Cateel (Davao Oriental),Ms,TECTONIC
685,2024-11-10 20:50:01+00:00,7.94,124.59,9,2.0,020 km N 31° W of Amai Manabilang (Lanao Del Sur),Ms,TECTONIC
686,2024-11-10 20:34:22+00:00,6.2,124.51,1,2.0,015 km N 07° E of Maitum (Sarangani),Ms,TECTONIC
687,2024-11-10 20:15:11+00:00,12.81,123.07,22,1.9,022 km S 61° W of Claveria (Masbate),Ms,TECTONIC
688,2024-11-10 19:29:52+00:00,9.29,126.37,7,2.8,020 km N 86° E of Cortes (Surigao Del Sur),Ms,TECTONIC
689,2024-11-10 19:28:03+00:00,17.73,119.26,20,3.3,118 km N 83° W of Santa Catalina (Ilocos Sur),Ms,TECTONIC
690,2024-11-10 19:20:06+00:00,9.94,125.78,3,3.5,012 km N 85° E of Cagdianao (Dinagat Islands),Ms,TECTONIC
691,2024-11-10 18:41:06+00:00,12.69,124.77,31,1.5,019 km N 06° E of Mondragon (Northern Samar),Ms,TECTONIC
692,2024-11-10 18:40:36+00:00,13.89,120.48,113,2.0,018 km N 68° W of Calatagan (Batangas),Ms,TECTONIC
693,2024-11-10 18:26:37+00:00,17.88,120.74,6,2.9,009 km S 63° E of Nueva Era (Ilocos Norte),Ms,TECTONIC
694,2024-11-10 18:24:20+00:00,5.93,126.75,57,3.4,110 km S 43° E of Governor Generoso (Davao Oriental),Ms,TECTONIC
695,2024-11-10 18:19:29+00:00,12.65,123.43,1,2.1,025 km N 88° W of Monreal (Masbate),Ms,TECTONIC
696,2024-11-10 18:09:05+00:00,10.75,124.01,4,2.8,001 km N 82° E of Sogod (Cebu),Ms,TECTONIC
697,2024-11-10 17:33:19+00:00,8.76,126.43,29,2.2,015 km S 75° E of Marihatag (Surigao Del Sur),Ms,TECTONIC
698,2024-11-10 17:20:52+00:00,14.81,121.32,12,3.9,020 km N 66° E of Rodriguez (Rizal),Ms,TECTONIC
699,2024-11-10 16:44:01+00:00,13.49,124.1,32,1.5,017 km S 55° W of Virac (Catanduanes),Ms,TECTONIC
700,2024-11-10 16:14:24+00:00,10.97,124.14,7,2.1,013 km N 73° E of Tabogon (Cebu),Ms,TECTONIC
701,2024-11-10 16:00:27+00:00,17.83,120.64,3,2.1,010 km S 13° W of Nueva Era (Ilocos Norte),Ms,TECTONIC
702,2024-11-10 15:59:42+00:00,9.25,125.89,18,2.0,009 km S 80° W of Madrid (Surigao Del Sur),Ms,TECTONIC
703,2024-11-10 15:14:37+00:00,12.81,124.67,27,1.9,035 km N 06° E of Catarman (Northern Samar),Ms,TECTONIC
704,2024-11-10 14:35:18+00:00,13.85,120.19,28,1.4,007 km S 85° E of Lubang (Occidental Mindoro),Ms,TECTONIC
705,2024-11-10 13:54:58+00:00,11.9,125.09,27,2.1,016 km N 27° E of Paranas (Samar),Ms,TECTONIC
706,2024-11-10 13:36:33+00:00,10.34,126.3,14,2.6,043 km N 35° E of Burgos (Surigao Del Norte),Ms,TECTONIC
707,2024-11-10 13:11:18+00:00,2.06,126.38,2,3.9,386 km S 16° E of Balut Island (Municipality Of Sarangani) (Davao Occidental),Ms,TECTONIC
708,2024-11-10 12:50:11+00:00,10.33,126.3,10,3.0,042 km N 36° E of Burgos (Surigao Del Norte),Ms,TECTONIC
709,2024-11-10 12:23:01+00:00,8.01,126.67,33,1.6,029 km S 84° E of Lingig (Surigao Del Sur),Ms,TECTONIC
710,2024-11-10 12:21:54+00:00,9.53,126.28,20,1.6,031 km S 26° E of General Luna (Surigao Del Norte),Ms,TECTONIC
711,2024-11-10 12:09:25+00:00,7.62,126.12,22,2.2,008 km N 12° W of New Bataan (Davao De Oro),Ms,TECTONIC
712,2024-11-10 11:49:35+00:00,9.81,122.25,13,3.2,020 km N 77° W of City Of Sipalay (Negros Occidental),Ms,TECTONIC
713,2024-11-10 11:25:33+00:00,13.09,124.58,41,2.0,042 km N 82° E of Prieto Diaz (Sorsogon),Ms,TECTONIC
714,2024-11-10 11:20:19+00:00,9.86,125.75,1,3.3,011 km S 48° E of Cagdianao (Dinagat Islands),Ms,TECTONIC
715,2024-11-10 11:16:51+00:00,8.93,126.47,22,2.8,018 km N 86° E of Cagwait (Surigao Del Sur),Ms,TECTONIC
716,2024-11-10 10:43:49+00:00,9.19,125.88,24,2.6,012 km S 53° W of Madrid (Surigao Del Sur),Ms,TECTONIC
717,2024-11-10 10:39:24+00:00,9.67,126.75,19,2.2,066 km S 79° E of General Luna (Surigao Del Norte),Ms,TECTONIC
718,2024-11-10 09:17:07+00:00,11.62,122.11,15,1.6,023 km N 66° W of Madalag (Aklan),Ms,TECTONIC
719,2024-11-10 09:06:05+00:00,12.81,124.77,30,2.0,032 km N 32° W of Pambujan (Northern Samar),Ms,TECTONIC
720,2024-11-10 07:08:30+00:00,8.89,122.94,1,2.7,049 km S 10° E of Santa Catalina (Negros Oriental),Ms,TECTONIC
721,2024-11-10 06:15:50+00:00,17.73,120.5,25,1.8,019 km N 41° W of Bangued (Abra),Ms,TECTONIC
722,2024-11-10 04:47:13+00:00,12.75,123.14,7,2.3,020 km S 34° W of Claveria (Masbate),Ms,TECTONIC
723,2024-11-10 04:39:23+00:00,13.56,120.91,9,2.0,008 km N 39° W of Puerto Galera (Oriental Mindoro),Ms,TECTONIC
724,2024-11-10 03:51:30+00:00,8.83,126.29,15,2.0,004 km N 11° W of Marihatag (Surigao Del Sur),Ms,TECTONIC
725,2024-11-10 02:35:21+00:00,8.25,126.72,31,2.3,041 km N 55° E of Lingig (Surigao Del Sur),Ms,TECTONIC
726,2024-11-10 01:16:34+00:00,12.12,120.93,22,1.4,030 km S 31° W of San Jose (Occidental Mindoro),Ms,TECTONIC
727,2024-11-10 01:08:07+00:00,5.78,125.76,100,2.5,020 km S 41° E of Jose Abad Santos (Davao Occidental),Ms,TECTONIC
728,2024-11-10 01:00:50+00:00,5.81,126.93,16,3.2,133 km S 45° E of Governor Generoso (Davao Oriental),Ms,TECTONIC
729,2024-11-10 00:58:58+00:00,4.58,126.52,1,4.2,152 km S 53° E of Balut Island (Municipality Of Sarangani) (Davao Occidental),Ms,TECTONIC
730,2024-11-10 00:51:15+00:00,19.22,120.92,2,3.0,033 km N 67° W of Dalupiri Island (Calayan) (Cagayan),Ms,TECTONIC
731,2024-11-10 00:29:36+00:00,17.82,120.77,2,2.2,012 km N 24° W of Tineg (Abra),Ms,TECTONIC
732,2024-11-10 00:20:24+00:00,13.69,122.73,1,3.0,016 km S 25° W of Ragay (Camarines Sur),Ms,TECTONIC
733,2024-11-10 00:16:48+00:00,12.94,124.54,25,2.0,035 km N 34° E of Biri (Northern Samar),Ms,TECTONIC
734,2024-11-10 00:07:03+00:00,11.36,125.79,9,3.1,019 km N 85° E of Hernani (Eastern Samar),Ms,TECTONIC
735,2024-11-10 00:02:01+00:00,9.1,126.29,34,1.5,011 km N 36° E of Tago (Surigao Del Sur),Ms,TECTONIC
736,2024-11-09 23:13:57+00:00,12.99,124.34,33,2.0,016 km S 70° E of Prieto Diaz (Sorsogon),Ms,TECTONIC
737,2024-11-09 23:01:39+00:00,7.2,123.54,33,2.2,033 km S 26° E of Tabina (Zamboanga Del Sur),Ms,TECTONIC
738,2024-11-09 23:00:21+00:00,2.44,126.84,160,4.0,364 km S 26° E of Balut Island (Municipality Of Sarangani) (Davao Occidental),Ms,TECTONIC
739,2024-11-09 22:50:26+00:00,16.94,120.61,18,2.7,012 km S 65° E of Suyo (Ilocos Sur),Ms,TECTONIC
740,2024-11-09 21:46:11+00:00,9.87,125.81,33,2.2,016 km S 67° E of Cagdianao (Dinagat Islands),Ms,TECTONIC
741,2024-11-09 21:45:01+00:00,17.88,120.65,1,2.3,004 km S 24° W of Nueva Era (Ilocos Norte),Ms,TECTONIC
742,2024-11-09 20:58:10+00:00,9.26,126.35,13,2.6,017 km S 83° E of Cortes (Surigao Del Sur),Ms,TECTONIC
743,2024-11-09 20:47:39+00:00,12.74,123.05,1,2.8,028 km S 50° W of Claveria (Masbate),Ms,TECTONIC
744,2024-11-09 20:45:36+00:00,9.23,126.09,1,2.3,004 km S 85° E of Lanuza (Surigao Del Sur),Ms,TECTONIC
745,2024-11-09 20:33:47+00:00,9.3,126.28,2,2.7,010 km N 76° E of Cortes (Surigao Del Sur),Ms,TECTONIC
746,2024-11-09 20:07:10+00:00,13.28,119.81,48,2.0,069 km S 44° W of Looc (Occidental Mindoro),Ms,TECTONIC
747,2024-11-09 19:23:25+00:00,9.85,126.28,33,1.8,015 km N 60° E of General Luna (Surigao Del Norte),Ms,TECTONIC
748,2024-11-09 19:16:03+00:00,16.3,122.25,12,2.4,013 km N 79° E of Casiguran (Aurora),Ms,TECTONIC
749,2024-11-09 19:03:16+00:00,13.53,120.86,1,2.4,011 km N 72° W of Puerto Galera (Oriental Mindoro),Ms,TECTONIC
750,2024-11-09 18:55:59+00:00,8.16,126.76,9,1.3,040 km N 70° E of Lingig (Surigao Del Sur),Ms,TECTONIC
751,2024-11-09 18:54:27+00:00,8.07,125.89,31,2.0,007 km N 86° W of Veruela (Agusan Del Sur),Ms,TECTONIC
752,2024-11-09 18:14:20+00:00,6.52,127.19,44,3.4,101 km S 54° E of Tarragona (Davao Oriental),Ms,TECTONIC
753,2024-11-09 17:24:43+00:00,8.4,125.95,9,2.2,006 km N 65° W of Rosario (Agusan Del Sur),Ms,TECTONIC
754,2024-11-09 17:09:19+00:00,13.61,120.82,23,2.4,008 km S 43° W of Tingloy (Batangas),Ms,TECTONIC
755,2024-11-09 16:57:05+00:00,13.52,120.69,2,2.5,009 km N 22° W of Abra De Ilog (Occidental Mindoro),Ms,TECTONIC
756,2024-11-09 16:52:17+00:00,12.86,123.18,11,2.0,009 km S 56° W of Claveria (Masbate),Ms,TECTONIC
757,2024-11-09 16:15:26+00:00,19.13,121.15,9,3.0,006 km N 62° W of Dalupiri Island (Calayan) (Cagayan),Ms,TECTONIC
758,2024-11-09 16:10:35+00:00,16.59,119.75,28,2.1,027 km N 35° W of Bolinao (Pangasinan),Ms,TECTONIC
759,2024-11-09 16:02:11+00:00,8.43,126.6,17,2.2,030 km N 76° E of Hinatuan (Surigao Del Sur),Ms,TECTONIC
760,2024-11-09 15:45:02+00:00,19.27,121.22,22,2.5,018 km N 06° E of Dalupiri Island (Calayan) (Cagayan),Ms,TECTONIC
761,2024-11-09 14:14:52+00:00,16.5,120.87,4,2.0,004 km N 69° E of Bokod (Benguet),Ms,TECTONIC
762,2024-11-09 13:56:51+00:00,16.03,119.82,28,2.0,013 km S 71° W of Mabini (Pangasinan),Ms,TECTONIC
763,2024-11-09 13:21:35+00:00,9.54,124.01,5,2.9,006 km S 05° E of Loay (Bohol),Ms,TECTONIC
764,2024-11-09 13:19:04+00:00,9.73,126.57,4,2.3,046 km S 82° E of General Luna (Surigao Del Norte),Ms,TECTONIC
765,2024-11-09 13:02:23+00:00,12.79,123.19,3,1.8,014 km S 26° W of Claveria (Masbate),Ms,TECTONIC
766,2024-11-09 12:34:46+00:00,2.46,126.77,102,3.9,359 km S 25° E of Balut Island (Municipality Of Sarangani) (Davao Occidental),Ms,TECTONIC
767,2024-11-09 12:34:00+00:00,6.69,125.98,70,2.5,011 km N 69° W of Governor Generoso (Davao Oriental),unspecified,unspecified
768,2024-11-09 12:27:02+00:00,10.75,125.22,33,1.5,023 km N 88° E of Abuyog (Leyte),Ms,TECTONIC
769,2024-11-09 11:10:35+00:00,8.51,126.74,7,2.1,046 km N 71° E of Hinatuan (Surigao Del Sur),Ms,TECTONIC
770,2024-11-09 11:09:17+00:00,8.51,126.88,1,3.0,062 km N 75° E of Hinatuan (Surigao Del Sur),Ms,TECTONIC
771,2024-11-09 11:05:33+00:00,8.48,126.86,1,3.9,059 km N 78° E of Hinatuan (Surigao Del Sur),Ms,TECTONIC
772,2024-11-09 09:01:20+00:00,13.65,119.78,17,1.9,044 km S 58° W of Lubang (Occidental Mindoro),Ms,TECTONIC
773,2024-11-09 08:23:16+00:00,5.77,126.16,67,3.1,059 km S 75° E of Jose Abad Santos (Davao Occidental),Ms,TECTONIC
774,2024-11-09 07:55:57+00:00,14.95,122.62,2,4.0,041 km N 48° E of Jomalig (Quezon),Ms,TECTONIC
775,2024-11-09 07:13:41+00:00,16.26,122.37,15,2.4,023 km S 50° E of Dilasag (Aurora),Ms,TECTONIC
776,2024-11-09 06:35:23+00:00,6.02,126.28,117,3.0,068 km S 73° E of Don Marcelino (Davao Occidental),Ms,TECTONIC
777,2024-11-09 06:24:55+00:00,17.78,120.53,5,2.4,009 km S 77° E of Cabugao (Ilocos Sur),Ms,TECTONIC
778,2024-11-09 06:03:38+00:00,7.94,126.77,54,1.8,039 km N 65° E of Cateel (Davao Oriental),Ms,TECTONIC
779,2024-11-09 05:45:07+00:00,10.18,126.07,20,1.4,018 km N 02° W of Burgos (Surigao Del Norte),Ms,TECTONIC
780,2024-11-09 05:39:20+00:00,9.99,126.17,34,2.1,011 km S 75° E of Burgos (Surigao Del Norte),Ms,TECTONIC
781,2024-11-09 05:21:02+00:00,15.75,119.81,19,2.4,011 km S 80° W of Santa Cruz (Zambales),Ms,TECTONIC
782,2024-11-09 05:00:31+00:00,12.9,124.33,27,1.6,022 km S 45° E of Prieto Diaz (Sorsogon),Ms,TECTONIC
783,2024-11-09 03:29:18+00:00,8.07,127.08,5,3.0,073 km N 88° E of Lingig (Surigao Del Sur),Ms,TECTONIC
784,2024-11-09 01:42:06+00:00,10.08,126.08,21,1.9,007 km N 02° E of Burgos (Surigao Del Norte),Ms,TECTONIC
785,2024-11-09 01:20:40+00:00,10.01,126.03,22,2.6,017 km N 23° E of Del Carmen (Surigao Del Norte),Ms,TECTONIC
786,2024-11-09 01:15:47+00:00,10.21,126.16,31,1.7,024 km N 25° E of Burgos (Surigao Del Norte),Ms,TECTONIC
787,2024-11-09 01:12:40+00:00,10.17,126.09,14,4.3,017 km N 06° E of Burgos (Surigao Del Norte),Ms,TECTONIC
788,2024-11-09 01:08:53+00:00,7.93,126.99,1,2.3,060 km N 75° E of Cateel (Davao Oriental),Ms,TECTONIC
789,2024-11-09 00:49:28+00:00,5.54,127.44,127,3.4,195 km S 51° E of Governor Generoso (Davao Oriental),Ms,TECTONIC
790,2024-11-09 00:48:40+00:00,13.52,120.52,46,4.1,013 km N 29° E of Paluan (Occidental Mindoro),Ms,TECTONIC
791,2024-11-09 00:12:44+00:00,15.3,120.33,5,3.6,024 km S 36° W of San Jose (Tarlac),Ms,TECTONIC
792,2024-11-09 00:05:03+00:00,17.79,120.59,8,2.0,013 km N 37° W of Danglas (Abra),Ms,TECTONIC
793,2024-11-09 00:01:19+00:00,17.82,120.6,2,3.3,013 km S 34° W of Nueva Era (Ilocos Norte),Ms,TECTONIC
794,2024-11-08 23:38:27+00:00,9.36,126.51,15,2.3,036 km N 74° E of Cortes (Surigao Del Sur),Ms,TECTONIC
795,2024-11-08 22:21:18+00:00,17.86,120.64,1,2.6,006 km S 34° W of Nueva Era (Ilocos Norte),Ms,TECTONIC
796,2024-11-08 21:45:59+00:00,10.03,124.2,7,2.2,010 km N 15° W of Danao (Bohol),Ms,TECTONIC
797,2024-11-08 21:35:35+00:00,8.03,126.63,20,2.3,024 km S 87° E of Lingig (Surigao Del Sur),Ms,TECTONIC
798,2024-11-08 21:33:23+00:00,6.51,125.2,40,2.1,014 km S 25° W of Kiblawan (Davao Del Sur),Ms,TECTONIC
799,2024-11-08 20:47:57+00:00,7.9,127.52,24,4.1,112 km N 71° E of Baganga (Davao Oriental),Ms,TECTONIC
800,2024-11-08 20:00:26+00:00,8.56,126.72,8,3.1,047 km N 63° E of Hinatuan (Surigao Del Sur),Ms,TECTONIC
801,2024-11-08 19:57:23+00:00,6.56,126.42,26,2.7,039 km S 75° E of Governor Generoso (Davao Oriental),Ms,TECTONIC
802,2024-11-08 19:19:43+00:00,12.43,120.78,6,3.6,020 km S 80° W of Rizal (Occidental Mindoro),Ms,TECTONIC
803,2024-11-08 19:15:25+00:00,12.5,123.65,5,1.8,012 km N 81° W of San Fernando (Masbate),Ms,TECTONIC
804,2024-11-08 18:56:49+00:00,13.15,121.39,32,1.7,006 km N 78° W of Pola (Oriental Mindoro),Ms,TECTONIC
805,2024-11-08 18:32:50+00:00,13.11,121.15,2,2.4,016 km S 62° W of Victoria (Oriental Mindoro),Ms,TECTONIC
806,2024-11-08 18:12:58+00:00,13.12,121.2,4,2.3,010 km S 55° W of Victoria (Oriental Mindoro),Ms,TECTONIC
807,2024-11-08 18:08:08+00:00,10.49,126.14,21,2.1,053 km N 08° E of Burgos (Surigao Del Norte),Ms,TECTONIC
808,2024-11-08 17:59:04+00:00,5.16,125.98,57,3.5,066 km S 58° E of Sarangani Island (Municipality Of Sarangani) (Davao Occidental),Ms,TECTONIC
809,2024-11-08 17:55:02+00:00,9.2,126.24,21,1.8,010 km S 32° E of Cortes (Surigao Del Sur),Ms,TECTONIC
810,2024-11-08 17:44:39+00:00,9.65,126.24,20,1.8,018 km S 32° E of General Luna (Surigao Del Norte),Ms,TECTONIC
811,2024-11-08 17:28:51+00:00,9.72,126.33,27,2.5,020 km S 70° E of General Luna (Surigao Del Norte),Ms,TECTONIC
812,2024-11-08 17:19:07+00:00,8.18,126.71,20,2.0,037 km N 65° E of Lingig (Surigao Del Sur),Ms,TECTONIC
813,2024-11-08 17:15:51+00:00,19.19,121.13,2,2.8,012 km N 41° W of Dalupiri Island (Calayan) (Cagayan),Ms,TECTONIC
814,2024-11-08 17:15:48+00:00,13.22,121.37,1,2.3,012 km N 42° W of Pola (Oriental Mindoro),Ms,TECTONIC
815,2024-11-08 17:15:17+00:00,5.04,125.51,28,3.2,042 km S 14° E of Balut Island (Municipality Of Sarangani) (Davao Occidental),Ms,TECTONIC
816,2024-11-08 17:14:54+00:00,15.69,119.71,22,2.2,023 km S 69° W of Santa Cruz (Zambales),Ms,TECTONIC
817,2024-11-08 16:39:53+00:00,13.04,121.13,3,2.7,022 km S 46° W of Victoria (Oriental Mindoro),Ms,TECTONIC
818,2024-11-08 16:35:22+00:00,6.55,126.42,24,2.3,040 km S 73° E of Governor Generoso (Davao Oriental),Ms,TECTONIC
819,2024-11-08 16:25:50+00:00,13.57,121.42,17,2.4,024 km S 70° E of Lobo (Batangas),Ms,TECTONIC
820,2024-11-08 16:23:55+00:00,9.9,125.8,2,3.4,015 km S 81° E of Cagdianao (Dinagat Islands),Ms,TECTONIC
821,2024-11-08 16:17:06+00:00,9.19,126.65,13,3.5,048 km N 59° E of Bayabas (Surigao Del Sur),Ms,TECTONIC
822,2024-11-08 16:12:06+00:00,8.47,126.27,116,2.9,013 km N 33° W of Hinatuan (Surigao Del Sur),Ms,TECTONIC
823,2024-11-08 15:03:46+00:00,13.59,120.56,36,1.5,025 km N 48° W of Abra De Ilog (Occidental Mindoro),Ms,TECTONIC
824,2024-11-08 14:46:28+00:00,10.26,122.56,28,1.6,029 km S 05° E of Nueva Valencia (Guimaras),Ms,TECTONIC
825,2024-11-08 14:42:24+00:00,16.21,122.18,37,1.9,025 km N 73° E of Dinalungan (Aurora),Ms,TECTONIC
826,2024-11-08 14:25:20+00:00,14.7,120.0,21,2.0,029 km N 86° W of Morong (Bataan),Ms,TECTONIC
827,2024-11-08 13:53:59+00:00,14.98,122.63,12,1.4,046 km N 46° E of Jomalig (Quezon),Ms,TECTONIC
828,2024-11-08 13:44:38+00:00,8.17,126.64,30,2.1,029 km N 61° E of Lingig (Surigao Del Sur),Ms,TECTONIC
829,2024-11-08 13:17:14+00:00,13.67,120.31,17,2.3,009 km S 50° E of Looc (Occidental Mindoro),Ms,TECTONIC
830,2024-11-08 12:50:36+00:00,8.86,126.2,31,2.3,013 km S 61° W of Cagwait (Surigao Del Sur),Ms,TECTONIC
831,2024-11-08 11:36:46+00:00,7.15,123.71,31,2.9,035 km N 75° W of Datu Blah T. Sinsuat (Maguindanao Del Norte),Ms,TECTONIC
832,2024-11-08 11:14:18+00:00,12.8,125.23,12,2.2,031 km N 23° E of Palapag (Northern Samar),Ms,TECTONIC
833,2024-11-08 10:57:16+00:00,13.11,121.21,5,2.1,010 km S 47° W of Victoria (Oriental Mindoro),Ms,TECTONIC
834,2024-11-08 10:06:07+00:00,12.76,123.13,9,3.1,020 km S 39° W of Claveria (Masbate),Ms,TECTONIC
835,2024-11-08 09:49:47+00:00,9.1,126.33,28,2.0,015 km N 18° E of Bayabas (Surigao Del Sur),Ms,TECTONIC
836,2024-11-08 08:25:06+00:00,18.65,120.86,19,2.3,012 km N 36° E of Pagudpud (Ilocos Norte),Ms,TECTONIC
837,2024-11-08 08:02:15+00:00,7.49,127.08,22,2.6,058 km S 81° E of Baganga (Davao Oriental),Ms,TECTONIC
838,2024-11-08 06:25:01+00:00,11.77,125.25,26,1.9,022 km N 69° E of Hinabangan (Samar),Ms,TECTONIC
839,2024-11-08 05:40:01+00:00,12.79,123.16,8,2.3,016 km S 37° W of Claveria (Masbate),Ms,TECTONIC
840,2024-11-08 05:33:14+00:00,9.31,126.23,32,1.8,006 km N 40° E of Cortes (Surigao Del Sur),Ms,TECTONIC
841,2024-11-08 05:18:33+00:00,12.72,123.11,5,3.2,025 km S 37° W of Claveria (Masbate),Ms,TECTONIC
842,2024-11-08 04:01:18+00:00,8.11,126.48,29,2.3,010 km N 43° E of Lingig (Surigao Del Sur),Ms,TECTONIC
843,2024-11-08 03:43:21+00:00,12.7,123.14,19,1.9,025 km S 29° W of Claveria (Masbate),Ms,TECTONIC
844,2024-11-08 01:53:45+00:00,9.38,126.23,34,1.7,013 km N 20° E of Cortes (Surigao Del Sur),Ms,TECTONIC
845,2024-11-08 00:21:37+00:00,10.81,124.63,9,1.4,007 km N 83° E of Pilar (Cebu),Ms,TECTONIC
846,2024-11-08 00:14:21+00:00,6.03,126.06,106,2.9,048 km N 75° E of Jose Abad Santos (Davao Occidental),Ms,TECTONIC
847,2024-11-07 23:43:34+00:00,13.77,119.82,19,3.2,034 km S 73° W of Lubang (Occidental Mindoro),Ms,TECTONIC
848,2024-11-07 23:27:31+00:00,10.95,121.88,29,1.7,013 km N 71° W of Patnongon (Antique),Ms,TECTONIC
849,2024-11-07 23:10:46+00:00,13.88,120.42,24,1.6,025 km N 46° E of Looc (Occidental Mindoro),Ms,TECTONIC
850,2024-11-07 22:56:16+00:00,13.6,120.31,123,1.9,015 km S 28° E of Looc (Occidental Mindoro),Ms,TECTONIC
851,2024-11-07 21:40:46+00:00,16.16,121.91,29,1.7,005 km N 64° W of Dinalungan (Aurora),Ms,TECTONIC
852,2024-11-07 21:39:41+00:00,12.76,123.12,11,2.4,021 km S 40° W of Claveria (Masbate),Ms,TECTONIC
853,2024-11-07 20:36:25+00:00,10.37,125.15,9,1.7,007 km S 61° W of Hinunangan (Southern Leyte),Ms,TECTONIC
854,2024-11-07 20:11:08+00:00,12.94,123.23,5,2.1,004 km N 24° W of Claveria (Masbate),Ms,TECTONIC
855,2024-11-07 20:02:31+00:00,17.21,120.78,28,2.4,008 km S 46° E of Tubo (Abra),Ms,TECTONIC
856,2024-11-07 19:47:41+00:00,8.73,126.3,24,1.8,008 km S 04° E of Marihatag (Surigao Del Sur),Ms,TECTONIC
857,2024-11-07 18:18:00+00:00,12.77,123.08,17,1.6,023 km S 50° W of Claveria (Masbate),Ms,TECTONIC
858,2024-11-07 18:13:53+00:00,12.74,123.05,5,1.8,028 km S 51° W of Claveria (Masbate),Ms,TECTONIC
859,2024-11-07 17:56:35+00:00,9.83,126.6,15,2.4,049 km N 84° E of General Luna (Surigao Del Norte),Ms,TECTONIC
860,2024-11-07 17:34:01+00:00,8.19,126.42,28,1.4,012 km S 79° E of City Of Bislig (Surigao Del Sur),Ms,TECTONIC
861,2024-11-07 17:30:01+00:00,9.7,126.22,22,1.6,011 km S 39° E of General Luna (Surigao Del Norte),Ms,TECTONIC
862,2024-11-07 17:01:12+00:00,12.77,123.1,19,3.6,022 km S 48° W of Claveria (Masbate),Ms,TECTONIC
863,2024-11-07 16:49:00+00:00,14.9,122.56,1,1.8,033 km N 48° E of Jomalig (Quezon),Ms,TECTONIC
864,2024-11-07 16:48:10+00:00,9.41,126.27,15,3.4,017 km N 33° E of Cortes (Surigao Del Sur),Ms,TECTONIC
865,2024-11-07 16:47:06+00:00,13.07,124.57,38,1.6,041 km N 86° E of Prieto Diaz (Sorsogon),Ms,TECTONIC
866,2024-11-07 16:45:15+00:00,5.66,126.69,66,2.8,119 km S 77° E of Jose Abad Santos (Davao Occidental),Ms,TECTONIC
867,2024-11-07 16:35:51+00:00,8.23,123.2,24,1.6,009 km S 79° E of Siayan (Zamboanga Del Norte),Ms,TECTONIC
868,2024-11-07 15:18:28+00:00,5.46,124.45,27,2.5,061 km S 19° W of Kiamba (Sarangani),Ms,TECTONIC
869,2024-11-07 15:14:28+00:00,5.95,126.53,14,2.7,093 km S 33° E of Governor Generoso (Davao Oriental),Ms,TECTONIC
870,2024-11-07 14:43:04+00:00,9.91,125.49,32,1.3,013 km N 03° W of City Of Surigao (Surigao Del Norte),Ms,TECTONIC
871,2024-11-07 13:43:51+00:00,10.48,126.21,19,2.4,053 km N 16° E of Burgos (Surigao Del Norte),Ms,TECTONIC
872,2024-11-07 13:43:40+00:00,13.35,121.74,21,2.2,015 km S 48° W of Boac (Marinduque),Ms,TECTONIC
873,2024-11-07 13:42:44+00:00,13.87,120.44,75,1.2,021 km N 79° W of Calatagan (Batangas),Ms,TECTONIC
874,2024-11-07 13:35:27+00:00,8.01,127.25,19,3.6,090 km N 58° E of Baganga (Davao Oriental),Ms,TECTONIC
875,2024-11-07 13:21:14+00:00,8.07,126.52,29,1.8,013 km N 74° E of Lingig (Surigao Del Sur),Ms,TECTONIC
876,2024-11-07 13:01:32+00:00,13.38,120.94,1,1.9,011 km S 52° W of San Teodoro (Oriental Mindoro),Ms,TECTONIC
877,2024-11-07 12:07:42+00:00,8.06,127.14,10,3.5,081 km N 89° E of Lingig (Surigao Del Sur),Ms,TECTONIC
878,2024-11-07 12:01:11+00:00,8.03,127.27,24,3.4,094 km S 90° E of Lingig (Surigao Del Sur),Ms,TECTONIC
879,2024-11-07 10:53:48+00:00,9.87,124.64,29,1.9,013 km N 87° E of Mabini (Bohol),Ms,TECTONIC
880,2024-11-07 10:18:51+00:00,6.13,126.36,103,3.1,066 km S 29° E of Governor Generoso (Davao Oriental),Ms,TECTONIC
881,2024-11-07 10:05:51+00:00,5.14,124.83,15,2.4,072 km S 65° W of Balut Island (Municipality Of Sarangani) (Davao Occidental),Ms,TECTONIC
882,2024-11-07 09:36:21+00:00,7.86,126.98,8,2.4,055 km N 56° E of Baganga (Davao Oriental),Ms,TECTONIC
883,2024-11-07 09:19:00+00:00,7.97,126.26,34,1.6,018 km S 66° W of Lingig (Surigao Del Sur),Ms,TECTONIC
884,2024-11-07 08:59:02+00:00,7.98,126.26,6,2.7,018 km N 46° W of Boston (Davao Oriental),Ms,TECTONIC
885,2024-11-07 07:42:57+00:00,10.68,126.63,25,2.6,095 km N 40° E of Burgos (Surigao Del Norte),Ms,TECTONIC
886,2024-11-07 03:49:19+00:00,7.93,126.82,13,2.6,043 km N 68° E of Cateel (Davao Oriental),Ms,TECTONIC
887,2024-11-07 03:39:21+00:00,7.07,125.46,12,2.2,027 km N 10° E of Santa Cruz (Davao Del Sur),Ms,TECTONIC
888,2024-11-07 00:12:17+00:00,12.91,123.24,6,2.0,001 km N 63° W of Claveria (Masbate),Ms,TECTONIC
889,2024-11-06 22:01:38+00:00,13.12,120.3,3,2.3,037 km S 28° W of Paluan (Occidental Mindoro),Ms,TECTONIC
890,2024-11-06 21:58:00+00:00,3.51,126.57,140,3.9,246 km S 31° E of Balut Island (Municipality Of Sarangani) (Davao Occidental),Ms,TECTONIC
891,2024-11-06 21:53:48+00:00,13.39,120.19,20,2.3,030 km S 84° W of Paluan (Occidental Mindoro),Ms,TECTONIC
892,2024-11-06 21:46:34+00:00,9.53,122.89,10,2.9,023 km S 10° W of Mabinay (Negros Oriental),Ms,TECTONIC
893,2024-11-06 21:14:15+00:00,13.42,120.13,19,2.6,036 km N 89° W of Paluan (Occidental Mindoro),Ms,TECTONIC
894,2024-11-06 20:44:22+00:00,9.88,125.62,29,1.4,017 km N 54° E of City Of Surigao (Surigao Del Norte),Ms,TECTONIC
895,2024-11-06 18:39:36+00:00,8.2,125.99,5,2.2,003 km N 22° W of Bunawan (Agusan Del Sur),Ms,TECTONIC
896,2024-11-06 18:15:14+00:00,5.85,122.02,102,2.3,036 km S 47° E of Tongkil (Sulu),Ms,TECTONIC
897,2024-11-06 18:01:05+00:00,8.06,126.23,33,1.6,019 km N 83° E of Trento (Agusan Del Sur),Ms,TECTONIC
898,2024-11-06 18:00:06+00:00,12.75,123.03,5,1.4,029 km S 54° W of Claveria (Masbate),Ms,TECTONIC
899,2024-11-06 16:11:42+00:00,10.25,125.39,6,1.9,014 km S 78° E of Anahawan (Southern Leyte),Ms,TECTONIC
900,2024-11-06 15:45:09+00:00,12.91,124.23,103,2.1,011 km N 59° E of Barcelona (Sorsogon),Ms,TECTONIC
901,2024-11-06 15:40:17+00:00,17.34,120.53,34,1.3,004 km N 75° E of Burgos (Ilocos Sur),Ms,TECTONIC
902,2024-11-06 15:04:20+00:00,10.42,123.18,6,2.4,006 km N 52° W of City Of Canlaon (Negros Oriental),ML,VOLCANO-TECTONIC
903,2024-11-06 14:48:45+00:00,13.65,124.23,24,1.7,008 km North of Virac (Catanduanes),Ms,TECTONIC
904,2024-11-06 14:02:42+00:00,8.04,126.58,18,1.4,018 km S 90° E of Lingig (Surigao Del Sur),Ms,TECTONIC
905,2024-11-06 13:33:05+00:00,12.78,123.08,10,2.2,023 km S 53° W of Claveria (Masbate),Ms,TECTONIC
906,2024-11-06 11:49:33+00:00,8.56,126.57,7,2.0,034 km N 50° E of Hinatuan (Surigao Del Sur),Ms,TECTONIC
907,2024-11-06 11:47:03+00:00,10.92,123.19,11,1.2,008 km S 60° E of Manapla (Negros Occidental),Ms,TECTONIC
908,2024-11-06 11:35:51+00:00,12.86,123.15,22,2.0,012 km S 66° W of Claveria (Masbate),Ms,TECTONIC
909,2024-11-06 11:11:18+00:00,12.76,123.08,7,2.3,024 km S 48° W of Claveria (Masbate),Ms,TECTONIC
910,2024-11-06 10:54:06+00:00,5.77,127.34,26,2.8,171 km S 55° E of Governor Generoso (Davao Oriental),Ms,TECTONIC
911,2024-11-06 10:46:59+00:00,15.05,120.21,7,2.5,014 km N 74° E of San Narciso (Zambales),Ms,TECTONIC
912,2024-11-06 10:38:58+00:00,12.78,123.1,10,2.4,021 km S 49° W of Claveria (Masbate),Ms,TECTONIC
913,2024-11-06 10:36:27+00:00,12.76,123.07,11,4.3,025 km S 50° W of Claveria (Masbate),Mw,TECTONIC
914,2024-11-06 10:34:02+00:00,12.8,123.11,15,4.2,018 km S 53° W of Claveria (Masbate),Ms,TECTONIC
915,2024-11-06 10:23:48+00:00,12.28,123.87,10,2.3,010 km N 05° E of Dimasalang (Masbate),Ms,TECTONIC
916,2024-11-06 10:20:41+00:00,7.96,126.62,14,2.2,026 km N 43° E of Cateel (Davao Oriental),Ms,TECTONIC
917,2024-11-06 09:46:35+00:00,5.68,125.29,1,2.4,019 km S 32° E of Glan (Sarangani),Ms,TECTONIC
918,2024-11-06 09:43:09+00:00,13.03,124.26,31,1.6,008 km S 79° E of Prieto Diaz (Sorsogon),Ms,TECTONIC
919,2024-11-06 07:52:46+00:00,8.05,126.65,18,2.1,026 km N 86° E of Lingig (Surigao Del Sur),Ms,TECTONIC
920,2024-11-06 07:05:14+00:00,8.77,126.48,32,2.5,020 km S 80° E of Marihatag (Surigao Del Sur),Ms,TECTONIC
921,2024-11-06 06:55:03+00:00,8.02,124.25,33,1.6,002 km N 55° E of Piagapo (Lanao Del Sur),Ms,TECTONIC
922,2024-11-06 06:26:51+00:00,8.99,125.81,25,2.3,025 km N 78° W of San Miguel (Surigao Del Sur),Ms,TECTONIC
923,2024-11-06 06:18:44+00:00,18.33,120.76,1,2.3,015 km East of Pasuquin (Ilocos Norte),Ms,TECTONIC
924,2024-11-06 05:50:41+00:00,4.74,125.79,16,4.0,084 km S 29° E of Balut Island (Municipality Of Sarangani) (Davao Occidental),Ms,TECTONIC
925,2024-11-06 03:38:08+00:00,8.05,126.22,35,1.6,021 km S 31° W of City Of Bislig (Surigao Del Sur),Ms,TECTONIC
926,2024-11-06 02:11:44+00:00,8.21,125.99,3,2.6,003 km N 08° W of Bunawan (Agusan Del Sur),Ms,TECTONIC
927,2024-11-05 23:30:36+00:00,9.49,124.02,10,1.9,012 km S 04° E of Loay (Bohol),Ms,TECTONIC
928,2024-11-05 22:39:19+00:00,9.82,126.07,33,1.6,006 km S 31° W of Pilar (Surigao Del Norte),Ms,TECTONIC
929,2024-11-05 21:39:09+00:00,9.54,124.01,1,2.6,006 km S 03° E of Loay (Bohol),Ms,TECTONIC
930,2024-11-05 21:01:59+00:00,9.37,126.1,21,1.9,015 km N 43° W of Cortes (Surigao Del Sur),Ms,TECTONIC
931,2024-11-05 20:03:56+00:00,11.77,125.22,10,2.7,022 km N 54° E of Hinabangan (Samar),Ms,TECTONIC
932,2024-11-05 19:29:14+00:00,11.53,124.38,7,3.3,004 km S 29° W of Naval (Biliran),Ms,TECTONIC
933,2024-11-05 19:26:22+00:00,7.92,125.57,9,2.8,026 km N 41° W of San Isidro (Davao Del Norte),Ms,TECTONIC
934,2024-11-05 19:01:52+00:00,9.58,124.01,33,1.7,002 km S 12° W of Loay (Bohol),Ms,TECTONIC
935,2024-11-05 18:55:13+00:00,9.2,126.71,11,2.4,053 km N 62° E of Bayabas (Surigao Del Sur),Ms,TECTONIC
936,2024-11-05 18:47:47+00:00,7.72,124.83,4,3.0,010 km S 77° E of Kalilangan (Bukidnon),Ms,TECTONIC
937,2024-11-05 18:14:33+00:00,9.04,122.53,24,4.2,043 km S 16° W of Basay (Negros Oriental),Ms,TECTONIC
938,2024-11-05 17:38:14+00:00,5.86,125.92,132,2.3,031 km S 79° E of Jose Abad Santos (Davao Occidental),Ms,TECTONIC
939,2024-11-05 17:30:00+00:00,13.59,123.67,35,1.4,014 km N 05° W of Tiwi (Albay),Ms,TECTONIC
940,2024-11-05 16:24:17+00:00,9.54,126.25,19,1.8,028 km S 22° E of General Luna (Surigao Del Norte),Ms,TECTONIC
941,2024-11-05 16:03:57+00:00,7.54,126.23,5,2.8,011 km S 86° E of New Bataan (Davao De Oro),Ms,TECTONIC
942,2024-11-05 15:41:07+00:00,9.16,126.49,20,2.4,031 km N 47° E of Bayabas (Surigao Del Sur),Ms,TECTONIC
943,2024-11-05 14:54:25+00:00,11.54,124.84,10,2.1,001 km N 28° E of Talalora (Samar),Ms,TECTONIC
944,2024-11-05 14:06:30+00:00,9.99,126.26,19,2.1,020 km S 82° E of Burgos (Surigao Del Norte),Ms,TECTONIC
945,2024-11-05 13:50:59+00:00,16.34,120.94,3,2.2,006 km S 69° E of Kayapa (Nueva Vizcaya),Ms,TECTONIC
946,2024-11-05 12:56:24+00:00,13.89,120.25,37,2.2,014 km N 77° E of Lubang (Occidental Mindoro),Ms,TECTONIC
947,2024-11-05 12:43:10+00:00,13.26,121.37,31,1.8,010 km S 44° E of Naujan (Oriental Mindoro),Ms,TECTONIC
948,2024-11-05 12:37:09+00:00,8.04,126.97,10,2.5,061 km N 90° E of Lingig (Surigao Del Sur),Ms,TECTONIC
949,2024-11-05 09:20:07+00:00,9.78,125.99,33,1.8,008 km N 72° W of Dapa (Surigao Del Norte),Ms,TECTONIC
950,2024-11-05 07:23:20+00:00,9.43,126.3,30,1.7,021 km N 37° E of Cortes (Surigao Del Sur),Ms,TECTONIC
951,2024-11-05 07:17:26+00:00,15.3,119.4,19,2.7,057 km S 75° W of Palauig (Zambales),Ms,TECTONIC
952,2024-11-05 07:04:52+00:00,6.31,124.72,10,3.7,008 km S 27° W of Surallah (South Cotabato),Ms,TECTONIC
953,2024-11-05 06:43:56+00:00,9.82,124.93,5,2.5,020 km S 55° W of Limasawa (Southern Leyte),Ms,TECTONIC
954,2024-11-05 06:15:05+00:00,9.68,125.3,26,1.9,014 km N 58° W of Malimono (Surigao Del Norte),Ms,TECTONIC
955,2024-11-05 05:17:23+00:00,9.1,126.08,23,1.8,010 km N 75° W of City Of Tandag (Surigao Del Sur),Ms,TECTONIC
956,2024-11-05 04:20:34+00:00,14.36,121.43,32,1.2,008 km S 04° E of Mabitac (Laguna),Ms,TECTONIC
957,2024-11-05 04:20:15+00:00,14.37,121.43,32,1.5,006 km S 04° W of Mabitac (Laguna),Ms,TECTONIC
958,2024-11-05 04:18:07+00:00,8.01,126.18,1,3.0,013 km S 76° E of Trento (Agusan Del Sur),Ms,TECTONIC
959,2024-11-05 04:11:28+00:00,16.32,122.14,17,2.0,005 km N 24° E of Casiguran (Aurora),Ms,TECTONIC
960,2024-11-05 03:23:14+00:00,14.94,120.12,28,1.4,006 km S 39° W of San Marcelino (Zambales),Ms,TECTONIC
961,2024-11-05 02:53:09+00:00,13.73,120.28,26,1.5,003 km N 73° E of Looc (Occidental Mindoro),Ms,TECTONIC
962,2024-11-05 01:59:18+00:00,15.3,120.33,27,2.1,025 km S 36° W of San Jose (Tarlac),Ms,TECTONIC
963,2024-11-05 01:58:43+00:00,16.31,122.31,17,1.5,020 km N 79° E of Casiguran (Aurora),Ms,TECTONIC
964,2024-11-05 01:53:03+00:00,9.85,122.24,20,2.8,024 km N 66° W of City Of Sipalay (Negros Occidental),Ms,TECTONIC
965,2024-11-05 01:51:47+00:00,16.26,122.33,9,2.6,022 km S 86° E of Casiguran (Aurora),Ms,TECTONIC
966,2024-11-05 01:51:21+00:00,16.3,122.13,11,1.3,003 km N 11° E of Casiguran (Aurora),Ms,TECTONIC
967,2024-11-05 01:48:46+00:00,16.29,122.36,12,4.2,020 km S 55° E of Dilasag (Aurora),Mw,TECTONIC
968,2024-11-05 01:46:08+00:00,16.28,122.35,11,3.2,024 km N 89° E of Casiguran (Aurora),Ms,TECTONIC
969,2024-11-05 01:04:39+00:00,15.1,121.98,4,2.9,026 km N 43° E of Panukulan (Quezon),Ms,TECTONIC
970,2024-11-05 00:57:34+00:00,10.75,124.95,33,1.6,005 km S 25° E of Javier (Leyte),Ms,TECTONIC
971,2024-11-04 23:58:15+00:00,10.77,122.41,33,2.1,002 km S 69° E of Leon (Iloilo),Ms,TECTONIC
972,2024-11-04 23:12:15+00:00,8.8,126.51,33,1.4,024 km N 89° E of Marihatag (Surigao Del Sur),Ms,TECTONIC
973,2024-11-04 21:59:10+00:00,8.6,126.61,27,1.7,040 km N 49° E of Hinatuan (Surigao Del Sur),Ms,TECTONIC
974,2024-11-04 21:09:50+00:00,9.28,126.15,32,1.6,005 km N 83° W of Cortes (Surigao Del Sur),Ms,TECTONIC
975,2024-11-04 21:05:04+00:00,16.3,122.06,13,1.7,007 km N 73° W of Casiguran (Aurora),Ms,TECTONIC
976,2024-11-04 20:24:11+00:00,5.54,126.49,1,3.1,102 km S 66° E of Jose Abad Santos (Davao Occidental),Ms,TECTONIC
977,2024-11-04 20:22:30+00:00,8.05,126.23,33,1.1,018 km N 85° E of Trento (Agusan Del Sur),Ms,TECTONIC
978,2024-11-04 19:56:53+00:00,8.06,126.24,33,1.3,019 km N 82° E of Trento (Agusan Del Sur),Ms,TECTONIC
979,2024-11-04 19:48:36+00:00,9.58,122.36,9,3.2,011 km S 78° W of Hinoba-an (Negros Occidental),Ms,TECTONIC
980,2024-11-04 19:45:33+00:00,11.46,122.17,13,2.4,013 km N 72° E of Culasi (Antique),Ms,TECTONIC
981,2024-11-04 19:36:49+00:00,13.72,120.93,8,1.8,003 km S 30° W of Mabini (Batangas),Ms,TECTONIC
982,2024-11-04 19:27:08+00:00,5.67,126.3,15,3.1,078 km S 69° E of Jose Abad Santos (Davao Occidental),Ms,TECTONIC
983,2024-11-04 19:02:52+00:00,9.93,122.72,1,2.3,012 km S 63° E of Cauayan (Negros Occidental),Ms,TECTONIC
984,2024-11-04 18:57:52+00:00,9.52,122.18,10,3.8,033 km S 74° W of Hinoba-an (Negros Occidental),Ms,TECTONIC
985,2024-11-04 18:53:13+00:00,9.52,122.18,11,2.8,032 km S 74° W of Hinoba-an (Negros Occidental),Ms,TECTONIC
986,2024-11-04 18:37:00+00:00,14.94,122.6,5,2.0,040 km N 47° E of Jomalig (Quezon),Ms,TECTONIC
987,2024-11-04 18:03:32+00:00,17.53,122.3,27,1.9,018 km N 22° E of Maconacon (Isabela),Ms,TECTONIC
988,2024-11-04 17:28:53+00:00,17.84,120.48,1,2.1,004 km S 43° E of Sinait (Ilocos Sur),Ms,TECTONIC
989,2024-11-04 17:21:25+00:00,9.0,126.51,16,2.6,025 km N 81° E of Bayabas (Surigao Del Sur),Ms,TECTONIC
990,2024-11-04 17:17:00+00:00,6.66,126.44,31,2.1,040 km S 37° E of City Of Mati (Davao Oriental),Ms,TECTONIC
991,2024-11-04 16:57:44+00:00,10.28,123.2,27,1.9,012 km S 09° W of City Of Canlaon (Negros Oriental),ML,VOLCANIC
992,2024-11-04 16:36:52+00:00,7.31,122.02,1,1.7,005 km N 67° W of Sibuco (Zamboanga Del Norte),Ms,TECTONIC
993,2024-11-04 16:36:29+00:00,4.89,126.39,106,3.2,121 km S 58° E of Sarangani Island (Municipality Of Sarangani) (Davao Occidental),Ms,TECTONIC
994,2024-11-04 16:14:03+00:00,13.2,124.66,33,1.5,043 km N 76° E of Prieto Diaz (Sorsogon),Ms,TECTONIC
995,2024-11-04 16:06:20+00:00,9.55,126.09,35,2.0,016 km S 60° E of Socorro (Surigao Del Norte),Ms,TECTONIC
996,2024-11-04 15:45:16+00:00,5.68,127.23,33,3.0,168 km S 50° E of Governor Generoso (Davao Oriental),Ms,TECTONIC
997,2024-11-04 15:30:23+00:00,5.77,126.89,39,3.2,134 km S 43° E of Governor Generoso (Davao Oriental),Ms,TECTONIC
998,2024-11-04 14:48:27+00:00,10.02,122.21,27,2.2,037 km N 40° W of City Of Sipalay (Negros Occidental),Ms,TECTONIC
999,2024-11-04 13:39:32+00:00,8.06,126.25,32,1.8,018 km S 22° W of City Of Bislig (Surigao Del Sur),Ms,TECTONIC
1000,2024-11-04 12:18:43+00:00,6.28,126.95,28,2.7,101 km S 33° E of Tarragona (Davao Oriental),Ms,TECTONIC
1001,2024-11-04 11:42:23+00:00,10.05,126.35,6,3.4,031 km N 84° E of Burgos (Surigao Del Norte),Ms,TECTONIC
1002,2024-11-04 10:53:29+00:00,10.37,122.45,3,1.4,020 km S 28° W of Nueva Valencia (Guimaras),Ms,TECTONIC
1003,2024-11-04 10:11:57+00:00,10.24,125.21,1,2.2,006 km S 53° W of Anahawan (Southern Leyte),Ms,TECTONIC
1004,2024-11-04 10:07:05+00:00,10.25,125.19,1,3.4,002 km S 45° E of San Juan (Southern Leyte),Ms,TECTONIC
1005,2024-11-04 09:02:22+00:00,8.01,126.21,1,1.8,016 km S 81° E of Trento (Agusan Del Sur),Ms,TECTONIC
1006,2024-11-04 08:32:29+00:00,8.05,126.18,8,4.6,030 km N 46° W of Boston (Davao Oriental),Mw,TECTONIC
1007,2024-11-04 08:20:55+00:00,16.26,120.82,11,2.5,017 km N 48° W of Santa Fe (Nueva Vizcaya),Ms,TECTONIC
1008,2024-11-04 07:57:28+00:00,13.84,120.41,81,3.6,022 km N 53° E of Looc (Occidental Mindoro),Ms,TECTONIC
1009,2024-11-04 07:53:26+00:00,13.84,120.44,77,3.8,025 km N 56° E of Looc (Occidental Mindoro),Ms,TECTONIC
1010,2024-11-04 04:45:46+00:00,12.88,123.15,7,1.2,011 km S 78° W of Claveria (Masbate),Ms,TECTONIC
1011,2024-11-04 03:43:36+00:00,11.76,125.51,37,1.7,006 km N 87° E of San Julian (Eastern Samar),Ms,TECTONIC
1012,2024-11-04 03:40:46+00:00,13.01,124.64,27,2.4,047 km N 40° E of Biri (Northern Samar),Ms,TECTONIC
1013,2024-11-04 03:13:54+00:00,14.85,121.44,7,1.5,022 km N 63° W of General Nakar (Quezon),Ms,TECTONIC
1014,2024-11-04 01:56:31+00:00,18.85,121.08,36,2.9,027 km North of Claveria (Cagayan),Ms,TECTONIC
1015,2024-11-04 01:29:18+00:00,14.26,124.87,41,2.8,072 km N 61° E of Bagamanoc (Catanduanes),Ms,TECTONIC
1016,2024-11-04 01:26:18+00:00,9.67,123.58,10,1.7,008 km S 59° E of Alcoy (Cebu),Ms,TECTONIC
1017,2024-11-03 23:57:58+00:00,13.13,121.22,1,2.3,008 km S 57° W of Victoria (Oriental Mindoro),Ms,TECTONIC
1018,2024-11-03 23:17:53+00:00,13.12,121.22,6,2.1,009 km S 47° W of Victoria (Oriental Mindoro),Ms,TECTONIC
1019,2024-11-03 23:14:17+00:00,13.09,121.19,2,2.2,013 km S 46° W of Victoria (Oriental Mindoro),Ms,TECTONIC
1020,2024-11-03 23:07:58+00:00,6.43,126.9,173,3.5,085 km S 36° E of Tarragona (Davao Oriental),Ms,TECTONIC
1021,2024-11-03 23:05:29+00:00,13.1,121.18,2,2.5,014 km S 55° W of Victoria (Oriental Mindoro),Ms,TECTONIC
1022,2024-11-03 22:25:32+00:00,8.1,126.8,23,2.0,043 km N 81° E of Lingig (Surigao Del Sur),Ms,TECTONIC
1023,2024-11-03 22:19:33+00:00,19.42,121.34,2,2.6,023 km N 41° W of Calayan (Cagayan),Ms,TECTONIC
1024,2024-11-03 22:08:38+00:00,8.64,126.69,29,2.4,053 km S 77° E of San Agustin (Surigao Del Sur),Ms,TECTONIC
1025,2024-11-03 21:31:00+00:00,12.58,123.49,3,2.6,012 km N 04° W of Baleno (Masbate),Ms,TECTONIC
1026,2024-11-03 21:04:56+00:00,10.69,126.17,11,2.6,049 km S 83° E of Homonhon Island (Guiuan) (Eastern Samar),Ms,TECTONIC
1027,2024-11-03 20:48:16+00:00,4.64,126.12,50,3.9,117 km S 38° E of Sarangani Island (Municipality Of Sarangani) (Davao Occidental),Ms,TECTONIC
1028,2024-11-03 20:43:04+00:00,19.06,121.12,20,2.8,010 km S 62° W of Dalupiri Island (Calayan) (Cagayan),Ms,TECTONIC
1029,2024-11-03 19:04:22+00:00,9.72,123.57,10,1.9,006 km S 36° E of Dalaguete (Cebu),Ms,TECTONIC
1030,2024-11-03 18:32:58+00:00,17.39,120.66,5,1.9,006 km S 42° W of Manabo (Abra),Ms,TECTONIC
1031,2024-11-03 18:19:41+00:00,14.65,124.15,8,3.6,067 km N 02° W of Pandan (Catanduanes),Ms,TECTONIC
1032,2024-11-03 18:08:38+00:00,8.03,126.84,12,1.8,047 km S 89° E of Lingig (Surigao Del Sur),Ms,TECTONIC
1033,2024-11-03 18:06:19+00:00,5.27,126.09,49,3.1,072 km S 72° E of Sarangani Island (Municipality Of Sarangani) (Davao Occidental),Ms,TECTONIC
1034,2024-11-03 17:36:29+00:00,17.57,121.0,17,2.0,001 km West of Malibcong (Abra),Ms,TECTONIC
1035,2024-11-03 16:47:57+00:00,9.0,121.94,26,2.4,088 km S 41° W of Hinoba-an (Negros Occidental),Ms,TECTONIC
1036,2024-11-03 16:32:19+00:00,19.36,121.13,29,2.2,029 km N 16° W of Dalupiri Island (Calayan) (Cagayan),Ms,TECTONIC
1037,2024-11-03 16:18:55+00:00,10.86,122.97,10,2.1,002 km S 29° W of Enrique B. Magalona (Negros Occidental),Ms,TECTONIC
1038,2024-11-03 16:01:25+00:00,8.58,126.57,32,2.0,035 km N 48° E of Hinatuan (Surigao Del Sur),Ms,TECTONIC
1039,2024-11-03 15:32:28+00:00,11.87,124.12,4,3.2,008 km S 76° E of Pio V. Corpus (Masbate),Ms,TECTONIC
1040,2024-11-03 15:18:10+00:00,8.97,126.41,40,2.4,014 km N 89° E of Bayabas (Surigao Del Sur),Ms,TECTONIC
1041,2024-11-03 15:13:06+00:00,18.49,120.91,19,2.2,011 km S 72° E of Dumalneg (Ilocos Norte),Ms,TECTONIC
1042,2024-11-03 15:11:06+00:00,13.14,121.26,9,1.7,020 km S 88° W of Pola (Oriental Mindoro),Ms,TECTONIC
1043,2024-11-03 15:04:38+00:00,8.99,123.5,17,2.7,019 km S 01° E of San Juan (Siquijor),Ms,TECTONIC
1044,2024-11-03 15:02:23+00:00,13.13,121.22,4,1.6,008 km S 51° W of Victoria (Oriental Mindoro),Ms,TECTONIC
1045,2024-11-03 14:46:10+00:00,8.01,126.76,10,1.9,038 km S 85° E of Lingig (Surigao Del Sur),Ms,TECTONIC
1046,2024-11-03 14:30:09+00:00,11.87,124.13,1,2.0,009 km S 82° E of Pio V. Corpus (Masbate),Ms,TECTONIC
1047,2024-11-03 14:23:52+00:00,13.08,121.21,12,1.8,013 km S 34° W of Victoria (Oriental Mindoro),Ms,TECTONIC
1048,2024-11-03 14:22:35+00:00,13.1,121.14,3,2.0,017 km S 62° W of Victoria (Oriental Mindoro),Ms,TECTONIC
1049,2024-11-03 14:17:47+00:00,13.18,121.41,1,2.2,005 km N 41° W of Pola (Oriental Mindoro),Ms,TECTONIC
1050,2024-11-03 14:14:22+00:00,13.33,124.42,9,2.2,034 km S 23° E of Bato (Catanduanes),Ms,TECTONIC
1051,2024-11-03 13:59:45+00:00,6.89,124.74,4,2.3,007 km N 17° W of General Salipada K. Pendatun (Maguindanao Del Sur),Ms,TECTONIC
1052,2024-11-03 13:08:52+00:00,14.04,123.01,32,1.4,006 km S 53° E of Basud (Camarines Norte),Ms,TECTONIC
1053,2024-11-03 13:06:38+00:00,14.07,123.2,1,2.9,008 km N 54° W of Siruma (Camarines Sur),Ms,TECTONIC
1054,2024-11-03 12:18:06+00:00,12.88,123.03,11,2.2,024 km S 85° W of Claveria (Masbate),Ms,TECTONIC
1055,2024-11-03 11:47:10+00:00,8.12,126.69,17,3.1,032 km N 74° E of Lingig (Surigao Del Sur),Ms,TECTONIC
1056,2024-11-03 11:40:13+00:00,17.44,120.62,16,2.6,001 km S 78° W of Villaviciosa (Abra),Ms,TECTONIC
1057,2024-11-03 10:51:01+00:00,6.54,125.8,8,2.1,033 km S 67° W of Governor Generoso (Davao Oriental),Ms,TECTONIC
1058,2024-11-03 10:38:18+00:00,11.87,124.1,2,3.5,006 km S 71° E of Pio V. Corpus (Masbate),Ms,TECTONIC
1059,2024-11-03 10:12:06+00:00,17.24,120.25,24,1.9,022 km N 68° W of City Of Candon (Ilocos Sur),Ms,TECTONIC
1060,2024-11-03 09:58:26+00:00,13.86,120.11,10,1.8,002 km N 69° W of Lubang (Occidental Mindoro),Ms,TECTONIC
1061,2024-11-03 08:59:21+00:00,6.13,126.1,29,2.4,045 km S 81° E of Don Marcelino (Davao Occidental),Ms,TECTONIC
1062,2024-11-03 08:10:29+00:00,6.14,124.69,9,2.3,010 km S 16° W of Lake Sebu (South Cotabato),Ms,TECTONIC
1063,2024-11-03 07:02:39+00:00,14.53,123.07,45,2.8,014 km N 66° E of Tinaga Island (Vinzons) (Camarines Norte),Ms,TECTONIC
1064,2024-11-03 07:02:00+00:00,16.34,122.0,32,1.3,014 km N 63° W of Casiguran (Aurora),Ms,TECTONIC
1065,2024-11-03 06:49:56+00:00,15.97,119.66,15,2.2,022 km S 42° W of Agno (Pangasinan),Ms,TECTONIC
1066,2024-11-03 05:59:35+00:00,9.32,126.27,15,1.8,010 km N 61° E of Cortes (Surigao Del Sur),Ms,TECTONIC
1067,2024-11-03 05:18:26+00:00,9.91,122.26,5,2.4,025 km N 51° W of City Of Sipalay (Negros Occidental),Ms,TECTONIC
1068,2024-11-03 05:15:35+00:00,16.01,122.05,18,2.4,018 km S 32° E of Dinalungan (Aurora),Ms,TECTONIC
1069,2024-11-03 04:35:31+00:00,14.49,122.01,32,1.4,008 km N 19° W of Balesin Island (Polillo) (Quezon),Ms,TECTONIC
1070,2024-11-03 04:06:27+00:00,5.68,126.14,1,2.5,060 km S 65° E of Jose Abad Santos (Davao Occidental),Ms,TECTONIC
1071,2024-11-03 03:44:19+00:00,5.58,126.36,67,3.0,092 km S 66° E of Jose Abad Santos (Davao Occidental),Ms,TECTONIC
1072,2024-11-03 03:28:19+00:00,8.98,126.45,20,1.5,018 km N 67° E of Cagwait (Surigao Del Sur),Ms,TECTONIC
1073,2024-11-03 02:43:28+00:00,11.85,125.46,15,2.6,003 km N 09° E of Sulat (Eastern Samar),Ms,TECTONIC
1074,2024-11-03 01:43:21+00:00,17.73,120.12,26,2.5,030 km N 60° W of Santa Catalina (Ilocos Sur),Ms,TECTONIC
1075,2024-11-03 01:39:58+00:00,9.13,126.87,6,3.0,067 km N 70° E of Cagwait (Surigao Del Sur),Ms,TECTONIC
1076,2024-11-03 01:23:42+00:00,12.41,121.09,33,1.8,007 km N 21° E of San Jose (Occidental Mindoro),Ms,TECTONIC
1077,2024-11-03 01:10:14+00:00,17.44,120.69,1,1.5,001 km N 44° W of Manabo (Abra),Ms,TECTONIC
1078,2024-11-02 23:44:23+00:00,9.1,126.92,1,3.3,071 km N 78° E of Bayabas (Surigao Del Sur),Ms,TECTONIC
1079,2024-11-02 22:05:06+00:00,13.6,120.56,113,2.2,023 km N 26° E of Paluan (Occidental Mindoro),Ms,TECTONIC
1080,2024-11-02 21:37:00+00:00,8.36,126.59,24,1.5,028 km S 89° E of Hinatuan (Surigao Del Sur),Ms,TECTONIC
1081,2024-11-02 21:29:27+00:00,12.16,120.91,34,1.5,028 km S 39° W of San Jose (Occidental Mindoro),Ms,TECTONIC
1082,2024-11-02 21:27:45+00:00,13.68,120.95,4,3.0,008 km N 77° E of Tingloy (Batangas),Ms,TECTONIC
1083,2024-11-02 21:21:16+00:00,13.78,120.45,89,1.7,020 km S 75° W of Calatagan (Batangas),Ms,TECTONIC
1084,2024-11-02 21:19:09+00:00,12.45,121.8,33,1.4,020 km N 49° W of Ferrol (Romblon),Ms,TECTONIC
1085,2024-11-02 21:14:54+00:00,8.16,127.48,1,2.0,119 km N 84° E of Lingig (Surigao Del Sur),Ms,TECTONIC
1086,2024-11-02 21:04:28+00:00,9.73,126.25,28,1.6,012 km S 60° E of General Luna (Surigao Del Norte),Ms,TECTONIC
1087,2024-11-02 20:57:50+00:00,7.61,126.07,7,2.4,006 km S 11° W of Compostela (Davao De Oro),Ms,TECTONIC
1088,2024-11-02 20:55:14+00:00,10.38,122.61,22,2.4,015 km S 10° W of Sibunag (Guimaras),Ms,TECTONIC
1089,2024-11-02 20:51:50+00:00,20.63,121.88,2,3.0,018 km S 12° E of Itbayat (Batanes),Ms,TECTONIC
1090,2024-11-02 20:51:25+00:00,18.4,120.93,23,2.1,020 km N 39° W of Calanasan (Apayao),Ms,TECTONIC
1091,2024-11-02 20:18:09+00:00,7.95,126.02,32,2.1,004 km S 12° W of Santa Josefa (Agusan Del Sur),Ms,TECTONIC
1092,2024-11-02 20:15:19+00:00,13.11,121.19,5,1.9,012 km S 54° W of Victoria (Oriental Mindoro),Ms,TECTONIC
1093,2024-11-02 20:05:11+00:00,15.47,121.72,10,1.6,035 km S 37° E of San Luis (Aurora),Ms,TECTONIC
1094,2024-11-02 19:56:14+00:00,8.1,126.77,32,1.9,040 km N 81° E of Lingig (Surigao Del Sur),Ms,TECTONIC
1095,2024-11-02 19:45:33+00:00,9.91,125.87,58,1.7,012 km N 65° W of Del Carmen (Surigao Del Norte),Ms,TECTONIC
1096,2024-11-02 19:10:59+00:00,5.51,126.61,12,3.4,115 km S 67° E of Jose Abad Santos (Davao Occidental),Ms,TECTONIC
1097,2024-11-02 19:09:52+00:00,13.86,120.35,55,2.1,019 km N 35° E of Looc (Occidental Mindoro),Ms,TECTONIC
1098,2024-11-02 18:59:44+00:00,8.99,126.57,21,2.0,030 km N 74° E of Cagwait (Surigao Del Sur),Ms,TECTONIC
1099,2024-11-02 18:48:40+00:00,18.34,120.76,33,1.8,023 km N 16° W of Carasi (Ilocos Norte),Ms,TECTONIC
1100,2024-11-02 18:44:24+00:00,10.42,123.19,5,2.4,005 km N 34° W of City Of Canlaon (Negros Oriental),ML,VOLCANO-TECTONIC
1101,2024-11-02 18:38:25+00:00,9.29,126.47,20,1.6,030 km N 86° E of Cortes (Surigao Del Sur),Ms,TECTONIC
1102,2024-11-02 18:28:01+00:00,5.94,126.56,19,2.6,101 km N 89° E of Jose Abad Santos (Davao Occidental),Ms,TECTONIC
1103,2024-11-02 18:19:14+00:00,14.08,120.32,113,2.5,032 km N 41° E of Lubang (Occidental Mindoro),Ms,TECTONIC
1104,2024-11-02 18:14:58+00:00,10.27,125.22,45,1.5,004 km S 89° W of Anahawan (Southern Leyte),Ms,TECTONIC
1105,2024-11-02 18:14:10+00:00,15.96,120.19,2,2.4,003 km N 86° W of Bugallon (Pangasinan),Ms,TECTONIC
1106,2024-11-02 17:53:57+00:00,8.86,122.66,17,3.3,047 km S 62° W of Siaton (Negros Oriental),Ms,TECTONIC
1107,2024-11-02 17:17:46+00:00,13.09,121.16,2,1.9,016 km S 56° W of Victoria (Oriental Mindoro),Ms,TECTONIC
1108,2024-11-02 17:14:04+00:00,14.22,123.98,15,2.0,028 km N 48° W of Pandan (Catanduanes),Ms,TECTONIC
1109,2024-11-02 16:48:41+00:00,7.83,126.8,24,1.7,038 km N 43° E of Baganga (Davao Oriental),Ms,TECTONIC
1110,2024-11-02 16:17:49+00:00,17.17,121.94,27,2.1,006 km N 64° E of City Of Ilagan (Isabela),Ms,TECTONIC
1111,2024-11-02 16:15:16+00:00,8.48,126.53,18,2.8,025 km N 60° E of Hinatuan (Surigao Del Sur),Ms,TECTONIC
1112,2024-11-02 15:31:19+00:00,11.32,124.55,1,2.0,009 km S 50° E of Leyte (Leyte),Ms,TECTONIC
1113,2024-11-02 15:10:41+00:00,13.15,121.48,34,1.5,005 km N 83° E of Pola (Oriental Mindoro),Ms,TECTONIC
1114,2024-11-02 15:10:00+00:00,19.48,121.75,39,2.0,018 km S 78° W of Babuyan Island (Calayan) (Cagayan),Ms,TECTONIC
1115,2024-11-02 14:25:52+00:00,7.97,127.03,9,4.0,067 km N 72° E of Cateel (Davao Oriental),Ms,TECTONIC
1116,2024-11-02 14:09:49+00:00,19.13,120.51,19,2.6,070 km N 12° W of Burgos (Ilocos Norte),Ms,TECTONIC
1117,2024-11-02 14:07:43+00:00,3.09,125.63,64,4.0,258 km S 05° E of Balut Island (Municipality Of Sarangani) (Davao Occidental),Ms,TECTONIC
1118,2024-11-02 14:06:56+00:00,9.17,126.85,4,2.2,066 km N 65° E of Cagwait (Surigao Del Sur),Ms,TECTONIC
1119,2024-11-02 14:05:38+00:00,13.2,123.59,34,1.8,001 km N 44° W of Guinobatan (Albay),Ms,TECTONIC
1120,2024-11-02 13:55:42+00:00,12.88,123.56,10,2.0,013 km S 67° W of Pilar (Sorsogon),Ms,TECTONIC
1121,2024-11-02 13:54:29+00:00,8.18,127.44,22,2.4,114 km N 82° E of Lingig (Surigao Del Sur),Ms,TECTONIC
1122,2024-11-02 13:35:38+00:00,5.31,124.13,14,3.5,093 km S 36° W of Kiamba (Sarangani),Ms,TECTONIC
1123,2024-11-02 13:33:28+00:00,6.98,123.73,30,1.8,034 km S 73° W of Datu Blah T. Sinsuat (Maguindanao Del Norte),Ms,TECTONIC
1124,2024-11-02 13:33:27+00:00,8.77,126.48,29,2.3,020 km S 80° E of Marihatag (Surigao Del Sur),Ms,TECTONIC
1125,2024-11-02 13:25:32+00:00,8.88,126.57,25,2.7,030 km S 81° E of Cagwait (Surigao Del Sur),Ms,TECTONIC
1126,2024-11-02 12:40:16+00:00,14.46,124.1,14,2.9,047 km N 09° W of Pandan (Catanduanes),Ms,TECTONIC
1127,2024-11-02 12:18:56+00:00,10.44,123.12,1,2.0,012 km N 58° W of City Of Canlaon (Negros Oriental),ML,VOLCANO-TECTONIC
1128,2024-11-02 11:43:57+00:00,9.13,126.26,33,2.0,012 km N 58° E of City Of Tandag (Surigao Del Sur),Ms,TECTONIC
1129,2024-11-02 11:30:52+00:00,8.71,126.43,7,1.8,017 km S 55° E of Marihatag (Surigao Del Sur),Ms,TECTONIC
1130,2024-11-02 11:27:24+00:00,8.06,126.68,9,3.2,029 km N 86° E of Lingig (Surigao Del Sur),Ms,TECTONIC
1131,2024-11-02 09:51:33+00:00,9.04,126.2,6,1.6,004 km N 57° W of Tago (Surigao Del Sur),Ms,TECTONIC
1132,2024-11-02 08:06:02+00:00,4.63,127.56,1,3.1,249 km S 68° E of Sarangani Island (Municipality Of Sarangani) (Davao Occidental),Ms,TECTONIC
1133,2024-11-02 07:45:59+00:00,18.59,120.72,27,1.7,008 km N 61° W of Pagudpud (Ilocos Norte),Ms,TECTONIC
1134,2024-11-02 07:15:04+00:00,12.16,121.95,9,2.6,005 km N 85° W of Santa Fe (Romblon),Ms,TECTONIC
1135,2024-11-02 06:38:01+00:00,8.71,126.2,2,2.4,005 km S 31° W of San Agustin (Surigao Del Sur),Ms,TECTONIC
1136,2024-11-02 06:27:32+00:00,21.01,121.03,14,4.4,088 km N 74° W of Itbayat (Batanes),Ms,TECTONIC
1137,2024-11-02 05:29:15+00:00,9.69,126.43,53,1.4,031 km S 71° E of General Luna (Surigao Del Norte),Ms,TECTONIC
1138,2024-11-02 04:41:24+00:00,13.38,125.61,32,1.9,107 km N 21° E of Mapanas (Northern Samar),Ms,TECTONIC
1139,2024-11-02 03:54:47+00:00,8.14,125.58,23,2.2,030 km S 58° W of La Paz (Agusan Del Sur),Ms,TECTONIC
1140,2024-11-02 03:38:26+00:00,9.65,126.25,16,1.8,018 km S 36° E of General Luna (Surigao Del Norte),Ms,TECTONIC
1141,2024-11-02 03:08:18+00:00,13.08,121.19,6,2.8,014 km S 44° W of Victoria (Oriental Mindoro),Ms,TECTONIC
1142,2024-11-02 02:21:52+00:00,18.56,120.81,33,2.4,002 km N 81° E of Pagudpud (Ilocos Norte),Ms,TECTONIC
1143,2024-11-02 02:03:18+00:00,6.83,125.58,33,2.4,018 km S 88° E of Santa Cruz (Davao Del Sur),Ms,TECTONIC
1144,2024-11-01 23:00:07+00:00,7.32,125.86,28,4.5,001 km N 24° E of Mabini (Davao De Oro),Mw,TECTONIC
1145,2024-11-01 21:41:15+00:00,7.5,126.24,35,1.5,012 km S 64° E of New Bataan (Davao De Oro),Ms,TECTONIC
1146,2024-11-01 20:35:21+00:00,8.81,126.63,23,2.7,036 km N 88° E of Marihatag (Surigao Del Sur),Ms,TECTONIC
1147,2024-11-01 20:23:09+00:00,13.08,121.16,6,2.3,017 km S 50° W of Victoria (Oriental Mindoro),Ms,TECTONIC
1148,2024-11-01 20:06:18+00:00,13.13,121.47,35,1.5,004 km S 67° E of Pola (Oriental Mindoro),Ms,TECTONIC
1149,2024-11-01 20:01:41+00:00,10.09,126.25,2,2.9,021 km N 67° E of Burgos (Surigao Del Norte),Ms,TECTONIC
1150,2024-11-01 19:43:54+00:00,13.0,121.4,29,2.1,006 km South of Socorro (Oriental Mindoro),Ms,TECTONIC
1151,2024-11-01 19:26:07+00:00,10.07,126.31,8,3.4,026 km N 78° E of Burgos (Surigao Del Norte),Ms,TECTONIC
1152,2024-11-01 19:21:14+00:00,8.16,126.94,12,2.4,059 km N 77° E of Lingig (Surigao Del Sur),Ms,TECTONIC
1153,2024-11-01 18:46:34+00:00,9.48,122.56,33,2.3,011 km N 46° W of Basay (Negros Oriental),Ms,TECTONIC
1154,2024-11-01 17:47:07+00:00,7.78,126.6,28,1.3,017 km S 85° E of Cateel (Davao Oriental),Ms,TECTONIC
1155,2024-11-01 17:29:15+00:00,8.47,126.73,7,2.9,045 km N 75° E of Hinatuan (Surigao Del Sur),Ms,TECTONIC
1156,2024-11-01 15:42:39+00:00,13.24,121.04,32,1.7,014 km S 27° W of Baco (Oriental Mindoro),Ms,TECTONIC
1157,2024-11-01 15:37:42+00:00,8.55,126.29,32,1.3,017 km N 56° E of Tagbina (Surigao Del Sur),Ms,TECTONIC
1158,2024-11-01 15:34:46+00:00,8.3,126.7,22,2.3,043 km N 47° E of Lingig (Surigao Del Sur),Ms,TECTONIC
1159,2024-11-01 15:19:27+00:00,8.57,126.64,9,1.8,041 km N 56° E of Hinatuan (Surigao Del Sur),Ms,TECTONIC
1160,2024-11-01 15:07:16+00:00,8.83,126.73,1,2.6,048 km S 78° E of Cagwait (Surigao Del Sur),Ms,TECTONIC
1161,2024-11-01 15:03:31+00:00,6.62,127.09,21,2.4,085 km S 56° E of Tarragona (Davao Oriental),Ms,TECTONIC
1162,2024-11-01 15:03:01+00:00,7.85,126.79,28,1.3,038 km N 76° E of Cateel (Davao Oriental),Ms,TECTONIC
1163,2024-11-01 15:00:07+00:00,13.86,120.35,66,2.1,019 km N 33° E of Looc (Occidental Mindoro),Ms,TECTONIC
1164,2024-11-01 13:37:36+00:00,15.16,120.22,77,1.5,017 km N 88° E of Cabangan (Zambales),Ms,TECTONIC
1165,2024-11-01 13:14:05+00:00,6.73,126.89,188,2.5,060 km S 54° E of Tarragona (Davao Oriental),Ms,TECTONIC
1166,2024-11-01 13:09:18+00:00,14.58,121.98,28,1.8,015 km S 18° E of Polillo (Quezon),Ms,TECTONIC
1167,2024-11-01 13:01:33+00:00,15.29,121.99,13,1.9,043 km N 26° E of Panukulan (Quezon),Ms,TECTONIC
1168,2024-11-01 12:36:37+00:00,14.87,121.96,3,1.8,003 km N 23° W of Burdeos (Quezon),Ms,TECTONIC
1169,2024-11-01 12:02:47+00:00,7.0,126.01,20,3.0,004 km N 02° E of Banaybanay (Davao Oriental),Ms,TECTONIC
1170,2024-11-01 10:48:27+00:00,5.32,126.65,16,3.1,129 km S 59° E of Jose Abad Santos (Davao Occidental),Ms,TECTONIC
1171,2024-11-01 08:54:22+00:00,13.02,121.39,30,2.2,004 km S 23° W of Socorro (Oriental Mindoro),Ms,TECTONIC
1172,2024-11-01 08:48:29+00:00,17.61,120.67,15,2.0,005 km N 77° E of Bangued (Abra),Ms,TECTONIC
1173,2024-11-01 06:56:18+00:00,9.91,124.32,29,1.7,005 km N 72° E of Dagohoy (Bohol),Ms,TECTONIC
1174,2024-11-01 06:48:22+00:00,7.63,125.47,4,2.2,011 km N 89° W of Talaingod (Davao Del Norte),Ms,TECTONIC
1175,2024-11-01 06:20:48+00:00,9.37,125.93,1,2.0,002 km N 76° W of Carrascal (Surigao Del Sur),Ms,TECTONIC
1176,2024-11-01 06:16:05+00:00,19.51,121.06,56,2.2,047 km N 19° W of Dalupiri Island (Calayan) (Cagayan),Ms,TECTONIC
1177,2024-11-01 05:22:30+00:00,17.45,120.68,8,2.0,003 km N 45° W of Manabo (Abra),Ms,TECTONIC
1178,2024-11-01 04:57:20+00:00,6.57,125.57,35,1.9,011 km N 79° E of Santa Maria (Davao Occidental),Ms,TECTONIC
1179,2024-11-01 04:25:51+00:00,15.46,119.77,36,1.9,015 km N 79° W of Palauig (Zambales),Ms,TECTONIC
1180,2024-11-01 03:26:27+00:00,11.0,124.73,4,2.4,010 km N 22° E of Albuera (Leyte),Ms,TECTONIC
1181,2024-11-01 03:07:52+00:00,6.19,126.41,17,2.8,064 km S 36° E of Governor Generoso (Davao Oriental),Ms,TECTONIC
1182,2024-11-01 03:05:27+00:00,6.03,126.37,1,2.8,076 km S 25° E of Governor Generoso (Davao Oriental),Ms,TECTONIC
1183,2024-11-01 02:46:07+00:00,15.95,119.75,13,1.6,017 km S 45° W of Burgos (Pangasinan),Ms,TECTONIC
1184,2024-11-01 02:39:52+00:00,9.77,126.26,33,2.1,012 km S 82° E of General Luna (Surigao Del Norte),Ms,TECTONIC
1185,2024-11-01 01:26:31+00:00,18.53,120.87,9,3.1,009 km N 19° W of Adams (Ilocos Norte),Ms,TECTONIC
1186,2024-11-01 01:25:32+00:00,5.97,125.6,65,1.9,008 km N 39° W of Jose Abad Santos (Davao Occidental),Ms,TECTONIC
1187,2024-11-01 01:07:39+00:00,9.63,126.23,34,1.6,018 km S 27° E of General Luna (Surigao Del Norte),Ms,TECTONIC
1188,2024-11-01 00:57:23+00:00,15.27,122.58,1,2.7,069 km N 23° E of Jomalig (Quezon),Ms,TECTONIC
1189,2024-11-01 00:45:39+00:00,7.03,125.63,57,2.8,011 km S 58° W of Island Garden City Of Samal (Davao Del Norte),Ms,TECTONIC
1190,2024-11-01 00:11:55+00:00,13.72,120.46,69,3.2,022 km S 57° W of Calatagan (Batangas),Ms,TECTONIC
1191,2024-10-31 23:09:00+00:00,8.1,126.83,1,2.5,046 km N 82° E of Lingig (Surigao Del Sur),unspecified,unspecified
1192,2024-10-31 19:37:00+00:00,15.46,119.93,21,3.0,003 km N 37° E of Palauig (Zambales),unspecified,unspecified
1193,2024-10-31 18:15:00+00:00,5.92,126.01,144,2.4,040 km N 88° E of Jose Abad Santos (Davao Occidental),unspecified,unspecified
1194,2024-10-31 18:03:00+00:00,9.6,122.7,25,1.4,022 km N 16° E of Basay (Negros Oriental),unspecified,unspecified
1195,2024-10-31 17:56:00+00:00,12.32,123.83,9,2.1,014 km N 13° W of Dimasalang (Masbate),unspecified,unspecified
1196,2024-10-31 17:07:00+00:00,12.86,122.23,22,2.1,018 km S 57° E of Banton (Romblon),unspecified,unspecified
1197,2024-10-31 16:27:00+00:00,10.51,123.16,34,2.0,010 km S 38° W of Salvador Benedicto (Negros Occidental),unspecified,unspecified
