,datetime,lat,lon,depth_km,mag,location,mag_type,event_type
0,2025-10-31 15:57:56+00:00,10.91,123.8,5,4.0,025 km S 52° W of City Of Bogo (Cebu),Ms,TECTONIC
1,2025-10-31 15:45:40+00:00,11.0,123.94,2,3.0,006 km S 41° W of City Of Bogo (Cebu),Ms,TECTONIC
2,2025-10-31 15:44:41+00:00,11.03,124.06,4,1.4,009 km S 79° E of City Of Bogo (Cebu),Ms,TECTONIC
3,2025-10-31 15:39:10+00:00,9.3,126.15,31,1.8,005 km N 57° W of Cortes (Surigao Del Sur),Ms,TECTONIC
4,2025-10-31 15:32:45+00:00,9.59,126.16,31,1.7,021 km S 01° W of General Luna (Surigao Del Norte),Ms,TECTONIC
5,2025-10-31 15:30:52+00:00,9.55,126.16,19,3.3,026 km S 01° E of General Luna (Surigao Del Norte),Ms,TECTONIC
6,2025-10-31 15:23:35+00:00,8.9,126.66,9,1.8,039 km S 86° E of Cagwait (Surigao Del Sur),Ms,TECTONIC
7,2025-10-31 15:20:05+00:00,11.08,124.12,29,1.6,016 km N 78° E of City Of Bogo (Cebu),Ms,TECTONIC
8,2025-10-31 15:18:29+00:00,9.99,122.3,19,2.5,028 km N 31° W of City Of Sipalay (Negros Occidental),Ms,TECTONIC
9,2025-10-31 15:14:19+00:00,6.23,127.38,5,3.3,143 km S 41° E of Manay (Davao Oriental),Ms,TECTONIC
10,2025-10-31 14:52:52+00:00,7.51,126.77,29,1.8,042 km N 37° E of Manay (Davao Oriental),Ms,TECTONIC
11,2025-10-31 14:26:36+00:00,6.22,127.45,16,3.1,149 km S 43° E of Manay (Davao Oriental),Ms,TECTONIC
12,2025-10-31 14:11:50+00:00,13.69,120.67,103,2.3,017 km S 16° E of Calatagan (Batangas),Ms,TECTONIC
13,2025-10-31 14:11:29+00:00,17.99,119.94,15,2.7,057 km N 84° W of Badoc (Ilocos Norte),Ms,TECTONIC
14,2025-10-31 13:56:38+00:00,12.27,125.51,13,3.5,010 km N 02° E of San Policarpo (Eastern Samar),Ms,TECTONIC
15,2025-10-31 13:48:21+00:00,10.99,124.05,9,2.1,010 km S 53° E of City Of Bogo (Cebu),Ms,TECTONIC
16,2025-10-31 13:27:57+00:00,6.45,125.79,126,2.1,021 km N 78° E of Malita (Davao Occidental),Ms,TECTONIC
17,2025-10-31 13:13:45+00:00,6.19,127.37,15,4.2,145 km S 39° E of Manay (Davao Oriental),Ms,TECTONIC
18,2025-10-31 12:53:00+00:00,7.88,126.29,43,1.6,010 km N 83° W of Boston (Davao Oriental),Ms,TECTONIC
19,2025-10-31 12:42:19+00:00,16.26,121.44,4,2.1,017 km S 69° E of Kasibu (Nueva Vizcaya),Ms,TECTONIC
20,2025-10-31 12:20:28+00:00,9.31,126.26,28,1.5,010 km N 67° E of Cortes (Surigao Del Sur),Ms,TECTONIC
21,2025-10-31 11:35:50+00:00,13.21,120.27,21,1.7,031 km S 42° W of Paluan (Occidental Mindoro),Ms,TECTONIC
22,2025-10-31 11:34:24+00:00,6.94,126.75,26,2.3,038 km S 38° E of Manay (Davao Oriental),Ms,TECTONIC
23,2025-10-31 10:45:06+00:00,7.9,126.59,14,1.7,019 km N 50° E of Cateel (Davao Oriental),Ms,TECTONIC
24,2025-10-31 10:31:37+00:00,12.19,125.39,9,2.8,008 km N 45° W of Oras (Eastern Samar),Ms,TECTONIC
25,2025-10-31 10:14:10+00:00,6.97,123.74,27,3.6,033 km S 72° W of Datu Blah T. Sinsuat (Maguindanao Del Norte),Ms,TECTONIC
26,2025-10-31 10:10:32+00:00,11.12,124.13,9,2.3,018 km N 65° E of City Of Bogo (Cebu),Ms,TECTONIC
27,2025-10-31 09:49:05+00:00,7.18,125.64,53,2.8,012 km S 18° W of City Of Panabo (Davao Del Norte),Ms,TECTONIC
28,2025-10-31 09:33:52+00:00,12.17,125.42,10,2.6,010 km S 87° W of San Policarpo (Eastern Samar),Ms,TECTONIC
29,2025-10-31 09:28:54+00:00,7.43,127.21,26,3.1,077 km N 74° E of Manay (Davao Oriental),Ms,TECTONIC
30,2025-10-31 09:00:56+00:00,12.46,125.82,14,3.5,045 km N 48° E of San Policarpo (Eastern Samar),Ms,TECTONIC
31,2025-10-31 08:57:23+00:00,12.36,125.64,16,4.5,025 km N 36° E of San Policarpo (Eastern Samar),Mw,TECTONIC
32,2025-10-31 08:30:43+00:00,9.25,126.56,10,2.0,040 km S 85° E of Cortes (Surigao Del Sur),Ms,TECTONIC
33,2025-10-31 08:03:43+00:00,7.41,127.49,15,3.2,106 km N 78° E of Manay (Davao Oriental),Ms,TECTONIC
34,2025-10-31 07:37:31+00:00,9.64,126.1,15,3.3,017 km S 23° W of General Luna (Surigao Del Norte),Ms,TECTONIC
35,2025-10-31 07:20:42+00:00,11.32,123.86,1,2.4,033 km N 23° W of City Of Bogo (Cebu),Ms,TECTONIC
36,2025-10-31 07:10:42+00:00,11.0,124.02,1,2.2,007 km S 43° E of City Of Bogo (Cebu),Ms,TECTONIC
37,2025-10-31 06:07:18+00:00,7.41,126.72,11,2.3,029 km N 43° E of Manay (Davao Oriental),Ms,TECTONIC
38,2025-10-31 05:40:59+00:00,9.62,126.23,33,1.4,019 km S 25° E of General Luna (Surigao Del Norte),Ms,TECTONIC
39,2025-10-31 05:19:56+00:00,7.99,126.39,17,1.9,006 km S 22° W of Lingig (Surigao Del Sur),Ms,TECTONIC
40,2025-10-31 04:44:50+00:00,11.01,123.96,34,1.8,004 km S 33° W of City Of Bogo (Cebu),Ms,TECTONIC
41,2025-10-31 04:26:09+00:00,10.93,123.94,9,2.0,014 km S 19° W of City Of Bogo (Cebu),Ms,TECTONIC
42,2025-10-31 04:06:58+00:00,10.93,123.94,7,3.2,014 km S 20° W of City Of Bogo (Cebu),Ms,TECTONIC
43,2025-10-31 04:06:25+00:00,4.78,126.12,33,4.3,104 km S 48° E of Balut Island (Municipality Of Sarangani) (Davao Occidental),Ms,TECTONIC
44,2025-10-31 03:42:22+00:00,11.22,124.14,27,1.9,026 km N 42° E of City Of Bogo (Cebu),Ms,TECTONIC
45,2025-10-31 03:17:02+00:00,9.86,123.97,9,2.1,012 km N 42° E of Antequera (Bohol),Ms,TECTONIC
46,2025-10-31 02:55:50+00:00,11.45,124.48,1,1.7,002 km S 33° E of Biliran (Biliran),Ms,TECTONIC
47,2025-10-31 02:46:39+00:00,6.19,124.64,4,2.1,009 km S 64° W of Lake Sebu (South Cotabato),Ms,TECTONIC
48,2025-10-31 02:38:24+00:00,11.01,123.94,2,1.9,006 km S 48° W of City Of Bogo (Cebu),Ms,TECTONIC
49,2025-10-31 02:29:29+00:00,8.8,126.33,27,2.0,004 km S 83° E of Marihatag (Surigao Del Sur),Ms,TECTONIC
50,2025-10-31 02:27:40+00:00,11.2,123.94,9,2.3,018 km N 13° W of City Of Bogo (Cebu),Ms,TECTONIC
51,2025-10-31 02:23:28+00:00,11.01,124.03,2,2.4,007 km S 57° E of City Of Bogo (Cebu),Ms,TECTONIC
52,2025-10-31 02:08:40+00:00,8.8,126.46,30,3.2,018 km N 90° E of Marihatag (Surigao Del Sur),Ms,TECTONIC
53,2025-10-31 01:51:03+00:00,8.13,126.65,23,2.3,028 km N 70° E of Lingig (Surigao Del Sur),Ms,TECTONIC
54,2025-10-31 01:40:44+00:00,7.57,126.77,26,2.2,047 km N 32° E of Manay (Davao Oriental),Ms,TECTONIC
55,2025-10-31 01:27:48+00:00,14.15,120.38,106,1.6,028 km N 73° W of Nasugbu (Batangas),Ms,TECTONIC
56,2025-10-31 01:27:13+00:00,7.3,126.85,18,3.7,036 km N 74° E of Manay (Davao Oriental),Ms,TECTONIC
57,2025-10-31 00:45:44+00:00,12.55,124.95,18,2.4,002 km S 66° E of Pambujan (Northern Samar),Ms,TECTONIC
58,2025-10-31 00:40:54+00:00,11.08,124.18,3,2.0,022 km N 81° E of City Of Bogo (Cebu),Ms,TECTONIC
59,2025-10-31 00:33:35+00:00,9.01,126.44,16,1.7,019 km N 57° E of Cagwait (Surigao Del Sur),Ms,TECTONIC
60,2025-10-31 00:12:57+00:00,8.08,122.14,28,2.4,030 km N 01° W of Baliguian (Zamboanga Del Norte),Ms,TECTONIC
61,2025-10-30 23:48:35+00:00,9.67,126.19,34,1.5,013 km S 16° E of General Luna (Surigao Del Norte),Ms,TECTONIC
62,2025-10-30 23:08:20+00:00,11.23,124.07,20,1.9,023 km N 26° E of City Of Bogo (Cebu),Ms,TECTONIC
63,2025-10-30 22:43:30+00:00,10.86,123.66,11,2.9,017 km N 83° E of City Of Escalante (Negros Occidental),Ms,TECTONIC
64,2025-10-30 22:39:47+00:00,7.13,126.94,20,2.4,045 km S 78° E of Manay (Davao Oriental),Ms,TECTONIC
65,2025-10-30 22:20:48+00:00,16.95,120.48,12,1.4,005 km N 61° E of Tagudin (Ilocos Sur),Ms,TECTONIC
66,2025-10-30 22:18:16+00:00,6.94,125.73,35,1.9,016 km S 07° E of Island Garden City Of Samal (Davao Del Norte),Ms,TECTONIC
67,2025-10-30 22:14:45+00:00,5.38,126.65,39,3.5,131 km S 86° E of Sarangani Island (Municipality Of Sarangani) (Davao Occidental),Ms,TECTONIC
68,2025-10-30 21:46:22+00:00,10.87,123.75,20,2.3,031 km S 52° W of City Of Bogo (Cebu),Ms,TECTONIC
69,2025-10-30 21:33:39+00:00,10.98,124.01,20,1.9,009 km S 23° E of City Of Bogo (Cebu),Ms,TECTONIC
70,2025-10-30 21:18:50+00:00,7.11,126.96,27,2.0,048 km S 76° E of Manay (Davao Oriental),Ms,TECTONIC
71,2025-10-30 20:45:25+00:00,13.89,120.28,54,1.5,020 km N 10° E of Looc (Occidental Mindoro),Ms,TECTONIC
72,2025-10-30 20:28:12+00:00,10.78,124.12,22,1.8,033 km S 27° E of City Of Bogo (Cebu),Ms,TECTONIC
73,2025-10-30 20:11:14+00:00,2.61,125.85,121,4.4,313 km S 09° E of Balut Island (Municipality Of Sarangani) (Davao Occidental),Ms,TECTONIC
74,2025-10-30 20:08:33+00:00,9.32,126.14,27,2.1,008 km N 48° W of Cortes (Surigao Del Sur),Ms,TECTONIC
75,2025-10-30 19:37:32+00:00,11.11,123.98,7,2.4,007 km N 01° W of City Of Bogo (Cebu),Ms,TECTONIC
76,2025-10-30 19:28:10+00:00,9.66,126.15,31,2.3,014 km S 02° W of General Luna (Surigao Del Norte),Ms,TECTONIC
77,2025-10-30 19:26:30+00:00,10.94,123.92,5,2.0,014 km S 27° W of City Of Bogo (Cebu),Ms,TECTONIC
78,2025-10-30 19:26:06+00:00,11.1,124.15,32,1.4,019 km N 73° E of City Of Bogo (Cebu),Ms,TECTONIC
79,2025-10-30 19:24:56+00:00,16.96,120.14,32,2.4,027 km N 65° W of Luna (La Union),Ms,TECTONIC
80,2025-10-30 19:09:28+00:00,5.67,127.23,127,3.1,168 km S 50° E of Governor Generoso (Davao Oriental),Ms,TECTONIC
81,2025-10-30 18:49:29+00:00,8.99,126.48,25,2.4,021 km N 69° E of Cagwait (Surigao Del Sur),Ms,TECTONIC
82,2025-10-30 18:00:35+00:00,10.96,123.92,3,2.0,012 km S 34° W of City Of Bogo (Cebu),Ms,TECTONIC
83,2025-10-30 17:55:57+00:00,11.15,123.97,11,2.0,012 km N 06° W of City Of Bogo (Cebu),Ms,TECTONIC
84,2025-10-30 17:43:23+00:00,11.05,123.99,7,2.2,001 km East of City Of Bogo (Cebu),Ms,TECTONIC
85,2025-10-30 17:38:13+00:00,8.03,124.44,5,2.0,006 km S 33° E of Tagoloan Ii (Lanao Del Sur),Ms,TECTONIC
86,2025-10-30 17:33:39+00:00,7.15,127.01,16,3.2,052 km S 82° E of Manay (Davao Oriental),Ms,TECTONIC
87,2025-10-30 17:29:03+00:00,10.59,126.31,28,2.3,068 km N 22° E of Burgos (Surigao Del Norte),Ms,TECTONIC
88,2025-10-30 17:24:54+00:00,18.11,119.69,15,3.2,084 km N 84° W of Currimao (Ilocos Norte),Ms,TECTONIC
89,2025-10-30 17:15:53+00:00,18.45,120.9,1,2.0,001 km S 11° E of Adams (Ilocos Norte),Ms,TECTONIC
90,2025-10-30 17:13:19+00:00,16.31,120.13,58,2.1,019 km N 84° E of Anda (Pangasinan),Ms,TECTONIC
91,2025-10-30 17:01:42+00:00,16.01,119.8,13,2.1,008 km S 51° W of Burgos (Pangasinan),Ms,TECTONIC
92,2025-10-30 16:45:53+00:00,10.94,123.97,1,2.3,011 km S 07° W of City Of Bogo (Cebu),Ms,TECTONIC
93,2025-10-30 16:36:18+00:00,8.13,127.24,8,3.4,091 km N 84° E of Lingig (Surigao Del Sur),Ms,TECTONIC
94,2025-10-30 16:21:48+00:00,9.59,126.16,32,2.0,021 km S 01° E of General Luna (Surigao Del Norte),Ms,TECTONIC
95,2025-10-30 15:47:16+00:00,16.11,119.91,12,2.4,005 km N 31° W of Mabini (Pangasinan),Ms,TECTONIC
96,2025-10-30 15:34:17+00:00,7.16,127.19,32,2.4,072 km S 85° E of Manay (Davao Oriental),Ms,TECTONIC
97,2025-10-30 15:25:06+00:00,7.29,127.06,18,2.9,058 km N 81° E of Manay (Davao Oriental),Ms,TECTONIC
98,2025-10-30 15:04:04+00:00,11.11,124.11,8,1.7,016 km N 64° E of City Of Bogo (Cebu),Ms,TECTONIC
99,2025-10-30 14:44:27+00:00,11.16,124.12,5,2.2,020 km N 50° E of City Of Bogo (Cebu),Ms,TECTONIC
100,2025-10-30 14:41:38+00:00,9.64,126.18,31,2.0,016 km S 09° E of General Luna (Surigao Del Norte),Ms,TECTONIC
101,2025-10-30 14:40:32+00:00,17.8,120.55,26,2.7,010 km N 87° E of Cabugao (Ilocos Sur),Ms,TECTONIC
102,2025-10-30 14:40:18+00:00,8.02,126.54,66,2.2,014 km S 81° E of Lingig (Surigao Del Sur),Ms,TECTONIC
103,2025-10-30 14:37:30+00:00,9.6,126.15,36,1.8,020 km S 02° W of General Luna (Surigao Del Norte),Ms,TECTONIC
104,2025-10-30 14:36:37+00:00,13.08,124.14,87,2.2,007 km N 54° W of Prieto Diaz (Sorsogon),Ms,TECTONIC
105,2025-10-30 14:16:45+00:00,6.19,127.42,37,2.2,149 km S 41° E of Manay (Davao Oriental),Ms,TECTONIC
106,2025-10-30 14:01:37+00:00,7.14,127.05,22,3.1,057 km S 82° E of Manay (Davao Oriental),Ms,TECTONIC
107,2025-10-30 13:57:34+00:00,7.17,127.21,8,3.9,074 km S 87° E of Manay (Davao Oriental),Ms,TECTONIC
108,2025-10-30 13:49:19+00:00,7.36,127.36,3,2.9,092 km N 79° E of Manay (Davao Oriental),Ms,TECTONIC
109,2025-10-30 13:44:46+00:00,9.59,126.29,32,1.8,026 km S 34° E of General Luna (Surigao Del Norte),Ms,TECTONIC
110,2025-10-30 13:31:41+00:00,7.36,127.34,1,3.4,089 km N 79° E of Manay (Davao Oriental),Ms,TECTONIC
111,2025-10-30 13:31:32+00:00,9.27,126.55,1,1.6,039 km S 89° E of Cortes (Surigao Del Sur),Ms,TECTONIC
112,2025-10-30 13:23:55+00:00,7.92,126.83,20,2.5,044 km N 71° E of Cateel (Davao Oriental),Ms,TECTONIC
113,2025-10-30 13:13:08+00:00,11.14,124.07,33,1.3,014 km N 43° E of City Of Bogo (Cebu),Ms,TECTONIC
114,2025-10-30 13:10:08+00:00,13.89,120.55,85,2.0,011 km N 55° W of Calatagan (Batangas),Ms,TECTONIC
115,2025-10-30 13:01:24+00:00,7.46,126.72,22,3.5,034 km N 36° E of Manay (Davao Oriental),Ms,TECTONIC
116,2025-10-30 12:48:08+00:00,8.16,127.02,7,2.1,068 km N 78° E of Lingig (Surigao Del Sur),Ms,TECTONIC
117,2025-10-30 12:43:55+00:00,7.1,123.67,25,1.9,039 km N 85° W of Datu Blah T. Sinsuat (Maguindanao Del Norte),Ms,TECTONIC
118,2025-10-30 12:42:35+00:00,7.78,122.09,32,2.4,007 km S 67° W of Baliguian (Zamboanga Del Norte),Ms,TECTONIC
119,2025-10-30 12:32:56+00:00,8.15,127.18,6,3.4,086 km N 82° E of Lingig (Surigao Del Sur),Ms,TECTONIC
120,2025-10-30 12:13:30+00:00,11.11,124.1,4,2.5,015 km N 63° E of City Of Bogo (Cebu),Ms,TECTONIC
121,2025-10-30 11:49:54+00:00,11.03,124.03,28,1.5,005 km S 76° E of City Of Bogo (Cebu),Ms,TECTONIC
122,2025-10-30 11:31:17+00:00,11.2,124.12,6,2.0,023 km N 42° E of City Of Bogo (Cebu),Ms,TECTONIC
123,2025-10-30 11:25:03+00:00,15.93,121.95,7,2.0,024 km S 02° W of Dinalungan (Aurora),Ms,TECTONIC
124,2025-10-30 11:21:55+00:00,10.93,123.94,1,2.2,013 km S 18° W of City Of Bogo (Cebu),Ms,TECTONIC
125,2025-10-30 11:16:43+00:00,10.93,123.78,3,2.1,026 km S 59° W of City Of Bogo (Cebu),Ms,TECTONIC
126,2025-10-30 11:06:54+00:00,13.69,123.14,32,1.6,005 km S 37° E of Cabusao (Camarines Sur),Ms,TECTONIC
127,2025-10-30 11:05:44+00:00,9.64,126.19,34,1.9,017 km S 13° E of General Luna (Surigao Del Norte),Ms,TECTONIC
128,2025-10-30 11:04:12+00:00,6.1,126.74,35,2.1,096 km S 51° E of Governor Generoso (Davao Oriental),Ms,TECTONIC
129,2025-10-30 10:42:47+00:00,11.15,123.96,20,2.1,012 km N 09° W of City Of Bogo (Cebu),Ms,TECTONIC
130,2025-10-30 10:37:27+00:00,10.87,123.97,5,2.1,020 km S 03° W of City Of Bogo (Cebu),Ms,TECTONIC
131,2025-10-30 10:01:54+00:00,11.12,124.18,6,2.5,023 km N 69° E of City Of Bogo (Cebu),Ms,TECTONIC
132,2025-10-30 09:54:14+00:00,7.08,127.16,6,2.2,070 km S 78° E of Manay (Davao Oriental),Ms,TECTONIC
133,2025-10-30 09:42:06+00:00,15.91,121.86,16,1.9,027 km S 22° W of Dinalungan (Aurora),Ms,TECTONIC
134,2025-10-30 09:40:45+00:00,9.68,126.01,10,2.1,019 km S 55° W of General Luna (Surigao Del Norte),Ms,TECTONIC
135,2025-10-30 09:40:39+00:00,15.92,121.92,1,2.2,025 km S 10° W of Dinalungan (Aurora),Ms,TECTONIC
136,2025-10-30 09:40:24+00:00,11.13,124.18,9,1.8,024 km N 66° E of City Of Bogo (Cebu),Ms,TECTONIC
137,2025-10-30 09:26:09+00:00,11.2,124.14,3,3.3,024 km N 48° E of City Of Bogo (Cebu),Ms,TECTONIC
138,2025-10-30 08:52:23+00:00,11.13,124.1,28,2.2,016 km N 56° E of City Of Bogo (Cebu),Ms,TECTONIC
139,2025-10-30 08:15:59+00:00,13.94,119.86,80,2.2,030 km N 73° W of Lubang (Occidental Mindoro),Ms,TECTONIC
140,2025-10-30 08:12:40+00:00,7.61,126.62,26,2.6,045 km N 11° E of Manay (Davao Oriental),Ms,TECTONIC
141,2025-10-30 07:32:22+00:00,9.68,126.22,29,2.2,014 km S 30° E of General Luna (Surigao Del Norte),Ms,TECTONIC
142,2025-10-30 07:31:05+00:00,9.67,126.17,26,2.3,013 km S 06° E of General Luna (Surigao Del Norte),Ms,TECTONIC
143,2025-10-30 07:30:38+00:00,11.12,124.08,9,2.2,014 km N 52° E of City Of Bogo (Cebu),Ms,TECTONIC
144,2025-10-30 05:04:14+00:00,7.36,126.84,4,2.3,037 km N 63° E of Manay (Davao Oriental),Ms,TECTONIC
145,2025-10-30 05:02:15+00:00,7.28,126.81,21,2.4,031 km N 76° E of Manay (Davao Oriental),Ms,TECTONIC
146,2025-10-30 04:58:16+00:00,9.6,126.19,35,1.5,021 km S 10° E of General Luna (Surigao Del Norte),Ms,TECTONIC
147,2025-10-30 04:54:07+00:00,7.87,126.13,32,1.5,010 km N 60° E of Monkayo (Davao De Oro),Ms,TECTONIC
148,2025-10-30 04:37:23+00:00,10.35,125.16,2,2.7,006 km S 42° W of Hinunangan (Southern Leyte),Ms,TECTONIC
149,2025-10-30 04:18:19+00:00,11.13,123.89,6,1.8,014 km N 46° W of City Of Bogo (Cebu),Ms,TECTONIC
150,2025-10-30 04:04:32+00:00,11.03,124.0,28,1.9,003 km S 46° E of City Of Bogo (Cebu),Ms,TECTONIC
151,2025-10-30 04:01:36+00:00,10.94,123.98,5,2.5,012 km S 01° E of City Of Bogo (Cebu),Ms,TECTONIC
152,2025-10-30 03:40:33+00:00,11.0,124.03,5,2.6,008 km S 50° E of City Of Bogo (Cebu),Ms,TECTONIC
153,2025-10-30 02:55:18+00:00,7.49,126.74,30,1.9,038 km N 36° E of Manay (Davao Oriental),Ms,TECTONIC
154,2025-10-30 02:39:59+00:00,9.8,126.14,23,1.8,002 km N 45° W of General Luna (Surigao Del Norte),Ms,TECTONIC
155,2025-10-30 02:37:46+00:00,11.13,124.18,8,2.2,024 km N 66° E of City Of Bogo (Cebu),Ms,TECTONIC
156,2025-10-30 02:32:29+00:00,9.65,126.21,33,2.0,015 km S 23° E of General Luna (Surigao Del Norte),Ms,TECTONIC
157,2025-10-30 02:06:49+00:00,9.88,124.21,20,1.5,007 km N 11° E of Carmen (Bohol),Ms,TECTONIC
158,2025-10-30 01:47:52+00:00,16.93,120.6,112,2.5,009 km N 54° E of Alilem (Ilocos Sur),Ms,TECTONIC
159,2025-10-30 01:46:05+00:00,10.97,123.98,5,2.2,009 km S 01° E of City Of Bogo (Cebu),Ms,TECTONIC
160,2025-10-30 01:07:51+00:00,4.75,125.32,37,3.5,074 km S 08° W of Balut Island (Municipality Of Sarangani) (Davao Occidental),Ms,TECTONIC
161,2025-10-30 00:18:19+00:00,10.8,122.83,33,1.6,013 km S 81° E of Dumangas (Iloilo),Ms,TECTONIC
162,2025-10-30 00:17:15+00:00,11.17,123.99,28,1.8,013 km N 04° E of City Of Bogo (Cebu),Ms,TECTONIC
163,2025-10-30 00:02:46+00:00,11.18,124.01,11,2.0,015 km N 13° E of City Of Bogo (Cebu),Ms,TECTONIC
164,2025-10-29 23:48:51+00:00,10.75,123.77,6,2.3,007 km N 73° W of Tuburan (Cebu),Ms,TECTONIC
165,2025-10-29 23:21:31+00:00,10.8,123.73,8,2.8,021 km N 59° W of Tabuelan (Cebu),Ms,TECTONIC
166,2025-10-29 23:05:14+00:00,11.06,124.05,2,2.1,008 km N 76° E of City Of Bogo (Cebu),Ms,TECTONIC
167,2025-10-29 23:02:55+00:00,12.97,124.52,12,3.4,036 km S 78° E of Prieto Diaz (Sorsogon),Ms,TECTONIC
168,2025-10-29 22:01:49+00:00,11.09,123.96,13,2.0,006 km N 23° W of City Of Bogo (Cebu),Ms,TECTONIC
169,2025-10-29 21:37:47+00:00,11.29,125.6,11,1.8,007 km S 19° W of Hernani (Eastern Samar),Ms,TECTONIC
170,2025-10-29 21:30:02+00:00,12.99,124.51,12,2.0,035 km S 80° E of Prieto Diaz (Sorsogon),Ms,TECTONIC
171,2025-10-29 21:29:09+00:00,11.02,123.96,3,2.3,003 km S 40° W of City Of Bogo (Cebu),Ms,TECTONIC
172,2025-10-29 21:28:41+00:00,12.47,124.62,30,2.2,004 km S 27° W of Catarman (Northern Samar),Ms,TECTONIC
173,2025-10-29 21:23:23+00:00,10.91,123.81,8,2.0,024 km S 50° W of City Of Bogo (Cebu),Ms,TECTONIC
174,2025-10-29 20:46:02+00:00,7.16,126.63,20,2.6,011 km S 64° E of Manay (Davao Oriental),Ms,TECTONIC
175,2025-10-29 20:10:00+00:00,7.5,126.73,27,2.5,021 km S 67° E of Baganga (Davao Oriental),Ms,TECTONIC
176,2025-10-29 20:09:28+00:00,13.28,120.76,29,1.9,019 km S 10° E of Abra De Ilog (Occidental Mindoro),Ms,TECTONIC
177,2025-10-29 20:07:05+00:00,8.9,126.36,40,2.8,007 km S 70° E of Cagwait (Surigao Del Sur),Ms,TECTONIC
178,2025-10-29 19:43:23+00:00,9.69,126.19,18,2.4,011 km S 19° E of General Luna (Surigao Del Norte),Ms,TECTONIC
179,2025-10-29 19:39:07+00:00,8.94,126.48,24,2.3,020 km N 84° E of Cagwait (Surigao Del Sur),Ms,TECTONIC
180,2025-10-29 19:34:08+00:00,10.41,125.96,35,1.7,042 km N 83° E of Loreto (Dinagat Islands),Ms,TECTONIC
181,2025-10-29 19:32:39+00:00,11.09,123.95,6,2.2,006 km N 33° W of City Of Bogo (Cebu),Ms,TECTONIC
182,2025-10-29 19:28:57+00:00,13.68,120.63,102,1.6,017 km S 02° W of Calatagan (Batangas),Ms,TECTONIC
183,2025-10-29 19:21:38+00:00,7.15,126.79,30,2.4,028 km S 76° E of Manay (Davao Oriental),Ms,TECTONIC
184,2025-10-29 19:13:30+00:00,7.02,126.75,27,2.4,032 km S 47° E of Manay (Davao Oriental),Ms,TECTONIC
185,2025-10-29 18:51:30+00:00,7.32,126.92,22,2.5,044 km N 74° E of Manay (Davao Oriental),Ms,TECTONIC
186,2025-10-29 18:43:46+00:00,11.12,124.12,6,2.0,018 km N 61° E of City Of Bogo (Cebu),Ms,TECTONIC
187,2025-10-29 18:25:38+00:00,11.15,124.15,5,2.2,022 km N 57° E of City Of Bogo (Cebu),Ms,TECTONIC
188,2025-10-29 18:16:58+00:00,10.99,123.95,3,2.8,007 km S 23° W of City Of Bogo (Cebu),Ms,TECTONIC
189,2025-10-29 18:16:30+00:00,18.61,120.7,5,2.2,012 km N 30° E of Burgos (Ilocos Norte),Ms,TECTONIC
190,2025-10-29 18:02:03+00:00,11.05,124.08,6,2.3,011 km N 88° E of City Of Bogo (Cebu),Ms,TECTONIC
191,2025-10-29 17:52:16+00:00,3.82,124.2,439,4.8,223 km S 37° W of Balut Island (Municipality Of Sarangani) (Davao Occidental),Ms,TECTONIC
192,2025-10-29 17:34:43+00:00,8.93,126.45,18,3.1,016 km N 85° E of Cagwait (Surigao Del Sur),Ms,TECTONIC
193,2025-10-29 17:18:03+00:00,10.9,123.83,11,2.0,023 km S 45° W of City Of Bogo (Cebu),Ms,TECTONIC
194,2025-10-29 16:25:13+00:00,11.15,124.18,6,2.4,025 km N 61° E of City Of Bogo (Cebu),Ms,TECTONIC
195,2025-10-29 16:07:39+00:00,9.65,126.1,22,2.3,015 km S 22° W of General Luna (Surigao Del Norte),Ms,TECTONIC
196,2025-10-29 16:01:09+00:00,8.51,124.63,7,3.1,004 km N 21° W of City Of Cagayan De Oro (Misamis Oriental),Ms,TECTONIC
197,2025-10-29 15:42:10+00:00,11.13,124.07,7,2.5,014 km N 50° E of City Of Bogo (Cebu),Ms,TECTONIC
198,2025-10-29 15:10:10+00:00,13.45,121.59,32,1.5,027 km N 90° W of Boac (Marinduque),Ms,TECTONIC
199,2025-10-29 15:00:22+00:00,13.51,120.77,33,1.4,009 km N 30° E of Abra De Ilog (Occidental Mindoro),Ms,TECTONIC
200,2025-10-29 14:48:49+00:00,6.23,126.21,43,2.7,050 km S 18° E of Governor Generoso (Davao Oriental),Ms,TECTONIC
201,2025-10-29 14:46:48+00:00,13.67,120.58,90,1.5,019 km S 16° W of Calatagan (Batangas),Ms,TECTONIC
202,2025-10-29 14:39:30+00:00,11.17,124.04,33,1.5,015 km N 26° E of City Of Bogo (Cebu),Ms,TECTONIC
203,2025-10-29 14:12:05+00:00,10.9,123.82,5,3.9,022 km S 47° W of City Of Bogo (Cebu),Ms,TECTONIC
204,2025-10-29 14:07:59+00:00,11.03,124.03,1,3.6,006 km S 74° E of City Of Bogo (Cebu),Ms,TECTONIC
205,2025-10-29 14:04:10+00:00,7.44,126.73,36,3.4,033 km N 39° E of Manay (Davao Oriental),Ms,TECTONIC
206,2025-10-29 14:01:55+00:00,10.91,123.97,4,2.7,015 km S 03° W of City Of Bogo (Cebu),Ms,TECTONIC
207,2025-10-29 13:49:27+00:00,11.01,124.0,6,1.8,004 km S 26° E of City Of Bogo (Cebu),Ms,TECTONIC
208,2025-10-29 13:47:53+00:00,11.06,124.05,4,2.4,008 km N 80° E of City Of Bogo (Cebu),Ms,TECTONIC
209,2025-10-29 13:40:08+00:00,13.83,120.58,77,1.4,005 km S 84° W of Calatagan (Batangas),Ms,TECTONIC
210,2025-10-29 13:39:58+00:00,11.25,124.27,6,2.0,014 km N 74° W of Villaba (Leyte),Ms,TECTONIC
211,2025-10-29 13:30:55+00:00,11.16,124.13,8,1.9,021 km N 53° E of City Of Bogo (Cebu),Ms,TECTONIC
212,2025-10-29 13:23:07+00:00,12.46,125.1,25,2.1,010 km S 10° W of Palapag (Northern Samar),Ms,TECTONIC
213,2025-10-29 12:52:37+00:00,11.14,124.02,32,2.0,012 km N 24° E of City Of Bogo (Cebu),Ms,TECTONIC
214,2025-10-29 12:51:45+00:00,11.11,124.16,7,1.5,020 km N 70° E of City Of Bogo (Cebu),Ms,TECTONIC
215,2025-10-29 12:21:34+00:00,9.11,122.57,8,3.4,034 km S 13° W of Basay (Negros Oriental),Ms,TECTONIC
216,2025-10-29 12:16:44+00:00,13.29,121.78,9,2.0,008 km S 65° W of Gasan (Marinduque),Ms,TECTONIC
217,2025-10-29 12:08:39+00:00,14.65,120.09,27,2.0,019 km S 80° W of Morong (Bataan),Ms,TECTONIC
218,2025-10-29 11:56:02+00:00,9.65,126.23,19,3.1,017 km S 28° E of General Luna (Surigao Del Norte),Ms,TECTONIC
219,2025-10-29 11:54:39+00:00,9.55,126.11,5,2.0,026 km S 12° W of General Luna (Surigao Del Norte),Ms,TECTONIC
220,2025-10-29 11:44:14+00:00,9.6,126.2,24,2.2,020 km S 12° E of General Luna (Surigao Del Norte),Ms,TECTONIC
221,2025-10-29 11:30:16+00:00,11.38,124.03,33,1.3,037 km N 09° E of City Of Bogo (Cebu),Ms,TECTONIC
222,2025-10-29 11:21:25+00:00,11.07,124.06,3,2.4,009 km N 73° E of City Of Bogo (Cebu),Ms,TECTONIC
223,2025-10-29 11:15:59+00:00,9.67,126.12,15,2.7,013 km S 17° W of General Luna (Surigao Del Norte),Ms,TECTONIC
224,2025-10-29 11:09:17+00:00,5.15,126.35,52,2.9,104 km S 70° E of Sarangani Island (Municipality Of Sarangani) (Davao Occidental),Ms,TECTONIC
225,2025-10-29 11:06:13+00:00,8.45,126.6,23,2.6,061 km S 32° E of Cagwait (Surigao Del Sur),Ms,TECTONIC
226,2025-10-29 10:28:31+00:00,7.04,126.98,28,2.5,052 km S 69° E of Manay (Davao Oriental),Ms,TECTONIC
227,2025-10-29 10:21:59+00:00,10.98,123.95,1,2.5,008 km S 22° W of City Of Bogo (Cebu),Ms,TECTONIC
228,2025-10-29 10:14:31+00:00,9.83,126.16,27,2.0,005 km N 07° E of General Luna (Surigao Del Norte),Ms,TECTONIC
229,2025-10-29 09:55:22+00:00,13.53,120.62,89,1.6,015 km N 53° W of Abra De Ilog (Occidental Mindoro),Ms,TECTONIC
230,2025-10-29 09:48:09+00:00,10.9,123.96,1,2.1,016 km S 09° W of City Of Bogo (Cebu),Ms,TECTONIC
231,2025-10-29 09:37:16+00:00,7.18,127.02,20,2.3,053 km S 87° E of Manay (Davao Oriental),Ms,TECTONIC
232,2025-10-29 09:22:12+00:00,9.64,126.17,33,2.1,016 km S 05° E of General Luna (Surigao Del Norte),Ms,TECTONIC
233,2025-10-29 09:07:18+00:00,7.06,127.02,10,2.4,056 km S 73° E of Manay (Davao Oriental),Ms,TECTONIC
234,2025-10-29 08:59:38+00:00,7.06,126.99,15,2.9,052 km S 71° E of Manay (Davao Oriental),Ms,TECTONIC
235,2025-10-29 08:22:21+00:00,9.7,126.26,29,2.1,015 km S 50° E of General Luna (Surigao Del Norte),Ms,TECTONIC
236,2025-10-29 08:15:05+00:00,11.01,124.07,2,2.0,011 km S 68° E of City Of Bogo (Cebu),Ms,TECTONIC
237,2025-10-29 08:08:07+00:00,10.69,124.16,9,1.6,016 km S 78° E of Catmon (Cebu),Ms,TECTONIC
238,2025-10-29 08:01:44+00:00,10.89,123.93,2,2.6,018 km S 18° W of City Of Bogo (Cebu),Ms,TECTONIC
239,2025-10-29 07:45:44+00:00,9.62,126.05,35,1.6,021 km S 34° W of General Luna (Surigao Del Norte),Ms,TECTONIC
240,2025-10-29 07:33:06+00:00,7.25,126.84,13,2.1,033 km N 83° E of Manay (Davao Oriental),Ms,TECTONIC
241,2025-10-29 07:28:44+00:00,9.71,126.6,10,2.0,049 km S 80° E of General Luna (Surigao Del Norte),Ms,TECTONIC
242,2025-10-29 07:26:15+00:00,9.05,126.21,54,2.2,018 km N 33° W of Cagwait (Surigao Del Sur),Ms,TECTONIC
243,2025-10-29 07:18:25+00:00,18.65,120.67,6,2.6,016 km N 09° E of Burgos (Ilocos Norte),Ms,TECTONIC
244,2025-10-29 07:20:27+00:00,7.52,127.1,19,2.3,070 km N 61° E of Manay (Davao Oriental),Ms,TECTONIC
245,2025-10-29 06:25:57+00:00,10.9,123.98,1,2.0,016 km South of City Of Bogo (Cebu),Ms,TECTONIC
246,2025-10-29 06:16:09+00:00,10.12,125.73,35,1.5,015 km N 68° E of Basilisa (Dinagat Islands),Ms,TECTONIC
247,2025-10-29 05:39:29+00:00,13.34,121.69,7,2.0,021 km S 54° W of Boac (Marinduque),Ms,TECTONIC
248,2025-10-29 04:24:05+00:00,9.01,126.6,11,2.2,034 km N 72° E of Cagwait (Surigao Del Sur),Ms,TECTONIC
249,2025-10-29 03:48:52+00:00,9.63,126.21,33,1.5,017 km S 18° E of General Luna (Surigao Del Norte),Ms,TECTONIC
250,2025-10-29 03:43:01+00:00,13.79,120.84,5,2.2,012 km N 68° W of Mabini (Batangas),Ms,TECTONIC
251,2025-10-29 03:33:21+00:00,5.9,125.68,75,2.7,005 km S 76° E of Jose Abad Santos (Davao Occidental),Ms,TECTONIC
252,2025-10-29 02:54:53+00:00,10.74,123.66,14,1.4,016 km N 80° E of Toboso (Negros Occidental),Ms,TECTONIC
253,2025-10-29 01:29:19+00:00,9.6,126.17,30,1.5,021 km S 04° E of General Luna (Surigao Del Norte),Ms,TECTONIC
254,2025-10-29 01:02:32+00:00,14.01,120.53,114,1.5,013 km S 77° W of Lian (Batangas),Ms,TECTONIC
255,2025-10-29 00:26:09+00:00,10.81,123.72,2,2.2,015 km N 50° W of Tuburan (Cebu),Ms,TECTONIC
256,2025-10-29 00:09:47+00:00,5.67,124.06,550,3.9,061 km S 14° W of Palimbang (Sultan Kudarat),Ms,TECTONIC
257,2025-10-28 23:53:13+00:00,10.79,123.78,11,2.8,008 km N 35° W of Tuburan (Cebu),Ms,TECTONIC
258,2025-10-28 23:40:00+00:00,10.79,123.76,7,2.6,010 km N 44° W of Tuburan (Cebu),unspecified,unspecified
259,2025-10-28 23:28:44+00:00,9.54,126.44,6,2.5,041 km S 49° E of General Luna (Surigao Del Norte),Ms,TECTONIC
260,2025-10-28 23:04:16+00:00,8.9,126.45,21,2.2,017 km S 84° E of Cagwait (Surigao Del Sur),Ms,TECTONIC
261,2025-10-28 23:01:59+00:00,8.95,126.38,19,4.6,009 km N 67° E of Cagwait (Surigao Del Sur),Mw,TECTONIC
262,2025-10-28 23:01:24+00:00,8.96,126.49,24,2.8,021 km N 79° E of Cagwait (Surigao Del Sur),Ms,TECTONIC
263,2025-10-28 22:34:37+00:00,8.38,126.14,129,2.5,022 km N 85° W of Hinatuan (Surigao Del Sur),Ms,TECTONIC
264,2025-10-28 22:24:00+00:00,7.27,127.25,16,3.0,079 km N 85° E of Manay (Davao Oriental),unspecified,unspecified
265,2025-10-28 22:03:32+00:00,11.19,124.04,33,1.6,017 km N 21° E of City Of Bogo (Cebu),Ms,TECTONIC
266,2025-10-28 22:01:18+00:00,9.68,126.13,21,2.2,012 km S 13° W of General Luna (Surigao Del Norte),Ms,TECTONIC
267,2025-10-28 21:57:17+00:00,11.03,124.06,4,2.4,009 km S 79° E of City Of Bogo (Cebu),Ms,TECTONIC
268,2025-10-28 21:27:09+00:00,15.43,121.8,12,1.7,044 km S 35° E of Baler (Aurora),Ms,TECTONIC
269,2025-10-28 21:19:43+00:00,11.05,124.07,3,2.6,010 km N 89° E of City Of Bogo (Cebu),Ms,TECTONIC
270,2025-10-28 21:00:09+00:00,7.11,126.88,9,3.4,040 km S 73° E of Manay (Davao Oriental),Ms,TECTONIC
271,2025-10-28 20:56:13+00:00,9.64,126.18,32,2.3,017 km S 11° E of General Luna (Surigao Del Norte),Ms,TECTONIC
272,2025-10-28 20:55:18+00:00,8.06,126.24,25,2.1,020 km N 82° E of Trento (Agusan Del Sur),Ms,TECTONIC
273,2025-10-28 20:34:23+00:00,10.97,123.94,6,2.5,009 km S 27° W of City Of Bogo (Cebu),Ms,TECTONIC
274,2025-10-28 20:21:00+00:00,11.11,123.98,18,1.4,007 km N 01° E of City Of Bogo (Cebu),unspecified,unspecified
275,2025-10-28 20:17:04+00:00,11.23,124.18,5,2.2,030 km N 46° E of City Of Bogo (Cebu),Ms,TECTONIC
276,2025-10-28 20:10:53+00:00,10.84,123.71,7,2.4,017 km N 83° W of Tabuelan (Cebu),Ms,TECTONIC
277,2025-10-28 20:08:37+00:00,9.6,126.24,31,1.6,022 km S 23° E of General Luna (Surigao Del Norte),Ms,TECTONIC
278,2025-10-28 19:47:15+00:00,11.02,124.03,6,3.4,007 km S 58° E of City Of Bogo (Cebu),Ms,TECTONIC
279,2025-10-28 19:33:31+00:00,17.99,120.63,25,1.8,003 km N 60° W of Banna (Ilocos Norte),Ms,TECTONIC
280,2025-10-28 19:20:00+00:00,10.94,124.0,16,2.4,012 km S 09° E of City Of Bogo (Cebu),unspecified,unspecified
281,2025-10-28 19:16:44+00:00,7.83,126.48,21,2.1,005 km N 29° E of Cateel (Davao Oriental),Ms,TECTONIC
282,2025-10-28 19:11:48+00:00,11.2,124.36,16,1.9,004 km S 79° W of Villaba (Leyte),Ms,TECTONIC
283,2025-10-28 19:10:42+00:00,13.53,120.77,1,3.1,010 km N 29° E of Abra De Ilog (Occidental Mindoro),Ms,TECTONIC
284,2025-10-28 18:15:00+00:00,15.44,121.77,4,3.1,042 km S 33° E of Baler (Aurora),unspecified,unspecified
285,2025-10-28 18:13:00+00:00,15.45,121.77,2,3.3,041 km S 33° E of Baler (Aurora),unspecified,unspecified
286,2025-10-28 17:20:57+00:00,9.67,125.99,31,2.2,022 km S 55° W of General Luna (Surigao Del Norte),Ms,TECTONIC
287,2025-10-28 17:19:15+00:00,11.07,123.96,21,1.8,003 km N 34° W of City Of Bogo (Cebu),Ms,TECTONIC
288,2025-10-28 16:54:25+00:00,15.81,121.36,3,4.1,013 km N 84° W of Maria Aurora (Aurora),Ms,TECTONIC
289,2025-10-28 16:52:55+00:00,9.63,126.26,32,1.9,020 km S 33° E of General Luna (Surigao Del Norte),Ms,TECTONIC
290,2025-10-28 16:24:00+00:00,15.44,121.79,3,3.3,042 km S 35° E of Baler (Aurora),unspecified,unspecified
291,2025-10-28 16:15:12+00:00,11.21,123.91,7,1.9,020 km N 24° W of City Of Bogo (Cebu),Ms,TECTONIC
292,2025-10-28 16:07:35+00:00,6.89,126.8,25,2.3,046 km S 39° E of Manay (Davao Oriental),Ms,TECTONIC
293,2025-10-28 15:39:51+00:00,15.07,121.5,30,2.4,037 km S 19° E of Dingalan (Aurora),Ms,TECTONIC
294,2025-10-28 15:11:35+00:00,7.25,127.27,28,3.4,081 km N 87° E of Manay (Davao Oriental),Ms,TECTONIC
295,2025-10-28 14:32:07+00:00,10.92,123.91,5,2.4,017 km S 29° W of City Of Bogo (Cebu),Ms,TECTONIC
296,2025-10-28 14:28:18+00:00,12.75,125.18,5,2.3,024 km N 17° E of Palapag (Northern Samar),Ms,TECTONIC
297,2025-10-28 14:27:57+00:00,11.0,124.07,35,1.6,012 km S 64° E of City Of Bogo (Cebu),Ms,TECTONIC
298,2025-10-28 14:17:14+00:00,10.87,123.95,7,2.6,020 km S 09° W of City Of Bogo (Cebu),Ms,TECTONIC
299,2025-10-28 14:02:59+00:00,8.0,126.64,21,1.9,025 km S 81° E of Lingig (Surigao Del Sur),Ms,TECTONIC
300,2025-10-28 13:49:50+00:00,7.37,123.18,7,1.6,016 km S 06° E of Vincenzo A. Sagun (Zamboanga Del Sur),Ms,TECTONIC
301,2025-10-28 13:49:23+00:00,11.15,124.02,31,2.4,012 km N 21° E of City Of Bogo (Cebu),Ms,TECTONIC
302,2025-10-28 13:35:07+00:00,17.64,122.31,10,2.1,029 km N 16° E of Maconacon (Isabela),Ms,TECTONIC
303,2025-10-28 13:21:42+00:00,17.71,122.51,33,3.0,047 km N 39° E of Maconacon (Isabela),Ms,TECTONIC
304,2025-10-28 13:10:26+00:00,7.38,126.69,18,3.1,025 km N 41° E of Manay (Davao Oriental),Ms,TECTONIC
305,2025-10-28 12:55:56+00:00,9.66,126.11,29,2.3,014 km S 21° W of General Luna (Surigao Del Norte),Ms,TECTONIC
306,2025-10-28 12:48:31+00:00,11.14,124.2,1,2.3,026 km N 67° E of City Of Bogo (Cebu),Ms,TECTONIC
307,2025-10-28 12:42:20+00:00,9.64,126.21,34,1.7,017 km S 21° E of General Luna (Surigao Del Norte),Ms,TECTONIC
308,2025-10-28 12:27:20+00:00,10.93,123.97,1,2.3,013 km S 03° W of City Of Bogo (Cebu),Ms,TECTONIC
309,2025-10-28 11:52:42+00:00,7.6,126.59,20,2.0,043 km N 08° E of Manay (Davao Oriental),Ms,TECTONIC
310,2025-10-28 11:46:49+00:00,7.13,124.29,53,1.5,009 km N 78° W of Kabuntalan (Maguindanao Del Norte),Ms,TECTONIC
311,2025-10-28 11:44:58+00:00,6.62,126.92,149,2.7,078 km S 32° E of Manay (Davao Oriental),Ms,TECTONIC
312,2025-10-28 11:32:55+00:00,4.32,125.53,11,3.1,122 km S 06° E of Balut Island (Municipality Of Sarangani) (Davao Occidental),Ms,TECTONIC
313,2025-10-28 11:26:05+00:00,9.74,122.34,12,2.7,010 km S 72° W of City Of Sipalay (Negros Occidental),Ms,TECTONIC
314,2025-10-28 11:19:07+00:00,8.65,124.52,35,2.0,010 km N 04° W of City Of El Salvador (Misamis Oriental),Ms,TECTONIC
315,2025-10-28 11:08:47+00:00,11.1,124.01,30,1.7,012 km N 25° E of City Of Bogo (Cebu),Ms,TECTONIC
316,2025-10-28 11:05:20+00:00,11.14,124.15,11,1.7,022 km N 61° E of City Of Bogo (Cebu),Ms,TECTONIC
317,2025-10-28 11:03:49+00:00,11.82,125.58,8,2.6,013 km N 88° E of Sulat (Eastern Samar),Ms,TECTONIC
318,2025-10-28 10:37:25+00:00,5.35,124.97,31,2.7,050 km S 83° W of Balut Island (Municipality Of Sarangani) (Davao Occidental),Ms,TECTONIC
319,2025-10-28 10:33:02+00:00,7.18,123.26,19,3.2,030 km S 11° W of Pitogo (Zamboanga Del Sur),Ms,TECTONIC
320,2025-10-28 10:32:17+00:00,6.88,126.28,32,1.6,011 km S 43° E of City Of Mati (Davao Oriental),Ms,TECTONIC
321,2025-10-28 10:28:36+00:00,9.69,126.31,26,3.1,019 km S 58° E of General Luna (Surigao Del Norte),Ml,TECTONIC
322,2025-10-28 10:14:25+00:00,14.91,121.88,18,1.9,008 km S 70° E of Panukulan (Quezon),Ms,TECTONIC
323,2025-10-28 09:44:14+00:00,9.26,125.66,16,2.2,011 km S 89° E of Santiago (Agusan Del Norte),Ms,TECTONIC
324,2025-10-28 09:09:04+00:00,8.9,126.4,30,2.6,011 km S 76° E of Cagwait (Surigao Del Sur),Ms,TECTONIC
325,2025-10-28 08:48:20+00:00,9.65,126.29,33,1.3,021 km S 44° E of General Luna (Surigao Del Norte),Ms,TECTONIC
326,2025-10-28 07:21:12+00:00,17.05,120.5,12,1.9,007 km S 54° E of Santa Cruz (Ilocos Sur),Ms,TECTONIC
327,2025-10-28 07:19:29+00:00,7.49,123.24,20,1.5,008 km S 67° E of Vincenzo A. Sagun (Zamboanga Del Sur),Ms,TECTONIC
328,2025-10-28 06:54:47+00:00,8.72,126.37,32,2.0,023 km S 20° E of Cagwait (Surigao Del Sur),Ms,TECTONIC
329,2025-10-28 06:54:13+00:00,11.04,123.96,2,2.6,002 km S 75° W of City Of Bogo (Cebu),Ms,TECTONIC
330,2025-10-28 06:49:39+00:00,15.48,119.93,34,1.7,006 km N 19° E of Palauig (Zambales),Ms,TECTONIC
331,2025-10-28 06:49:03+00:00,7.35,127.12,22,2.5,066 km N 76° E of Manay (Davao Oriental),Ms,TECTONIC
332,2025-10-28 06:30:46+00:00,7.4,127.33,12,3.8,090 km N 77° E of Manay (Davao Oriental),Ms,TECTONIC
333,2025-10-28 06:11:43+00:00,7.23,126.91,22,2.6,042 km N 86° E of Manay (Davao Oriental),Ms,TECTONIC
334,2025-10-28 06:09:46+00:00,9.45,125.56,19,2.2,002 km West of Kitcharao (Agusan Del Norte),Ms,TECTONIC
335,2025-10-28 05:55:55+00:00,9.4,125.53,2,3.3,008 km S 38° W of Alegria (Surigao Del Norte),Ms,TECTONIC
336,2025-10-28 05:12:36+00:00,14.12,121.28,2,1.9,009 km S 42° E of Los Baños (Laguna),Ms,TECTONIC
337,2025-10-28 04:42:56+00:00,7.36,127.02,19,2.3,056 km N 72° E of Manay (Davao Oriental),Ms,TECTONIC
338,2025-10-28 04:34:35+00:00,14.09,121.26,4,3.5,010 km S 24° E of Los Baños (Laguna),Ms,TECTONIC
339,2025-10-28 04:31:24+00:00,7.42,127.04,22,2.2,060 km N 67° E of Manay (Davao Oriental),Ms,TECTONIC
340,2025-10-28 04:20:08+00:00,13.76,122.26,5,2.7,012 km N 52° E of General Luna (Quezon),Ms,TECTONIC
341,2025-10-28 03:31:37+00:00,14.16,121.21,43,2.1,002 km S 22° W of Los Baños (Laguna),Ms,TECTONIC
342,2025-10-28 03:28:29+00:00,14.15,121.19,32,1.5,004 km S 50° W of Los Baños (Laguna),Ms,TECTONIC
343,2025-10-28 03:12:10+00:00,10.75,123.81,29,1.9,003 km N 45° W of Tuburan (Cebu),Ms,TECTONIC
344,2025-10-28 01:09:34+00:00,11.18,124.15,12,2.1,024 km N 50° E of City Of Bogo (Cebu),Ms,TECTONIC
345,2025-10-28 00:08:54+00:00,11.05,123.98,27,2.0,001 km N 45° E of City Of Bogo (Cebu),Ms,TECTONIC
346,2025-10-28 00:04:06+00:00,11.14,124.07,26,2.0,015 km N 44° E of City Of Bogo (Cebu),Ms,TECTONIC
347,2025-10-27 22:10:59+00:00,10.18,124.92,28,1.9,009 km N 75° W of Malitbog (Southern Leyte),Ms,TECTONIC
348,2025-10-27 21:36:36+00:00,10.99,124.03,2,2.5,009 km S 38° E of City Of Bogo (Cebu),Ms,TECTONIC
349,2025-10-27 21:18:10+00:00,10.9,123.89,2,1.8,019 km S 33° W of City Of Bogo (Cebu),Ms,TECTONIC
350,2025-10-27 20:38:51+00:00,18.47,120.82,4,2.0,011 km S 21° E of Pagudpud (Ilocos Norte),Ms,TECTONIC
351,2025-10-27 19:59:14+00:00,11.16,124.18,17,2.0,025 km N 60° E of City Of Bogo (Cebu),Ms,TECTONIC
352,2025-10-27 19:55:04+00:00,11.22,124.21,10,1.9,031 km N 52° E of City Of Bogo (Cebu),Ms,TECTONIC
353,2025-10-27 19:52:42+00:00,11.3,124.13,36,1.8,033 km N 30° E of City Of Bogo (Cebu),Ms,TECTONIC
354,2025-10-27 19:50:41+00:00,9.54,125.66,43,2.1,007 km S 16° E of Bacuag (Surigao Del Norte),Ms,TECTONIC
355,2025-10-27 19:33:46+00:00,9.8,125.47,32,1.8,002 km N 69° W of City Of Surigao (Surigao Del Norte),Ms,TECTONIC
356,2025-10-27 19:31:51+00:00,7.15,126.69,31,2.0,018 km S 68° E of Manay (Davao Oriental),Ms,TECTONIC
357,2025-10-27 19:26:55+00:00,11.04,124.09,6,2.6,012 km S 87° E of City Of Bogo (Cebu),Ms,TECTONIC
358,2025-10-27 19:20:00+00:00,10.9,123.89,4,2.3,019 km S 30° W of City Of Bogo (Cebu),Ms,TECTONIC
359,2025-10-27 19:16:07+00:00,9.68,126.27,32,1.8,017 km S 47° E of General Luna (Surigao Del Norte),Ms,TECTONIC
360,2025-10-27 19:06:12+00:00,11.16,123.99,21,1.9,013 km N 03° E of City Of Bogo (Cebu),Ms,TECTONIC
361,2025-10-27 19:02:32+00:00,10.91,123.92,7,2.5,016 km S 26° W of City Of Bogo (Cebu),Ms,TECTONIC
362,2025-10-27 18:40:31+00:00,6.92,127.45,12,3.0,106 km S 72° E of Manay (Davao Oriental),Ms,TECTONIC
363,2025-10-27 18:29:51+00:00,9.65,126.21,33,1.7,016 km S 23° E of General Luna (Surigao Del Norte),Ms,TECTONIC
364,2025-10-27 18:00:00+00:00,11.11,124.04,31,2.2,009 km N 43° E of City Of Bogo (Cebu),Ms,TECTONIC
365,2025-10-27 17:53:09+00:00,8.7,126.19,28,1.9,026 km S 26° W of Cagwait (Surigao Del Sur),Ms,TECTONIC
366,2025-10-27 17:49:55+00:00,7.45,126.72,1,2.5,033 km N 37° E of Manay (Davao Oriental),Ms,TECTONIC
367,2025-10-27 17:43:57+00:00,11.16,124.1,33,1.9,018 km N 47° E of City Of Bogo (Cebu),Ms,TECTONIC
368,2025-10-27 17:41:19+00:00,9.85,122.44,27,1.8,009 km N 07° E of City Of Sipalay (Negros Occidental),Ms,TECTONIC
369,2025-10-27 17:40:26+00:00,12.24,123.84,3,2.2,005 km N 24° W of Dimasalang (Masbate),Ms,TECTONIC
370,2025-10-27 17:35:36+00:00,13.0,121.25,5,2.0,018 km S 71° W of Socorro (Oriental Mindoro),Ms,TECTONIC
371,2025-10-27 17:30:35+00:00,7.13,126.74,28,1.9,023 km S 69° E of Manay (Davao Oriental),Ms,TECTONIC
372,2025-10-27 17:10:44+00:00,9.07,126.49,35,1.8,026 km N 51° E of Cagwait (Surigao Del Sur),Ms,TECTONIC
373,2025-10-27 17:09:43+00:00,18.45,120.98,8,2.4,009 km S 80° E of Adams (Ilocos Norte),Ms,TECTONIC
374,2025-10-27 17:03:49+00:00,5.28,126.49,101,4.0,115 km S 79° E of Sarangani Island (Municipality Of Sarangani) (Davao Occidental),Ms,TECTONIC
375,2025-10-27 16:58:34+00:00,9.51,126.1,44,1.7,031 km S 12° W of General Luna (Surigao Del Norte),Ms,TECTONIC
376,2025-10-27 16:52:19+00:00,11.15,123.92,4,3.0,012 km N 29° W of City Of Bogo (Cebu),Ms,TECTONIC
377,2025-10-27 16:10:39+00:00,9.59,126.19,35,1.9,022 km S 10° E of General Luna (Surigao Del Norte),Ms,TECTONIC
378,2025-10-27 15:22:18+00:00,11.07,124.09,11,1.6,012 km N 79° E of City Of Bogo (Cebu),Ms,TECTONIC
379,2025-10-27 15:19:58+00:00,11.38,124.31,12,2.0,008 km S 23° W of Cabucgayan (Biliran),Ms,TECTONIC
380,2025-10-27 15:17:32+00:00,10.98,123.92,3,1.9,010 km S 41° W of City Of Bogo (Cebu),Ms,TECTONIC
381,2025-10-27 15:13:07+00:00,9.6,126.7,6,2.2,063 km S 71° E of General Luna (Surigao Del Norte),Ms,TECTONIC
382,2025-10-27 14:50:18+00:00,15.44,119.85,22,2.1,007 km N 82° W of Palauig (Zambales),Ms,TECTONIC
383,2025-10-27 14:39:19+00:00,7.13,126.89,32,2.5,040 km S 77° E of Manay (Davao Oriental),Ms,TECTONIC
384,2025-10-27 14:37:48+00:00,11.21,124.08,25,1.8,020 km N 31° E of City Of Bogo (Cebu),Ms,TECTONIC
385,2025-10-27 14:27:47+00:00,7.24,126.85,15,2.5,034 km N 85° E of Manay (Davao Oriental),Ms,TECTONIC
386,2025-10-27 14:07:36+00:00,15.52,119.98,19,2.7,003 km S 69° E of Masinloc (Zambales),Ms,TECTONIC
387,2025-10-27 14:06:24+00:00,7.46,127.31,9,2.9,089 km N 72° E of Manay (Davao Oriental),Ml,TECTONIC
388,2025-10-27 13:52:05+00:00,9.67,126.27,33,1.6,018 km S 45° E of General Luna (Surigao Del Norte),Ms,TECTONIC
389,2025-10-27 13:25:19+00:00,14.09,122.85,32,1.9,006 km N 14° W of San Lorenzo Ruiz (Camarines Norte),Ms,TECTONIC
390,2025-10-27 13:09:26+00:00,9.73,126.29,20,2.0,015 km S 69° E of General Luna (Surigao Del Norte),Ms,TECTONIC
391,2025-10-27 12:57:32+00:00,6.11,126.44,102,2.1,073 km S 34° E of Governor Generoso (Davao Oriental),Ms,TECTONIC
392,2025-10-27 12:51:15+00:00,10.96,124.07,9,1.9,013 km S 46° E of City Of Bogo (Cebu),Ms,TECTONIC
393,2025-10-27 12:49:46+00:00,8.83,126.4,43,2.0,012 km N 70° E of Marihatag (Surigao Del Sur),Ms,TECTONIC
394,2025-10-27 12:38:44+00:00,10.79,123.76,9,2.1,010 km N 48° W of Tuburan (Cebu),Ms,TECTONIC
395,2025-10-27 12:37:18+00:00,7.49,126.19,3,2.0,009 km S 45° E of New Bataan (Davao De Oro),Ms,TECTONIC
396,2025-10-27 12:34:23+00:00,8.58,126.47,29,1.4,027 km N 33° E of Hinatuan (Surigao Del Sur),Ms,TECTONIC
397,2025-10-27 12:11:47+00:00,7.5,126.7,18,1.8,037 km N 29° E of Manay (Davao Oriental),Ms,TECTONIC
398,2025-10-27 11:59:32+00:00,9.68,126.09,30,1.5,013 km S 31° W of General Luna (Surigao Del Norte),Ms,TECTONIC
399,2025-10-27 11:53:17+00:00,11.13,124.11,10,1.7,017 km N 58° E of City Of Bogo (Cebu),Ms,TECTONIC
400,2025-10-27 11:41:41+00:00,7.36,126.8,9,2.2,034 km N 60° E of Manay (Davao Oriental),Ms,TECTONIC
401,2025-10-27 11:29:37+00:00,14.06,122.85,33,1.5,003 km N 37° W of San Lorenzo Ruiz (Camarines Norte),Ms,TECTONIC
402,2025-10-27 11:29:01+00:00,14.04,122.79,34,1.5,009 km N 87° W of San Lorenzo Ruiz (Camarines Norte),Ms,TECTONIC
403,2025-10-27 11:24:04+00:00,9.66,126.23,30,2.5,016 km S 29° E of General Luna (Surigao Del Norte),Ms,TECTONIC
404,2025-10-27 10:59:07+00:00,9.73,126.21,34,1.8,009 km S 48° E of General Luna (Surigao Del Norte),Ms,TECTONIC
405,2025-10-27 10:46:27+00:00,16.19,120.85,25,2.6,010 km N 72° W of Santa Fe (Nueva Vizcaya),Ms,TECTONIC
406,2025-10-27 10:35:40+00:00,9.66,126.25,35,1.8,017 km S 37° E of General Luna (Surigao Del Norte),Ms,TECTONIC
407,2025-10-27 10:25:08+00:00,13.94,122.89,1,2.1,011 km S 11° E of San Lorenzo Ruiz (Camarines Norte),Ms,TECTONIC
408,2025-10-27 10:07:03+00:00,13.34,121.7,18,1.9,019 km S 52° W of Boac (Marinduque),Ms,TECTONIC
409,2025-10-27 09:57:35+00:00,7.03,126.79,20,2.4,034 km S 54° E of Manay (Davao Oriental),Ms,TECTONIC
410,2025-10-27 09:23:50+00:00,9.56,125.91,3,1.8,009 km S 43° W of Socorro (Surigao Del Norte),Ms,TECTONIC
411,2025-10-27 09:10:42+00:00,8.79,125.86,16,2.5,014 km N 54° E of City Of Bayugan (Agusan Del Sur),Ms,TECTONIC
412,2025-10-27 09:03:08+00:00,11.01,123.96,1,2.7,005 km S 31° W of City Of Bogo (Cebu),Ms,TECTONIC
413,2025-10-27 08:40:28+00:00,13.34,121.64,5,2.8,025 km S 61° W of Boac (Marinduque),Ms,TECTONIC
414,2025-10-27 08:38:15+00:00,9.21,126.27,7,2.1,033 km N 07° W of Cagwait (Surigao Del Sur),Ms,TECTONIC
415,2025-10-27 08:38:01+00:00,7.2,127.05,34,2.7,056 km S 89° E of Manay (Davao Oriental),Ms,TECTONIC
416,2025-10-27 08:35:47+00:00,11.19,124.08,9,2.4,019 km N 35° E of City Of Bogo (Cebu),Ms,TECTONIC
417,2025-10-27 08:23:53+00:00,8.01,126.27,29,2.3,015 km S 80° W of Lingig (Surigao Del Sur),Ms,TECTONIC
418,2025-10-27 07:45:16+00:00,13.59,120.66,158,2.3,018 km N 23° W of Abra De Ilog (Occidental Mindoro),Ms,TECTONIC
419,2025-10-27 07:44:27+00:00,10.88,123.95,1,2.2,019 km S 11° W of City Of Bogo (Cebu),Ms,TECTONIC
420,2025-10-27 06:58:55+00:00,9.51,125.89,83,2.5,015 km S 33° W of Socorro (Surigao Del Norte),Ms,TECTONIC
421,2025-10-27 06:55:20+00:00,18.44,120.84,11,2.0,006 km S 69° W of Adams (Ilocos Norte),Ms,TECTONIC
422,2025-10-27 06:27:26+00:00,7.22,126.76,20,2.2,024 km N 87° E of Manay (Davao Oriental),Ms,TECTONIC
423,2025-10-27 06:12:46+00:00,11.38,124.11,30,2.3,040 km N 20° E of City Of Bogo (Cebu),Ms,TECTONIC
424,2025-10-27 05:53:32+00:00,9.9,126.05,32,1.6,018 km N 44° W of General Luna (Surigao Del Norte),Ms,TECTONIC
425,2025-10-27 05:18:07+00:00,9.65,126.13,29,1.8,014 km S 11° W of General Luna (Surigao Del Norte),Ms,TECTONIC
426,2025-10-27 04:49:44+00:00,10.97,123.99,4,2.8,008 km S 07° E of City Of Bogo (Cebu),Ms,TECTONIC
427,2025-10-27 04:44:09+00:00,7.29,127.04,8,2.8,056 km N 81° E of Manay (Davao Oriental),Ms,TECTONIC
428,2025-10-27 04:28:44+00:00,10.99,123.99,21,1.5,006 km S 10° E of City Of Bogo (Cebu),Ms,TECTONIC
429,2025-10-27 04:19:52+00:00,11.11,124.03,8,2.3,009 km N 40° E of City Of Bogo (Cebu),Ms,TECTONIC
430,2025-10-27 04:07:32+00:00,9.64,126.2,35,2.0,016 km S 16° E of General Luna (Surigao Del Norte),Ms,TECTONIC
431,2025-10-27 04:01:10+00:00,7.39,126.74,12,2.5,029 km N 48° E of Manay (Davao Oriental),Ms,TECTONIC
432,2025-10-27 04:00:52+00:00,11.96,124.45,1,1.9,004 km N 09° E of Santo Niño (Samar),Ms,TECTONIC
433,2025-10-27 03:45:41+00:00,11.32,123.99,1,2.5,030 km N 01° E of City Of Bogo (Cebu),Ms,TECTONIC
434,2025-10-27 03:31:03+00:00,5.4,127.34,33,2.8,196 km S 73° E of Jose Abad Santos (Davao Occidental),Ms,TECTONIC
435,2025-10-27 03:21:28+00:00,11.66,124.07,28,1.9,009 km S 22° E of Esperanza (Masbate),Ms,TECTONIC
436,2025-10-27 03:20:22+00:00,11.08,124.31,33,2.3,009 km N 67° W of Palompon (Leyte),Ms,TECTONIC
437,2025-10-27 03:14:26+00:00,9.62,126.19,32,2.0,019 km S 11° E of General Luna (Surigao Del Norte),Ms,TECTONIC
438,2025-10-27 02:57:07+00:00,8.8,126.4,27,3.1,017 km S 39° E of Cagwait (Surigao Del Sur),Ms,TECTONIC
439,2025-10-27 02:39:49+00:00,5.49,126.53,26,3.5,101 km S 67° E of Jose Abad Santos (Davao Occidental),Ms,TECTONIC
440,2025-10-27 02:27:28+00:00,5.17,126.94,74,3.0,165 km S 60° E of Jose Abad Santos (Davao Occidental),Ms,TECTONIC
441,2025-10-27 02:26:01+00:00,9.17,125.77,36,1.6,023 km S 64° W of Madrid (Surigao Del Sur),Ms,TECTONIC
442,2025-10-27 02:05:38+00:00,11.02,124.08,1,2.4,012 km S 73° E of City Of Bogo (Cebu),Ms,TECTONIC
443,2025-10-27 02:04:25+00:00,6.12,126.22,120,2.7,059 km S 81° E of Don Marcelino (Davao Occidental),Ms,TECTONIC
444,2025-10-27 01:31:19+00:00,7.14,126.73,22,2.6,023 km S 69° E of Manay (Davao Oriental),Ms,TECTONIC
445,2025-10-27 01:26:04+00:00,8.85,126.5,31,2.5,023 km S 72° E of Cagwait (Surigao Del Sur),Ms,TECTONIC
446,2025-10-27 01:08:27+00:00,8.98,126.31,38,4.2,007 km N 08° E of Cagwait (Surigao Del Sur),Ms,TECTONIC
447,2025-10-27 01:00:09+00:00,16.45,120.64,26,2.0,011 km N 20° W of Itogon (Benguet),Ms,TECTONIC
448,2025-10-27 00:52:06+00:00,16.39,120.68,6,1.8,004 km N 02° W of Itogon (Benguet),Ms,TECTONIC
449,2025-10-27 00:32:21+00:00,18.77,120.5,8,2.9,032 km N 27° W of Burgos (Ilocos Norte),Ms,TECTONIC
450,2025-10-27 00:25:12+00:00,7.4,127.02,11,2.9,057 km N 69° E of Manay (Davao Oriental),Ms,TECTONIC
451,2025-10-27 00:21:01+00:00,16.4,120.6,19,1.4,010 km N 63° W of Itogon (Benguet),Ms,TECTONIC
452,2025-10-27 00:20:49+00:00,16.47,120.81,33,1.4,018 km N 51° E of Itogon (Benguet),Ms,TECTONIC
453,2025-10-26 23:28:46+00:00,7.1,125.43,11,2.1,020 km N 79° W of City Of Davao,Ms,TECTONIC
454,2025-10-26 22:38:34+00:00,7.13,126.72,142,2.8,028 km S 37° E of Caraga (Davao Oriental),Ms,TECTONIC
455,2025-10-26 22:24:44+00:00,10.98,124.06,34,1.5,011 km S 49° E of City Of Bogo (Cebu),Ms,TECTONIC
456,2025-10-26 21:50:02+00:00,11.03,124.03,17,2.2,006 km S 75° E of City Of Bogo (Cebu),Ms,TECTONIC
457,2025-10-26 21:26:59+00:00,7.21,126.96,13,2.9,047 km S 90° E of Manay (Davao Oriental),Ms,TECTONIC
458,2025-10-26 21:11:06+00:00,7.04,126.18,25,3.4,010 km N 24° W of City Of Mati (Davao Oriental),Ms,TECTONIC
459,2025-10-26 20:27:48+00:00,15.67,120.66,16,2.9,005 km N 18° E of Pura (Tarlac),Ms,TECTONIC
460,2025-10-26 20:21:32+00:00,7.39,126.84,24,2.5,039 km N 59° E of Manay (Davao Oriental),Ms,TECTONIC
461,2025-10-26 19:15:29+00:00,7.09,127.04,9,3.5,057 km S 76° E of Manay (Davao Oriental),Ms,TECTONIC
462,2025-10-26 19:10:56+00:00,12.66,121.09,9,1.9,019 km N 57° E of Calintaan (Occidental Mindoro),Ms,TECTONIC
463,2025-10-26 19:03:43+00:00,11.26,124.06,19,2.2,025 km N 20° E of City Of Bogo (Cebu),Ms,TECTONIC
464,2025-10-26 18:57:21+00:00,6.96,126.73,27,3.6,034 km S 37° E of Manay (Davao Oriental),Ms,TECTONIC
465,2025-10-26 18:50:22+00:00,7.29,126.94,20,3.3,045 km N 79° E of Manay (Davao Oriental),Ms,TECTONIC
466,2025-10-26 18:48:04+00:00,11.05,124.03,8,3.2,005 km N 86° E of City Of Bogo (Cebu),Ms,TECTONIC
467,2025-10-26 18:45:47+00:00,4.94,127.66,162,3.7,251 km S 65° E of Jose Abad Santos (Davao Occidental),Ms,TECTONIC
468,2025-10-26 18:32:34+00:00,12.09,120.68,33,1.8,051 km S 55° W of San Jose (Occidental Mindoro),Ms,TECTONIC
469,2025-10-26 18:26:20+00:00,8.72,124.63,38,1.7,016 km N 62° W of Jasaan (Misamis Oriental),Ms,TECTONIC
470,2025-10-26 18:14:08+00:00,10.77,123.84,1,1.7,034 km S 27° W of City Of Bogo (Cebu),Ms,TECTONIC
471,2025-10-26 18:14:05+00:00,16.8,121.51,19,1.5,004 km N 59° W of Ramon (Isabela),Ms,TECTONIC
472,2025-10-26 18:02:10+00:00,9.92,124.2,27,1.9,012 km N 84° E of Sagbayan (Bohol),Ms,TECTONIC
473,2025-10-26 17:50:30+00:00,7.42,127.1,9,3.6,067 km N 69° E of Manay (Davao Oriental),Ms,TECTONIC
474,2025-10-26 17:34:33+00:00,8.35,126.83,1,2.1,055 km S 88° E of Hinatuan (Surigao Del Sur),Ms,TECTONIC
475,2025-10-26 16:50:00+00:00,11.09,124.22,29,1.8,027 km N 80° E of City Of Bogo (Cebu),Ms,TECTONIC
476,2025-10-26 16:25:09+00:00,7.28,126.87,30,1.9,037 km N 78° E of Manay (Davao Oriental),Ms,TECTONIC
477,2025-10-26 16:17:28+00:00,10.2,125.25,4,3.0,008 km S 06° W of Anahawan (Southern Leyte),Ms,TECTONIC
478,2025-10-26 16:06:44+00:00,15.32,120.08,34,1.4,007 km N 56° E of Botolan (Zambales),Ms,TECTONIC
479,2025-10-26 15:49:48+00:00,13.0,124.54,15,2.1,038 km S 83° E of Prieto Diaz (Sorsogon),Ms,TECTONIC
480,2025-10-26 15:37:36+00:00,14.87,119.43,17,3.9,072 km S 83° W of San Antonio (Zambales),Ms,TECTONIC
481,2025-10-26 15:21:38+00:00,13.82,120.4,71,3.4,025 km S 87° W of Calatagan (Batangas),Ms,TECTONIC
482,2025-10-26 15:12:08+00:00,11.17,123.96,6,2.1,013 km N 11° W of City Of Bogo (Cebu),Ms,TECTONIC
483,2025-10-26 15:03:37+00:00,11.16,123.95,1,2.6,017 km N 09° W of City Of Bogo (Cebu),Ms,TECTONIC
484,2025-10-26 14:48:37+00:00,10.93,123.94,2,2.2,014 km S 19° W of City Of Bogo (Cebu),Ms,TECTONIC
485,2025-10-26 14:48:17+00:00,10.9,123.98,5,2.0,016 km S 01° W of City Of Bogo (Cebu),Ms,TECTONIC
486,2025-10-26 14:33:22+00:00,10.91,123.9,1,2.4,017 km S 31° W of City Of Bogo (Cebu),Ms,TECTONIC
487,2025-10-26 14:22:41+00:00,10.98,122.56,32,1.6,002 km S 79° E of Badiangan (Iloilo),Ms,TECTONIC
488,2025-10-26 14:10:08+00:00,6.66,127.07,2,3.4,085 km S 44° E of Manay (Davao Oriental),Ms,TECTONIC
489,2025-10-26 14:05:48+00:00,5.59,127.2,102,4.2,172 km S 47° E of Governor Generoso (Davao Oriental),Ms,TECTONIC
490,2025-10-26 14:04:15+00:00,9.47,126.14,16,2.1,022 km N 15° W of Cortes (Surigao Del Sur),Ms,TECTONIC
491,2025-10-26 14:02:40+00:00,11.12,124.03,7,1.6,010 km N 36° E of City Of Bogo (Cebu),Ms,TECTONIC
492,2025-10-26 13:42:56+00:00,9.7,126.02,14,2.3,017 km S 59° W of General Luna (Surigao Del Norte),Ms,TECTONIC
493,2025-10-26 13:42:15+00:00,14.97,121.7,19,1.9,013 km N 72° W of Panukulan (Quezon),Ms,TECTONIC
494,2025-10-26 13:28:14+00:00,7.35,127.08,7,2.4,061 km N 75° E of Manay (Davao Oriental),Ms,TECTONIC
495,2025-10-26 13:10:14+00:00,18.22,120.86,59,1.4,009 km N 22° E of Carasi (Ilocos Norte),Ms,TECTONIC
496,2025-10-26 13:04:34+00:00,10.98,124.09,33,2.1,014 km S 59° E of City Of Bogo (Cebu),Ms,TECTONIC
497,2025-10-26 12:56:21+00:00,6.01,127.15,92,3.0,139 km S 59° E of Governor Generoso (Davao Oriental),Ms,TECTONIC
498,2025-10-26 12:55:13+00:00,13.15,124.11,35,1.6,005 km S 22° W of Rapu-rapu (Albay),Ms,TECTONIC
499,2025-10-26 12:39:43+00:00,10.39,126.23,5,2.5,045 km N 23° E of Burgos (Surigao Del Norte),Ms,TECTONIC
500,2025-10-26 12:22:27+00:00,4.04,125.92,141,3.8,162 km S 20° E of Balut Island (Municipality Of Sarangani) (Davao Occidental),Ms,TECTONIC
501,2025-10-26 11:57:32+00:00,2.46,126.36,33,4.3,342 km S 18° E of Balut Island (Municipality Of Sarangani) (Davao Occidental),Ms,TECTONIC
502,2025-10-26 11:56:23+00:00,5.88,127.34,14,2.9,163 km S 37° E of Tarragona (Davao Oriental),Ms,TECTONIC
503,2025-10-26 11:54:37+00:00,7.23,126.99,5,2.6,050 km N 87° E of Manay (Davao Oriental),Ms,TECTONIC
504,2025-10-26 11:40:38+00:00,11.23,124.15,9,1.4,027 km N 43° E of City Of Bogo (Cebu),Ms,TECTONIC
505,2025-10-26 11:02:40+00:00,9.48,123.91,32,1.9,015 km S 18° W of Alburquerque (Bohol),Ms,TECTONIC
506,2025-10-26 10:56:52+00:00,11.05,124.02,1,1.8,005 km N 83° E of City Of Bogo (Cebu),Ms,TECTONIC
507,2025-10-26 10:48:51+00:00,11.74,125.7,9,2.6,027 km S 88° E of San Julian (Eastern Samar),Ms,TECTONIC
508,2025-10-26 10:46:12+00:00,5.76,126.66,15,3.3,114 km S 81° E of Jose Abad Santos (Davao Occidental),Ms,TECTONIC
509,2025-10-26 10:41:25+00:00,6.12,126.32,8,3.5,070 km S 83° E of Don Marcelino (Davao Occidental),Ms,TECTONIC
510,2025-10-26 10:25:32+00:00,5.74,126.83,9,3.4,128 km S 40° E of Governor Generoso (Davao Oriental),Ms,TECTONIC
511,2025-10-26 10:17:10+00:00,9.81,126.11,21,1.8,006 km N 57° W of General Luna (Surigao Del Norte),Ms,TECTONIC
512,2025-10-26 10:12:40+00:00,11.73,125.33,24,3.4,013 km S 79° W of San Julian (Eastern Samar),Ms,TECTONIC
513,2025-10-26 10:02:17+00:00,8.32,124.96,14,1.9,002 km S 52° W of Sumilao (Bukidnon),Ms,TECTONIC
514,2025-10-26 10:00:18+00:00,10.38,126.23,3,2.7,043 km N 24° E of Burgos (Surigao Del Norte),Ms,TECTONIC
515,2025-10-26 09:53:31+00:00,11.13,124.13,5,3.0,019 km N 60° E of City Of Bogo (Cebu),Ms,TECTONIC
516,2025-10-26 09:45:50+00:00,13.2,124.74,2,3.2,062 km N 73° E of Prieto Diaz (Sorsogon),Ms,TECTONIC
517,2025-10-26 09:45:50+00:00,9.59,126.17,28,1.8,022 km S 05° E of General Luna (Surigao Del Norte),Ms,TECTONIC
518,2025-10-26 09:29:51+00:00,10.02,126.48,13,3.4,045 km N 59° E of General Luna (Surigao Del Norte),Ms,TECTONIC
519,2025-10-26 09:23:51+00:00,10.11,126.51,12,2.8,053 km N 47° E of General Luna (Surigao Del Norte),Ms,TECTONIC
520,2025-10-26 09:07:36+00:00,8.9,126.52,20,2.5,024 km S 85° E of Cagwait (Surigao Del Sur),Ms,TECTONIC
521,2025-10-26 09:04:55+00:00,10.99,123.96,1,2.4,008 km S 20° W of City Of Bogo (Cebu),Ms,TECTONIC
522,2025-10-26 09:03:22+00:00,15.63,120.0,24,2.4,007 km N 88° E of Candelaria (Zambales),Ms,TECTONIC
523,2025-10-26 09:02:41+00:00,11.15,124.67,1,2.7,012 km S 75° E of Kananga (Leyte),Ms,TECTONIC
524,2025-10-26 08:09:31+00:00,9.59,126.23,32,1.5,023 km S 20° E of General Luna (Surigao Del Norte),Ms,TECTONIC
525,2025-10-26 07:55:27+00:00,10.37,126.15,1,2.5,040 km N 12° E of Burgos (Surigao Del Norte),Ms,TECTONIC
526,2025-10-26 07:41:17+00:00,7.32,126.71,6,2.9,022 km N 56° E of Manay (Davao Oriental),Ms,TECTONIC
527,2025-10-26 07:37:18+00:00,12.89,121.31,20,1.5,020 km S 29° W of Socorro (Oriental Mindoro),Ms,TECTONIC
528,2025-10-26 07:14:57+00:00,13.55,121.11,28,1.9,004 km N 64° E of Verde Island (Batangas City) (Batangas),Ms,TECTONIC
529,2025-10-26 07:07:49+00:00,11.09,124.19,9,2.2,023 km N 78° E of City Of Bogo (Cebu),Ms,TECTONIC
530,2025-10-26 06:40:05+00:00,15.09,119.83,19,2.3,026 km S 71° W of Cabangan (Zambales),Ms,TECTONIC
531,2025-10-26 06:11:21+00:00,11.29,124.0,29,1.6,028 km N 04° E of City Of Bogo (Cebu),Ms,TECTONIC
532,2025-10-26 05:41:07+00:00,6.61,126.15,136,3.3,014 km S 43° E of Governor Generoso (Davao Oriental),Ms,TECTONIC
533,2025-10-26 03:58:32+00:00,11.1,123.94,2,3.0,008 km N 35° W of City Of Bogo (Cebu),Ms,TECTONIC
534,2025-10-26 03:57:44+00:00,8.81,126.31,25,1.6,012 km S 03° E of Cagwait (Surigao Del Sur),Ms,TECTONIC
535,2025-10-26 03:52:16+00:00,8.07,126.59,20,1.6,020 km N 79° E of Lingig (Surigao Del Sur),Ms,TECTONIC
536,2025-10-26 03:30:14+00:00,10.54,126.4,1,3.0,068 km N 32° E of Burgos (Surigao Del Norte),Ms,TECTONIC
537,2025-10-26 03:23:27+00:00,10.88,123.95,6,3.0,019 km S 11° W of City Of Bogo (Cebu),Ms,TECTONIC
538,2025-10-26 03:22:26+00:00,8.97,126.54,27,2.0,027 km N 77° E of Cagwait (Surigao Del Sur),Ms,TECTONIC
539,2025-10-26 03:21:07+00:00,11.01,124.06,2,2.3,010 km S 67° E of City Of Bogo (Cebu),Ms,TECTONIC
540,2025-10-26 03:14:45+00:00,11.25,124.2,9,2.2,019 km S 71° W of Tabango (Leyte),Ms,TECTONIC
541,2025-10-26 02:46:31+00:00,11.1,124.05,28,2.0,010 km N 53° E of City Of Bogo (Cebu),Ms,TECTONIC
542,2025-10-26 02:24:11+00:00,10.2,124.02,36,1.3,010 km S 55° E of Cordova (Cebu),Ms,TECTONIC
543,2025-10-26 02:16:50+00:00,11.05,124.3,26,2.5,009 km N 87° W of Palompon (Leyte),Ms,TECTONIC
544,2025-10-26 01:53:53+00:00,13.59,120.69,103,1.8,016 km N 14° W of Abra De Ilog (Occidental Mindoro),Ms,TECTONIC
545,2025-10-26 01:03:56+00:00,8.81,126.48,22,2.4,023 km S 59° E of Cagwait (Surigao Del Sur),Ms,TECTONIC
546,2025-10-26 00:52:02+00:00,9.6,126.23,32,2.0,022 km S 21° E of General Luna (Surigao Del Norte),Ms,TECTONIC
547,2025-10-26 00:47:20+00:00,7.11,127.08,16,3.6,060 km S 79° E of Manay (Davao Oriental),Ms,TECTONIC
548,2025-10-26 00:37:48+00:00,11.1,123.95,4,2.2,007 km N 25° W of City Of Bogo (Cebu),Ms,TECTONIC
549,2025-10-26 00:32:22+00:00,11.16,123.97,27,2.2,012 km N 04° W of City Of Bogo (Cebu),Ms,TECTONIC
550,2025-10-26 00:32:34+00:00,13.86,120.05,34,1.7,007 km N 87° W of Lubang (Occidental Mindoro),Ms,TECTONIC
551,2025-10-26 00:25:48+00:00,7.07,127.18,3,4.9,073 km S 78° E of Manay (Davao Oriental),Mw,TECTONIC
552,2025-10-26 00:21:57+00:00,6.63,126.43,11,3.1,043 km S 33° E of City Of Mati (Davao Oriental),Ms,TECTONIC
553,2025-10-25 23:57:01+00:00,10.99,123.94,3,2.3,007 km S 35° W of City Of Bogo (Cebu),Ms,TECTONIC
554,2025-10-25 23:32:22+00:00,11.1,124.02,27,1.7,008 km N 34° E of City Of Bogo (Cebu),Ms,TECTONIC
555,2025-10-25 23:31:20+00:00,9.33,126.28,32,2.4,012 km N 56° E of Cortes (Surigao Del Sur),Ms,TECTONIC
556,2025-10-25 23:31:20+00:00,9.33,126.28,32,2.4,012 km N 56° E of Cortes (Surigao Del Sur),Ms,TECTONIC
557,2025-10-25 23:28:42+00:00,7.13,127.5,25,3.1,106 km S 85° E of Manay (Davao Oriental),Ms,TECTONIC
558,2025-10-25 23:24:44+00:00,16.18,119.84,49,2.4,002 km N 87° W of Bani (Pangasinan),Ms,TECTONIC
559,2025-10-25 23:04:13+00:00,7.71,122.15,14,2.0,001 km N 81° E of Siocon (Zamboanga Del Norte),Ms,TECTONIC
560,2025-10-25 22:54:45+00:00,9.64,126.11,6,2.0,016 km S 17° W of General Luna (Surigao Del Norte),Ms,TECTONIC
561,2025-10-25 22:44:47+00:00,9.6,126.19,13,2.6,020 km S 11° E of General Luna (Surigao Del Norte),Ms,TECTONIC
562,2025-10-25 22:42:10+00:00,11.13,123.96,1,3.2,010 km N 13° W of City Of Bogo (Cebu),Ms,TECTONIC
563,2025-10-25 22:32:38+00:00,8.85,126.54,33,2.4,028 km S 73° E of Cagwait (Surigao Del Sur),Ms,TECTONIC
564,2025-10-25 22:29:58+00:00,11.11,123.94,33,1.8,008 km N 32° W of City Of Bogo (Cebu),Ms,TECTONIC
565,2025-10-25 21:36:20+00:00,8.78,126.47,24,2.0,024 km S 51° E of Cagwait (Surigao Del Sur),Ms,TECTONIC
566,2025-10-25 21:30:38+00:00,7.1,126.36,33,1.9,023 km S 59° W of Manay (Davao Oriental),Ms,TECTONIC
567,2025-10-25 21:21:11+00:00,11.03,124.04,1,2.1,007 km S 76° E of City Of Bogo (Cebu),Ms,TECTONIC
568,2025-10-25 21:08:06+00:00,12.8,124.94,18,2.3,027 km N 17° W of Laoang (Northern Samar),Ms,TECTONIC
569,2025-10-25 21:07:20+00:00,11.24,124.08,8,2.1,024 km N 27° E of City Of Bogo (Cebu),Ms,TECTONIC
570,2025-10-25 21:02:23+00:00,9.6,126.17,33,1.8,020 km S 05° E of General Luna (Surigao Del Norte),Ms,TECTONIC
571,2025-10-25 20:59:35+00:00,7.14,126.85,29,2.2,035 km S 78° E of Manay (Davao Oriental),Ms,TECTONIC
572,2025-10-25 20:51:59+00:00,11.01,123.95,28,2.1,005 km S 33° W of City Of Bogo (Cebu),Ms,TECTONIC
573,2025-10-25 20:39:03+00:00,11.06,123.99,10,2.0,002 km N 55° E of City Of Bogo (Cebu),Ms,TECTONIC
574,2025-10-25 20:36:01+00:00,11.21,124.03,31,1.9,019 km N 19° E of City Of Bogo (Cebu),Ms,TECTONIC
575,2025-10-25 20:27:36+00:00,11.15,123.97,10,1.8,011 km N 08° W of City Of Bogo (Cebu),Ms,TECTONIC
576,2025-10-25 20:09:32+00:00,11.2,123.95,20,2.1,017 km N 10° W of City Of Bogo (Cebu),Ms,TECTONIC
577,2025-10-25 20:08:17+00:00,6.04,125.07,23,1.4,022 km N 22° E of Maasim (Sarangani),Ms,TECTONIC
578,2025-10-25 19:43:42+00:00,10.9,123.95,1,2.4,017 km S 11° W of City Of Bogo (Cebu),Ms,TECTONIC
579,2025-10-25 19:38:25+00:00,10.89,123.9,6,2.2,020 km S 27° W of City Of Bogo (Cebu),Ms,TECTONIC
580,2025-10-25 19:38:25+00:00,10.89,123.9,6,2.2,020 km S 27° W of City Of Bogo (Cebu),Ms,TECTONIC
581,2025-10-25 19:16:07+00:00,11.12,123.93,29,1.9,010 km N 31° W of City Of Bogo (Cebu),Ms,TECTONIC
582,2025-10-25 19:03:47+00:00,10.97,123.94,36,1.9,009 km S 25° W of City Of Bogo (Cebu),Ms,TECTONIC
583,2025-10-25 19:01:28+00:00,10.95,123.98,6,2.9,011 km S 02° E of City Of Bogo (Cebu),Ms,TECTONIC
584,2025-10-25 18:23:34+00:00,13.35,120.6,12,1.8,014 km N 03° E of Mamburao (Occidental Mindoro),Ms,TECTONIC
585,2025-10-25 18:23:17+00:00,11.01,123.97,13,2.2,004 km S 15° W of City Of Bogo (Cebu),Ms,TECTONIC
586,2025-10-25 18:02:38+00:00,9.51,126.25,33,1.8,031 km S 18° E of General Luna (Surigao Del Norte),Ms,TECTONIC
587,2025-10-25 17:52:22+00:00,17.68,120.45,1,2.1,003 km S 82° E of Magsingal (Ilocos Sur),Ms,TECTONIC
588,2025-10-25 17:44:59+00:00,9.67,122.14,10,2.8,034 km S 70° W of City Of Sipalay (Negros Occidental),Ms,TECTONIC
589,2025-10-25 17:21:45+00:00,11.07,124.09,2,2.7,012 km N 79° E of City Of Bogo (Cebu),Ms,TECTONIC
590,2025-10-25 17:04:20+00:00,11.12,123.98,28,1.8,008 km N 02° E of City Of Bogo (Cebu),Ms,TECTONIC
591,2025-10-25 16:55:52+00:00,8.9,126.49,7,2.1,021 km S 84° E of Cagwait (Surigao Del Sur),Ms,TECTONIC
592,2025-10-25 16:41:33+00:00,8.13,122.37,32,2.3,017 km N 13° W of Gutalac (Zamboanga Del Norte),Ms,TECTONIC
593,2025-10-25 16:24:20+00:00,9.88,125.4,10,2.6,012 km N 13° W of San Francisco (Surigao Del Norte),Ms,TECTONIC
594,2025-10-25 16:20:41+00:00,10.92,123.88,6,3.0,018 km S 38° W of City Of Bogo (Cebu),Ms,TECTONIC
595,2025-10-25 16:15:46+00:00,9.87,126.05,17,2.1,006 km N 81° W of Pilar (Surigao Del Norte),Ms,TECTONIC
596,2025-10-25 16:06:42+00:00,8.86,127.29,36,2.7,109 km S 87° E of Cagwait (Surigao Del Sur),Ms,TECTONIC
597,2025-10-25 16:03:33+00:00,11.16,124.11,1,2.0,019 km N 48° E of City Of Bogo (Cebu),Ms,TECTONIC
598,2025-10-25 15:54:27+00:00,18.72,120.15,18,2.9,057 km N 66° W of Burgos (Ilocos Norte),Ms,TECTONIC
599,2025-10-25 15:35:54+00:00,11.08,124.19,2,2.0,023 km N 81° E of City Of Bogo (Cebu),Ms,TECTONIC
600,2025-10-25 15:26:51+00:00,9.89,125.67,46,1.4,004 km S 03° E of Cagdianao (Dinagat Islands),Ms,TECTONIC
601,2025-10-25 15:19:24+00:00,7.23,126.82,11,2.4,031 km N 86° E of Manay (Davao Oriental),Ms,TECTONIC
602,2025-10-25 15:10:50+00:00,11.15,123.97,29,2.0,011 km N 05° W of City Of Bogo (Cebu),Ms,TECTONIC
603,2025-10-25 15:06:25+00:00,8.76,126.63,17,2.6,040 km S 64° E of Cagwait (Surigao Del Sur),Ms,TECTONIC
604,2025-10-25 15:00:26+00:00,13.5,120.51,35,1.6,011 km N 29° E of Paluan (Occidental Mindoro),Ms,TECTONIC
605,2025-10-25 14:52:32+00:00,10.91,123.95,16,2.0,015 km S 12° W of City Of Bogo (Cebu),Ms,TECTONIC
606,2025-10-25 14:47:17+00:00,10.96,123.94,11,2.1,010 km S 26° W of City Of Bogo (Cebu),Ms,TECTONIC
607,2025-10-25 14:28:19+00:00,11.02,123.97,3,3.1,004 km S 25° W of City Of Bogo (Cebu),Ms,TECTONIC
608,2025-10-25 14:07:55+00:00,9.64,126.24,30,1.4,018 km S 31° E of General Luna (Surigao Del Norte),Ms,TECTONIC
609,2025-10-25 13:50:06+00:00,13.57,120.6,5,1.8,019 km N 46° W of Abra De Ilog (Occidental Mindoro),Ms,TECTONIC
610,2025-10-25 13:45:51+00:00,11.02,123.99,20,2.6,003 km S 15° E of City Of Bogo (Cebu),Ms,TECTONIC
611,2025-10-25 13:39:56+00:00,16.94,119.94,14,2.8,048 km N 79° W of Luna (La Union),Ms,TECTONIC
612,2025-10-25 13:31:44+00:00,8.08,126.51,24,1.8,012 km N 67° E of Lingig (Surigao Del Sur),Ms,TECTONIC
613,2025-10-25 13:20:23+00:00,11.04,123.97,24,1.9,001 km S 56° W of City Of Bogo (Cebu),Ms,TECTONIC
614,2025-10-25 13:18:44+00:00,11.22,124.14,2,2.3,026 km N 43° E of City Of Bogo (Cebu),Ms,TECTONIC
615,2025-10-25 13:18:16+00:00,9.59,126.05,22,1.9,024 km S 29° W of General Luna (Surigao Del Norte),Ms,TECTONIC
616,2025-10-25 13:10:49+00:00,10.98,123.97,30,1.9,007 km S 06° W of City Of Bogo (Cebu),Ms,TECTONIC
617,2025-10-25 13:08:26+00:00,11.05,124.03,30,1.8,006 km N 81° E of City Of Bogo (Cebu),Ms,TECTONIC
618,2025-10-25 12:58:58+00:00,15.36,119.18,22,2.5,079 km S 84° W of Palauig (Zambales),Ms,TECTONIC
619,2025-10-25 12:49:07+00:00,11.11,123.9,32,1.8,011 km N 49° W of City Of Bogo (Cebu),Ms,TECTONIC
620,2025-10-25 12:46:52+00:00,6.91,126.06,44,2.1,005 km N 75° E of Lupon (Davao Oriental),Ms,TECTONIC
621,2025-10-25 12:43:17+00:00,9.96,126.15,32,1.4,020 km N 02° W of General Luna (Surigao Del Norte),Ms,TECTONIC
622,2025-10-25 12:29:46+00:00,11.01,124.06,9,3.0,010 km S 64° E of City Of Bogo (Cebu),Ms,TECTONIC
623,2025-10-25 11:52:57+00:00,11.07,123.95,8,2.1,004 km N 58° W of City Of Bogo (Cebu),Ms,TECTONIC
624,2025-10-25 11:50:43+00:00,9.66,126.26,27,2.7,017 km S 41° E of General Luna (Surigao Del Norte),Ms,TECTONIC
625,2025-10-25 11:47:32+00:00,11.1,123.96,29,1.7,006 km N 18° W of City Of Bogo (Cebu),Ms,TECTONIC
626,2025-10-25 11:29:13+00:00,11.28,123.97,8,2.5,026 km N 02° W of City Of Bogo (Cebu),Ms,TECTONIC
627,2025-10-25 11:23:17+00:00,7.02,126.85,20,2.2,041 km S 58° E of Manay (Davao Oriental),Ms,TECTONIC
628,2025-10-25 11:22:23+00:00,9.67,126.17,32,2.1,013 km S 08° E of General Luna (Surigao Del Norte),Ms,TECTONIC
629,2025-10-25 11:14:41+00:00,8.34,126.65,33,1.7,035 km S 85° E of Hinatuan (Surigao Del Sur),Ms,TECTONIC
630,2025-10-25 11:12:53+00:00,9.63,126.11,34,2.3,018 km S 16° W of General Luna (Surigao Del Norte),Ms,TECTONIC
631,2025-10-25 11:02:43+00:00,11.07,123.96,11,2.3,003 km N 34° W of City Of Bogo (Cebu),Ms,TECTONIC
632,2025-10-25 11:02:11+00:00,7.87,126.39,11,2.0,011 km N 41° W of Cateel (Davao Oriental),Ms,TECTONIC
633,2025-10-25 10:50:23+00:00,9.65,126.1,23,3.0,016 km S 23° W of General Luna (Surigao Del Norte),Ms,TECTONIC
634,2025-10-25 10:42:21+00:00,4.57,127.03,14,3.4,200 km S 60° E of Sarangani Island (Municipality Of Sarangani) (Davao Occidental),Ms,TECTONIC
635,2025-10-25 09:58:37+00:00,11.16,124.09,20,2.2,017 km N 43° E of City Of Bogo (Cebu),Ms,TECTONIC
636,2025-10-25 09:34:42+00:00,10.71,126.66,30,3.0,103 km S 88° E of Homonhon Island (Guiuan) (Eastern Samar),Ms,TECTONIC
637,2025-10-25 08:49:26+00:00,11.09,124.09,3,3.2,013 km N 69° E of City Of Bogo (Cebu),Ms,TECTONIC
638,2025-10-25 07:43:21+00:00,7.32,126.8,11,3.4,031 km N 67° E of Manay (Davao Oriental),Ms,TECTONIC
639,2025-10-25 07:31:42+00:00,9.54,126.15,24,1.7,027 km S 01° W of General Luna (Surigao Del Norte),Ms,TECTONIC
640,2025-10-25 06:54:49+00:00,12.9,124.02,10,2.5,004 km N 25° E of Casiguran (Sorsogon),ML,VOLCANO-TECTONIC
641,2025-10-25 06:34:25+00:00,12.99,121.22,4,4.3,022 km S 71° W of Socorro (Oriental Mindoro),Mw,TECTONIC
642,2025-10-25 06:16:20+00:00,10.72,125.52,21,2.2,023 km S 84° W of Homonhon Island (Guiuan) (Eastern Samar),Ms,TECTONIC
643,2025-10-25 06:16:18+00:00,10.64,125.72,18,2.5,035 km N 26° E of Loreto (Dinagat Islands),Ms,TECTONIC
644,2025-10-25 06:15:32+00:00,7.29,126.64,22,2.4,014 km N 53° E of Manay (Davao Oriental),Ms,TECTONIC
645,2025-10-25 06:11:25+00:00,12.89,124.03,9,2.8,003 km N 37° E of Casiguran (Sorsogon),ML,VOLCANO-TECTONIC
646,2025-10-25 05:43:19+00:00,11.04,124.04,5,3.5,007 km S 84° E of City Of Bogo (Cebu),Ms,TECTONIC
647,2025-10-25 04:51:11+00:00,8.82,126.37,26,1.6,014 km S 35° E of Cagwait (Surigao Del Sur),Ms,TECTONIC
648,2025-10-25 04:51:11+00:00,10.95,123.89,1,1.9,014 km S 43° W of City Of Bogo (Cebu),Ms,TECTONIC
649,2025-10-25 04:40:14+00:00,10.91,123.89,4,2.4,018 km S 32° W of City Of Bogo (Cebu),Ms,TECTONIC
650,2025-10-25 04:39:22+00:00,9.58,126.22,21,1.7,023 km S 18° E of General Luna (Surigao Del Norte),Ms,TECTONIC
651,2025-10-25 04:25:24+00:00,15.02,120.02,45,2.7,007 km S 48° W of San Felipe (Zambales),Ms,TECTONIC
652,2025-10-25 04:00:39+00:00,7.39,126.52,12,2.1,020 km N 07° W of Manay (Davao Oriental),Ms,TECTONIC
653,2025-10-25 03:43:59+00:00,7.19,126.57,24,2.6,004 km S 58° E of Manay (Davao Oriental),Ms,TECTONIC
654,2025-10-25 02:42:01+00:00,7.2,126.67,44,1.9,015 km S 86° E of Manay (Davao Oriental),Ms,TECTONIC
655,2025-10-25 01:56:49+00:00,9.64,126.25,32,1.5,019 km S 35° E of General Luna (Surigao Del Norte),Ms,TECTONIC
656,2025-10-25 00:43:14+00:00,7.43,126.66,21,3.1,028 km N 28° E of Manay (Davao Oriental),Ms,TECTONIC
657,2025-10-25 00:40:05+00:00,15.92,120.01,17,2.1,016 km S 62° E of Dasol (Pangasinan),Ms,TECTONIC
658,2025-10-25 00:13:37+00:00,9.66,126.26,29,2.8,017 km S 39° E of General Luna (Surigao Del Norte),Ms,TECTONIC
659,2025-10-25 00:06:42+00:00,9.65,126.16,27,2.4,014 km S 01° W of General Luna (Surigao Del Norte),Ms,TECTONIC
660,2025-10-24 23:54:50+00:00,7.75,126.36,5,2.1,011 km S 67° W of Cateel (Davao Oriental),Ms,TECTONIC
661,2025-10-24 23:48:04+00:00,11.04,123.99,31,2.1,002 km S 53° E of City Of Bogo (Cebu),Ms,TECTONIC
662,2025-10-24 23:34:07+00:00,7.18,126.97,14,3.8,048 km S 86° E of Manay (Davao Oriental),Ms,TECTONIC
663,2025-10-24 23:07:46+00:00,7.33,126.72,3,2.3,024 km N 56° E of Manay (Davao Oriental),Ms,TECTONIC
664,2025-10-24 22:23:06+00:00,10.99,123.92,5,2.3,009 km S 45° W of City Of Bogo (Cebu),Ms,TECTONIC
665,2025-10-24 21:57:03+00:00,9.63,126.16,27,2.4,017 km S 01° E of General Luna (Surigao Del Norte),Ms,TECTONIC
666,2025-10-24 21:50:34+00:00,13.12,120.77,30,1.8,007 km N 53° E of Santa Cruz (Occidental Mindoro),Ms,TECTONIC
667,2025-10-24 21:43:25+00:00,9.63,126.12,12,3.0,017 km S 12° W of General Luna (Surigao Del Norte),Ms,TECTONIC
668,2025-10-24 21:34:14+00:00,19.55,122.28,2,3.3,039 km N 84° E of Babuyan Island (Calayan) (Cagayan),Ms,TECTONIC
669,2025-10-24 21:28:10+00:00,7.96,126.99,11,2.5,062 km N 73° E of Cateel (Davao Oriental),Ms,TECTONIC
670,2025-10-24 21:01:54+00:00,7.37,126.68,13,2.5,024 km N 42° E of Manay (Davao Oriental),Ms,TECTONIC
671,2025-10-24 20:53:53+00:00,7.2,126.9,1,2.7,040 km S 88° E of Manay (Davao Oriental),Ms,TECTONIC
672,2025-10-24 20:45:16+00:00,7.19,126.81,30,3.0,030 km S 86° E of Manay (Davao Oriental),Ms,TECTONIC
673,2025-10-24 20:42:04+00:00,10.82,125.85,36,2.8,016 km N 58° E of Homonhon Island (Guiuan) (Eastern Samar),Ms,TECTONIC
674,2025-10-24 20:37:16+00:00,7.18,127.56,15,4.4,112 km S 88° E of Manay (Davao Oriental),Ms,TECTONIC
675,2025-10-24 20:35:34+00:00,13.77,120.76,30,1.4,016 km S 65° E of Calatagan (Batangas),Ms,TECTONIC
676,2025-10-24 20:34:09+00:00,13.42,123.47,20,1.9,005 km S 77° W of Buhi (Camarines Sur),Ms,TECTONIC
677,2025-10-24 20:34:11+00:00,7.17,125.43,46,2.7,029 km S 65° W of City Of Panabo (Davao Del Norte),Ms,TECTONIC
678,2025-10-24 20:21:56+00:00,7.23,126.83,24,2.4,032 km N 86° E of Manay (Davao Oriental),Ms,TECTONIC
679,2025-10-24 20:13:20+00:00,11.11,123.94,3,2.2,009 km N 31° W of City Of Bogo (Cebu),Ms,TECTONIC
680,2025-10-24 20:08:26+00:00,15.98,119.75,29,2.9,014 km S 85° W of Dasol (Pangasinan),Ms,TECTONIC
681,2025-10-24 19:50:01+00:00,7.26,127.46,23,3.4,102 km N 87° E of Manay (Davao Oriental),Ms,TECTONIC
682,2025-10-24 19:39:09+00:00,10.44,125.24,5,1.9,007 km N 42° E of Hinunangan (Southern Leyte),Ms,TECTONIC
683,2025-10-24 19:20:58+00:00,12.72,123.44,6,2.2,026 km N 71° W of Monreal (Masbate),Ms,TECTONIC
684,2025-10-24 19:03:01+00:00,10.95,123.99,3,2.1,011 km S 04° E of City Of Bogo (Cebu),Ms,TECTONIC
685,2025-10-24 18:50:11+00:00,10.3,123.14,1,1.6,008 km N 65° E of Moises Padilla (Negros Occidental),ML,VOLCANO-TECTONIC
686,2025-10-24 18:49:49+00:00,13.58,120.81,8,1.4,011 km S 39° W of Tingloy (Batangas),Ms,TECTONIC
687,2025-10-24 18:47:16+00:00,9.55,126.41,32,1.8,038 km S 48° E of General Luna (Surigao Del Norte),Ms,TECTONIC
688,2025-10-24 18:37:42+00:00,10.92,123.9,4,2.2,016 km S 30° W of City Of Bogo (Cebu),Ms,TECTONIC
689,2025-10-24 18:34:06+00:00,5.99,127.12,30,2.7,138 km S 58° E of Governor Generoso (Davao Oriental),Ms,TECTONIC
690,2025-10-24 18:28:29+00:00,11.15,124.11,4,3.1,018 km N 53° E of City Of Bogo (Cebu),Ms,TECTONIC
691,2025-10-24 18:23:25+00:00,10.96,123.97,33,1.9,010 km S 06° W of City Of Bogo (Cebu),Ms,TECTONIC
692,2025-10-24 18:22:05+00:00,8.83,126.35,28,2.0,011 km S 28° E of Cagwait (Surigao Del Sur),Ms,TECTONIC
693,2025-10-24 18:20:44+00:00,7.62,126.68,23,2.3,014 km N 71° E of Baganga (Davao Oriental),Ms,TECTONIC
694,2025-10-24 18:18:45+00:00,10.94,123.99,5,3.5,012 km S 04° E of City Of Bogo (Cebu),Ms,TECTONIC
695,2025-10-24 18:00:33+00:00,12.84,124.07,35,1.9,008 km S 74° W of Barcelona (Sorsogon),Ms,TECTONIC
696,2025-10-24 17:58:00+00:00,9.92,126.44,10,2.2,034 km N 64° E of General Luna (Surigao Del Norte),unspecified,unspecified
697,2025-10-24 17:56:44+00:00,9.78,126.52,11,2.2,039 km N 90° E of General Luna (Surigao Del Norte),Ms,TECTONIC
698,2025-10-24 17:55:54+00:00,11.2,124.23,8,1.6,032 km N 57° E of City Of Bogo (Cebu),Ms,TECTONIC
699,2025-10-24 17:41:22+00:00,13.74,120.56,71,2.1,013 km S 40° W of Calatagan (Batangas),Ms,TECTONIC
700,2025-10-24 17:35:01+00:00,10.95,123.89,3,2.6,014 km S 40° W of City Of Bogo (Cebu),Ms,TECTONIC
701,2025-10-24 17:34:45+00:00,9.6,126.19,32,1.7,021 km S 09° E of General Luna (Surigao Del Norte),Ms,TECTONIC
702,2025-10-24 17:34:27+00:00,13.53,120.14,17,3.1,024 km S 30° W of Looc (Occidental Mindoro),Ms,TECTONIC
703,2025-10-24 17:33:27+00:00,9.66,126.29,26,2.3,020 km S 47° E of General Luna (Surigao Del Norte),Ms,TECTONIC
704,2025-10-24 17:28:39+00:00,13.71,120.53,129,2.4,018 km S 40° W of Calatagan (Batangas),Ms,TECTONIC
705,2025-10-24 17:25:09+00:00,16.55,121.05,10,1.9,003 km N 51° E of Ambaguio (Nueva Vizcaya),Ms,TECTONIC
706,2025-10-24 17:18:06+00:00,11.01,124.08,33,1.8,011 km S 70° E of City Of Bogo (Cebu),Ms,TECTONIC
707,2025-10-24 17:16:11+00:00,11.01,123.8,7,2.3,020 km S 78° W of City Of Bogo (Cebu),Ms,TECTONIC
708,2025-10-24 17:03:14+00:00,12.56,120.66,1,2.6,030 km S 88° W of Calintaan (Occidental Mindoro),Ms,TECTONIC
709,2025-10-24 16:59:58+00:00,10.97,123.91,6,2.3,012 km S 43° W of City Of Bogo (Cebu),Ms,TECTONIC
710,2025-10-24 16:34:42+00:00,10.99,124.03,5,3.7,008 km S 37° E of City Of Bogo (Cebu),Ms,TECTONIC
711,2025-10-24 16:17:40+00:00,10.01,126.48,3,2.4,044 km N 55° E of General Luna (Surigao Del Norte),Ms,TECTONIC
712,2025-10-24 16:05:37+00:00,7.88,126.79,26,4.8,038 km N 75° E of Cateel (Davao Oriental),Mw,TECTONIC
713,2025-10-24 15:40:44+00:00,13.04,121.2,31,1.4,017 km S 30° W of Victoria (Oriental Mindoro),Ms,TECTONIC
714,2025-10-24 15:31:32+00:00,11.19,123.95,12,1.9,016 km N 11° W of City Of Bogo (Cebu),Ms,TECTONIC
715,2025-10-24 15:30:38+00:00,11.27,123.89,5,2.3,026 km N 23° W of City Of Bogo (Cebu),Ms,TECTONIC
716,2025-10-24 15:17:49+00:00,8.32,125.96,35,2.1,008 km S 33° W of Rosario (Agusan Del Sur),Ms,TECTONIC
717,2025-10-24 15:18:29+00:00,11.0,123.99,11,2.1,005 km S 12° E of City Of Bogo (Cebu),Ms,TECTONIC
718,2025-10-24 14:55:14+00:00,9.71,126.22,32,1.4,011 km S 40° E of General Luna (Surigao Del Norte),Ms,TECTONIC
719,2025-10-24 14:51:15+00:00,7.2,127.49,23,3.8,105 km S 90° E of Manay (Davao Oriental),Ms,TECTONIC
720,2025-10-24 14:37:21+00:00,10.3,123.12,9,2.5,012 km S 76° E of La Castellana (Negros Occidental),ML,VOLCANO-TECTONIC
721,2025-10-24 14:23:22+00:00,11.03,123.98,33,1.8,002 km S 19° E of City Of Bogo (Cebu),Ms,TECTONIC
722,2025-10-24 14:18:18+00:00,7.34,126.73,18,3.0,025 km N 56° E of Manay (Davao Oriental),Ms,TECTONIC
723,2025-10-24 14:12:43+00:00,10.98,123.99,2,3.0,007 km S 09° E of City Of Bogo (Cebu),Ms,TECTONIC
724,2025-10-24 13:59:21+00:00,10.99,123.99,9,4.6,007 km S 12° E of City Of Bogo (Cebu),Mw,TECTONIC
725,2025-10-24 13:39:32+00:00,8.78,126.42,25,2.0,014 km S 80° E of Marihatag (Surigao Del Sur),Ms,TECTONIC
726,2025-10-24 13:37:05+00:00,13.69,120.55,114,2.9,018 km S 30° W of Calatagan (Batangas),Ms,TECTONIC
727,2025-10-24 13:22:33+00:00,11.15,124.03,34,1.8,013 km N 25° E of City Of Bogo (Cebu),Ms,TECTONIC
728,2025-10-24 13:19:45+00:00,9.44,123.88,10,3.2,020 km S 23° W of Alburquerque (Bohol),Ms,TECTONIC
729,2025-10-24 13:13:17+00:00,17.62,121.03,3,1.7,006 km N 24° E of Malibcong (Abra),Ms,TECTONIC
730,2025-10-24 13:01:52+00:00,9.64,126.14,28,2.2,016 km S 07° W of General Luna (Surigao Del Norte),Ms,TECTONIC
731,2025-10-24 12:54:45+00:00,10.97,123.94,11,2.2,010 km S 29° W of City Of Bogo (Cebu),Ms,TECTONIC
732,2025-10-24 12:41:52+00:00,9.65,126.18,37,2.0,014 km S 09° E of General Luna (Surigao Del Norte),Ms,TECTONIC
733,2025-10-24 12:41:16+00:00,9.6,126.17,33,1.2,021 km S 04° E of General Luna (Surigao Del Norte),Ms,TECTONIC
734,2025-10-24 12:40:34+00:00,11.21,124.11,37,2.4,023 km N 38° E of City Of Bogo (Cebu),Ms,TECTONIC
735,2025-10-24 12:37:40+00:00,11.93,124.94,34,1.7,014 km S 68° E of San Jorge (Samar),Ms,TECTONIC
736,2025-10-24 12:29:28+00:00,11.13,124.1,34,1.3,016 km N 56° E of City Of Bogo (Cebu),Ms,TECTONIC
737,2025-10-24 12:28:27+00:00,10.83,123.9,4,2.1,025 km S 20° W of City Of Bogo (Cebu),Ms,TECTONIC
738,2025-10-24 11:50:59+00:00,9.63,126.17,34,1.5,017 km S 05° E of General Luna (Surigao Del Norte),Ms,TECTONIC
739,2025-10-24 11:40:14+00:00,9.62,126.74,3,2.6,067 km S 75° E of General Luna (Surigao Del Norte),Ms,TECTONIC
740,2025-10-24 11:16:27+00:00,8.56,125.4,136,2.0,020 km S 56° W of Esperanza (Agusan Del Sur),Ms,TECTONIC
741,2025-10-24 11:06:15+00:00,8.86,126.41,21,2.7,013 km S 61° E of Cagwait (Surigao Del Sur),Ms,TECTONIC
742,2025-10-24 10:50:50+00:00,5.79,125.9,141,2.6,032 km S 64° E of Jose Abad Santos (Davao Occidental),Ms,TECTONIC
743,2025-10-24 10:39:45+00:00,8.05,126.69,49,1.7,031 km N 87° E of Lingig (Surigao Del Sur),Ms,TECTONIC
744,2025-10-24 10:24:11+00:00,18.6,121.58,90,2.1,021 km N 37° E of Abulug (Cagayan),Ms,TECTONIC
745,2025-10-24 10:01:08+00:00,11.24,124.21,13,1.7,033 km N 49° E of City Of Bogo (Cebu),Ms,TECTONIC
746,2025-10-24 09:53:59+00:00,5.97,126.72,6,2.8,105 km S 44° E of Governor Generoso (Davao Oriental),Ms,TECTONIC
747,2025-10-24 09:25:10+00:00,8.8,126.58,22,2.1,033 km S 67° E of Cagwait (Surigao Del Sur),Ms,TECTONIC
748,2025-10-24 09:23:45+00:00,8.83,126.46,27,2.2,020 km S 59° E of Cagwait (Surigao Del Sur),Ms,TECTONIC
749,2025-10-24 09:13:06+00:00,9.61,126.32,34,2.2,026 km S 43° E of General Luna (Surigao Del Norte),Ms,TECTONIC
750,2025-10-24 07:52:55+00:00,7.31,127.04,16,3.7,056 km N 79° E of Manay (Davao Oriental),Ms,TECTONIC
751,2025-10-24 07:47:28+00:00,8.17,122.96,32,1.6,005 km N 61° E of Leon B. Postigo (Zamboanga Del Norte),Ms,TECTONIC
752,2025-10-24 07:47:28+00:00,8.32,125.6,1,1.7,022 km N 74° W of La Paz (Agusan Del Sur),Ms,TECTONIC
753,2025-10-24 07:45:02+00:00,7.22,127.41,25,3.6,096 km N 90° E of Manay (Davao Oriental),Ms,TECTONIC
754,2025-10-24 07:34:07+00:00,5.62,126.31,65,3.1,080 km S 66° E of Jose Abad Santos (Davao Occidental),Ms,TECTONIC
755,2025-10-24 07:23:11+00:00,9.67,126.38,8,2.7,028 km S 63° E of General Luna (Surigao Del Norte),Ms,TECTONIC
756,2025-10-24 07:06:13+00:00,9.68,126.12,27,2.4,012 km S 20° W of General Luna (Surigao Del Norte),Ms,TECTONIC
757,2025-10-24 06:59:29+00:00,11.02,124.09,32,2.3,012 km S 74° E of City Of Bogo (Cebu),Ms,TECTONIC
758,2025-10-24 06:43:35+00:00,11.11,124.05,22,2.4,011 km N 50° E of City Of Bogo (Cebu),Ms,TECTONIC
759,2025-10-24 06:36:27+00:00,8.01,126.45,33,1.6,006 km S 51° E of Lingig (Surigao Del Sur),Ms,TECTONIC
760,2025-10-24 05:02:52+00:00,8.15,126.82,23,2.2,047 km N 75° E of Lingig (Surigao Del Sur),Ms,TECTONIC
761,2025-10-24 04:48:30+00:00,9.73,126.01,16,2.3,017 km S 69° W of General Luna (Surigao Del Norte),Ms,TECTONIC
762,2025-10-24 04:37:01+00:00,7.3,127.02,23,3.9,054 km N 79° E of Manay (Davao Oriental),Ms,TECTONIC
763,2025-10-24 04:20:35+00:00,7.54,127.24,19,4.5,086 km N 65° E of Manay (Davao Oriental),Ms,TECTONIC
764,2025-10-24 04:11:35+00:00,13.99,124.33,27,1.7,007 km N 40° E of Bagamanoc (Catanduanes),Ms,TECTONIC
765,2025-10-24 03:50:12+00:00,7.14,127.16,17,2.7,069 km S 84° E of Manay (Davao Oriental),Ms,TECTONIC
766,2025-10-24 02:55:14+00:00,6.03,127.12,56,3.6,145 km S 26° E of Manay (Davao Oriental),Ms,TECTONIC
767,2025-10-24 02:23:02+00:00,12.38,123.77,17,1.9,005 km S 08° W of Batuan (Masbate),Ms,TECTONIC
768,2025-10-24 02:03:45+00:00,7.33,126.65,18,2.6,018 km N 44° E of Manay (Davao Oriental),Ms,TECTONIC
769,2025-10-24 01:59:15+00:00,7.06,127.61,26,2.4,120 km S 82° E of Manay (Davao Oriental),Ms,TECTONIC
770,2025-10-24 01:57:07+00:00,9.64,126.16,33,1.6,016 km S 02° E of General Luna (Surigao Del Norte),Ms,TECTONIC
771,2025-10-24 01:33:52+00:00,9.66,126.12,29,2.6,014 km S 18° W of General Luna (Surigao Del Norte),Ms,TECTONIC
772,2025-10-24 01:33:09+00:00,6.26,124.84,32,2.6,006 km N 16° E of T'boli (South Cotabato),Ms,TECTONIC
773,2025-10-24 01:00:50+00:00,10.98,123.78,5,3.1,023 km S 71° W of City Of Bogo (Cebu),Ms,TECTONIC
774,2025-10-24 00:43:42+00:00,9.65,126.19,34,1.9,015 km S 12° E of General Luna (Surigao Del Norte),Ms,TECTONIC
775,2025-10-24 00:06:19+00:00,11.14,124.17,33,1.8,024 km N 64° E of City Of Bogo (Cebu),Ms,TECTONIC
776,2025-10-23 23:24:15+00:00,10.94,123.95,4,3.0,012 km S 15° W of City Of Bogo (Cebu),Ms,TECTONIC
777,2025-10-23 23:24:03+00:00,15.02,119.89,71,1.7,020 km S 77° W of San Felipe (Zambales),Ms,TECTONIC
778,2025-10-23 23:21:09+00:00,16.12,119.95,33,2.1,005 km N 09° E of Mabini (Pangasinan),Ms,TECTONIC
779,2025-10-23 23:18:36+00:00,7.27,126.53,7,3.1,006 km N 10° W of Manay (Davao Oriental),Ms,TECTONIC
780,2025-10-23 23:17:36+00:00,7.24,126.52,10,2.1,004 km N 28° W of Manay (Davao Oriental),Ms,TECTONIC
781,2025-10-23 22:35:18+00:00,13.98,120.18,25,1.5,014 km N 24° E of Lubang (Occidental Mindoro),Ms,TECTONIC
782,2025-10-23 22:21:38+00:00,11.1,123.9,26,2.3,010 km N 55° W of City Of Bogo (Cebu),Ms,TECTONIC
783,2025-10-23 22:14:23+00:00,5.67,127.31,71,4.8,175 km S 51° E of Governor Generoso (Davao Oriental),Mw,TECTONIC
784,2025-10-23 21:36:57+00:00,13.36,120.52,29,1.8,009 km S 44° E of Paluan (Occidental Mindoro),Ms,TECTONIC
785,2025-10-23 21:34:32+00:00,7.2,126.9,22,3.3,039 km S 89° E of Manay (Davao Oriental),Ms,TECTONIC
786,2025-10-23 21:24:39+00:00,11.25,124.28,1,2.3,013 km N 73° W of Villaba (Leyte),Ms,TECTONIC
787,2025-10-23 21:19:42+00:00,9.64,126.22,33,1.5,017 km S 25° E of General Luna (Surigao Del Norte),Ms,TECTONIC
788,2025-10-23 21:02:22+00:00,7.14,127.06,13,4.2,057 km S 85° E of Manay (Davao Oriental),Ms,TECTONIC
789,2025-10-23 20:57:15+00:00,9.44,126.28,34,2.4,040 km S 20° E of General Luna (Surigao Del Norte),Ms,TECTONIC
790,2025-10-23 20:56:48+00:00,7.24,126.74,19,2.1,023 km N 82° E of Manay (Davao Oriental),Ms,TECTONIC
791,2025-10-23 20:47:26+00:00,6.42,126.35,30,3.1,040 km S 50° E of Governor Generoso (Davao Oriental),Ms,TECTONIC
792,2025-10-23 20:12:12+00:00,12.1,120.51,11,2.3,035 km N 71° E of Coron (Palawan),Ms,TECTONIC
793,2025-10-23 20:03:18+00:00,14.24,120.34,87,2.0,027 km S 38° W of Mariveles (Bataan),Ms,TECTONIC
794,2025-10-23 19:58:16+00:00,9.51,126.02,18,1.8,013 km S 27° E of Socorro (Surigao Del Norte),Ms,TECTONIC
795,2025-10-23 19:56:03+00:00,8.83,126.62,13,2.5,037 km S 75° E of Cagwait (Surigao Del Sur),Ms,TECTONIC
796,2025-10-23 19:38:27+00:00,11.0,123.97,2,3.4,005 km S 07° W of City Of Bogo (Cebu),Ms,TECTONIC
797,2025-10-23 19:31:15+00:00,9.63,126.12,12,3.6,018 km S 12° W of General Luna (Surigao Del Norte),Ms,TECTONIC
798,2025-10-23 19:01:21+00:00,11.15,123.88,2,2.2,016 km N 44° W of City Of Bogo (Cebu),Ms,TECTONIC
799,2025-10-23 18:56:56+00:00,9.67,126.22,21,3.1,014 km S 30° E of General Luna (Surigao Del Norte),Ms,TECTONIC
800,2025-10-23 18:53:09+00:00,19.28,121.33,5,2.4,016 km N 81° W of Calayan (Cagayan),Ms,TECTONIC
801,2025-10-23 18:50:11+00:00,11.11,124.1,7,1.8,015 km N 62° E of City Of Bogo (Cebu),Ms,TECTONIC
802,2025-10-23 18:17:58+00:00,7.21,127.49,29,3.2,105 km N 90° E of Manay (Davao Oriental),Ms,TECTONIC
803,2025-10-23 18:09:45+00:00,10.88,123.94,8,2.0,018 km S 14° W of City Of Bogo (Cebu),Ms,TECTONIC
804,2025-10-23 18:06:29+00:00,11.16,124.16,6,2.3,023 km N 58° E of City Of Bogo (Cebu),Ms,TECTONIC
805,2025-10-23 18:02:56+00:00,11.09,124.06,7,2.4,010 km N 63° E of City Of Bogo (Cebu),Ms,TECTONIC
806,2025-10-23 17:58:34+00:00,9.65,126.26,22,3.9,018 km S 36° E of General Luna (Surigao Del Norte),Ms,TECTONIC
807,2025-10-23 17:44:49+00:00,8.84,126.49,33,2.1,022 km S 66° E of Cagwait (Surigao Del Sur),Ms,TECTONIC
808,2025-10-23 17:39:09+00:00,7.38,126.71,32,2.1,026 km N 44° E of Manay (Davao Oriental),Ms,TECTONIC
809,2025-10-23 17:38:44+00:00,9.59,126.18,33,1.6,022 km S 07° E of General Luna (Surigao Del Norte),Ms,TECTONIC
810,2025-10-23 17:31:44+00:00,10.65,124.23,22,1.9,017 km N 87° W of San Francisco (Cebu),Ms,TECTONIC
811,2025-10-23 17:23:23+00:00,9.59,126.13,20,2.4,022 km S 08° W of General Luna (Surigao Del Norte),Ms,TECTONIC
812,2025-10-23 17:20:57+00:00,13.08,123.39,1,2.4,009 km N 60° W of Pio Duran (Albay),Ms,TECTONIC
813,2025-10-23 17:07:40+00:00,11.1,123.97,1,1.9,006 km N 08° W of City Of Bogo (Cebu),Ms,TECTONIC
814,2025-10-23 17:01:43+00:00,10.84,123.42,9,2.3,009 km West of City Of Escalante (Negros Occidental),Ms,TECTONIC
815,2025-10-23 16:58:31+00:00,8.95,126.51,27,2.9,023 km N 82° E of Cagwait (Surigao Del Sur),Ms,TECTONIC
816,2025-10-23 16:53:50+00:00,8.18,126.75,12,1.8,041 km N 68° E of Lingig (Surigao Del Sur),Ms,TECTONIC
817,2025-10-23 16:52:03+00:00,8.5,126.17,12,2.9,005 km N 09° E of Tagbina (Surigao Del Sur),Ms,TECTONIC
818,2025-10-23 16:33:49+00:00,7.22,126.74,27,2.5,022 km N 87° E of Manay (Davao Oriental),Ms,TECTONIC
819,2025-10-23 16:32:54+00:00,10.96,123.96,22,2.3,010 km S 12° W of City Of Bogo (Cebu),Ms,TECTONIC
820,2025-10-23 16:23:47+00:00,7.12,126.84,29,2.4,034 km S 74° E of Manay (Davao Oriental),Ms,TECTONIC
821,2025-10-23 15:50:27+00:00,19.13,121.29,12,2.8,009 km N 76° E of Dalupiri Island (Calayan) (Cagayan),Ms,TECTONIC
822,2025-10-23 15:48:09+00:00,10.59,124.83,7,1.7,010 km S 18° E of City Of Baybay (Leyte),Ms,TECTONIC
823,2025-10-23 15:38:06+00:00,11.14,124.02,7,2.2,011 km N 24° E of City Of Bogo (Cebu),Ms,TECTONIC
824,2025-10-23 15:34:03+00:00,10.93,123.85,3,2.6,021 km S 40° W of City Of Bogo (Cebu),Ms,TECTONIC
825,2025-10-23 15:28:23+00:00,18.54,120.79,18,2.0,002 km S 20° E of Pagudpud (Ilocos Norte),Ms,TECTONIC
826,2025-10-23 15:26:19+00:00,8.19,126.94,9,3.2,060 km N 74° E of Lingig (Surigao Del Sur),Ms,TECTONIC
827,2025-10-23 15:19:55+00:00,10.98,123.94,4,3.2,009 km S 29° W of City Of Bogo (Cebu),Ms,TECTONIC
828,2025-10-23 15:13:32+00:00,9.55,125.99,7,2.1,031 km S 36° W of General Luna (Surigao Del Norte),Ms,TECTONIC
829,2025-10-23 15:05:34+00:00,10.56,124.83,5,2.2,012 km N 55° E of Inopacan (Leyte),Ms,TECTONIC
830,2025-10-23 15:01:06+00:00,11.03,124.09,2,2.3,012 km S 79° E of City Of Bogo (Cebu),Ms,TECTONIC
831,2025-10-23 14:52:12+00:00,7.17,126.92,14,3.4,042 km S 84° E of Manay (Davao Oriental),Ms,TECTONIC
832,2025-10-23 14:47:08+00:00,7.4,126.94,9,2.8,049 km N 65° E of Manay (Davao Oriental),Ms,TECTONIC
833,2025-10-23 14:45:25+00:00,11.25,123.85,6,2.5,026 km N 32° W of City Of Bogo (Cebu),Ms,TECTONIC
834,2025-10-23 14:38:39+00:00,11.22,123.85,6,3.0,024 km N 37° W of City Of Bogo (Cebu),Ms,TECTONIC
835,2025-10-23 14:38:39+00:00,11.22,123.85,6,3.0,024 km N 37° W of City Of Bogo (Cebu),Ms,TECTONIC
836,2025-10-23 14:32:13+00:00,11.11,123.96,3,3.2,007 km N 14° W of City Of Bogo (Cebu),Ms,TECTONIC
837,2025-10-23 14:16:10+00:00,9.69,126.27,27,2.2,016 km S 48° E of General Luna (Surigao Del Norte),Ms,TECTONIC
838,2025-10-23 13:10:22+00:00,6.96,126.73,14,3.1,035 km S 37° E of Manay (Davao Oriental),Ms,TECTONIC
839,2025-10-23 13:01:45+00:00,15.89,119.23,25,2.5,066 km S 68° W of Agno (Pangasinan),Ms,TECTONIC
840,2025-10-23 12:53:23+00:00,10.9,123.85,3,3.0,022 km S 41° W of City Of Bogo (Cebu),Ms,TECTONIC
841,2025-10-23 12:15:43+00:00,11.13,124.07,4,1.9,013 km N 49° E of City Of Bogo (Cebu),Ms,TECTONIC
842,2025-10-23 12:15:36+00:00,9.73,125.82,22,2.0,020 km N 42° E of Gigaquit (Surigao Del Norte),Ms,TECTONIC
843,2025-10-23 11:29:17+00:00,12.22,119.79,36,2.4,019 km N 59° W of Busuanga (Palawan),Ms,TECTONIC
844,2025-10-23 11:14:53+00:00,7.16,127.42,29,2.8,098 km S 87° E of Manay (Davao Oriental),Ms,TECTONIC
845,2025-10-23 10:33:10+00:00,8.78,126.33,27,2.1,015 km S 11° E of Cagwait (Surigao Del Sur),Ms,TECTONIC
846,2025-10-23 09:53:12+00:00,9.73,126.4,28,2.3,027 km S 78° E of General Luna (Surigao Del Norte),Ms,TECTONIC
847,2025-10-23 09:28:54+00:00,5.77,126.36,108,2.6,080 km S 79° E of Jose Abad Santos (Davao Occidental),Ms,TECTONIC
848,2025-10-23 09:18:52+00:00,15.06,120.01,33,1.5,007 km N 89° W of San Felipe (Zambales),Ms,TECTONIC
849,2025-10-23 08:56:04+00:00,7.25,126.59,20,2.3,007 km N 47° E of Manay (Davao Oriental),Ms,TECTONIC
850,2025-10-23 08:25:16+00:00,13.29,120.15,20,2.4,037 km S 67° W of Paluan (Occidental Mindoro),Ms,TECTONIC
851,2025-10-23 07:25:06+00:00,10.98,123.98,3,3.0,008 km S 02° E of City Of Bogo (Cebu),Ms,TECTONIC
852,2025-10-23 07:05:43+00:00,9.0,126.48,24,2.2,022 km N 67° E of Cagwait (Surigao Del Sur),Ms,TECTONIC
853,2025-10-23 06:24:24+00:00,7.21,126.74,21,4.3,023 km S 89° E of Manay (Davao Oriental),Ms,TECTONIC
854,2025-10-23 05:08:02+00:00,10.6,124.25,25,2.0,016 km S 72° W of San Francisco (Cebu),Ms,TECTONIC
855,2025-10-23 05:01:10+00:00,10.98,123.95,6,2.6,008 km S 19° W of City Of Bogo (Cebu),Ms,TECTONIC
856,2025-10-23 04:55:44+00:00,6.44,124.05,18,2.6,012 km South of Kalamansig (Sultan Kudarat),Ms,TECTONIC
857,2025-10-23 04:01:37+00:00,16.54,120.64,22,1.6,017 km S 55° W of Atok (Benguet),Ms,TECTONIC
858,2025-10-23 03:56:00+00:00,11.13,124.15,5,2.0,020 km N 63° E of City Of Bogo (Cebu),Ms,TECTONIC
859,2025-10-23 03:46:14+00:00,9.59,126.2,33,1.2,022 km S 13° E of General Luna (Surigao Del Norte),Ms,TECTONIC
860,2025-10-23 03:24:59+00:00,14.26,120.37,120,2.0,024 km S 33° W of Mariveles (Bataan),Ms,TECTONIC
861,2025-10-23 03:17:49+00:00,6.97,127.66,27,3.1,126 km S 78° E of Manay (Davao Oriental),Ms,TECTONIC
862,2025-10-23 03:11:13+00:00,11.09,124.02,33,1.5,006 km N 40° E of City Of Bogo (Cebu),Ms,TECTONIC
863,2025-10-23 02:35:09+00:00,11.16,123.96,10,2.0,012 km N 10° W of City Of Bogo (Cebu),Ms,TECTONIC
864,2025-10-23 02:20:54+00:00,9.67,126.22,32,1.8,014 km S 28° E of General Luna (Surigao Del Norte),Ms,TECTONIC
865,2025-10-23 02:10:08+00:00,7.22,126.8,26,2.3,029 km N 89° E of Manay (Davao Oriental),Ms,TECTONIC
866,2025-10-23 02:08:19+00:00,18.45,120.76,19,2.0,020 km N 48° E of Pasuquin (Ilocos Norte),Ms,TECTONIC
867,2025-10-23 02:06:18+00:00,10.99,124.13,26,2.3,017 km S 69° E of City Of Bogo (Cebu),Ms,TECTONIC
868,2025-10-23 01:22:00+00:00,10.92,123.96,7,2.7,015 km S 09° W of City Of Bogo (Cebu),Ms,TECTONIC
869,2025-10-23 00:50:55+00:00,6.59,125.29,2,3.0,005 km S 43° E of Kiblawan (Davao Del Sur),Ms,TECTONIC
870,2025-10-23 00:50:28+00:00,11.17,123.99,32,1.9,013 km N 07° E of City Of Bogo (Cebu),Ms,TECTONIC
871,2025-10-23 00:48:39+00:00,11.01,123.96,16,2.0,005 km S 32° W of City Of Bogo (Cebu),Ms,TECTONIC
872,2025-10-23 00:36:59+00:00,9.63,126.18,32,1.4,017 km S 08° E of General Luna (Surigao Del Norte),Ms,TECTONIC
873,2025-10-23 00:24:00+00:00,6.6,126.48,31,2.3,045 km S 82° E of Governor Generoso (Davao Oriental),Ms,TECTONIC
874,2025-10-23 00:22:40+00:00,15.03,119.79,33,1.5,031 km S 84° W of San Felipe (Zambales),Ms,TECTONIC
875,2025-10-22 23:51:14+00:00,10.29,126.46,12,2.8,066 km N 30° E of General Luna (Surigao Del Norte),Ms,TECTONIC
876,2025-10-22 23:45:51+00:00,9.61,126.26,31,1.8,023 km S 32° E of General Luna (Surigao Del Norte),Ms,TECTONIC
877,2025-10-22 23:43:57+00:00,9.63,126.19,32,1.6,017 km S 13° E of General Luna (Surigao Del Norte),Ms,TECTONIC
878,2025-10-22 23:25:35+00:00,10.89,123.97,4,2.3,017 km S 05° W of City Of Bogo (Cebu),Ms,TECTONIC
879,2025-10-22 23:12:08+00:00,8.98,126.86,2,2.4,062 km N 84° E of Cagwait (Surigao Del Sur),Ms,TECTONIC
880,2025-10-22 23:11:38+00:00,9.67,126.23,34,1.8,015 km S 31° E of General Luna (Surigao Del Norte),Ms,TECTONIC
881,2025-10-22 22:58:03+00:00,10.94,123.87,2,2.5,017 km S 47° W of City Of Bogo (Cebu),Ms,TECTONIC
882,2025-10-22 22:49:35+00:00,8.09,122.92,25,1.7,007 km S 06° W of Leon B. Postigo (Zamboanga Del Norte),Ms,TECTONIC
883,2025-10-22 22:35:36+00:00,11.04,124.11,5,2.3,014 km S 87° E of City Of Bogo (Cebu),Ms,TECTONIC
884,2025-10-22 22:29:19+00:00,11.1,123.98,29,1.8,006 km N 04° E of City Of Bogo (Cebu),Ms,TECTONIC
885,2025-10-22 22:01:40+00:00,11.06,123.96,3,2.9,003 km N 43° W of City Of Bogo (Cebu),Ms,TECTONIC
886,2025-10-22 22:00:03+00:00,5.1,125.47,41,3.1,036 km S 09° E of Balut Island (Municipality Of Sarangani) (Davao Occidental),Ms,TECTONIC
887,2025-10-22 21:54:31+00:00,13.76,123.24,7,2.3,006 km N 31° E of Calabanga (Camarines Sur),Ms,TECTONIC
888,2025-10-22 21:36:01+00:00,9.64,126.17,25,2.0,016 km S 04° E of General Luna (Surigao Del Norte),Ms,TECTONIC
889,2025-10-22 21:17:09+00:00,10.94,123.96,2,2.3,012 km S 10° W of City Of Bogo (Cebu),Ms,TECTONIC
890,2025-10-22 21:06:29+00:00,9.61,126.25,32,1.7,022 km S 28° E of General Luna (Surigao Del Norte),Ms,TECTONIC
891,2025-10-22 20:17:16+00:00,9.61,126.27,35,1.8,023 km S 32° E of General Luna (Surigao Del Norte),Ms,TECTONIC
892,2025-10-22 20:09:57+00:00,7.54,126.74,25,2.2,021 km S 78° E of Baganga (Davao Oriental),Ms,TECTONIC
893,2025-10-22 20:10:01+00:00,11.19,123.95,3,2.3,016 km N 11° W of City Of Bogo (Cebu),Ms,TECTONIC
894,2025-10-22 20:07:51+00:00,7.35,126.79,11,2.7,032 km N 61° E of Manay (Davao Oriental),Ms,TECTONIC
895,2025-10-22 19:51:51+00:00,5.79,125.99,170,3.3,041 km S 70° E of Jose Abad Santos (Davao Occidental),Ms,TECTONIC
896,2025-10-22 19:41:01+00:00,9.66,126.21,34,1.5,015 km S 23° E of General Luna (Surigao Del Norte),Ms,TECTONIC
897,2025-10-22 19:13:48+00:00,7.41,126.8,24,2.0,036 km N 53° E of Manay (Davao Oriental),Ms,TECTONIC
898,2025-10-22 18:56:49+00:00,13.57,120.65,105,2.5,016 km N 30° W of Abra De Ilog (Occidental Mindoro),Ms,TECTONIC
899,2025-10-22 18:34:53+00:00,10.93,123.76,2,2.7,027 km S 61° W of City Of Bogo (Cebu),Ms,TECTONIC
900,2025-10-22 18:02:55+00:00,15.89,121.92,18,2.1,028 km S 09° W of Dinalungan (Aurora),Ms,TECTONIC
901,2025-10-22 17:50:06+00:00,11.14,124.08,4,2.4,015 km N 46° E of City Of Bogo (Cebu),Ms,TECTONIC
902,2025-10-22 17:44:00+00:00,13.69,122.8,35,1.6,016 km S 46° W of Lupi (Camarines Sur),Ms,TECTONIC
903,2025-10-22 17:44:17+00:00,11.21,123.97,7,1.7,018 km N 05° W of City Of Bogo (Cebu),Ms,TECTONIC
904,2025-10-22 17:39:35+00:00,13.66,122.79,35,1.5,020 km S 43° W of Lupi (Camarines Sur),Ms,TECTONIC
905,2025-10-22 17:31:40+00:00,11.13,124.13,4,3.0,019 km N 60° E of City Of Bogo (Cebu),Ms,TECTONIC
906,2025-10-22 17:30:03+00:00,13.55,120.78,5,2.8,015 km S 39° W of Tingloy (Batangas),Ms,TECTONIC
907,2025-10-22 17:29:41+00:00,6.88,127.32,11,2.5,094 km S 67° E of Manay (Davao Oriental),Ms,TECTONIC
908,2025-10-22 17:10:44+00:00,7.32,126.8,11,2.9,031 km N 68° E of Manay (Davao Oriental),Ms,TECTONIC
909,2025-10-22 17:07:50+00:00,9.4,125.6,17,2.3,006 km S 27° E of Kitcharao (Agusan Del Norte),Ms,TECTONIC
910,2025-10-22 16:45:25+00:00,11.2,124.13,2,2.6,024 km N 44° E of City Of Bogo (Cebu),Ms,TECTONIC
911,2025-10-22 16:31:37+00:00,18.56,120.7,5,2.6,008 km N 37° E of Burgos (Ilocos Norte),Ms,TECTONIC
912,2025-10-22 16:09:12+00:00,16.1,120.71,26,2.0,006 km N 43° E of San Manuel (Pangasinan),Ms,TECTONIC
913,2025-10-22 16:03:30+00:00,7.67,126.64,14,2.4,014 km N 40° E of Baganga (Davao Oriental),Ms,TECTONIC
914,2025-10-22 16:02:35+00:00,11.1,123.98,28,1.5,006 km N 03° E of City Of Bogo (Cebu),Ms,TECTONIC
915,2025-10-22 15:29:59+00:00,10.99,123.95,24,2.9,007 km S 26° W of City Of Bogo (Cebu),Ms,TECTONIC
916,2025-10-22 15:26:56+00:00,13.74,122.88,5,2.0,007 km S 35° W of Lupi (Camarines Sur),Ms,TECTONIC
917,2025-10-22 14:32:13+00:00,11.09,123.93,22,2.0,008 km N 46° W of City Of Bogo (Cebu),Ms,TECTONIC
918,2025-10-22 14:24:53+00:00,9.69,126.1,26,1.8,012 km S 33° W of General Luna (Surigao Del Norte),Ms,TECTONIC
919,2025-10-22 13:31:56+00:00,10.95,123.88,19,2.1,016 km S 44° W of City Of Bogo (Cebu),Ms,TECTONIC
920,2025-10-22 13:31:19+00:00,13.62,121.48,10,1.8,038 km N 31° E of Naujan (Oriental Mindoro),Ms,TECTONIC
921,2025-10-22 13:22:22+00:00,8.83,126.56,18,3.6,031 km S 71° E of Cagwait (Surigao Del Sur),Ms,TECTONIC
922,2025-10-22 13:19:38+00:00,11.11,124.15,4,2.8,020 km N 68° E of City Of Bogo (Cebu),Ms,TECTONIC
923,2025-10-22 12:52:05+00:00,7.19,126.57,16,3.1,004 km S 57° E of Manay (Davao Oriental),Ms,TECTONIC
924,2025-10-22 12:46:32+00:00,7.41,127.4,21,3.2,097 km N 77° E of Manay (Davao Oriental),Ms,TECTONIC
925,2025-10-22 12:40:02+00:00,10.96,123.96,3,2.6,010 km S 13° W of City Of Bogo (Cebu),Ms,TECTONIC
926,2025-10-22 12:15:49+00:00,9.7,126.19,26,2.1,010 km S 24° E of General Luna (Surigao Del Norte),Ms,TECTONIC
927,2025-10-22 12:04:27+00:00,8.69,126.23,26,1.8,026 km S 17° W of Cagwait (Surigao Del Sur),Ms,TECTONIC
928,2025-10-22 12:02:18+00:00,7.24,126.59,10,2.5,006 km N 56° E of Manay (Davao Oriental),Ms,TECTONIC
929,2025-10-22 11:30:00+00:00,8.78,126.51,10,3.3,027 km S 56° E of Cagwait (Surigao Del Sur),Ms,TECTONIC
930,2025-10-22 11:28:07+00:00,8.8,126.71,14,2.9,047 km S 74° E of Cagwait (Surigao Del Sur),Ms,TECTONIC
931,2025-10-22 11:00:59+00:00,10.83,123.97,11,1.9,024 km S 04° W of City Of Bogo (Cebu),Ms,TECTONIC
932,2025-10-22 11:00:04+00:00,8.77,126.53,18,3.0,030 km S 57° E of Cagwait (Surigao Del Sur),Ms,TECTONIC
933,2025-10-22 10:49:17+00:00,11.18,124.03,34,1.8,016 km N 21° E of City Of Bogo (Cebu),Ms,TECTONIC
934,2025-10-22 10:48:15+00:00,7.19,123.47,23,2.7,031 km S 11° E of Tabina (Zamboanga Del Sur),Ms,TECTONIC
935,2025-10-22 10:33:16+00:00,7.38,126.3,9,3.1,020 km N 69° E of Maragusan (Davao De Oro),Ms,TECTONIC
936,2025-10-22 10:19:26+00:00,8.82,126.43,28,1.6,018 km S 54° E of Cagwait (Surigao Del Sur),Ms,TECTONIC
937,2025-10-22 10:18:32+00:00,13.72,120.63,103,2.0,012 km South of Calatagan (Batangas),Ms,TECTONIC
938,2025-10-22 10:09:36+00:00,10.53,122.19,6,2.2,014 km S 22° W of Miagao (Iloilo),Ms,TECTONIC
939,2025-10-22 10:00:16+00:00,10.67,122.18,6,2.2,007 km N 62° W of Miagao (Iloilo),Ms,TECTONIC
940,2025-10-22 09:53:47+00:00,8.12,126.99,6,3.0,064 km N 82° E of Lingig (Surigao Del Sur),Ms,TECTONIC
941,2025-10-22 09:41:27+00:00,10.92,123.89,3,2.5,017 km S 36° W of City Of Bogo (Cebu),Ms,TECTONIC
942,2025-10-22 09:25:18+00:00,13.35,123.4,19,2.6,004 km S 77° E of Bato (Camarines Sur),Ms,TECTONIC
943,2025-10-22 09:21:39+00:00,11.05,124.04,6,2.7,007 km N 83° E of City Of Bogo (Cebu),Ms,TECTONIC
944,2025-10-22 08:57:32+00:00,11.1,124.11,33,2.6,016 km N 69° E of City Of Bogo (Cebu),Ms,TECTONIC
945,2025-10-22 08:32:14+00:00,11.03,124.09,4,2.3,013 km S 80° E of City Of Bogo (Cebu),Ms,TECTONIC
946,2025-10-22 08:29:31+00:00,7.31,127.44,1,3.3,100 km N 84° E of Manay (Davao Oriental),Ms,TECTONIC
947,2025-10-22 07:42:36+00:00,9.48,126.03,1,2.3,016 km N 37° E of Carrascal (Surigao Del Sur),Ms,TECTONIC
948,2025-10-22 07:16:02+00:00,13.05,120.28,32,2.3,039 km S 60° W of Mamburao (Occidental Mindoro),Ms,TECTONIC
949,2025-10-22 07:08:43+00:00,9.58,126.18,26,2.1,022 km S 07° E of General Luna (Surigao Del Norte),Ms,TECTONIC
950,2025-10-22 07:06:20+00:00,18.78,120.54,7,2.9,032 km N 20° W of Burgos (Ilocos Norte),Ms,TECTONIC
951,2025-10-22 06:47:38+00:00,11.21,123.94,33,2.2,007 km S 56° W of Daanbantayan (Cebu),Ms,TECTONIC
952,2025-10-22 06:10:05+00:00,3.9,125.57,76,3.6,168 km S 06° E of Balut Island (Municipality Of Sarangani) (Davao Occidental),Ms,TECTONIC
953,2025-10-22 05:52:11+00:00,9.59,126.23,29,1.7,022 km S 21° E of General Luna (Surigao Del Norte),Ms,TECTONIC
954,2025-10-22 05:39:17+00:00,13.76,120.58,86,2.0,009 km S 34° W of Calatagan (Batangas),Ms,TECTONIC
955,2025-10-22 05:21:53+00:00,9.64,126.21,31,2.2,017 km S 19° E of General Luna (Surigao Del Norte),Ms,TECTONIC
956,2025-10-22 05:08:27+00:00,9.64,126.02,33,2.3,022 km S 44° W of General Luna (Surigao Del Norte),Ms,TECTONIC
957,2025-10-22 04:58:51+00:00,9.71,126.24,28,2.2,012 km S 47° E of General Luna (Surigao Del Norte),Ms,TECTONIC
958,2025-10-22 04:05:23+00:00,11.2,124.02,1,2.1,017 km N 16° E of City Of Bogo (Cebu),Ms,TECTONIC
959,2025-10-22 03:52:50+00:00,11.12,123.94,5,2.6,009 km N 30° W of City Of Bogo (Cebu),Ms,TECTONIC
960,2025-10-22 03:33:01+00:00,12.46,124.58,19,2.1,020 km S 70° W of Mondragon (Northern Samar),Ms,TECTONIC
961,2025-10-22 03:30:44+00:00,11.15,123.96,12,1.8,012 km N 09° W of City Of Bogo (Cebu),Ms,TECTONIC
962,2025-10-22 02:19:12+00:00,8.09,126.86,22,2.4,050 km N 83° E of Lingig (Surigao Del Sur),Ms,TECTONIC
963,2025-10-22 02:05:40+00:00,8.57,126.12,2,2.5,005 km North of Barobo (Surigao Del Sur),Ms,TECTONIC
964,2025-10-22 01:15:43+00:00,9.78,126.23,50,2.2,008 km S 88° E of General Luna (Surigao Del Norte),Ms,TECTONIC
965,2025-10-22 01:00:35+00:00,11.26,124.08,33,2.3,026 km N 26° E of City Of Bogo (Cebu),Ms,TECTONIC
966,2025-10-22 00:56:46+00:00,11.12,124.11,5,2.8,017 km N 62° E of City Of Bogo (Cebu),Ms,TECTONIC
967,2025-10-22 00:18:59+00:00,11.04,124.03,8,2.4,005 km S 86° E of City Of Bogo (Cebu),Ms,TECTONIC
968,2025-10-21 23:58:43+00:00,13.81,120.58,80,1.5,006 km S 62° W of Calatagan (Batangas),Ms,TECTONIC
969,2025-10-21 23:53:03+00:00,6.94,127.35,11,3.0,094 km S 71° E of Manay (Davao Oriental),Ms,TECTONIC
970,2025-10-21 23:43:35+00:00,8.92,126.48,19,3.8,019 km N 89° E of Cagwait (Surigao Del Sur),Ms,TECTONIC
971,2025-10-21 23:36:28+00:00,19.07,121.11,15,2.4,011 km S 69° W of Dalupiri Island (Calayan) (Cagayan),Ms,TECTONIC
972,2025-10-21 23:21:47+00:00,11.13,124.01,19,1.6,010 km N 22° E of City Of Bogo (Cebu),Ms,TECTONIC
973,2025-10-21 23:09:36+00:00,9.75,126.57,15,2.3,045 km S 86° E of General Luna (Surigao Del Norte),Ms,TECTONIC
974,2025-10-21 22:45:50+00:00,10.86,123.87,3,2.5,024 km S 29° W of City Of Bogo (Cebu),Ms,TECTONIC
975,2025-10-21 22:38:57+00:00,11.12,124.28,1,2.3,034 km N 77° E of City Of Bogo (Cebu),Ms,TECTONIC
976,2025-10-21 22:29:58+00:00,11.2,123.91,2,3.3,018 km N 25° W of City Of Bogo (Cebu),Ms,TECTONIC
977,2025-10-21 22:23:15+00:00,11.25,123.94,9,2.3,022 km N 10° W of City Of Bogo (Cebu),Ms,TECTONIC
978,2025-10-21 22:11:41+00:00,11.17,123.91,10,2.2,015 km N 28° W of City Of Bogo (Cebu),Ms,TECTONIC
979,2025-10-21 22:11:26+00:00,9.65,126.23,32,1.4,017 km S 28° E of General Luna (Surigao Del Norte),Ms,TECTONIC
980,2025-10-21 22:06:38+00:00,11.15,124.02,33,1.8,012 km N 21° E of City Of Bogo (Cebu),Ms,TECTONIC
981,2025-10-21 22:05:43+00:00,7.96,126.38,132,1.7,009 km S 24° W of Lingig (Surigao Del Sur),Ms,TECTONIC
982,2025-10-21 21:37:14+00:00,13.65,120.63,92,1.9,020 km S 01° W of Calatagan (Batangas),Ms,TECTONIC
983,2025-10-21 21:35:38+00:00,7.87,125.18,43,2.0,011 km S 72° E of City Of Valencia (Bukidnon),Ms,TECTONIC
984,2025-10-21 21:03:12+00:00,10.51,123.68,34,1.9,004 km N 85° W of Balamban (Cebu),Ms,TECTONIC
985,2025-10-21 20:09:32+00:00,5.97,126.08,134,2.1,048 km N 83° E of Jose Abad Santos (Davao Occidental),Ms,TECTONIC
986,2025-10-21 19:57:42+00:00,7.58,122.14,11,2.7,001 km S 16° W of Sirawai (Zamboanga Del Norte),Ms,TECTONIC
987,2025-10-21 19:57:11+00:00,17.66,120.4,3,2.9,003 km N 33° W of Santo Domingo (Ilocos Sur),Ms,TECTONIC
988,2025-10-21 19:54:44+00:00,5.72,126.46,61,3.2,093 km S 77° E of Jose Abad Santos (Davao Occidental),Ms,TECTONIC
989,2025-10-21 19:53:23+00:00,10.97,124.03,28,2.0,010 km S 33° E of City Of Bogo (Cebu),Ms,TECTONIC
990,2025-10-21 19:43:37+00:00,9.76,126.18,32,2.5,003 km S 37° E of General Luna (Surigao Del Norte),Ms,TECTONIC
991,2025-10-21 19:20:21+00:00,7.23,126.76,22,1.8,024 km N 85° E of Manay (Davao Oriental),Ms,TECTONIC
992,2025-10-21 19:18:55+00:00,7.25,126.87,25,2.5,036 km N 84° E of Manay (Davao Oriental),Ms,TECTONIC
993,2025-10-21 19:16:55+00:00,9.47,126.25,30,2.1,036 km S 17° E of General Luna (Surigao Del Norte),Ms,TECTONIC
994,2025-10-21 19:00:06+00:00,9.64,126.09,34,2.1,017 km S 27° W of General Luna (Surigao Del Norte),Ms,TECTONIC
995,2025-10-21 18:34:19+00:00,13.59,120.36,2,2.0,039 km S 41° E of Lubang (Occidental Mindoro),Ms,TECTONIC
996,2025-10-21 18:33:11+00:00,16.15,122.26,7,1.9,021 km S 47° E of Casiguran (Aurora),Ms,TECTONIC
997,2025-10-21 18:31:06+00:00,7.28,126.91,4,1.8,042 km N 79° E of Manay (Davao Oriental),Ms,TECTONIC
998,2025-10-21 18:27:55+00:00,7.17,126.72,20,1.9,020 km S 76° E of Manay (Davao Oriental),Ms,TECTONIC
999,2025-10-21 17:52:28+00:00,12.93,126.05,36,4.2,100 km N 60° E of Mapanas (Northern Samar),Ms,TECTONIC
1000,2025-10-21 17:45:07+00:00,10.93,123.96,20,2.0,013 km S 11° W of City Of Bogo (Cebu),Ms,TECTONIC
1001,2025-10-21 17:38:13+00:00,8.82,126.48,29,2.2,023 km S 60° E of Cagwait (Surigao Del Sur),Ms,TECTONIC
1002,2025-10-21 17:23:58+00:00,7.35,126.78,20,2.2,030 km N 59° E of Manay (Davao Oriental),Ms,TECTONIC
1003,2025-10-21 17:23:58+00:00,7.41,126.52,5,1.7,022 km N 06° W of Manay (Davao Oriental),Ms,TECTONIC
1004,2025-10-21 17:21:12+00:00,9.64,126.31,31,2.8,023 km S 46° E of General Luna (Surigao Del Norte),Ms,TECTONIC
1005,2025-10-21 17:18:56+00:00,7.28,126.85,22,1.5,035 km N 78° E of Manay (Davao Oriental),Ms,TECTONIC
1006,2025-10-21 17:17:05+00:00,7.33,127.1,12,2.9,064 km N 78° E of Manay (Davao Oriental),Ms,TECTONIC
1007,2025-10-21 17:05:53+00:00,7.12,126.82,25,2.3,033 km S 72° E of Manay (Davao Oriental),Ms,TECTONIC
1008,2025-10-21 17:03:45+00:00,7.35,127.35,12,2.8,087 km N 80° E of Manay (Davao Oriental),Ms,TECTONIC
1009,2025-10-21 17:02:15+00:00,9.65,126.17,28,2.0,015 km S 07° E of General Luna (Surigao Del Norte),Ms,TECTONIC
1010,2025-10-21 16:41:35+00:00,11.11,124.12,3,1.8,017 km N 66° E of City Of Bogo (Cebu),Ms,TECTONIC
1011,2025-10-21 16:41:07+00:00,9.19,126.74,13,2.2,057 km N 58° E of Cagwait (Surigao Del Sur),Ms,TECTONIC
1012,2025-10-21 16:32:17+00:00,14.27,123.07,8,1.7,018 km N 19° E of Mercedes (Camarines Norte),Ms,TECTONIC
1013,2025-10-21 16:24:06+00:00,9.95,126.52,65,1.5,044 km N 64° E of General Luna (Surigao Del Norte),Ms,TECTONIC
1014,2025-10-21 16:20:59+00:00,12.69,123.57,6,1.8,012 km N 64° W of Monreal (Masbate),Ms,TECTONIC
1015,2025-10-21 16:19:34+00:00,9.65,126.17,33,1.5,015 km S 06° E of General Luna (Surigao Del Norte),Ms,TECTONIC
1016,2025-10-21 16:19:30+00:00,11.1,124.13,33,1.8,017 km N 69° E of City Of Bogo (Cebu),Ms,TECTONIC
1017,2025-10-21 16:06:45+00:00,10.79,122.89,13,2.0,009 km S 81° W of City Of Silay (Negros Occidental),Ms,TECTONIC
1018,2025-10-21 15:56:18+00:00,11.13,123.83,32,2.1,018 km N 61° W of City Of Bogo (Cebu),Ms,TECTONIC
1019,2025-10-21 15:34:57+00:00,9.67,126.2,33,1.8,014 km S 20° E of General Luna (Surigao Del Norte),Ms,TECTONIC
1020,2025-10-21 15:21:51+00:00,9.21,125.88,34,1.4,011 km S 58° W of Madrid (Surigao Del Sur),Ms,TECTONIC
1021,2025-10-21 15:15:29+00:00,9.73,126.11,30,2.2,007 km S 43° W of General Luna (Surigao Del Norte),Ms,TECTONIC
1022,2025-10-21 14:30:48+00:00,10.96,124.02,9,2.4,011 km S 25° E of City Of Bogo (Cebu),Ms,TECTONIC
1023,2025-10-21 14:27:56+00:00,7.36,124.41,25,2.1,009 km N 10° W of Pigkawayan (Cotabato),Ms,TECTONIC
1024,2025-10-21 14:25:01+00:00,18.62,121.08,2,2.0,002 km N 07° W of Claveria (Cagayan),Ms,TECTONIC
1025,2025-10-21 14:23:31+00:00,5.31,125.55,20,2.8,018 km S 49° E of Balut Island (Municipality Of Sarangani) (Davao Occidental),Ms,TECTONIC
1026,2025-10-21 14:11:14+00:00,11.2,124.18,15,1.9,028 km N 51° E of City Of Bogo (Cebu),Ms,TECTONIC
1027,2025-10-21 13:38:59+00:00,16.89,120.66,94,2.2,013 km S 38° W of Cervantes (Ilocos Sur),Ms,TECTONIC
1028,2025-10-21 13:33:56+00:00,7.42,127.38,13,2.9,096 km N 76° E of Manay (Davao Oriental),Ms,TECTONIC
1029,2025-10-21 13:23:46+00:00,11.13,124.12,7,2.0,018 km N 59° E of City Of Bogo (Cebu),Ms,TECTONIC
1030,2025-10-21 12:38:32+00:00,9.64,126.2,35,1.4,016 km S 16° E of General Luna (Surigao Del Norte),Ms,TECTONIC
1031,2025-10-21 12:33:04+00:00,7.03,126.47,21,2.4,022 km S 20° W of Manay (Davao Oriental),Ms,TECTONIC
1032,2025-10-21 12:27:07+00:00,8.81,126.49,31,2.1,024 km S 60° E of Cagwait (Surigao Del Sur),Ms,TECTONIC
1033,2025-10-21 12:17:23+00:00,7.47,126.58,23,1.8,012 km S 07° E of Baganga (Davao Oriental),Ms,TECTONIC
1034,2025-10-21 11:31:19+00:00,18.33,120.78,6,2.4,017 km S 90° E of Pasuquin (Ilocos Norte),Ms,TECTONIC
1035,2025-10-21 11:31:02+00:00,11.09,123.97,33,2.4,005 km N 14° W of City Of Bogo (Cebu),Ms,TECTONIC
1036,2025-10-21 11:27:56+00:00,4.01,123.11,576,4.3,271 km S 26° W of Palimbang (Sultan Kudarat),Ms,TECTONIC
1037,2025-10-21 11:02:10+00:00,13.47,120.76,33,1.5,005 km N 58° E of Abra De Ilog (Occidental Mindoro),Ms,TECTONIC
1038,2025-10-21 10:55:35+00:00,8.55,126.83,27,1.6,071 km S 55° E of Cagwait (Surigao Del Sur),Ms,TECTONIC
1039,2025-10-21 10:24:04+00:00,11.16,124.19,10,2.4,027 km N 61° E of City Of Bogo (Cebu),Ms,TECTONIC
1040,2025-10-21 09:51:51+00:00,13.58,121.04,1,2.3,006 km N 35° W of Verde Island (Batangas City) (Batangas),Ms,TECTONIC
1041,2025-10-21 09:23:25+00:00,9.63,126.16,33,1.5,017 km S 02° E of General Luna (Surigao Del Norte),Ms,TECTONIC
1042,2025-10-21 09:07:23+00:00,11.16,124.16,6,4.1,024 km N 58° E of City Of Bogo (Cebu),Mw,TECTONIC
1043,2025-10-21 08:34:16+00:00,9.63,126.21,34,2.1,018 km S 18° E of General Luna (Surigao Del Norte),Ms,TECTONIC
1044,2025-10-21 08:11:52+00:00,7.25,127.55,18,2.8,112 km N 88° E of Manay (Davao Oriental),Ms,TECTONIC
1045,2025-10-21 08:06:21+00:00,10.41,126.29,1,3.1,049 km N 28° E of Burgos (Surigao Del Norte),Ms,TECTONIC
1046,2025-10-21 08:03:01+00:00,8.88,126.47,24,2.1,019 km S 78° E of Cagwait (Surigao Del Sur),Ms,TECTONIC
1047,2025-10-21 07:54:47+00:00,6.39,125.91,48,3.2,032 km N 48° E of Don Marcelino (Davao Occidental),Ms,TECTONIC
1048,2025-10-21 07:45:58+00:00,11.18,123.9,1,2.7,017 km N 32° W of City Of Bogo (Cebu),Ms,TECTONIC
1049,2025-10-21 07:39:31+00:00,7.26,127.08,31,2.9,059 km N 84° E of Manay (Davao Oriental),Ms,TECTONIC
1050,2025-10-21 07:32:23+00:00,7.2,126.96,11,2.8,047 km S 88° E of Manay (Davao Oriental),Ms,TECTONIC
1051,2025-10-21 07:16:19+00:00,8.75,126.27,18,2.4,019 km S 10° W of Cagwait (Surigao Del Sur),Ms,TECTONIC
1052,2025-10-21 07:07:27+00:00,7.99,126.99,4,2.9,064 km S 85° E of Lingig (Surigao Del Sur),Ms,TECTONIC
1053,2025-10-21 07:04:52+00:00,11.27,124.21,17,2.4,035 km N 46° E of City Of Bogo (Cebu),Ms,TECTONIC
1054,2025-10-21 06:24:19+00:00,16.44,119.77,25,3.0,015 km N 65° W of Bolinao (Pangasinan),Ms,TECTONIC
1055,2025-10-21 06:15:29+00:00,8.84,126.21,32,2.7,013 km S 47° W of Cagwait (Surigao Del Sur),Ms,TECTONIC
1056,2025-10-21 06:01:45+00:00,9.65,126.18,35,2.0,014 km S 11° E of General Luna (Surigao Del Norte),Ms,TECTONIC
1057,2025-10-21 05:20:21+00:00,13.25,120.91,39,2.0,028 km N 47° E of Santa Cruz (Occidental Mindoro),Ms,TECTONIC
1058,2025-10-21 05:06:00+00:00,11.17,124.06,33,2.0,016 km N 33° E of City Of Bogo (Cebu),Ms,TECTONIC
1059,2025-10-21 04:43:18+00:00,7.26,126.62,9,3.1,010 km N 60° E of Manay (Davao Oriental),Ms,TECTONIC
1060,2025-10-21 04:19:08+00:00,9.0,126.18,30,1.9,008 km S 08° E of City Of Tandag (Surigao Del Sur),Ms,TECTONIC
1061,2025-10-21 03:35:04+00:00,16.05,121.62,30,1.7,019 km S 04° E of Nagtipunan (Quirino),Ms,TECTONIC
1062,2025-10-21 03:30:12+00:00,9.7,126.17,27,2.9,009 km S 10° E of General Luna (Surigao Del Norte),Ms,TECTONIC
1063,2025-10-21 02:23:23+00:00,9.13,126.11,48,3.1,009 km N 49° W of City Of Tandag (Surigao Del Sur),Ms,TECTONIC
1064,2025-10-21 01:58:01+00:00,9.64,126.24,31,2.0,018 km S 32° E of General Luna (Surigao Del Norte),Ms,TECTONIC
1065,2025-10-21 01:40:41+00:00,9.54,126.08,2,2.1,015 km S 55° E of Socorro (Surigao Del Norte),Ms,TECTONIC
1066,2025-10-21 01:11:47+00:00,8.8,126.49,29,2.1,024 km S 58° E of Cagwait (Surigao Del Sur),Ms,TECTONIC
1067,2025-10-21 01:02:05+00:00,7.09,127.07,5,3.5,060 km S 77° E of Manay (Davao Oriental),Ms,TECTONIC
1068,2025-10-21 00:52:57+00:00,7.07,126.92,15,2.6,045 km S 70° E of Manay (Davao Oriental),Ms,TECTONIC
1069,2025-10-21 00:03:41+00:00,9.39,125.4,32,2.5,014 km N 65° W of Jabonga (Agusan Del Norte),Ms,TECTONIC
1070,2025-10-21 00:01:05+00:00,9.65,126.18,34,1.7,015 km S 11° E of General Luna (Surigao Del Norte),Ms,TECTONIC
1071,2025-10-20 23:26:35+00:00,9.65,125.96,28,2.0,026 km S 55° W of General Luna (Surigao Del Norte),Ms,TECTONIC
1072,2025-10-20 23:24:00+00:00,7.59,125.96,33,1.8,001 km S 34° W of Nabunturan (Davao De Oro),Ms,TECTONIC
1073,2025-10-20 23:00:55+00:00,11.1,124.03,27,2.0,008 km N 43° E of City Of Bogo (Cebu),Ms,TECTONIC
1074,2025-10-20 22:44:22+00:00,18.5,120.76,1,1.9,004 km S 10° W of Bangui (Ilocos Norte),Ms,TECTONIC
1075,2025-10-20 22:10:23+00:00,11.1,124.19,32,2.3,024 km N 75° E of City Of Bogo (Cebu),Ms,TECTONIC
1076,2025-10-20 21:47:41+00:00,8.85,126.42,30,2.2,015 km S 60° E of Cagwait (Surigao Del Sur),Ms,TECTONIC
1077,2025-10-20 21:43:37+00:00,15.64,119.72,21,2.5,023 km N 86° W of Candelaria (Zambales),Ms,TECTONIC
1078,2025-10-20 21:32:39+00:00,7.13,126.84,28,4.3,035 km S 74° E of Manay (Davao Oriental),Ms,TECTONIC
1079,2025-10-20 21:32:09+00:00,11.11,124.08,28,1.5,013 km N 59° E of City Of Bogo (Cebu),Ms,TECTONIC
1080,2025-10-20 21:29:00+00:00,9.57,126.22,19,1.9,025 km S 17° E of General Luna (Surigao Del Norte),unspecified,unspecified
1081,2025-10-20 21:29:29+00:00,13.84,125.27,42,3.4,096 km N 86° E of Gigmoto (Catanduanes),Ms,TECTONIC
1082,2025-10-20 21:22:54+00:00,11.03,123.81,20,2.4,018 km S 83° W of City Of Bogo (Cebu),Ms,TECTONIC
1083,2025-10-20 20:27:37+00:00,11.07,124.04,33,1.9,007 km N 66° E of City Of Bogo (Cebu),Ms,TECTONIC
1084,2025-10-20 20:15:19+00:00,18.7,120.49,7,2.3,027 km N 38° W of Burgos (Ilocos Norte),Ms,TECTONIC
1085,2025-10-20 20:06:05+00:00,6.79,125.32,6,2.8,006 km N 35° W of City Of Digos (Davao Del Sur),Ms,TECTONIC
1086,2025-10-20 19:57:05+00:00,9.4,125.46,21,1.9,009 km N 45° W of Jabonga (Agusan Del Norte),Ms,TECTONIC
1087,2025-10-20 19:52:41+00:00,6.92,126.88,19,2.8,050 km S 49° E of Manay (Davao Oriental),Ms,TECTONIC
1088,2025-10-20 19:40:09+00:00,8.83,126.36,30,2.2,012 km S 31° E of Cagwait (Surigao Del Sur),Ms,TECTONIC
1089,2025-10-20 19:35:35+00:00,10.94,123.91,2,3.0,014 km S 31° W of City Of Bogo (Cebu),Ms,TECTONIC
1090,2025-10-20 19:25:35+00:00,11.0,124.0,33,2.3,006 km S 29° E of City Of Bogo (Cebu),Ms,TECTONIC
1091,2025-10-20 19:22:46+00:00,7.06,127.15,1,3.1,069 km S 76° E of Manay (Davao Oriental),Ms,TECTONIC
1092,2025-10-20 19:09:55+00:00,9.64,126.14,33,2.1,016 km S 08° W of General Luna (Surigao Del Norte),Ms,TECTONIC
1093,2025-10-20 19:00:35+00:00,7.34,126.72,4,3.3,024 km N 56° E of Manay (Davao Oriental),Ms,TECTONIC
1094,2025-10-20 18:52:53+00:00,11.01,124.06,33,2.1,010 km S 67° E of City Of Bogo (Cebu),Ms,TECTONIC
1095,2025-10-20 18:49:58+00:00,6.91,126.17,27,3.0,007 km S 51° W of City Of Mati (Davao Oriental),Ms,TECTONIC
1096,2025-10-20 18:41:06+00:00,7.2,127.36,23,2.6,091 km S 89° E of Manay (Davao Oriental),Ms,TECTONIC
1097,2025-10-20 18:34:38+00:00,12.38,119.85,9,2.8,029 km N 18° W of Busuanga (Palawan),Ms,TECTONIC
1098,2025-10-20 18:34:35+00:00,18.64,120.68,10,2.4,014 km N 52° W of Pagudpud (Ilocos Norte),Ms,TECTONIC
1099,2025-10-20 18:18:36+00:00,9.53,126.16,31,2.1,028 km S 01° E of General Luna (Surigao Del Norte),Ms,TECTONIC
1100,2025-10-20 18:16:23+00:00,11.0,124.03,33,2.0,008 km S 43° E of City Of Bogo (Cebu),Ms,TECTONIC
1101,2025-10-20 18:01:04+00:00,6.63,125.96,34,1.5,012 km S 80° W of Governor Generoso (Davao Oriental),Ms,TECTONIC
1102,2025-10-20 17:50:53+00:00,11.12,124.04,34,2.4,010 km N 42° E of City Of Bogo (Cebu),Ms,TECTONIC
1103,2025-10-20 17:48:34+00:00,12.53,123.41,38,2.4,002 km N 47° E of Aroroy (Masbate),Ms,TECTONIC
1104,2025-10-20 17:46:42+00:00,7.25,127.14,8,2.9,067 km N 86° E of Manay (Davao Oriental),Ms,TECTONIC
1105,2025-10-20 17:43:05+00:00,7.28,127.02,23,2.9,053 km N 82° E of Manay (Davao Oriental),Ms,TECTONIC
1106,2025-10-20 17:37:56+00:00,11.14,125.55,24,2.8,004 km S 59° E of Quinapondan (Eastern Samar),Ms,TECTONIC
1107,2025-10-20 17:36:25+00:00,8.83,126.43,29,2.2,018 km S 55° E of Cagwait (Surigao Del Sur),Ms,TECTONIC
1108,2025-10-20 17:32:22+00:00,10.79,123.96,1,2.8,028 km S 04° W of City Of Bogo (Cebu),Ms,TECTONIC
1109,2025-10-20 17:31:54+00:00,8.77,126.55,28,2.1,028 km S 83° E of Marihatag (Surigao Del Sur),Ms,TECTONIC
1110,2025-10-20 17:20:19+00:00,7.41,126.85,20,3.6,041 km N 57° E of Manay (Davao Oriental),Ms,TECTONIC
1111,2025-10-20 17:18:51+00:00,11.22,124.11,6,2.8,024 km N 37° E of City Of Bogo (Cebu),Ms,TECTONIC
1112,2025-10-20 17:16:18+00:00,12.67,121.68,15,1.7,020 km N 62° E of Roxas (Oriental Mindoro),Ms,TECTONIC
1113,2025-10-20 17:13:22+00:00,9.64,126.15,33,1.4,015 km S 04° W of General Luna (Surigao Del Norte),Ms,TECTONIC
1114,2025-10-20 17:04:18+00:00,17.55,120.71,40,1.8,002 km N 34° W of Bucay (Abra),Ms,TECTONIC
1115,2025-10-20 17:03:39+00:00,6.48,126.48,26,3.2,049 km S 66° E of Governor Generoso (Davao Oriental),Ms,TECTONIC
1116,2025-10-20 16:53:51+00:00,9.75,126.19,7,2.2,006 km S 44° E of General Luna (Surigao Del Norte),Ms,TECTONIC
1117,2025-10-20 16:38:15+00:00,12.39,124.49,23,2.2,015 km S 01° E of San Jose (Northern Samar),Ms,TECTONIC
1118,2025-10-20 16:16:49+00:00,6.83,127.46,38,3.2,110 km S 68° E of Manay (Davao Oriental),Ms,TECTONIC
1119,2025-10-20 16:15:45+00:00,11.05,123.98,20,2.6,001 km N 31° E of City Of Bogo (Cebu),Ms,TECTONIC
1120,2025-10-20 16:11:57+00:00,11.0,123.99,33,2.3,005 km S 13° E of City Of Bogo (Cebu),Ms,TECTONIC
1121,2025-10-20 16:06:39+00:00,11.14,124.03,26,2.1,012 km N 30° E of City Of Bogo (Cebu),Ms,TECTONIC
1122,2025-10-20 15:59:33+00:00,11.02,122.4,26,2.0,009 km S 63° W of Lambunao (Iloilo),Ms,TECTONIC
1123,2025-10-20 15:58:37+00:00,9.63,126.17,35,1.7,017 km S 05° E of General Luna (Surigao Del Norte),Ms,TECTONIC
1124,2025-10-20 15:47:45+00:00,6.91,127.38,17,4.2,099 km S 70° E of Manay (Davao Oriental),Ms,TECTONIC
1125,2025-10-20 15:47:22+00:00,7.26,126.94,28,1.6,045 km N 83° E of Manay (Davao Oriental),Ms,TECTONIC
1126,2025-10-20 15:45:55+00:00,6.5,125.91,19,2.8,025 km S 47° W of Governor Generoso (Davao Oriental),Ms,TECTONIC
1127,2025-10-20 15:41:14+00:00,8.76,126.44,31,1.5,023 km S 42° E of Cagwait (Surigao Del Sur),Ms,TECTONIC
1128,2025-10-20 15:40:45+00:00,4.75,126.31,148,2.7,123 km S 53° E of Balut Island (Municipality Of Sarangani) (Davao Occidental),Ms,TECTONIC
1129,2025-10-20 15:39:48+00:00,7.4,127.18,24,2.5,074 km N 73° E of Manay (Davao Oriental),Ms,TECTONIC
1130,2025-10-20 15:39:15+00:00,11.04,123.87,16,2.4,013 km S 85° W of City Of Bogo (Cebu),Ms,TECTONIC
1131,2025-10-20 15:31:25+00:00,12.59,123.71,5,1.7,004 km N 41° W of San Jacinto (Masbate),Ms,TECTONIC
1132,2025-10-20 15:30:11+00:00,12.87,121.04,6,1.9,028 km N 83° E of Sablayan (Occidental Mindoro),Ms,TECTONIC
1133,2025-10-20 15:26:37+00:00,7.17,125.51,27,2.7,023 km S 55° W of City Of Panabo (Davao Del Norte),Ms,TECTONIC
1134,2025-10-20 15:26:22+00:00,12.55,123.5,24,3.0,009 km N 03° E of Baleno (Masbate),Ms,TECTONIC
1135,2025-10-20 15:18:07+00:00,9.6,126.16,32,2.4,020 km S 01° E of General Luna (Surigao Del Norte),Ms,TECTONIC
1136,2025-10-20 15:17:20+00:00,7.24,126.69,24,1.6,017 km N 78° E of Manay (Davao Oriental),Ms,TECTONIC
1137,2025-10-20 15:07:52+00:00,11.5,121.98,21,3.1,012 km N 43° W of Culasi (Antique),Ms,TECTONIC
1138,2025-10-20 15:05:48+00:00,8.91,126.36,27,2.7,007 km S 82° E of Cagwait (Surigao Del Sur),Ms,TECTONIC
1139,2025-10-20 14:57:21+00:00,7.05,126.89,20,3.0,042 km S 65° E of Manay (Davao Oriental),Ms,TECTONIC
1140,2025-10-20 14:55:04+00:00,18.18,122.17,13,2.7,020 km S 65° E of Gonzaga (Cagayan),Ms,TECTONIC
1141,2025-10-20 14:46:35+00:00,8.77,126.51,29,2.1,028 km S 54° E of Cagwait (Surigao Del Sur),Ms,TECTONIC
1142,2025-10-20 14:42:35+00:00,9.97,126.11,19,1.8,021 km N 13° W of General Luna (Surigao Del Norte),Ms,TECTONIC
1143,2025-10-20 14:35:12+00:00,10.93,123.87,1,2.5,018 km S 43° W of City Of Bogo (Cebu),Ms,TECTONIC
1144,2025-10-20 14:33:16+00:00,13.63,120.29,5,2.3,011 km S 26° E of Looc (Occidental Mindoro),Ms,TECTONIC
1145,2025-10-20 14:22:14+00:00,11.17,124.07,11,2.3,016 km N 35° E of City Of Bogo (Cebu),Ms,TECTONIC
1146,2025-10-20 14:16:54+00:00,9.61,126.17,35,2.0,019 km S 05° E of General Luna (Surigao Del Norte),Ms,TECTONIC
1147,2025-10-20 13:52:00+00:00,7.4,126.72,7,2.4,029 km N 45° E of Manay (Davao Oriental),Ms,TECTONIC
1148,2025-10-20 13:46:17+00:00,6.87,126.99,5,2.4,063 km S 53° E of Manay (Davao Oriental),Ms,TECTONIC
1149,2025-10-20 13:32:46+00:00,6.86,127.77,14,4.0,141 km S 74° E of Manay (Davao Oriental),Ms,TECTONIC
1150,2025-10-20 13:20:00+00:00,7.52,127.24,23,2.5,084 km N 66° E of Manay (Davao Oriental),Ms,TECTONIC
1151,2025-10-20 13:18:47+00:00,7.57,127.08,16,2.4,072 km N 56° E of Manay (Davao Oriental),Ms,TECTONIC
1152,2025-10-20 13:18:15+00:00,14.0,120.49,75,1.9,018 km S 78° W of Lian (Batangas),Ms,TECTONIC
1153,2025-10-20 13:05:48+00:00,6.78,127.29,16,2.5,095 km S 60° E of Manay (Davao Oriental),Ms,TECTONIC
1154,2025-10-20 12:57:28+00:00,6.89,127.14,1,3.5,076 km S 62° E of Manay (Davao Oriental),Ms,TECTONIC
1155,2025-10-20 12:44:44+00:00,9.43,126.29,21,2.4,042 km S 21° E of General Luna (Surigao Del Norte),Ms,TECTONIC
1156,2025-10-20 12:08:43+00:00,11.28,124.15,12,2.2,032 km N 35° E of City Of Bogo (Cebu),Ms,TECTONIC
1157,2025-10-20 12:05:47+00:00,7.29,126.78,21,3.3,028 km N 71° E of Manay (Davao Oriental),Ms,TECTONIC
1158,2025-10-20 11:40:03+00:00,7.01,127.08,25,4.3,064 km S 69° E of Manay (Davao Oriental),Ms,TECTONIC
1159,2025-10-20 11:35:52+00:00,7.0,127.36,20,5.7,094 km S 75° E of Manay (Davao Oriental),Mw,TECTONIC
1160,2025-10-20 11:10:09+00:00,10.27,126.75,26,2.4,085 km N 51° E of General Luna (Surigao Del Norte),Ms,TECTONIC
1161,2025-10-20 11:04:44+00:00,7.19,127.34,25,2.5,088 km S 88° E of Manay (Davao Oriental),Ms,TECTONIC
1162,2025-10-20 10:48:47+00:00,18.77,120.5,11,3.7,032 km N 29° W of Burgos (Ilocos Norte),Ms,TECTONIC
1163,2025-10-20 10:29:12+00:00,10.91,123.94,1,2.2,016 km S 15° W of City Of Bogo (Cebu),Ms,TECTONIC
1164,2025-10-20 10:28:44+00:00,9.62,126.28,32,1.7,023 km S 37° E of General Luna (Surigao Del Norte),Ms,TECTONIC
1165,2025-10-20 10:13:34+00:00,11.04,124.05,3,2.6,008 km S 84° E of City Of Bogo (Cebu),Ms,TECTONIC
1166,2025-10-20 10:05:01+00:00,9.6,126.23,34,1.6,022 km S 21° E of General Luna (Surigao Del Norte),Ms,TECTONIC
1167,2025-10-20 09:48:57+00:00,7.53,126.58,17,2.0,036 km N 08° E of Manay (Davao Oriental),Ms,TECTONIC
1168,2025-10-20 09:43:30+00:00,11.18,124.13,33,1.7,022 km N 48° E of City Of Bogo (Cebu),Ms,TECTONIC
1169,2025-10-20 09:37:26+00:00,11.04,123.97,26,2.0,001 km S 73° W of City Of Bogo (Cebu),Ms,TECTONIC
1170,2025-10-20 09:32:14+00:00,11.09,124.05,46,2.0,009 km N 56° E of City Of Bogo (Cebu),Ms,TECTONIC
1171,2025-10-20 09:32:14+00:00,11.09,124.05,46,2.0,009 km N 56° E of City Of Bogo (Cebu),Ms,TECTONIC
1172,2025-10-20 09:28:51+00:00,11.01,124.07,15,2.1,011 km S 70° E of City Of Bogo (Cebu),Ms,TECTONIC
1173,2025-10-20 09:27:35+00:00,18.43,120.74,15,2.5,015 km S 18° W of Pagudpud (Ilocos Norte),Ms,TECTONIC
1174,2025-10-20 09:27:19+00:00,11.07,124.09,12,1.2,012 km N 77° E of City Of Bogo (Cebu),Ms,TECTONIC
1175,2025-10-20 09:26:27+00:00,7.17,127.28,15,2.5,082 km S 87° E of Manay (Davao Oriental),Ms,TECTONIC
1176,2025-10-20 09:14:50+00:00,11.07,123.99,5,2.5,003 km N 24° E of City Of Bogo (Cebu),Ms,TECTONIC
1177,2025-10-20 09:02:46+00:00,11.1,124.01,8,2.3,007 km N 26° E of City Of Bogo (Cebu),Ms,TECTONIC
1178,2025-10-20 09:00:21+00:00,10.99,123.91,8,2.5,010 km S 48° W of City Of Bogo (Cebu),Ms,TECTONIC
1179,2025-10-20 08:08:12+00:00,11.17,124.05,32,2.0,015 km N 29° E of City Of Bogo (Cebu),Ms,TECTONIC
1180,2025-10-20 08:06:06+00:00,11.19,124.05,4,2.4,017 km N 27° E of City Of Bogo (Cebu),Ms,TECTONIC
1181,2025-10-20 08:00:59+00:00,7.2,127.36,20,3.3,090 km S 90° E of Manay (Davao Oriental),Ms,TECTONIC
1182,2025-10-20 07:49:45+00:00,9.71,126.19,31,2.0,009 km S 22° E of General Luna (Surigao Del Norte),Ms,TECTONIC
1183,2025-10-20 07:31:33+00:00,9.66,126.19,34,1.7,014 km S 16° E of General Luna (Surigao Del Norte),Ms,TECTONIC
1184,2025-10-20 07:03:56+00:00,8.84,126.49,26,2.7,022 km S 68° E of Cagwait (Surigao Del Sur),Ms,TECTONIC
1185,2025-10-20 06:52:48+00:00,11.19,123.95,27,1.5,016 km N 10° W of City Of Bogo (Cebu),Ms,TECTONIC
1186,2025-10-20 06:18:32+00:00,9.16,126.22,21,1.8,028 km N 18° W of Cagwait (Surigao Del Sur),Ms,TECTONIC
1187,2025-10-20 06:02:09+00:00,7.05,126.97,20,2.7,051 km S 69° E of Manay (Davao Oriental),Ms,TECTONIC
1188,2025-10-20 05:54:50+00:00,11.29,123.94,31,3.5,028 km N 10° W of City Of Bogo (Cebu),Ms,TECTONIC
1189,2025-10-20 05:50:28+00:00,9.69,126.11,33,2.4,012 km S 28° W of General Luna (Surigao Del Norte),Ms,TECTONIC
1190,2025-10-20 05:43:24+00:00,11.21,124.18,4,2.3,028 km N 51° E of City Of Bogo (Cebu),Ms,TECTONIC
1191,2025-10-20 05:34:16+00:00,7.57,126.78,27,2.2,024 km S 90° E of Baganga (Davao Oriental),Ms,TECTONIC
1192,2025-10-20 05:00:39+00:00,11.05,124.15,34,2.0,019 km N 89° E of City Of Bogo (Cebu),Ms,TECTONIC
1193,2025-10-20 04:27:47+00:00,8.37,127.28,9,3.2,102 km N 69° E of Lingig (Surigao Del Sur),Ms,TECTONIC
1194,2025-10-20 04:20:37+00:00,9.59,126.25,33,2.1,024 km S 24° E of General Luna (Surigao Del Norte),Ms,TECTONIC
1195,2025-10-20 03:39:33+00:00,11.17,124.18,8,2.1,025 km N 58° E of City Of Bogo (Cebu),Ms,TECTONIC
1196,2025-10-20 03:26:57+00:00,10.96,123.86,8,2.9,016 km S 53° W of City Of Bogo (Cebu),Ms,TECTONIC
1197,2025-10-20 03:26:02+00:00,7.17,126.43,31,2.3,013 km S 71° W of Manay (Davao Oriental),Ms,TECTONIC
1198,2025-10-20 03:25:42+00:00,7.35,126.76,29,1.5,029 km N 58° E of Manay (Davao Oriental),Ms,TECTONIC
1199,2025-10-20 02:53:35+00:00,10.98,123.98,6,2.9,008 km S 02° E of City Of Bogo (Cebu),Ms,TECTONIC
1200,2025-10-20 02:47:52+00:00,8.84,126.2,26,2.2,015 km S 52° W of Cagwait (Surigao Del Sur),Ms,TECTONIC
1201,2025-10-20 02:46:34+00:00,12.35,124.73,11,1.9,012 km N 63° E of Lope De Vega (Northern Samar),Ms,TECTONIC
1202,2025-10-20 02:43:23+00:00,18.04,119.67,22,4.6,086 km N 88° W of Currimao (Ilocos Norte),Mw,TECTONIC
1203,2025-10-20 02:37:41+00:00,9.8,126.11,21,1.6,005 km N 75° W of General Luna (Surigao Del Norte),Ms,TECTONIC
1204,2025-10-20 02:13:31+00:00,6.29,125.81,86,2.6,017 km N 51° E of Don Marcelino (Davao Occidental),Ms,TECTONIC
1205,2025-10-20 02:07:17+00:00,11.2,124.28,29,2.4,012 km S 87° W of Villaba (Leyte),Ms,TECTONIC
1206,2025-10-20 01:59:57+00:00,7.21,126.62,12,2.4,009 km S 89° E of Manay (Davao Oriental),Ms,TECTONIC
1207,2025-10-20 01:38:25+00:00,2.04,126.88,111,4.4,407 km S 23° E of Balut Island (Municipality Of Sarangani) (Davao Occidental),Ms,TECTONIC
1208,2025-10-20 01:30:10+00:00,11.06,123.93,1,2.6,005 km N 70° W of City Of Bogo (Cebu),Ms,TECTONIC
1209,2025-10-20 01:25:41+00:00,6.43,126.78,177,2.8,078 km S 28° E of Tarragona (Davao Oriental),Ms,TECTONIC
1210,2025-10-20 01:09:36+00:00,10.09,122.47,33,2.2,022 km N 53° W of Cauayan (Negros Occidental),Ms,TECTONIC
1211,2025-10-20 01:04:51+00:00,9.68,126.15,32,2.5,012 km S 05° W of General Luna (Surigao Del Norte),Ms,TECTONIC
1212,2025-10-20 00:53:46+00:00,11.12,124.01,21,2.5,009 km N 23° E of City Of Bogo (Cebu),Ms,TECTONIC
1213,2025-10-20 00:53:03+00:00,6.83,127.25,3,3.0,089 km S 62° E of Manay (Davao Oriental),Ms,TECTONIC
1214,2025-10-20 00:21:25+00:00,9.66,126.2,32,1.8,014 km S 21° E of General Luna (Surigao Del Norte),Ms,TECTONIC
1215,2025-10-20 00:15:06+00:00,6.96,126.72,25,2.6,034 km S 36° E of Manay (Davao Oriental),Ms,TECTONIC
1216,2025-10-20 00:12:26+00:00,11.1,124.05,21,1.6,010 km N 54° E of City Of Bogo (Cebu),Ms,TECTONIC
1217,2025-10-20 00:11:43+00:00,11.19,124.3,3,2.6,010 km S 77° W of Villaba (Leyte),Ms,TECTONIC
1218,2025-10-19 23:05:27+00:00,8.86,126.38,25,2.3,010 km S 54° E of Cagwait (Surigao Del Sur),Ms,TECTONIC
1219,2025-10-19 23:01:52+00:00,9.71,126.2,29,3.0,009 km S 31° E of General Luna (Surigao Del Norte),Ms,TECTONIC
1220,2025-10-19 22:57:07+00:00,10.95,123.92,2,2.6,013 km S 32° W of City Of Bogo (Cebu),Ms,TECTONIC
1221,2025-10-19 22:41:37+00:00,11.12,124.07,33,2.0,013 km N 51° E of City Of Bogo (Cebu),Ms,TECTONIC
1222,2025-10-19 22:35:11+00:00,8.85,126.48,28,2.2,021 km S 70° E of Cagwait (Surigao Del Sur),Ms,TECTONIC
1223,2025-10-19 22:25:34+00:00,10.98,123.93,8,2.0,009 km S 33° W of City Of Bogo (Cebu),Ms,TECTONIC
1224,2025-10-19 22:17:14+00:00,15.28,119.79,1,2.8,021 km S 76° W of Iba (Zambales),Ms,TECTONIC
1225,2025-10-19 22:08:06+00:00,8.82,126.4,32,1.7,016 km S 45° E of Cagwait (Surigao Del Sur),Ms,TECTONIC
1226,2025-10-19 21:47:50+00:00,11.23,124.14,29,2.4,027 km N 40° E of City Of Bogo (Cebu),Ms,TECTONIC
1227,2025-10-19 21:47:23+00:00,8.82,126.46,27,1.9,020 km S 59° E of Cagwait (Surigao Del Sur),Ms,TECTONIC
1228,2025-10-19 21:37:03+00:00,11.15,124.01,32,2.4,012 km N 17° E of City Of Bogo (Cebu),Ms,TECTONIC
1229,2025-10-19 21:27:47+00:00,7.34,126.62,32,1.9,017 km N 32° E of Manay (Davao Oriental),Ms,TECTONIC
1230,2025-10-19 21:20:44+00:00,11.0,123.9,30,1.8,010 km S 61° W of City Of Bogo (Cebu),Ms,TECTONIC
1231,2025-10-19 21:15:06+00:00,7.39,126.59,33,2.0,021 km N 15° E of Manay (Davao Oriental),Ms,TECTONIC
1232,2025-10-19 21:11:00+00:00,8.82,126.44,27,2.2,019 km S 56° E of Cagwait (Surigao Del Sur),Ms,TECTONIC
1233,2025-10-19 21:09:12+00:00,8.82,126.41,25,2.1,016 km S 47° E of Cagwait (Surigao Del Sur),Ms,TECTONIC
1234,2025-10-19 21:07:01+00:00,9.64,126.25,33,1.6,018 km S 32° E of General Luna (Surigao Del Norte),Ms,TECTONIC
1235,2025-10-19 21:04:19+00:00,11.15,124.04,27,3.5,013 km N 33° E of City Of Bogo (Cebu),Ms,TECTONIC
1236,2025-10-19 21:01:54+00:00,10.86,123.86,11,2.0,025 km S 31° W of City Of Bogo (Cebu),Ms,TECTONIC
1237,2025-10-19 21:00:56+00:00,12.91,119.78,33,2.5,088 km N 11° W of Busuanga (Palawan),Ms,TECTONIC
1238,2025-10-19 20:52:41+00:00,7.21,126.83,25,3.9,032 km S 89° E of Manay (Davao Oriental),Ms,TECTONIC
1239,2025-10-19 20:51:47+00:00,11.11,124.1,29,2.3,015 km N 59° E of City Of Bogo (Cebu),Ms,TECTONIC
1240,2025-10-19 20:42:33+00:00,11.07,124.14,5,2.0,018 km N 82° E of City Of Bogo (Cebu),Ms,TECTONIC
1241,2025-10-19 20:38:11+00:00,11.1,124.05,33,2.3,010 km N 52° E of City Of Bogo (Cebu),Ms,TECTONIC
1242,2025-10-19 20:33:23+00:00,11.07,124.07,33,1.9,011 km N 77° E of City Of Bogo (Cebu),Ms,TECTONIC
1243,2025-10-19 20:29:27+00:00,18.57,120.7,2,2.4,008 km N 64° W of Bangui (Ilocos Norte),Ms,TECTONIC
1244,2025-10-19 20:26:42+00:00,8.93,126.44,25,2.0,015 km N 85° E of Cagwait (Surigao Del Sur),Ms,TECTONIC
1245,2025-10-19 20:24:29+00:00,8.76,126.35,23,2.1,007 km S 58° E of Marihatag (Surigao Del Sur),Ms,TECTONIC
1246,2025-10-19 20:19:18+00:00,9.61,126.18,33,2.2,019 km S 09° E of General Luna (Surigao Del Norte),Ms,TECTONIC
1247,2025-10-19 20:09:44+00:00,11.16,124.11,27,2.0,019 km N 50° E of City Of Bogo (Cebu),Ms,TECTONIC
1248,2025-10-19 20:08:44+00:00,10.52,124.27,2,2.2,018 km S 41° W of San Francisco (Cebu),Ms,TECTONIC
1249,2025-10-19 19:59:58+00:00,8.8,126.4,25,1.7,017 km S 39° E of Cagwait (Surigao Del Sur),Ms,TECTONIC
1250,2025-10-19 19:57:31+00:00,8.8,126.47,27,1.9,023 km S 56° E of Cagwait (Surigao Del Sur),Ms,TECTONIC
1251,2025-10-19 19:47:50+00:00,8.83,126.46,28,1.8,020 km S 60° E of Cagwait (Surigao Del Sur),Ms,TECTONIC
1252,2025-10-19 19:42:31+00:00,9.6,126.24,32,1.7,023 km S 23° E of General Luna (Surigao Del Norte),Ms,TECTONIC
1253,2025-10-19 19:36:01+00:00,9.65,126.16,32,1.8,014 km S 01° E of General Luna (Surigao Del Norte),Ms,TECTONIC
1254,2025-10-19 19:31:43+00:00,6.48,125.95,39,3.6,023 km S 36° W of Governor Generoso (Davao Oriental),Ms,TECTONIC
1255,2025-10-19 19:11:37+00:00,5.71,126.45,29,2.8,092 km S 76° E of Jose Abad Santos (Davao Occidental),Ms,TECTONIC
1256,2025-10-19 19:11:10+00:00,8.89,126.51,34,1.6,023 km S 82° E of Cagwait (Surigao Del Sur),Ms,TECTONIC
1257,2025-10-19 19:08:57+00:00,11.01,123.89,32,2.1,011 km S 70° W of City Of Bogo (Cebu),Ms,TECTONIC
1258,2025-10-19 19:08:49+00:00,6.12,127.01,8,2.4,131 km S 23° E of Manay (Davao Oriental),Ms,TECTONIC
1259,2025-10-19 19:06:37+00:00,9.67,126.2,33,1.8,014 km S 23° E of General Luna (Surigao Del Norte),Ms,TECTONIC
1260,2025-10-19 19:03:37+00:00,11.04,124.0,32,1.9,002 km S 64° E of City Of Bogo (Cebu),Ms,TECTONIC
1261,2025-10-19 19:01:57+00:00,11.09,124.09,34,1.7,014 km N 67° E of City Of Bogo (Cebu),Ms,TECTONIC
1262,2025-10-19 18:55:02+00:00,6.99,127.52,39,3.0,111 km S 78° E of Manay (Davao Oriental),Ms,TECTONIC
1263,2025-10-19 18:48:02+00:00,6.55,126.97,163,2.9,088 km S 33° E of Manay (Davao Oriental),Ms,TECTONIC
1264,2025-10-19 18:45:32+00:00,9.72,126.26,29,2.8,013 km S 57° E of General Luna (Surigao Del Norte),Ms,TECTONIC
1265,2025-10-19 18:43:00+00:00,5.24,125.27,32,2.0,025 km S 42° W of Balut Island (Municipality Of Sarangani) (Davao Occidental),Ms,TECTONIC
1266,2025-10-19 18:41:21+00:00,9.0,126.48,31,2.6,022 km N 64° E of Cagwait (Surigao Del Sur),Ms,TECTONIC
1267,2025-10-19 18:31:22+00:00,8.86,126.4,31,2.1,012 km S 57° E of Cagwait (Surigao Del Sur),Ms,TECTONIC
1268,2025-10-19 17:58:25+00:00,7.46,126.61,24,2.1,029 km N 17° E of Manay (Davao Oriental),Ms,TECTONIC
1269,2025-10-19 17:46:48+00:00,12.42,124.8,34,1.5,012 km S 29° E of Mondragon (Northern Samar),Ms,TECTONIC
1270,2025-10-19 17:37:58+00:00,13.97,124.06,29,2.2,008 km S 76° W of Caramoran (Catanduanes),Ms,TECTONIC
1271,2025-10-19 17:37:44+00:00,13.1,125.26,33,2.5,064 km N 14° E of Palapag (Northern Samar),Ms,TECTONIC
1272,2025-10-19 17:36:27+00:00,8.8,126.34,7,1.6,014 km S 19° E of Cagwait (Surigao Del Sur),Ms,TECTONIC
1273,2025-10-19 17:34:48+00:00,8.92,126.4,23,3.4,011 km East of Cagwait (Surigao Del Sur),Ms,TECTONIC
1274,2025-10-19 17:30:14+00:00,7.36,126.78,18,2.9,031 km N 57° E of Manay (Davao Oriental),Ms,TECTONIC
1275,2025-10-19 17:23:01+00:00,8.85,126.51,33,1.9,025 km S 72° E of Cagwait (Surigao Del Sur),Ms,TECTONIC
1276,2025-10-19 17:12:22+00:00,6.49,126.47,29,2.7,048 km S 68° E of Governor Generoso (Davao Oriental),Ms,TECTONIC
1277,2025-10-19 17:07:58+00:00,7.74,126.96,25,2.4,048 km N 68° E of Baganga (Davao Oriental),Ms,TECTONIC
1278,2025-10-19 17:03:45+00:00,8.92,126.13,33,2.2,019 km S 89° W of Cagwait (Surigao Del Sur),Ms,TECTONIC
1279,2025-10-19 17:00:04+00:00,7.11,126.78,20,3.1,028 km S 67° E of Manay (Davao Oriental),Ms,TECTONIC
1280,2025-10-19 16:55:15+00:00,11.19,124.09,19,1.8,020 km N 36° E of City Of Bogo (Cebu),Ms,TECTONIC
1281,2025-10-19 16:55:14+00:00,8.83,126.48,27,2.0,022 km S 63° E of Cagwait (Surigao Del Sur),Ms,TECTONIC
1282,2025-10-19 16:52:44+00:00,7.16,126.76,35,2.8,025 km S 76° E of Manay (Davao Oriental),Ms,TECTONIC
1283,2025-10-19 16:49:52+00:00,7.42,126.65,29,1.7,026 km N 28° E of Manay (Davao Oriental),Ms,TECTONIC
1284,2025-10-19 16:43:30+00:00,11.23,123.78,7,2.1,030 km N 48° W of City Of Bogo (Cebu),Ms,TECTONIC
1285,2025-10-19 16:42:30+00:00,7.34,126.76,18,2.4,028 km N 60° E of Manay (Davao Oriental),Ms,TECTONIC
1286,2025-10-19 16:41:41+00:00,8.78,126.47,28,1.9,023 km S 51° E of Cagwait (Surigao Del Sur),Ms,TECTONIC
1287,2025-10-19 16:25:04+00:00,8.86,126.52,33,2.0,025 km S 76° E of Cagwait (Surigao Del Sur),Ms,TECTONIC
1288,2025-10-19 16:14:15+00:00,8.83,126.43,27,2.0,018 km S 56° E of Cagwait (Surigao Del Sur),Ms,TECTONIC
1289,2025-10-19 16:08:06+00:00,8.78,126.41,28,2.9,019 km S 38° E of Cagwait (Surigao Del Sur),Ms,TECTONIC
1290,2025-10-19 16:01:19+00:00,10.98,123.97,18,2.1,007 km S 07° W of City Of Bogo (Cebu),Ms,TECTONIC
1291,2025-10-19 15:59:07+00:00,11.2,124.13,35,1.8,024 km N 42° E of City Of Bogo (Cebu),Ms,TECTONIC
1292,2025-10-19 15:57:41+00:00,11.15,123.97,15,2.0,012 km N 04° W of City Of Bogo (Cebu),Ms,TECTONIC
1293,2025-10-19 15:54:04+00:00,8.84,126.46,32,1.6,019 km S 63° E of Cagwait (Surigao Del Sur),Ms,TECTONIC
1294,2025-10-19 15:52:25+00:00,11.27,124.03,8,2.1,025 km N 14° E of City Of Bogo (Cebu),Ms,TECTONIC
1295,2025-10-19 15:50:41+00:00,11.19,124.05,31,2.0,018 km N 27° E of City Of Bogo (Cebu),Ms,TECTONIC
1296,2025-10-19 15:47:54+00:00,8.88,126.4,27,2.0,011 km S 71° E of Cagwait (Surigao Del Sur),Ms,TECTONIC
1297,2025-10-19 15:42:27+00:00,8.89,126.4,28,1.8,012 km S 72° E of Cagwait (Surigao Del Sur),Ms,TECTONIC
1298,2025-10-19 15:34:17+00:00,9.75,126.32,27,2.8,018 km S 78° E of General Luna (Surigao Del Norte),Ms,TECTONIC
1299,2025-10-19 15:26:45+00:00,7.86,123.16,22,1.8,008 km N 56° W of Tigbao (Zamboanga Del Sur),Ms,TECTONIC
1300,2025-10-19 15:26:28+00:00,8.78,126.42,24,2.4,020 km S 42° E of Cagwait (Surigao Del Sur),Ms,TECTONIC
1301,2025-10-19 15:25:53+00:00,8.2,125.93,33,2.2,008 km N 76° W of Bunawan (Agusan Del Sur),Ms,TECTONIC
1302,2025-10-19 15:23:43+00:00,6.98,127.17,9,3.4,074 km S 70° E of Manay (Davao Oriental),Ms,TECTONIC
1303,2025-10-19 15:12:13+00:00,8.82,126.43,33,2.0,018 km S 54° E of Cagwait (Surigao Del Sur),Ms,TECTONIC
1304,2025-10-19 15:08:36+00:00,9.66,126.22,32,1.8,016 km S 27° E of General Luna (Surigao Del Norte),Ms,TECTONIC
1305,2025-10-19 15:05:27+00:00,8.85,126.42,31,3.9,014 km S 61° E of Cagwait (Surigao Del Sur),Ms,TECTONIC
1306,2025-10-19 15:04:02+00:00,12.23,120.89,28,1.8,024 km S 55° W of San Jose (Occidental Mindoro),Ms,TECTONIC
1307,2025-10-19 14:56:11+00:00,11.1,124.0,20,2.4,006 km N 20° E of City Of Bogo (Cebu),Ms,TECTONIC
1308,2025-10-19 14:45:00+00:00,9.33,126.16,33,2.5,007 km N 32° W of Cortes (Surigao Del Sur),Ms,TECTONIC
1309,2025-10-19 14:43:02+00:00,11.17,124.01,5,2.0,014 km N 12° E of City Of Bogo (Cebu),Ms,TECTONIC
1310,2025-10-19 14:27:38+00:00,9.65,126.21,33,1.6,015 km S 21° E of General Luna (Surigao Del Norte),Ms,TECTONIC
1311,2025-10-19 14:22:26+00:00,11.2,123.97,17,1.9,017 km N 04° W of City Of Bogo (Cebu),Ms,TECTONIC
1312,2025-10-19 14:14:34+00:00,11.03,124.13,7,2.1,016 km S 85° E of City Of Bogo (Cebu),Ms,TECTONIC
1313,2025-10-19 14:12:31+00:00,11.11,123.98,21,1.9,007 km N 01° E of City Of Bogo (Cebu),Ms,TECTONIC
1314,2025-10-19 13:47:03+00:00,7.17,126.82,13,4.1,031 km S 81° E of Manay (Davao Oriental),Ms,TECTONIC
1315,2025-10-19 13:35:32+00:00,18.45,120.74,7,3.3,012 km S 57° E of Burgos (Ilocos Norte),Ms,TECTONIC
1316,2025-10-19 13:33:43+00:00,18.54,120.7,10,3.8,006 km N 62° E of Burgos (Ilocos Norte),M,TECTONIC
1317,2025-10-19 13:23:18+00:00,10.74,124.17,13,2.4,017 km N 82° E of Catmon (Cebu),Ms,TECTONIC
1318,2025-10-19 13:17:29+00:00,7.17,126.58,27,2.4,006 km S 49° E of Manay (Davao Oriental),Ms,TECTONIC
1319,2025-10-19 13:17:17+00:00,11.05,123.94,27,1.8,004 km N 79° W of City Of Bogo (Cebu),Ms,TECTONIC
1320,2025-10-19 13:12:04+00:00,8.92,126.25,47,2.0,006 km N 84° W of Cagwait (Surigao Del Sur),Ms,TECTONIC
1321,2025-10-19 13:10:47+00:00,10.88,123.9,4,2.9,020 km S 24° W of City Of Bogo (Cebu),Ms,TECTONIC
1322,2025-10-19 12:54:29+00:00,9.63,126.23,23,2.9,018 km S 27° E of General Luna (Surigao Del Norte),Ms,TECTONIC
1323,2025-10-19 12:48:39+00:00,11.23,124.2,33,2.4,032 km N 49° E of City Of Bogo (Cebu),Ms,TECTONIC
1324,2025-10-19 12:45:55+00:00,9.57,126.22,35,1.5,024 km S 16° E of General Luna (Surigao Del Norte),Ms,TECTONIC
1325,2025-10-19 12:30:38+00:00,10.84,123.83,7,3.5,028 km S 35° W of City Of Bogo (Cebu),Ms,TECTONIC
1326,2025-10-19 12:24:16+00:00,12.2,125.41,13,2.6,008 km S 30° E of Arteche (Eastern Samar),Ms,TECTONIC
1327,2025-10-19 11:50:11+00:00,9.61,126.25,33,2.0,022 km S 29° E of General Luna (Surigao Del Norte),Ms,TECTONIC
1328,2025-10-19 11:50:10+00:00,11.07,124.1,33,1.4,014 km N 77° E of City Of Bogo (Cebu),Ms,TECTONIC
1329,2025-10-19 11:49:36+00:00,11.24,124.01,24,1.6,022 km N 08° E of City Of Bogo (Cebu),Ms,TECTONIC
1330,2025-10-19 11:42:36+00:00,10.95,123.94,20,2.3,012 km S 21° W of City Of Bogo (Cebu),Ms,TECTONIC
1331,2025-10-19 11:20:08+00:00,8.85,126.23,31,1.8,011 km S 46° W of Cagwait (Surigao Del Sur),Ms,TECTONIC
1332,2025-10-19 11:17:22+00:00,7.03,127.0,32,2.7,055 km S 68° E of Manay (Davao Oriental),Ms,TECTONIC
1333,2025-10-19 11:13:12+00:00,10.97,123.91,10,2.9,012 km S 44° W of City Of Bogo (Cebu),Ms,TECTONIC
1334,2025-10-19 11:08:25+00:00,15.46,121.38,26,2.0,005 km N 80° E of Gabaldon (Nueva Ecija),Ms,TECTONIC
1335,2025-10-19 11:06:39+00:00,10.91,123.92,3,3.8,016 km S 22° W of City Of Bogo (Cebu),Ms,TECTONIC
1336,2025-10-19 10:54:29+00:00,9.67,126.22,31,2.2,015 km S 30° E of General Luna (Surigao Del Norte),Ms,TECTONIC
1337,2025-10-19 10:46:04+00:00,8.83,126.46,26,2.4,020 km S 60° E of Cagwait (Surigao Del Sur),Ms,TECTONIC
1338,2025-10-19 10:21:44+00:00,9.62,126.25,34,1.7,020 km S 30° E of General Luna (Surigao Del Norte),Ms,TECTONIC
1339,2025-10-19 10:19:39+00:00,11.02,124.15,29,2.2,019 km S 81° E of City Of Bogo (Cebu),Ms,TECTONIC
1340,2025-10-19 10:17:41+00:00,6.33,124.73,9,3.9,005 km S 18° W of Surallah (South Cotabato),Ms,TECTONIC
1341,2025-10-19 10:13:43+00:00,18.34,120.68,4,2.4,019 km S 12° E of Burgos (Ilocos Norte),Ms,TECTONIC
1342,2025-10-19 10:05:22+00:00,11.65,125.5,38,1.7,009 km N 59° E of City Of Borongan (Eastern Samar),Ms,TECTONIC
1343,2025-10-19 10:03:20+00:00,13.54,120.57,32,1.8,018 km N 40° E of Paluan (Occidental Mindoro),Ms,TECTONIC
1344,2025-10-19 09:59:04+00:00,7.3,125.97,25,2.1,013 km S 88° E of Mabini (Davao De Oro),Ms,TECTONIC
1345,2025-10-19 09:58:13+00:00,8.79,126.41,27,2.0,019 km S 41° E of Cagwait (Surigao Del Sur),Ms,TECTONIC
1346,2025-10-19 09:54:18+00:00,9.73,126.35,29,2.4,023 km S 74° E of General Luna (Surigao Del Norte),Ms,TECTONIC
1347,2025-10-19 09:46:03+00:00,8.3,125.88,32,1.9,009 km N 76° E of La Paz (Agusan Del Sur),Ms,TECTONIC
1348,2025-10-19 09:44:50+00:00,7.55,126.39,50,2.1,019 km S 83° W of Baganga (Davao Oriental),Ms,TECTONIC
1349,2025-10-19 09:33:21+00:00,9.65,126.21,31,2.4,015 km S 23° E of General Luna (Surigao Del Norte),Ms,TECTONIC
1350,2025-10-19 09:32:38+00:00,10.65,122.17,3,2.9,007 km N 78° W of Miagao (Iloilo),Ms,TECTONIC
1351,2025-10-19 09:26:02+00:00,9.63,126.17,13,2.9,018 km S 54° W of General Luna (Surigao Del Norte),Ms,TECTONIC
1352,2025-10-19 09:19:15+00:00,18.73,120.48,10,3.8,030 km N 37° W of Burgos (Ilocos Norte),Ms,TECTONIC
1353,2025-10-19 09:19:03+00:00,12.88,124.71,13,2.5,040 km N 07° W of Mondragon (Northern Samar),Ms,TECTONIC
1354,2025-10-19 09:14:50+00:00,9.63,126.23,32,1.7,019 km S 26° E of General Luna (Surigao Del Norte),Ms,TECTONIC
1355,2025-10-19 09:07:47+00:00,11.06,124.04,9,3.2,007 km N 75° E of City Of Bogo (Cebu),Ms,TECTONIC
1356,2025-10-19 08:52:19+00:00,9.68,126.25,29,2.2,015 km S 41° E of General Luna (Surigao Del Norte),Ms,TECTONIC
1357,2025-10-19 08:42:05+00:00,10.79,124.01,33,1.8,028 km S 08° E of City Of Bogo (Cebu),Ms,TECTONIC
1358,2025-10-19 08:20:00+00:00,7.24,126.69,23,2.7,017 km N 78° E of Manay (Davao Oriental),Ms,TECTONIC
1359,2025-10-19 07:57:32+00:00,8.32,125.92,12,3.9,018 km N 28° W of Bunawan (Agusan Del Sur),Ms,TECTONIC
1360,2025-10-19 07:28:18+00:00,6.48,126.86,175,4.3,077 km S 36° E of Tarragona (Davao Oriental),Ms,TECTONIC
1361,2025-10-19 07:27:52+00:00,8.98,126.46,27,1.9,019 km N 69° E of Cagwait (Surigao Del Sur),Ms,TECTONIC
1362,2025-10-19 07:19:13+00:00,8.92,126.25,1,3.3,006 km West of Cagwait (Surigao Del Sur),Ms,TECTONIC
1363,2025-10-19 07:18:01+00:00,7.23,125.92,9,1.5,012 km S 40° E of Mabini (Davao De Oro),Ms,TECTONIC
1364,2025-10-19 07:17:03+00:00,9.63,126.17,33,1.9,017 km S 05° E of General Luna (Surigao Del Norte),Ms,TECTONIC
1365,2025-10-19 07:15:39+00:00,12.18,125.36,3,3.0,016 km S 89° W of San Policarpo (Eastern Samar),Ms,TECTONIC
1366,2025-10-19 07:14:58+00:00,7.98,126.97,2,2.4,061 km N 70° E of Cateel (Davao Oriental),Ms,TECTONIC
1367,2025-10-19 07:12:03+00:00,8.82,126.37,27,1.6,014 km S 34° E of Cagwait (Surigao Del Sur),Ms,TECTONIC
1368,2025-10-19 07:01:46+00:00,11.12,124.01,28,1.9,009 km N 23° E of City Of Bogo (Cebu),Ms,TECTONIC
1369,2025-10-19 06:33:28+00:00,13.6,120.67,97,1.2,018 km N 20° W of Abra De Ilog (Occidental Mindoro),Ms,TECTONIC
1370,2025-10-19 06:30:13+00:00,9.9,124.03,2,2.2,006 km N 25° E of Catigbian (Bohol),Ms,TECTONIC
1371,2025-10-19 06:24:21+00:00,9.86,126.05,22,1.5,015 km N 53° W of General Luna (Surigao Del Norte),Ms,TECTONIC
1372,2025-10-19 06:12:45+00:00,11.14,124.16,9,2.7,022 km N 63° E of City Of Bogo (Cebu),Ms,TECTONIC
1373,2025-10-19 05:30:54+00:00,8.83,126.36,26,1.8,011 km S 34° E of Cagwait (Surigao Del Sur),Ms,TECTONIC
1374,2025-10-19 05:24:49+00:00,12.28,125.58,13,4.3,013 km N 37° E of San Policarpo (Eastern Samar),Mw,TECTONIC
1375,2025-10-19 05:16:52+00:00,9.68,126.12,30,1.9,012 km S 19° W of General Luna (Surigao Del Norte),Ms,TECTONIC
1376,2025-10-19 04:58:43+00:00,11.14,124.12,8,2.0,019 km N 55° E of City Of Bogo (Cebu),Ms,TECTONIC
1377,2025-10-19 04:31:18+00:00,9.65,126.24,33,1.6,017 km S 30° E of General Luna (Surigao Del Norte),Ms,TECTONIC
1378,2025-10-19 04:12:09+00:00,9.63,126.21,29,2.3,018 km S 19° E of General Luna (Surigao Del Norte),Ms,TECTONIC
1379,2025-10-19 03:49:32+00:00,9.62,126.22,31,2.2,019 km S 22° E of General Luna (Surigao Del Norte),Ms,TECTONIC
1380,2025-10-19 03:11:32+00:00,11.09,124.15,33,2.2,019 km N 76° E of City Of Bogo (Cebu),Ms,TECTONIC
1381,2025-10-19 02:54:16+00:00,10.92,123.97,2,2.6,014 km S 03° W of City Of Bogo (Cebu),Ms,TECTONIC
1382,2025-10-19 02:40:17+00:00,9.65,126.16,33,1.4,015 km S 01° W of General Luna (Surigao Del Norte),Ms,TECTONIC
1383,2025-10-19 02:25:06+00:00,11.03,124.08,34,2.0,012 km S 80° E of City Of Bogo (Cebu),Ms,TECTONIC
1384,2025-10-19 02:04:21+00:00,11.11,124.18,4,1.7,023 km N 73° E of City Of Bogo (Cebu),Ms,TECTONIC
1385,2025-10-19 02:02:56+00:00,7.05,126.93,16,2.8,047 km S 67° E of Manay (Davao Oriental),Ms,TECTONIC
1386,2025-10-19 01:54:49+00:00,7.0,126.98,3,3.9,037 km S 57° E of Manay (Davao Oriental),Ms,TECTONIC
1387,2025-10-19 01:44:19+00:00,6.94,127.21,19,3.6,080 km S 68° E of Manay (Davao Oriental),Ms,TECTONIC
1388,2025-10-19 01:40:31+00:00,7.39,123.54,32,1.6,017 km S 63° E of Tabina (Zamboanga Del Sur),Ms,TECTONIC
1389,2025-10-19 01:34:51+00:00,6.95,127.36,20,5.2,095 km S 72° E of Manay (Davao Oriental),Mw,TECTONIC
1390,2025-10-19 01:23:53+00:00,11.05,124.1,9,1.8,014 km S 90° E of City Of Bogo (Cebu),Ms,TECTONIC
1391,2025-10-19 01:03:28+00:00,10.9,123.94,7,1.8,016 km S 15° W of City Of Bogo (Cebu),Ms,TECTONIC
1392,2025-10-19 00:29:12+00:00,10.91,123.98,16,2.8,015 km S 01° E of City Of Bogo (Cebu),Ms,TECTONIC
1393,2025-10-19 00:09:37+00:00,9.67,126.23,27,2.9,015 km S 31° E of General Luna (Surigao Del Norte),Ms,TECTONIC
1394,2025-10-18 23:54:59+00:00,11.1,124.05,5,2.9,009 km N 50° E of City Of Bogo (Cebu),Ms,TECTONIC
1395,2025-10-18 23:54:47+00:00,14.93,121.48,8,2.1,025 km N 39° W of General Nakar (Quezon),Ms,TECTONIC
1396,2025-10-18 23:53:31+00:00,8.82,126.37,31,2.0,013 km S 34° E of Cagwait (Surigao Del Sur),Ms,TECTONIC
1397,2025-10-18 23:26:56+00:00,11.07,124.04,33,2.3,007 km N 70° E of City Of Bogo (Cebu),Ms,TECTONIC
1398,2025-10-18 23:21:32+00:00,10.93,123.9,8,2.6,016 km S 33° W of City Of Bogo (Cebu),Ms,TECTONIC
1399,2025-10-18 23:09:29+00:00,11.17,124.2,9,2.8,027 km N 61° E of City Of Bogo (Cebu),Ms,TECTONIC
1400,2025-10-18 22:59:56+00:00,14.8,119.93,35,2.2,024 km S 46° W of San Antonio (Zambales),Ms,TECTONIC
1401,2025-10-18 22:57:03+00:00,13.59,120.64,99,2.3,019 km N 30° W of Abra De Ilog (Occidental Mindoro),Ms,TECTONIC
1402,2025-10-18 22:38:43+00:00,7.06,126.74,27,2.2,028 km S 52° E of Manay (Davao Oriental),Ms,TECTONIC
1403,2025-10-18 22:27:54+00:00,11.03,124.01,1,4.0,004 km S 56° E of City Of Bogo (Cebu),Ms,TECTONIC
1404,2025-10-18 22:21:23+00:00,8.79,126.44,30,2.1,021 km S 47° E of Cagwait (Surigao Del Sur),Ms,TECTONIC
1405,2025-10-18 22:12:47+00:00,6.9,126.18,48,3.2,007 km S 31° W of City Of Mati (Davao Oriental),Ms,TECTONIC
1406,2025-10-18 22:11:59+00:00,14.28,120.4,116,1.6,020 km S 30° W of Mariveles (Bataan),Ms,TECTONIC
1407,2025-10-18 22:03:59+00:00,15.98,119.56,16,2.6,029 km S 60° W of Agno (Pangasinan),Ms,TECTONIC
1408,2025-10-18 21:55:32+00:00,11.16,124.0,24,2.3,013 km N 11° E of City Of Bogo (Cebu),Ms,TECTONIC
1409,2025-10-18 21:48:32+00:00,9.6,126.26,32,3.3,023 km S 29° E of General Luna (Surigao Del Norte),Ms,TECTONIC
1410,2025-10-18 21:32:11+00:00,9.62,126.21,32,1.9,019 km S 17° E of General Luna (Surigao Del Norte),Ms,TECTONIC
1411,2025-10-18 21:28:29+00:00,7.0,125.81,22,2.5,014 km S 53° E of Island Garden City Of Samal (Davao Del Norte),Ms,TECTONIC
1412,2025-10-18 21:14:03+00:00,11.16,124.16,5,3.1,023 km N 57° E of City Of Bogo (Cebu),Ms,TECTONIC
1413,2025-10-18 21:03:16+00:00,9.94,124.15,3,2.2,007 km N 62° E of Sagbayan (Bohol),Ms,TECTONIC
1414,2025-10-18 20:56:15+00:00,9.64,126.22,33,1.2,018 km S 25° E of General Luna (Surigao Del Norte),Ms,TECTONIC
1415,2025-10-18 20:47:15+00:00,9.81,126.13,30,2.4,004 km N 44° W of General Luna (Surigao Del Norte),Ms,TECTONIC
1416,2025-10-18 20:39:01+00:00,10.9,123.96,13,2.3,016 km S 08° W of City Of Bogo (Cebu),Ms,TECTONIC
1417,2025-10-18 20:38:58+00:00,7.46,127.1,17,2.3,068 km N 66° E of Manay (Davao Oriental),Ms,TECTONIC
1418,2025-10-18 20:05:25+00:00,7.3,127.0,3,2.8,051 km N 79° E of Manay (Davao Oriental),Ms,TECTONIC
1419,2025-10-18 20:02:19+00:00,9.57,126.19,28,2.9,024 km S 10° E of General Luna (Surigao Del Norte),Ms,TECTONIC
1420,2025-10-18 19:52:28+00:00,9.65,126.14,20,3.1,015 km S 06° W of General Luna (Surigao Del Norte),Ms,TECTONIC
1421,2025-10-18 19:48:41+00:00,8.89,126.47,34,2.2,019 km S 79° E of Cagwait (Surigao Del Sur),Ms,TECTONIC
1422,2025-10-18 19:20:28+00:00,18.67,120.66,2,3.0,018 km N 04° E of Burgos (Ilocos Norte),Ms,TECTONIC
1423,2025-10-18 19:15:39+00:00,9.6,126.16,33,2.0,020 km S 02° E of General Luna (Surigao Del Norte),Ms,TECTONIC
1424,2025-10-18 19:02:45+00:00,6.53,126.88,24,2.5,084 km S 26° E of Manay (Davao Oriental),Ms,TECTONIC
1425,2025-10-18 19:00:25+00:00,8.79,126.47,25,2.6,023 km S 53° E of Cagwait (Surigao Del Sur),Ms,TECTONIC
1426,2025-10-18 18:35:04+00:00,7.46,126.62,28,4.2,029 km N 18° E of Manay (Davao Oriental),Mw,TECTONIC
1427,2025-10-18 18:30:30+00:00,8.97,126.23,48,2.3,009 km N 51° W of Cagwait (Surigao Del Sur),Ms,TECTONIC
1428,2025-10-18 18:24:09+00:00,7.2,126.78,20,3.0,027 km S 87° E of Manay (Davao Oriental),Ms,TECTONIC
1429,2025-10-18 18:20:15+00:00,15.41,121.86,28,1.9,050 km S 40° E of Baler (Aurora),Ms,TECTONIC
1430,2025-10-18 18:15:55+00:00,7.23,126.97,23,2.5,047 km N 87° E of Manay (Davao Oriental),Ms,TECTONIC
1431,2025-10-18 18:06:41+00:00,11.17,123.98,32,1.7,013 km N 01° E of City Of Bogo (Cebu),Ms,TECTONIC
1432,2025-10-18 17:55:59+00:00,8.77,126.53,30,2.0,030 km S 57° E of Cagwait (Surigao Del Sur),Ms,TECTONIC
1433,2025-10-18 17:49:22+00:00,7.3,126.66,12,3.2,016 km N 54° E of Manay (Davao Oriental),Ms,TECTONIC
1434,2025-10-18 17:34:43+00:00,8.89,126.5,34,2.1,022 km S 80° E of Cagwait (Surigao Del Sur),Ms,TECTONIC
1435,2025-10-18 17:29:32+00:00,8.78,126.53,30,1.8,030 km S 58° E of Cagwait (Surigao Del Sur),Ms,TECTONIC
1436,2025-10-18 17:26:11+00:00,7.05,125.64,24,3.0,009 km S 67° W of Island Garden City Of Samal (Davao Del Norte),Ms,TECTONIC
1437,2025-10-18 17:20:42+00:00,8.86,126.39,29,1.4,012 km S 58° E of Cagwait (Surigao Del Sur),Ms,TECTONIC
1438,2025-10-18 17:19:29+00:00,8.82,126.44,29,1.4,018 km S 54° E of Cagwait (Surigao Del Sur),Ms,TECTONIC
1439,2025-10-18 17:18:24+00:00,8.81,126.44,28,1.9,020 km S 51° E of Cagwait (Surigao Del Sur),Ms,TECTONIC
1440,2025-10-18 17:17:10+00:00,8.88,126.44,31,1.9,016 km S 74° E of Cagwait (Surigao Del Sur),Ms,TECTONIC
1441,2025-10-18 16:52:49+00:00,7.34,126.84,8,3.1,037 km N 66° E of Manay (Davao Oriental),Ms,TECTONIC
1442,2025-10-18 16:51:33+00:00,10.91,123.89,20,3.1,018 km S 31° W of City Of Bogo (Cebu),Ms,TECTONIC
1443,2025-10-18 16:48:38+00:00,13.54,119.83,30,2.2,047 km S 41° W of Lubang (Occidental Mindoro),Ms,TECTONIC
1444,2025-10-18 16:48:06+00:00,11.15,123.97,13,2.6,011 km N 06° W of City Of Bogo (Cebu),Ms,TECTONIC
1445,2025-10-18 16:45:53+00:00,8.83,126.41,31,2.7,015 km S 50° E of Cagwait (Surigao Del Sur),Ms,TECTONIC
1446,2025-10-18 16:19:17+00:00,12.99,122.7,6,3.1,034 km S 63° W of San Pascual (Masbate),Ms,TECTONIC
1447,2025-10-18 16:15:24+00:00,11.32,124.62,8,2.8,004 km N 42° W of Capoocan (Leyte),Ms,TECTONIC
1448,2025-10-18 16:14:20+00:00,7.15,126.97,15,2.9,048 km S 82° E of Manay (Davao Oriental),Ms,TECTONIC
1449,2025-10-18 16:13:56+00:00,9.62,126.23,33,1.5,019 km S 25° E of General Luna (Surigao Del Norte),Ms,TECTONIC
1450,2025-10-18 16:00:42+00:00,8.83,126.51,30,2.7,025 km S 68° E of Cagwait (Surigao Del Sur),Ms,TECTONIC
1451,2025-10-18 15:54:57+00:00,13.43,120.1,14,2.3,036 km S 26° W of Looc (Occidental Mindoro),Ms,TECTONIC
1452,2025-10-18 15:38:04+00:00,13.33,119.9,28,2.8,057 km S 41° W of Looc (Occidental Mindoro),Ms,TECTONIC
1453,2025-10-18 15:30:38+00:00,10.98,123.94,6,3.1,009 km S 32° W of City Of Bogo (Cebu),Ms,TECTONIC
1454,2025-10-18 15:28:52+00:00,9.67,126.14,29,2.1,013 km S 09° W of General Luna (Surigao Del Norte),Ms,TECTONIC
1455,2025-10-18 15:24:09+00:00,11.17,124.12,7,3.0,021 km N 50° E of City Of Bogo (Cebu),Ms,TECTONIC
1456,2025-10-18 15:14:23+00:00,8.84,126.46,30,1.7,019 km S 62° E of Cagwait (Surigao Del Sur),Ms,TECTONIC
1457,2025-10-18 15:12:23+00:00,7.11,126.93,23,2.2,045 km S 75° E of Manay (Davao Oriental),Ms,TECTONIC
1458,2025-10-18 15:11:41+00:00,11.15,124.13,8,2.8,020 km N 56° E of City Of Bogo (Cebu),Ms,TECTONIC
1459,2025-10-18 15:03:00+00:00,11.08,123.99,33,2.0,004 km N 16° E of City Of Bogo (Cebu),Ms,TECTONIC
1460,2025-10-18 15:00:50+00:00,10.97,124.0,22,2.2,009 km S 13° E of City Of Bogo (Cebu),Ms,TECTONIC
1461,2025-10-18 14:55:25+00:00,7.32,126.81,23,2.4,032 km N 68° E of Manay (Davao Oriental),Ms,TECTONIC
1462,2025-10-18 14:48:50+00:00,8.78,126.5,30,2.3,027 km S 54° E of Cagwait (Surigao Del Sur),Ms,TECTONIC
1463,2025-10-18 14:42:27+00:00,8.79,126.44,30,3.0,020 km S 47° E of Cagwait (Surigao Del Sur),Ms,TECTONIC
1464,2025-10-18 14:38:32+00:00,10.97,123.92,16,2.6,011 km S 34° W of City Of Bogo (Cebu),Ms,TECTONIC
1465,2025-10-18 14:38:22+00:00,9.68,126.15,29,2.3,011 km S 05° W of General Luna (Surigao Del Norte),Ms,TECTONIC
1466,2025-10-18 14:21:55+00:00,10.17,126.18,25,1.8,020 km N 33° E of Burgos (Surigao Del Norte),Ms,TECTONIC
1467,2025-10-18 14:12:45+00:00,9.63,126.16,35,1.9,016 km S 02° E of General Luna (Surigao Del Norte),Ms,TECTONIC
1468,2025-10-18 14:00:23+00:00,7.45,127.04,17,3.1,061 km N 65° E of Manay (Davao Oriental),Ms,TECTONIC
1469,2025-10-18 13:57:52+00:00,8.78,126.38,39,2.7,017 km S 29° E of Cagwait (Surigao Del Sur),Ms,TECTONIC
1470,2025-10-18 13:40:13+00:00,8.83,126.46,34,1.7,020 km S 60° E of Cagwait (Surigao Del Sur),Ms,TECTONIC
1471,2025-10-18 13:38:34+00:00,8.77,126.47,30,2.2,025 km S 48° E of Cagwait (Surigao Del Sur),Ms,TECTONIC
1472,2025-10-18 13:32:10+00:00,7.31,126.89,24,2.6,040 km N 74° E of Manay (Davao Oriental),Ms,TECTONIC
1473,2025-10-18 13:28:08+00:00,8.79,126.5,28,1.7,026 km S 56° E of Cagwait (Surigao Del Sur),Ms,TECTONIC
1474,2025-10-18 13:27:10+00:00,8.75,126.16,2,1.7,007 km N 86° W of San Agustin (Surigao Del Sur),Ms,TECTONIC
1475,2025-10-18 13:26:17+00:00,8.21,126.54,64,1.3,024 km N 38° E of Lingig (Surigao Del Sur),Ms,TECTONIC
1476,2025-10-18 13:23:06+00:00,8.76,126.48,32,2.1,026 km S 49° E of Cagwait (Surigao Del Sur),Ms,TECTONIC
1477,2025-10-18 13:20:56+00:00,9.63,126.23,32,2.2,019 km S 25° E of General Luna (Surigao Del Norte),Ms,TECTONIC
1478,2025-10-18 13:05:33+00:00,9.67,126.35,29,3.0,024 km S 59° E of General Luna (Surigao Del Norte),Ms,TECTONIC
1479,2025-10-18 12:50:55+00:00,8.77,126.55,28,3.3,032 km S 60° E of Cagwait (Surigao Del Sur),Ms,TECTONIC
1480,2025-10-18 12:45:22+00:00,8.83,126.43,31,3.5,018 km S 56° E of Cagwait (Surigao Del Sur),Ms,TECTONIC
1481,2025-10-18 12:31:31+00:00,8.84,126.45,34,5.5,019 km S 63° E of Cagwait (Surigao Del Sur),Mw,TECTONIC
1482,2025-10-18 12:07:09+00:00,9.54,126.19,30,2.0,027 km S 07° E of General Luna (Surigao Del Norte),Ms,TECTONIC
1483,2025-10-18 11:49:39+00:00,9.67,126.12,22,2.7,013 km S 17° W of General Luna (Surigao Del Norte),Ms,TECTONIC
1484,2025-10-18 11:48:16+00:00,18.7,120.8,9,2.5,016 km N 03° E of Pagudpud (Ilocos Norte),Ms,TECTONIC
1485,2025-10-18 10:50:14+00:00,18.99,120.36,2,4.4,064 km N 44° W of Pagudpud (Ilocos Norte),Mw,TECTONIC
1486,2025-10-18 10:40:14+00:00,9.65,126.22,33,2.0,017 km S 26° E of General Luna (Surigao Del Norte),Ms,TECTONIC
1487,2025-10-18 10:38:57+00:00,11.15,123.97,19,2.3,012 km N 03° W of City Of Bogo (Cebu),Ms,TECTONIC
1488,2025-10-18 10:32:05+00:00,11.14,124.09,19,1.9,015 km N 50° E of City Of Bogo (Cebu),Ms,TECTONIC
1489,2025-10-18 10:28:25+00:00,7.44,126.83,34,3.8,041 km N 52° E of Manay (Davao Oriental),Ms,TECTONIC
1490,2025-10-18 10:25:01+00:00,7.41,126.84,24,2.5,040 km N 57° E of Manay (Davao Oriental),Ms,TECTONIC
1491,2025-10-18 10:15:32+00:00,9.6,126.17,31,2.2,020 km S 03° E of General Luna (Surigao Del Norte),Ms,TECTONIC
1492,2025-10-18 09:54:51+00:00,11.08,124.11,27,2.1,015 km N 76° E of City Of Bogo (Cebu),Ms,TECTONIC
1493,2025-10-18 09:38:26+00:00,9.66,126.12,32,1.6,014 km S 16° W of General Luna (Surigao Del Norte),Ms,TECTONIC
1494,2025-10-18 09:33:14+00:00,11.12,124.01,17,2.0,009 km N 20° E of City Of Bogo (Cebu),Ms,TECTONIC
1495,2025-10-18 08:43:52+00:00,9.72,126.36,30,3.2,023 km S 72° E of General Luna (Surigao Del Norte),Ms,TECTONIC
1496,2025-10-18 08:30:00+00:00,13.74,120.57,96,1.6,013 km S 34° W of Calatagan (Batangas),Ms,TECTONIC
1497,2025-10-18 08:01:40+00:00,6.99,127.54,32,2.6,113 km S 78° E of Manay (Davao Oriental),Ms,TECTONIC
1498,2025-10-18 07:19:36+00:00,11.24,124.11,11,2.4,025 km N 34° E of City Of Bogo (Cebu),Ms,TECTONIC
1499,2025-10-18 07:13:19+00:00,10.9,124.03,3,2.6,017 km S 19° E of City Of Bogo (Cebu),Ms,TECTONIC
1500,2025-10-18 06:23:49+00:00,11.15,124.07,10,2.3,016 km N 41° E of City Of Bogo (Cebu),Ms,TECTONIC
1501,2025-10-18 06:12:26+00:00,8.99,126.49,22,3.5,022 km N 68° E of Cagwait (Surigao Del Sur),Ms,TECTONIC
1502,2025-10-18 06:04:52+00:00,8.29,126.93,16,2.9,064 km N 64° E of Lingig (Surigao Del Sur),Ms,TECTONIC
1503,2025-10-18 05:57:31+00:00,9.62,126.14,20,3.5,018 km S 5° W of General Luna (Surigao Del Norte),M,TECTONIC
1504,2025-10-18 05:48:56+00:00,8.34,126.85,3,3.2,056 km S 87° E of Hinatuan (Surigao Del Sur),Ms,TECTONIC
1505,2025-10-18 05:34:48+00:00,7.31,126.3,1,2.4,029 km N 67° W of Manay (Davao Oriental),Ms,TECTONIC
1506,2025-10-18 05:32:42+00:00,7.46,126.81,22,2.3,040 km N 47° E of Manay (Davao Oriental),Ms,TECTONIC
1507,2025-10-18 05:26:24+00:00,6.72,127.65,14,4.6,134 km S 66° E of Manay (Davao Oriental),Ms,TECTONIC
1508,2025-10-18 05:17:38+00:00,9.67,125.95,35,1.9,026 km S 61° W of General Luna (Surigao Del Norte),Ms,TECTONIC
1509,2025-10-18 04:59:10+00:00,10.93,123.9,8,4.1,015 km S 35° W of City Of Bogo (Cebu),Ms,TECTONIC
1510,2025-10-18 04:49:12+00:00,8.94,126.51,27,3.0,023 km N 85° E of Cagwait (Surigao Del Sur),Ms,TECTONIC
1511,2025-10-18 04:31:26+00:00,11.15,124.06,19,2.3,015 km N 38° E of City Of Bogo (Cebu),Ms,TECTONIC
1512,2025-10-18 04:25:09+00:00,10.96,124.0,7,2.4,010 km S 12° E of City Of Bogo (Cebu),Ms,TECTONIC
1513,2025-10-18 04:20:02+00:00,6.85,127.08,9,3.2,072 km S 56° E of Manay (Davao Oriental),Ms,TECTONIC
1514,2025-10-18 03:58:42+00:00,18.65,120.61,26,2.1,021 km N 63° W of Pagudpud (Ilocos Norte),Ms,TECTONIC
1515,2025-10-18 03:42:15+00:00,6.85,126.78,26,2.5,048 km S 34° E of Manay (Davao Oriental),Ms,TECTONIC
1516,2025-10-18 03:22:28+00:00,7.38,127.2,21,2.9,075 km N 75° E of Manay (Davao Oriental),Ms,TECTONIC
1517,2025-10-18 03:07:51+00:00,7.43,126.78,27,3.2,036 km N 47° E of Manay (Davao Oriental),Ms,TECTONIC
1518,2025-10-18 03:02:53+00:00,11.26,124.09,41,2.6,027 km N 26° E of City Of Bogo (Cebu),Ms,TECTONIC
1519,2025-10-18 03:01:40+00:00,11.05,124.11,1,2.3,015 km N 89° E of City Of Bogo (Cebu),Ms,TECTONIC
1520,2025-10-18 03:01:07+00:00,6.33,126.37,32,2.1,049 km S 43° E of Governor Generoso (Davao Oriental),Ms,TECTONIC
1521,2025-10-18 02:57:32+00:00,9.54,126.17,14,1.9,027 km S 04° E of General Luna (Surigao Del Norte),Ms,TECTONIC
1522,2025-10-18 02:45:29+00:00,9.62,126.26,33,1.5,021 km S 32° E of General Luna (Surigao Del Norte),Ms,TECTONIC
1523,2025-10-18 02:43:33+00:00,17.66,120.43,29,2.8,003 km S 16° E of Magsingal (Ilocos Sur),Ms,TECTONIC
1524,2025-10-18 02:02:21+00:00,18.56,120.69,1,2.4,010 km N 89° W of Pagudpud (Ilocos Norte),Ms,TECTONIC
1525,2025-10-18 01:11:45+00:00,6.95,126.49,1,2.0,030 km S 11° W of Manay (Davao Oriental),Ms,TECTONIC
1526,2025-10-18 01:11:27+00:00,9.77,126.16,25,3.1,002 km S 08° E of General Luna (Surigao Del Norte),Ms,TECTONIC
1527,2025-10-18 01:03:12+00:00,6.63,126.4,37,1.9,036 km S 87° E of Governor Generoso (Davao Oriental),Ms,TECTONIC
1528,2025-10-18 00:20:54+00:00,9.7,126.12,28,2.2,010 km S 24° W of General Luna (Surigao Del Norte),Ms,TECTONIC
1529,2025-10-18 00:03:51+00:00,9.63,126.24,28,2.2,019 km S 30° E of General Luna (Surigao Del Norte),Ms,TECTONIC
1530,2025-10-17 23:54:16+00:00,9.71,126.12,27,3.5,008 km S 26° W of General Luna (Surigao Del Norte),Ms,TECTONIC
1531,2025-10-17 23:28:58+00:00,11.03,124.02,2,2.4,004 km S 71° E of City Of Bogo (Cebu),Ms,TECTONIC
1532,2025-10-17 23:08:58+00:00,6.9,126.81,11,2.5,045 km S 41° E of Manay (Davao Oriental),Ms,TECTONIC
1533,2025-10-17 22:54:08+00:00,11.05,124.07,31,1.8,010 km N 85° E of City Of Bogo (Cebu),Ms,TECTONIC
1534,2025-10-17 22:38:40+00:00,13.73,122.86,2,2.0,008 km S 39° W of Lupi (Camarines Sur),Ms,TECTONIC
1535,2025-10-17 22:21:19+00:00,9.64,126.1,30,1.7,017 km S 21° W of General Luna (Surigao Del Norte),Ms,TECTONIC
1536,2025-10-17 22:06:32+00:00,7.29,126.61,13,2.5,012 km N 45° E of Manay (Davao Oriental),Ms,TECTONIC
1537,2025-10-17 21:43:43+00:00,9.65,126.22,31,2.2,017 km S 26° E of General Luna (Surigao Del Norte),Ms,TECTONIC
1538,2025-10-17 21:41:00+00:00,13.74,121.08,32,1.5,003 km S 44° E of Batangas City (Batangas),Ms,TECTONIC
1539,2025-10-17 21:35:01+00:00,7.2,127.39,30,3.2,094 km S 89° E of Manay (Davao Oriental),Ms,TECTONIC
1540,2025-10-17 21:31:18+00:00,7.18,126.81,24,3.0,030 km S 83° E of Manay (Davao Oriental),Ms,TECTONIC
1541,2025-10-17 21:21:16+00:00,11.1,123.97,33,1.3,006 km N 07° W of City Of Bogo (Cebu),Ms,TECTONIC
1542,2025-10-17 21:17:46+00:00,9.59,126.06,11,3.1,023 km S 26° W of General Luna (Surigao Del Norte),Ms,TECTONIC
1543,2025-10-17 21:11:18+00:00,9.64,126.13,34,2.3,016 km S 10° W of General Luna (Surigao Del Norte),Ms,TECTONIC
1544,2025-10-17 21:10:10+00:00,9.62,126.26,32,2.0,021 km S 33° E of General Luna (Surigao Del Norte),Ms,TECTONIC
1545,2025-10-17 21:07:26+00:00,11.14,123.98,2,1.8,010 km N 01° W of City Of Bogo (Cebu),Ms,TECTONIC
1546,2025-10-17 20:56:41+00:00,9.68,126.19,33,2.0,012 km S 17° E of General Luna (Surigao Del Norte),Ms,TECTONIC
1547,2025-10-17 20:35:27+00:00,11.01,124.03,33,1.7,006 km S 54° E of City Of Bogo (Cebu),Ms,TECTONIC
1548,2025-10-17 20:32:06+00:00,11.11,124.08,31,1.7,013 km N 56° E of City Of Bogo (Cebu),Ms,TECTONIC
1549,2025-10-17 20:21:41+00:00,9.8,126.3,21,1.9,016 km N 85° E of General Luna (Surigao Del Norte),Ms,TECTONIC
1550,2025-10-17 20:11:13+00:00,9.66,126.21,34,1.8,015 km S 23° E of General Luna (Surigao Del Norte),Ms,TECTONIC
1551,2025-10-17 20:09:05+00:00,9.63,126.19,33,1.9,017 km S 14° E of General Luna (Surigao Del Norte),Ms,TECTONIC
1552,2025-10-17 20:07:39+00:00,18.52,120.75,5,1.9,005 km S 43° W of Pagudpud (Ilocos Norte),Ms,TECTONIC
1553,2025-10-17 20:05:26+00:00,14.76,121.58,33,1.7,004 km N 84° W of General Nakar (Quezon),Ms,TECTONIC
1554,2025-10-17 20:00:31+00:00,18.66,120.54,9,3.6,019 km N 34° W of Burgos (Ilocos Norte),Ms,TECTONIC
1555,2025-10-17 19:53:13+00:00,9.61,126.28,33,1.5,023 km S 35° E of General Luna (Surigao Del Norte),Ms,TECTONIC
1556,2025-10-17 19:40:12+00:00,11.13,124.06,9,1.9,013 km N 44° E of City Of Bogo (Cebu),Ms,TECTONIC
1557,2025-10-17 19:28:07+00:00,9.61,126.21,29,1.9,020 km S 16° E of General Luna (Surigao Del Norte),Ms,TECTONIC
1558,2025-10-17 19:20:14+00:00,9.69,126.49,17,2.0,038 km S 75° E of General Luna (Surigao Del Norte),Ms,TECTONIC
1559,2025-10-17 19:19:11+00:00,12.42,120.85,34,1.8,014 km S 71° W of Rizal (Occidental Mindoro),Ms,TECTONIC
1560,2025-10-17 19:06:08+00:00,9.7,126.12,28,2.2,010 km S 26° W of General Luna (Surigao Del Norte),Ms,TECTONIC
1561,2025-10-17 19:05:43+00:00,11.21,124.11,23,2.2,023 km N 39° E of City Of Bogo (Cebu),Ms,TECTONIC
1562,2025-10-17 18:59:49+00:00,6.92,127.21,2,3.5,080 km S 67° E of Manay (Davao Oriental),Ms,TECTONIC
1563,2025-10-17 18:59:27+00:00,10.95,123.93,8,2.3,012 km S 27° W of City Of Bogo (Cebu),Ms,TECTONIC
1564,2025-10-17 18:52:14+00:00,7.0,126.74,17,3.0,033 km S 44° E of Manay (Davao Oriental),Ms,TECTONIC
1565,2025-10-17 18:49:45+00:00,6.95,126.49,27,2.5,029 km S 11° W of Manay (Davao Oriental),Ms,TECTONIC
1566,2025-10-17 18:48:45+00:00,7.41,127.4,13,2.1,098 km N 77° E of Manay (Davao Oriental),Ms,TECTONIC
1567,2025-10-17 18:46:42+00:00,7.07,127.05,19,3.2,058 km S 74° E of Manay (Davao Oriental),Ms,TECTONIC
1568,2025-10-17 18:40:43+00:00,9.64,126.14,34,1.5,016 km S 08° W of General Luna (Surigao Del Norte),Ms,TECTONIC
1569,2025-10-17 18:39:22+00:00,9.59,126.23,33,1.9,023 km S 20° E of General Luna (Surigao Del Norte),Ms,TECTONIC
1570,2025-10-17 18:31:04+00:00,9.53,126.08,2,1.6,016 km S 51° E of Socorro (Surigao Del Norte),Ms,TECTONIC
1571,2025-10-17 18:27:36+00:00,18.61,120.72,3,2.7,009 km N 51° W of Pagudpud (Ilocos Norte),Ms,TECTONIC
1572,2025-10-17 18:15:43+00:00,9.67,126.12,28,1.8,013 km S 16° W of General Luna (Surigao Del Norte),Ms,TECTONIC
1573,2025-10-17 18:09:28+00:00,11.13,124.07,35,1.4,014 km N 46° E of City Of Bogo (Cebu),Ms,TECTONIC
1574,2025-10-17 18:08:41+00:00,9.62,126.09,29,2.0,019 km S 22° W of General Luna (Surigao Del Norte),Ms,TECTONIC
1575,2025-10-17 18:06:43+00:00,7.66,126.55,9,2.4,050 km N 01° E of Manay (Davao Oriental),Ms,TECTONIC
1576,2025-10-17 17:54:50+00:00,7.41,126.78,27,2.2,035 km N 50° E of Manay (Davao Oriental),Ms,TECTONIC
1577,2025-10-17 17:54:16+00:00,9.59,126.22,32,1.7,022 km S 17° E of General Luna (Surigao Del Norte),Ms,TECTONIC
1578,2025-10-17 17:44:06+00:00,7.13,126.6,26,1.9,011 km S 36° E of Manay (Davao Oriental),Ms,TECTONIC
1579,2025-10-17 17:42:04+00:00,7.64,126.64,26,2.4,048 km N 14° E of Manay (Davao Oriental),Ms,TECTONIC
1580,2025-10-17 17:36:40+00:00,9.66,126.2,33,1.7,014 km S 19° E of General Luna (Surigao Del Norte),Ms,TECTONIC
1581,2025-10-17 17:35:25+00:00,9.73,126.11,23,2.6,008 km S 37° W of General Luna (Surigao Del Norte),Ms,TECTONIC
1582,2025-10-17 17:31:12+00:00,9.63,126.17,33,1.4,017 km S 06° E of General Luna (Surigao Del Norte),Ms,TECTONIC
1583,2025-10-17 17:17:04+00:00,9.69,126.16,32,2.8,010 km S 01° W of General Luna (Surigao Del Norte),Ms,TECTONIC
1584,2025-10-17 17:16:49+00:00,11.09,124.09,32,1.5,013 km N 70° E of City Of Bogo (Cebu),Ms,TECTONIC
1585,2025-10-17 17:14:32+00:00,9.58,126.21,31,2.8,023 km S 15° E of General Luna (Surigao Del Norte),Ms,TECTONIC
1586,2025-10-17 17:10:09+00:00,9.56,126.11,23,2.1,025 km S 13° W of General Luna (Surigao Del Norte),Ms,TECTONIC
1587,2025-10-17 17:09:37+00:00,11.11,124.06,20,1.6,011 km N 51° E of City Of Bogo (Cebu),Ms,TECTONIC
1588,2025-10-17 17:07:35+00:00,7.3,126.54,135,2.4,004 km S 40° W of Caraga (Davao Oriental),Ms,TECTONIC
1589,2025-10-17 17:03:27+00:00,9.62,126.25,30,1.3,021 km S 29° E of General Luna (Surigao Del Norte),Ms,TECTONIC
1590,2025-10-17 16:58:40+00:00,9.63,126.21,34,1.6,017 km S 20° E of General Luna (Surigao Del Norte),Ms,TECTONIC
1591,2025-10-17 16:50:36+00:00,9.65,126.19,33,2.6,015 km S 15° E of General Luna (Surigao Del Norte),Ms,TECTONIC
1592,2025-10-17 16:30:17+00:00,8.92,126.22,43,1.8,009 km N 87° W of Cagwait (Surigao Del Sur),Ms,TECTONIC
1593,2025-10-17 16:29:45+00:00,19.23,120.46,15,2.3,081 km N 13° W of Burgos (Ilocos Norte),Ms,TECTONIC
1594,2025-10-17 16:25:07+00:00,9.76,126.52,9,2.3,040 km S 87° E of General Luna (Surigao Del Norte),Ms,TECTONIC
1595,2025-10-17 16:20:29+00:00,11.15,124.1,24,2.1,017 km N 49° E of City Of Bogo (Cebu),Ms,TECTONIC
1596,2025-10-17 16:14:28+00:00,18.62,120.64,10,2.9,017 km N 67° W of Pagudpud (Ilocos Norte),Ms,TECTONIC
1597,2025-10-17 16:02:14+00:00,9.87,126.19,44,4.1,010 km N 18° E of General Luna (Surigao Del Norte),Ms,TECTONIC
1598,2025-10-17 15:56:30+00:00,9.01,126.12,27,1.7,009 km S 34° W of City Of Tandag (Surigao Del Sur),Ms,TECTONIC
1599,2025-10-17 15:55:33+00:00,9.59,126.27,32,1.6,025 km S 30° E of General Luna (Surigao Del Norte),Ms,TECTONIC
1600,2025-10-17 15:49:03+00:00,9.65,126.16,31,1.8,015 km S 01° E of General Luna (Surigao Del Norte),Ms,TECTONIC
1601,2025-10-17 15:46:59+00:00,9.61,126.33,33,2.2,027 km S 44° E of General Luna (Surigao Del Norte),Ms,TECTONIC
1602,2025-10-17 15:45:28+00:00,18.58,120.64,1,1.9,007 km N 02° W of Burgos (Ilocos Norte),Ms,TECTONIC
1603,2025-10-17 15:42:42+00:00,10.97,123.92,14,1.8,011 km S 37° W of City Of Bogo (Cebu),Ms,TECTONIC
1604,2025-10-17 15:40:34+00:00,7.39,126.91,2,2.6,045 km N 64° E of Manay (Davao Oriental),Ms,TECTONIC
1605,2025-10-17 15:36:29+00:00,10.94,123.94,2,2.1,013 km S 18° W of City Of Bogo (Cebu),Ms,TECTONIC
1606,2025-10-17 15:35:15+00:00,9.57,126.23,30,1.4,025 km S 20° E of General Luna (Surigao Del Norte),Ms,TECTONIC
1607,2025-10-17 15:30:50+00:00,7.31,126.73,23,2.4,024 km N 63° E of Manay (Davao Oriental),Ms,TECTONIC
1608,2025-10-17 15:27:35+00:00,12.99,122.73,9,1.8,031 km S 61° W of San Pascual (Masbate),Ms,TECTONIC
1609,2025-10-17 15:26:13+00:00,7.28,127.12,35,2.6,064 km N 83° E of Manay (Davao Oriental),Ms,TECTONIC
1610,2025-10-17 15:23:27+00:00,9.61,125.84,33,1.5,014 km S 85° W of Socorro (Surigao Del Norte),Ms,TECTONIC
1611,2025-10-17 15:22:30+00:00,11.03,124.02,26,2.1,005 km S 66° E of City Of Bogo (Cebu),Ms,TECTONIC
1612,2025-10-17 15:16:24+00:00,9.63,126.26,33,1.8,021 km S 34° E of General Luna (Surigao Del Norte),Ms,TECTONIC
1613,2025-10-17 15:15:27+00:00,9.64,126.16,34,1.7,015 km South of General Luna (Surigao Del Norte),Ms,TECTONIC
1614,2025-10-17 15:12:08+00:00,9.7,125.93,10,3.0,010 km N 22° W of Socorro (Surigao Del Norte),Ms,TECTONIC
1615,2025-10-17 15:10:55+00:00,18.76,120.63,3,3.5,027 km N 36° W of Pagudpud (Ilocos Norte),Ms,TECTONIC
1616,2025-10-17 15:10:50+00:00,9.68,126.2,32,2.1,012 km S 25° E of General Luna (Surigao Del Norte),Ms,TECTONIC
1617,2025-10-17 15:10:07+00:00,18.23,120.35,32,1.8,026 km N 81° W of City Of Laoag (Ilocos Norte),Ms,TECTONIC
1618,2025-10-17 15:09:55+00:00,9.69,126.2,28,1.4,012 km S 23° E of General Luna (Surigao Del Norte),Ms,TECTONIC
1619,2025-10-17 15:08:55+00:00,9.64,126.26,36,1.4,019 km S 36° E of General Luna (Surigao Del Norte),Ms,TECTONIC
1620,2025-10-17 15:03:34+00:00,7.28,127.46,36,2.5,102 km N 86° E of Manay (Davao Oriental),Ms,TECTONIC
1621,2025-10-17 15:00:50+00:00,9.62,126.16,32,1.5,018 km S 03° E of General Luna (Surigao Del Norte),Ms,TECTONIC
1622,2025-10-17 14:50:50+00:00,7.9,126.49,26,2.5,013 km N 17° E of Cateel (Davao Oriental),Ms,TECTONIC
1623,2025-10-17 14:45:50+00:00,6.65,126.44,40,3.1,040 km S 90° E of Governor Generoso (Davao Oriental),Ms,TECTONIC
1624,2025-10-17 14:45:14+00:00,9.65,126.24,31,1.9,017 km S 31° E of General Luna (Surigao Del Norte),Ms,TECTONIC
1625,2025-10-17 14:37:22+00:00,9.66,126.12,32,1.7,015 km S 18° W of General Luna (Surigao Del Norte),Ms,TECTONIC
1626,2025-10-17 14:34:19+00:00,9.66,126.27,35,1.4,018 km S 42° E of General Luna (Surigao Del Norte),Ms,TECTONIC
1627,2025-10-17 14:17:30+00:00,9.62,126.26,31,1.6,021 km S 32° E of General Luna (Surigao Del Norte),Ms,TECTONIC
1628,2025-10-17 14:10:04+00:00,9.65,125.99,18,1.8,004 km N 33° E of Socorro (Surigao Del Norte),Ms,TECTONIC
1629,2025-10-17 14:05:39+00:00,11.16,123.83,23,1.7,020 km N 52° W of City Of Bogo (Cebu),Ms,TECTONIC
1630,2025-10-17 14:04:05+00:00,11.05,124.05,10,2.4,008 km S 89° E of City Of Bogo (Cebu),Ms,TECTONIC
1631,2025-10-17 13:49:38+00:00,6.94,127.38,14,3.9,097 km S 72° E of Manay (Davao Oriental),Ms,TECTONIC
1632,2025-10-17 13:41:09+00:00,9.66,126.18,32,1.6,014 km S 09° E of General Luna (Surigao Del Norte),Ms,TECTONIC
1633,2025-10-17 13:34:48+00:00,10.91,124.01,23,1.8,016 km S 13° E of City Of Bogo (Cebu),Ms,TECTONIC
1634,2025-10-17 13:27:53+00:00,7.2,126.67,9,3.8,014 km S 86° E of Manay (Davao Oriental),Ms,TECTONIC
1635,2025-10-17 13:24:58+00:00,6.68,125.3,131,1.5,001 km S 06° E of Hagonoy (Davao Del Sur),Ms,TECTONIC
1636,2025-10-17 13:17:35+00:00,7.3,126.3,32,2.2,028 km N 69° W of Manay (Davao Oriental),Ms,TECTONIC
1637,2025-10-17 13:16:05+00:00,9.67,126.13,28,2.0,013 km S 14° W of General Luna (Surigao Del Norte),Ms,TECTONIC
1638,2025-10-17 13:16:26+00:00,5.99,126.14,139,2.8,056 km N 81° E of Jose Abad Santos (Davao Occidental),Ms,TECTONIC
1639,2025-10-17 13:13:29+00:00,9.62,126.26,33,1.6,021 km S 32° E of General Luna (Surigao Del Norte),Ms,TECTONIC
1640,2025-10-17 13:06:42+00:00,16.92,121.28,33,1.6,008 km S 38° W of Aguinaldo (Ifugao),Ms,TECTONIC
1641,2025-10-17 13:05:13+00:00,9.64,126.23,25,1.8,018 km S 27° E of General Luna (Surigao Del Norte),Ms,TECTONIC
1642,2025-10-17 12:56:20+00:00,18.46,120.93,32,1.4,003 km N 86° E of Adams (Ilocos Norte),Ms,TECTONIC
1643,2025-10-17 12:47:41+00:00,18.62,120.68,4,2.0,013 km N 59° W of Pagudpud (Ilocos Norte),Ms,TECTONIC
1644,2025-10-17 12:45:15+00:00,6.95,127.12,2,2.8,070 km S 65° E of Manay (Davao Oriental),Ms,TECTONIC
1645,2025-10-17 12:36:06+00:00,8.85,126.4,33,2.0,013 km S 53° E of Cagwait (Surigao Del Sur),Ms,TECTONIC
1646,2025-10-17 12:35:34+00:00,18.62,120.68,2,3.3,013 km N 59° W of Pagudpud (Ilocos Norte),Ms,TECTONIC
1647,2025-10-17 12:25:42+00:00,9.67,126.14,32,1.6,013 km S 06° W of General Luna (Surigao Del Norte),Ms,TECTONIC
1648,2025-10-17 12:23:11+00:00,11.48,123.86,39,1.2,049 km N 14° W of City Of Bogo (Cebu),Ms,TECTONIC
1649,2025-10-17 12:21:16+00:00,9.7,126.07,18,3.7,013 km S 45° W of General Luna (Surigao Del Norte),Ms,TECTONIC
1650,2025-10-17 12:17:07+00:00,9.67,126.19,31,1.9,012 km S 17° E of General Luna (Surigao Del Norte),Ms,TECTONIC
1651,2025-10-17 12:09:07+00:00,8.13,126.61,33,1.2,024 km N 66° E of Lingig (Surigao Del Sur),Ms,TECTONIC
1652,2025-10-17 12:08:18+00:00,10.94,123.99,30,2.2,011 km S 06° E of City Of Bogo (Cebu),Ms,TECTONIC
1653,2025-10-17 12:08:16+00:00,8.19,126.75,23,2.3,041 km N 65° E of Lingig (Surigao Del Sur),Ms,TECTONIC
1654,2025-10-17 12:07:04+00:00,9.65,126.17,32,1.5,015 km S 06° E of General Luna (Surigao Del Norte),Ms,TECTONIC
1655,2025-10-17 12:05:08+00:00,7.18,126.96,27,1.8,046 km S 85° E of Manay (Davao Oriental),Ms,TECTONIC
1656,2025-10-17 12:00:44+00:00,7.13,126.74,25,2.0,024 km S 68° E of Manay (Davao Oriental),Ms,TECTONIC
1657,2025-10-17 11:59:57+00:00,9.64,126.21,32,1.6,017 km S 22° E of General Luna (Surigao Del Norte),Ms,TECTONIC
1658,2025-10-17 11:56:09+00:00,9.62,126.19,34,1.5,018 km S 13° E of General Luna (Surigao Del Norte),Ms,TECTONIC
1659,2025-10-17 11:55:19+00:00,9.69,126.15,31,1.4,011 km S 04° W of General Luna (Surigao Del Norte),Ms,TECTONIC
1660,2025-10-17 11:54:17+00:00,10.88,123.99,1,2.0,019 km S 05° E of City Of Bogo (Cebu),Ms,TECTONIC
1661,2025-10-17 11:50:46+00:00,11.05,124.07,30,2.2,010 km S 89° E of City Of Bogo (Cebu),Ms,TECTONIC
1662,2025-10-17 11:44:12+00:00,11.04,124.08,33,1.2,011 km S 89° E of City Of Bogo (Cebu),Ms,TECTONIC
1663,2025-10-17 11:43:32+00:00,11.1,124.09,32,1.5,013 km N 64° E of City Of Bogo (Cebu),Ms,TECTONIC
1664,2025-10-17 11:43:57+00:00,9.65,126.17,34,1.6,015 km S 08° E of General Luna (Surigao Del Norte),Ms,TECTONIC
1665,2025-10-17 11:37:31+00:00,18.88,120.46,6,2.8,049 km N 45° W of Pagudpud (Ilocos Norte),Ms,TECTONIC
1666,2025-10-17 11:37:03+00:00,9.79,126.39,27,2.8,026 km N 89° E of General Luna (Surigao Del Norte),Ms,TECTONIC
1667,2025-10-17 11:32:59+00:00,9.68,126.18,32,1.2,011 km S 14° E of General Luna (Surigao Del Norte),Ms,TECTONIC
1668,2025-10-17 11:28:47+00:00,9.61,126.25,34,1.8,021 km S 30° E of General Luna (Surigao Del Norte),Ms,TECTONIC
1669,2025-10-17 11:20:50+00:00,9.7,126.32,26,3.2,020 km S 64° E of General Luna (Surigao Del Norte),Ms,TECTONIC
1670,2025-10-17 11:18:32+00:00,7.55,126.71,24,1.6,016 km S 81° E of Baganga (Davao Oriental),Ms,TECTONIC
1671,2025-10-17 11:01:51+00:00,11.17,124.15,28,1.3,023 km N 52° E of City Of Bogo (Cebu),Ms,TECTONIC
1672,2025-10-17 11:01:39+00:00,9.63,126.15,32,1.7,017 km S 04° W of General Luna (Surigao Del Norte),Ms,TECTONIC
1673,2025-10-17 10:59:20+00:00,9.66,126.23,33,1.5,015 km S 30° E of General Luna (Surigao Del Norte),Ms,TECTONIC
1674,2025-10-17 10:55:04+00:00,9.38,122.49,25,2.1,017 km S 79° W of Basay (Negros Oriental),Ms,TECTONIC
1675,2025-10-17 10:54:38+00:00,18.88,120.46,1,2.3,045 km N 26° W of Burgos (Ilocos Norte),Ms,TECTONIC
1676,2025-10-17 10:51:05+00:00,9.67,126.2,34,1.7,014 km S 18° E of General Luna (Surigao Del Norte),Ms,TECTONIC
1677,2025-10-17 10:45:21+00:00,18.81,120.56,4,4.2,037 km N 41° W of Pagudpud (Ilocos Norte),Ms,TECTONIC
1678,2025-10-17 10:44:44+00:00,9.58,126.18,33,1.6,023 km S 06° E of General Luna (Surigao Del Norte),Ms,TECTONIC
1679,2025-10-17 10:26:19+00:00,9.63,126.17,27,2.4,017 km S 04° E of General Luna (Surigao Del Norte),Ms,TECTONIC
1680,2025-10-17 10:25:06+00:00,7.14,126.88,30,2.5,039 km S 78° E of Manay (Davao Oriental),Ms,TECTONIC
1681,2025-10-17 10:25:12+00:00,9.61,126.25,33,1.8,022 km S 28° E of General Luna (Surigao Del Norte),Ms,TECTONIC
1682,2025-10-17 10:22:58+00:00,9.57,126.21,30,1.5,024 km S 15° E of General Luna (Surigao Del Norte),Ms,TECTONIC
1683,2025-10-17 10:21:43+00:00,5.54,126.54,29,2.5,107 km S 68° E of Jose Abad Santos (Davao Occidental),Ms,TECTONIC
1684,2025-10-17 10:20:59+00:00,9.63,126.14,33,1.7,017 km S 07° W of General Luna (Surigao Del Norte),Ms,TECTONIC
1685,2025-10-17 10:16:52+00:00,7.06,127.14,15,4.0,068 km S 75° E of Manay (Davao Oriental),Ms,TECTONIC
1686,2025-10-17 10:12:39+00:00,11.14,124.13,2,1.6,019 km N 59° E of City Of Bogo (Cebu),Ms,TECTONIC
1687,2025-10-17 10:05:14+00:00,7.2,126.71,29,2.5,019 km S 85° E of Manay (Davao Oriental),Ms,TECTONIC
1688,2025-10-17 09:56:41+00:00,11.01,124.03,25,1.9,007 km S 59° E of City Of Bogo (Cebu),Ms,TECTONIC
1689,2025-10-17 09:55:35+00:00,9.22,126.43,27,2.8,026 km S 76° E of Cortes (Surigao Del Sur),Ms,TECTONIC
1690,2025-10-17 09:44:48+00:00,9.55,126.08,24,2.3,027 km S 18° W of General Luna (Surigao Del Norte),Ms,TECTONIC
1691,2025-10-17 09:42:43+00:00,18.6,120.72,5,2.5,009 km N 60° W of Pagudpud (Ilocos Norte),Ms,TECTONIC
1692,2025-10-17 09:42:43+00:00,8.18,126.74,20,2.8,039 km N 67° E of Lingig (Surigao Del Sur),Ms,TECTONIC
1693,2025-10-17 09:40:44+00:00,18.67,120.63,9,2.6,021 km N 54° W of Pagudpud (Ilocos Norte),Ms,TECTONIC
1694,2025-10-17 09:36:51+00:00,9.65,126.17,29,1.6,014 km S 06° E of General Luna (Surigao Del Norte),Ms,TECTONIC
1695,2025-10-17 09:34:06+00:00,13.77,120.6,114,2.2,008 km S 27° W of Calatagan (Batangas),Ms,TECTONIC
1696,2025-10-17 09:32:22+00:00,8.9,126.5,23,2.7,022 km S 85° E of Cagwait (Surigao Del Sur),Ms,TECTONIC
1697,2025-10-17 09:26:59+00:00,9.6,126.18,32,1.5,020 km S 07° E of General Luna (Surigao Del Norte),Ms,TECTONIC
1698,2025-10-17 09:12:51+00:00,9.63,126.15,32,1.7,017 km S 03° W of General Luna (Surigao Del Norte),Ms,TECTONIC
1699,2025-10-17 09:11:21+00:00,18.6,120.61,10,2.0,019 km N 77° W of Pagudpud (Ilocos Norte),Ms,TECTONIC
1700,2025-10-17 09:08:37+00:00,10.99,123.97,4,3.3,006 km S 14° W of City Of Bogo (Cebu),Ms,TECTONIC
1701,2025-10-17 09:01:19+00:00,18.7,120.66,11,1.4,020 km N 41° W of Pagudpud (Ilocos Norte),Ms,TECTONIC
1702,2025-10-17 08:59:41+00:00,7.47,126.79,27,3.7,040 km N 44° E of Manay (Davao Oriental),Ms,TECTONIC
1703,2025-10-17 08:31:52+00:00,18.66,120.69,7,4.7,017 km N 15° E of Burgos (Ilocos Norte),Mw,TECTONIC
1704,2025-10-17 08:27:20+00:00,9.66,126.21,33,2.2,015 km S 21° E of General Luna (Surigao Del Norte),Ms,TECTONIC
1705,2025-10-17 08:27:22+00:00,18.38,120.59,12,2.5,006 km N 26° W of Pasuquin (Ilocos Norte),Ms,TECTONIC
1706,2025-10-17 08:25:27+00:00,11.0,123.93,11,3.2,008 km S 47° W of City Of Bogo (Cebu),Ms,TECTONIC
1707,2025-10-17 08:21:59+00:00,7.31,126.69,22,2.9,020 km N 57° E of Manay (Davao Oriental),Ms,TECTONIC
1708,2025-10-17 08:14:08+00:00,18.8,120.45,4,5.0,035 km N 31° W of Burgos (Ilocos Norte),Mw,TECTONIC
1709,2025-10-17 08:05:28+00:00,11.14,124.13,9,2.9,019 km N 59° E of City Of Bogo (Cebu),Ms,TECTONIC
1710,2025-10-17 08:04:52+00:00,11.06,124.08,33,1.6,011 km N 80° E of City Of Bogo (Cebu),Ms,TECTONIC
1711,2025-10-17 08:03:18+00:00,12.93,119.67,36,3.7,101 km S 58° W of Paluan (Occidental Mindoro),Ms,TECTONIC
1712,2025-10-17 07:50:49+00:00,11.1,123.96,9,2.0,006 km N 20° W of City Of Bogo (Cebu),Ms,TECTONIC
1713,2025-10-17 07:45:45+00:00,9.65,126.16,34,2.1,015 km S 01° E of General Luna (Surigao Del Norte),Ms,TECTONIC
1714,2025-10-17 07:39:30+00:00,9.62,126.2,34,2.0,019 km S 16° E of General Luna (Surigao Del Norte),Ms,TECTONIC
1715,2025-10-17 07:31:05+00:00,9.7,126.1,33,2.0,011 km S 33° W of General Luna (Surigao Del Norte),Ms,TECTONIC
1716,2025-10-17 07:29:26+00:00,9.68,126.17,31,2.2,011 km S 07° E of General Luna (Surigao Del Norte),Ms,TECTONIC
1717,2025-10-17 07:20:31+00:00,11.09,123.96,34,2.2,006 km N 21° W of City Of Bogo (Cebu),Ms,TECTONIC
1718,2025-10-17 07:15:15+00:00,10.98,123.96,9,2.6,008 km S 20° W of City Of Bogo (Cebu),Ms,TECTONIC
1719,2025-10-17 07:09:17+00:00,6.86,126.82,34,1.9,050 km S 39° E of Manay (Davao Oriental),Ms,TECTONIC
1720,2025-10-17 07:03:00+00:00,9.63,126.26,33,2.0,020 km S 32° E of General Luna (Surigao Del Norte),Ms,TECTONIC
1721,2025-10-17 06:57:30+00:00,9.63,126.14,33,2.2,017 km S 05° W of General Luna (Surigao Del Norte),Ms,TECTONIC
1722,2025-10-17 06:56:23+00:00,9.64,126.19,33,1.4,016 km S 11° E of General Luna (Surigao Del Norte),Ms,TECTONIC
1723,2025-10-17 06:50:30+00:00,9.63,126.12,32,2.1,017 km S 13° W of General Luna (Surigao Del Norte),Ms,TECTONIC
1724,2025-10-17 06:44:20+00:00,9.63,126.19,34,1.5,017 km S 12° E of General Luna (Surigao Del Norte),Ms,TECTONIC
1725,2025-10-17 06:34:06+00:00,9.6,126.19,32,2.3,020 km S 12° E of General Luna (Surigao Del Norte),Ms,TECTONIC
1726,2025-10-17 06:25:32+00:00,9.69,126.1,33,1.4,011 km S 31° W of General Luna (Surigao Del Norte),Ms,TECTONIC
1727,2025-10-17 06:17:14+00:00,7.05,126.89,17,3.1,043 km S 65° E of Manay (Davao Oriental),Ms,TECTONIC
1728,2025-10-17 06:13:54+00:00,9.56,126.2,32,1.6,025 km S 10° E of General Luna (Surigao Del Norte),Ms,TECTONIC
1729,2025-10-17 06:02:04+00:00,9.6,126.28,32,2.3,024 km S 33° E of General Luna (Surigao Del Norte),Ms,TECTONIC
1730,2025-10-17 06:01:44+00:00,9.65,126.21,33,2.0,016 km S 20° E of General Luna (Surigao Del Norte),Ms,TECTONIC
1731,2025-10-17 06:00:03+00:00,9.65,126.09,34,1.9,017 km S 27° W of General Luna (Surigao Del Norte),Ms,TECTONIC
1732,2025-10-17 05:49:27+00:00,9.62,126.19,33,2.2,018 km S 12° E of General Luna (Surigao Del Norte),Ms,TECTONIC
1733,2025-10-17 05:35:53+00:00,9.69,126.17,46,1.5,010 km S 06° E of General Luna (Surigao Del Norte),Ms,TECTONIC
1734,2025-10-17 05:33:18+00:00,9.62,126.25,33,1.5,021 km S 29° E of General Luna (Surigao Del Norte),Ms,TECTONIC
1735,2025-10-17 05:16:27+00:00,9.6,126.25,33,1.4,023 km S 28° E of General Luna (Surigao Del Norte),Ms,TECTONIC
1736,2025-10-17 05:12:27+00:00,9.63,126.24,33,1.9,019 km S 29° E of General Luna (Surigao Del Norte),Ms,TECTONIC
1737,2025-10-17 05:06:07+00:00,9.71,126.17,30,2.4,008 km S 10° E of General Luna (Surigao Del Norte),Ms,TECTONIC
1738,2025-10-17 05:02:49+00:00,12.57,125.31,14,2.4,012 km N 28° E of Mapanas (Northern Samar),Ms,TECTONIC
1739,2025-10-17 04:59:17+00:00,11.16,123.97,33,1.5,013 km N 03° W of City Of Bogo (Cebu),Ms,TECTONIC
1740,2025-10-17 04:54:05+00:00,9.63,126.21,32,2.1,018 km S 21° E of General Luna (Surigao Del Norte),Ms,TECTONIC
1741,2025-10-17 04:53:19+00:00,11.02,124.04,34,1.5,008 km S 68° E of City Of Bogo (Cebu),Ms,TECTONIC
1742,2025-10-17 04:42:38+00:00,9.66,126.28,35,1.4,019 km S 45° E of General Luna (Surigao Del Norte),Ms,TECTONIC
1743,2025-10-17 04:42:03+00:00,9.65,126.16,31,2.0,014 km S 03° E of General Luna (Surigao Del Norte),Ms,TECTONIC
1744,2025-10-17 04:41:06+00:00,5.32,125.46,51,3.3,011 km S 23° E of Balut Island (Municipality Of Sarangani) (Davao Occidental),Ms,TECTONIC
1745,2025-10-17 04:32:34+00:00,9.55,126.28,33,2.1,029 km S 27° E of General Luna (Surigao Del Norte),Ms,TECTONIC
1746,2025-10-17 04:30:53+00:00,9.6,126.26,27,2.6,023 km S 29° E of General Luna (Surigao Del Norte),Ms,TECTONIC
1747,2025-10-17 04:29:55+00:00,9.68,126.21,31,2.1,012 km S 27° E of General Luna (Surigao Del Norte),Ms,TECTONIC
1748,2025-10-17 04:24:02+00:00,9.57,126.22,32,2.2,025 km S 17° E of General Luna (Surigao Del Norte),Ms,TECTONIC
1749,2025-10-17 04:19:06+00:00,9.71,126.11,30,2.8,009 km S 31° W of General Luna (Surigao Del Norte),Ms,TECTONIC
1750,2025-10-17 04:10:43+00:00,9.66,126.15,28,2.1,013 km S 02° W of General Luna (Surigao Del Norte),Ms,TECTONIC
1751,2025-10-17 04:07:23+00:00,9.65,126.19,29,2.2,015 km S 15° E of General Luna (Surigao Del Norte),Ms,TECTONIC
1752,2025-10-17 04:01:00+00:00,10.5,126.36,3,4.1,062 km N 31° E of Burgos (Surigao Del Norte),unspecified,unspecified
1753,2025-10-17 03:58:06+00:00,15.19,122.09,5,3.0,041 km N 47° E of Panukulan (Quezon),Ms,TECTONIC
1754,2025-10-17 03:55:46+00:00,9.62,126.18,32,2.3,018 km S 08° E of General Luna (Surigao Del Norte),Ms,TECTONIC
1755,2025-10-17 03:53:42+00:00,7.29,127.13,10,3.6,065 km N 82° E of Manay (Davao Oriental),Ms,TECTONIC
1756,2025-10-17 03:48:39+00:00,9.6,126.24,33,1.4,022 km S 25° E of General Luna (Surigao Del Norte),Ms,TECTONIC
1757,2025-10-17 03:42:16+00:00,11.16,124.09,20,2.3,017 km N 42° E of City Of Bogo (Cebu),Ms,TECTONIC
1758,2025-10-17 03:36:12+00:00,11.22,123.93,10,2.3,020 km N 16° W of City Of Bogo (Cebu),Ms,TECTONIC
1759,2025-10-17 03:36:10+00:00,9.63,126.27,32,1.6,021 km S 36° E of General Luna (Surigao Del Norte),Ms,TECTONIC
1760,2025-10-17 03:27:36+00:00,9.57,126.23,32,1.6,025 km S 19° E of General Luna (Surigao Del Norte),Ms,TECTONIC
1761,2025-10-17 03:22:05+00:00,9.66,126.24,23,1.6,016 km S 33° E of General Luna (Surigao Del Norte),Ms,TECTONIC
1762,2025-10-17 03:17:32+00:00,11.14,124.17,1,2.8,023 km N 64° E of City Of Bogo (Cebu),Ms,TECTONIC
1763,2025-10-17 03:15:03+00:00,7.1,126.96,28,3.3,048 km S 75° E of Manay (Davao Oriental),Ms,TECTONIC
1764,2025-10-17 03:12:26+00:00,9.68,126.2,33,2.4,012 km S 20° E of General Luna (Surigao Del Norte),Ms,TECTONIC
1765,2025-10-17 03:07:41+00:00,9.66,126.14,29,2.4,014 km S 07° W of General Luna (Surigao Del Norte),Ms,TECTONIC
1766,2025-10-17 03:03:09+00:00,9.63,126.34,27,2.5,026 km S 50° E of General Luna (Surigao Del Norte),Ms,TECTONIC
1767,2025-10-17 03:02:03+00:00,9.68,126.13,32,1.4,012 km S 45° E of Dapa (Surigao Del Norte),Ms,TECTONIC
1768,2025-10-17 02:42:06+00:00,9.62,126.25,30,1.7,021 km S 28° E of General Luna (Surigao Del Norte),Ms,TECTONIC
1769,2025-10-17 02:30:16+00:00,11.15,124.11,2,3.1,016 km S 49° E of Daanbantayan (Cebu),Ms,TECTONIC
1770,2025-10-17 02:23:44+00:00,7.38,127.08,14,3.2,063 km N 73° E of Manay (Davao Oriental),Ms,TECTONIC
1771,2025-10-17 02:18:47+00:00,7.04,126.91,6,3.3,045 km S 65° E of Manay (Davao Oriental),Ms,TECTONIC
1772,2025-10-17 02:09:07+00:00,9.32,126.14,19,2.2,010 km S 41° E of General Luna (Surigao Del Norte),Ms,TECTONIC
1773,2025-10-17 02:06:17+00:00,11.23,124.15,8,2.7,027 km N 43° E of City Of Bogo (Cebu),Ms,TECTONIC
1774,2025-10-17 01:58:41+00:00,7.25,126.96,19,3.2,046 km N 85° E of Manay (Davao Oriental),Ms,TECTONIC
1775,2025-10-17 01:56:58+00:00,9.64,126.15,35,1.7,016 km S 01° W of General Luna (Surigao Del Norte),Ms,TECTONIC
1776,2025-10-17 01:55:43+00:00,7.17,126.82,19,3.2,031 km S 81° E of Manay (Davao Oriental),Ms,TECTONIC
1777,2025-10-17 01:51:12+00:00,9.6,126.27,32,1.8,023 km S 32° E of General Luna (Surigao Del Norte),Ms,TECTONIC
1778,2025-10-17 01:46:04+00:00,7.31,126.67,17,2.2,018 km N 53° E of Manay (Davao Oriental),Ms,TECTONIC
1779,2025-10-17 01:41:15+00:00,9.56,126.18,10,2.0,025 km S 06° E of General Luna (Surigao Del Norte),Ms,TECTONIC
1780,2025-10-17 01:27:33+00:00,9.81,126.16,22,2.6,003 km N 17° E of General Luna (Surigao Del Norte),Ms,TECTONIC
1781,2025-10-17 01:25:21+00:00,9.76,126.17,25,2.4,003 km S 34° E of General Luna (Surigao Del Norte),Ms,TECTONIC
1782,2025-10-17 01:24:05+00:00,9.6,126.24,31,1.7,022 km S 25° E of General Luna (Surigao Del Norte),Ms,TECTONIC
1783,2025-10-17 01:17:27+00:00,9.66,126.21,32,1.9,014 km S 26° E of General Luna (Surigao Del Norte),Ms,TECTONIC
1784,2025-10-17 01:15:02+00:00,9.62,126.0,33,2.7,025 km S 45° W of General Luna (Surigao Del Norte),Ms,TECTONIC
1785,2025-10-17 01:12:52+00:00,11.0,124.02,30,2.2,007 km S 45° E of City Of Bogo (Cebu),Ms,TECTONIC
1786,2025-10-17 01:03:26+00:00,9.6,126.25,32,1.4,023 km S 28° E of General Luna (Surigao Del Norte),Ms,TECTONIC
1787,2025-10-17 00:55:40+00:00,9.8,126.5,23,3.2,037 km N 87° E of General Luna (Surigao Del Norte),Ms,TECTONIC
1788,2025-10-17 00:44:47+00:00,9.58,126.23,31,1.6,024 km S 20° E of General Luna (Surigao Del Norte),Ms,TECTONIC
1789,2025-10-17 00:41:09+00:00,9.62,126.25,33,2.2,021 km S 30° E of General Luna (Surigao Del Norte),Ms,TECTONIC
1790,2025-10-17 00:40:40+00:00,9.63,126.17,32,1.4,016 km S 05° E of General Luna (Surigao Del Norte),Ms,TECTONIC
1791,2025-10-17 00:32:09+00:00,9.64,126.19,32,1.9,016 km S 15° E of General Luna (Surigao Del Norte),Ms,TECTONIC
1792,2025-10-17 00:38:17+00:00,9.81,126.11,29,2.0,005 km N 59° W of General Luna (Surigao Del Norte),Ms,TECTONIC
1793,2025-10-17 00:28:19+00:00,9.65,126.17,33,1.4,015 km S 05° E of General Luna (Surigao Del Norte),Ms,TECTONIC
1794,2025-10-17 00:26:22+00:00,9.7,126.19,31,2.3,010 km S 23° E of General Luna (Surigao Del Norte),Ms,TECTONIC
1795,2025-10-17 00:10:49+00:00,9.64,126.3,33,1.3,022 km S 47° E of General Luna (Surigao Del Norte),Ms,TECTONIC
1796,2025-10-17 00:10:36+00:00,9.61,126.22,33,1.5,021 km S 20° E of General Luna (Surigao Del Norte),Ms,TECTONIC
1797,2025-10-17 00:07:30+00:00,9.64,126.19,33,1.5,016 km S 14° E of General Luna (Surigao Del Norte),Ms,TECTONIC
1798,2025-10-17 00:03:52+00:00,9.62,126.15,33,1.9,018 km S 02° W of General Luna (Surigao Del Norte),Ms,TECTONIC
1799,2025-10-17 00:02:56+00:00,9.61,126.24,34,1.3,021 km S 24° E of General Luna (Surigao Del Norte),Ms,TECTONIC
1800,2025-10-16 23:57:37+00:00,9.62,126.22,35,4.4,019 km S 22° E of General Luna (Surigao Del Norte),Ms,TECTONIC
1801,2025-10-16 23:56:13+00:00,9.61,126.22,33,2.1,021 km S 20° E of General Luna (Surigao Del Norte),Ms,TECTONIC
1802,2025-10-16 23:56:13+00:00,9.72,126.12,22,2.0,008 km S 26° W of General Luna (Surigao Del Norte),Ms,TECTONIC
1803,2025-10-16 23:52:28+00:00,10.24,125.98,21,3.7,026 km N 14° W of Santa Monica (Surigao Del Norte),Ms,TECTONIC
1804,2025-10-16 23:52:01+00:00,9.67,126.27,32,1.3,017 km S 45° E of General Luna (Surigao Del Norte),Ms,TECTONIC
1805,2025-10-16 23:49:41+00:00,9.69,126.2,29,2.9,012 km S 25° E of General Luna (Surigao Del Norte),Ms,TECTONIC
1806,2025-10-16 23:47:55+00:00,9.63,126.23,34,1.4,018 km S 24° E of General Luna (Surigao Del Norte),Ms,TECTONIC
1807,2025-10-16 23:46:11+00:00,9.66,126.21,34,2.4,015 km S 25° E of General Luna (Surigao Del Norte),Ms,TECTONIC
1808,2025-10-16 23:42:21+00:00,9.65,126.17,32,1.2,014 km S 07° E of General Luna (Surigao Del Norte),Ms,TECTONIC
1809,2025-10-16 23:39:17+00:00,9.66,126.18,13,3.3,014 km S 09° E of General Luna (Surigao Del Norte),Ms,TECTONIC
1810,2025-10-16 23:37:18+00:00,9.7,126.21,30,2.4,011 km S 32° E of General Luna (Surigao Del Norte),Ms,TECTONIC
1811,2025-10-16 23:36:33+00:00,9.65,126.19,33,1.2,014 km S 08° E of General Luna (Surigao Del Norte),Ms,TECTONIC
1812,2025-10-16 23:34:21+00:00,9.61,126.02,35,1.8,024 km S 39° W of General Luna (Surigao Del Norte),Ms,TECTONIC
1813,2025-10-16 23:31:36+00:00,9.68,126.22,34,1.8,014 km S 32° E of General Luna (Surigao Del Norte),Ms,TECTONIC
1814,2025-10-16 23:28:30+00:00,9.68,126.28,26,2.5,018 km S 49° E of General Luna (Surigao Del Norte),Ms,TECTONIC
1815,2025-10-16 23:25:44+00:00,9.64,126.23,29,2.6,018 km S 26° E of General Luna (Surigao Del Norte),Ms,TECTONIC
1816,2025-10-16 23:23:17+00:00,9.68,126.04,20,2.1,008 km S 09° W of Dapa (Surigao Del Norte),Ms,TECTONIC
1817,2025-10-16 23:23:06+00:00,11.1,124.13,5,3.1,018 km N 72° E of City Of Bogo (Cebu),Ms,TECTONIC
1818,2025-10-16 23:20:28+00:00,9.68,126.12,26,3.1,012 km S 21° W of General Luna (Surigao Del Norte),Ms,TECTONIC
1819,2025-10-16 23:18:00+00:00,9.83,126.15,18,3.3,005 km N 11° W of General Luna (Surigao Del Norte),Ms,TECTONIC
1820,2025-10-16 23:14:51+00:00,9.7,126.34,33,2.8,021 km S 66° E of General Luna (Surigao Del Norte),Ms,TECTONIC
1821,2025-10-16 23:14:15+00:00,9.56,126.23,32,1.3,026 km S 17° E of General Luna (Surigao Del Norte),Ms,TECTONIC
1822,2025-10-16 23:12:24+00:00,9.72,126.34,17,2.2,021 km S 70° E of General Luna (Surigao Del Norte),Ms,TECTONIC
1823,2025-10-16 23:07:51+00:00,9.73,126.24,27,2.5,011 km S 58° E of General Luna (Surigao Del Norte),Ms,TECTONIC
1824,2025-10-16 23:03:13+00:00,9.69,126.22,28,6.0,012 km S 33° E of General Luna (Surigao Del Norte),Mw,TECTONIC
1825,2025-10-16 22:48:06+00:00,15.14,123.03,27,2.6,074 km N 07° E of Tinaga Island (Vinzons) (Camarines Norte),Ms,TECTONIC
1826,2025-10-16 22:41:33+00:00,7.42,126.63,26,2.5,025 km N 23° E of Manay (Davao Oriental),Ms,TECTONIC
1827,2025-10-16 22:41:27+00:00,10.99,123.92,2,2.3,010 km S 46° W of City Of Bogo (Cebu),Ms,TECTONIC
1828,2025-10-16 22:37:07+00:00,11.21,124.07,32,1.3,021 km N 28° E of City Of Bogo (Cebu),Ms,TECTONIC
1829,2025-10-16 22:11:04+00:00,6.78,127.14,8,4.7,081 km S 54° E of Manay (Davao Oriental),Mw,TECTONIC
1830,2025-10-16 22:10:24+00:00,11.13,124.12,5,1.5,018 km N 60° E of City Of Bogo (Cebu),Ms,TECTONIC
1831,2025-10-16 21:52:04+00:00,10.86,123.91,2,1.7,022 km S 19° W of City Of Bogo (Cebu),Ms,TECTONIC
1832,2025-10-16 21:41:15+00:00,7.65,126.46,29,1.9,050 km N 10° W of Manay (Davao Oriental),Ms,TECTONIC
1833,2025-10-16 21:39:24+00:00,11.18,124.02,30,1.4,015 km N 17° E of City Of Bogo (Cebu),Ms,TECTONIC
1834,2025-10-16 21:28:42+00:00,13.28,120.27,6,3.2,026 km S 53° W of Paluan (Occidental Mindoro),Ms,TECTONIC
1835,2025-10-16 21:27:08+00:00,11.22,124.17,6,2.1,028 km N 46° E of City Of Bogo (Cebu),Ms,TECTONIC
1836,2025-10-16 21:08:05+00:00,7.28,126.67,29,2.0,016 km N 61° E of Manay (Davao Oriental),Ms,TECTONIC
1837,2025-10-16 21:06:20+00:00,5.74,125.88,103,2.6,032 km S 53° E of Jose Abad Santos (Davao Occidental),Ms,TECTONIC
1838,2025-10-16 20:58:34+00:00,8.78,126.73,4,2.3,050 km S 72° E of Cagwait (Surigao Del Sur),Ms,TECTONIC
1839,2025-10-16 20:51:40+00:00,7.76,126.65,27,1.5,062 km N 12° E of Manay (Davao Oriental),Ms,TECTONIC
1840,2025-10-16 20:49:57+00:00,11.25,124.08,26,1.8,025 km N 26° E of City Of Bogo (Cebu),Ms,TECTONIC
1841,2025-10-16 20:27:59+00:00,12.9,124.5,15,1.5,028 km N 31° E of Biri (Northern Samar),Ms,TECTONIC
1842,2025-10-16 20:26:34+00:00,7.29,126.83,32,2.2,033 km N 75° E of Manay (Davao Oriental),Ms,TECTONIC
1843,2025-10-16 20:21:03+00:00,9.67,126.17,26,2.5,013 km S 06° E of General Luna (Surigao Del Norte),Ms,TECTONIC
1844,2025-10-16 20:17:18+00:00,7.65,127.03,23,2.7,072 km N 48° E of Manay (Davao Oriental),Ms,TECTONIC
1845,2025-10-16 20:14:41+00:00,10.89,123.99,1,2.6,018 km S 05° E of City Of Bogo (Cebu),Ms,TECTONIC
1846,2025-10-16 20:10:21+00:00,7.74,127.1,21,2.6,085 km N 46° E of Manay (Davao Oriental),Ms,TECTONIC
1847,2025-10-16 19:56:38+00:00,11.14,124.21,9,3.4,027 km N 69° E of City Of Bogo (Cebu),Ms,TECTONIC
1848,2025-10-16 19:33:36+00:00,11.02,123.93,32,1.8,007 km S 58° W of City Of Bogo (Cebu),Ms,TECTONIC
1849,2025-10-16 19:32:59+00:00,10.86,123.96,3,1.8,021 km S 07° W of City Of Bogo (Cebu),Ms,TECTONIC
1850,2025-10-16 19:18:52+00:00,6.97,126.67,27,3.3,030 km S 28° E of Manay (Davao Oriental),Ms,TECTONIC
1851,2025-10-16 19:16:07+00:00,10.85,123.85,5,2.2,026 km S 33° W of City Of Bogo (Cebu),Ms,TECTONIC
1852,2025-10-16 19:00:39+00:00,8.15,126.74,32,1.3,038 km N 72° E of Lingig (Surigao Del Sur),Ms,TECTONIC
1853,2025-10-16 18:54:06+00:00,11.13,123.95,14,1.7,010 km N 20° W of City Of Bogo (Cebu),Ms,TECTONIC
1854,2025-10-16 18:53:09+00:00,10.97,124.05,28,2.2,012 km S 44° E of City Of Bogo (Cebu),Ms,TECTONIC
1855,2025-10-16 18:49:56+00:00,18.73,119.91,16,2.4,082 km N 73° W of Burgos (Ilocos Norte),Ms,TECTONIC
1856,2025-10-16 18:43:57+00:00,15.22,122.04,2,3.4,040 km N 37° E of Panukulan (Quezon),Ms,TECTONIC
1857,2025-10-16 18:38:00+00:00,11.07,123.99,9,2.0,002 km N 22° E of City Of Bogo (Cebu),Ms,TECTONIC
1858,2025-10-16 18:21:50+00:00,7.37,126.86,38,1.8,039 km N 63° E of Manay (Davao Oriental),Ms,TECTONIC
1859,2025-10-16 18:20:32+00:00,11.16,123.98,23,2.7,013 km N 02° E of City Of Bogo (Cebu),Ms,TECTONIC
1860,2025-10-16 18:16:53+00:00,10.98,124.06,25,2.1,012 km S 50° E of City Of Bogo (Cebu),Ms,TECTONIC
1861,2025-10-16 17:53:22+00:00,11.09,124.09,2,2.3,013 km N 69° E of City Of Bogo (Cebu),Ms,TECTONIC
1862,2025-10-16 17:42:31+00:00,11.08,124.06,12,3.4,010 km N 64° E of City Of Bogo (Cebu),Ms,TECTONIC
1863,2025-10-16 17:39:22+00:00,4.79,127.22,67,3.1,208 km S 69° E of Sarangani Island (Municipality Of Sarangani) (Davao Occidental),Ms,TECTONIC
1864,2025-10-16 17:31:56+00:00,11.25,124.18,8,3.2,031 km N 45° E of City Of Bogo (Cebu),Ms,TECTONIC
1865,2025-10-16 17:27:39+00:00,11.18,124.03,5,2.4,016 km N 22° E of City Of Bogo (Cebu),Ms,TECTONIC
1866,2025-10-16 17:24:43+00:00,6.99,126.76,19,3.3,035 km S 44° E of Manay (Davao Oriental),Ms,TECTONIC
1867,2025-10-16 17:08:41+00:00,11.14,124.14,6,3.0,020 km N 58° E of City Of Bogo (Cebu),Ms,TECTONIC
1868,2025-10-16 17:04:38+00:00,9.02,126.13,25,2.4,007 km S 39° W of City Of Tandag (Surigao Del Sur),Ms,TECTONIC
1869,2025-10-16 17:04:52+00:00,16.65,119.75,31,3.0,033 km N 28° W of Bolinao (Pangasinan),Ms,TECTONIC
1870,2025-10-16 17:01:14+00:00,9.59,125.53,33,1.5,006 km N 09° E of Mainit (Surigao Del Norte),Ms,TECTONIC
1871,2025-10-16 16:52:33+00:00,11.09,124.05,29,2.1,009 km N 56° E of City Of Bogo (Cebu),Ms,TECTONIC
1872,2025-10-16 16:52:21+00:00,14.01,120.51,116,1.9,015 km S 61° W of Nasugbu (Batangas),Ms,TECTONIC
1873,2025-10-16 16:43:40+00:00,7.32,127.24,61,3.1,079 km N 81° E of Manay (Davao Oriental),Ms,TECTONIC
1874,2025-10-16 16:28:56+00:00,11.13,124.12,7,2.0,018 km N 61° E of City Of Bogo (Cebu),Ms,TECTONIC
1875,2025-10-16 16:20:52+00:00,11.12,124.02,33,2.0,009 km N 27° E of City Of Bogo (Cebu),Ms,TECTONIC
1876,2025-10-16 16:17:30+00:00,17.87,120.82,36,1.7,016 km N 02° W of Tineg (Abra),Ms,TECTONIC
1877,2025-10-16 16:13:20+00:00,7.63,126.08,33,1.6,004 km S 10° W of Compostela (Davao De Oro),Ms,TECTONIC
1878,2025-10-16 15:59:27+00:00,13.58,120.58,31,2.0,022 km N 46° W of Abra De Ilog (Occidental Mindoro),Ms,TECTONIC
1879,2025-10-16 15:47:05+00:00,10.87,123.92,8,1.7,021 km S 19° W of City Of Bogo (Cebu),Ms,TECTONIC
1880,2025-10-16 15:30:04+00:00,11.17,123.95,33,1.4,014 km N 12° W of City Of Bogo (Cebu),Ms,TECTONIC
1881,2025-10-16 15:08:47+00:00,11.11,123.84,32,2.6,016 km N 65° W of City Of Bogo (Cebu),Ms,TECTONIC
1882,2025-10-16 15:01:40+00:00,10.94,123.91,3,2.2,014 km S 35° W of City Of Bogo (Cebu),Ms,TECTONIC
1883,2025-10-16 14:50:40+00:00,8.31,125.92,9,1.9,012 km S 51° W of Rosario (Agusan Del Sur),Ms,TECTONIC
1884,2025-10-16 14:49:17+00:00,11.0,123.98,27,1.7,005 km S 02° E of City Of Bogo (Cebu),Ms,TECTONIC
1885,2025-10-16 14:15:22+00:00,10.94,123.96,32,1.8,012 km S 08° W of City Of Bogo (Cebu),Ms,TECTONIC
1886,2025-10-16 14:07:36+00:00,8.07,123.23,24,1.9,010 km N 61° W of Midsalip (Zamboanga Del Sur),Ms,TECTONIC
1887,2025-10-16 14:07:00+00:00,7.66,126.72,24,1.5,020 km N 63° E of Baganga (Davao Oriental),Ms,TECTONIC
1888,2025-10-16 14:06:07+00:00,13.22,120.85,37,1.7,021 km N 43° E of Santa Cruz (Occidental Mindoro),Ms,TECTONIC
1889,2025-10-16 13:39:24+00:00,10.89,123.91,14,2.0,019 km S 23° W of City Of Bogo (Cebu),Ms,TECTONIC
1890,2025-10-16 13:39:05+00:00,7.84,126.79,22,1.4,075 km N 22° E of Manay (Davao Oriental),Ms,TECTONIC
1891,2025-10-16 13:08:37+00:00,7.92,127.01,3,3.3,063 km N 52° E of Baganga (Davao Oriental),Ms,TECTONIC
1892,2025-10-16 13:00:49+00:00,7.04,126.95,15,3.1,049 km S 67° E of Manay (Davao Oriental),Ms,TECTONIC
1893,2025-10-16 12:59:07+00:00,10.9,123.91,9,1.9,018 km S 26° W of City Of Bogo (Cebu),Ms,TECTONIC
1894,2025-10-16 12:47:05+00:00,10.97,123.97,27,2.0,009 km S 08° W of City Of Bogo (Cebu),Ms,TECTONIC
1895,2025-10-16 12:40:11+00:00,6.13,125.21,113,2.9,010 km N 74° W of Alabel (Sarangani),Ms,TECTONIC
1896,2025-10-16 12:10:34+00:00,7.95,127.05,1,3.0,068 km N 52° E of Baganga (Davao Oriental),Ms,TECTONIC
1897,2025-10-16 11:46:45+00:00,14.9,119.93,34,1.3,018 km S 71° W of San Antonio (Zambales),Ms,TECTONIC
1898,2025-10-16 11:46:37+00:00,10.94,123.92,4,2.6,014 km S 26° W of City Of Bogo (Cebu),Ms,TECTONIC
1899,2025-10-16 11:42:32+00:00,11.1,123.95,9,1.6,006 km N 29° W of City Of Bogo (Cebu),Ms,TECTONIC
1900,2025-10-16 11:29:37+00:00,7.06,126.98,5,2.6,051 km S 72° E of Manay (Davao Oriental),Ms,TECTONIC
1901,2025-10-16 11:13:12+00:00,7.06,126.57,5,2.4,017 km S 13° E of Manay (Davao Oriental),Ms,TECTONIC
1902,2025-10-16 11:02:51+00:00,13.05,120.68,2,3.9,005 km S 52° W of Santa Cruz (Occidental Mindoro),Ms,TECTONIC
1903,2025-10-16 10:27:03+00:00,7.36,127.76,33,3.1,135 km N 83° E of Manay (Davao Oriental),Ms,TECTONIC
1904,2025-10-16 10:17:47+00:00,11.15,124.14,18,1.5,021 km N 58° E of City Of Bogo (Cebu),Ms,TECTONIC
1905,2025-10-16 10:04:35+00:00,7.34,126.74,15,2.9,026 km N 56° E of Manay (Davao Oriental),Ms,TECTONIC
1906,2025-10-16 10:03:49+00:00,11.04,124.05,9,2.6,007 km S 88° E of City Of Bogo (Cebu),Ms,TECTONIC
1907,2025-10-16 09:50:04+00:00,10.9,125.22,17,1.6,022 km S 74° E of Dulag (Leyte),Ms,TECTONIC
1908,2025-10-16 09:31:02+00:00,5.31,126.01,75,4.5,063 km S 74° E of Sarangani Island (Municipality Of Sarangani) (Davao Occidental),Ms,TECTONIC
1909,2025-10-16 09:28:34+00:00,14.98,120.45,32,2.0,008 km N 84° W of Floridablanca (Pampanga),Ms,TECTONIC
1910,2025-10-16 09:25:27+00:00,10.85,123.96,2,1.9,021 km S 06° W of City Of Bogo (Cebu),Ms,TECTONIC
1911,2025-10-16 09:09:53+00:00,10.89,123.87,7,2.4,021 km S 35° W of City Of Bogo (Cebu),Ms,TECTONIC
1912,2025-10-16 08:59:13+00:00,6.81,126.26,7,2.2,016 km S 19° E of City Of Mati (Davao Oriental),Ms,TECTONIC
1913,2025-10-16 08:28:31+00:00,11.15,123.96,29,1.6,012 km N 09° W of City Of Bogo (Cebu),Ms,TECTONIC
1914,2025-10-16 08:05:33+00:00,5.41,125.61,186,3.1,017 km S 67° E of Sarangani Island (Municipality Of Sarangani) (Davao Occidental),Ms,TECTONIC
1915,2025-10-16 07:47:31+00:00,11.16,124.2,34,1.9,027 km N 63° E of City Of Bogo (Cebu),Ms,TECTONIC
1916,2025-10-16 07:40:26+00:00,10.9,123.97,10,3.0,016 km S 02° W of City Of Bogo (Cebu),Ms,TECTONIC
1917,2025-10-16 07:38:10+00:00,7.33,126.59,17,2.0,014 km N 23° E of Manay (Davao Oriental),Ms,TECTONIC
1918,2025-10-16 07:32:32+00:00,11.09,124.06,33,2.4,010 km N 60° E of City Of Bogo (Cebu),Ms,TECTONIC
1919,2025-10-16 07:01:21+00:00,11.07,124.09,15,1.4,012 km N 77° E of City Of Bogo (Cebu),Ms,TECTONIC
1920,2025-10-16 06:33:39+00:00,11.04,124.07,5,2.5,012 km S 81° E of City Of Bogo (Cebu),Ms,TECTONIC
1921,2025-10-16 06:26:56+00:00,10.9,125.2,3,2.6,019 km S 73° E of Dulag (Leyte),Ms,TECTONIC
1922,2025-10-16 05:46:15+00:00,8.41,127.06,1,2.4,080 km N 86° E of Hinatuan (Surigao Del Sur),Ms,TECTONIC
1923,2025-10-16 05:05:11+00:00,7.47,127.14,16,3.5,072 km N 66° E of Manay (Davao Oriental),Ms,TECTONIC
1924,2025-10-16 04:43:06+00:00,10.99,123.96,4,2.7,006 km S 19° W of City Of Bogo (Cebu),Ms,TECTONIC
1925,2025-10-16 04:26:49+00:00,11.1,124.07,42,1.9,012 km N 61° E of City Of Bogo (Cebu),Ms,TECTONIC
1926,2025-10-16 04:18:05+00:00,7.31,126.83,14,2.1,034 km N 71° E of Manay (Davao Oriental),Ms,TECTONIC
1927,2025-10-16 04:14:21+00:00,11.14,124.02,13,1.8,010 km N 10° E of City Of Bogo (Cebu),Ms,TECTONIC
1928,2025-10-16 03:47:16+00:00,7.08,126.75,14,2.5,028 km S 58° E of Manay (Davao Oriental),Ms,TECTONIC
1929,2025-10-16 03:28:41+00:00,11.1,124.05,12,2.5,010 km N 53° E of City Of Bogo (Cebu),Ms,TECTONIC
1930,2025-10-16 03:25:03+00:00,11.08,124.15,9,2.6,018 km N 79° E of City Of Bogo (Cebu),Ms,TECTONIC
1931,2025-10-16 03:24:43+00:00,15.92,120.0,32,1.5,015 km S 60° E of Dasol (Pangasinan),Ms,TECTONIC
1932,2025-10-16 02:42:42+00:00,6.95,126.72,25,2.5,035 km S 36° E of Manay (Davao Oriental),Ms,TECTONIC
1933,2025-10-16 02:28:07+00:00,11.19,124.14,4,2.3,024 km N 46° E of City Of Bogo (Cebu),Ms,TECTONIC
1934,2025-10-16 02:27:45+00:00,16.84,121.48,16,2.2,012 km S 68° W of San Mateo (Isabela),Ms,TECTONIC
1935,2025-10-16 02:27:14+00:00,5.28,126.34,112,2.7,099 km S 78° E of Sarangani Island (Municipality Of Sarangani) (Davao Occidental),Ms,TECTONIC
1936,2025-10-16 01:56:05+00:00,6.92,127.28,20,2.7,087 km S 69° E of Manay (Davao Oriental),Ms,TECTONIC
1937,2025-10-16 01:54:45+00:00,17.35,120.37,10,3.2,009 km N 74° W of San Esteban (Ilocos Sur),Ms,TECTONIC
1938,2025-10-16 01:49:04+00:00,11.0,124.05,4,2.8,009 km S 54° E of City Of Bogo (Cebu),Ms,TECTONIC
1939,2025-10-16 01:29:08+00:00,7.34,126.79,14,2.7,031 km N 63° E of Manay (Davao Oriental),Ms,TECTONIC
1940,2025-10-16 01:21:42+00:00,11.18,123.99,12,1.9,015 km N 03° E of City Of Bogo (Cebu),Ms,TECTONIC
1941,2025-10-16 01:19:30+00:00,7.21,126.74,18,2.5,022 km S 89° E of Manay (Davao Oriental),Ms,TECTONIC
1942,2025-10-16 01:13:49+00:00,7.07,126.73,15,2.7,026 km S 53° E of Manay (Davao Oriental),Ms,TECTONIC
1943,2025-10-16 01:10:36+00:00,7.49,127.19,23,2.9,079 km N 67° E of Manay (Davao Oriental),Ms,TECTONIC
1944,2025-10-16 00:56:28+00:00,8.16,127.05,1,2.8,072 km N 79° E of Lingig (Surigao Del Sur),Ms,TECTONIC
1945,2025-10-16 00:40:35+00:00,8.75,126.75,24,2.6,053 km S 69° E of Cagwait (Surigao Del Sur),Ms,TECTONIC
1946,2025-10-16 00:33:21+00:00,11.2,123.93,7,2.2,018 km N 18° W of City Of Bogo (Cebu),Ms,TECTONIC
1947,2025-10-15 23:59:35+00:00,10.9,123.85,4,2.8,022 km S 42° W of City Of Bogo (Cebu),Ms,TECTONIC
1948,2025-10-15 23:57:58+00:00,11.15,123.98,16,1.7,012 km N 01° W of City Of Bogo (Cebu),Ms,TECTONIC
1949,2025-10-15 23:46:28+00:00,6.8,127.28,10,4.7,093 km S 61° E of Manay (Davao Oriental),M,TECTONIC
1950,2025-10-15 23:39:26+00:00,7.5,127.26,23,3.0,086 km N 68° E of Manay (Davao Oriental),Ms,TECTONIC
1951,2025-10-15 23:36:07+00:00,7.49,127.19,21,4.2,078 km N 67° E of Manay (Davao Oriental),Ms,TECTONIC
1952,2025-10-15 23:32:41+00:00,4.8,125.55,32,4.4,070 km S 12° E of Balut Island (Municipality Of Sarangani) (Davao Occidental),Ms,TECTONIC
1953,2025-10-15 23:14:30+00:00,12.34,124.65,112,2.1,018 km S 06° E of Catarman (Northern Samar),Ms,TECTONIC
1954,2025-10-15 23:13:33+00:00,9.77,126.21,33,2.0,006 km S 73° E of General Luna (Surigao Del Norte),Ms,TECTONIC
1955,2025-10-15 23:10:38+00:00,6.77,127.15,1,2.5,083 km S 54° E of Manay (Davao Oriental),Ms,TECTONIC
1956,2025-10-15 23:08:59+00:00,10.94,123.96,8,1.8,012 km S 12° W of City Of Bogo (Cebu),Ms,TECTONIC
1957,2025-10-15 22:41:05+00:00,7.35,126.77,19,3.9,029 km N 58° E of Manay (Davao Oriental),Ms,TECTONIC
1958,2025-10-15 22:34:57+00:00,8.99,126.21,67,2.1,005 km S 42° W of Tago (Surigao Del Sur),Ms,TECTONIC
1959,2025-10-15 22:32:58+00:00,8.79,126.13,21,2.2,011 km N 62° W of San Agustin (Surigao Del Sur),Ms,TECTONIC
1960,2025-10-15 22:16:21+00:00,10.93,124.01,6,2.5,014 km S 14° E of City Of Bogo (Cebu),Ms,TECTONIC
1961,2025-10-15 21:45:07+00:00,6.73,126.99,23,2.6,073 km S 43° E of Manay (Davao Oriental),Ms,TECTONIC
1962,2025-10-15 21:32:52+00:00,6.18,125.88,149,3.2,021 km S 85° E of Don Marcelino (Davao Occidental),Ms,TECTONIC
1963,2025-10-15 20:59:03+00:00,11.04,124.15,4,1.9,018 km S 89° E of City Of Bogo (Cebu),Ms,TECTONIC
1964,2025-10-15 20:54:27+00:00,13.71,122.64,33,1.6,017 km N 26° E of San Narciso (Quezon),Ms,TECTONIC
1965,2025-10-15 20:31:28+00:00,7.02,127.03,23,3.1,058 km S 69° E of Manay (Davao Oriental),Ms,TECTONIC
1966,2025-10-15 20:25:45+00:00,8.91,126.32,27,1.6,002 km S 70° E of Cagwait (Surigao Del Sur),Ms,TECTONIC
1967,2025-10-15 20:24:48+00:00,7.29,126.78,20,2.3,029 km N 71° E of Manay (Davao Oriental),Ms,TECTONIC
1968,2025-10-15 20:18:17+00:00,11.17,124.17,25,1.9,025 km N 57° E of City Of Bogo (Cebu),Ms,TECTONIC
1969,2025-10-15 20:09:20+00:00,11.1,124.01,32,2.2,007 km N 29° E of City Of Bogo (Cebu),Ms,TECTONIC
1970,2025-10-15 20:01:53+00:00,11.02,123.9,17,2.1,010 km S 71° W of City Of Bogo (Cebu),Ms,TECTONIC
1971,2025-10-15 20:01:22+00:00,13.67,120.62,87,1.5,018 km S 06° W of Calatagan (Batangas),Ms,TECTONIC
1972,2025-10-15 19:57:04+00:00,11.23,124.22,1,2.1,033 km N 53° E of City Of Bogo (Cebu),Ms,TECTONIC
1973,2025-10-15 19:51:57+00:00,11.01,123.99,1,1.5,004 km S 23° E of City Of Bogo (Cebu),Ms,TECTONIC
1974,2025-10-15 19:48:24+00:00,13.59,120.78,7,2.1,013 km S 54° W of Tingloy (Batangas),Ms,TECTONIC
1975,2025-10-15 19:41:04+00:00,11.14,124.14,4,3.5,020 km N 59° E of City Of Bogo (Cebu),Ms,TECTONIC
1976,2025-10-15 19:39:08+00:00,10.96,123.94,8,2.3,010 km S 25° W of City Of Bogo (Cebu),Ms,TECTONIC
1977,2025-10-15 19:03:25+00:00,9.79,126.3,19,2.3,016 km N 87° E of General Luna (Surigao Del Norte),Ms,TECTONIC
1978,2025-10-15 18:59:30+00:00,7.1,126.79,7,2.8,030 km S 67° E of Manay (Davao Oriental),Ms,TECTONIC
1979,2025-10-15 18:58:18+00:00,7.3,126.6,32,2.1,012 km N 33° E of Manay (Davao Oriental),Ms,TECTONIC
1980,2025-10-15 18:51:17+00:00,6.82,126.7,14,2.4,046 km S 23° E of Manay (Davao Oriental),Ms,TECTONIC
1981,2025-10-15 18:49:30+00:00,10.46,123.09,4,2.6,016 km N 59° W of City Of Canlaon (Negros Oriental),ML,VOLCANO-TECTONIC
1982,2025-10-15 18:47:08+00:00,7.32,126.86,30,1.9,038 km N 71° E of Manay (Davao Oriental),Ms,TECTONIC
1983,2025-10-15 18:43:51+00:00,9.88,126.65,1,2.3,056 km N 79° E of General Luna (Surigao Del Norte),Ms,TECTONIC
1984,2025-10-15 18:31:30+00:00,7.18,127.06,17,3.0,058 km S 87° E of Manay (Davao Oriental),Ms,TECTONIC
1985,2025-10-15 18:25:14+00:00,10.93,123.95,11,2.1,013 km S 13° W of City Of Bogo (Cebu),Ms,TECTONIC
1986,2025-10-15 18:21:15+00:00,19.89,121.73,69,2.5,046 km N 25° W of Babuyan Island (Calayan) (Cagayan),Ms,TECTONIC
1987,2025-10-15 18:21:57+00:00,11.14,124.11,8,2.7,018 km N 53° E of City Of Bogo (Cebu),Ms,TECTONIC
1988,2025-10-15 18:17:54+00:00,9.65,126.15,2,2.9,016 km S 35° E of Dapa (Surigao Del Norte),Ms,TECTONIC
1989,2025-10-15 18:09:21+00:00,15.58,119.92,30,4.7,006 km N 34° W of Masinloc (Zambales),Mw,TECTONIC
1990,2025-10-15 18:04:05+00:00,15.55,120.02,16,3.2,008 km N 73° E of Masinloc (Zambales),Ms,TECTONIC
1991,2025-10-15 17:51:00+00:00,8.9,126.4,30,2.6,011 km S 82° E of Cagwait (Surigao Del Sur),Ms,TECTONIC
1992,2025-10-15 17:50:28+00:00,10.44,123.12,1,2.9,012 km N 59° W of City Of Canlaon (Negros Oriental),ML,VOLCANO-TECTONIC
1993,2025-10-15 17:48:52+00:00,11.18,123.89,6,3.2,018 km N 34° W of City Of Bogo (Cebu),Ms,TECTONIC
1994,2025-10-15 17:47:39+00:00,11.12,122.99,33,2.2,006 km S 27° W of Ajuy (Iloilo),Ms,TECTONIC
1995,2025-10-15 17:42:19+00:00,10.26,122.89,33,2.3,004 km S 73° E of Hinigaran (Negros Occidental),Ms,TECTONIC
1996,2025-10-15 17:29:10+00:00,8.1,126.87,33,2.3,051 km N 82° E of Lingig (Surigao Del Sur),Ms,TECTONIC
1997,2025-10-15 17:23:02+00:00,10.46,123.09,5,1.9,016 km N 59° W of City Of Canlaon (Negros Oriental),ML,VOLCANO-TECTONIC
1998,2025-10-15 17:20:16+00:00,11.1,124.03,22,1.6,008 km N 41° E of City Of Bogo (Cebu),Ms,TECTONIC
1999,2025-10-15 17:16:26+00:00,10.44,123.03,9,1.8,012 km N 82° E of City Of La Carlota (Negros Occidental),Ms,VOLCANO-TECTONIC
2000,2025-10-15 17:12:37+00:00,7.08,126.64,1,2.7,018 km S 36° E of Manay (Davao Oriental),Ms,TECTONIC
2001,2025-10-15 17:11:37+00:00,8.85,126.72,33,1.6,047 km S 80° E of Cagwait (Surigao Del Sur),Ms,TECTONIC
2002,2025-10-15 17:02:37+00:00,7.62,125.74,99,2.0,005 km N 47° E of Kapalong (Davao Del Norte),Ms,TECTONIC
2003,2025-10-15 17:00:25+00:00,7.29,126.8,29,2.2,030 km N 72° E of Manay (Davao Oriental),Ms,TECTONIC
2004,2025-10-15 16:54:24+00:00,8.97,126.24,63,2.2,009 km N 51° W of Cagwait (Surigao Del Sur),Ms,TECTONIC
2005,2025-10-15 16:39:25+00:00,11.16,123.86,18,2.3,018 km N 47° W of City Of Bogo (Cebu),Ms,TECTONIC
2006,2025-10-15 16:39:23+00:00,7.24,126.83,25,2.3,032 km N 84° E of Manay (Davao Oriental),Ms,TECTONIC
2007,2025-10-15 16:32:37+00:00,11.16,123.96,10,1.9,013 km N 10° W of City Of Bogo (Cebu),Ms,TECTONIC
2008,2025-10-15 16:29:32+00:00,11.01,124.07,42,1.9,011 km S 69° E of City Of Bogo (Cebu),Ms,TECTONIC
2009,2025-10-15 16:25:01+00:00,10.49,126.23,9,2.4,055 km N 19° E of Burgos (Surigao Del Norte),Ms,TECTONIC
2010,2025-10-15 16:20:17+00:00,11.05,124.06,8,2.2,008 km S 89° E of City Of Bogo (Cebu),Ms,TECTONIC
2011,2025-10-15 16:16:27+00:00,11.02,123.91,1,2.3,008 km S 65° W of City Of Bogo (Cebu),Ms,TECTONIC
2012,2025-10-15 16:02:12+00:00,7.18,126.79,15,2.0,028 km S 82° E of Manay (Davao Oriental),Ms,TECTONIC
2013,2025-10-15 15:56:06+00:00,10.89,125.23,9,2.8,023 km S 72° E of Dulag (Leyte),Ms,TECTONIC
2014,2025-10-15 15:55:09+00:00,10.98,123.99,29,2.3,007 km S 07° E of City Of Bogo (Cebu),Ms,TECTONIC
2015,2025-10-15 15:54:17+00:00,11.06,124.13,33,1.4,017 km N 85° E of City Of Bogo (Cebu),Ms,TECTONIC
2016,2025-10-15 15:53:39+00:00,7.99,126.81,35,2.0,044 km S 83° E of Lingig (Surigao Del Sur),Ms,TECTONIC
2017,2025-10-15 15:40:06+00:00,7.29,126.72,24,2.0,021 km N 66° E of Manay (Davao Oriental),Ms,TECTONIC
2018,2025-10-15 15:39:43+00:00,10.85,125.24,12,2.4,027 km N 66° E of Abuyog (Leyte),Ms,TECTONIC
2019,2025-10-15 15:35:19+00:00,8.99,126.27,31,2.0,003 km N 21° W of Bayabas (Surigao Del Sur),Ms,TECTONIC
2020,2025-10-15 15:33:23+00:00,7.17,126.74,20,1.9,023 km S 78° E of Manay (Davao Oriental),Ms,TECTONIC
2021,2025-10-15 15:25:53+00:00,11.04,123.89,24,3.7,010 km S 84° W of City Of Bogo (Cebu),Ms,TECTONIC
2022,2025-10-15 15:22:29+00:00,7.16,126.84,18,2.7,033 km S 80° E of Manay (Davao Oriental),Ms,TECTONIC
2023,2025-10-15 15:21:00+00:00,8.94,126.11,28,2.6,008 km S 86° E of San Miguel (Surigao Del Sur),Ms,TECTONIC
2024,2025-10-15 15:18:30+00:00,11.12,124.09,10,2.4,014 km N 55° E of City Of Bogo (Cebu),Ms,TECTONIC
2025,2025-10-15 15:13:04+00:00,7.55,125.62,29,3.4,002 km N 20° W of Santo Tomas (Davao Del Norte),Ms,TECTONIC
2026,2025-10-15 15:08:19+00:00,11.16,124.04,21,2.1,014 km N 26° E of City Of Bogo (Cebu),Ms,TECTONIC
2027,2025-10-15 14:41:30+00:00,11.15,124.11,2,2.4,018 km N 53° E of City Of Bogo (Cebu),Ms,TECTONIC
2028,2025-10-15 14:36:01+00:00,10.94,124.04,31,1.6,013 km S 29° E of City Of Bogo (Cebu),Ms,TECTONIC
2029,2025-10-15 14:14:56+00:00,11.2,124.17,8,2.2,027 km N 50° E of City Of Bogo (Cebu),Ms,TECTONIC
2030,2025-10-15 14:07:37+00:00,11.09,124.0,33,2.3,005 km N 31° E of City Of Bogo (Cebu),Ms,TECTONIC
2031,2025-10-15 13:53:47+00:00,11.2,124.62,8,2.5,007 km N 71° E of Kananga (Leyte),Ms,TECTONIC
2032,2025-10-15 13:47:48+00:00,5.4,125.97,6,3.3,056 km S 82° E of Sarangani Island (Municipality Of Sarangani) (Davao Occidental),Ms,TECTONIC
2033,2025-10-15 13:42:32+00:00,13.74,120.53,52,1.5,015 km S 47° W of Calatagan (Batangas),Ms,TECTONIC
2034,2025-10-15 13:41:06+00:00,11.16,124.1,33,2.2,018 km N 48° E of City Of Bogo (Cebu),Ms,TECTONIC
2035,2025-10-15 13:38:38+00:00,11.14,124.03,31,2.4,012 km N 30° E of City Of Bogo (Cebu),Ms,TECTONIC
2036,2025-10-15 13:16:42+00:00,11.17,123.98,32,1.5,014 km N 01° W of City Of Bogo (Cebu),Ms,TECTONIC
2037,2025-10-15 13:07:47+00:00,11.14,123.18,33,1.5,011 km S 41° E of Concepcion (Iloilo),Ms,TECTONIC
2038,2025-10-15 13:02:44+00:00,6.99,127.1,45,2.4,066 km S 68° E of Manay (Davao Oriental),Ms,TECTONIC
2039,2025-10-15 13:00:07+00:00,10.14,121.99,14,2.7,033 km S 13° E of Anini-y (Antique),Ms,TECTONIC
2040,2025-10-15 12:57:03+00:00,8.92,126.48,25,2.2,019 km N 89° E of Cagwait (Surigao Del Sur),Ms,TECTONIC
2041,2025-10-15 12:45:27+00:00,7.02,126.82,21,2.5,037 km S 55° E of Manay (Davao Oriental),Ms,TECTONIC
2042,2025-10-15 12:43:47+00:00,7.09,126.71,32,2.4,023 km S 54° E of Manay (Davao Oriental),Ms,TECTONIC
2043,2025-10-15 12:39:01+00:00,11.05,124.09,40,1.9,012 km N 86° E of City Of Bogo (Cebu),Ms,TECTONIC
2044,2025-10-15 12:36:22+00:00,16.26,122.03,18,2.0,010 km S 82° W of Casiguran (Aurora),Ms,TECTONIC
2045,2025-10-15 12:30:16+00:00,10.97,123.93,32,2.1,010 km S 34° W of City Of Bogo (Cebu),Ms,TECTONIC
2046,2025-10-15 12:21:09+00:00,7.3,127.15,20,2.6,068 km N 81° E of Manay (Davao Oriental),Ms,TECTONIC
2047,2025-10-15 12:18:59+00:00,11.32,124.03,33,2.7,031 km N 11° E of City Of Bogo (Cebu),Ms,TECTONIC
2048,2025-10-15 12:10:04+00:00,9.97,126.06,2,2.2,005 km S 24° W of Burgos (Surigao Del Norte),Ms,TECTONIC
2049,2025-10-15 12:00:40+00:00,6.87,126.88,13,2.8,053 km S 45° E of Manay (Davao Oriental),Ms,TECTONIC
2050,2025-10-15 11:46:32+00:00,9.34,126.55,14,3.0,039 km N 80° E of Cortes (Surigao Del Sur),Ms,TECTONIC
2051,2025-10-15 11:39:46+00:00,7.47,126.83,19,2.8,043 km N 48° E of Manay (Davao Oriental),Ms,TECTONIC
2052,2025-10-15 11:35:32+00:00,8.56,126.93,1,2.9,069 km N 72° E of Hinatuan (Surigao Del Sur),Ms,TECTONIC
2053,2025-10-15 11:32:10+00:00,7.15,127.09,19,3.7,061 km S 83° E of Manay (Davao Oriental),Ms,TECTONIC
2054,2025-10-15 11:15:35+00:00,10.95,123.98,3,2.3,010 km S 02° W of City Of Bogo (Cebu),Ms,TECTONIC
2055,2025-10-15 11:10:34+00:00,10.88,125.2,12,2.7,020 km S 67° E of Dulag (Leyte),Ms,TECTONIC
2056,2025-10-15 10:58:01+00:00,7.39,126.72,10,4.3,028 km N 45° E of Manay (Davao Oriental),M,TECTONIC
2057,2025-10-15 10:37:14+00:00,10.83,125.27,9,1.8,030 km N 73° E of Abuyog (Leyte),Ms,TECTONIC
2058,2025-10-15 10:10:17+00:00,16.78,119.88,24,3.0,043 km N 01° W of Bolinao (Pangasinan),Ms,TECTONIC
2059,2025-10-15 10:09:08+00:00,7.26,126.62,24,2.3,010 km N 59° E of Manay (Davao Oriental),Ms,TECTONIC
2060,2025-10-15 09:55:30+00:00,11.03,124.09,33,1.7,013 km S 83° E of City Of Bogo (Cebu),Ms,TECTONIC
2061,2025-10-15 09:47:27+00:00,8.05,126.24,29,2.4,019 km N 85° W of Lingig (Surigao Del Sur),Ms,TECTONIC
2062,2025-10-15 09:45:23+00:00,11.12,124.03,33,2.0,010 km N 36° E of City Of Bogo (Cebu),Ms,TECTONIC
2063,2025-10-15 09:36:37+00:00,10.94,124.0,4,2.5,012 km S 08° E of City Of Bogo (Cebu),Ms,TECTONIC
2064,2025-10-15 09:27:49+00:00,6.99,127.76,9,2.6,137 km S 80° E of Manay (Davao Oriental),Ms,TECTONIC
2065,2025-10-15 09:26:40+00:00,7.14,126.7,20,2.2,019 km S 67° E of Manay (Davao Oriental),Ms,TECTONIC
2066,2025-10-15 09:17:58+00:00,7.22,126.57,31,2.7,003 km N 78° E of Manay (Davao Oriental),Ms,TECTONIC
2067,2025-10-15 09:13:03+00:00,8.69,127.03,1,2.8,082 km S 81° E of Marihatag (Surigao Del Sur),Ms,TECTONIC
2068,2025-10-15 09:05:16+00:00,10.42,126.01,18,2.3,044 km N 03° W of Santa Monica (Surigao Del Norte),Ms,TECTONIC
2069,2025-10-15 08:57:09+00:00,7.14,126.81,9,3.9,031 km S 76° E of Manay (Davao Oriental),Ms,TECTONIC
2070,2025-10-15 08:52:33+00:00,6.69,125.69,19,3.6,029 km N 58° E of Santa Maria (Davao Occidental),Ms,TECTONIC
2071,2025-10-15 08:45:32+00:00,8.98,126.33,31,2.3,008 km N 26° E of Cagwait (Surigao Del Sur),Ms,TECTONIC
2072,2025-10-15 08:11:14+00:00,7.37,126.68,19,2.9,024 km N 43° E of Manay (Davao Oriental),Ms,TECTONIC
2073,2025-10-15 08:01:52+00:00,11.14,124.15,7,3.1,021 km N 60° E of City Of Bogo (Cebu),Ms,TECTONIC
2074,2025-10-15 07:58:26+00:00,11.11,124.12,7,4.1,017 km N 65° E of City Of Bogo (Cebu),Ms,TECTONIC
2075,2025-10-15 07:55:09+00:00,11.15,124.12,5,4.5,019 km N 52° E of City Of Bogo (Cebu),Mw,TECTONIC
2076,2025-10-15 07:44:55+00:00,7.11,127.16,11,4.5,070 km S 80° E of Manay (Davao Oriental),Mw,TECTONIC
2077,2025-10-15 07:08:22+00:00,7.33,126.48,25,2.5,015 km N 27° W of Manay (Davao Oriental),Ms,TECTONIC
2078,2025-10-15 06:45:01+00:00,7.2,126.88,26,2.2,038 km S 89° E of Manay (Davao Oriental),Ms,TECTONIC
2079,2025-10-15 06:40:04+00:00,11.12,123.96,24,2.0,008 km N 14° W of City Of Bogo (Cebu),Ms,TECTONIC
2080,2025-10-15 06:38:56+00:00,11.02,124.1,4,1.9,014 km S 76° E of City Of Bogo (Cebu),Ms,TECTONIC
2081,2025-10-15 05:47:59+00:00,11.13,124.13,33,2.5,019 km N 61° E of City Of Bogo (Cebu),Ms,TECTONIC
2082,2025-10-15 06:23:08+00:00,10.84,125.31,9,4.1,031 km S 15° W of Balangiga (Eastern Samar),Ms,TECTONIC
2083,2025-10-15 06:20:23+00:00,12.13,125.12,37,1.5,013 km N 50° E of San Jose De Buan (Samar),Ms,TECTONIC
2084,2025-10-15 06:02:28+00:00,7.39,127.15,14,3.2,070 km N 74° E of Manay (Davao Oriental),Ms,TECTONIC
2085,2025-10-15 06:02:07+00:00,11.07,123.99,32,1.9,003 km N 34° E of City Of Bogo (Cebu),Ms,TECTONIC
2086,2025-10-15 05:47:59+00:00,11.13,124.13,33,2.5,019 km N 61° E of City Of Bogo (Cebu),Ms,TECTONIC
2087,2025-10-15 05:46:47+00:00,11.54,125.84,9,2.0,032 km N 48° E of Hernani (Eastern Samar),Ms,TECTONIC
2088,2025-10-15 05:44:26+00:00,7.21,126.62,7,2.0,009 km S 88° E of Manay (Davao Oriental),Ms,TECTONIC
2089,2025-10-15 05:32:34+00:00,10.91,123.89,14,1.5,018 km S 35° W of City Of Bogo (Cebu),Ms,TECTONIC
2090,2025-10-15 05:21:43+00:00,11.06,124.0,21,1.7,003 km N 51° E of City Of Bogo (Cebu),Ms,TECTONIC
2091,2025-10-15 05:01:02+00:00,7.35,126.96,16,3.5,049 km N 72° E of Manay (Davao Oriental),Ms,TECTONIC
2092,2025-10-15 04:51:51+00:00,11.75,125.71,12,2.6,028 km S 89° E of San Julian (Eastern Samar),Ms,TECTONIC
2093,2025-10-15 04:42:04+00:00,11.04,123.93,17,3.6,006 km S 85° W of City Of Bogo (Cebu),Ms,TECTONIC
2094,2025-10-15 04:37:48+00:00,11.08,124.12,36,2.5,015 km N 76° E of City Of Bogo (Cebu),Ms,TECTONIC
2095,2025-10-15 04:37:13+00:00,17.76,120.75,5,1.8,006 km N 52° E of Lagayan (Abra),Ms,TECTONIC
2096,2025-10-15 04:14:37+00:00,11.17,124.14,3,2.6,022 km N 52° E of City Of Bogo (Cebu),Ms,TECTONIC
2097,2025-10-15 03:45:28+00:00,13.59,120.62,89,1.3,020 km N 34° W of Abra De Ilog (Occidental Mindoro),Ms,TECTONIC
2098,2025-10-15 03:37:58+00:00,15.87,120.06,11,2.3,017 km N 72° E of Infanta (Pangasinan),Ms,TECTONIC
2099,2025-10-15 03:04:23+00:00,6.98,127.02,17,3.0,059 km S 64° E of Manay (Davao Oriental),Ms,TECTONIC
2100,2025-10-15 02:23:54+00:00,7.4,126.85,6,2.9,040 km N 58° E of Manay (Davao Oriental),Ms,TECTONIC
2101,2025-10-15 02:21:58+00:00,15.71,121.14,34,2.0,004 km N 88° E of Rizal (Nueva Ecija),Ms,TECTONIC
2102,2025-10-15 02:10:55+00:00,11.15,124.07,32,1.3,015 km N 41° E of City Of Bogo (Cebu),Ms,TECTONIC
2103,2025-10-15 01:56:57+00:00,11.09,124.03,33,1.5,008 km N 48° E of City Of Bogo (Cebu),Ms,TECTONIC
2104,2025-10-15 01:38:30+00:00,7.22,126.7,17,2.2,018 km N 87° E of Manay (Davao Oriental),Ms,TECTONIC
2105,2025-10-15 01:19:54+00:00,11.23,124.0,31,2.5,021 km N 07° E of City Of Bogo (Cebu),Ms,TECTONIC
2106,2025-10-15 01:17:01+00:00,9.97,125.79,31,1.5,014 km N 72° E of Cagdianao (Dinagat Islands),Ms,TECTONIC
2107,2025-10-15 01:04:41+00:00,7.09,126.88,4,3.0,041 km S 70° E of Manay (Davao Oriental),Ms,TECTONIC
2108,2025-10-15 00:58:19+00:00,7.38,126.77,12,2.7,032 km N 53° E of Manay (Davao Oriental),Ms,TECTONIC
2109,2025-10-15 00:38:33+00:00,7.34,126.76,20,2.3,028 km N 61° E of Manay (Davao Oriental),Ms,TECTONIC
2110,2025-10-15 00:36:37+00:00,11.13,124.01,33,1.6,010 km N 17° E of City Of Bogo (Cebu),Ms,TECTONIC
2111,2025-10-15 00:26:54+00:00,9.77,125.88,2,2.3,015 km S 43° W of Del Carmen (Surigao Del Norte),Ms,TECTONIC
2112,2025-10-15 00:03:13+00:00,10.89,123.92,5,3.0,018 km S 20° W of City Of Bogo (Cebu),Ms,TECTONIC
2113,2025-10-14 23:42:04+00:00,9.93,126.25,16,2.1,017 km N 66° E of Pilar (Surigao Del Norte),Ms,TECTONIC
2114,2025-10-14 23:32:40+00:00,10.04,126.36,9,4.2,031 km N 85° E of Burgos (Surigao Del Norte),Ms,TECTONIC
2115,2025-10-14 23:25:07+00:00,11.08,124.01,19,2.5,005 km N 46° E of City Of Bogo (Cebu),Ms,TECTONIC
2116,2025-10-14 23:03:04+00:00,7.25,126.77,17,2.4,025 km N 81° E of Manay (Davao Oriental),Ms,TECTONIC
2117,2025-10-14 23:01:21+00:00,5.36,126.11,47,3.4,072 km S 80° E of Sarangani Island (Municipality Of Sarangani) (Davao Occidental),Ms,TECTONIC
2118,2025-10-14 22:53:07+00:00,7.3,126.94,11,3.8,045 km N 78° E of Manay (Davao Oriental),Ms,TECTONIC
2119,2025-10-14 22:48:20+00:00,10.54,122.3,9,4.2,013 km S 11° W of Guimbal (Iloilo),Mw,TECTONIC
2120,2025-10-14 22:30:48+00:00,7.34,126.93,8,2.3,045 km N 71° E of Manay (Davao Oriental),Ms,TECTONIC
2121,2025-10-14 22:27:23+00:00,11.14,124.07,10,2.1,014 km N 43° E of City Of Bogo (Cebu),Ms,TECTONIC
2122,2025-10-14 22:05:20+00:00,7.25,126.79,15,2.4,028 km N 80° E of Manay (Davao Oriental),Ms,TECTONIC
2123,2025-10-14 21:48:17+00:00,7.46,127.11,13,2.8,069 km N 66° E of Manay (Davao Oriental),Ms,TECTONIC
2124,2025-10-14 21:29:04+00:00,11.15,123.95,9,2.7,012 km N 16° W of City Of Bogo (Cebu),Ms,TECTONIC
2125,2025-10-14 21:14:18+00:00,10.97,123.99,20,2.1,008 km S 07° E of City Of Bogo (Cebu),Ms,TECTONIC
2126,2025-10-14 20:58:07+00:00,11.07,124.19,33,2.0,023 km N 84° E of City Of Bogo (Cebu),Ms,TECTONIC
2127,2025-10-14 20:50:22+00:00,7.29,126.89,8,2.7,040 km N 78° E of Manay (Davao Oriental),Ms,TECTONIC
2128,2025-10-14 20:46:40+00:00,7.68,126.69,33,1.5,055 km N 18° E of Manay (Davao Oriental),Ms,TECTONIC
2129,2025-10-14 20:44:04+00:00,7.41,127.1,13,2.6,066 km N 71° E of Manay (Davao Oriental),Ms,TECTONIC
2130,2025-10-14 20:19:49+00:00,10.96,123.98,29,2.3,009 km S 03° W of City Of Bogo (Cebu),Ms,TECTONIC
2131,2025-10-14 20:07:21+00:00,11.07,124.08,29,2.1,012 km N 76° E of City Of Bogo (Cebu),Ms,TECTONIC
2132,2025-10-14 20:03:53+00:00,7.32,126.92,8,2.8,044 km N 73° E of Manay (Davao Oriental),Ms,TECTONIC
2133,2025-10-14 19:49:54+00:00,8.29,127.58,44,2.5,132 km N 78° E of Lingig (Surigao Del Sur),Ms,TECTONIC
2134,2025-10-14 19:47:03+00:00,11.18,124.11,28,2.2,021 km N 43° E of City Of Bogo (Cebu),Ms,TECTONIC
2135,2025-10-14 19:42:02+00:00,11.05,124.0,2,2.3,002 km N 80° E of City Of Bogo (Cebu),Ms,TECTONIC
2136,2025-10-14 19:26:00+00:00,7.36,127.2,17,5.0,075 km N 77° E of Manay (Davao Oriental),Mw,TECTONIC
2137,2025-10-14 19:05:45+00:00,10.99,123.99,28,2.3,006 km S 12° E of City Of Bogo (Cebu),Ms,TECTONIC
2138,2025-10-14 19:04:26+00:00,7.36,126.96,8,2.7,049 km N 70° E of Manay (Davao Oriental),Ms,TECTONIC
2139,2025-10-14 19:00:20+00:00,7.4,127.32,5,3.7,089 km N 77° E of Manay (Davao Oriental),Ms,TECTONIC
2140,2025-10-14 18:55:42+00:00,12.3,123.88,17,2.3,012 km N 12° E of Dimasalang (Masbate),Ms,TECTONIC
2141,2025-10-14 18:50:20+00:00,7.18,126.9,21,4.3,040 km S 84° E of Manay (Davao Oriental),Ms,TECTONIC
2142,2025-10-14 18:44:49+00:00,11.32,124.09,33,2.4,032 km N 22° E of City Of Bogo (Cebu),Ms,TECTONIC
2143,2025-10-14 18:37:03+00:00,10.96,123.9,12,2.9,013 km S 40° W of City Of Bogo (Cebu),Ms,TECTONIC
2144,2025-10-14 18:35:09+00:00,9.78,125.94,11,2.0,011 km S 20° W of Del Carmen (Surigao Del Norte),Ms,TECTONIC
2145,2025-10-14 18:18:56+00:00,7.4,126.99,4,4.0,054 km N 68° E of Manay (Davao Oriental),Ms,TECTONIC
2146,2025-10-14 18:17:11+00:00,7.41,127.28,18,4.6,085 km N 75° E of Manay (Davao Oriental),Mw,TECTONIC
2147,2025-10-14 18:09:22+00:00,7.21,126.62,10,2.2,009 km S 89° E of Manay (Davao Oriental),Ms,TECTONIC
2148,2025-10-14 18:07:05+00:00,6.62,127.22,18,2.6,099 km S 49° E of Manay (Davao Oriental),Ms,TECTONIC
2149,2025-10-14 18:05:37+00:00,7.06,126.95,11,2.5,049 km S 70° E of Manay (Davao Oriental),Ms,TECTONIC
2150,2025-10-14 17:59:47+00:00,7.36,126.69,19,2.7,023 km N 45° E of Manay (Davao Oriental),Ms,TECTONIC
2151,2025-10-14 17:59:05+00:00,11.17,124.09,26,1.5,018 km N 42° E of City Of Bogo (Cebu),Ms,TECTONIC
2152,2025-10-14 17:58:05+00:00,7.33,126.75,19,2.2,026 km N 61° E of Manay (Davao Oriental),Ms,TECTONIC
2153,2025-10-14 17:50:45+00:00,7.31,126.88,13,2.6,039 km N 73° E of Manay (Davao Oriental),Ms,TECTONIC
2154,2025-10-14 17:33:57+00:00,7.26,127.0,8,3.1,051 km N 84° E of Manay (Davao Oriental),Ms,TECTONIC
2155,2025-10-14 17:32:12+00:00,7.11,126.8,28,2.3,030 km S 69° E of Manay (Davao Oriental),Ms,TECTONIC
2156,2025-10-14 17:29:18+00:00,7.32,127.13,7,2.8,067 km N 79° E of Manay (Davao Oriental),Ms,TECTONIC
2157,2025-10-14 17:23:59+00:00,7.29,127.18,20,4.9,071 km N 83° E of Manay (Davao Oriental),Mw,TECTONIC
2158,2025-10-14 17:15:03+00:00,11.15,123.97,29,2.0,011 km N 04° W of City Of Bogo (Cebu),Ms,TECTONIC
2159,2025-10-14 17:11:50+00:00,7.52,126.68,23,3.2,037 km N 24° E of Manay (Davao Oriental),Ms,TECTONIC
2160,2025-10-14 16:54:45+00:00,11.19,123.98,29,1.8,016 km N 01° W of City Of Bogo (Cebu),Ms,TECTONIC
2161,2025-10-14 16:48:32+00:00,11.05,124.06,6,2.1,009 km N 85° E of City Of Bogo (Cebu),Ms,TECTONIC
2162,2025-10-14 16:30:24+00:00,10.86,125.31,2,2.0,029 km S 17° W of Balangiga (Eastern Samar),Ms,TECTONIC
2163,2025-10-14 16:30:08+00:00,7.39,126.7,10,2.2,026 km N 41° E of Manay (Davao Oriental),Ms,TECTONIC
2164,2025-10-14 16:25:35+00:00,11.04,124.05,18,2.1,008 km S 88° E of City Of Bogo (Cebu),Ms,TECTONIC
2165,2025-10-14 16:21:05+00:00,7.27,126.89,13,2.3,039 km N 80° E of Manay (Davao Oriental),Ms,TECTONIC
2166,2025-10-14 16:18:15+00:00,7.25,126.8,33,4.1,029 km N 81° E of Manay (Davao Oriental),Mw,TECTONIC
2167,2025-10-14 16:08:32+00:00,7.44,127.49,14,2.9,108 km N 77° E of Manay (Davao Oriental),Ms,TECTONIC
2168,2025-10-14 16:04:18+00:00,10.81,125.49,45,2.4,036 km S 46° W of Guiuan (Eastern Samar),Ms,TECTONIC
2169,2025-10-14 16:00:58+00:00,7.37,126.85,7,4.2,039 km N 63° E of Manay (Davao Oriental),Ms,TECTONIC
2170,2025-10-14 15:50:39+00:00,7.29,126.64,26,1.9,020 km N 66° E of Manay (Davao Oriental),Ms,TECTONIC
2171,2025-10-14 15:48:00+00:00,10.97,123.96,23,2.3,009 km S 12° W of City Of Bogo (Cebu),Ms,TECTONIC
2172,2025-10-14 15:45:59+00:00,11.06,124.02,14,2.4,005 km N 75° E of City Of Bogo (Cebu),Ms,TECTONIC
2173,2025-10-14 15:43:08+00:00,11.05,123.95,17,2.4,003 km N 77° W of City Of Bogo (Cebu),Ms,TECTONIC
2174,2025-10-14 15:42:40+00:00,19.09,121.22,4,2.3,003 km S 44° E of Dalupiri Island (Calayan) (Cagayan),Ms,TECTONIC
2175,2025-10-14 15:34:47+00:00,11.19,124.03,33,2.3,017 km N 21° E of City Of Bogo (Cebu),Ms,TECTONIC
2176,2025-10-14 15:30:22+00:00,11.18,124.15,7,2.4,024 km N 51° E of City Of Bogo (Cebu),Ms,TECTONIC
2177,2025-10-14 15:22:51+00:00,11.11,124.02,34,2.1,008 km N 32° E of City Of Bogo (Cebu),Ms,TECTONIC
2178,2025-10-14 15:21:19+00:00,10.94,123.92,18,2.1,013 km S 30° W of City Of Bogo (Cebu),Ms,TECTONIC
2179,2025-10-14 15:13:41+00:00,11.17,123.97,9,2.2,014 km N 04° W of City Of Bogo (Cebu),Ms,TECTONIC
2180,2025-10-14 14:49:22+00:00,15.99,119.99,47,1.9,011 km S 32° E of Mabini (Pangasinan),Ms,TECTONIC
2181,2025-10-14 14:46:45+00:00,20.06,121.37,32,2.9,061 km S 60° W of Sabtang (Batanes),Ms,TECTONIC
2182,2025-10-14 14:33:16+00:00,9.84,126.12,33,1.8,007 km N 32° W of General Luna (Surigao Del Norte),Ms,TECTONIC
2183,2025-10-14 14:31:46+00:00,13.69,120.61,123,1.6,016 km S 07° W of Calatagan (Batangas),Ms,TECTONIC
2184,2025-10-14 14:23:14+00:00,8.06,125.95,32,1.6,002 km S 34° W of Veruela (Agusan Del Sur),Ms,TECTONIC
2185,2025-10-14 14:19:16+00:00,11.02,124.05,19,2.1,008 km S 68° E of City Of Bogo (Cebu),Ms,TECTONIC
2186,2025-10-14 14:15:12+00:00,6.74,126.68,25,2.7,054 km S 17° E of Manay (Davao Oriental),Ms,TECTONIC
2187,2025-10-14 14:14:24+00:00,11.02,124.01,11,2.3,004 km S 49° E of City Of Bogo (Cebu),Ms,TECTONIC
2188,2025-10-14 14:08:56+00:00,10.74,125.23,34,1.9,024 km S 89° E of Abuyog (Leyte),Ms,TECTONIC
2189,2025-10-14 14:03:15+00:00,11.02,123.93,25,2.6,006 km S 61° W of City Of Bogo (Cebu),Ms,TECTONIC
2190,2025-10-14 14:01:55+00:00,10.94,123.96,6,2.6,012 km S 06° W of City Of Bogo (Cebu),Ms,TECTONIC
2191,2025-10-14 13:56:29+00:00,7.02,127.44,63,2.8,099 km S 79° E of Manay (Davao Oriental),Ms,TECTONIC
2192,2025-10-14 13:54:49+00:00,7.15,126.69,18,2.5,018 km S 69° E of Manay (Davao Oriental),Ms,TECTONIC
2193,2025-10-14 13:50:04+00:00,10.93,123.96,7,2.9,013 km S 10° W of City Of Bogo (Cebu),Ms,TECTONIC
2194,2025-10-14 13:42:19+00:00,7.21,126.69,24,2.1,016 km N 88° E of Manay (Davao Oriental),Ms,TECTONIC
2195,2025-10-14 13:41:57+00:00,10.87,125.24,13,1.9,024 km S 69° E of Dulag (Leyte),Ms,TECTONIC
2196,2025-10-14 13:40:42+00:00,10.91,123.94,6,2.6,016 km S 17° W of City Of Bogo (Cebu),Ms,TECTONIC
2197,2025-10-14 13:33:25+00:00,7.48,126.88,15,2.0,048 km N 51° E of Manay (Davao Oriental),Ms,TECTONIC
2198,2025-10-14 13:29:51+00:00,9.76,126.17,19,2.2,003 km S 39° E of General Luna (Surigao Del Norte),Ms,TECTONIC
2199,2025-10-14 13:29:51+00:00,9.76,126.17,19,2.2,003 km S 39° E of General Luna (Surigao Del Norte),Ms,TECTONIC
2200,2025-10-14 13:16:55+00:00,10.95,123.95,34,2.0,011 km S 19° W of City Of Bogo (Cebu),Ms,TECTONIC
2201,2025-10-14 13:15:17+00:00,5.69,125.51,139,1.8,025 km N 10° E of Sarangani Island (Municipality Of Sarangani) (Davao Occidental),Ms,TECTONIC
2202,2025-10-14 13:08:43+00:00,12.86,124.89,22,2.2,033 km N 06° W of Pambujan (Northern Samar),Ms,TECTONIC
2203,2025-10-14 13:04:27+00:00,7.25,126.7,20,1.8,019 km N 77° E of Manay (Davao Oriental),Ms,TECTONIC
2204,2025-10-14 13:01:11+00:00,11.0,124.02,33,2.2,007 km S 45° E of City Of Bogo (Cebu),Ms,TECTONIC
2205,2025-10-14 12:51:41+00:00,7.34,126.7,21,2.3,023 km N 51° E of Manay (Davao Oriental),Ms,TECTONIC
2206,2025-10-14 12:48:06+00:00,11.22,124.21,6,2.2,032 km N 52° E of City Of Bogo (Cebu),Ms,TECTONIC
2207,2025-10-14 12:46:14+00:00,11.01,123.98,33,2.0,004 km S 03° W of City Of Bogo (Cebu),Ms,TECTONIC
2208,2025-10-14 12:43:03+00:00,7.32,126.88,13,2.4,039 km N 73° E of Manay (Davao Oriental),Ms,TECTONIC
2209,2025-10-14 12:24:56+00:00,11.02,124.04,33,1.7,007 km S 66° E of City Of Bogo (Cebu),Ms,TECTONIC
2210,2025-10-14 12:21:16+00:00,7.19,126.66,12,2.9,014 km S 79° E of Manay (Davao Oriental),Ms,TECTONIC
2211,2025-10-14 12:19:43+00:00,11.15,124.17,6,3.0,024 km N 61° E of City Of Bogo (Cebu),Ms,TECTONIC
2212,2025-10-14 12:09:20+00:00,13.77,120.57,78,1.9,009 km S 43° W of Calatagan (Batangas),Ms,TECTONIC
2213,2025-10-14 12:06:36+00:00,11.03,124.01,33,2.2,004 km S 60° E of City Of Bogo (Cebu),Ms,TECTONIC
2214,2025-10-14 12:03:20+00:00,11.04,124.01,33,2.0,004 km S 86° E of City Of Bogo (Cebu),Ms,TECTONIC
2215,2025-10-14 11:31:12+00:00,11.2,124.04,29,1.9,019 km N 22° E of City Of Bogo (Cebu),Ms,TECTONIC
2216,2025-10-14 11:15:32+00:00,10.96,123.94,7,2.5,010 km S 23° W of City Of Bogo (Cebu),Ms,TECTONIC
2217,2025-10-14 11:11:34+00:00,10.92,123.94,5,2.9,015 km S 18° W of City Of Bogo (Cebu),Ms,TECTONIC
2218,2025-10-14 11:00:12+00:00,11.18,124.17,13,2.1,026 km N 54° E of City Of Bogo (Cebu),Ms,TECTONIC
2219,2025-10-14 10:52:47+00:00,6.71,127.26,27,3.5,097 km S 55° E of Manay (Davao Oriental),Ms,TECTONIC
2220,2025-10-14 10:46:20+00:00,10.82,124.2,23,2.5,035 km S 44° E of City Of Bogo (Cebu),Ms,TECTONIC
2221,2025-10-14 10:40:37+00:00,11.04,124.1,7,2.3,013 km S 87° E of City Of Bogo (Cebu),Ms,TECTONIC
2222,2025-10-14 10:29:02+00:00,10.9,123.91,1,2.8,017 km S 26° W of City Of Bogo (Cebu),Ms,TECTONIC
2223,2025-10-14 10:28:28+00:00,11.1,124.04,17,1.6,009 km N 47° E of City Of Bogo (Cebu),Ms,TECTONIC
2224,2025-10-14 10:19:37+00:00,11.18,123.98,35,2.3,015 km N 01° E of City Of Bogo (Cebu),Ms,TECTONIC
2225,2025-10-14 10:12:56+00:00,5.74,127.1,145,4.0,152 km S 48° E of Governor Generoso (Davao Oriental),Ms,TECTONIC
2226,2025-10-14 09:57:41+00:00,10.98,123.85,18,2.4,016 km S 65° W of City Of Bogo (Cebu),Ms,TECTONIC
2227,2025-10-14 09:32:20+00:00,13.72,120.61,110,1.9,013 km S 12° W of Calatagan (Batangas),Ms,TECTONIC
2228,2025-10-14 09:24:55+00:00,10.98,123.99,24,2.7,007 km S 13° E of City Of Bogo (Cebu),Ms,TECTONIC
2229,2025-10-14 09:11:11+00:00,7.18,127.02,5,3.0,053 km S 86° E of Manay (Davao Oriental),Ms,TECTONIC
2230,2025-10-14 08:58:34+00:00,7.02,126.9,22,4.5,045 km S 62° E of Manay (Davao Oriental),Mw,TECTONIC
2231,2025-10-14 08:17:56+00:00,7.12,126.87,20,3.0,038 km S 74° E of Manay (Davao Oriental),Ms,TECTONIC
2232,2025-10-14 08:10:47+00:00,12.48,124.63,24,1.7,003 km S 24° W of Catarman (Northern Samar),Ms,TECTONIC
2233,2025-10-14 08:06:29+00:00,7.46,127.26,26,2.5,078 km S 81° E of Baganga (Davao Oriental),Ms,TECTONIC
2234,2025-10-14 07:49:19+00:00,7.23,126.8,27,2.5,028 km N 86° E of Manay (Davao Oriental),Ms,TECTONIC
2235,2025-10-14 07:47:48+00:00,10.82,125.27,12,2.4,030 km N 75° E of Abuyog (Leyte),Ms,TECTONIC
2236,2025-10-14 07:46:12+00:00,7.24,126.92,22,2.0,042 km N 85° E of Manay (Davao Oriental),Ms,TECTONIC
2237,2025-10-14 07:44:05+00:00,7.35,127.06,14,2.7,060 km N 75° E of Manay (Davao Oriental),Ms,TECTONIC
2238,2025-10-14 07:29:04+00:00,7.12,126.77,27,2.9,027 km S 68° E of Manay (Davao Oriental),Ms,TECTONIC
2239,2025-10-14 07:28:49+00:00,11.09,124.07,33,1.3,011 km N 67° E of City Of Bogo (Cebu),Ms,TECTONIC
2240,2025-10-14 07:10:41+00:00,6.22,127.32,13,3.0,139 km S 38° E of Manay (Davao Oriental),Ms,TECTONIC
2241,2025-10-14 07:07:01+00:00,7.41,127.0,19,2.7,056 km N 67° E of Manay (Davao Oriental),Ms,TECTONIC
2242,2025-10-14 07:00:38+00:00,7.21,125.91,11,2.4,009 km N 09° E of Pantukan (Davao De Oro),Ms,TECTONIC
2243,2025-10-14 06:55:28+00:00,11.11,124.1,7,2.0,015 km N 61° E of City Of Bogo (Cebu),Ms,TECTONIC
2244,2025-10-14 06:49:45+00:00,11.05,123.93,1,1.5,006 km N 86° W of City Of Bogo (Cebu),Ms,TECTONIC
2245,2025-10-14 06:36:16+00:00,7.33,126.82,27,2.6,034 km N 67° E of Manay (Davao Oriental),Ms,TECTONIC
2246,2025-10-14 06:31:09+00:00,11.12,124.07,31,1.8,013 km N 49° E of City Of Bogo (Cebu),Ms,TECTONIC
2247,2025-10-14 06:28:28+00:00,7.27,127.22,45,2.6,076 km N 85° E of Manay (Davao Oriental),Ms,TECTONIC
2248,2025-10-14 06:03:12+00:00,7.38,126.89,28,2.0,043 km N 64° E of Manay (Davao Oriental),Ms,TECTONIC
2249,2025-10-14 05:44:47+00:00,10.99,124.1,32,1.9,015 km S 64° E of City Of Bogo (Cebu),Ms,TECTONIC
2250,2025-10-14 05:39:33+00:00,11.12,124.16,8,2.7,022 km N 69° E of City Of Bogo (Cebu),Ms,TECTONIC
2251,2025-10-14 05:28:04+00:00,13.07,124.12,105,3.6,009 km N 67° W of Prieto Diaz (Sorsogon),Ms,TECTONIC
2252,2025-10-14 05:19:25+00:00,7.17,127.02,21,3.3,053 km S 85° E of Manay (Davao Oriental),Ms,TECTONIC
2253,2025-10-14 05:16:07+00:00,11.15,124.02,33,1.5,012 km N 22° E of City Of Bogo (Cebu),Ms,TECTONIC
2254,2025-10-14 04:59:11+00:00,7.2,126.62,6,2.1,009 km S 82° E of Manay (Davao Oriental),Ms,TECTONIC
2255,2025-10-14 04:44:08+00:00,7.4,126.98,15,3.2,053 km N 66° E of Manay (Davao Oriental),Ms,TECTONIC
2256,2025-10-14 04:31:16+00:00,11.06,124.03,33,2.1,006 km N 76° E of City Of Bogo (Cebu),Ms,TECTONIC
2257,2025-10-14 04:22:41+00:00,7.4,127.09,12,2.7,065 km N 71° E of Manay (Davao Oriental),Ms,TECTONIC
2258,2025-10-14 04:10:11+00:00,11.06,123.98,31,1.7,002 km N 12° W of City Of Bogo (Cebu),Ms,TECTONIC
2259,2025-10-14 04:06:46+00:00,7.42,127.21,19,4.1,078 km N 73° E of Manay (Davao Oriental),Ms,TECTONIC
2260,2025-10-14 04:00:32+00:00,7.27,127.38,15,3.2,093 km N 86° E of Manay (Davao Oriental),Ms,TECTONIC
2261,2025-10-14 03:55:20+00:00,18.33,122.19,9,2.6,015 km S 19° E of Santa Ana (Cagayan),Ms,TECTONIC
2262,2025-10-14 03:49:45+00:00,7.42,127.07,12,2.5,062 km N 69° E of Manay (Davao Oriental),Ms,TECTONIC
2263,2025-10-14 03:40:42+00:00,7.36,127.25,17,2.2,080 km N 78° E of Manay (Davao Oriental),Ms,TECTONIC
2264,2025-10-14 03:24:04+00:00,10.85,123.92,11,2.4,022 km S 17° W of City Of Bogo (Cebu),Ms,TECTONIC
2265,2025-10-14 03:18:10+00:00,11.08,124.04,33,1.7,008 km N 64° E of City Of Bogo (Cebu),Ms,TECTONIC
2266,2025-10-14 03:10:04+00:00,11.27,124.01,5,2.3,024 km N 07° E of City Of Bogo (Cebu),Ms,TECTONIC
2267,2025-10-14 02:54:29+00:00,13.58,120.67,130,2.2,016 km N 21° W of Abra De Ilog (Occidental Mindoro),Ms,TECTONIC
2268,2025-10-14 02:51:20+00:00,7.4,127.22,24,4.1,079 km N 74° E of Manay (Davao Oriental),Ms,TECTONIC
2269,2025-10-14 02:47:36+00:00,7.41,127.24,15,3.0,081 km N 75° E of Manay (Davao Oriental),Ms,TECTONIC
2270,2025-10-14 02:45:33+00:00,7.37,127.04,15,3.0,058 km N 72° E of Manay (Davao Oriental),Ms,TECTONIC
2271,2025-10-14 02:45:28+00:00,10.9,123.92,7,3.7,017 km S 22° W of City Of Bogo (Cebu),Ms,TECTONIC
2272,2025-10-14 02:39:05+00:00,7.38,126.79,27,4.9,033 km N 56° E of Manay (Davao Oriental),Mw,TECTONIC
2273,2025-10-14 02:35:15+00:00,7.37,127.4,26,2.9,097 km N 80° E of Manay (Davao Oriental),Ms,TECTONIC
2274,2025-10-14 02:33:14+00:00,7.49,127.18,24,2.9,069 km S 82° E of Baganga (Davao Oriental),Ms,TECTONIC
2275,2025-10-14 02:19:53+00:00,7.33,127.35,13,4.7,090 km N 82° E of Manay (Davao Oriental),Mw,TECTONIC
2276,2025-10-14 02:09:54+00:00,7.38,127.22,16,3.7,078 km N 76° E of Manay (Davao Oriental),Ms,TECTONIC
2277,2025-10-14 02:05:24+00:00,10.93,123.94,2,3.7,013 km S 17° W of City Of Bogo (Cebu),Ms,TECTONIC
2278,2025-10-14 02:00:11+00:00,7.47,127.05,18,5.6,063 km N 63° E of Manay (Davao Oriental),Mw,TECTONIC
2279,2025-10-14 01:57:42+00:00,7.34,126.73,24,3.3,026 km N 55° E of Manay (Davao Oriental),Ms,TECTONIC
2280,2025-10-14 01:51:54+00:00,7.01,126.59,22,2.1,023 km S 15° E of Manay (Davao Oriental),Ms,TECTONIC
2281,2025-10-14 01:48:35+00:00,7.21,126.54,26,2.0,001 km S 53° E of Manay (Davao Oriental),Ms,TECTONIC
2282,2025-10-14 01:32:20+00:00,11.18,123.91,29,2.5,016 km N 29° W of City Of Bogo (Cebu),Ms,TECTONIC
2283,2025-10-14 01:29:12+00:00,6.35,127.31,30,3.1,128 km S 42° E of Manay (Davao Oriental),Ms,TECTONIC
2284,2025-10-14 01:23:18+00:00,11.04,124.0,17,2.2,002 km S 60° E of City Of Bogo (Cebu),Ms,TECTONIC
2285,2025-10-14 00:44:26+00:00,10.86,123.96,1,3.9,021 km S 05° W of City Of Bogo (Cebu),Ms,TECTONIC
2286,2025-10-14 00:36:44+00:00,11.07,124.06,40,2.3,009 km N 74° E of City Of Bogo (Cebu),Ms,TECTONIC
2287,2025-10-14 00:30:08+00:00,7.07,127.03,16,3.8,057 km S 74° E of Manay (Davao Oriental),Ms,TECTONIC
2288,2025-10-14 00:21:33+00:00,10.9,123.96,1,3.8,016 km S 07° W of City Of Bogo (Cebu),Ms,TECTONIC
2289,2025-10-14 00:19:45+00:00,11.1,124.04,8,2.1,009 km N 48° E of City Of Bogo (Cebu),Ms,TECTONIC
2290,2025-10-14 00:05:28+00:00,6.88,126.16,4,2.0,010 km S 35° W of City Of Mati (Davao Oriental),Ms,TECTONIC
2291,2025-10-14 00:03:29+00:00,6.41,126.77,7,2.4,092 km S 16° E of Manay (Davao Oriental),Ms,TECTONIC
2292,2025-10-14 00:00:59+00:00,11.11,124.09,2,2.2,014 km N 62° E of City Of Bogo (Cebu),Ms,TECTONIC
2293,2025-10-13 23:45:07+00:00,6.96,126.76,30,3.0,037 km S 41° E of Manay (Davao Oriental),Ms,TECTONIC
2294,2025-10-13 23:42:38+00:00,6.96,126.99,13,2.6,057 km S 61° E of Manay (Davao Oriental),Ms,TECTONIC
2295,2025-10-13 23:30:55+00:00,7.2,126.79,22,2.1,028 km S 87° E of Manay (Davao Oriental),Ms,TECTONIC
2296,2025-10-13 23:20:28+00:00,7.38,126.86,8,2.8,040 km N 63° E of Manay (Davao Oriental),Ms,TECTONIC
2297,2025-10-13 23:11:57+00:00,10.89,123.87,1,1.8,021 km S 35° W of City Of Bogo (Cebu),Ms,TECTONIC
2298,2025-10-13 23:00:36+00:00,8.86,126.43,23,2.2,016 km S 67° E of Cagwait (Surigao Del Sur),Ms,TECTONIC
2299,2025-10-13 22:58:20+00:00,11.09,123.96,35,1.8,005 km N 30° W of City Of Bogo (Cebu),Ms,TECTONIC
2300,2025-10-13 22:39:41+00:00,7.64,126.56,28,2.0,007 km N 02° W of Baganga (Davao Oriental),Ms,TECTONIC
2301,2025-10-13 22:34:17+00:00,11.22,124.07,32,1.6,021 km N 27° E of City Of Bogo (Cebu),Ms,TECTONIC
2302,2025-10-13 22:30:14+00:00,8.87,126.5,24,3.3,023 km S 77° E of Cagwait (Surigao Del Sur),Ms,TECTONIC
2303,2025-10-13 22:25:44+00:00,5.11,126.2,93,2.8,091 km S 63° E of Sarangani Island (Municipality Of Sarangani) (Davao Occidental),Ms,TECTONIC
2304,2025-10-13 22:12:28+00:00,9.08,126.4,23,3.2,021 km N 32° E of Cagwait (Surigao Del Sur),Ms,TECTONIC
2305,2025-10-13 22:11:28+00:00,14.07,120.41,130,3.2,024 km S 90° W of Nasugbu (Batangas),Ms,TECTONIC
2306,2025-10-13 22:10:25+00:00,11.12,124.03,29,1.8,010 km N 33° E of City Of Bogo (Cebu),Ms,TECTONIC
2307,2025-10-13 21:46:50+00:00,11.12,123.97,9,2.3,008 km N 08° W of City Of Bogo (Cebu),Ms,TECTONIC
2308,2025-10-13 21:31:18+00:00,11.12,124.05,27,1.8,011 km N 43° E of City Of Bogo (Cebu),Ms,TECTONIC
2309,2025-10-13 21:30:33+00:00,6.97,126.76,21,2.3,036 km S 43° E of Manay (Davao Oriental),Ms,TECTONIC
2310,2025-10-13 21:21:05+00:00,10.23,125.91,15,2.8,027 km N 30° W of Santa Monica (Surigao Del Norte),Ms,TECTONIC
2311,2025-10-13 21:12:58+00:00,11.87,125.79,6,3.2,037 km N 81° E of Sulat (Eastern Samar),Ms,TECTONIC
2312,2025-10-13 21:08:46+00:00,7.33,126.8,18,3.2,032 km N 67° E of Manay (Davao Oriental),Ms,TECTONIC
2313,2025-10-13 21:05:18+00:00,10.87,123.9,2,2.2,021 km S 25° W of City Of Bogo (Cebu),Ms,TECTONIC
2314,2025-10-13 21:04:52+00:00,7.48,126.09,3,3.5,009 km S 37° W of New Bataan (Davao De Oro),Ms,TECTONIC
2315,2025-10-13 21:02:52+00:00,11.04,124.0,28,1.8,006 km N 36° E of City Of Bogo (Cebu),Ms,TECTONIC
2316,2025-10-13 20:45:21+00:00,7.3,126.7,10,2.4,024 km N 60° E of Manay (Davao Oriental),Ms,TECTONIC
2317,2025-10-13 20:43:29+00:00,7.12,126.84,21,2.7,035 km S 74° E of Manay (Davao Oriental),Ms,TECTONIC
2318,2025-10-13 20:42:00+00:00,11.03,124.01,15,2.0,004 km S 65° E of City Of Bogo (Cebu),Ms,TECTONIC
2319,2025-10-13 20:36:06+00:00,7.72,126.85,10,3.4,066 km N 31° E of Manay (Davao Oriental),Ms,TECTONIC
2320,2025-10-13 20:30:48+00:00,7.47,127.21,25,2.2,080 km N 69° E of Manay (Davao Oriental),Ms,TECTONIC
2321,2025-10-13 20:11:11+00:00,11.03,124.04,9,2.1,007 km S 79° E of City Of Bogo (Cebu),Ms,TECTONIC
2322,2025-10-13 20:08:39+00:00,7.05,127.01,13,2.4,054 km S 71° E of Manay (Davao Oriental),Ms,TECTONIC
2323,2025-10-13 19:55:21+00:00,7.18,126.8,12,2.3,029 km S 84° E of Manay (Davao Oriental),Ms,TECTONIC
2324,2025-10-13 19:52:50+00:00,7.04,126.92,13,2.4,046 km S 66° E of Manay (Davao Oriental),Ms,TECTONIC
2325,2025-10-13 19:47:23+00:00,14.5,120.42,101,2.0,010 km N 45° W of Mariveles (Bataan),Ms,TECTONIC
2326,2025-10-13 19:38:11+00:00,11.15,124.19,1,1.8,026 km N 62° E of City Of Bogo (Cebu),Ms,TECTONIC
2327,2025-10-13 19:33:55+00:00,9.97,126.3,28,2.8,023 km N 82° E of San Isidro (Surigao Del Norte),Ms,TECTONIC
2328,2025-10-13 19:26:28+00:00,10.86,123.93,2,2.2,021 km S 16° W of City Of Bogo (Cebu),Ms,TECTONIC
2329,2025-10-13 19:20:06+00:00,8.73,126.95,3,3.4,075 km S 73° E of Cagwait (Surigao Del Sur),Ms,TECTONIC
2330,2025-10-13 19:18:44+00:00,11.17,124.02,32,1.7,015 km N 18° E of City Of Bogo (Cebu),Ms,TECTONIC
2331,2025-10-13 19:18:09+00:00,7.29,126.69,24,2.3,019 km N 63° E of Manay (Davao Oriental),Ms,TECTONIC
2332,2025-10-13 19:11:20+00:00,12.83,123.45,34,1.7,017 km S 62° W of Donsol (Sorsogon),Ms,TECTONIC
2333,2025-10-13 19:06:49+00:00,7.16,126.67,19,1.8,016 km S 69° E of Manay (Davao Oriental),Ms,TECTONIC
2334,2025-10-13 19:04:44+00:00,10.97,123.94,4,2.1,009 km S 29° W of City Of Bogo (Cebu),Ms,TECTONIC
2335,2025-10-13 19:01:09+00:00,7.34,127.26,31,2.1,081 km N 80° E of Manay (Davao Oriental),Ms,TECTONIC
2336,2025-10-13 18:58:31+00:00,12.48,125.36,34,2.3,011 km N 89° E of Mapanas (Northern Samar),Ms,TECTONIC
2337,2025-10-13 18:58:04+00:00,7.18,126.97,6,2.8,048 km S 85° E of Manay (Davao Oriental),Ms,TECTONIC
2338,2025-10-13 18:54:42+00:00,11.1,123.94,32,2.0,007 km N 40° W of City Of Bogo (Cebu),Ms,TECTONIC
2339,2025-10-13 18:49:01+00:00,11.02,124.09,4,2.2,012 km S 79° E of City Of Bogo (Cebu),Ms,TECTONIC
2340,2025-10-13 18:41:09+00:00,7.13,127.1,27,2.0,063 km S 82° E of Manay (Davao Oriental),Ms,TECTONIC
2341,2025-10-13 18:38:40+00:00,11.25,124.29,5,1.8,011 km S 53° W of Tabango (Leyte),Ms,TECTONIC
2342,2025-10-13 18:37:58+00:00,7.3,126.54,1,2.0,010 km North of Manay (Davao Oriental),Ms,TECTONIC
2343,2025-10-13 18:34:17+00:00,8.92,126.5,24,2.0,022 km N 89° E of Cagwait (Surigao Del Sur),Ms,TECTONIC
2344,2025-10-13 18:33:40+00:00,10.95,123.92,9,2.0,013 km S 29° W of City Of Bogo (Cebu),Ms,TECTONIC
2345,2025-10-13 18:29:07+00:00,11.15,124.1,32,2.0,018 km N 48° E of City Of Bogo (Cebu),Ms,TECTONIC
2346,2025-10-13 18:14:42+00:00,8.86,126.52,23,1.9,025 km S 75° E of Cagwait (Surigao Del Sur),Ms,TECTONIC
2347,2025-10-13 18:12:21+00:00,7.27,126.81,33,1.9,031 km N 77° E of Manay (Davao Oriental),Ms,TECTONIC
2348,2025-10-13 18:01:29+00:00,11.18,124.15,2,1.9,023 km N 51° E of City Of Bogo (Cebu),Ms,TECTONIC
2349,2025-10-13 17:56:23+00:00,11.06,123.67,9,2.0,034 km N 88° W of City Of Bogo (Cebu),Ms,TECTONIC
2350,2025-10-13 17:44:52+00:00,8.97,126.42,29,3.0,014 km N 69° E of Cagwait (Surigao Del Sur),Ms,TECTONIC
2351,2025-10-13 17:38:04+00:00,11.25,123.91,32,3.1,023 km N 19° W of City Of Bogo (Cebu),Ms,TECTONIC
2352,2025-10-13 17:36:05+00:00,11.07,124.03,8,2.4,006 km N 59° E of City Of Bogo (Cebu),Ms,TECTONIC
2353,2025-10-13 17:35:39+00:00,7.37,126.9,12,3.9,044 km N 66° E of Manay (Davao Oriental),Ms,TECTONIC
2354,2025-10-13 17:23:16+00:00,11.32,123.98,6,2.2,030 km N 01° E of City Of Bogo (Cebu),Ms,TECTONIC
2355,2025-10-13 17:18:43+00:00,7.04,127.02,4,4.3,057 km S 70° E of Manay (Davao Oriental),Ms,TECTONIC
2356,2025-10-13 17:17:17+00:00,11.22,124.26,34,2.6,015 km S 52° W of Tabango (Leyte),Ms,TECTONIC
2357,2025-10-13 17:15:49+00:00,7.42,126.56,34,2.4,023 km N 06° E of Manay (Davao Oriental),Ms,TECTONIC
2358,2025-10-13 17:11:08+00:00,11.03,124.02,22,1.8,005 km S 73° E of City Of Bogo (Cebu),Ms,TECTONIC
2359,2025-10-13 17:08:21+00:00,7.06,127.03,20,4.2,057 km S 73° E of Manay (Davao Oriental),Ms,TECTONIC
2360,2025-10-13 17:04:07+00:00,11.12,123.94,18,1.9,010 km N 27° W of City Of Bogo (Cebu),Ms,TECTONIC
2361,2025-10-13 17:00:38+00:00,7.54,127.35,17,2.7,087 km S 87° E of Baganga (Davao Oriental),Ms,TECTONIC
2362,2025-10-13 16:57:08+00:00,11.13,124.04,22,1.6,011 km N 36° E of City Of Bogo (Cebu),Ms,TECTONIC
2363,2025-10-13 16:51:10+00:00,13.65,120.29,13,2.2,009 km S 32° E of Looc (Occidental Mindoro),Ms,TECTONIC
2364,2025-10-13 16:50:12+00:00,11.16,123.98,31,1.7,013 km N 01° W of City Of Bogo (Cebu),Ms,TECTONIC
2365,2025-10-13 16:42:10+00:00,7.62,126.0,33,1.7,004 km N 57° E of Nabunturan (Davao De Oro),Ms,TECTONIC
2366,2025-10-13 16:36:43+00:00,10.89,124.0,2,3.3,017 km S 08° E of City Of Bogo (Cebu),Ms,TECTONIC
2367,2025-10-13 16:31:21+00:00,11.17,123.97,31,1.7,014 km N 04° W of City Of Bogo (Cebu),Ms,TECTONIC
2368,2025-10-13 16:29:45+00:00,9.02,126.2,47,1.8,015 km N 45° W of Cagwait (Surigao Del Sur),Ms,TECTONIC
2369,2025-10-13 16:16:34+00:00,14.01,120.5,75,2.0,016 km S 64° W of Nasugbu (Batangas),Ms,TECTONIC
2370,2025-10-13 16:13:07+00:00,11.16,124.12,3,2.4,020 km N 49° E of City Of Bogo (Cebu),Ms,TECTONIC
2371,2025-10-13 16:05:32+00:00,11.02,123.96,21,1.7,004 km S 43° W of City Of Bogo (Cebu),Ms,TECTONIC
2372,2025-10-13 16:03:47+00:00,11.18,124.01,18,1.6,015 km N 11° E of City Of Bogo (Cebu),Ms,TECTONIC
2373,2025-10-13 16:04:36+00:00,8.88,126.27,37,1.4,005 km S 42° W of Cagwait (Surigao Del Sur),Ms,TECTONIC
2374,2025-10-13 16:01:19+00:00,9.98,125.59,35,1.4,003 km N 30° W of Dinagat (Dinagat Islands),Ms,TECTONIC
2375,2025-10-13 15:58:19+00:00,7.2,127.11,3,3.5,063 km S 89° E of Manay (Davao Oriental),Ms,TECTONIC
2376,2025-10-13 15:52:25+00:00,10.83,121.79,11,2.2,019 km S 89° W of Belison (Antique),Ms,TECTONIC
2377,2025-10-13 15:48:00+00:00,11.13,124.06,30,2.1,013 km N 44° E of City Of Bogo (Cebu),Ms,TECTONIC
2378,2025-10-13 15:45:31+00:00,10.87,123.92,3,2.0,020 km S 19° W of City Of Bogo (Cebu),Ms,TECTONIC
2379,2025-10-13 15:40:46+00:00,11.04,124.1,21,2.5,013 km S 88° E of City Of Bogo (Cebu),Ms,TECTONIC
2380,2025-10-13 15:39:37+00:00,8.87,126.42,29,3.0,014 km S 69° E of Cagwait (Surigao Del Sur),Ms,TECTONIC
2381,2025-10-13 15:24:12+00:00,11.15,123.99,9,1.7,011 km N 06° E of City Of Bogo (Cebu),Ms,TECTONIC
2382,2025-10-13 15:16:25+00:00,7.34,126.7,11,2.1,023 km N 52° E of Manay (Davao Oriental),Ms,TECTONIC
2383,2025-10-13 15:13:02+00:00,7.27,127.06,17,2.3,057 km N 84° E of Manay (Davao Oriental),Ms,TECTONIC
2384,2025-10-13 15:10:35+00:00,11.12,124.08,33,1.9,014 km N 56° E of City Of Bogo (Cebu),Ms,TECTONIC
2385,2025-10-13 15:06:33+00:00,11.02,123.98,35,2.0,003 km S 07° E of City Of Bogo (Cebu),Ms,TECTONIC
2386,2025-10-13 14:52:15+00:00,10.97,123.99,31,2.0,009 km S 07° E of City Of Bogo (Cebu),Ms,TECTONIC
2387,2025-10-13 14:46:42+00:00,11.08,124.04,29,2.1,008 km N 58° E of City Of Bogo (Cebu),Ms,TECTONIC
2388,2025-10-13 14:38:39+00:00,7.94,127.34,81,2.4,095 km N 65° E of Baganga (Davao Oriental),Ms,TECTONIC
2389,2025-10-13 14:35:40+00:00,7.12,125.96,41,1.9,007 km S 84° E of Pantukan (Davao De Oro),Ms,TECTONIC
2390,2025-10-13 14:35:18+00:00,7.95,126.22,7,1.5,019 km N 62° W of Boston (Davao Oriental),Ms,TECTONIC
2391,2025-10-13 14:35:18+00:00,11.89,125.39,32,2.0,004 km S 68° W of Taft (Eastern Samar),Ms,TECTONIC
2392,2025-10-13 14:25:45+00:00,11.0,124.06,2,2.0,010 km S 60° E of City Of Bogo (Cebu),Ms,TECTONIC
2393,2025-10-13 14:21:46+00:00,11.0,124.05,31,2.3,010 km S 57° E of City Of Bogo (Cebu),Ms,TECTONIC
2394,2025-10-13 14:19:19+00:00,11.01,123.94,6,2.4,006 km S 51° W of City Of Bogo (Cebu),Ms,TECTONIC
2395,2025-10-13 14:16:40+00:00,10.91,124.01,3,2.0,015 km S 12° E of City Of Bogo (Cebu),Ms,TECTONIC
2396,2025-10-13 14:13:10+00:00,11.09,124.02,33,2.0,007 km N 41° E of City Of Bogo (Cebu),Ms,TECTONIC
2397,2025-10-13 14:11:17+00:00,11.01,123.97,5,2.3,004 km S 13° W of City Of Bogo (Cebu),Ms,TECTONIC
2398,2025-10-13 14:09:11+00:00,10.98,123.96,28,2.0,008 km S 18° W of City Of Bogo (Cebu),Ms,TECTONIC
2399,2025-10-13 14:07:55+00:00,7.07,126.72,19,3.3,026 km S 52° E of Manay (Davao Oriental),Ms,TECTONIC
2400,2025-10-13 14:03:09+00:00,13.99,120.5,84,2.0,017 km S 73° W of Lian (Batangas),Ms,TECTONIC
2401,2025-10-13 13:56:24+00:00,9.71,126.25,24,2.8,013 km S 53° E of General Luna (Surigao Del Norte),Ms,TECTONIC
2402,2025-10-13 13:55:08+00:00,12.5,123.54,5,2.1,006 km N 60° E of Baleno (Masbate),Ms,TECTONIC
2403,2025-10-13 13:42:57+00:00,7.38,125.85,34,1.7,001 km N 63° W of Maco (Davao De Oro),Ms,TECTONIC
2404,2025-10-13 13:38:44+00:00,10.88,123.88,13,2.0,021 km S 32° W of City Of Bogo (Cebu),Ms,TECTONIC
2405,2025-10-13 13:34:54+00:00,7.13,126.66,22,3.7,016 km S 55° E of Manay (Davao Oriental),Ms,TECTONIC
2406,2025-10-13 13:22:23+00:00,7.33,126.97,17,3.5,049 km N 75° E of Manay (Davao Oriental),Ms,TECTONIC
2407,2025-10-13 13:22:24+00:00,11.14,123.97,30,2.0,010 km N 04° W of City Of Bogo (Cebu),Ms,TECTONIC
2408,2025-10-13 13:17:00+00:00,10.91,124.0,15,1.6,015 km S 07° E of City Of Bogo (Cebu),Ms,TECTONIC
2409,2025-10-13 13:13:56+00:00,7.23,126.65,7,1.8,013 km N 82° E of Manay (Davao Oriental),Ms,TECTONIC
2410,2025-10-13 13:06:33+00:00,13.61,120.47,19,2.0,021 km N 02° E of Paluan (Occidental Mindoro),Ms,TECTONIC
2411,2025-10-13 13:06:33+00:00,11.07,123.99,6,2.4,003 km N 17° E of City Of Bogo (Cebu),Ms,TECTONIC
2412,2025-10-13 12:59:48+00:00,9.65,126.4,22,2.6,030 km S 60° E of General Luna (Surigao Del Norte),Ms,TECTONIC
2413,2025-10-13 12:53:05+00:00,7.3,126.89,12,2.4,039 km N 76° E of Manay (Davao Oriental),Ms,TECTONIC
2414,2025-10-13 12:51:41+00:00,13.68,120.42,25,1.5,019 km S 75° E of Looc (Occidental Mindoro),Ms,TECTONIC
2415,2025-10-13 12:48:28+00:00,8.65,125.61,53,2.0,006 km S 51° W of Esperanza (Agusan Del Sur),Ms,TECTONIC
2416,2025-10-13 12:36:45+00:00,11.06,124.06,32,2.5,009 km N 82° E of City Of Bogo (Cebu),Ms,TECTONIC
2417,2025-10-13 12:31:12+00:00,7.23,126.85,24,2.3,035 km N 86° E of Manay (Davao Oriental),Ms,TECTONIC
2418,2025-10-13 12:30:03+00:00,14.99,119.9,33,1.5,019 km S 68° W of San Felipe (Zambales),Ms,TECTONIC
2419,2025-10-13 12:27:37+00:00,10.98,123.92,2,3.1,010 km S 39° W of City Of Bogo (Cebu),Ms,TECTONIC
2420,2025-10-13 12:24:51+00:00,7.03,126.99,26,4.2,053 km S 67° E of Manay (Davao Oriental),Ms,TECTONIC
2421,2025-10-13 12:23:00+00:00,11.21,124.15,6,2.5,026 km N 46° E of City Of Bogo (Cebu),Ms,TECTONIC
2422,2025-10-13 12:20:06+00:00,11.21,124.14,7,2.2,025 km N 44° E of City Of Bogo (Cebu),Ms,TECTONIC
2423,2025-10-13 12:18:32+00:00,6.25,127.4,16,3.0,143 km S 42° E of Manay (Davao Oriental),Ms,TECTONIC
2424,2025-10-13 12:10:04+00:00,8.96,126.51,21,2.1,023 km N 79° E of Cagwait (Surigao Del Sur),Ms,TECTONIC
2425,2025-10-13 11:56:00+00:00,10.92,123.94,1,2.0,014 km S 18° W of City Of Bogo (Cebu),Ms,TECTONIC
2426,2025-10-13 11:52:33+00:00,7.27,126.62,23,2.0,009 km S 47° E of Caraga (Davao Oriental),Ms,TECTONIC
2427,2025-10-13 11:49:51+00:00,7.26,126.79,13,2.6,028 km N 79° E of Manay (Davao Oriental),Ms,TECTONIC
2428,2025-10-13 11:47:26+00:00,7.1,127.17,23,3.1,071 km S 80° E of Manay (Davao Oriental),Ms,TECTONIC
2429,2025-10-13 11:45:30+00:00,9.11,126.9,3,2.6,069 km N 77° E of Bayabas (Surigao Del Sur),Ms,TECTONIC
2430,2025-10-13 11:37:37+00:00,10.99,123.93,7,2.2,009 km S 43° W of City Of Bogo (Cebu),Ms,TECTONIC
2431,2025-10-13 11:35:42+00:00,10.85,123.96,1,3.2,022 km S 07° W of City Of Bogo (Cebu),Ms,TECTONIC
2432,2025-10-13 11:27:04+00:00,11.03,123.97,3,2.5,002 km S 15° W of City Of Bogo (Cebu),Ms,TECTONIC
2433,2025-10-13 11:20:27+00:00,11.04,124.11,8,2.1,014 km S 86° E of City Of Bogo (Cebu),Ms,TECTONIC
2434,2025-10-13 10:55:19+00:00,11.28,124.06,33,1.6,028 km N 18° E of City Of Bogo (Cebu),Ms,TECTONIC
2435,2025-10-13 10:49:56+00:00,13.55,120.1,33,1.6,025 km S 41° W of Looc (Occidental Mindoro),Ms,TECTONIC
2436,2025-10-13 10:44:00+00:00,10.39,126.58,16,2.4,069 km N 53° E of Burgos (Surigao Del Norte),Ms,TECTONIC
2437,2025-10-13 10:41:41+00:00,11.07,123.97,27,1.5,002 km N 17° W of City Of Bogo (Cebu),Ms,TECTONIC
2438,2025-10-13 10:31:26+00:00,10.97,124.06,32,1.4,012 km S 46° E of City Of Bogo (Cebu),Ms,TECTONIC
2439,2025-10-13 10:28:45+00:00,11.01,124.01,6,1.8,005 km S 39° E of City Of Bogo (Cebu),Ms,TECTONIC
2440,2025-10-13 10:23:07+00:00,10.07,125.1,31,1.4,007 km N 78° W of San Francisco (Southern Leyte),Ms,TECTONIC
2441,2025-10-13 10:15:55+00:00,11.12,124.04,33,2.0,011 km N 39° E of City Of Bogo (Cebu),Ms,TECTONIC
2442,2025-10-13 10:12:38+00:00,11.03,124.03,7,3.2,006 km S 66° E of City Of Bogo (Cebu),Ms,TECTONIC
2443,2025-10-13 10:01:59+00:00,10.9,123.91,1,2.0,020 km S 27° W of City Of Bogo (Cebu),Ms,TECTONIC
2444,2025-10-13 10:01:59+00:00,11.14,124.16,5,1.9,022 km N 62° E of City Of Bogo (Cebu),Ms,TECTONIC
2445,2025-10-13 09:42:17+00:00,8.12,126.54,31,1.4,017 km N 55° E of Lingig (Surigao Del Sur),Ms,TECTONIC
2446,2025-10-13 09:39:01+00:00,7.36,126.78,2,2.6,031 km N 58° E of Manay (Davao Oriental),Ms,TECTONIC
2447,2025-10-13 09:38:01+00:00,7.27,126.62,20,1.9,011 km N 51° E of Manay (Davao Oriental),Ms,TECTONIC
2448,2025-10-13 09:36:48+00:00,11.06,124.06,34,1.9,009 km N 83° E of City Of Bogo (Cebu),Ms,TECTONIC
2449,2025-10-13 09:07:28+00:00,10.98,123.94,3,2.3,008 km S 30° W of City Of Bogo (Cebu),Ms,TECTONIC
2450,2025-10-13 09:04:08+00:00,10.93,123.99,13,2.1,013 km S 05° E of City Of Bogo (Cebu),Ms,TECTONIC
2451,2025-10-13 08:56:47+00:00,10.95,123.98,1,1.9,011 km S 04° W of City Of Bogo (Cebu),Ms,TECTONIC
2452,2025-10-13 08:47:56+00:00,8.79,126.47,26,1.4,024 km S 53° E of Cagwait (Surigao Del Sur),Ms,TECTONIC
2453,2025-10-13 08:08:19+00:00,6.71,126.62,26,1.9,056 km S 09° E of Manay (Davao Oriental),Ms,TECTONIC
2454,2025-10-13 07:52:22+00:00,16.38,120.85,33,1.7,005 km N 60° W of Kayapa (Nueva Vizcaya),Ms,TECTONIC
2455,2025-10-13 07:31:49+00:00,11.09,123.97,32,2.2,005 km N 19° W of City Of Bogo (Cebu),Ms,TECTONIC
2456,2025-10-13 07:25:57+00:00,11.02,124.04,12,2.6,007 km S 67° E of City Of Bogo (Cebu),Ms,TECTONIC
2457,2025-10-13 07:22:05+00:00,11.25,123.96,33,1.7,022 km N 06° W of City Of Bogo (Cebu),Ms,TECTONIC
2458,2025-10-13 07:12:46+00:00,11.18,124.06,32,2.2,017 km N 33° E of City Of Bogo (Cebu),Ms,TECTONIC
2459,2025-10-13 07:05:20+00:00,13.58,120.89,32,1.8,009 km S 10° E of Tingloy (Batangas),Ms,TECTONIC
2460,2025-10-13 06:44:17+00:00,7.32,126.67,13,2.3,019 km N 50° E of Manay (Davao Oriental),Ms,TECTONIC
2461,2025-10-13 06:07:16+00:00,6.99,127.33,13,2.5,090 km S 75° E of Manay (Davao Oriental),Ms,TECTONIC
2462,2025-10-13 06:06:34+00:00,11.05,124.13,9,2.5,016 km N 90° E of City Of Bogo (Cebu),Ms,TECTONIC
2463,2025-10-13 06:00:50+00:00,11.04,123.94,18,2.4,005 km S 86° W of City Of Bogo (Cebu),Ms,TECTONIC
2464,2025-10-13 05:53:34+00:00,10.43,125.93,34,1.9,040 km N 79° E of Loreto (Dinagat Islands),Ms,TECTONIC
2465,2025-10-13 05:41:51+00:00,7.16,126.65,20,2.5,013 km S 64° E of Manay (Davao Oriental),Ms,TECTONIC
2466,2025-10-13 05:37:54+00:00,11.1,124.0,32,1.2,006 km N 19° E of City Of Bogo (Cebu),Ms,TECTONIC
2467,2025-10-13 05:37:28+00:00,11.15,124.04,30,1.2,014 km N 29° E of City Of Bogo (Cebu),Ms,TECTONIC
2468,2025-10-13 05:31:43+00:00,7.4,126.84,31,3.6,039 km N 57° E of Manay (Davao Oriental),Ms,TECTONIC
2469,2025-10-13 05:08:20+00:00,13.57,120.8,3,3.1,016 km N 28° E of Abra De Ilog (Occidental Mindoro),Ms,TECTONIC
2470,2025-10-13 05:06:10+00:00,11.11,124.0,34,1.7,007 km N 19° E of City Of Bogo (Cebu),Ms,TECTONIC
2471,2025-10-13 04:56:38+00:00,7.27,126.92,34,2.1,043 km N 80° E of Manay (Davao Oriental),Ms,TECTONIC
2472,2025-10-13 04:47:56+00:00,7.31,127.0,18,4.0,052 km N 77° E of Manay (Davao Oriental),Ms,TECTONIC
2473,2025-10-13 04:44:28+00:00,11.07,124.06,35,2.0,010 km N 75° E of City Of Bogo (Cebu),Ms,TECTONIC
2474,2025-10-13 04:38:30+00:00,11.06,123.98,35,1.4,002 km N 14° E of City Of Bogo (Cebu),Ms,TECTONIC
2475,2025-10-13 04:30:37+00:00,6.93,127.06,18,3.1,065 km S 62° E of Manay (Davao Oriental),Ms,TECTONIC
2476,2025-10-13 04:20:04+00:00,11.11,124.03,33,2.3,009 km N 37° E of City Of Bogo (Cebu),Ms,TECTONIC
2477,2025-10-13 03:59:46+00:00,8.83,126.43,8,2.3,017 km S 57° E of Cagwait (Surigao Del Sur),Ms,TECTONIC
2478,2025-10-13 03:55:33+00:00,10.96,123.94,3,3.3,010 km S 22° W of City Of Bogo (Cebu),Ms,TECTONIC
2479,2025-10-13 03:51:26+00:00,13.59,120.85,4,2.0,015 km N 48° W of Puerto Galera (Oriental Mindoro),Ms,TECTONIC
2480,2025-10-13 03:45:59+00:00,10.96,123.9,3,2.6,014 km S 42° W of City Of Bogo (Cebu),Ms,TECTONIC
2481,2025-10-13 03:39:25+00:00,6.95,127.29,37,2.4,088 km S 71° E of Manay (Davao Oriental),Ms,TECTONIC
2482,2025-10-13 03:28:40+00:00,7.27,126.84,32,2.7,034 km N 79° E of Manay (Davao Oriental),Ms,TECTONIC
2483,2025-10-13 03:22:04+00:00,13.55,120.82,33,1.3,016 km N 69° W of Puerto Galera (Oriental Mindoro),Ms,TECTONIC
2484,2025-10-13 03:13:12+00:00,13.56,120.97,6,2.8,007 km N 14° E of Puerto Galera (Oriental Mindoro),Ms,TECTONIC
2485,2025-10-13 03:03:04+00:00,10.01,126.21,28,2.1,014 km S 87° E of Burgos (Surigao Del Norte),Ms,TECTONIC
2486,2025-10-13 03:01:57+00:00,11.1,124.02,33,2.0,008 km N 36° E of City Of Bogo (Cebu),Ms,TECTONIC
2487,2025-10-13 02:45:39+00:00,7.36,126.81,25,2.0,034 km N 61° E of Manay (Davao Oriental),Ms,TECTONIC
2488,2025-10-13 02:35:53+00:00,13.6,120.83,5,2.9,008 km S 37° W of Tingloy (Batangas),Ms,TECTONIC
2489,2025-10-13 02:35:33+00:00,11.09,124.03,33,1.7,007 km N 46° E of City Of Bogo (Cebu),Ms,TECTONIC
2490,2025-10-13 02:26:54+00:00,7.67,126.64,21,2.1,014 km N 39° E of Baganga (Davao Oriental),Ms,TECTONIC
2491,2025-10-13 02:23:37+00:00,13.74,120.48,88,2.4,019 km S 59° W of Calatagan (Batangas),Ms,TECTONIC
2492,2025-10-13 02:21:28+00:00,11.11,124.06,34,2.1,011 km N 48° E of City Of Bogo (Cebu),Ms,TECTONIC
2493,2025-10-13 02:16:13+00:00,11.03,124.03,33,1.6,006 km S 72° E of City Of Bogo (Cebu),Ms,TECTONIC
2494,2025-10-13 02:14:52+00:00,11.05,124.06,2,2.2,009 km N 88° E of City Of Bogo (Cebu),Ms,TECTONIC
2495,2025-10-13 02:08:24+00:00,10.98,123.93,6,2.2,009 km S 34° W of City Of Bogo (Cebu),Ms,TECTONIC
2496,2025-10-13 02:03:39+00:00,12.16,121.85,6,2.9,016 km N 50° W of San Jose (Romblon),Ms,TECTONIC
2497,2025-10-13 02:01:41+00:00,7.42,126.62,28,3.0,025 km N 21° E of Manay (Davao Oriental),Ms,TECTONIC
2498,2025-10-13 01:55:36+00:00,11.17,124.23,31,1.6,030 km N 64° E of City Of Bogo (Cebu),Ms,TECTONIC
2499,2025-10-13 01:54:13+00:00,7.45,126.79,34,1.7,038 km N 47° E of Manay (Davao Oriental),Ms,TECTONIC
2500,2025-10-13 01:54:05+00:00,11.13,124.04,32,2.0,012 km N 37° E of City Of Bogo (Cebu),Ms,TECTONIC
2501,2025-10-13 01:51:01+00:00,11.06,124.02,33,1.5,005 km N 72° E of City Of Bogo (Cebu),Ms,TECTONIC
2502,2025-10-13 01:49:00+00:00,6.93,126.86,20,3.1,048 km S 49° E of Manay (Davao Oriental),Ms,TECTONIC
2503,2025-10-13 01:35:26+00:00,11.18,124.09,30,2.6,019 km N 39° E of City Of Bogo (Cebu),Ms,TECTONIC
2504,2025-10-13 01:20:01+00:00,6.96,126.89,26,2.9,047 km S 54° E of Manay (Davao Oriental),Ms,TECTONIC
2505,2025-10-13 01:10:26+00:00,10.96,123.9,1,2.5,014 km S 42° W of City Of Bogo (Cebu),Ms,TECTONIC
2506,2025-10-13 01:03:32+00:00,11.02,123.91,4,3.1,009 km S 71° W of City Of Bogo (Cebu),Ms,TECTONIC
2507,2025-10-13 00:51:52+00:00,11.18,123.95,20,2.4,015 km N 13° W of City Of Bogo (Cebu),Ms,TECTONIC
2508,2025-10-13 00:40:17+00:00,10.97,123.91,1,3.2,011 km S 44° W of City Of Bogo (Cebu),Ms,TECTONIC
2509,2025-10-13 00:37:56+00:00,6.8,127.1,8,3.0,077 km S 54° E of Manay (Davao Oriental),Ms,TECTONIC
2510,2025-10-13 00:32:03+00:00,11.12,124.08,34,2.0,014 km N 53° E of City Of Bogo (Cebu),Ms,TECTONIC
2511,2025-10-13 00:30:13+00:00,11.1,124.04,34,2.3,009 km N 48° E of City Of Bogo (Cebu),Ms,TECTONIC
2512,2025-10-13 00:18:13+00:00,10.94,123.87,1,2.2,017 km S 46° W of City Of Bogo (Cebu),Ms,TECTONIC
2513,2025-10-13 00:11:23+00:00,11.03,124.05,29,1.6,008 km S 75° E of City Of Bogo (Cebu),Ms,TECTONIC
2514,2025-10-12 23:56:18+00:00,10.97,123.95,5,2.6,009 km N 71° W of Tabogon (Cebu),Ms,TECTONIC
2515,2025-10-12 23:39:53+00:00,11.05,124.08,29,2.0,010 km N 88° E of City Of Bogo (Cebu),Ms,TECTONIC
2516,2025-10-12 23:29:05+00:00,10.98,123.93,7,2.7,009 km S 35° W of City Of Bogo (Cebu),Ms,TECTONIC
2517,2025-10-12 23:12:03+00:00,11.03,123.99,2,2.1,002 km S 22° E of City Of Bogo (Cebu),Ms,TECTONIC
2518,2025-10-12 23:09:40+00:00,11.02,124.02,4,3.1,005 km S 64° E of City Of Bogo (Cebu),Ms,TECTONIC
2519,2025-10-12 23:04:19+00:00,11.21,124.13,33,2.4,024 km N 43° E of City Of Bogo (Cebu),Ms,TECTONIC
2520,2025-10-12 22:53:47+00:00,10.92,123.88,1,2.4,018 km S 36° W of City Of Bogo (Cebu),Ms,TECTONIC
2521,2025-10-12 22:23:43+00:00,11.19,124.2,33,2.5,029 km N 57° E of City Of Bogo (Cebu),Ms,TECTONIC
2522,2025-10-12 22:20:29+00:00,11.15,124.06,37,2.1,015 km N 39° E of City Of Bogo (Cebu),Ms,TECTONIC
2523,2025-10-12 22:19:20+00:00,11.02,124.02,24,2.4,005 km S 56° E of City Of Bogo (Cebu),Ms,TECTONIC
2524,2025-10-12 22:15:13+00:00,11.2,124.01,19,2.6,018 km N 12° E of City Of Bogo (Cebu),Ms,TECTONIC
2525,2025-10-12 22:03:21+00:00,11.12,124.01,16,1.5,009 km N 22° E of City Of Bogo (Cebu),Ms,TECTONIC
2526,2025-10-12 21:48:39+00:00,11.1,123.97,32,3.3,006 km N 12° W of City Of Bogo (Cebu),Ms,TECTONIC
2527,2025-10-12 21:44:27+00:00,10.96,123.92,1,1.7,011 km S 33° W of City Of Bogo (Cebu),Ms,TECTONIC
2528,2025-10-12 21:42:41+00:00,11.04,124.0,31,2.2,003 km S 83° E of City Of Bogo (Cebu),Ms,TECTONIC
2529,2025-10-12 21:40:55+00:00,11.09,123.96,33,2.2,005 km N 21° W of City Of Bogo (Cebu),Ms,TECTONIC
2530,2025-10-12 21:31:10+00:00,7.37,126.68,20,2.4,023 km N 41° E of Manay (Davao Oriental),Ms,TECTONIC
2531,2025-10-12 21:30:36+00:00,10.94,123.94,1,2.3,012 km S 20° W of City Of Bogo (Cebu),Ms,TECTONIC
2532,2025-10-12 21:18:00+00:00,11.14,124.1,32,2.0,017 km N 52° E of City Of Bogo (Cebu),Ms,TECTONIC
2533,2025-10-12 21:10:27+00:00,11.02,123.96,18,2.5,004 km S 28° W of City Of Bogo (Cebu),Ms,TECTONIC
2534,2025-10-12 21:02:48+00:00,11.26,123.5,29,2.8,040 km N 32° E of City Of Cadiz (Negros Occidental),Ms,TECTONIC
2535,2025-10-12 21:00:54+00:00,11.06,123.94,19,1.8,004 km N 66° W of City Of Bogo (Cebu),Ms,TECTONIC
2536,2025-10-12 20:50:56+00:00,7.32,127.11,11,2.7,064 km N 79° E of Manay (Davao Oriental),Ms,TECTONIC
2537,2025-10-12 20:48:31+00:00,7.11,127.02,14,3.0,054 km S 78° E of Manay (Davao Oriental),Ms,TECTONIC
2538,2025-10-12 20:36:06+00:00,10.94,123.91,5,2.2,014 km S 34° W of City Of Bogo (Cebu),Ms,TECTONIC
2539,2025-10-12 20:29:25+00:00,11.07,123.97,20,2.2,003 km N 16° W of City Of Bogo (Cebu),Ms,TECTONIC
2540,2025-10-12 20:26:57+00:00,8.82,125.67,33,2.5,003 km S 88° W of Sibagat (Agusan Del Sur),Ms,TECTONIC
2541,2025-10-12 20:20:00+00:00,11.01,123.9,32,2.2,009 km S 62° W of City Of Bogo (Cebu),Ms,TECTONIC
2542,2025-10-12 20:18:06+00:00,7.31,126.98,17,3.0,049 km N 77° E of Manay (Davao Oriental),Ms,TECTONIC
2543,2025-10-12 20:18:11+00:00,11.02,123.92,28,2.1,007 km S 71° W of City Of Bogo (Cebu),Ms,TECTONIC
2544,2025-10-12 20:17:27+00:00,11.06,123.92,32,2.3,007 km N 73° W of City Of Bogo (Cebu),Ms,TECTONIC
2545,2025-10-12 20:10:22+00:00,10.96,123.96,5,2.4,009 km S 10° W of City Of Bogo (Cebu),Ms,TECTONIC
2546,2025-10-12 20:07:42+00:00,9.89,126.24,24,2.2,015 km N 39° E of General Luna (Surigao Del Norte),Ms,TECTONIC
2547,2025-10-12 19:49:43+00:00,7.37,127.02,20,4.3,056 km N 72° E of Manay (Davao Oriental),Ms,TECTONIC
2548,2025-10-12 19:49:44+00:00,11.0,123.95,7,4.0,006 km S 30° W of City Of Bogo (Cebu),Ms,TECTONIC
2549,2025-10-12 19:45:05+00:00,11.16,124.07,30,2.4,015 km N 38° E of City Of Bogo (Cebu),Ms,TECTONIC
2550,2025-10-12 19:42:48+00:00,20.69,120.32,33,3.0,159 km S 86° W of Itbayat (Batanes),Ms,TECTONIC
2551,2025-10-12 19:40:22+00:00,11.02,123.88,33,2.5,011 km S 77° W of City Of Bogo (Cebu),Ms,TECTONIC
2552,2025-10-12 19:33:44+00:00,10.96,123.93,4,3.3,011 km S 27° W of City Of Bogo (Cebu),Ms,TECTONIC
2553,2025-10-12 19:26:43+00:00,10.99,123.97,29,2.9,007 km S 10° W of City Of Bogo (Cebu),Ms,TECTONIC
2554,2025-10-12 19:21:44+00:00,7.1,127.12,19,3.1,066 km S 79° E of Manay (Davao Oriental),Ms,TECTONIC
2555,2025-10-12 19:18:55+00:00,11.04,124.02,1,4.3,004 km S 81° E of City Of Bogo (Cebu),Ms,TECTONIC
2556,2025-10-12 19:12:11+00:00,11.02,123.89,10,3.0,010 km S 74° W of City Of Bogo (Cebu),Ms,TECTONIC
2557,2025-10-12 19:11:10+00:00,10.96,123.96,11,1.6,010 km S 13° W of City Of Bogo (Cebu),Ms,TECTONIC
2558,2025-10-12 19:06:16+00:00,18.82,121.46,20,2.6,010 km S 68° E of Fuga Island (Aparri) (Cagayan),Ms,TECTONIC
2559,2025-10-12 19:05:52+00:00,7.02,126.85,24,3.5,040 km S 58° E of Manay (Davao Oriental),Ms,TECTONIC
2560,2025-10-12 19:03:51+00:00,11.0,123.97,7,2.3,006 km S 12° W of City Of Bogo (Cebu),Ms,TECTONIC
2561,2025-10-12 18:58:40+00:00,11.13,123.94,34,2.6,010 km N 23° W of City Of Bogo (Cebu),Ms,TECTONIC
2562,2025-10-12 18:55:44+00:00,11.03,123.99,7,2.3,002 km S 27° E of City Of Bogo (Cebu),Ms,TECTONIC
2563,2025-10-12 18:51:50+00:00,13.45,120.2,18,2.8,029 km N 82° W of Paluan (Occidental Mindoro),Ms,TECTONIC
2564,2025-10-12 18:51:32+00:00,10.98,123.95,6,3.7,008 km S 27° W of City Of Bogo (Cebu),Ms,TECTONIC
2565,2025-10-12 18:50:46+00:00,13.39,120.15,19,3.1,034 km S 85° W of Paluan (Occidental Mindoro),Ms,TECTONIC
2566,2025-10-12 18:47:55+00:00,10.94,123.89,5,2.7,017 km S 39° W of City Of Bogo (Cebu),Ms,TECTONIC
2567,2025-10-12 18:38:52+00:00,11.13,123.99,33,1.5,009 km N 07° E of City Of Bogo (Cebu),Ms,TECTONIC
2568,2025-10-12 18:36:11+00:00,10.99,123.88,22,1.5,012 km S 60° W of City Of Bogo (Cebu),Ms,TECTONIC
2569,2025-10-12 18:34:29+00:00,11.08,123.97,29,2.8,004 km N 12° W of City Of Bogo (Cebu),Ms,TECTONIC
2570,2025-10-12 18:32:27+00:00,10.93,123.91,8,2.1,015 km S 29° W of City Of Bogo (Cebu),Ms,TECTONIC
2571,2025-10-12 18:28:56+00:00,11.02,124.0,13,2.3,003 km S 40° E of City Of Bogo (Cebu),Ms,TECTONIC
2572,2025-10-12 18:24:56+00:00,10.96,123.93,8,3.4,010 km S 28° W of City Of Bogo (Cebu),Ms,TECTONIC
2573,2025-10-12 18:10:41+00:00,11.05,123.95,13,2.7,004 km N 79° W of City Of Bogo (Cebu),Ms,TECTONIC
2574,2025-10-12 18:01:07+00:00,10.99,123.95,3,2.9,008 km S 20° W of City Of Bogo (Cebu),Ms,TECTONIC
2575,2025-10-12 17:58:58+00:00,11.0,123.92,7,3.0,009 km S 51° W of City Of Bogo (Cebu),Ms,TECTONIC
2576,2025-10-12 17:50:53+00:00,10.97,123.94,7,3.5,010 km S 28° W of City Of Bogo (Cebu),Ms,TECTONIC
2577,2025-10-12 17:42:58+00:00,11.08,124.08,10,2.3,012 km N 72° E of City Of Bogo (Cebu),Ms,TECTONIC
2578,2025-10-12 17:37:54+00:00,7.33,127.36,30,4.4,091 km N 82° E of Manay (Davao Oriental),Ms,TECTONIC
2579,2025-10-12 17:32:20+00:00,10.96,124.1,32,2.3,017 km S 53° E of City Of Bogo (Cebu),Ms,TECTONIC
2580,2025-10-12 17:31:12+00:00,10.99,123.9,6,3.9,011 km S 54° W of City Of Bogo (Cebu),Ms,TECTONIC
2581,2025-10-12 17:29:20+00:00,10.99,123.99,2,2.0,007 km S 05° E of City Of Bogo (Cebu),Ms,TECTONIC
2582,2025-10-12 17:24:13+00:00,10.97,123.92,8,3.4,011 km S 37° W of City Of Bogo (Cebu),Ms,TECTONIC
2583,2025-10-12 17:22:03+00:00,11.05,124.03,22,1.8,006 km N 83° E of City Of Bogo (Cebu),Ms,TECTONIC
2584,2025-10-12 17:19:28+00:00,10.99,123.91,3,2.8,009 km S 52° W of City Of Bogo (Cebu),Ms,TECTONIC
2585,2025-10-12 17:14:53+00:00,10.97,123.92,5,3.6,010 km S 37° W of City Of Bogo (Cebu),Ms,TECTONIC
2586,2025-10-12 17:11:06+00:00,7.38,126.88,23,3.4,042 km N 63° E of Manay (Davao Oriental),Ms,TECTONIC
2587,2025-10-12 17:06:00+00:00,10.96,123.94,5,5.8,010 km S 24° W of City Of Bogo (Cebu),Mw,TECTONIC
2588,2025-10-12 16:55:55+00:00,6.91,127.03,18,2.7,063 km S 58° E of Manay (Davao Oriental),Ms,TECTONIC
2589,2025-10-12 16:50:52+00:00,7.35,126.8,25,2.9,033 km N 62° E of Manay (Davao Oriental),Ms,TECTONIC
2590,2025-10-12 16:49:34+00:00,6.94,127.19,21,3.2,078 km S 67° E of Manay (Davao Oriental),Ms,TECTONIC
2591,2025-10-12 16:44:36+00:00,11.01,124.0,5,1.9,004 km S 35° E of City Of Bogo (Cebu),Ms,TECTONIC
2592,2025-10-12 16:39:08+00:00,7.04,127.01,13,2.7,055 km S 70° E of Manay (Davao Oriental),Ms,TECTONIC
2593,2025-10-12 16:40:25+00:00,10.96,123.99,19,1.7,010 km S 06° E of City Of Bogo (Cebu),Ms,TECTONIC
2594,2025-10-12 16:39:04+00:00,11.18,124.07,24,2.0,018 km N 35° E of City Of Bogo (Cebu),Ms,TECTONIC
2595,2025-10-12 16:35:24+00:00,11.02,123.88,2,2.4,011 km S 76° W of City Of Bogo (Cebu),Ms,TECTONIC
2596,2025-10-12 16:32:25+00:00,11.15,124.13,6,2.3,020 km N 55° E of City Of Bogo (Cebu),Ms,TECTONIC
2597,2025-10-12 16:26:03+00:00,9.53,126.31,22,3.1,031 km N 25° E of Cortes (Surigao Del Sur),Ms,TECTONIC
2598,2025-10-12 16:09:13+00:00,17.57,119.99,13,2.6,042 km S 89° W of City Of Vigan (Ilocos Sur),Ms,TECTONIC
2599,2025-10-12 16:07:29+00:00,11.15,123.97,15,2.3,012 km N 05° W of City Of Bogo (Cebu),Ms,TECTONIC
2600,2025-10-12 16:00:53+00:00,11.14,124.16,7,2.3,022 km N 63° E of City Of Bogo (Cebu),Ms,TECTONIC
2601,2025-10-12 16:00:45+00:00,7.39,126.82,10,3.3,037 km N 57° E of Manay (Davao Oriental),Ms,TECTONIC
2602,2025-10-12 15:52:35+00:00,11.29,124.24,8,2.2,019 km N 63° W of Villaba (Leyte),Ms,TECTONIC
2603,2025-10-12 15:50:06+00:00,11.04,123.96,21,3.1,002 km S 68° W of City Of Bogo (Cebu),Ms,TECTONIC
2604,2025-10-12 15:43:48+00:00,11.15,124.13,2,2.6,021 km N 55° E of City Of Bogo (Cebu),Ms,TECTONIC
2605,2025-10-12 15:43:14+00:00,11.17,124.08,24,2.4,017 km N 38° E of City Of Bogo (Cebu),Ms,TECTONIC
2606,2025-10-12 15:34:31+00:00,10.12,126.24,33,2.0,021 km N 59° E of Burgos (Surigao Del Norte),Ms,TECTONIC
2607,2025-10-12 15:32:55+00:00,7.11,127.19,25,2.5,073 km S 81° E of Manay (Davao Oriental),Ms,TECTONIC
2608,2025-10-12 15:24:10+00:00,11.08,124.1,19,2.0,014 km N 77° E of City Of Bogo (Cebu),Ms,TECTONIC
2609,2025-10-12 15:18:30+00:00,11.09,124.04,5,2.8,008 km N 54° E of City Of Bogo (Cebu),Ms,TECTONIC
2610,2025-10-12 15:14:44+00:00,11.02,124.02,34,1.5,005 km S 63° E of City Of Bogo (Cebu),Ms,TECTONIC
2611,2025-10-12 15:13:38+00:00,7.97,126.83,16,2.3,046 km N 65° E of Cateel (Davao Oriental),Ms,TECTONIC
2612,2025-10-12 15:13:25+00:00,10.88,123.84,5,2.2,025 km S 40° W of City Of Bogo (Cebu),Ms,TECTONIC
2613,2025-10-12 15:02:20+00:00,11.18,124.1,8,2.4,020 km N 42° E of City Of Bogo (Cebu),Ms,TECTONIC
2614,2025-10-12 15:01:28+00:00,7.24,126.75,23,2.5,024 km N 82° E of Manay (Davao Oriental),Ms,TECTONIC
2615,2025-10-12 15:00:19+00:00,13.78,122.8,9,1.9,004 km S 14° E of Ragay (Camarines Sur),Ms,TECTONIC
2616,2025-10-12 14:58:36+00:00,11.23,124.01,13,1.2,020 km N 08° E of City Of Bogo (Cebu),Ms,TECTONIC
2617,2025-10-12 14:58:14+00:00,7.23,127.0,11,3.4,051 km N 88° E of Manay (Davao Oriental),Ms,TECTONIC
2618,2025-10-12 14:53:46+00:00,11.16,124.13,33,2.2,021 km N 52° E of City Of Bogo (Cebu),Ms,TECTONIC
2619,2025-10-12 14:48:27+00:00,11.09,124.05,33,1.7,009 km N 61° E of City Of Bogo (Cebu),Ms,TECTONIC
2620,2025-10-12 14:43:15+00:00,7.19,126.87,10,4.5,036 km S 86° E of Manay (Davao Oriental),M,TECTONIC
2621,2025-10-12 14:30:11+00:00,16.83,120.23,13,2.6,017 km S 81° W of Luna (La Union),Ms,TECTONIC
2622,2025-10-12 14:28:51+00:00,11.13,124.11,33,2.0,017 km N 57° E of City Of Bogo (Cebu),Ms,TECTONIC
2623,2025-10-12 14:21:18+00:00,13.52,120.33,1,2.0,018 km N 50° W of Paluan (Occidental Mindoro),Ms,TECTONIC
2624,2025-10-12 14:06:23+00:00,11.15,124.04,30,1.8,013 km N 30° E of City Of Bogo (Cebu),Ms,TECTONIC
2625,2025-10-12 14:04:59+00:00,7.41,126.86,22,1.8,042 km N 59° E of Manay (Davao Oriental),Ms,TECTONIC
2626,2025-10-12 13:58:12+00:00,14.74,119.06,29,3.0,111 km S 78° W of San Antonio (Zambales),Ms,TECTONIC
2627,2025-10-12 13:56:35+00:00,8.95,126.33,30,1.5,005 km N 42° E of Cagwait (Surigao Del Sur),Ms,TECTONIC
2628,2025-10-12 13:51:12+00:00,11.18,124.02,20,2.7,015 km N 16° E of City Of Bogo (Cebu),Ms,TECTONIC
2629,2025-10-12 13:45:36+00:00,7.04,126.75,1,3.4,030 km S 50° E of Manay (Davao Oriental),Ms,TECTONIC
2630,2025-10-12 13:44:57+00:00,11.05,124.1,33,1.3,014 km N 87° E of City Of Bogo (Cebu),Ms,TECTONIC
2631,2025-10-12 13:42:44+00:00,11.21,124.13,28,2.1,025 km N 42° E of City Of Bogo (Cebu),Ms,TECTONIC
2632,2025-10-12 13:36:37+00:00,7.29,127.11,57,2.5,063 km N 82° E of Manay (Davao Oriental),Ms,TECTONIC
2633,2025-10-12 13:36:23+00:00,11.24,124.06,28,2.6,023 km N 22° E of City Of Bogo (Cebu),Ms,TECTONIC
2634,2025-10-12 13:30:07+00:00,10.44,123.1,6,2.3,014 km N 66° W of City Of Canlaon (Negros Oriental),Ms,TECTONIC
2635,2025-10-12 13:26:57+00:00,7.31,126.85,13,1.8,035 km N 72° E of Manay (Davao Oriental),Ms,TECTONIC
2636,2025-10-12 13:19:42+00:00,11.25,124.14,9,2.1,028 km N 38° E of City Of Bogo (Cebu),Ms,TECTONIC
2637,2025-10-12 13:18:50+00:00,11.14,123.97,3,1.9,011 km N 07° W of City Of Bogo (Cebu),Ms,TECTONIC
2638,2025-10-12 13:02:33+00:00,11.21,123.78,1,2.1,028 km N 51° W of City Of Bogo (Cebu),Ms,TECTONIC
2639,2025-10-12 12:55:29+00:00,6.52,125.93,32,2.4,022 km S 49° W of Governor Generoso (Davao Oriental),Ms,TECTONIC
2640,2025-10-12 12:40:12+00:00,10.96,123.85,20,2.2,017 km S 56° W of City Of Bogo (Cebu),Ms,TECTONIC
2641,2025-10-12 12:39:03+00:00,10.9,123.88,6,3.5,019 km S 33° W of City Of Bogo (Cebu),Ms,TECTONIC
2642,2025-10-12 12:35:25+00:00,11.13,123.93,8,1.2,010 km N 31° W of City Of Bogo (Cebu),Ms,TECTONIC
2643,2025-10-12 12:19:13+00:00,13.43,120.28,6,3.0,020 km N 85° W of Paluan (Occidental Mindoro),Ms,TECTONIC
2644,2025-10-12 12:13:40+00:00,6.74,126.3,21,2.2,025 km S 21° E of City Of Mati (Davao Oriental),Ms,TECTONIC
2645,2025-10-12 12:10:52+00:00,5.77,124.32,9,3.3,037 km S 32° W of Maitum (Sarangani),Ms,TECTONIC
2646,2025-10-12 12:01:13+00:00,11.12,124.06,17,2.0,012 km N 48° E of City Of Bogo (Cebu),Ms,TECTONIC
2647,2025-10-12 11:59:16+00:00,11.15,124.16,10,1.9,023 km N 59° E of City Of Bogo (Cebu),Ms,TECTONIC
2648,2025-10-12 11:54:32+00:00,5.8,124.28,25,4.2,038 km S 40° W of Maitum (Sarangani),Mw,TECTONIC
2649,2025-10-12 11:45:38+00:00,11.05,124.04,31,1.8,007 km S 89° E of City Of Bogo (Cebu),Ms,TECTONIC
2650,2025-10-12 11:41:40+00:00,11.18,123.91,31,2.8,016 km N 27° W of City Of Bogo (Cebu),Ms,TECTONIC
2651,2025-10-12 11:37:49+00:00,8.0,125.88,32,2.3,020 km S 08° E of Loreto (Agusan Del Sur),Ms,TECTONIC
2652,2025-10-12 11:37:46+00:00,11.11,123.93,25,1.7,008 km N 39° W of City Of Bogo (Cebu),Ms,TECTONIC
2653,2025-10-12 11:31:16+00:00,13.78,120.6,95,1.9,006 km S 33° W of Calatagan (Batangas),Ms,TECTONIC
2654,2025-10-12 11:15:30+00:00,11.06,124.07,30,1.9,010 km N 81° E of City Of Bogo (Cebu),Ms,TECTONIC
2655,2025-10-12 11:06:19+00:00,11.26,124.02,12,1.6,024 km N 09° E of City Of Bogo (Cebu),Ms,TECTONIC
2656,2025-10-12 11:02:22+00:00,7.15,126.97,13,2.4,048 km S 82° E of Manay (Davao Oriental),Ms,TECTONIC
2657,2025-10-12 11:01:25+00:00,11.15,124.16,12,1.9,023 km N 59° E of City Of Bogo (Cebu),Ms,TECTONIC
2658,2025-10-12 10:57:32+00:00,11.05,124.03,19,1.7,006 km S 89° E of City Of Bogo (Cebu),Ms,TECTONIC
2659,2025-10-12 10:51:20+00:00,8.93,126.48,26,2.2,020 km N 85° E of Cagwait (Surigao Del Sur),Ms,TECTONIC
2660,2025-10-12 10:46:50+00:00,7.38,126.64,3,1.9,022 km N 30° E of Manay (Davao Oriental),Ms,TECTONIC
2661,2025-10-12 10:46:26+00:00,7.43,126.31,26,1.4,023 km S 57° E of New Bataan (Davao De Oro),Ms,TECTONIC
2662,2025-10-12 10:33:56+00:00,6.05,126.73,35,3.7,098 km S 48° E of Governor Generoso (Davao Oriental),Ms,TECTONIC
2663,2025-10-12 10:27:53+00:00,7.29,126.94,14,3.3,045 km N 79° E of Manay (Davao Oriental),Ms,TECTONIC
2664,2025-10-12 10:03:51+00:00,11.16,123.99,20,2.1,012 km N 08° E of City Of Bogo (Cebu),Ms,TECTONIC
2665,2025-10-12 09:59:33+00:00,11.24,123.94,15,2.2,022 km N 12° W of City Of Bogo (Cebu),Ms,TECTONIC
2666,2025-10-12 09:51:41+00:00,11.1,124.12,1,3.6,016 km N 69° E of City Of Bogo (Cebu),Ms,TECTONIC
2667,2025-10-12 09:44:23+00:00,8.98,126.32,29,4.0,008 km N 18° E of Cagwait (Surigao Del Sur),Ms,TECTONIC
2668,2025-10-12 09:35:10+00:00,7.34,126.62,10,2.4,017 km N 31° E of Manay (Davao Oriental),Ms,TECTONIC
2669,2025-10-12 09:15:25+00:00,7.17,126.86,20,2.8,036 km S 83° E of Manay (Davao Oriental),Ms,TECTONIC
2670,2025-10-12 09:07:01+00:00,7.24,126.97,26,3.3,048 km N 87° E of Manay (Davao Oriental),Ms,TECTONIC
2671,2025-10-12 08:58:36+00:00,16.57,120.22,20,2.4,012 km S 62° W of City Of San Fernando (La Union),Ms,TECTONIC
2672,2025-10-12 08:37:32+00:00,7.32,126.87,28,2.9,038 km N 71° E of Manay (Davao Oriental),Ms,TECTONIC
2673,2025-10-12 08:33:19+00:00,6.77,126.94,23,2.6,066 km S 42° E of Manay (Davao Oriental),Ms,TECTONIC
2674,2025-10-12 08:30:20+00:00,7.02,126.98,20,3.2,052 km S 67° E of Manay (Davao Oriental),Ms,TECTONIC
2675,2025-10-12 08:30:11+00:00,10.45,123.0,3,2.4,009 km N 74° E of City Of La Carlota (Negros Occidental),Ms,TECTONIC
2676,2025-10-12 08:27:10+00:00,7.24,126.81,26,3.3,031 km N 83° E of Manay (Davao Oriental),Ms,TECTONIC
2677,2025-10-12 08:20:57+00:00,11.04,124.07,3,2.3,010 km S 87° E of City Of Bogo (Cebu),Ms,TECTONIC
2678,2025-10-12 08:04:03+00:00,7.34,127.0,13,2.4,052 km N 75° E of Manay (Davao Oriental),Ms,TECTONIC
2679,2025-10-12 07:48:29+00:00,11.19,124.14,34,1.5,024 km N 48° E of City Of Bogo (Cebu),Ms,TECTONIC
2680,2025-10-12 07:41:40+00:00,11.25,124.1,9,2.9,027 km N 31° E of City Of Bogo (Cebu),Ms,TECTONIC
2681,2025-10-12 07:40:21+00:00,11.21,124.15,9,2.3,026 km N 45° E of City Of Bogo (Cebu),Ms,TECTONIC
2682,2025-10-12 07:35:53+00:00,11.17,124.18,34,2.1,026 km N 58° E of City Of Bogo (Cebu),Ms,TECTONIC
2683,2025-10-12 07:22:56+00:00,7.25,126.81,5,2.5,031 km N 81° E of Manay (Davao Oriental),Ms,TECTONIC
2684,2025-10-12 06:56:37+00:00,8.82,127.31,12,4.0,112 km S 85° E of Cagwait (Surigao Del Sur),Ms,TECTONIC
2685,2025-10-12 06:50:19+00:00,10.74,125.38,68,2.8,034 km N 45° E of Silago (Southern Leyte),Ms,TECTONIC
2686,2025-10-12 06:45:47+00:00,7.24,126.63,23,2.2,011 km N 75° E of Manay (Davao Oriental),Ms,TECTONIC
2687,2025-10-12 06:36:40+00:00,11.33,124.16,22,2.0,037 km N 32° E of City Of Bogo (Cebu),Ms,TECTONIC
2688,2025-10-12 06:27:15+00:00,20.65,121.51,22,2.9,038 km S 65° W of Itbayat (Batanes),Ms,TECTONIC
2689,2025-10-12 06:13:57+00:00,7.63,126.44,122,2.0,015 km N 64° W of Baganga (Davao Oriental),Ms,TECTONIC
2690,2025-10-12 06:10:47+00:00,11.1,124.04,32,2.0,009 km N 46° E of City Of Bogo (Cebu),Ms,TECTONIC
2691,2025-10-12 06:08:32+00:00,10.93,123.97,9,1.7,013 km S 04° W of City Of Bogo (Cebu),Ms,TECTONIC
2692,2025-10-12 05:48:47+00:00,7.25,127.07,18,3.5,059 km N 85° E of Manay (Davao Oriental),Ms,TECTONIC
2693,2025-10-12 05:35:11+00:00,10.9,123.94,2,2.8,017 km S 16° W of City Of Bogo (Cebu),Ms,TECTONIC
2694,2025-10-12 05:29:03+00:00,7.05,126.93,23,3.4,047 km S 68° E of Manay (Davao Oriental),Ms,TECTONIC
2695,2025-10-12 05:26:22+00:00,13.67,120.64,118,2.0,018 km S 01° E of Calatagan (Batangas),Ms,TECTONIC
2696,2025-10-12 05:24:48+00:00,10.51,123.1,15,1.9,029 km S 84° E of City Of Bago (Negros Occidental),Ms,VOLCANO-TECTONIC
2697,2025-10-12 05:19:02+00:00,11.18,124.1,33,2.2,020 km N 41° E of City Of Bogo (Cebu),Ms,TECTONIC
2698,2025-10-12 04:59:35+00:00,7.11,126.64,33,2.8,015 km S 44° E of Manay (Davao Oriental),Ms,TECTONIC
2699,2025-10-12 03:44:40+00:00,13.43,120.58,24,1.6,013 km N 86° E of Paluan (Occidental Mindoro),Ms,TECTONIC
2700,2025-10-12 03:37:09+00:00,7.07,126.84,8,3.1,037 km S 65° E of Manay (Davao Oriental),Ms,TECTONIC
2701,2025-10-12 03:21:02+00:00,7.05,127.15,6,2.8,070 km S 75° E of Manay (Davao Oriental),Ms,TECTONIC
2702,2025-10-12 03:16:14+00:00,11.3,123.86,13,2.9,031 km N 24° W of City Of Bogo (Cebu),Ms,TECTONIC
2703,2025-10-12 02:59:25+00:00,7.12,127.12,23,2.9,065 km S 81° E of Manay (Davao Oriental),Ms,TECTONIC
2704,2025-10-12 02:49:49+00:00,11.1,124.15,33,1.9,020 km N 74° E of City Of Bogo (Cebu),Ms,TECTONIC
2705,2025-10-12 02:37:50+00:00,6.49,125.89,28,2.4,027 km S 48° W of Governor Generoso (Davao Oriental),Ms,TECTONIC
2706,2025-10-12 02:27:24+00:00,7.85,126.77,14,2.5,036 km N 80° E of Cateel (Davao Oriental),Ms,TECTONIC
2707,2025-10-12 02:23:00+00:00,13.64,120.2,15,2.2,011 km S 30° W of Looc (Occidental Mindoro),Ms,TECTONIC
2708,2025-10-12 02:04:27+00:00,11.07,124.08,7,2.1,012 km N 77° E of City Of Bogo (Cebu),Ms,TECTONIC
2709,2025-10-12 01:48:13+00:00,7.07,126.86,28,2.6,039 km S 66° E of Manay (Davao Oriental),Ms,TECTONIC
2710,2025-10-12 01:25:34+00:00,7.13,127.0,25,3.6,052 km S 79° E of Manay (Davao Oriental),Ms,TECTONIC
2711,2025-10-12 01:01:35+00:00,13.99,120.52,114,1.7,015 km S 50° W of Nasugbu (Batangas),Ms,TECTONIC
2712,2025-10-12 00:59:04+00:00,11.12,124.07,11,2.2,013 km N 52° E of City Of Bogo (Cebu),Ms,TECTONIC
2713,2025-10-12 00:47:45+00:00,7.37,127.04,9,2.9,053 km N 84° E of Caraga (Davao Oriental),Ms,TECTONIC
2714,2025-10-12 00:45:50+00:00,9.8,126.61,8,3.5,049 km N 88° E of General Luna (Surigao Del Norte),Ms,TECTONIC
2715,2025-10-12 00:45:36+00:00,11.12,124.04,30,2.2,011 km N 40° E of City Of Bogo (Cebu),Ms,TECTONIC
2716,2025-10-12 00:38:52+00:00,7.21,127.01,18,2.2,052 km S 89° E of Manay (Davao Oriental),Ms,TECTONIC
2717,2025-10-12 00:34:19+00:00,8.48,126.29,74,2.8,014 km N 24° W of Hinatuan (Surigao Del Sur),Ms,TECTONIC
2718,2025-10-12 00:32:06+00:00,11.11,124.08,33,1.9,013 km N 58° E of City Of Bogo (Cebu),Ms,TECTONIC
2719,2025-10-12 00:03:27+00:00,11.01,124.11,5,2.8,014 km S 73° E of City Of Bogo (Cebu),Ms,TECTONIC
2720,2025-10-11 23:56:00+00:00,7.95,127.6,14,3.5,122 km N 70° E of Baganga (Davao Oriental),Ms,TECTONIC
2721,2025-10-11 23:36:34+00:00,11.14,124.09,9,2.3,016 km N 49° E of City Of Bogo (Cebu),Ms,TECTONIC
2722,2025-10-11 23:35:15+00:00,15.0,119.78,10,3.0,032 km S 77° W of San Felipe (Zambales),Ms,TECTONIC
2723,2025-10-11 23:21:54+00:00,11.02,123.91,2,2.4,008 km S 66° W of City Of Bogo (Cebu),Ms,TECTONIC
2724,2025-10-11 23:20:31+00:00,7.16,126.9,27,2.3,040 km S 83° E of Manay (Davao Oriental),Ms,TECTONIC
2725,2025-10-11 23:16:37+00:00,11.15,124.07,8,2.3,015 km N 41° E of City Of Bogo (Cebu),Ms,TECTONIC
2726,2025-10-11 23:11:59+00:00,13.11,120.59,27,3.0,013 km S 01° W of Mamburao (Occidental Mindoro),Ms,TECTONIC
2727,2025-10-11 23:04:35+00:00,3.69,126.4,14,4.1,219 km S 30° E of Balut Island (Municipality Of Sarangani) (Davao Occidental),Ms,TECTONIC
2728,2025-10-11 23:02:35+00:00,11.05,124.01,2,2.2,004 km S 51° E of City Of Bogo (Cebu),Ms,TECTONIC
2729,2025-10-11 23:00:23+00:00,7.69,126.59,17,1.8,013 km N 13° E of Baganga (Davao Oriental),Ms,TECTONIC
2730,2025-10-11 22:53:35+00:00,7.3,126.74,20,2.6,025 km N 66° E of Manay (Davao Oriental),Ms,TECTONIC
2731,2025-10-11 22:50:53+00:00,7.22,126.8,25,2.3,029 km N 88° E of Manay (Davao Oriental),Ms,TECTONIC
2732,2025-10-11 22:48:32+00:00,8.92,126.65,34,1.8,038 km N 90° E of Cagwait (Surigao Del Sur),Ms,TECTONIC
2733,2025-10-11 22:37:33+00:00,7.21,127.01,32,1.4,052 km N 90° E of Manay (Davao Oriental),Ms,TECTONIC
2734,2025-10-11 22:34:50+00:00,7.35,127.36,19,2.8,092 km N 80° E of Manay (Davao Oriental),Ms,TECTONIC
2735,2025-10-11 22:18:46+00:00,7.31,127.08,11,2.1,061 km N 80° E of Manay (Davao Oriental),Ms,TECTONIC
2736,2025-10-11 22:04:53+00:00,7.27,127.04,15,2.8,056 km N 83° E of Manay (Davao Oriental),Ms,TECTONIC
2737,2025-10-11 21:56:41+00:00,7.26,126.83,21,2.3,032 km N 80° E of Manay (Davao Oriental),Ms,TECTONIC
2738,2025-10-11 21:55:33+00:00,11.04,124.04,23,1.6,007 km S 83° E of City Of Bogo (Cebu),Ms,TECTONIC
2739,2025-10-11 21:52:09+00:00,7.11,127.14,45,1.8,067 km S 80° E of Manay (Davao Oriental),Ms,TECTONIC
2740,2025-10-11 21:49:45+00:00,7.43,127.23,77,2.8,080 km N 73° E of Manay (Davao Oriental),Ms,TECTONIC
2741,2025-10-11 21:38:03+00:00,11.08,124.05,5,3.0,008 km N 62° E of City Of Bogo (Cebu),Ms,TECTONIC
2742,2025-10-11 21:34:33+00:00,11.1,124.1,21,2.3,014 km N 65° E of City Of Bogo (Cebu),Ms,TECTONIC
2743,2025-10-11 21:24:36+00:00,11.15,123.98,27,1.4,012 km N 02° E of City Of Bogo (Cebu),Ms,TECTONIC
2744,2025-10-11 21:21:46+00:00,11.55,124.33,23,1.6,008 km S 76° W of Naval (Biliran),Ms,TECTONIC
2745,2025-10-11 21:16:23+00:00,7.54,126.69,25,1.8,040 km N 24° E of Manay (Davao Oriental),Ms,TECTONIC
2746,2025-10-11 21:14:11+00:00,11.12,124.02,33,2.0,010 km N 27° E of City Of Bogo (Cebu),Ms,TECTONIC
2747,2025-10-11 21:04:41+00:00,7.06,126.98,24,4.8,052 km S 71° E of Manay (Davao Oriental),Ms,TECTONIC
2748,2025-10-11 21:03:08+00:00,7.28,127.42,95,2.7,097 km N 86° E of Manay (Davao Oriental),Ms,TECTONIC
2749,2025-10-11 20:56:09+00:00,7.72,126.85,3,2.8,036 km N 63° E of Baganga (Davao Oriental),Ms,TECTONIC
2750,2025-10-11 20:48:06+00:00,11.22,124.15,41,2.0,026 km N 46° E of City Of Bogo (Cebu),Ms,TECTONIC
2751,2025-10-11 20:42:18+00:00,7.2,126.93,10,3.0,043 km S 89° E of Manay (Davao Oriental),Ms,TECTONIC
2752,2025-10-11 20:40:45+00:00,7.14,126.81,23,2.1,031 km S 75° E of Manay (Davao Oriental),Ms,TECTONIC
2753,2025-10-11 20:39:37+00:00,10.95,123.81,33,1.8,022 km S 62° W of City Of Bogo (Cebu),Ms,TECTONIC
2754,2025-10-11 20:35:35+00:00,7.13,126.79,24,3.7,029 km S 72° E of Manay (Davao Oriental),Ms,TECTONIC
2755,2025-10-11 20:29:33+00:00,19.26,121.12,32,2.4,019 km N 28° W of Dalupiri Island (Calayan) (Cagayan),Ms,TECTONIC
2756,2025-10-11 20:29:11+00:00,11.22,123.99,11,2.6,019 km N 04° E of City Of Bogo (Cebu),Ms,TECTONIC
2757,2025-10-11 20:23:42+00:00,11.17,124.0,21,1.8,014 km N 09° E of City Of Bogo (Cebu),Ms,TECTONIC
2758,2025-10-11 20:20:37+00:00,11.11,124.01,24,1.6,008 km N 24° E of City Of Bogo (Cebu),Ms,TECTONIC
2759,2025-10-11 20:19:50+00:00,17.65,120.59,9,2.8,007 km N 29° W of Bangued (Abra),Ms,TECTONIC
2760,2025-10-11 20:12:38+00:00,7.02,126.98,22,2.6,053 km S 66° E of Manay (Davao Oriental),Ms,TECTONIC
2761,2025-10-11 20:09:00+00:00,10.94,124.01,31,2.1,012 km S 15° E of City Of Bogo (Cebu),Ms,TECTONIC
2762,2025-10-11 20:07:24+00:00,11.09,124.01,22,2.2,006 km N 36° E of City Of Bogo (Cebu),Ms,TECTONIC
2763,2025-10-11 19:57:04+00:00,7.28,126.66,21,1.6,015 km N 61° E of Manay (Davao Oriental),Ms,TECTONIC
2764,2025-10-11 19:54:48+00:00,7.29,126.71,33,2.5,021 km N 66° E of Manay (Davao Oriental),Ms,TECTONIC
2765,2025-10-11 19:50:01+00:00,7.01,127.11,2,3.4,067 km S 70° E of Manay (Davao Oriental),Ms,TECTONIC
2766,2025-10-11 19:49:06+00:00,7.23,126.88,15,1.7,037 km N 87° E of Manay (Davao Oriental),Ms,TECTONIC
2767,2025-10-11 19:45:54+00:00,7.33,126.68,4,2.4,020 km N 51° E of Manay (Davao Oriental),Ms,TECTONIC
2768,2025-10-11 19:43:28+00:00,11.15,124.01,16,2.0,012 km N 14° E of City Of Bogo (Cebu),Ms,TECTONIC
2769,2025-10-11 19:41:00+00:00,7.36,126.54,6,2.4,017 km N 01° E of Manay (Davao Oriental),Ms,TECTONIC
2770,2025-10-11 19:33:30+00:00,7.34,126.83,27,2.6,035 km N 66° E of Manay (Davao Oriental),Ms,TECTONIC
2771,2025-10-11 19:28:28+00:00,7.31,126.96,25,4.8,047 km N 77° E of Manay (Davao Oriental),Mw,TECTONIC
2772,2025-10-11 19:28:06+00:00,17.33,120.89,14,1.5,009 km S 54° E of Boliney (Abra),Ms,TECTONIC
2773,2025-10-11 19:27:44+00:00,9.03,126.5,28,2.7,025 km N 60° E of Cagwait (Surigao Del Sur),Ms,TECTONIC
2774,2025-10-11 19:25:20+00:00,12.98,124.49,14,2.4,033 km S 79° E of Prieto Diaz (Sorsogon),Ms,TECTONIC
2775,2025-10-11 19:25:01+00:00,7.13,127.0,18,1.7,051 km S 81° E of Manay (Davao Oriental),Ms,TECTONIC
2776,2025-10-11 19:25:01+00:00,7.13,127.0,18,1.7,051 km S 81° E of Manay (Davao Oriental),Ms,TECTONIC
2777,2025-10-11 19:23:23+00:00,7.49,126.73,29,1.9,038 km N 34° E of Manay (Davao Oriental),Ms,TECTONIC
2778,2025-10-11 19:18:00+00:00,8.92,126.47,20,2.7,019 km S 89° E of Cagwait (Surigao Del Sur),Ms,TECTONIC
2779,2025-10-11 19:15:04+00:00,7.08,127.04,31,1.6,057 km S 75° E of Manay (Davao Oriental),Ms,TECTONIC
2780,2025-10-11 19:05:08+00:00,7.32,126.58,2,3.0,013 km N 22° E of Manay (Davao Oriental),Ms,TECTONIC
2781,2025-10-11 19:00:38+00:00,7.22,127.09,11,3.5,060 km N 89° E of Manay (Davao Oriental),Ms,TECTONIC
2782,2025-10-11 18:59:53+00:00,8.06,126.59,32,1.5,019 km N 82° E of Lingig (Surigao Del Sur),Ms,TECTONIC
2783,2025-10-11 18:56:42+00:00,7.07,126.76,23,2.5,029 km S 56° E of Manay (Davao Oriental),Ms,TECTONIC
2784,2025-10-11 18:51:00+00:00,7.04,127.19,32,2.0,074 km S 75° E of Manay (Davao Oriental),Ms,TECTONIC
2785,2025-10-11 18:47:06+00:00,7.22,126.87,31,2.3,036 km N 88° E of Manay (Davao Oriental),Ms,TECTONIC
2786,2025-10-11 18:44:18+00:00,11.05,124.03,3,2.9,006 km S 89° E of City Of Bogo (Cebu),Ms,TECTONIC
2787,2025-10-11 18:43:30+00:00,7.11,126.86,11,2.0,037 km S 72° E of Manay (Davao Oriental),Ms,TECTONIC
2788,2025-10-11 18:38:10+00:00,6.97,126.81,27,3.5,040 km S 48° E of Manay (Davao Oriental),Ms,TECTONIC
2789,2025-10-11 18:34:45+00:00,6.78,127.04,2,3.6,073 km S 50° E of Manay (Davao Oriental),Ms,TECTONIC
2790,2025-10-11 18:32:14+00:00,10.97,123.86,2,2.2,015 km S 59° W of City Of Bogo (Cebu),Ms,TECTONIC
2791,2025-10-11 18:24:23+00:00,11.18,124.06,25,1.8,017 km N 31° E of City Of Bogo (Cebu),Ms,TECTONIC
2792,2025-10-11 18:16:36+00:00,7.08,127.0,12,3.4,053 km S 74° E of Manay (Davao Oriental),Ms,TECTONIC
2793,2025-10-11 18:14:33+00:00,13.29,120.59,42,2.2,007 km N 03° W of Mamburao (Occidental Mindoro),Ms,TECTONIC
2794,2025-10-11 18:12:57+00:00,7.34,126.84,28,1.6,036 km N 67° E of Manay (Davao Oriental),Ms,TECTONIC
2795,2025-10-11 18:12:26+00:00,7.28,126.63,20,1.3,013 km N 53° E of Manay (Davao Oriental),Ms,TECTONIC
2796,2025-10-11 18:11:04+00:00,11.08,124.05,29,2.1,008 km N 63° E of City Of Bogo (Cebu),Ms,TECTONIC
2797,2025-10-11 18:05:56+00:00,11.01,123.99,16,2.2,004 km S 13° E of City Of Bogo (Cebu),Ms,TECTONIC
2798,2025-10-11 18:02:05+00:00,8.04,126.8,8,2.4,042 km N 89° E of Lingig (Surigao Del Sur),Ms,TECTONIC
2799,2025-10-11 18:01:18+00:00,8.98,126.5,26,1.7,023 km N 74° E of Cagwait (Surigao Del Sur),Ms,TECTONIC
2800,2025-10-11 17:57:37+00:00,7.22,126.23,18,1.7,016 km S 45° E of Maragusan (Davao De Oro),Ms,TECTONIC
2801,2025-10-11 18:01:18+00:00,8.98,126.5,26,1.7,023 km N 74° E of Cagwait (Surigao Del Sur),Ms,TECTONIC
2802,2025-10-11 17:56:26+00:00,7.21,126.89,20,1.7,039 km S 90° E of Manay (Davao Oriental),Ms,TECTONIC
2803,2025-10-11 17:56:22+00:00,18.13,120.5,32,2.2,009 km N 19° W of Paoay (Ilocos Norte),Ms,TECTONIC
2804,2025-10-11 17:51:41+00:00,7.03,127.1,10,3.7,065 km S 72° E of Manay (Davao Oriental),Ms,TECTONIC
2805,2025-10-11 17:49:27+00:00,7.33,126.71,20,1.8,023 km N 55° E of Manay (Davao Oriental),Ms,TECTONIC
2806,2025-10-11 17:39:53+00:00,7.06,126.91,7,3.7,044 km S 68° E of Manay (Davao Oriental),Ms,TECTONIC
2807,2025-10-11 17:34:29+00:00,7.17,127.0,12,1.7,051 km S 86° E of Manay (Davao Oriental),Ms,TECTONIC
2808,2025-10-11 17:31:22+00:00,7.38,127.04,20,2.2,058 km N 71° E of Manay (Davao Oriental),Ms,TECTONIC
2809,2025-10-11 17:24:33+00:00,7.14,126.98,23,2.0,049 km S 80° E of Manay (Davao Oriental),Ms,TECTONIC
2810,2025-10-11 17:24:33+00:00,7.14,126.98,23,2.0,049 km S 80° E of Manay (Davao Oriental),Ms,TECTONIC
2811,2025-10-11 17:22:19+00:00,7.38,126.93,5,3.4,047 km N 66° E of Manay (Davao Oriental),Ms,TECTONIC
2812,2025-10-11 17:19:21+00:00,7.25,126.81,34,1.7,030 km N 81° E of Manay (Davao Oriental),Ms,TECTONIC
2813,2025-10-11 17:09:47+00:00,7.2,126.92,24,2.1,042 km S 88° E of Manay (Davao Oriental),Ms,TECTONIC
2814,2025-10-11 17:07:46+00:00,7.4,127.03,20,2.9,058 km N 69° E of Manay (Davao Oriental),Ms,TECTONIC
2815,2025-10-11 17:05:41+00:00,7.5,126.99,15,3.2,060 km N 58° E of Manay (Davao Oriental),Ms,TECTONIC
2816,2025-10-11 17:02:49+00:00,7.04,126.9,10,4.0,045 km S 64° E of Manay (Davao Oriental),Ms,TECTONIC
2817,2025-10-11 16:58:40+00:00,8.94,126.51,26,2.1,023 km N 85° E of Cagwait (Surigao Del Sur),Ms,TECTONIC
2818,2025-10-11 16:53:57+00:00,17.74,120.61,10,2.6,008 km N 50° W of Danglas (Abra),Ms,TECTONIC
2819,2025-10-11 16:48:23+00:00,7.22,126.37,33,1.6,019 km N 87° W of Manay (Davao Oriental),Ms,TECTONIC
2820,2025-10-11 16:45:58+00:00,7.37,126.71,33,1.8,026 km N 46° E of Manay (Davao Oriental),Ms,TECTONIC
2821,2025-10-11 16:43:21+00:00,17.74,120.64,8,3.0,006 km N 28° W of Danglas (Abra),Ms,TECTONIC
2822,2025-10-11 16:43:25+00:00,7.52,126.77,28,2.4,043 km N 37° E of Manay (Davao Oriental),Ms,TECTONIC
2823,2025-10-11 16:39:07+00:00,17.55,120.49,8,2.4,003 km N 83° W of San Quintin (Abra),Ms,TECTONIC
2824,2025-10-11 16:35:21+00:00,7.19,127.0,12,3.7,051 km S 87° E of Manay (Davao Oriental),Ms,TECTONIC
2825,2025-10-11 16:32:26+00:00,8.18,126.23,10,1.8,010 km S 66° W of City Of Bislig (Surigao Del Sur),Ms,TECTONIC
2826,2025-10-11 16:29:01+00:00,10.94,123.89,25,2.0,015 km S 42° W of City Of Bogo (Cebu),Ms,TECTONIC
2827,2025-10-11 16:24:47+00:00,7.28,126.92,31,3.0,043 km N 80° E of Manay (Davao Oriental),Ms,TECTONIC
2828,2025-10-11 16:20:02+00:00,7.08,126.96,26,2.3,049 km S 72° E of Manay (Davao Oriental),Ms,TECTONIC
2829,2025-10-11 16:14:23+00:00,7.23,126.99,15,2.8,050 km N 87° E of Manay (Davao Oriental),Ms,TECTONIC
2830,2025-10-11 15:59:19+00:00,7.14,126.76,31,2.5,026 km S 72° E of Manay (Davao Oriental),Ms,TECTONIC
2831,2025-10-11 15:57:51+00:00,7.13,126.73,29,2.0,023 km S 66° E of Manay (Davao Oriental),Ms,TECTONIC
2832,2025-10-11 15:56:10+00:00,8.82,126.46,30,3.1,020 km S 56° E of Cagwait (Surigao Del Sur),Ms,TECTONIC
2833,2025-10-11 15:51:19+00:00,11.16,124.15,10,3.0,023 km N 56° E of City Of Bogo (Cebu),Ms,TECTONIC
2834,2025-10-11 15:48:33+00:00,7.53,126.75,30,3.0,043 km N 33° E of Manay (Davao Oriental),Ms,TECTONIC
2835,2025-10-11 15:47:45+00:00,20.22,121.77,8,3.2,017 km S 41° W of Sabtang (Batanes),Ms,TECTONIC
2836,2025-10-11 15:42:42+00:00,9.02,126.2,59,2.5,016 km N 45° W of Cagwait (Surigao Del Sur),Ms,TECTONIC
2837,2025-10-11 15:39:30+00:00,11.11,123.95,8,3.0,008 km N 26° W of City Of Bogo (Cebu),Ms,TECTONIC
2838,2025-10-11 15:24:49+00:00,8.91,126.52,21,2.0,024 km S 88° E of Cagwait (Surigao Del Sur),Ms,TECTONIC
2839,2025-10-11 15:23:30+00:00,7.11,126.5,43,2.0,011 km S 20° W of Manay (Davao Oriental),Ms,TECTONIC
2840,2025-10-11 15:14:50+00:00,10.79,122.79,15,1.7,009 km S 67° E of Dumangas (Iloilo),Ms,TECTONIC
2841,2025-10-11 15:05:27+00:00,6.32,127.37,41,3.0,135 km S 43° E of Manay (Davao Oriental),Ms,TECTONIC
2842,2025-10-11 15:01:19+00:00,8.93,126.45,21,2.2,016 km N 86° E of Cagwait (Surigao Del Sur),Ms,TECTONIC
2843,2025-10-11 15:00:36+00:00,7.22,126.81,27,2.8,030 km N 87° E of Manay (Davao Oriental),Ms,TECTONIC
2844,2025-10-11 14:56:21+00:00,8.96,126.39,31,2.5,010 km N 67° E of Cagwait (Surigao Del Sur),Ms,TECTONIC
2845,2025-10-11 14:52:31+00:00,8.89,126.84,48,1.6,060 km S 87° E of Cagwait (Surigao Del Sur),Ms,TECTONIC
2846,2025-10-11 14:45:49+00:00,8.9,126.33,33,1.5,004 km S 57° E of Cagwait (Surigao Del Sur),Ms,TECTONIC
2847,2025-10-11 14:44:18+00:00,8.49,126.43,21,3.2,017 km N 36° E of Hinatuan (Surigao Del Sur),Ms,TECTONIC
2848,2025-10-11 14:42:25+00:00,8.91,126.43,25,3.2,015 km S 85° E of Cagwait (Surigao Del Sur),Ms,TECTONIC
2849,2025-10-11 14:40:16+00:00,8.86,126.52,24,1.9,025 km S 75° E of Cagwait (Surigao Del Sur),Ms,TECTONIC
2850,2025-10-11 14:32:56+00:00,8.94,126.55,24,6.0,028 km N 86° E of Cagwait (Surigao Del Sur),Mw,TECTONIC
2851,2025-10-11 14:27:37+00:00,11.12,124.0,33,1.2,008 km N 15° E of City Of Bogo (Cebu),Ms,TECTONIC
2852,2025-10-11 14:23:57+00:00,7.25,126.73,30,2.1,022 km N 77° E of Manay (Davao Oriental),Ms,TECTONIC
2853,2025-10-11 14:23:04+00:00,7.05,126.62,24,2.0,019 km East of Tarragona (Davao Oriental),Ms,TECTONIC
2854,2025-10-11 14:22:00+00:00,7.1,126.81,30,1.7,032 km S 67° E of Manay (Davao Oriental),Ms,TECTONIC
2855,2025-10-11 14:09:08+00:00,7.24,126.85,23,2.2,035 km N 84° E of Manay (Davao Oriental),Ms,TECTONIC
2856,2025-10-11 14:09:08+00:00,7.24,126.85,23,2.2,035 km N 84° E of Manay (Davao Oriental),Ms,TECTONIC
2857,2025-10-11 14:04:51+00:00,6.92,126.84,12,1.8,046 km S 46° E of Manay (Davao Oriental),Ms,TECTONIC
2858,2025-10-11 13:55:00+00:00,10.57,125.2,200,4.4,006 km N 39° E of Silago (Southern Leyte),Mw,TECTONIC
2859,2025-10-11 13:53:39+00:00,7.35,126.86,30,1.8,038 km N 67° E of Manay (Davao Oriental),Ms,TECTONIC
2860,2025-10-11 13:49:56+00:00,7.95,126.83,10,3.8,045 km N 66° E of Cateel (Davao Oriental),Ms,TECTONIC
2861,2025-10-11 13:46:01+00:00,11.24,124.0,32,2.8,022 km N 07° E of City Of Bogo (Cebu),Ms,TECTONIC
2862,2025-10-11 13:45:10+00:00,7.22,127.02,10,3.7,053 km N 88° E of Manay (Davao Oriental),M,TECTONIC
2863,2025-10-11 13:42:13+00:00,6.98,126.94,14,2.9,051 km S 60° E of Manay (Davao Oriental),Ms,TECTONIC
2864,2025-10-11 13:39:22+00:00,7.11,126.86,22,1.9,038 km S 72° E of Manay (Davao Oriental),Ms,TECTONIC
2865,2025-10-11 13:38:01+00:00,6.89,126.89,25,2.2,052 km S 48° E of Manay (Davao Oriental),Ms,TECTONIC
2866,2025-10-11 13:35:21+00:00,11.02,124.04,10,2.3,008 km S 71° E of City Of Bogo (Cebu),Ms,TECTONIC
2867,2025-10-11 13:33:43+00:00,10.93,124.09,15,1.7,018 km S 45° E of City Of Bogo (Cebu),Ms,TECTONIC
2868,2025-10-11 13:29:01+00:00,11.05,124.01,16,2.4,003 km N 88° E of City Of Bogo (Cebu),Ms,TECTONIC
2869,2025-10-11 13:26:56+00:00,7.22,126.88,13,3.1,038 km N 89° E of Manay (Davao Oriental),Ms,TECTONIC
2870,2025-10-11 13:16:21+00:00,11.03,124.08,7,2.7,011 km S 81° E of City Of Bogo (Cebu),Ms,TECTONIC
2871,2025-10-11 13:13:01+00:00,7.27,126.95,28,2.7,046 km N 82° E of Manay (Davao Oriental),Ms,TECTONIC
2872,2025-10-11 13:06:39+00:00,7.27,126.79,22,2.2,029 km N 77° E of Manay (Davao Oriental),Ms,TECTONIC
2873,2025-10-11 13:04:34+00:00,7.2,126.94,19,2.4,044 km S 89° E of Manay (Davao Oriental),Ms,TECTONIC
2874,2025-10-11 13:01:23+00:00,7.17,126.83,15,1.8,033 km S 83° E of Manay (Davao Oriental),Ms,TECTONIC
2875,2025-10-11 12:56:42+00:00,6.81,127.08,2,2.5,074 km S 53° E of Manay (Davao Oriental),Ms,TECTONIC
2876,2025-10-11 12:55:49+00:00,7.29,126.87,21,1.9,022 km N 65° E of Manay (Davao Oriental),Ms,TECTONIC
2877,2025-10-11 12:52:50+00:00,7.23,126.69,20,1.5,017 km N 82° E of Manay (Davao Oriental),Ms,TECTONIC
2878,2025-10-11 12:52:09+00:00,7.47,126.53,33,1.2,029 km N 03° W of Manay (Davao Oriental),Ms,TECTONIC
2879,2025-10-11 12:47:39+00:00,6.78,127.33,10,4.7,099 km S 61° E of Manay (Davao Oriental),M,TECTONIC
2880,2025-10-11 12:46:29+00:00,11.1,124.08,5,3.0,013 km N 62° E of City Of Bogo (Cebu),Ms,TECTONIC
2881,2025-10-11 12:45:15+00:00,7.22,126.89,23,3.0,038 km N 89° E of Manay (Davao Oriental),Ms,TECTONIC
2882,2025-10-11 12:41:20+00:00,6.53,127.38,45,3.9,120 km S 51° E of Manay (Davao Oriental),Ms,TECTONIC
2883,2025-10-11 12:38:15+00:00,11.0,124.06,2,1.9,011 km S 58° E of City Of Bogo (Cebu),Ms,TECTONIC
2884,2025-10-11 12:33:14+00:00,7.29,126.61,31,1.9,011 km N 41° E of Manay (Davao Oriental),Ms,TECTONIC
2885,2025-10-11 12:25:09+00:00,6.82,126.91,22,2.6,059 km S 44° E of Manay (Davao Oriental),Ms,TECTONIC
2886,2025-10-11 12:19:03+00:00,6.83,127.15,4,4.0,080 km S 58° E of Manay (Davao Oriental),Ms,TECTONIC
2887,2025-10-11 12:17:53+00:00,7.27,126.41,32,1.5,015 km N 66° W of Manay (Davao Oriental),Ms,TECTONIC
2888,2025-10-11 12:16:23+00:00,6.76,126.87,30,3.4,061 km S 36° E of Manay (Davao Oriental),Ms,TECTONIC
2889,2025-10-11 12:16:00+00:00,7.27,126.87,31,2.4,037 km N 80° E of Manay (Davao Oriental),Ms,TECTONIC
2890,2025-10-11 12:14:18+00:00,7.28,126.93,28,2.7,044 km N 80° E of Manay (Davao Oriental),Ms,TECTONIC
2891,2025-10-11 12:02:50+00:00,6.83,127.12,2,3.7,077 km S 57° E of Manay (Davao Oriental),Ms,TECTONIC
2892,2025-10-11 12:02:36+00:00,11.13,123.94,12,2.0,010 km N 22° W of City Of Bogo (Cebu),Ms,TECTONIC
2893,2025-10-11 11:59:24+00:00,6.82,127.13,6,3.6,079 km S 57° E of Manay (Davao Oriental),Ms,TECTONIC
2894,2025-10-11 11:54:33+00:00,6.96,127.24,5,3.9,081 km S 70° E of Manay (Davao Oriental),Ms,TECTONIC
2895,2025-10-11 11:51:43+00:00,7.21,127.02,10,3.9,053 km S 89° E of Manay (Davao Oriental),M,TECTONIC
2896,2025-10-11 11:49:54+00:00,7.33,126.83,30,1.6,035 km N 67° E of Manay (Davao Oriental),Ms,TECTONIC
2897,2025-10-11 11:48:58+00:00,11.07,123.96,3,2.6,003 km N 31° W of City Of Bogo (Cebu),Ms,TECTONIC
2898,2025-10-11 11:44:34+00:00,7.31,126.84,24,2.1,035 km N 71° E of Manay (Davao Oriental),Ms,TECTONIC
2899,2025-10-11 11:34:08+00:00,7.19,127.05,3,2.9,057 km S 87° E of Manay (Davao Oriental),Ms,TECTONIC
2900,2025-10-11 11:28:58+00:00,11.11,124.17,33,2.6,022 km N 72° E of City Of Bogo (Cebu),Ms,TECTONIC
2901,2025-10-11 11:28:08+00:00,6.86,126.92,36,1.7,057 km S 47° E of Manay (Davao Oriental),Ms,TECTONIC
2902,2025-10-11 11:20:38+00:00,6.89,126.99,13,2.9,061 km S 54° E of Manay (Davao Oriental),Ms,TECTONIC
2903,2025-10-11 11:16:02+00:00,6.92,126.92,11,3.1,053 km S 52° E of Manay (Davao Oriental),Ms,TECTONIC
2904,2025-10-11 11:13:14+00:00,7.18,126.95,33,1.7,046 km S 86° E of Manay (Davao Oriental),Ms,TECTONIC
2905,2025-10-11 11:13:14+00:00,7.18,126.95,33,1.7,046 km S 86° E of Manay (Davao Oriental),Ms,TECTONIC
2906,2025-10-11 11:12:57+00:00,14.02,120.53,110,1.6,013 km S 61° W of Nasugbu (Batangas),Ms,TECTONIC
2907,2025-10-11 11:10:00+00:00,7.21,126.64,20,2.0,011 km S 87° E of Manay (Davao Oriental),Ms,TECTONIC
2908,2025-10-11 11:11:56+00:00,8.19,127.27,11,1.8,096 km N 80° E of Lingig (Surigao Del Sur),Ms,TECTONIC
2909,2025-10-11 11:06:45+00:00,7.29,126.87,28,2.2,037 km N 76° E of Manay (Davao Oriental),Ms,TECTONIC
2910,2025-10-11 11:04:02+00:00,7.24,126.66,13,2.1,014 km N 77° E of Manay (Davao Oriental),Ms,TECTONIC
2911,2025-10-11 10:59:36+00:00,7.13,126.88,14,3.6,038 km S 76° E of Manay (Davao Oriental),Ms,TECTONIC
2912,2025-10-11 10:58:50+00:00,7.3,126.83,24,1.8,034 km N 73° E of Manay (Davao Oriental),Ms,TECTONIC
2913,2025-10-11 10:53:30+00:00,7.27,126.71,16,2.1,020 km N 71° E of Manay (Davao Oriental),Ms,TECTONIC
2914,2025-10-11 10:51:57+00:00,11.12,124.15,2,1.8,021 km N 66° E of City Of Bogo (Cebu),Ms,TECTONIC
2915,2025-10-11 10:47:10+00:00,7.29,126.88,25,3.1,038 km N 76° E of Manay (Davao Oriental),Ms,TECTONIC
2916,2025-10-11 10:43:56+00:00,7.14,126.88,2,2.5,039 km S 79° E of Manay (Davao Oriental),Ms,TECTONIC
2917,2025-10-11 10:39:11+00:00,10.98,123.87,15,2.9,014 km S 57° W of City Of Bogo (Cebu),Ms,TECTONIC
2918,2025-10-11 10:35:30+00:00,7.26,126.82,18,3.8,031 km N 81° E of Manay (Davao Oriental),Ms,TECTONIC
2919,2025-10-11 10:27:21+00:00,7.23,126.91,18,5.5,041 km N 87° E of Manay (Davao Oriental),Mw,TECTONIC
2920,2025-10-11 10:15:01+00:00,15.29,120.26,99,2.7,025 km S 89° E of Botolan (Zambales),Ms,TECTONIC
2921,2025-10-11 09:57:26+00:00,7.14,127.01,22,2.0,053 km S 82° E of Manay (Davao Oriental),Ms,TECTONIC
2922,2025-10-11 09:43:04+00:00,20.02,121.65,43,2.4,041 km S 34° W of Sabtang (Batanes),Ms,TECTONIC
2923,2025-10-11 09:42:47+00:00,7.08,127.0,13,3.0,053 km S 74° E of Manay (Davao Oriental),Ms,TECTONIC
2924,2025-10-11 09:35:42+00:00,11.13,123.91,6,1.7,012 km N 36° W of City Of Bogo (Cebu),Ms,TECTONIC
2925,2025-10-11 09:32:11+00:00,15.24,120.23,112,5.1,022 km S 77° E of Botolan (Zambales),Mw,TECTONIC
2926,2025-10-11 09:26:54+00:00,7.31,127.04,16,2.9,057 km N 79° E of Manay (Davao Oriental),Ms,TECTONIC
2927,2025-10-11 09:25:58+00:00,10.89,123.95,9,2.8,018 km S 10° W of City Of Bogo (Cebu),Ms,TECTONIC
2928,2025-10-11 09:20:05+00:00,7.0,127.04,6,3.6,060 km S 67° E of Manay (Davao Oriental),Ms,TECTONIC
2929,2025-10-11 09:20:05+00:00,7.0,127.04,6,3.6,060 km S 67° E of Manay (Davao Oriental),Ms,TECTONIC
2930,2025-10-11 09:09:07+00:00,7.42,126.47,36,1.8,025 km N 18° W of Manay (Davao Oriental),Ms,TECTONIC
2931,2025-10-11 09:06:06+00:00,7.16,126.7,18,1.7,019 km S 72° E of Manay (Davao Oriental),Ms,TECTONIC
2932,2025-10-11 08:55:48+00:00,7.46,125.81,16,2.1,003 km N 38° W of City Of Tagum (Davao Del Norte),Ms,TECTONIC
2933,2025-10-11 08:53:52+00:00,7.44,127.18,19,3.1,076 km N 70° E of Manay (Davao Oriental),Ms,TECTONIC
2934,2025-10-11 08:51:25+00:00,7.28,126.65,17,2.5,014 km N 55° E of Manay (Davao Oriental),Ms,TECTONIC
2935,2025-10-11 08:41:29+00:00,6.72,127.15,19,3.6,087 km S 51° E of Manay (Davao Oriental),Ms,TECTONIC
2936,2025-10-11 08:38:21+00:00,11.13,124.11,2,2.0,018 km N 56° E of City Of Bogo (Cebu),Ms,TECTONIC
2937,2025-10-11 08:25:48+00:00,7.03,126.82,25,2.9,037 km S 58° E of Manay (Davao Oriental),Ms,TECTONIC
2938,2025-10-11 08:12:29+00:00,12.52,124.69,33,2.7,007 km N 69° E of Catarman (Northern Samar),Ms,TECTONIC
2939,2025-10-11 08:04:27+00:00,8.16,127.04,7,3.0,070 km N 79° E of Lingig (Surigao Del Sur),Ms,TECTONIC
2940,2025-10-11 08:03:48+00:00,10.99,123.82,2,1.4,018 km S 70° W of City Of Bogo (Cebu),Ms,TECTONIC
2941,2025-10-11 07:36:44+00:00,10.96,124.0,28,1.7,010 km S 12° E of City Of Bogo (Cebu),Ms,TECTONIC
2942,2025-10-11 07:36:04+00:00,10.9,124.01,38,1.5,017 km S 13° E of City Of Bogo (Cebu),Ms,TECTONIC
2943,2025-10-11 07:31:38+00:00,7.12,126.81,26,1.9,032 km S 71° E of Manay (Davao Oriental),Ms,TECTONIC
2944,2025-10-11 07:25:16+00:00,7.18,126.98,8,2.7,049 km S 86° E of Manay (Davao Oriental),Ms,TECTONIC
2945,2025-10-11 07:24:28+00:00,10.97,123.91,2,1.8,011 km S 42° W of City Of Bogo (Cebu),Ms,TECTONIC
2946,2025-10-11 07:22:37+00:00,7.41,126.77,27,2.6,034 km N 49° E of Manay (Davao Oriental),Ms,TECTONIC
2947,2025-10-11 07:21:38+00:00,11.24,124.03,30,1.9,022 km N 16° E of City Of Bogo (Cebu),Ms,TECTONIC
2948,2025-10-11 07:19:21+00:00,10.87,123.82,3,2.1,027 km S 42° W of City Of Bogo (Cebu),Ms,TECTONIC
2949,2025-10-11 07:14:32+00:00,11.14,124.14,16,2.6,020 km N 59° E of City Of Bogo (Cebu),Ms,TECTONIC
2950,2025-10-11 07:06:29+00:00,7.1,127.14,22,2.5,067 km S 80° E of Manay (Davao Oriental),Ms,TECTONIC
2951,2025-10-11 07:02:28+00:00,7.05,127.14,3,4.3,068 km S 75° E of Manay (Davao Oriental),Ms,TECTONIC
2952,2025-10-11 06:51:03+00:00,7.12,126.83,17,2.1,034 km S 72° E of Manay (Davao Oriental),Ms,TECTONIC
2953,2025-10-11 06:44:58+00:00,7.2,126.97,20,2.3,048 km S 89° E of Manay (Davao Oriental),Ms,TECTONIC
2954,2025-10-11 06:40:53+00:00,7.42,126.82,25,1.2,038 km N 53° E of Manay (Davao Oriental),Ms,TECTONIC
2955,2025-10-11 06:36:07+00:00,7.28,126.56,16,2.2,009 km N 17° E of Manay (Davao Oriental),Ms,TECTONIC
2956,2025-10-11 06:17:36+00:00,13.83,119.98,19,2.3,016 km S 80° W of Lubang (Occidental Mindoro),Ms,TECTONIC
2957,2025-10-11 06:17:31+00:00,7.05,126.82,20,3.3,036 km S 61° E of Manay (Davao Oriental),Ms,TECTONIC
2958,2025-10-11 06:16:48+00:00,7.04,126.97,33,1.5,051 km S 68° E of Manay (Davao Oriental),Ms,TECTONIC
2959,2025-10-11 06:14:51+00:00,7.61,126.44,64,1.0,014 km N 72° W of Baganga (Davao Oriental),Ms,TECTONIC
2960,2025-10-11 06:09:25+00:00,11.15,124.01,29,1.4,012 km N 16° E of City Of Bogo (Cebu),Ms,TECTONIC
2961,2025-10-11 06:09:19+00:00,6.87,126.9,13,2.8,055 km S 46° E of Manay (Davao Oriental),Ms,TECTONIC
2962,2025-10-11 06:08:33+00:00,11.18,124.07,10,1.7,018 km N 33° E of City Of Bogo (Cebu),Ms,TECTONIC
2963,2025-10-11 06:05:32+00:00,10.86,123.95,2,2.3,023 km S 06° W of City Of Bogo (Cebu),Ms,TECTONIC
2964,2025-10-11 05:54:26+00:00,9.93,122.05,2,2.6,045 km N 66° W of City Of Sipalay (Negros Occidental),Ms,TECTONIC
2965,2025-10-11 05:54:01+00:00,7.35,126.89,32,1.8,042 km N 68° E of Manay (Davao Oriental),Ms,TECTONIC
2966,2025-10-11 05:54:01+00:00,7.35,126.89,32,1.8,042 km N 68° E of Manay (Davao Oriental),Ms,TECTONIC
2967,2025-10-11 05:51:29+00:00,7.16,126.79,27,2.9,028 km S 79° E of Manay (Davao Oriental),Ms,TECTONIC
2968,2025-10-11 05:46:19+00:00,7.26,126.92,14,2.4,043 km N 83° E of Manay (Davao Oriental),Ms,TECTONIC
2969,2025-10-11 05:43:51+00:00,7.97,127.15,19,3.6,078 km N 56° E of Baganga (Davao Oriental),Ms,TECTONIC
2970,2025-10-11 05:39:08+00:00,10.99,123.97,26,1.3,006 km S 11° W of City Of Bogo (Cebu),Ms,TECTONIC
2971,2025-10-11 05:30:08+00:00,10.96,123.98,2,2.4,010 km S 01° W of City Of Bogo (Cebu),Ms,TECTONIC
2972,2025-10-11 05:25:14+00:00,7.26,127.11,1,3.9,063 km N 85° E of Manay (Davao Oriental),Ms,TECTONIC
2973,2025-10-11 05:12:56+00:00,11.09,124.07,23,2.2,012 km N 63° E of City Of Bogo (Cebu),Ms,TECTONIC
2974,2025-10-11 05:11:17+00:00,11.38,124.1,24,2.3,039 km N 20° E of City Of Bogo (Cebu),Ms,TECTONIC
2975,2025-10-11 05:09:02+00:00,7.44,126.58,32,2.5,026 km N 10° E of Manay (Davao Oriental),Ms,TECTONIC
2976,2025-10-11 05:03:17+00:00,11.18,124.1,26,1.9,020 km N 42° E of City Of Bogo (Cebu),Ms,TECTONIC
2977,2025-10-11 05:01:59+00:00,7.4,126.66,27,2.4,025 km N 32° E of Manay (Davao Oriental),Ms,TECTONIC
2978,2025-10-11 04:53:13+00:00,7.83,126.37,1,2.0,004 km S 14° W of Boston (Davao Oriental),Ms,TECTONIC
2979,2025-10-11 04:46:53+00:00,7.26,126.74,11,2.5,023 km N 75° E of Manay (Davao Oriental),Ms,TECTONIC
2980,2025-10-11 04:40:20+00:00,6.95,126.95,1,3.3,054 km S 57° E of Manay (Davao Oriental),Ms,TECTONIC
2981,2025-10-11 04:37:11+00:00,8.12,126.77,11,2.3,041 km N 77° E of Lingig (Surigao Del Sur),Ms,TECTONIC
2982,2025-10-11 04:28:10+00:00,11.04,123.97,3,1.5,004 km S 48° W of City Of Bogo (Cebu),Ms,TECTONIC
2983,2025-10-11 04:26:06+00:00,9.52,125.7,4,2.4,007 km S 33° W of Claver (Surigao Del Norte),Ms,TECTONIC
2984,2025-10-11 04:12:35+00:00,6.55,127.06,6,2.7,093 km S 38° E of Manay (Davao Oriental),Ms,TECTONIC
2985,2025-10-11 04:00:43+00:00,7.27,126.84,23,2.3,034 km N 78° E of Manay (Davao Oriental),Ms,TECTONIC
2986,2025-10-11 03:59:37+00:00,7.2,126.63,16,2.2,010 km S 86° E of Manay (Davao Oriental),Ms,TECTONIC
2987,2025-10-11 03:59:17+00:00,7.27,126.69,15,2.5,018 km N 69° E of Manay (Davao Oriental),Ms,TECTONIC
2988,2025-10-11 03:52:42+00:00,11.15,124.11,35,1.1,018 km N 52° E of City Of Bogo (Cebu),Ms,TECTONIC
2989,2025-10-11 03:48:33+00:00,7.39,126.78,30,2.3,034 km N 53° E of Manay (Davao Oriental),Ms,TECTONIC
2990,2025-10-11 03:47:12+00:00,7.34,126.65,31,2.0,020 km N 41° E of Manay (Davao Oriental),Ms,TECTONIC
2991,2025-10-11 03:35:20+00:00,7.02,127.08,2,3.2,067 km S 70° E of Manay (Davao Oriental),Ms,TECTONIC
2992,2025-10-11 03:34:06+00:00,7.29,126.78,33,2.6,028 km N 73° E of Manay (Davao Oriental),Ms,TECTONIC
2993,2025-10-11 03:32:22+00:00,7.31,127.1,20,3.6,063 km N 80° E of Manay (Davao Oriental),Ms,TECTONIC
2994,2025-10-11 03:28:16+00:00,7.32,127.4,7,3.5,095 km N 83° E of Manay (Davao Oriental),Ms,TECTONIC
2995,2025-10-11 03:22:17+00:00,9.97,126.06,32,2.4,004 km N 42° W of San Isidro (Surigao Del Norte),Ms,TECTONIC
2996,2025-10-11 03:20:18+00:00,7.14,126.77,27,2.9,027 km S 74° E of Manay (Davao Oriental),Ms,TECTONIC
2997,2025-10-11 03:17:48+00:00,11.2,124.06,34,1.1,019 km N 26° E of City Of Bogo (Cebu),Ms,TECTONIC
2998,2025-10-11 03:16:17+00:00,7.31,127.05,12,3.4,058 km N 79° E of Manay (Davao Oriental),Ms,TECTONIC
2999,2025-10-11 02:54:06+00:00,11.14,124.1,32,1.5,017 km N 51° E of City Of Bogo (Cebu),Ms,TECTONIC
3000,2025-10-11 02:51:26+00:00,7.29,127.05,17,2.8,057 km N 81° E of Manay (Davao Oriental),Ms,TECTONIC
3001,2025-10-11 02:46:26+00:00,7.25,126.75,25,2.0,024 km N 80° E of Manay (Davao Oriental),Ms,TECTONIC
3002,2025-10-11 02:34:32+00:00,10.96,124.14,40,1.8,020 km S 61° E of City Of Bogo (Cebu),Ms,TECTONIC
3003,2025-10-11 02:28:34+00:00,11.11,124.19,1,3.3,024 km N 72° E of City Of Bogo (Cebu),Ms,TECTONIC
3004,2025-10-11 02:22:01+00:00,11.18,124.15,33,1.7,023 km N 52° E of City Of Bogo (Cebu),Ms,TECTONIC
3005,2025-10-11 02:04:25+00:00,7.43,127.19,26,3.7,076 km N 72° E of Manay (Davao Oriental),Ms,TECTONIC
3006,2025-10-11 02:02:00+00:00,7.42,126.93,22,3.4,049 km N 62° E of Manay (Davao Oriental),Ms,TECTONIC
3007,2025-10-11 01:58:52+00:00,11.08,123.89,29,1.8,010 km N 66° W of City Of Bogo (Cebu),Ms,TECTONIC
3008,2025-10-11 01:43:09+00:00,7.31,126.65,27,1.8,016 km N 49° E of Manay (Davao Oriental),Ms,TECTONIC
3009,2025-10-11 01:42:05+00:00,7.12,126.51,1,2.5,011 km S 07° W of Manay (Davao Oriental),Ms,TECTONIC
3010,2025-10-11 01:35:54+00:00,11.16,124.01,33,1.3,013 km N 15° E of City Of Bogo (Cebu),Ms,TECTONIC
3011,2025-10-11 01:35:08+00:00,7.2,126.85,14,2.4,034 km S 88° E of Manay (Davao Oriental),Ms,TECTONIC
3012,2025-10-11 01:34:31+00:00,11.1,124.12,30,1.5,016 km N 70° E of City Of Bogo (Cebu),Ms,TECTONIC
3013,2025-10-11 01:30:39+00:00,10.88,123.91,2,1.6,020 km S 22° W of City Of Bogo (Cebu),Ms,TECTONIC
3014,2025-10-11 01:16:30+00:00,6.88,127.05,8,4.6,067 km S 56° E of Manay (Davao Oriental),Ms,TECTONIC
3015,2025-10-11 01:00:19+00:00,11.15,123.96,10,2.1,012 km N 09° W of City Of Bogo (Cebu),Ms,TECTONIC
3016,2025-10-11 00:52:35+00:00,7.41,126.83,25,2.6,039 km N 54° E of Manay (Davao Oriental),Ms,TECTONIC
3017,2025-10-11 00:51:07+00:00,6.89,127.06,12,2.6,068 km S 58° E of Manay (Davao Oriental),Ms,TECTONIC
3018,2025-10-11 00:48:03+00:00,6.84,127.01,13,3.6,066 km S 52° E of Manay (Davao Oriental),Ms,TECTONIC
3019,2025-10-11 00:32:08+00:00,11.13,124.0,28,1.6,013 km N 16° E of City Of Bogo (Cebu),Ms,TECTONIC
3020,2025-10-11 00:28:36+00:00,7.35,126.79,26,2.3,032 km N 61° E of Manay (Davao Oriental),Ms,TECTONIC
3021,2025-10-11 00:18:26+00:00,7.34,126.77,24,2.7,029 km N 60° E of Manay (Davao Oriental),Ms,TECTONIC
3022,2025-10-11 00:09:11+00:00,11.11,123.96,13,1.8,007 km N 21° W of City Of Bogo (Cebu),Ms,TECTONIC
3023,2025-10-10 23:55:22+00:00,11.22,123.93,8,2.1,020 km N 17° W of City Of Bogo (Cebu),Ms,TECTONIC
3024,2025-10-10 23:52:56+00:00,7.18,125.89,4,2.5,006 km N 05° W of Pantukan (Davao De Oro),Ms,TECTONIC
3025,2025-10-10 23:48:53+00:00,6.99,127.04,17,3.7,060 km S 66° E of Manay (Davao Oriental),Ms,TECTONIC
3026,2025-10-10 23:42:32+00:00,7.25,127.13,14,3.0,065 km N 87° E of Manay (Davao Oriental),Ms,TECTONIC
3027,2025-10-10 23:40:17+00:00,18.36,120.42,14,2.7,021 km N 83° W of Pasuquin (Ilocos Norte),Ms,TECTONIC
3028,2025-10-10 23:36:57+00:00,7.36,126.76,11,2.5,020 km N 28° E of Manay (Davao Oriental),Ms,TECTONIC
3029,2025-10-10 23:28:59+00:00,11.12,123.99,8,2.6,008 km N 05° E of City Of Bogo (Cebu),Ms,TECTONIC
3030,2025-10-10 23:28:12+00:00,7.07,127.14,31,1.9,069 km S 76° E of Manay (Davao Oriental),Ms,TECTONIC
3031,2025-10-10 23:27:35+00:00,9.84,125.97,33,1.9,003 km S 02° E of Del Carmen (Surigao Del Norte),Ms,TECTONIC
3032,2025-10-10 23:22:37+00:00,11.64,125.82,15,2.6,039 km N 66° E of Maydolong (Eastern Samar),Ms,TECTONIC
3033,2025-10-10 23:12:42+00:00,7.36,126.79,33,2.9,032 km N 59° E of Manay (Davao Oriental),Ms,TECTONIC
3034,2025-10-10 23:04:01+00:00,7.12,126.91,23,3.2,042 km S 77° E of Manay (Davao Oriental),Ms,TECTONIC
3035,2025-10-10 22:52:20+00:00,7.25,126.83,22,2.7,033 km N 83° E of Manay (Davao Oriental),Ms,TECTONIC
3036,2025-10-10 22:41:57+00:00,7.43,127.06,13,3.0,062 km N 67° E of Manay (Davao Oriental),Ms,TECTONIC
3037,2025-10-10 22:41:17+00:00,7.35,126.75,21,1.9,028 km N 56° E of Manay (Davao Oriental),Ms,TECTONIC
3038,2025-10-10 22:35:11+00:00,6.63,126.98,24,3.5,081 km S 37° E of Manay (Davao Oriental),Ms,TECTONIC
3039,2025-10-10 22:35:19+00:00,10.87,123.89,1,3.0,022 km S 26° W of City Of Bogo (Cebu),Ms,TECTONIC
3040,2025-10-10 22:20:49+00:00,7.23,127.06,17,4.9,057 km N 88° E of Manay (Davao Oriental),Ms,TECTONIC
3041,2025-10-10 22:10:34+00:00,10.93,123.96,3,2.1,013 km S 08° W of City Of Bogo (Cebu),Ms,TECTONIC
3042,2025-10-10 22:09:25+00:00,7.32,126.82,31,2.1,033 km N 68° E of Manay (Davao Oriental),Ms,TECTONIC
3043,2025-10-10 22:03:59+00:00,7.05,126.87,18,3.0,040 km S 64° E of Manay (Davao Oriental),Ms,TECTONIC
3044,2025-10-10 21:46:37+00:00,7.18,126.01,22,2.6,013 km N 65° E of Pantukan (Davao De Oro),Ms,TECTONIC
3045,2025-10-10 21:44:45+00:00,11.04,123.97,3,3.1,001 km S 73° W of City Of Bogo (Cebu),Ms,TECTONIC
3046,2025-10-10 21:38:51+00:00,7.44,127.1,18,2.3,065 km N 67° E of Manay (Davao Oriental),Ms,TECTONIC
3047,2025-10-10 21:35:46+00:00,5.26,126.39,6,2.6,105 km S 77° E of Sarangani Island (Municipality Of Sarangani) (Davao Occidental),Ms,TECTONIC
3048,2025-10-10 21:32:41+00:00,6.44,125.5,121,2.8,012 km N 77° W of Malita (Davao Occidental),Ms,TECTONIC
3049,2025-10-10 21:30:15+00:00,7.21,126.68,28,2.2,015 km S 89° E of Manay (Davao Oriental),Ms,TECTONIC
3050,2025-10-10 21:28:58+00:00,7.05,127.05,25,2.1,059 km S 73° E of Manay (Davao Oriental),Ms,TECTONIC
3051,2025-10-10 21:27:19+00:00,7.41,126.93,1,2.6,048 km N 63° E of Manay (Davao Oriental),Ms,TECTONIC
3052,2025-10-10 21:25:29+00:00,7.06,126.93,36,2.4,046 km S 69° E of Manay (Davao Oriental),Ms,TECTONIC
3053,2025-10-10 21:23:25+00:00,7.29,127.08,13,2.3,060 km N 82° E of Manay (Davao Oriental),Ms,TECTONIC
3054,2025-10-10 21:12:13+00:00,9.0,122.71,9,2.6,036 km S 79° W of Siaton (Negros Oriental),Ms,TECTONIC
3055,2025-10-10 21:18:18+00:00,7.31,126.73,32,2.3,024 km N 63° E of Manay (Davao Oriental),Ms,TECTONIC
3056,2025-10-10 21:16:55+00:00,6.91,126.94,18,2.3,055 km S 53° E of Manay (Davao Oriental),Ms,TECTONIC
3057,2025-10-10 21:15:52+00:00,7.34,127.26,33,2.3,081 km N 80° E of Manay (Davao Oriental),Ms,TECTONIC
3058,2025-10-10 21:12:52+00:00,7.19,127.41,33,1.8,096 km S 89° E of Manay (Davao Oriental),Ms,TECTONIC
3059,2025-10-10 21:12:13+00:00,9.0,122.71,9,2.6,036 km S 79° W of Siaton (Negros Oriental),Ms,TECTONIC
3060,2025-10-10 21:11:53+00:00,7.28,127.23,34,2.9,077 km N 85° E of Manay (Davao Oriental),Ms,TECTONIC
3061,2025-10-10 21:07:03+00:00,7.02,126.98,18,2.2,053 km S 66° E of Manay (Davao Oriental),Ms,TECTONIC
3062,2025-10-10 21:04:28+00:00,10.92,123.92,4,3.2,016 km S 24° W of City Of Bogo (Cebu),Ms,TECTONIC
3063,2025-10-10 21:02:38+00:00,7.32,126.95,23,2.4,047 km N 76° E of Manay (Davao Oriental),Ms,TECTONIC
3064,2025-10-10 20:53:31+00:00,7.43,127.08,6,3.7,065 km N 68° E of Manay (Davao Oriental),Ms,TECTONIC
3065,2025-10-10 20:48:42+00:00,7.28,127.21,14,2.3,074 km N 84° E of Manay (Davao Oriental),Ms,TECTONIC
3066,2025-10-10 20:47:32+00:00,7.2,126.93,26,1.8,043 km S 88° E of Manay (Davao Oriental),Ms,TECTONIC
3067,2025-10-10 20:46:02+00:00,7.34,127.15,13,2.4,069 km N 78° E of Manay (Davao Oriental),Ms,TECTONIC
3068,2025-10-10 20:40:35+00:00,11.03,124.01,31,1.9,003 km S 65° E of City Of Bogo (Cebu),Ms,TECTONIC
3069,2025-10-10 20:40:16+00:00,7.09,127.04,21,4.0,056 km S 77° E of Manay (Davao Oriental),Ms,TECTONIC
3070,2025-10-10 20:38:33+00:00,13.5,120.75,10,2.9,007 km N 20° E of Abra De Ilog (Occidental Mindoro),Ms,TECTONIC
3071,2025-10-10 20:38:48+00:00,11.15,124.01,34,1.2,012 km N 17° E of City Of Bogo (Cebu),Ms,TECTONIC
3072,2025-10-10 20:36:12+00:00,7.17,126.69,18,1.8,017 km S 73° E of Manay (Davao Oriental),Ms,TECTONIC
3073,2025-10-10 20:36:05+00:00,11.15,123.98,29,1.9,011 km N 03° E of City Of Bogo (Cebu),Ms,TECTONIC
3074,2025-10-10 20:35:18+00:00,7.37,126.77,16,2.4,031 km N 56° E of Manay (Davao Oriental),Ms,TECTONIC
3075,2025-10-10 20:33:24+00:00,8.93,126.82,30,1.6,057 km N 88° E of Cagwait (Surigao Del Sur),Ms,TECTONIC
3076,2025-10-10 20:27:43+00:00,7.07,127.11,33,2.7,065 km S 76° E of Manay (Davao Oriental),Ms,TECTONIC
3077,2025-10-10 20:26:30+00:00,7.06,127.29,33,2.7,084 km S 79° E of Manay (Davao Oriental),Ms,TECTONIC
3078,2025-10-10 20:22:52+00:00,6.46,127.32,24,3.1,120 km S 46° E of Manay (Davao Oriental),Ms,TECTONIC
3079,2025-10-10 20:21:08+00:00,6.82,127.09,8,3.4,074 km S 55° E of Manay (Davao Oriental),Ms,TECTONIC
3080,2025-10-10 20:21:04+00:00,13.95,120.55,111,1.6,015 km N 34° W of Calatagan (Batangas),Ms,TECTONIC
3081,2025-10-10 20:17:51+00:00,11.13,124.03,24,1.8,010 km N 29° E of City Of Bogo (Cebu),Ms,TECTONIC
3082,2025-10-10 20:14:03+00:00,11.26,124.03,25,1.9,024 km N 12° E of City Of Bogo (Cebu),Ms,TECTONIC
3083,2025-10-10 20:13:39+00:00,7.39,127.08,21,2.5,063 km N 72° E of Manay (Davao Oriental),Ms,TECTONIC
3084,2025-10-10 20:07:19+00:00,7.21,127.06,14,2.4,057 km S 90° E of Manay (Davao Oriental),Ms,TECTONIC
3085,2025-10-10 20:05:42+00:00,9.71,125.26,33,2.2,019 km N 56° W of Malimono (Surigao Del Norte),Ms,TECTONIC
3086,2025-10-10 19:53:25+00:00,7.38,126.83,33,1.8,037 km N 60° E of Manay (Davao Oriental),Ms,TECTONIC
3087,2025-10-10 19:49:37+00:00,7.34,126.65,33,1.9,018 km N 41° E of Manay (Davao Oriental),Ms,TECTONIC
3088,2025-10-10 19:48:24+00:00,7.35,126.68,37,1.8,022 km N 44° E of Manay (Davao Oriental),Ms,TECTONIC
3089,2025-10-10 19:45:37+00:00,7.13,126.76,31,2.4,026 km S 70° E of Manay (Davao Oriental),Ms,TECTONIC
3090,2025-10-10 19:44:26+00:00,7.25,126.77,33,2.4,026 km N 79° E of Manay (Davao Oriental),Ms,TECTONIC
3091,2025-10-10 19:43:12+00:00,7.35,126.76,34,2.0,029 km N 58° E of Manay (Davao Oriental),Ms,TECTONIC
3092,2025-10-10 19:40:30+00:00,6.91,127.04,21,2.8,064 km S 59° E of Manay (Davao Oriental),Ms,TECTONIC
3093,2025-10-10 19:36:54+00:00,6.71,127.26,1,4.1,097 km S 55° E of Manay (Davao Oriental),Ms,TECTONIC
3094,2025-10-10 19:36:06+00:00,7.46,127.13,12,2.6,071 km N 67° E of Manay (Davao Oriental),Ms,TECTONIC
3095,2025-10-10 19:33:55+00:00,7.41,126.96,12,2.8,051 km N 65° E of Manay (Davao Oriental),Ms,TECTONIC
3096,2025-10-10 19:32:03+00:00,7.27,127.12,20,2.1,064 km N 84° E of Manay (Davao Oriental),Ms,TECTONIC
3097,2025-10-10 19:31:15+00:00,18.89,120.97,4,2.8,033 km N 21° W of Claveria (Cagayan),Ms,TECTONIC
3098,2025-10-10 19:27:26+00:00,7.29,126.68,32,1.8,018 km N 59° E of Manay (Davao Oriental),Ms,TECTONIC
3099,2025-10-10 19:24:25+00:00,7.35,127.03,20,3.1,057 km N 74° E of Manay (Davao Oriental),Ms,TECTONIC
3100,2025-10-10 19:21:45+00:00,6.72,127.45,36,2.3,115 km S 62° E of Manay (Davao Oriental),Ms,TECTONIC
3101,2025-10-10 19:20:29+00:00,7.19,127.0,26,2.7,050 km S 88° E of Manay (Davao Oriental),Ms,TECTONIC
3102,2025-10-10 19:19:57+00:00,10.98,123.94,21,2.0,008 km S 29° W of City Of Bogo (Cebu),Ms,TECTONIC
3103,2025-10-10 19:19:15+00:00,7.22,127.27,46,2.1,081 km N 90° E of Manay (Davao Oriental),Ms,TECTONIC
3104,2025-10-10 19:14:12+00:00,7.34,127.2,19,3.5,074 km N 79° E of Manay (Davao Oriental),Ms,TECTONIC
3105,2025-10-10 19:12:45+00:00,7.08,127.05,32,2.6,058 km S 76° E of Manay (Davao Oriental),Ms,TECTONIC
3106,2025-10-10 19:11:51+00:00,7.26,126.93,24,2.9,043 km N 83° E of Manay (Davao Oriental),Ms,TECTONIC
3107,2025-10-10 19:06:43+00:00,7.32,127.15,18,3.4,068 km N 80° E of Manay (Davao Oriental),Ms,TECTONIC
3108,2025-10-10 19:01:11+00:00,7.12,126.44,33,2.3,015 km S 47° W of Manay (Davao Oriental),Ms,TECTONIC
3109,2025-10-10 19:02:47+00:00,7.31,126.64,24,2.0,016 km N 45° E of Manay (Davao Oriental),Ms,TECTONIC
3110,2025-10-10 19:01:11+00:00,7.12,126.44,33,2.3,015 km S 47° W of Manay (Davao Oriental),Ms,TECTONIC
3111,2025-10-10 18:59:48+00:00,7.18,126.76,22,3.2,024 km S 82° E of Manay (Davao Oriental),Ms,TECTONIC
3112,2025-10-10 18:58:10+00:00,7.16,127.22,23,2.8,075 km S 85° E of Manay (Davao Oriental),Ms,TECTONIC
3113,2025-10-10 18:54:05+00:00,7.38,126.67,23,1.8,024 km N 37° E of Manay (Davao Oriental),Ms,TECTONIC
3114,2025-10-10 18:51:53+00:00,11.05,124.0,26,1.9,003 km East of City Of Bogo (Cebu),Ms,TECTONIC
3115,2025-10-10 18:48:34+00:00,7.44,127.16,23,1.9,073 km N 70° E of Manay (Davao Oriental),Ms,TECTONIC
3116,2025-10-10 18:45:12+00:00,7.16,127.01,20,2.8,052 km S 83° E of Manay (Davao Oriental),Ms,TECTONIC
3117,2025-10-10 18:43:27+00:00,7.1,127.02,26,2.4,054 km S 77° E of Manay (Davao Oriental),Ms,TECTONIC
3118,2025-10-10 18:40:51+00:00,7.18,126.84,34,2.5,033 km S 84° E of Manay (Davao Oriental),Ms,TECTONIC
3119,2025-10-10 18:38:11+00:00,7.34,127.57,1,1.6,114 km N 83° E of Manay (Davao Oriental),Ms,TECTONIC
3120,2025-10-10 18:36:55+00:00,11.06,124.06,31,2.2,009 km N 79° E of City Of Bogo (Cebu),Ms,TECTONIC
3121,2025-10-10 18:36:31+00:00,7.26,127.0,17,2.9,051 km N 84° E of Manay (Davao Oriental),Ms,TECTONIC
3122,2025-10-10 18:33:53+00:00,7.21,127.02,20,2.7,053 km N 90° E of Manay (Davao Oriental),Ms,TECTONIC
3123,2025-10-10 18:32:07+00:00,8.13,126.84,12,1.6,048 km N 77° E of Lingig (Surigao Del Sur),Ms,TECTONIC
3124,2025-10-10 18:29:25+00:00,7.2,126.85,7,2.0,034 km S 88° E of Manay (Davao Oriental),Ms,TECTONIC
3125,2025-10-10 18:26:13+00:00,7.4,127.25,43,2.5,081 km N 75° E of Manay (Davao Oriental),Ms,TECTONIC
3126,2025-10-10 18:25:14+00:00,7.45,126.71,18,1.8,032 km N 36° E of Manay (Davao Oriental),Ms,TECTONIC
3127,2025-10-10 18:22:17+00:00,7.42,127.03,11,4.6,059 km N 66° E of Manay (Davao Oriental),Ms,TECTONIC
3128,2025-10-10 18:22:10+00:00,11.12,123.95,6,3.0,008 km N 24° W of City Of Bogo (Cebu),Ms,TECTONIC
3129,2025-10-10 18:17:52+00:00,7.06,126.96,11,3.9,050 km S 70° E of Manay (Davao Oriental),Ms,TECTONIC
3130,2025-10-10 18:15:17+00:00,7.06,126.99,8,3.7,052 km S 72° E of Manay (Davao Oriental),Ms,TECTONIC
3131,2025-10-10 18:13:07+00:00,7.07,126.84,32,2.0,036 km S 65° E of Manay (Davao Oriental),Ms,TECTONIC
3132,2025-10-10 18:10:24+00:00,7.11,127.06,20,3.4,058 km S 79° E of Manay (Davao Oriental),Ms,TECTONIC
3133,2025-10-10 18:08:37+00:00,11.27,124.27,7,2.2,011 km S 69° W of Tabango (Leyte),Ms,TECTONIC
3134,2025-10-10 18:07:28+00:00,6.8,127.37,32,2.0,102 km S 64° E of Manay (Davao Oriental),Ms,TECTONIC
3135,2025-10-10 18:06:32+00:00,11.08,124.0,15,2.5,004 km N 31° E of City Of Bogo (Cebu),Ms,TECTONIC
3136,2025-10-10 18:05:33+00:00,7.49,126.68,29,2.2,034 km N 26° E of Manay (Davao Oriental),Ms,TECTONIC
3137,2025-10-10 18:01:27+00:00,10.94,123.99,19,2.7,012 km S 05° E of City Of Bogo (Cebu),Ms,TECTONIC
3138,2025-10-10 17:59:39+00:00,7.35,126.76,23,2.7,029 km N 57° E of Manay (Davao Oriental),Ms,TECTONIC
3139,2025-10-10 17:54:21+00:00,7.15,126.92,22,2.7,043 km S 80° E of Manay (Davao Oriental),Ms,TECTONIC
3140,2025-10-10 17:51:03+00:00,7.47,126.78,34,2.1,040 km N 43° E of Manay (Davao Oriental),Ms,TECTONIC
3141,2025-10-10 17:50:27+00:00,11.22,123.94,9,2.2,019 km N 13° W of City Of Bogo (Cebu),Ms,TECTONIC
3142,2025-10-10 17:50:07+00:00,11.1,124.03,22,1.1,008 km N 48° E of City Of Bogo (Cebu),Ms,TECTONIC
3143,2025-10-10 17:50:10+00:00,8.22,126.16,152,1.7,017 km N 89° W of City Of Bislig (Surigao Del Sur),Ms,TECTONIC
3144,2025-10-10 17:48:02+00:00,11.16,123.99,16,1.7,013 km N 07° E of City Of Bogo (Cebu),Ms,TECTONIC
3145,2025-10-10 17:43:56+00:00,10.86,123.84,13,2.6,025 km S 37° W of City Of Bogo (Cebu),Ms,TECTONIC
3146,2025-10-10 17:42:50+00:00,7.39,127.05,15,2.3,060 km N 71° E of Manay (Davao Oriental),Ms,TECTONIC
3147,2025-10-10 17:37:17+00:00,7.42,126.84,33,2.4,040 km N 55° E of Manay (Davao Oriental),Ms,TECTONIC
3148,2025-10-10 17:34:28+00:00,7.25,127.04,64,1.9,055 km N 85° E of Manay (Davao Oriental),Ms,TECTONIC
3149,2025-10-10 17:31:59+00:00,6.85,126.86,11,2.6,054 km S 41° E of Manay (Davao Oriental),Ms,TECTONIC
3150,2025-10-10 17:30:04+00:00,7.37,126.99,26,2.6,053 km N 71° E of Manay (Davao Oriental),Ms,TECTONIC
3151,2025-10-10 17:29:01+00:00,7.24,126.67,34,1.6,015 km N 78° E of Manay (Davao Oriental),Ms,TECTONIC
3152,2025-10-10 17:25:41+00:00,18.11,120.58,25,3.0,006 km N 14° E of City Of Batac (Ilocos Norte),Ms,TECTONIC
3153,2025-10-10 17:24:32+00:00,6.77,127.08,1,3.4,077 km S 50° E of Manay (Davao Oriental),Ms,TECTONIC
3154,2025-10-10 17:22:30+00:00,6.85,126.87,16,2.7,054 km S 43° E of Manay (Davao Oriental),Ms,TECTONIC
3155,2025-10-10 17:14:42+00:00,6.9,127.01,11,3.6,063 km S 56° E of Manay (Davao Oriental),Ms,TECTONIC
3156,2025-10-10 17:13:30+00:00,7.15,126.54,41,2.4,007 km S 02° E of Manay (Davao Oriental),Ms,TECTONIC
3157,2025-10-10 17:12:49+00:00,11.05,124.04,12,1.3,006 km N 82° E of City Of Bogo (Cebu),Ms,TECTONIC
3158,2025-10-10 17:10:54+00:00,8.78,126.35,24,2.5,006 km S 67° E of Marihatag (Surigao Del Sur),Ms,TECTONIC
3159,2025-10-10 17:09:23+00:00,7.0,127.01,34,2.0,057 km S 66° E of Manay (Davao Oriental),Ms,TECTONIC
3160,2025-10-10 17:08:39+00:00,7.18,126.9,33,1.4,039 km S 86° E of Manay (Davao Oriental),Ms,TECTONIC
3161,2025-10-10 17:08:24+00:00,11.09,124.04,17,1.6,008 km N 51° E of City Of Bogo (Cebu),Ms,TECTONIC
3162,2025-10-10 17:06:31+00:00,7.2,127.13,15,3.3,065 km S 89° E of Manay (Davao Oriental),Ms,TECTONIC
3163,2025-10-10 17:05:19+00:00,7.29,126.92,24,2.3,043 km N 77° E of Manay (Davao Oriental),Ms,TECTONIC
3164,2025-10-10 17:03:01+00:00,7.18,127.36,33,2.4,091 km S 88° E of Manay (Davao Oriental),Ms,TECTONIC
3165,2025-10-10 17:02:19+00:00,7.37,126.63,33,1.8,020 km N 31° E of Manay (Davao Oriental),Ms,TECTONIC
3166,2025-10-10 16:58:41+00:00,7.33,126.9,19,3.3,042 km N 72° E of Manay (Davao Oriental),Ms,TECTONIC
3167,2025-10-10 16:54:57+00:00,6.59,127.12,7,3.8,094 km S 43° E of Manay (Davao Oriental),Ms,TECTONIC
3168,2025-10-10 16:54:31+00:00,17.57,122.42,37,4.5,028 km N 44° E of Maconacon (Isabela),Ms,TECTONIC
3169,2025-10-10 16:53:44+00:00,7.23,126.84,26,2.7,033 km N 87° E of Manay (Davao Oriental),Ms,TECTONIC
3170,2025-10-10 16:45:51+00:00,7.43,127.06,17,2.2,055 km N 78° E of Caraga (Davao Oriental),Ms,TECTONIC
3171,2025-10-10 16:48:10+00:00,7.2,126.97,26,4.1,048 km S 89° E of Manay (Davao Oriental),Ms,TECTONIC
3172,2025-10-10 16:44:03+00:00,7.35,126.84,33,1.9,037 km N 65° E of Manay (Davao Oriental),Ms,TECTONIC
3173,2025-10-10 16:38:48+00:00,6.79,127.09,1,3.0,076 km S 53° E of Manay (Davao Oriental),Ms,TECTONIC
3174,2025-10-10 16:38:41+00:00,9.34,122.34,23,1.8,032 km S 26° W of Hinoba-an (Negros Occidental),Ms,TECTONIC
3175,2025-10-10 16:36:41+00:00,11.13,124.0,12,2.5,009 km N 15° E of City Of Bogo (Cebu),Ms,TECTONIC
3176,2025-10-10 16:34:50+00:00,7.25,127.0,24,3.0,051 km N 85° E of Manay (Davao Oriental),Ms,TECTONIC
3177,2025-10-10 16:32:14+00:00,7.03,126.65,16,2.4,023 km S 30° E of Manay (Davao Oriental),Ms,TECTONIC
3178,2025-10-10 16:30:57+00:00,10.97,123.95,8,2.0,009 km S 22° W of City Of Bogo (Cebu),Ms,TECTONIC
3179,2025-10-10 16:30:43+00:00,7.47,126.8,32,3.3,040 km N 46° E of Manay (Davao Oriental),Ms,TECTONIC
3180,2025-10-10 16:25:40+00:00,7.18,126.58,26,2.3,006 km S 53° E of Manay (Davao Oriental),Ms,TECTONIC
3181,2025-10-10 16:23:00+00:00,7.4,126.63,33,1.9,023 km N 27° E of Manay (Davao Oriental),unspecified,unspecified
3182,2025-10-10 16:23:26+00:00,18.44,120.68,3,2.2,009 km S 24° E of Burgos (Ilocos Norte),Ms,TECTONIC
3183,2025-10-10 16:20:49+00:00,7.43,126.87,27,2.5,044 km N 56° E of Manay (Davao Oriental),Ms,TECTONIC
3184,2025-10-10 16:17:51+00:00,7.43,126.52,11,2.0,024 km N 06° W of Manay (Davao Oriental),Ms,TECTONIC
3185,2025-10-10 16:19:26+00:00,10.92,123.91,11,2.5,016 km S 29° W of City Of Bogo (Cebu),Ms,TECTONIC
3186,2025-10-10 16:17:51+00:00,6.97,126.85,24,2.1,043 km S 52° E of Manay (Davao Oriental),Ms,TECTONIC
3187,2025-10-10 16:12:13+00:00,7.25,126.76,23,2.7,025 km N 80° E of Manay (Davao Oriental),Ms,TECTONIC
3188,2025-10-10 16:10:06+00:00,7.3,126.72,19,1.6,022 km N 63° E of Manay (Davao Oriental),Ms,TECTONIC
3189,2025-10-10 16:09:31+00:00,7.03,126.78,28,1.4,034 km S 53° E of Manay (Davao Oriental),Ms,TECTONIC
3190,2025-10-10 16:07:20+00:00,7.16,126.61,23,1.8,009 km S 53° E of Manay (Davao Oriental),Ms,TECTONIC
3191,2025-10-10 16:03:43+00:00,7.23,126.93,19,3.5,044 km N 87° E of Manay (Davao Oriental),Ms,TECTONIC
3192,2025-10-10 16:00:52+00:00,7.14,126.83,20,2.7,033 km S 75° E of Manay (Davao Oriental),Ms,TECTONIC
3193,2025-10-10 15:56:34+00:00,13.16,120.27,1,3.2,035 km S 36° W of Paluan (Occidental Mindoro),Ms,TECTONIC
3194,2025-10-10 15:55:28+00:00,7.23,127.0,23,2.7,051 km N 87° E of Manay (Davao Oriental),Ms,TECTONIC
3195,2025-10-10 15:51:51+00:00,7.24,126.87,31,1.7,037 km N 85° E of Manay (Davao Oriental),Ms,TECTONIC
3196,2025-10-10 15:50:29+00:00,7.31,126.88,19,1.8,039 km N 74° E of Manay (Davao Oriental),Ms,TECTONIC
3197,2025-10-10 15:49:42+00:00,7.12,127.33,34,2.9,087 km S 83° E of Manay (Davao Oriental),Ms,TECTONIC
3198,2025-10-10 15:46:31+00:00,7.06,126.83,29,2.8,036 km S 63° E of Manay (Davao Oriental),Ms,TECTONIC
3199,2025-10-10 15:45:49+00:00,11.15,123.98,29,2.6,012 km N 01° W of City Of Bogo (Cebu),Ms,TECTONIC
3200,2025-10-10 15:44:25+00:00,7.24,126.85,22,2.4,034 km N 84° E of Manay (Davao Oriental),Ms,TECTONIC
3201,2025-10-10 15:40:30+00:00,7.26,126.76,19,2.5,025 km N 78° E of Manay (Davao Oriental),Ms,TECTONIC
3202,2025-10-10 15:41:20+00:00,11.22,124.15,36,1.3,026 km N 44° E of City Of Bogo (Cebu),Ms,TECTONIC
3203,2025-10-10 15:30:56+00:00,7.12,126.78,27,1.3,029 km S 70° E of Manay (Davao Oriental),Ms,TECTONIC
3204,2025-10-10 15:27:22+00:00,7.14,126.93,21,3.1,044 km S 80° E of Manay (Davao Oriental),Ms,TECTONIC
3205,2025-10-10 15:23:17+00:00,13.51,120.96,33,1.3,001 km N 14° E of Puerto Galera (Oriental Mindoro),Ms,TECTONIC
3206,2025-10-10 15:16:33+00:00,7.38,127.0,11,2.8,054 km N 70° E of Manay (Davao Oriental),Ms,TECTONIC
3207,2025-10-10 15:13:15+00:00,7.35,126.7,34,2.9,024 km N 49° E of Manay (Davao Oriental),Ms,TECTONIC
3208,2025-10-10 15:11:59+00:00,7.19,126.51,28,1.7,004 km S 58° W of Manay (Davao Oriental),Ms,TECTONIC
3209,2025-10-10 15:08:36+00:00,7.3,127.13,22,2.4,066 km N 82° E of Manay (Davao Oriental),Ms,TECTONIC
3210,2025-10-10 15:06:28+00:00,7.37,127.21,25,2.5,004 km S 58° W of Manay (Davao Oriental),Ms,TECTONIC
3211,2025-10-10 15:04:20+00:00,7.35,127.06,19,2.7,059 km N 75° E of Manay (Davao Oriental),Ms,TECTONIC
3212,2025-10-10 15:00:57+00:00,10.94,123.89,33,2.4,016 km S 38° W of City Of Bogo (Cebu),Ms,TECTONIC
3213,2025-10-10 14:59:28+00:00,7.24,127.14,16,2.9,067 km N 87° E of Manay (Davao Oriental),Ms,TECTONIC
3214,2025-10-10 14:56:23+00:00,6.74,127.2,4,2.1,090 km S 54° E of Manay (Davao Oriental),Ms,TECTONIC
3215,2025-10-10 14:55:21+00:00,7.37,127.05,13,3.8,059 km N 73° E of Manay (Davao Oriental),Ms,TECTONIC
3216,2025-10-10 14:54:42+00:00,7.37,127.1,22,2.1,065 km N 74° E of Manay (Davao Oriental),Ms,TECTONIC
3217,2025-10-10 14:53:57+00:00,7.26,126.71,26,1.8,020 km N 73° E of Manay (Davao Oriental),Ms,TECTONIC
3218,2025-10-10 14:52:24+00:00,7.0,127.01,20,2.2,057 km S 66° E of Manay (Davao Oriental),Ms,TECTONIC
3219,2025-10-10 14:51:27+00:00,7.03,126.86,17,2.3,041 km S 61° E of Manay (Davao Oriental),Ms,TECTONIC
3220,2025-10-10 14:47:19+00:00,17.72,120.64,31,2.9,004 km N 46° W of Danglas (Abra),Ms,TECTONIC
3221,2025-10-10 14:46:22+00:00,7.35,126.68,33,1.8,022 km N 45° E of Manay (Davao Oriental),Ms,TECTONIC
3222,2025-10-10 14:42:57+00:00,7.2,126.76,25,2.0,025 km S 88° E of Manay (Davao Oriental),Ms,TECTONIC
3223,2025-10-10 14:40:42+00:00,7.11,127.03,17,2.7,055 km S 79° E of Manay (Davao Oriental),Ms,TECTONIC
3224,2025-10-10 14:36:36+00:00,6.06,126.73,69,3.6,115 km S 52° E of Governor Generoso (Davao Oriental),Ms,TECTONIC
3225,2025-10-10 14:36:10+00:00,7.46,127.08,15,2.3,066 km N 65° E of Manay (Davao Oriental),Ms,TECTONIC
3226,2025-10-10 14:35:02+00:00,11.14,123.97,6,1.8,010 km N 06° W of City Of Bogo (Cebu),Ms,TECTONIC
3227,2025-10-10 14:33:12+00:00,7.2,126.59,20,1.6,006 km S 74° E of Manay (Davao Oriental),Ms,TECTONIC
3228,2025-10-10 14:28:10+00:00,7.29,126.73,32,1.8,023 km N 68° E of Manay (Davao Oriental),Ms,TECTONIC
3229,2025-10-10 14:28:05+00:00,11.02,124.06,5,2.0,009 km S 70° E of City Of Bogo (Cebu),Ms,TECTONIC
3230,2025-10-10 14:26:07+00:00,7.26,126.92,25,2.9,042 km N 82° E of Manay (Davao Oriental),Ms,TECTONIC
3231,2025-10-10 14:15:02+00:00,7.36,127.0,24,2.0,053 km N 72° E of Manay (Davao Oriental),Ms,TECTONIC
3232,2025-10-10 14:10:50+00:00,7.36,127.08,21,3.1,062 km N 75° E of Manay (Davao Oriental),Ms,TECTONIC
3233,2025-10-10 14:09:48+00:00,7.18,126.84,10,2.4,033 km S 84° E of Manay (Davao Oriental),Ms,TECTONIC
3234,2025-10-10 14:08:28+00:00,7.31,126.67,18,1.9,018 km N 52° E of Manay (Davao Oriental),Ms,TECTONIC
3235,2025-10-10 14:05:06+00:00,7.39,127.0,10,3.1,055 km N 68° E of Manay (Davao Oriental),Ms,TECTONIC
3236,2025-10-10 13:57:52+00:00,7.5,127.03,24,1.4,063 km N 60° E of Manay (Davao Oriental),Ms,TECTONIC
3237,2025-10-10 13:52:39+00:00,11.0,124.06,33,2.4,011 km S 60° E of City Of Bogo (Cebu),Ms,TECTONIC
3238,2025-10-10 13:49:05+00:00,7.26,126.88,20,2.8,036 km S 78° E of Caraga (Davao Oriental),Ms,TECTONIC
3239,2025-10-10 13:41:11+00:00,7.39,127.01,3,2.8,055 km N 68° E of Manay (Davao Oriental),Ms,TECTONIC
3240,2025-10-10 13:45:31+00:00,7.29,127.0,13,2.6,052 km N 80° E of Manay (Davao Oriental),Ms,TECTONIC
3241,2025-10-10 13:40:10+00:00,7.25,126.92,18,2.1,043 km N 85° E of Manay (Davao Oriental),Ms,TECTONIC
3242,2025-10-10 13:37:05+00:00,6.95,126.81,31,2.2,042 km S 45° E of Manay (Davao Oriental),Ms,TECTONIC
3243,2025-10-10 13:36:26+00:00,10.93,123.95,6,3.2,014 km S 16° W of City Of Bogo (Cebu),Ms,TECTONIC
3244,2025-10-10 13:34:00+00:00,7.13,127.78,41,2.7,138 km S 86° E of Manay (Davao Oriental),Ms,TECTONIC
3245,2025-10-10 13:33:01+00:00,7.53,127.05,17,2.3,067 km N 58° E of Manay (Davao Oriental),Ms,TECTONIC
3246,2025-10-10 13:32:16+00:00,7.3,127.33,24,2.0,088 km N 83° E of Manay (Davao Oriental),Ms,TECTONIC
3247,2025-10-10 13:30:44+00:00,7.05,126.97,11,2.3,051 km S 69° E of Manay (Davao Oriental),Ms,TECTONIC
3248,2025-10-10 13:28:13+00:00,7.83,126.91,16,2.0,080 km N 31° E of Manay (Davao Oriental),Ms,TECTONIC
3249,2025-10-10 13:26:35+00:00,11.14,123.99,23,1.7,010 km N 09° E of City Of Bogo (Cebu),Ms,TECTONIC
3250,2025-10-10 13:25:12+00:00,7.47,126.83,31,2.4,043 km N 48° E of Manay (Davao Oriental),Ms,TECTONIC
3251,2025-10-10 13:21:59+00:00,7.39,126.8,20,2.4,036 km N 55° E of Manay (Davao Oriental),Ms,TECTONIC
3252,2025-10-10 13:16:37+00:00,7.31,126.97,5,3.7,049 km N 77° E of Manay (Davao Oriental),Ms,TECTONIC
3253,2025-10-10 13:15:45+00:00,7.4,127.03,15,3.0,058 km N 69° E of Manay (Davao Oriental),Ms,TECTONIC
3254,2025-10-10 13:13:35+00:00,7.24,127.09,27,3.5,061 km N 86° E of Manay (Davao Oriental),Ms,TECTONIC
3255,2025-10-10 13:11:51+00:00,7.38,127.11,13,2.7,065 km N 74° E of Manay (Davao Oriental),Ms,TECTONIC
3256,2025-10-10 13:10:11+00:00,7.29,126.85,14,2.9,035 km N 75° E of Manay (Davao Oriental),Ms,TECTONIC
3257,2025-10-10 13:08:51+00:00,7.37,127.15,21,3.3,069 km N 76° E of Manay (Davao Oriental),Ms,TECTONIC
3258,2025-10-10 13:07:28+00:00,7.39,127.05,19,2.3,059 km N 71° E of Manay (Davao Oriental),Ms,TECTONIC
3259,2025-10-10 13:06:38+00:00,7.25,126.94,28,1.6,045 km N 85° E of Manay (Davao Oriental),Ms,TECTONIC
3260,2025-10-10 13:06:10+00:00,7.28,126.85,29,1.9,035 km N 78° E of Manay (Davao Oriental),Ms,TECTONIC
3261,2025-10-10 13:04:01+00:00,7.39,127.03,6,3.3,058 km N 70° E of Manay (Davao Oriental),Ms,TECTONIC
3262,2025-10-10 13:03:19+00:00,7.24,127.03,12,2.6,054 km N 87° E of Manay (Davao Oriental),Ms,TECTONIC
3263,2025-10-10 13:02:36+00:00,11.08,124.16,10,2.3,020 km N 78° E of City Of Bogo (Cebu),Ms,TECTONIC
3264,2025-10-10 13:00:03+00:00,6.96,127.39,30,2.7,097 km S 76° E of Manay (Davao Oriental),Ms,TECTONIC
3265,2025-10-10 12:58:55+00:00,7.15,126.88,12,2.9,038 km S 79° E of Manay (Davao Oriental),Ms,TECTONIC
3266,2025-10-10 13:57:52+00:00,7.2,126.78,19,1.9,026 km S 89° E of Manay (Davao Oriental),Ms,TECTONIC
3267,2025-10-10 12:53:42+00:00,7.38,126.75,21,3.0,030 km N 51° E of Manay (Davao Oriental),Ms,TECTONIC
3268,2025-10-10 12:52:13+00:00,7.34,126.81,27,2.1,034 km N 64° E of Manay (Davao Oriental),Ms,TECTONIC
3269,2025-10-10 12:50:35+00:00,7.17,127.01,19,2.8,052 km S 85° E of Manay (Davao Oriental),Ms,TECTONIC
3270,2025-10-10 12:48:31+00:00,7.28,127.1,20,2.4,062 km N 83° E of Manay (Davao Oriental),Ms,TECTONIC
3271,2025-10-10 12:44:08+00:00,7.08,126.98,41,1.6,051 km S 73° E of Manay (Davao Oriental),Ms,TECTONIC
3272,2025-10-10 12:42:44+00:00,7.16,126.79,27,2.3,029 km S 79° E of Manay (Davao Oriental),Ms,TECTONIC
3273,2025-10-10 12:39:36+00:00,7.15,126.92,30,3.2,043 km S 81° E of Manay (Davao Oriental),Ms,TECTONIC
3274,2025-10-10 12:36:26+00:00,7.25,126.93,9,4.5,043 km N 85° E of Manay (Davao Oriental),Ms,TECTONIC
3275,2025-10-10 12:34:02+00:00,7.27,126.66,20,1.5,015 km N 62° E of Manay (Davao Oriental),Ms,TECTONIC
3276,2025-10-10 12:31:14+00:00,7.06,126.82,16,2.6,035 km S 62° E of Manay (Davao Oriental),Ms,TECTONIC
3277,2025-10-10 12:19:30+00:00,6.99,127.34,30,3.5,092 km S 74° E of Manay (Davao Oriental),Ms,TECTONIC
3278,2025-10-10 12:14:48+00:00,7.39,127.19,23,2.7,074 km N 75° E of Manay (Davao Oriental),Ms,TECTONIC
3279,2025-10-10 12:12:32+00:00,7.25,127.14,22,3.2,066 km N 86° E of Manay (Davao Oriental),Ms,TECTONIC
3280,2025-10-10 12:09:30+00:00,7.28,126.96,10,2.6,047 km N 80° E of Manay (Davao Oriental),Ms,TECTONIC
3281,2025-10-10 12:05:30+00:00,7.38,127.11,14,3.3,065 km N 73° E of Manay (Davao Oriental),Ms,TECTONIC
3282,2025-10-10 12:01:12+00:00,7.38,127.07,13,3.5,062 km N 72° E of Manay (Davao Oriental),Ms,TECTONIC
3283,2025-10-10 11:49:36+00:00,7.08,126.99,15,3.2,052 km S 74° E of Manay (Davao Oriental),Ms,TECTONIC
3284,2025-10-10 11:49:04+00:00,7.02,126.98,26,1.5,053 km S 67° E of Manay (Davao Oriental),Ms,TECTONIC
3285,2025-10-10 11:47:37+00:00,7.09,127.06,17,3.2,059 km S 77° E of Manay (Davao Oriental),Ms,TECTONIC
3286,2025-10-10 11:46:05+00:00,7.14,126.74,28,2.3,024 km S 70° E of Manay (Davao Oriental),Ms,TECTONIC
3287,2025-10-10 11:42:48+00:00,7.19,126.81,34,2.3,030 km S 87° E of Manay (Davao Oriental),Ms,TECTONIC
3288,2025-10-10 11:34:47+00:00,7.01,127.01,22,3.2,057 km S 67° E of Manay (Davao Oriental),Ms,TECTONIC
3289,2025-10-10 11:33:33+00:00,6.9,126.93,10,2.2,055 km S 51° E of Manay (Davao Oriental),Ms,TECTONIC
3290,2025-10-10 11:26:00+00:00,7.37,127.25,27,3.3,080 km N 77° E of Manay (Davao Oriental),Ms,TECTONIC
3291,2025-10-10 11:12:05+00:00,7.07,126.9,37,6.8,043 km S 68° E of Manay (Davao Oriental),Mw,TECTONIC
3292,2025-10-10 11:10:07+00:00,7.33,126.83,26,2.7,035 km N 67° E of Manay (Davao Oriental),Ms,TECTONIC
3293,2025-10-10 11:04:49+00:00,11.15,124.01,31,1.4,012 km N 18° E of City Of Bogo (Cebu),Ms,TECTONIC
3294,2025-10-10 11:02:49+00:00,7.12,126.99,24,2.9,051 km S 78° E of Manay (Davao Oriental),Ms,TECTONIC
3295,2025-10-10 11:00:30+00:00,7.28,127.07,15,3.4,059 km N 82° E of Manay (Davao Oriental),Ms,TECTONIC
3296,2025-10-10 10:53:19+00:00,11.08,124.11,25,1.4,014 km N 77° E of City Of Bogo (Cebu),Ms,TECTONIC
3297,2025-10-10 10:52:18+00:00,11.09,124.13,33,1.7,017 km N 72° E of City Of Bogo (Cebu),Ms,TECTONIC
3298,2025-10-10 10:52:00+00:00,11.08,124.09,30,1.2,013 km N 74° E of City Of Bogo (Cebu),Ms,TECTONIC
3299,2025-10-10 10:51:54+00:00,7.4,127.07,15,2.7,063 km N 70° E of Manay (Davao Oriental),Ms,TECTONIC
3300,2025-10-10 10:47:31+00:00,7.14,126.85,22,2.8,035 km S 77° E of Manay (Davao Oriental),Ms,TECTONIC
3301,2025-10-10 10:45:35+00:00,7.36,127.03,24,1.9,057 km N 73° E of Manay (Davao Oriental),Ms,TECTONIC
3302,2025-10-10 10:45:35+00:00,7.36,127.03,24,1.9,057 km N 73° E of Manay (Davao Oriental),Ms,TECTONIC
3303,2025-10-10 10:46:19+00:00,7.17,126.84,14,2.2,034 km S 83° E of Manay (Davao Oriental),Ms,TECTONIC
3304,2025-10-10 10:40:36+00:00,10.87,123.92,22,2.0,021 km S 18° W of City Of Bogo (Cebu),Ms,TECTONIC
3305,2025-10-10 10:39:48+00:00,7.23,126.55,39,2.2,027 km S 80° E of Manay (Davao Oriental),Ms,TECTONIC
3306,2025-10-10 10:37:48+00:00,7.11,126.69,50,2.1,021 km S 55° E of Manay (Davao Oriental),Ms,TECTONIC
3307,2025-10-10 10:35:04+00:00,7.13,127.0,18,2.8,052 km S 80° E of Manay (Davao Oriental),Ms,TECTONIC
3308,2025-10-10 10:34:08+00:00,11.27,124.19,9,2.5,033 km N 43° E of City Of Bogo (Cebu),Ms,TECTONIC
3309,2025-10-10 10:27:43+00:00,7.28,126.66,33,1.3,015 km N 61° E of Manay (Davao Oriental),Ms,TECTONIC
3310,2025-10-10 10:26:27+00:00,7.0,127.11,33,2.4,067 km S 70° E of Manay (Davao Oriental),Ms,TECTONIC
3311,2025-10-10 10:25:36+00:00,7.08,126.93,18,2.1,045 km S 71° E of Manay (Davao Oriental),Ms,TECTONIC
3312,2025-10-10 10:21:58+00:00,18.79,120.82,41,2.2,026 km N 07° E of Pagudpud (Ilocos Norte),Ms,TECTONIC
3313,2025-10-10 10:20:30+00:00,7.22,126.82,22,4.5,030 km N 89° E of Manay (Davao Oriental),Ms,TECTONIC
3314,2025-10-10 10:16:50+00:00,7.2,126.97,14,2.8,048 km S 88° E of Manay (Davao Oriental),Ms,TECTONIC
3315,2025-10-10 10:16:11+00:00,7.01,127.09,1,1.8,065 km S 70° E of Manay (Davao Oriental),Ms,TECTONIC
3316,2025-10-10 10:15:48+00:00,7.81,127.06,31,1.7,087 km N 41° E of Manay (Davao Oriental),Ms,TECTONIC
3317,2025-10-10 10:14:26+00:00,7.11,126.97,9,2.4,049 km S 77° E of Manay (Davao Oriental),Ms,TECTONIC
3318,2025-10-10 10:12:06+00:00,7.25,126.95,15,2.8,046 km N 85° E of Manay (Davao Oriental),Ms,TECTONIC
3319,2025-10-10 10:06:44+00:00,7.1,127.16,29,2.5,070 km S 80° E of Manay (Davao Oriental),Ms,TECTONIC
3320,2025-10-10 10:03:52+00:00,11.25,124.18,33,2.3,032 km N 44° E of City Of Bogo (Cebu),Ms,TECTONIC
3321,2025-10-10 10:03:25+00:00,7.03,127.06,2,3.0,060 km S 71° E of Manay (Davao Oriental),Ms,TECTONIC
3322,2025-10-10 10:00:57+00:00,7.21,127.04,11,4.1,055 km N 90° E of Manay (Davao Oriental),Ms,TECTONIC
3323,2025-10-10 09:56:30+00:00,7.23,126.82,47,2.1,032 km N 85° E of Manay (Davao Oriental),Ms,TECTONIC
3324,2025-10-10 09:53:50+00:00,7.25,127.18,35,2.0,071 km N 86° E of Manay (Davao Oriental),Ms,TECTONIC
3325,2025-10-10 09:52:41+00:00,7.23,127.2,33,1.7,073 km N 88° E of Manay (Davao Oriental),Ms,TECTONIC
3326,2025-10-10 09:52:25+00:00,7.33,126.83,26,1.5,035 km N 68° E of Manay (Davao Oriental),Ms,TECTONIC
3327,2025-10-10 09:52:07+00:00,11.17,124.16,21,1.8,024 km N 54° E of City Of Bogo (Cebu),Ms,TECTONIC
3328,2025-10-10 09:50:01+00:00,7.24,126.81,33,2.1,030 km N 83° E of Manay (Davao Oriental),Ms,TECTONIC
3329,2025-10-10 09:48:48+00:00,7.13,127.03,14,3.2,055 km S 81° E of Manay (Davao Oriental),Ms,TECTONIC
3330,2025-10-10 09:46:41+00:00,7.51,126.73,23,1.6,039 km N 32° E of Manay (Davao Oriental),Ms,TECTONIC
3331,2025-10-10 09:45:43+00:00,7.31,127.14,5,2.0,068 km N 80° E of Manay (Davao Oriental),Ms,TECTONIC
3332,2025-10-10 09:43:26+00:00,7.1,127.17,10,4.5,071 km S 80° E of Manay (Davao Oriental),Ms,TECTONIC
3333,2025-10-10 09:40:44+00:00,6.75,127.11,9,2.7,081 km S 51° E of Manay (Davao Oriental),Ms,TECTONIC
3334,2025-10-10 09:37:17+00:00,7.35,127.18,17,3.5,072 km N 78° E of Manay (Davao Oriental),Ms,TECTONIC
3335,2025-10-10 09:34:00+00:00,11.17,124.66,33,2.0,011 km S 82° E of Kananga (Leyte),Ms,TECTONIC
3336,2025-10-10 09:33:16+00:00,7.19,127.04,11,3.2,055 km S 88° E of Manay (Davao Oriental),Ms,TECTONIC
3337,2025-10-10 09:24:36+00:00,7.14,126.73,21,2.5,022 km S 69° E of Manay (Davao Oriental),Ms,TECTONIC
3338,2025-10-10 09:23:23+00:00,7.38,126.69,19,2.3,025 km N 42° E of Manay (Davao Oriental),Ms,TECTONIC
3339,2025-10-10 09:20:59+00:00,7.22,126.96,20,1.8,046 km N 88° E of Manay (Davao Oriental),Ms,TECTONIC
3340,2025-10-10 09:22:36+00:00,11.17,124.14,9,2.3,022 km N 53° E of City Of Bogo (Cebu),Ms,TECTONIC
3341,2025-10-10 09:19:21+00:00,7.24,126.51,28,2.4,005 km N 50° W of Manay (Davao Oriental),Ms,TECTONIC
3342,2025-10-10 09:18:28+00:00,7.17,127.0,13,1.7,051 km S 85° E of Manay (Davao Oriental),Ms,TECTONIC
3343,2025-10-10 09:17:13+00:00,7.34,127.19,23,2.0,073 km N 79° E of Manay (Davao Oriental),Ms,TECTONIC
3344,2025-10-10 09:14:16+00:00,7.05,126.83,21,2.1,036 km S 60° E of Manay (Davao Oriental),Ms,TECTONIC
3345,2025-10-10 09:11:41+00:00,7.35,127.23,16,3.6,078 km N 79° E of Manay (Davao Oriental),Ms,TECTONIC
3346,2025-10-10 09:10:11+00:00,7.05,126.94,7,2.4,047 km S 68° E of Manay (Davao Oriental),Ms,TECTONIC
3347,2025-10-10 09:05:06+00:00,7.13,127.08,26,3.4,061 km S 82° E of Manay (Davao Oriental),Ms,TECTONIC
3348,2025-10-10 09:03:33+00:00,7.37,126.86,30,2.5,039 km N 64° E of Manay (Davao Oriental),Ms,TECTONIC
3349,2025-10-10 09:06:35+00:00,7.25,127.22,14,4.8,075 km N 86° E of Manay (Davao Oriental),Ms,TECTONIC
3350,2025-10-10 09:02:41+00:00,7.16,126.87,27,1.9,037 km S 81° E of Manay (Davao Oriental),Ms,TECTONIC
3351,2025-10-10 09:01:52+00:00,7.29,126.89,17,1.6,040 km N 78° E of Manay (Davao Oriental),Ms,TECTONIC
3352,2025-10-10 08:56:23+00:00,7.16,126.7,16,3.1,018 km S 73° E of Manay (Davao Oriental),Ms,TECTONIC
3353,2025-10-10 08:53:23+00:00,7.0,126.86,32,2.8,043 km S 57° E of Manay (Davao Oriental),Ms,TECTONIC
3354,2025-10-10 08:51:29+00:00,7.26,126.71,27,2.3,020 km N 73° E of Manay (Davao Oriental),Ms,TECTONIC
3355,2025-10-10 08:49:35+00:00,6.94,126.87,14,2.6,047 km S 51° E of Manay (Davao Oriental),Ms,TECTONIC
3356,2025-10-10 08:48:26+00:00,7.33,126.56,12,2.3,014 km N 07° E of Manay (Davao Oriental),Ms,TECTONIC
3357,2025-10-10 08:46:48+00:00,7.09,126.96,16,2.4,049 km S 74° E of Manay (Davao Oriental),Ms,TECTONIC
3358,2025-10-10 08:39:25+00:00,7.04,126.74,26,3.9,029 km S 50° E of Manay (Davao Oriental),Ms,TECTONIC
3359,2025-10-10 08:37:49+00:00,6.88,126.93,24,2.5,056 km S 50° E of Manay (Davao Oriental),Ms,TECTONIC
3360,2025-10-10 08:19:16+00:00,7.23,126.69,13,3.0,017 km N 83° E of Manay (Davao Oriental),Ms,TECTONIC
3361,2025-10-10 08:16:43+00:00,7.22,127.18,3,3.0,071 km N 90° E of Manay (Davao Oriental),Ms,TECTONIC
3362,2025-10-10 08:09:54+00:00,7.26,127.24,14,3.0,077 km N 86° E of Manay (Davao Oriental),Ms,TECTONIC
3363,2025-10-10 07:59:04+00:00,7.09,126.99,37,2.8,051 km S 75° E of Manay (Davao Oriental),Ms,TECTONIC
3364,2025-10-10 07:56:58+00:00,6.87,127.11,8,3.0,074 km S 59° E of Manay (Davao Oriental),Ms,TECTONIC
3365,2025-10-10 07:49:01+00:00,7.17,126.86,19,2.7,036 km S 83° E of Manay (Davao Oriental),Ms,TECTONIC
3366,2025-10-10 07:46:33+00:00,6.88,127.01,2,2.6,063 km S 55° E of Manay (Davao Oriental),Ms,TECTONIC
3367,2025-10-10 07:40:54+00:00,7.06,127.01,42,3.0,055 km S 72° E of Manay (Davao Oriental),Ms,TECTONIC
3368,2025-10-10 07:38:39+00:00,7.07,127.12,10,5.2,065 km S 76° E of Manay (Davao Oriental),M,TECTONIC
3369,2025-10-10 07:33:55+00:00,7.14,126.98,18,3.3,049 km S 81° E of Manay (Davao Oriental),Ms,TECTONIC
3370,2025-10-10 07:33:05+00:00,7.07,126.73,10,1.4,026 km S 54° E of Manay (Davao Oriental),Ms,TECTONIC
3371,2025-10-10 07:31:21+00:00,7.09,126.92,17,2.7,044 km S 72° E of Manay (Davao Oriental),Ms,TECTONIC
3372,2025-10-10 07:28:52+00:00,7.31,126.72,25,3.4,023 km N 60° E of Manay (Davao Oriental),Ms,TECTONIC
3373,2025-10-10 07:24:03+00:00,7.06,127.28,14,5.0,083 km S 78° E of Manay (Davao Oriental),Ms,TECTONIC
3374,2025-10-10 07:21:29+00:00,7.08,127.16,14,3.1,070 km S 78° E of Manay (Davao Oriental),Ms,TECTONIC
3375,2025-10-10 07:17:55+00:00,7.2,126.88,30,3.0,038 km S 87° E of Manay (Davao Oriental),Ms,TECTONIC
3376,2025-10-10 07:16:00+00:00,7.33,126.92,3,2.9,044 km N 72° E of Manay (Davao Oriental),Ms,TECTONIC
3377,2025-10-10 07:15:11+00:00,7.24,127.2,50,1.2,073 km N 87° E of Manay (Davao Oriental),Ms,TECTONIC
3378,2025-10-10 07:07:17+00:00,7.17,126.79,33,2.3,028 km S 80° E of Manay (Davao Oriental),Ms,TECTONIC
3379,2025-10-10 07:04:35+00:00,7.09,127.11,25,2.4,064 km S 78° E of Manay (Davao Oriental),Ms,TECTONIC
3380,2025-10-10 06:57:58+00:00,18.59,120.75,32,1.8,006 km N 18° W of Bangui (Ilocos Norte),Ms,TECTONIC
3381,2025-10-10 06:54:32+00:00,7.2,126.64,10,4.1,011 km S 84° E of Manay (Davao Oriental),M,TECTONIC
3382,2025-10-10 06:47:01+00:00,11.14,124.05,30,2.5,012 km N 37° E of City Of Bogo (Cebu),Ms,TECTONIC
3383,2025-10-10 06:43:20+00:00,7.1,126.72,24,2.1,024 km S 58° E of Manay (Davao Oriental),Ms,TECTONIC
3384,2025-10-10 06:41:54+00:00,7.18,126.72,26,1.2,020 km S 81° E of Manay (Davao Oriental),Ms,TECTONIC
3385,2025-10-10 06:37:49+00:00,7.35,127.14,14,3.1,068 km N 77° E of Manay (Davao Oriental),Ms,TECTONIC
3386,2025-10-10 06:36:47+00:00,6.92,127.12,19,1.9,072 km S 63° E of Manay (Davao Oriental),Ms,TECTONIC
3387,2025-10-10 06:34:41+00:00,13.75,120.58,67,1.9,011 km S 28° W of Calatagan (Batangas),Ms,TECTONIC
3388,2025-10-10 06:29:11+00:00,7.25,126.61,36,1.2,009 km N 63° E of Manay (Davao Oriental),Ms,TECTONIC
3389,2025-10-10 06:32:14+00:00,6.84,127.32,2,4.7,095 km S 64° E of Manay (Davao Oriental),Mw,TECTONIC
3390,2025-10-10 06:27:49+00:00,6.69,127.24,37,2.1,097 km S 53° E of Manay (Davao Oriental),Ms,TECTONIC
3391,2025-10-10 06:25:48+00:00,7.09,126.99,16,2.4,052 km S 75° E of Manay (Davao Oriental),Ms,TECTONIC
3392,2025-10-10 06:23:58+00:00,7.19,126.95,7,2.8,045 km S 87° E of Manay (Davao Oriental),Ms,TECTONIC
3393,2025-10-10 06:18:22+00:00,7.31,126.79,33,1.7,030 km N 69° E of Manay (Davao Oriental),Ms,TECTONIC
3394,2025-10-10 06:10:56+00:00,7.1,126.9,8,2.2,041 km S 73° E of Manay (Davao Oriental),Ms,TECTONIC
3395,2025-10-10 06:06:19+00:00,7.3,127.12,14,4.4,065 km N 82° E of Manay (Davao Oriental),Ms,TECTONIC
3396,2025-10-10 06:00:13+00:00,7.15,126.85,20,1.5,035 km S 79° E of Manay (Davao Oriental),Ms,TECTONIC
3397,2025-10-10 05:48:51+00:00,6.88,126.99,18,4.3,062 km S 54° E of Manay (Davao Oriental),Ms,TECTONIC
3398,2025-10-10 05:42:15+00:00,7.02,126.9,23,1.4,045 km S 63° E of Manay (Davao Oriental),Ms,TECTONIC
3399,2025-10-10 05:40:27+00:00,7.28,126.81,30,2.8,031 km N 75° E of Manay (Davao Oriental),Ms,TECTONIC
3400,2025-10-10 05:35:30+00:00,7.38,126.57,29,2.6,020 km N 10° E of Manay (Davao Oriental),Ms,TECTONIC
3401,2025-10-10 05:32:24+00:00,7.67,127.12,37,2.0,082 km N 52° E of Manay (Davao Oriental),Ms,TECTONIC
3402,2025-10-10 05:26:39+00:00,7.08,126.99,22,3.8,052 km S 74° E of Manay (Davao Oriental),Ms,TECTONIC
3403,2025-10-10 05:19:24+00:00,7.03,126.97,16,2.3,052 km S 67° E of Manay (Davao Oriental),Ms,TECTONIC
3404,2025-10-10 05:18:31+00:00,7.2,127.1,7,2.2,062 km S 89° E of Manay (Davao Oriental),Ms,TECTONIC
3405,2025-10-10 05:14:43+00:00,7.48,125.91,6,3.5,004 km S 20° W of Mawab (Davao De Oro),Ms,TECTONIC
3406,2025-10-10 05:06:43+00:00,8.03,126.82,26,3.1,045 km S 89° E of Lingig (Surigao Del Sur),Ms,TECTONIC
3407,2025-10-10 05:01:21+00:00,7.09,126.92,25,3.7,044 km S 72° E of Manay (Davao Oriental),Ms,TECTONIC
3408,2025-10-10 04:51:13+00:00,6.87,127.08,4,2.3,070 km S 58° E of Manay (Davao Oriental),Ms,TECTONIC
3409,2025-10-10 04:46:29+00:00,7.11,126.88,17,2.9,040 km S 74° E of Manay (Davao Oriental),Ms,TECTONIC
3410,2025-10-10 04:43:07+00:00,7.28,126.92,27,2.8,043 km N 80° E of Manay (Davao Oriental),Ms,TECTONIC
3411,2025-10-10 04:39:19+00:00,7.4,126.75,11,3.1,031 km N 48° E of Manay (Davao Oriental),Ms,TECTONIC
3412,2025-10-10 04:34:40+00:00,7.18,127.15,28,3.4,068 km S 87° E of Manay (Davao Oriental),Ms,TECTONIC
3413,2025-10-10 04:29:36+00:00,6.77,126.91,35,1.4,063 km S 40° E of Manay (Davao Oriental),Ms,TECTONIC
3414,2025-10-10 04:25:50+00:00,6.84,127.11,22,2.9,075 km S 57° E of Manay (Davao Oriental),Ms,TECTONIC
3415,2025-10-10 04:23:57+00:00,7.22,127.16,28,2.9,069 km N 89° E of Manay (Davao Oriental),Ms,TECTONIC
3416,2025-10-10 04:18:12+00:00,6.82,127.0,12,3.9,067 km S 50° E of Manay (Davao Oriental),Ms,TECTONIC
3417,2025-10-10 04:14:53+00:00,8.05,126.85,142,1.9,048 km N 89° E of Lingig (Surigao Del Sur),Ms,TECTONIC
3418,2025-10-10 04:11:36+00:00,7.31,126.84,8,2.8,035 km N 72° E of Manay (Davao Oriental),Ms,TECTONIC
3419,2025-10-10 04:05:29+00:00,7.12,126.84,19,3.0,034 km S 73° E of Manay (Davao Oriental),Ms,TECTONIC
3420,2025-10-10 04:04:14+00:00,7.04,127.13,32,2.3,068 km S 74° E of Manay (Davao Oriental),Ms,TECTONIC
3421,2025-10-10 04:02:46+00:00,7.15,126.98,3,3.5,049 km S 83° E of Manay (Davao Oriental),Ms,TECTONIC
3422,2025-10-10 03:59:35+00:00,6.98,126.72,33,2.3,033 km S 38° E of Manay (Davao Oriental),Ms,TECTONIC
3423,2025-10-10 03:57:15+00:00,7.08,127.09,20,2.4,062 km S 77° E of Manay (Davao Oriental),Ms,TECTONIC
3424,2025-10-10 03:56:14+00:00,7.18,126.7,40,1.7,018 km S 80° E of Manay (Davao Oriental),Ms,TECTONIC
3425,2025-10-10 03:53:53+00:00,7.16,126.72,10,4.8,020 km S 74° E of Manay (Davao Oriental),M,TECTONIC
3426,2025-10-10 03:43:16+00:00,7.24,126.78,21,2.2,026 km N 83° E of Manay (Davao Oriental),Ms,TECTONIC
3427,2025-10-10 03:40:55+00:00,7.37,126.84,28,2.9,038 km N 62° E of Manay (Davao Oriental),Ms,TECTONIC
3428,2025-10-10 03:39:21+00:00,7.14,126.93,12,3.1,044 km S 79° E of Manay (Davao Oriental),Ms,TECTONIC
3429,2025-10-10 03:36:15+00:00,7.19,126.51,17,2.6,004 km S 50° W of Manay (Davao Oriental),Ms,TECTONIC
3430,2025-10-10 03:32:00+00:00,7.03,126.99,19,5.8,054 km S 68° E of Manay (Davao Oriental),Ms,TECTONIC
3431,2025-10-10 03:22:59+00:00,7.07,126.99,7,4.8,052 km S 73° E of Manay (Davao Oriental),Ms,TECTONIC
3432,2025-10-10 03:21:32+00:00,7.16,126.68,32,2.9,017 km S 70° E of Manay (Davao Oriental),Ms,TECTONIC
3433,2025-10-10 03:17:06+00:00,7.05,126.92,4,3.8,046 km S 67° E of Manay (Davao Oriental),Ms,TECTONIC
3434,2025-10-10 03:16:28+00:00,6.91,126.94,17,1.3,056 km S 53° E of Manay (Davao Oriental),Ms,TECTONIC
3435,2025-10-10 03:14:26+00:00,7.08,127.08,9,3.0,061 km S 77° E of Manay (Davao Oriental),Ms,TECTONIC
3436,2025-10-10 03:10:16+00:00,7.05,126.77,1,3.4,030 km S 55° E of Manay (Davao Oriental),Ms,TECTONIC
3437,2025-10-10 03:04:29+00:00,7.17,126.93,15,2.8,043 km S 83° E of Manay (Davao Oriental),Ms,TECTONIC
3438,2025-10-10 02:57:09+00:00,7.33,126.72,2,3.1,024 km N 55° E of Manay (Davao Oriental),Ms,TECTONIC
3439,2025-10-10 02:49:26+00:00,7.2,126.77,17,1.5,026 km S 88° E of Manay (Davao Oriental),Ms,TECTONIC
3440,2025-10-10 02:45:12+00:00,7.1,127.18,33,3.1,071 km S 80° E of Manay (Davao Oriental),Ms,TECTONIC
3441,2025-10-10 02:39:05+00:00,7.04,126.32,12,2.6,030 km S 52° W of Manay (Davao Oriental),Ms,TECTONIC
3442,2025-10-10 02:37:38+00:00,7.42,126.66,10,2.6,027 km N 30° E of Manay (Davao Oriental),Ms,TECTONIC
3443,2025-10-10 02:36:35+00:00,7.15,127.03,17,1.6,054 km S 83° E of Manay (Davao Oriental),Ms,TECTONIC
3444,2025-10-10 02:33:54+00:00,7.02,126.98,1,3.8,053 km S 66° E of Manay (Davao Oriental),Ms,TECTONIC
3445,2025-10-10 02:32:28+00:00,7.23,127.02,16,2.4,053 km N 88° E of Manay (Davao Oriental),Ms,TECTONIC
3446,2025-10-10 02:27:58+00:00,7.05,126.75,22,3.4,029 km S 53° E of Manay (Davao Oriental),Ms,TECTONIC
3447,2025-10-10 02:18:45+00:00,7.12,126.9,18,2.0,041 km S 76° E of Manay (Davao Oriental),Ms,TECTONIC
3448,2025-10-10 02:15:22+00:00,7.33,126.95,17,3.8,047 km N 74° E of Manay (Davao Oriental),Ms,TECTONIC
3449,2025-10-10 02:11:43+00:00,6.91,126.78,75,4.2,043 km S 38° E of Manay (Davao Oriental),Ms,TECTONIC
3450,2025-10-10 02:09:15+00:00,6.92,126.92,21,3.7,053 km S 53° E of Manay (Davao Oriental),Ms,TECTONIC
3451,2025-10-10 01:43:55+00:00,7.22,126.97,23,7.4,048 km N 89° E of Manay (Davao Oriental),Mw,TECTONIC
3452,2025-10-10 01:18:16+00:00,11.16,124.03,33,1.3,014 km N 25° E of City Of Bogo (Cebu),Ms,TECTONIC
3453,2025-10-10 00:41:22+00:00,11.04,124.08,32,1.7,011 km S 84° E of City Of Bogo (Cebu),Ms,TECTONIC
3454,2025-10-10 00:23:06+00:00,11.16,123.98,12,1.7,013 km N 01° E of City Of Bogo (Cebu),Ms,TECTONIC
3455,2025-10-10 00:20:19+00:00,13.1,121.38,31,1.7,006 km N 28° W of Socorro (Oriental Mindoro),Ms,TECTONIC
3456,2025-10-10 00:09:15+00:00,11.12,123.99,17,1.6,008 km N 11° E of City Of Bogo (Cebu),Ms,TECTONIC
3457,2025-10-09 23:52:09+00:00,11.1,124.03,1,2.5,009 km N 43° E of City Of Bogo (Cebu),Ms,TECTONIC
3458,2025-10-09 23:45:30+00:00,13.57,120.85,24,1.4,010 km S 14° W of Tingloy (Batangas),Ms,TECTONIC
3459,2025-10-09 23:33:24+00:00,11.16,124.05,29,1.4,014 km N 31° E of City Of Bogo (Cebu),Ms,TECTONIC
3460,2025-10-09 22:46:45+00:00,13.89,122.54,3,1.8,007 km S 59° W of Del Gallego (Camarines Sur),Ms,TECTONIC
3461,2025-10-09 22:28:38+00:00,10.94,123.97,16,1.6,011 km S 07° W of City Of Bogo (Cebu),Ms,TECTONIC
3462,2025-10-09 22:26:37+00:00,9.55,126.19,31,1.8,026 km S 08° E of General Luna (Surigao Del Norte),Ms,TECTONIC
3463,2025-10-09 22:08:33+00:00,9.52,125.97,31,2.3,011 km S 02° E of Socorro (Surigao Del Norte),Ms,TECTONIC
3464,2025-10-09 22:08:17+00:00,11.14,124.0,31,2.3,011 km N 14° E of City Of Bogo (Cebu),Ms,TECTONIC
3465,2025-10-09 21:59:12+00:00,6.56,125.21,9,2.5,008 km S 34° W of Kiblawan (Davao Del Sur),Ms,TECTONIC
3466,2025-10-09 21:55:06+00:00,10.94,123.98,25,1.8,012 km S 03° E of City Of Bogo (Cebu),Ms,TECTONIC
3467,2025-10-09 21:53:09+00:00,11.01,123.97,33,2.1,005 km S 15° W of City Of Bogo (Cebu),Ms,TECTONIC
3468,2025-10-09 21:32:05+00:00,10.94,123.97,4,2.6,012 km S 05° W of City Of Bogo (Cebu),Ms,TECTONIC
3469,2025-10-09 21:29:03+00:00,11.09,123.97,29,1.5,005 km N 10° W of City Of Bogo (Cebu),Ms,TECTONIC
3470,2025-10-09 21:02:53+00:00,9.65,122.33,31,2.1,016 km N 69° W of Hinoba-an (Negros Occidental),Ms,TECTONIC
3471,2025-10-09 20:49:17+00:00,10.95,123.88,15,2.2,016 km S 46° W of City Of Bogo (Cebu),Ms,TECTONIC
3472,2025-10-09 20:42:36+00:00,16.45,122.34,19,2.0,012 km S 44° E of Dinapigue (Isabela),Ms,TECTONIC
3473,2025-10-09 20:24:40+00:00,11.12,124.13,32,2.2,018 km N 65° E of City Of Bogo (Cebu),Ms,TECTONIC
3474,2025-10-09 20:24:08+00:00,11.18,124.22,13,2.0,030 km N 60° E of City Of Bogo (Cebu),Ms,TECTONIC
3475,2025-10-09 20:19:12+00:00,11.15,124.21,5,2.9,027 km N 65° E of City Of Bogo (Cebu),M,TECTONIC
3476,2025-10-09 20:16:16+00:00,11.18,124.01,32,1.8,016 km N 14° E of City Of Bogo (Cebu),Ms,TECTONIC
3477,2025-10-09 20:12:19+00:00,11.1,124.07,9,1.7,012 km N 59° E of City Of Bogo (Cebu),Ms,TECTONIC
3478,2025-10-09 20:09:50+00:00,8.78,126.04,30,2.1,017 km N 19° W of Lianga (Surigao Del Sur),Ms,TECTONIC
3479,2025-10-09 20:08:27+00:00,7.78,122.04,26,2.3,012 km S 78° W of Baliguian (Zamboanga Del Norte),Ms,TECTONIC
3480,2025-10-09 19:46:09+00:00,10.91,123.66,11,2.2,038 km S 67° W of City Of Bogo (Cebu),Ms,TECTONIC
3481,2025-10-09 19:33:57+00:00,16.41,122.44,7,3.0,023 km S 54° E of Dinapigue (Isabela),Ms,TECTONIC
3482,2025-10-09 19:26:26+00:00,20.07,121.52,29,2.1,048 km S 52° W of Sabtang (Batanes),Ms,TECTONIC
3483,2025-10-09 19:22:27+00:00,20.13,121.37,30,2.8,057 km S 67° W of Sabtang (Batanes),Ms,TECTONIC
3484,2025-10-09 19:19:32+00:00,7.68,124.57,3,2.3,017 km N 74° W of Wao (Lanao Del Sur),Ms,TECTONIC
3485,2025-10-09 19:11:43+00:00,17.75,120.6,24,2.8,009 km N 47° W of Danglas (Abra),Ms,TECTONIC
3486,2025-10-09 18:54:03+00:00,11.15,124.15,9,2.0,022 km N 59° E of City Of Bogo (Cebu),Ms,TECTONIC
3487,2025-10-09 18:45:09+00:00,10.97,123.95,5,3.0,009 km S 21° W of City Of Bogo (Cebu),Ms,TECTONIC
3488,2025-10-09 18:33:32+00:00,11.14,123.97,14,1.8,010 km N 09° W of City Of Bogo (Cebu),Ms,TECTONIC
3489,2025-10-09 18:21:10+00:00,16.08,120.49,128,2.4,004 km N 01° W of Manaoag (Pangasinan),Ms,TECTONIC
3490,2025-10-09 18:15:23+00:00,11.08,123.96,28,2.4,004 km N 34° W of City Of Bogo (Cebu),Ms,TECTONIC
3491,2025-10-09 18:15:04+00:00,10.96,123.91,8,1.9,012 km S 38° W of City Of Bogo (Cebu),Ms,TECTONIC
3492,2025-10-09 17:57:29+00:00,11.18,123.97,13,2.1,015 km N 04° W of City Of Bogo (Cebu),Ms,TECTONIC
3493,2025-10-09 17:55:37+00:00,4.37,128.01,81,3.5,307 km S 67° E of Sarangani Island (Municipality Of Sarangani) (Davao Occidental),Ms,TECTONIC
3494,2025-10-09 17:47:12+00:00,11.18,124.11,6,1.8,020 km N 43° E of City Of Bogo (Cebu),Ms,TECTONIC
3495,2025-10-09 17:14:04+00:00,11.14,123.97,7,2.1,011 km N 05° W of City Of Bogo (Cebu),Ms,TECTONIC
3496,2025-10-09 17:09:55+00:00,11.01,124.03,33,2.1,007 km S 57° E of City Of Bogo (Cebu),Ms,TECTONIC
3497,2025-10-09 17:05:11+00:00,11.13,124.09,9,1.8,015 km N 53° E of City Of Bogo (Cebu),Ms,TECTONIC
3498,2025-10-09 16:40:06+00:00,8.5,126.44,31,2.9,019 km N 38° E of Hinatuan (Surigao Del Sur),Ms,TECTONIC
3499,2025-10-09 16:22:00+00:00,11.17,124.02,30,1.5,014 km N 18° E of City Of Bogo (Cebu),Ms,TECTONIC
3500,2025-10-09 16:07:12+00:00,10.98,124.03,8,2.5,010 km S 36° E of City Of Bogo (Cebu),Ms,TECTONIC
3501,2025-10-09 15:53:19+00:00,11.2,124.16,6,1.7,026 km N 49° E of City Of Bogo (Cebu),Ms,TECTONIC
3502,2025-10-09 15:34:02+00:00,10.95,123.69,5,3.2,033 km S 72° W of City Of Bogo (Cebu),Ms,TECTONIC
3503,2025-10-09 15:27:10+00:00,11.17,124.03,32,1.3,015 km N 20° E of City Of Bogo (Cebu),Ms,TECTONIC
3504,2025-10-09 15:17:35+00:00,11.07,124.08,26,2.0,011 km N 76° E of City Of Bogo (Cebu),Ms,TECTONIC
3505,2025-10-09 15:11:32+00:00,11.04,123.85,26,2.0,014 km S 86° W of City Of Bogo (Cebu),Ms,TECTONIC
3506,2025-10-09 15:10:51+00:00,8.49,125.81,33,1.8,005 km N 35° E of Talacogon (Agusan Del Sur),Ms,TECTONIC
3507,2025-10-09 14:58:46+00:00,11.21,124.15,6,2.5,026 km N 45° E of City Of Bogo (Cebu),Ms,TECTONIC
3508,2025-10-09 14:48:23+00:00,11.05,124.02,29,2.0,004 km N 87° E of City Of Bogo (Cebu),Ms,TECTONIC
3509,2025-10-09 14:42:06+00:00,11.01,124.06,17,1.6,009 km S 65° E of City Of Bogo (Cebu),Ms,TECTONIC
3510,2025-10-09 14:24:04+00:00,11.29,123.98,10,1.5,027 km N 01° W of City Of Bogo (Cebu),Ms,TECTONIC
3511,2025-10-09 13:36:52+00:00,11.05,124.06,8,2.1,009 km N 88° E of City Of Bogo (Cebu),Ms,TECTONIC
3512,2025-10-09 13:16:42+00:00,11.09,124.07,10,4.0,011 km N 64° E of City Of Bogo (Cebu),M,TECTONIC
3513,2025-10-09 13:08:38+00:00,11.14,124.07,26,1.5,015 km N 44° E of City Of Bogo (Cebu),Ms,TECTONIC
3514,2025-10-09 12:59:28+00:00,11.02,124.05,22,2.2,008 km S 65° E of City Of Bogo (Cebu),Ms,TECTONIC
3515,2025-10-09 12:53:03+00:00,10.98,124.12,12,1.9,017 km S 65° E of City Of Bogo (Cebu),Ms,TECTONIC
3516,2025-10-09 12:31:05+00:00,11.2,124.0,23,2.4,017 km N 09° E of City Of Bogo (Cebu),Ms,TECTONIC
3517,2025-10-09 12:11:35+00:00,7.34,123.61,31,1.9,026 km S 57° E of Tabina (Zamboanga Del Sur),Ms,TECTONIC
3518,2025-10-09 12:13:14+00:00,18.34,122.18,3,2.6,014 km S 18° E of Santa Ana (Cagayan),Ms,TECTONIC
3519,2025-10-09 11:11:46+00:00,10.85,123.94,5,2.1,023 km S 10° W of City Of Bogo (Cebu),Ms,TECTONIC
3520,2025-10-09 11:02:41+00:00,8.79,126.32,23,2.4,003 km S 65° E of Marihatag (Surigao Del Sur),Ms,TECTONIC
3521,2025-10-09 10:30:23+00:00,11.13,123.94,5,3.1,010 km N 24° W of City Of Bogo (Cebu),Ms,TECTONIC
3522,2025-10-09 10:26:52+00:00,11.24,124.33,5,1.7,008 km N 67° W of Villaba (Leyte),Ms,TECTONIC
3523,2025-10-09 10:11:31+00:00,2.93,127.03,30,3.7,327 km S 33° E of Balut Island (Municipality Of Sarangani) (Davao Occidental),Ms,TECTONIC
3524,2025-10-09 10:10:02+00:00,11.16,124.17,3,2.4,024 km N 60° E of City Of Bogo (Cebu),Ms,TECTONIC
3525,2025-10-09 10:04:42+00:00,11.0,124.01,2,2.3,006 km S 29° E of City Of Bogo (Cebu),Ms,TECTONIC
3526,2025-10-09 09:52:15+00:00,11.21,124.15,5,2.6,026 km N 45° E of City Of Bogo (Cebu),Ms,TECTONIC
3527,2025-10-09 09:40:52+00:00,11.03,124.03,1,2.2,006 km S 68° E of City Of Bogo (Cebu),Ms,TECTONIC
3528,2025-10-09 09:39:11+00:00,11.14,124.12,5,2.6,019 km N 56° E of City Of Bogo (Cebu),Ms,TECTONIC
3529,2025-10-09 09:12:20+00:00,11.19,123.93,8,2.1,017 km N 20° W of City Of Bogo (Cebu),Ms,TECTONIC
3530,2025-10-09 09:01:09+00:00,11.06,123.94,1,2.2,004 km N 66° W of City Of Bogo (Cebu),Ms,TECTONIC
3531,2025-10-09 08:51:08+00:00,13.77,120.45,98,2.5,021 km S 71° W of Calatagan (Batangas),Ms,TECTONIC
3532,2025-10-09 08:26:21+00:00,11.19,124.07,33,1.9,018 km N 33° E of City Of Bogo (Cebu),Ms,TECTONIC
3533,2025-10-09 08:23:11+00:00,11.18,124.09,21,2.0,019 km N 41° E of City Of Bogo (Cebu),Ms,TECTONIC
3534,2025-10-09 08:18:41+00:00,11.18,124.06,13,2.0,017 km N 30° E of City Of Bogo (Cebu),Ms,TECTONIC
3535,2025-10-09 08:03:29+00:00,11.06,123.88,22,2.7,011 km N 80° W of City Of Bogo (Cebu),Ms,TECTONIC
3536,2025-10-09 08:01:40+00:00,5.81,126.83,12,3.1,125 km S 42° E of Governor Generoso (Davao Oriental),Ms,TECTONIC
3537,2025-10-09 07:56:02+00:00,7.41,124.74,33,2.0,011 km S 24° E of Banisilan (Cotabato),Ms,TECTONIC
3538,2025-10-09 07:53:45+00:00,11.15,123.99,33,1.6,012 km N 05° E of City Of Bogo (Cebu),Ms,TECTONIC
3539,2025-10-09 07:26:19+00:00,11.19,124.14,5,2.3,023 km N 48° E of City Of Bogo (Cebu),Ms,TECTONIC
3540,2025-10-09 06:53:35+00:00,11.14,123.96,8,1.9,011 km N 10° W of City Of Bogo (Cebu),Ms,TECTONIC
3541,2025-10-09 06:49:29+00:00,11.06,124.09,28,1.7,012 km N 81° E of City Of Bogo (Cebu),Ms,TECTONIC
3542,2025-10-09 06:26:19+00:00,15.46,120.66,32,1.7,008 km S 72° E of City Of Tarlac (Tarlac),Ms,TECTONIC
3543,2025-10-09 05:58:41+00:00,17.17,120.12,26,2.1,034 km N 89° W of City Of Candon (Ilocos Sur),Ms,TECTONIC
3544,2025-10-09 04:16:18+00:00,16.34,120.54,12,2.0,006 km S 22° W of Tuba (Benguet),Ms,TECTONIC
3545,2025-10-09 04:12:47+00:00,18.82,121.81,1,2.8,012 km S 31° W of Camiguin Island (Calayan) (Cagayan),Ms,TECTONIC
3546,2025-10-09 04:12:27+00:00,11.21,124.1,32,1.3,023 km N 36° E of City Of Bogo (Cebu),Ms,TECTONIC
3547,2025-10-09 02:46:31+00:00,10.98,124.03,20,1.8,009 km S 36° E of City Of Bogo (Cebu),Ms,TECTONIC
3548,2025-10-09 02:37:57+00:00,11.1,124.12,6,2.4,016 km N 71° E of City Of Bogo (Cebu),Ms,TECTONIC
3549,2025-10-09 02:30:21+00:00,16.34,120.42,12,4.4,005 km N 70° W of Pugo (La Union),Mw,TECTONIC
3550,2025-10-09 02:22:53+00:00,8.78,126.58,15,2.2,031 km S 86° E of Marihatag (Surigao Del Sur),Ms,TECTONIC
3551,2025-10-09 01:42:02+00:00,10.97,123.99,11,2.4,008 km S 05° E of City Of Bogo (Cebu),Ms,TECTONIC
3552,2025-10-09 01:21:43+00:00,10.89,123.8,4,3.2,027 km S 48° W of City Of Bogo (Cebu),Ms,TECTONIC
3553,2025-10-09 00:53:12+00:00,6.57,126.58,38,2.6,055 km S 16° E of Tarragona (Davao Oriental),Ms,TECTONIC
3554,2025-10-09 00:38:16+00:00,11.01,123.93,15,2.4,007 km S 53° W of City Of Bogo (Cebu),Ms,TECTONIC
3555,2025-10-09 00:03:54+00:00,11.11,124.03,19,2.4,009 km N 38° E of City Of Bogo (Cebu),Ms,TECTONIC
3556,2025-10-09 00:00:00+00:00,11.23,124.15,6,2.4,027 km N 43° E of City Of Bogo (Cebu),Ms,TECTONIC
3557,2025-10-08 23:54:13+00:00,20.0,121.13,14,3.9,087 km S 64° W of Sabtang (Batanes),Ms,TECTONIC
3558,2025-10-08 23:48:30+00:00,11.16,124.04,33,1.5,014 km N 28° E of City Of Bogo (Cebu),Ms,TECTONIC
3559,2025-10-08 23:36:19+00:00,11.21,124.03,32,1.4,019 km N 16° E of City Of Bogo (Cebu),Ms,TECTONIC
3560,2025-10-08 23:35:02+00:00,11.04,124.08,5,1.8,011 km S 87° E of City Of Bogo (Cebu),Ms,TECTONIC
3561,2025-10-08 22:59:44+00:00,11.16,123.98,27,1.5,012 km N 02° E of City Of Bogo (Cebu),Ms,TECTONIC
3562,2025-10-08 22:42:43+00:00,10.95,123.96,9,1.8,011 km S 12° W of City Of Bogo (Cebu),Ms,TECTONIC
3563,2025-10-08 22:40:56+00:00,11.18,123.98,27,2.1,014 km N 01° W of City Of Bogo (Cebu),Ms,TECTONIC
3564,2025-10-08 22:40:17+00:00,10.91,123.9,5,2.6,018 km S 31° W of City Of Bogo (Cebu),Ms,TECTONIC
3565,2025-10-08 22:32:32+00:00,10.98,124.1,26,2.0,015 km S 60° E of City Of Bogo (Cebu),Ms,TECTONIC
3566,2025-10-08 22:23:26+00:00,11.18,124.05,26,1.8,017 km N 26° E of City Of Bogo (Cebu),Ms,TECTONIC
3567,2025-10-08 22:11:26+00:00,11.13,124.09,4,3.0,015 km N 54° E of City Of Bogo (Cebu),Ms,TECTONIC
3568,2025-10-08 21:47:21+00:00,11.17,123.98,33,1.6,013 km N 01° E of City Of Bogo (Cebu),Ms,TECTONIC
3569,2025-10-08 21:46:15+00:00,11.18,123.97,12,1.8,015 km N 03° W of City Of Bogo (Cebu),Ms,TECTONIC
3570,2025-10-08 21:41:45+00:00,10.94,123.91,24,2.0,014 km S 31° W of City Of Bogo (Cebu),Ms,TECTONIC
3571,2025-10-08 21:22:57+00:00,11.06,124.09,32,1.2,013 km N 83° E of City Of Bogo (Cebu),Ms,TECTONIC
3572,2025-10-08 21:18:29+00:00,11.11,123.98,21,1.5,007 km N 02° W of City Of Bogo (Cebu),Ms,TECTONIC
3573,2025-10-08 21:14:26+00:00,13.97,119.52,87,2.2,112 km S 46° W of Morong (Bataan),Ms,TECTONIC
3574,2025-10-08 21:05:30+00:00,11.06,124.09,16,2.4,012 km N 85° E of City Of Bogo (Cebu),Ms,TECTONIC
3575,2025-10-08 21:04:40+00:00,10.92,123.89,3,1.7,017 km S 36° W of City Of Bogo (Cebu),Ms,TECTONIC
3576,2025-10-08 21:00:11+00:00,11.15,123.96,10,1.6,011 km N 13° W of City Of Bogo (Cebu),Ms,TECTONIC
3577,2025-10-08 20:55:15+00:00,9.69,126.23,32,2.1,013 km S 41° E of General Luna (Surigao Del Norte),Ms,TECTONIC
3578,2025-10-08 20:42:32+00:00,11.06,124.05,4,2.0,008 km N 81° E of City Of Bogo (Cebu),Ms,TECTONIC
3579,2025-10-08 20:32:51+00:00,10.92,123.99,22,1.5,014 km S 07° E of City Of Bogo (Cebu),Ms,TECTONIC
3580,2025-10-08 20:32:22+00:00,11.1,124.05,22,1.0,010 km N 55° E of City Of Bogo (Cebu),Ms,TECTONIC
3581,2025-10-08 20:29:10+00:00,10.96,124.04,5,2.4,011 km S 33° E of City Of Bogo (Cebu),Ms,TECTONIC
3582,2025-10-08 20:20:58+00:00,11.07,124.07,32,2.1,010 km N 76° E of City Of Bogo (Cebu),Ms,TECTONIC
3583,2025-10-08 20:14:33+00:00,11.34,123.96,4,2.2,033 km N 05° W of City Of Bogo (Cebu),Ms,TECTONIC
3584,2025-10-08 20:14:37+00:00,18.01,120.49,38,2.7,001 km S 09° E of Currimao (Ilocos Norte),Ms,TECTONIC
3585,2025-10-08 20:06:53+00:00,11.03,124.04,16,1.3,006 km S 76° E of City Of Bogo (Cebu),Ms,TECTONIC
3586,2025-10-08 19:54:09+00:00,10.95,124.02,24,1.0,011 km S 21° E of City Of Bogo (Cebu),Ms,TECTONIC
3587,2025-10-08 19:10:31+00:00,11.1,124.11,4,3.3,015 km N 68° E of City Of Bogo (Cebu),Ms,TECTONIC
3588,2025-10-08 19:08:09+00:00,9.97,122.09,4,2.4,043 km N 59° W of City Of Sipalay (Negros Occidental),Ms,TECTONIC
3589,2025-10-08 19:02:10+00:00,11.05,124.14,2,1.5,018 km N 89° E of City Of Bogo (Cebu),Ms,TECTONIC
3590,2025-10-08 18:54:48+00:00,11.14,123.97,11,1.6,010 km N 06° W of City Of Bogo (Cebu),Ms,TECTONIC
3591,2025-10-08 18:51:13+00:00,15.14,121.98,1,4.0,029 km N 39° E of Panukulan (Quezon),Ms,TECTONIC
3592,2025-10-08 18:42:54+00:00,11.17,124.04,17,1.7,015 km N 27° E of City Of Bogo (Cebu),Ms,TECTONIC
3593,2025-10-08 18:21:42+00:00,10.76,123.95,18,1.7,032 km S 06° W of City Of Bogo (Cebu),Ms,TECTONIC
3594,2025-10-08 18:19:53+00:00,11.36,123.92,33,1.3,035 km N 11° W of City Of Bogo (Cebu),Ms,TECTONIC
3595,2025-10-08 18:17:58+00:00,11.17,124.16,4,1.2,024 km N 56° E of City Of Bogo (Cebu),Ms,TECTONIC
3596,2025-10-08 18:04:56+00:00,10.9,124.0,22,1.9,017 km S 08° E of City Of Bogo (Cebu),Ms,TECTONIC
3597,2025-10-08 18:04:11+00:00,11.01,124.05,33,1.2,008 km S 63° E of City Of Bogo (Cebu),Ms,TECTONIC
3598,2025-10-08 17:56:11+00:00,11.09,123.95,33,1.2,006 km N 35° W of City Of Bogo (Cebu),Ms,TECTONIC
3599,2025-10-08 17:55:00+00:00,11.17,124.15,23,1.5,023 km N 55° E of City Of Bogo (Cebu),Ms,TECTONIC
3600,2025-10-08 17:44:04+00:00,13.12,120.23,1,2.6,042 km S 74° W of Mamburao (Occidental Mindoro),Ms,TECTONIC
3601,2025-10-08 17:42:25+00:00,6.96,124.81,35,2.9,008 km N 80° W of M'lang (Cotabato),Ms,TECTONIC
3602,2025-10-08 17:31:42+00:00,11.15,123.95,7,1.7,012 km N 14° W of City Of Bogo (Cebu),Ms,TECTONIC
3603,2025-10-08 17:15:29+00:00,11.21,124.13,11,2.5,024 km N 41° E of City Of Bogo (Cebu),Ms,TECTONIC
3604,2025-10-08 17:07:13+00:00,11.07,124.07,27,2.0,010 km N 75° E of City Of Bogo (Cebu),Ms,TECTONIC
3605,2025-10-08 17:05:06+00:00,17.26,120.2,9,2.3,027 km S 74° W of San Esteban (Ilocos Sur),Ms,TECTONIC
3606,2025-10-08 16:26:42+00:00,11.17,123.98,33,1.6,013 km N 01° E of City Of Bogo (Cebu),Ms,TECTONIC
3607,2025-10-08 15:36:13+00:00,15.45,120.18,31,1.5,025 km N 43° E of Botolan (Zambales),Ms,TECTONIC
3608,2025-10-08 15:33:55+00:00,10.98,124.1,37,1.3,015 km S 60° E of City Of Bogo (Cebu),Ms,TECTONIC
3609,2025-10-08 15:23:25+00:00,11.22,124.08,25,1.2,022 km N 30° E of City Of Bogo (Cebu),Ms,TECTONIC
3610,2025-10-08 15:05:56+00:00,11.1,124.11,3,1.8,015 km N 65° E of City Of Bogo (Cebu),Ms,TECTONIC
3611,2025-10-08 14:59:39+00:00,11.26,123.96,34,1.1,024 km N 05° W of City Of Bogo (Cebu),Ms,TECTONIC
3612,2025-10-08 14:54:10+00:00,10.85,123.95,6,2.2,022 km S 09° W of City Of Bogo (Cebu),Ms,TECTONIC
3613,2025-10-08 14:42:08+00:00,10.91,124.05,4,1.8,020 km S 18° E of City Of Bogo (Cebu),Ms,TECTONIC
3614,2025-10-08 14:32:09+00:00,11.13,124.16,4,2.2,022 km N 66° E of City Of Bogo (Cebu),Ms,TECTONIC
3615,2025-10-08 14:29:33+00:00,9.08,126.46,33,3.7,023 km N 58° E of Bayabas (Surigao Del Sur),Ms,TECTONIC
3616,2025-10-08 14:28:33+00:00,6.67,126.78,21,1.8,056 km S 41° E of Tarragona (Davao Oriental),Ms,TECTONIC
3617,2025-10-08 14:23:03+00:00,14.0,120.42,76,2.4,024 km S 70° W of Nasugbu (Batangas),Ms,TECTONIC
3618,2025-10-08 14:18:51+00:00,13.3,120.91,24,2.1,019 km S 38° W of San Teodoro (Oriental Mindoro),Ms,TECTONIC
3619,2025-10-08 14:13:58+00:00,11.07,124.06,26,1.6,009 km N 70° E of City Of Bogo (Cebu),Ms,TECTONIC
3620,2025-10-08 14:09:28+00:00,6.23,124.63,23,1.5,009 km N 88° W of Lake Sebu (South Cotabato),Ms,TECTONIC
3621,2025-10-08 14:00:19+00:00,13.56,120.65,127,1.5,015 km N 35° W of Abra De Ilog (Occidental Mindoro),Ms,TECTONIC
3622,2025-10-08 13:43:08+00:00,11.16,123.94,11,1.4,013 km N 18° W of City Of Bogo (Cebu),Ms,TECTONIC
3623,2025-10-08 13:38:20+00:00,11.2,123.94,10,1.4,018 km N 13° W of City Of Bogo (Cebu),Ms,TECTONIC
3624,2025-10-08 13:27:03+00:00,11.11,123.94,3,1.9,008 km N 31° W of City Of Bogo (Cebu),Ms,TECTONIC
3625,2025-10-08 13:22:14+00:00,19.82,122.52,175,3.6,072 km N 62° E of Babuyan Island (Calayan) (Cagayan),Ms,TECTONIC
3626,2025-10-08 13:17:08+00:00,15.79,119.74,36,1.4,018 km S 79° W of Infanta (Pangasinan),Ms,TECTONIC
3627,2025-10-08 13:10:20+00:00,11.14,124.12,5,2.3,019 km N 57° E of City Of Bogo (Cebu),Ms,TECTONIC
3628,2025-10-08 13:05:41+00:00,9.11,126.2,27,2.1,005 km N 39° E of City Of Tandag (Surigao Del Sur),Ms,TECTONIC
3629,2025-10-08 12:57:39+00:00,13.79,120.57,83,1.2,009 km S 58° W of Calatagan (Batangas),Ms,TECTONIC
3630,2025-10-08 12:42:32+00:00,11.01,124.02,5,3.5,006 km S 42° E of City Of Bogo (Cebu),Ms,TECTONIC
3631,2025-10-08 12:11:30+00:00,11.0,124.02,23,2.4,006 km S 38° E of City Of Bogo (Cebu),Ms,TECTONIC
3632,2025-10-08 12:06:40+00:00,11.19,124.03,31,1.0,017 km N 20° E of City Of Bogo (Cebu),Ms,TECTONIC
3633,2025-10-08 11:50:30+00:00,11.14,123.79,2,1.3,024 km N 63° W of City Of Bogo (Cebu),Ms,TECTONIC
3634,2025-10-08 11:38:40+00:00,11.15,124.11,25,2.4,018 km N 51° E of City Of Bogo (Cebu),Ms,TECTONIC
3635,2025-10-08 11:34:51+00:00,11.09,124.07,7,1.5,011 km N 62° E of City Of Bogo (Cebu),Ms,TECTONIC
3636,2025-10-08 11:30:45+00:00,10.96,123.95,3,2.6,010 km S 15° W of City Of Bogo (Cebu),Ms,TECTONIC
3637,2025-10-08 11:16:33+00:00,11.06,124.2,2,2.4,023 km N 85° E of City Of Bogo (Cebu),Ms,TECTONIC
3638,2025-10-08 10:37:52+00:00,11.13,124.0,23,1.5,010 km N 15° E of City Of Bogo (Cebu),Ms,TECTONIC
3639,2025-10-08 10:25:13+00:00,11.37,124.09,5,2.7,038 km N 19° E of City Of Bogo (Cebu),Ms,TECTONIC
3640,2025-10-08 10:16:12+00:00,11.14,124.06,27,1.6,013 km N 42° E of City Of Bogo (Cebu),Ms,TECTONIC
3641,2025-10-08 10:09:23+00:00,11.19,124.08,2,2.1,020 km N 36° E of City Of Bogo (Cebu),Ms,TECTONIC
3642,2025-10-08 09:56:42+00:00,10.93,123.92,2,2.4,014 km S 26° W of City Of Bogo (Cebu),Ms,TECTONIC
3643,2025-10-08 09:52:05+00:00,11.11,124.16,5,2.0,021 km N 72° E of City Of Bogo (Cebu),Ms,TECTONIC
3644,2025-10-08 09:35:20+00:00,11.16,123.97,32,1.2,012 km N 06° W of City Of Bogo (Cebu),Ms,TECTONIC
3645,2025-10-08 09:32:29+00:00,11.08,124.01,7,2.0,005 km N 37° E of City Of Bogo (Cebu),Ms,TECTONIC
3646,2025-10-08 09:18:08+00:00,11.26,123.91,4,2.6,025 km N 18° W of City Of Bogo (Cebu),Ms,TECTONIC
3647,2025-10-08 09:09:30+00:00,11.02,124.06,33,2.0,009 km S 73° E of City Of Bogo (Cebu),Ms,TECTONIC
3648,2025-10-08 09:01:55+00:00,11.05,124.12,3,2.7,016 km N 88° E of City Of Bogo (Cebu),Ms,TECTONIC
3649,2025-10-08 08:57:32+00:00,11.19,124.18,5,2.1,027 km N 55° E of City Of Bogo (Cebu),Ms,TECTONIC
3650,2025-10-08 08:47:51+00:00,11.05,124.0,33,2.3,002 km N 87° E of City Of Bogo (Cebu),Ms,TECTONIC
3651,2025-10-08 08:47:51+00:00,11.25,123.95,30,2.7,023 km N 09° W of City Of Bogo (Cebu),Ms,TECTONIC
3652,2025-10-08 08:37:53+00:00,7.24,121.81,10,3.4,029 km S 77° W of Sibuco (Zamboanga Del Norte),Ms,TECTONIC
3653,2025-10-08 07:52:30+00:00,10.69,126.07,25,2.2,053 km S 45° E of Guiuan (Eastern Samar),Ms,TECTONIC
3654,2025-10-08 07:27:15+00:00,8.62,126.17,5,3.1,008 km S 81° E of Lianga (Surigao Del Sur),Ms,TECTONIC
3655,2025-10-08 07:25:28+00:00,11.06,123.87,30,2.0,012 km N 84° W of City Of Bogo (Cebu),Ms,TECTONIC
3656,2025-10-08 07:11:44+00:00,11.07,124.14,34,1.8,018 km N 83° E of City Of Bogo (Cebu),Ms,TECTONIC
3657,2025-10-08 05:04:58+00:00,10.84,123.96,24,2.0,023 km S 06° W of City Of Bogo (Cebu),Ms,TECTONIC
3658,2025-10-08 04:05:17+00:00,8.15,127.44,31,2.9,114 km N 84° E of Lingig (Surigao Del Sur),Ms,TECTONIC
3659,2025-10-08 04:01:24+00:00,10.99,123.98,1,1.4,006 km S 01° W of City Of Bogo (Cebu),Ms,TECTONIC
3660,2025-10-08 03:48:16+00:00,11.16,124.0,26,1.5,012 km N 10° E of City Of Bogo (Cebu),Ms,TECTONIC
3661,2025-10-08 03:38:54+00:00,9.31,126.21,21,2.3,004 km N 28° E of Cortes (Surigao Del Sur),Ms,TECTONIC
3662,2025-10-08 03:36:49+00:00,7.8,126.96,23,2.8,050 km N 61° E of Baganga (Davao Oriental),Ms,TECTONIC
3663,2025-10-08 03:28:14+00:00,10.99,123.96,5,3.0,007 km S 16° W of City Of Bogo (Cebu),Ms,TECTONIC
3664,2025-10-08 03:08:48+00:00,11.2,124.11,29,2.0,023 km N 39° E of City Of Bogo (Cebu),Ms,TECTONIC
3665,2025-10-08 03:03:35+00:00,11.13,124.13,33,1.7,019 km N 61° E of City Of Bogo (Cebu),Ms,TECTONIC
3666,2025-10-08 02:48:33+00:00,11.27,124.03,34,1.6,026 km N 13° E of City Of Bogo (Cebu),Ms,TECTONIC
3667,2025-10-08 02:38:08+00:00,7.59,124.81,32,1.8,011 km S 59° E of Wao (Lanao Del Sur),Ms,TECTONIC
3668,2025-10-08 01:38:39+00:00,11.22,124.02,20,1.8,019 km N 12° E of City Of Bogo (Cebu),Ms,TECTONIC
3669,2025-10-08 01:16:29+00:00,10.94,123.97,4,2.1,012 km S 03° W of City Of Bogo (Cebu),Ms,TECTONIC
3670,2025-10-08 01:10:26+00:00,11.21,124.23,26,2.5,033 km N 56° E of City Of Bogo (Cebu),Ms,TECTONIC
3671,2025-10-08 01:09:12+00:00,17.92,120.26,12,2.4,022 km N 73° W of Sinait (Ilocos Sur),Ms,TECTONIC
3672,2025-10-08 01:00:36+00:00,9.4,125.61,21,2.1,006 km S 27° E of Kitcharao (Agusan Del Norte),Ms,TECTONIC
3673,2025-10-08 00:58:14+00:00,11.12,124.14,6,1.7,020 km N 65° E of City Of Bogo (Cebu),Ms,TECTONIC
3674,2025-10-08 00:56:20+00:00,11.08,123.97,23,1.9,004 km N 12° W of City Of Bogo (Cebu),Ms,TECTONIC
3675,2025-10-08 00:46:31+00:00,11.17,124.08,6,2.6,018 km N 39° E of City Of Bogo (Cebu),Ms,TECTONIC
3676,2025-10-08 00:35:37+00:00,11.11,124.11,5,2.4,015 km N 65° E of City Of Bogo (Cebu),Ms,TECTONIC
3677,2025-10-08 00:29:35+00:00,10.9,123.86,1,1.7,021 km S 38° W of City Of Bogo (Cebu),Ms,TECTONIC
3678,2025-10-08 00:27:02+00:00,11.18,124.12,5,2.6,022 km N 46° E of City Of Bogo (Cebu),Ms,TECTONIC
3679,2025-10-08 00:24:16+00:00,11.13,124.0,22,1.6,010 km N 14° E of City Of Bogo (Cebu),Ms,TECTONIC
3680,2025-10-08 00:17:27+00:00,10.13,126.45,23,2.8,042 km N 74° E of Burgos (Surigao Del Norte),Ms,TECTONIC
3681,2025-10-08 00:16:55+00:00,10.99,123.97,6,1.6,007 km S 12° W of City Of Bogo (Cebu),Ms,TECTONIC
3682,2025-10-08 00:13:52+00:00,11.13,124.01,27,1.7,010 km N 21° E of City Of Bogo (Cebu),Ms,TECTONIC
3683,2025-10-08 00:06:32+00:00,11.15,123.98,31,1.3,011 km North of City Of Bogo (Cebu),Ms,TECTONIC
3684,2025-10-07 23:59:42+00:00,10.97,123.92,1,3.3,010 km S 37° W of City Of Bogo (Cebu),Ms,TECTONIC
3685,2025-10-07 23:47:51+00:00,11.11,123.95,4,2.6,008 km N 28° W of City Of Bogo (Cebu),Ms,TECTONIC
3686,2025-10-07 23:46:35+00:00,11.06,124.09,33,1.6,012 km N 83° E of City Of Bogo (Cebu),Ms,TECTONIC
3687,2025-10-07 23:38:36+00:00,10.26,126.71,23,3.7,075 km N 69° E of Burgos (Surigao Del Norte),Ms,TECTONIC
3688,2025-10-07 23:34:45+00:00,11.17,124.16,7,1.9,024 km N 54° E of City Of Bogo (Cebu),Ms,TECTONIC
3689,2025-10-07 23:23:05+00:00,11.12,123.95,7,2.4,009 km N 23° W of City Of Bogo (Cebu),Ms,TECTONIC
3690,2025-10-07 23:19:49+00:00,10.97,123.95,6,3.9,010 km S 21° W of City Of Bogo (Cebu),Ms,TECTONIC
3691,2025-10-07 22:57:39+00:00,11.07,124.17,31,2.0,021 km N 81° E of City Of Bogo (Cebu),Ms,TECTONIC
3692,2025-10-07 22:50:40+00:00,13.91,120.45,61,1.6,021 km N 65° W of Calatagan (Batangas),Ms,TECTONIC
3693,2025-10-07 22:50:37+00:00,11.04,124.08,2,2.5,011 km S 84° E of City Of Bogo (Cebu),Ms,TECTONIC
3694,2025-10-07 22:41:23+00:00,16.48,122.09,10,2.0,016 km N 52° W of Dilasag (Aurora),Ms,TECTONIC
3695,2025-10-07 22:35:50+00:00,10.95,124.03,15,2.2,012 km S 25° E of City Of Bogo (Cebu),Ms,TECTONIC
3696,2025-10-07 22:24:30+00:00,10.96,124.02,31,2.2,011 km S 22° E of City Of Bogo (Cebu),Ms,TECTONIC
3697,2025-10-07 22:22:18+00:00,10.97,124.24,34,2.0,030 km S 75° E of City Of Bogo (Cebu),Ms,TECTONIC
3698,2025-10-07 22:20:23+00:00,11.09,124.05,16,2.0,010 km N 58° E of City Of Bogo (Cebu),Ms,TECTONIC
3699,2025-10-07 22:00:33+00:00,10.92,123.92,3,2.4,016 km S 25° W of City Of Bogo (Cebu),Ms,TECTONIC
3700,2025-10-07 21:45:48+00:00,10.92,123.95,8,3.2,014 km S 11° W of City Of Bogo (Cebu),Ms,TECTONIC
3701,2025-10-07 21:34:56+00:00,10.94,124.01,31,1.7,012 km S 15° E of City Of Bogo (Cebu),Ms,TECTONIC
3702,2025-10-07 21:31:04+00:00,11.22,124.08,9,2.3,022 km N 28° E of City Of Bogo (Cebu),Ms,TECTONIC
3703,2025-10-07 21:21:11+00:00,11.16,124.08,6,3.8,016 km N 40° E of City Of Bogo (Cebu),Ms,TECTONIC
3704,2025-10-07 21:14:50+00:00,11.11,124.1,26,1.8,015 km N 64° E of City Of Bogo (Cebu),Ms,TECTONIC
3705,2025-10-07 21:04:20+00:00,11.18,123.95,5,1.8,015 km N 11° W of City Of Bogo (Cebu),Ms,TECTONIC
3706,2025-10-07 21:03:26+00:00,11.13,124.24,31,1.7,030 km N 71° E of City Of Bogo (Cebu),Ms,TECTONIC
3707,2025-10-07 21:03:26+00:00,11.13,124.24,31,1.7,030 km N 71° E of City Of Bogo (Cebu),Ms,TECTONIC
3708,2025-10-07 21:03:03+00:00,18.35,120.62,22,2.0,002 km N 10° W of Pasuquin (Ilocos Norte),Ms,TECTONIC
3709,2025-10-07 20:50:53+00:00,11.14,123.99,31,1.4,011 km N 05° E of City Of Bogo (Cebu),Ms,TECTONIC
3710,2025-10-07 20:47:53+00:00,10.99,123.99,5,2.1,007 km S 14° E of City Of Bogo (Cebu),Ms,TECTONIC
3711,2025-10-07 20:34:31+00:00,11.07,124.1,24,1.6,013 km N 77° E of City Of Bogo (Cebu),Ms,TECTONIC
3712,2025-10-07 20:33:03+00:00,6.32,124.39,20,2.0,017 km S 28° E of Senator Ninoy Aquino (Sultan Kudarat),Ms,TECTONIC
3713,2025-10-07 20:28:07+00:00,11.1,124.3,34,1.6,036 km N 80° E of City Of Bogo (Cebu),Ms,TECTONIC
3714,2025-10-07 20:23:17+00:00,13.5,120.6,53,2.3,015 km N 66° W of Abra De Ilog (Occidental Mindoro),Ms,TECTONIC
3715,2025-10-07 20:17:15+00:00,5.97,126.24,104,3.2,066 km S 67° E of Don Marcelino (Davao Occidental),Ms,TECTONIC
3716,2025-10-07 20:17:06+00:00,11.09,124.05,30,2.3,009 km N 56° E of City Of Bogo (Cebu),Ms,TECTONIC
3717,2025-10-07 20:14:58+00:00,12.45,121.13,9,2.4,013 km N 31° E of San Jose (Occidental Mindoro),Ms,TECTONIC
3718,2025-10-07 20:10:14+00:00,11.18,124.09,25,2.5,019 km N 40° E of City Of Bogo (Cebu),Ms,TECTONIC
3719,2025-10-07 20:03:17+00:00,11.12,123.87,20,2.0,014 km N 54° W of City Of Bogo (Cebu),Ms,TECTONIC
3720,2025-10-07 19:50:24+00:00,11.13,124.1,25,2.7,016 km N 54° E of City Of Bogo (Cebu),Ms,TECTONIC
3721,2025-10-07 19:49:01+00:00,11.02,123.99,31,1.7,003 km S 26° E of City Of Bogo (Cebu),Ms,TECTONIC
3722,2025-10-07 19:45:07+00:00,13.73,120.19,24,2.6,007 km N 78° W of Looc (Occidental Mindoro),Ms,TECTONIC
3723,2025-10-07 19:42:48+00:00,11.07,124.01,35,1.5,004 km N 47° E of City Of Bogo (Cebu),Ms,TECTONIC
3724,2025-10-07 19:40:45+00:00,11.21,124.14,8,2.2,025 km N 44° E of City Of Bogo (Cebu),Ms,TECTONIC
3725,2025-10-07 19:33:15+00:00,12.46,121.1,8,2.7,015 km S 88° E of Rizal (Occidental Mindoro),Ms,TECTONIC
3726,2025-10-07 19:32:18+00:00,11.17,124.14,2,2.0,022 km N 51° E of City Of Bogo (Cebu),Ms,TECTONIC
3727,2025-10-07 19:30:11+00:00,11.29,124.36,9,3.1,009 km N 20° W of Villaba (Leyte),Ms,TECTONIC
3728,2025-10-07 19:25:17+00:00,11.17,123.99,33,1.5,013 km N 06° E of City Of Bogo (Cebu),Ms,TECTONIC
3729,2025-10-07 19:23:55+00:00,11.17,123.98,12,2.1,013 km N 01° E of City Of Bogo (Cebu),Ms,TECTONIC
3730,2025-10-07 19:17:28+00:00,11.1,124.11,5,3.1,016 km N 68° E of City Of Bogo (Cebu),Ms,TECTONIC
3731,2025-10-07 19:11:57+00:00,11.11,123.93,2,2.8,009 km N 41° W of City Of Bogo (Cebu),Ms,TECTONIC
3732,2025-10-07 19:03:50+00:00,10.91,124.1,2,2.3,020 km S 42° E of City Of Bogo (Cebu),Ms,TECTONIC
3733,2025-10-07 19:00:42+00:00,10.9,123.86,1,2.5,021 km S 39° W of City Of Bogo (Cebu),Ms,TECTONIC
3734,2025-10-07 18:53:57+00:00,11.1,124.07,30,2.2,011 km N 60° E of City Of Bogo (Cebu),Ms,TECTONIC
3735,2025-10-07 18:51:57+00:00,13.82,122.7,31,1.7,009 km N 89° W of Ragay (Camarines Sur),Ms,TECTONIC
3736,2025-10-07 18:43:34+00:00,10.88,123.9,1,2.0,020 km S 26° W of City Of Bogo (Cebu),Ms,TECTONIC
3737,2025-10-07 18:34:45+00:00,11.13,124.28,11,1.9,034 km N 75° E of City Of Bogo (Cebu),Ms,TECTONIC
3738,2025-10-07 18:29:54+00:00,11.04,124.01,32,2.0,003 km S 82° E of City Of Bogo (Cebu),Ms,TECTONIC
3739,2025-10-07 18:29:12+00:00,16.36,120.73,35,1.8,005 km S 85° E of Itogon (Benguet),Ms,TECTONIC
3740,2025-10-07 18:23:19+00:00,11.02,123.96,3,2.8,003 km S 45° W of City Of Bogo (Cebu),Ms,TECTONIC
3741,2025-10-07 18:16:53+00:00,11.06,124.02,23,1.5,004 km N 63° E of City Of Bogo (Cebu),Ms,TECTONIC
3742,2025-10-07 18:16:26+00:00,11.18,123.99,31,2.1,015 km N 05° E of City Of Bogo (Cebu),Ms,TECTONIC
3743,2025-10-07 18:05:17+00:00,11.16,124.09,7,1.8,022 km N 36° E of City Of Bogo (Cebu),Ms,TECTONIC
3744,2025-10-07 18:04:12+00:00,10.94,124.22,25,2.1,028 km S 67° E of City Of Bogo (Cebu),Ms,TECTONIC
3745,2025-10-07 18:02:22+00:00,10.9,123.87,6,2.3,020 km S 36° W of City Of Bogo (Cebu),Ms,TECTONIC
3746,2025-10-07 17:57:15+00:00,8.38,125.88,8,2.0,014 km N 39° E of La Paz (Agusan Del Sur),Ms,TECTONIC
3747,2025-10-07 17:55:35+00:00,11.08,123.93,30,1.9,007 km N 55° W of City Of Bogo (Cebu),Ms,TECTONIC
3748,2025-10-07 17:43:03+00:00,12.51,121.08,8,2.3,014 km N 65° E of Rizal (Occidental Mindoro),Ms,TECTONIC
3749,2025-10-07 17:40:55+00:00,10.98,123.94,26,1.7,008 km S 35° W of City Of Bogo (Cebu),Ms,TECTONIC
3750,2025-10-07 17:33:42+00:00,11.15,124.03,20,1.9,013 km N 24° E of City Of Bogo (Cebu),Ms,TECTONIC
3751,2025-10-07 17:31:34+00:00,11.13,124.01,34,1.3,010 km N 20° E of City Of Bogo (Cebu),Ms,TECTONIC
3752,2025-10-07 17:24:48+00:00,11.0,123.98,29,2.0,006 km S 04° E of City Of Bogo (Cebu),Ms,TECTONIC
3753,2025-10-07 17:20:19+00:00,11.09,124.1,5,2.9,014 km N 72° E of City Of Bogo (Cebu),Ms,TECTONIC
3754,2025-10-07 17:08:23+00:00,11.48,124.24,33,2.1,015 km N 57° W of San Isidro (Leyte),Ms,TECTONIC
3755,2025-10-07 17:05:35+00:00,10.96,123.93,6,1.9,012 km S 30° W of City Of Bogo (Cebu),Ms,TECTONIC
3756,2025-10-07 17:02:12+00:00,10.95,123.96,12,2.7,010 km S 11° W of City Of Bogo (Cebu),Ms,TECTONIC
3757,2025-10-07 16:56:00+00:00,11.26,124.02,6,1.9,024 km N 09° E of City Of Bogo (Cebu),Ms,TECTONIC
3758,2025-10-07 16:45:19+00:00,11.15,124.02,30,2.4,013 km N 19° E of City Of Bogo (Cebu),Ms,TECTONIC
3759,2025-10-07 16:40:41+00:00,11.12,124.14,11,1.4,020 km N 64° E of City Of Bogo (Cebu),Ms,TECTONIC
3760,2025-10-07 16:39:02+00:00,11.15,124.12,5,2.7,019 km N 53° E of City Of Bogo (Cebu),Ms,TECTONIC
3761,2025-10-07 16:30:37+00:00,10.89,123.51,16,2.0,020 km N 02° W of Toboso (Negros Occidental),Ms,TECTONIC
3762,2025-10-07 16:11:23+00:00,13.77,122.83,33,1.4,007 km S 35° E of Ragay (Camarines Sur),Ms,TECTONIC
3763,2025-10-07 16:09:26+00:00,11.08,124.08,8,3.4,011 km N 73° E of City Of Bogo (Cebu),Ms,TECTONIC
3764,2025-10-07 16:08:06+00:00,13.56,120.6,6,1.8,019 km N 46° W of Abra De Ilog (Occidental Mindoro),Ms,TECTONIC
3765,2025-10-07 15:59:25+00:00,11.21,124.12,18,1.6,023 km N 41° E of City Of Bogo (Cebu),Ms,TECTONIC
3766,2025-10-07 15:46:06+00:00,5.85,126.21,152,2.6,064 km S 83° E of Jose Abad Santos (Davao Occidental),Ms,TECTONIC
3767,2025-10-07 15:44:53+00:00,9.22,126.41,32,2.4,024 km S 74° E of Cortes (Surigao Del Sur),Ms,TECTONIC
3768,2025-10-07 15:38:54+00:00,11.11,124.14,2,2.8,019 km N 70° E of City Of Bogo (Cebu),Ms,TECTONIC
3769,2025-10-07 15:37:36+00:00,11.1,124.12,7,2.1,017 km N 68° E of City Of Bogo (Cebu),Ms,TECTONIC
3770,2025-10-07 15:17:37+00:00,10.97,123.95,4,2.6,009 km S 24° W of City Of Bogo (Cebu),Ms,TECTONIC
3771,2025-10-07 15:08:19+00:00,10.96,124.03,4,2.6,011 km S 28° E of City Of Bogo (Cebu),Ms,TECTONIC
3772,2025-10-07 14:44:34+00:00,10.67,123.45,16,1.8,009 km S 55° W of Toboso (Negros Occidental),Ms,TECTONIC
3773,2025-10-07 14:28:43+00:00,11.16,123.97,29,2.3,013 km N 06° W of City Of Bogo (Cebu),Ms,TECTONIC
3774,2025-10-07 14:14:39+00:00,10.06,125.53,19,1.4,007 km N 56° W of San Jose (Dinagat Islands),Ms,TECTONIC
3775,2025-10-07 14:14:10+00:00,10.99,124.01,1,2.6,007 km S 26° E of City Of Bogo (Cebu),Ms,TECTONIC
3776,2025-10-07 14:12:10+00:00,11.17,123.96,11,1.7,014 km N 09° W of City Of Bogo (Cebu),Ms,TECTONIC
3777,2025-10-07 14:06:53+00:00,11.0,124.05,32,2.3,010 km S 56° E of City Of Bogo (Cebu),Ms,TECTONIC
3778,2025-10-07 13:58:25+00:00,11.03,124.02,3,2.5,005 km S 68° E of City Of Bogo (Cebu),Ms,TECTONIC
3779,2025-10-07 13:51:07+00:00,13.75,120.57,80,1.6,011 km S 36° W of Calatagan (Batangas),Ms,TECTONIC
3780,2025-10-07 13:49:53+00:00,11.13,124.08,7,2.0,014 km N 50° E of City Of Bogo (Cebu),Ms,TECTONIC
3781,2025-10-07 13:41:17+00:00,16.56,120.0,38,1.8,022 km N 32° E of Bolinao (Pangasinan),Ms,TECTONIC
3782,2025-10-07 13:37:55+00:00,11.25,123.97,8,2.7,022 km N 03° W of City Of Bogo (Cebu),Ms,TECTONIC
3783,2025-10-07 13:34:46+00:00,10.89,124.08,24,2.3,021 km S 31° E of City Of Bogo (Cebu),Ms,TECTONIC
3784,2025-10-07 13:28:00+00:00,11.16,124.04,23,1.8,015 km N 28° E of City Of Bogo (Cebu),Ms,TECTONIC
3785,2025-10-07 13:23:35+00:00,6.33,126.31,47,2.9,044 km S 37° E of Governor Generoso (Davao Oriental),Ms,TECTONIC
3786,2025-10-07 13:16:38+00:00,7.89,126.46,21,1.9,010 km N 76° E of Boston (Davao Oriental),Ms,TECTONIC
3787,2025-10-07 13:08:36+00:00,10.99,123.99,25,1.3,006 km S 12° E of City Of Bogo (Cebu),Ms,TECTONIC
3788,2025-10-07 13:06:48+00:00,7.9,127.53,40,3.1,113 km N 72° E of Baganga (Davao Oriental),Ms,TECTONIC
3789,2025-10-07 12:50:32+00:00,13.36,120.21,9,2.2,028 km S 77° W of Paluan (Occidental Mindoro),Ms,TECTONIC
3790,2025-10-07 12:48:56+00:00,17.02,119.88,8,1.8,057 km N 71° W of Luna (La Union),Ms,TECTONIC
3791,2025-10-07 12:37:12+00:00,11.08,124.13,5,2.2,017 km N 78° E of City Of Bogo (Cebu),Ms,TECTONIC
3792,2025-10-07 12:30:20+00:00,11.24,124.18,9,1.6,031 km N 45° E of City Of Bogo (Cebu),Ms,TECTONIC
3793,2025-10-07 12:07:15+00:00,5.43,126.58,35,2.9,117 km S 63° E of Jose Abad Santos (Davao Occidental),Ms,TECTONIC
3794,2025-10-07 11:56:57+00:00,11.01,124.04,7,2.3,007 km S 60° E of City Of Bogo (Cebu),Ms,TECTONIC
3795,2025-10-07 11:52:08+00:00,11.22,123.91,18,1.6,020 km N 21° W of City Of Bogo (Cebu),Ms,TECTONIC
3796,2025-10-07 11:51:15+00:00,11.05,124.03,24,1.4,005 km N 87° E of City Of Bogo (Cebu),Ms,TECTONIC
3797,2025-10-07 11:50:20+00:00,11.16,123.97,29,1.7,012 km N 03° W of City Of Bogo (Cebu),Ms,TECTONIC
3798,2025-10-07 11:07:16+00:00,11.13,124.09,33,2.3,015 km N 51° E of City Of Bogo (Cebu),Ms,TECTONIC
3799,2025-10-07 11:03:41+00:00,6.85,125.1,35,2.0,012 km S 05° E of Makilala (Cotabato),Ms,TECTONIC
3800,2025-10-07 10:38:24+00:00,11.23,124.08,9,2.5,023 km N 28° E of City Of Bogo (Cebu),Ms,TECTONIC
3801,2025-10-07 10:28:44+00:00,9.99,125.64,12,3.4,006 km N 43° E of Dinagat (Dinagat Islands),Ms,TECTONIC
3802,2025-10-07 10:16:52+00:00,10.98,124.02,3,1.9,008 km S 33° E of City Of Bogo (Cebu),Ms,TECTONIC
3803,2025-10-07 10:13:01+00:00,11.28,123.95,4,1.9,026 km N 07° W of City Of Bogo (Cebu),Ms,TECTONIC
3804,2025-10-07 10:02:55+00:00,11.1,124.09,30,1.8,013 km N 63° E of City Of Bogo (Cebu),Ms,TECTONIC
3805,2025-10-07 09:55:08+00:00,11.01,124.06,32,2.3,010 km S 65° E of City Of Bogo (Cebu),Ms,TECTONIC
3806,2025-10-07 09:37:34+00:00,11.02,123.94,7,3.0,006 km S 55° W of City Of Bogo (Cebu),Ms,TECTONIC
3807,2025-10-07 09:33:01+00:00,11.01,123.94,2,3.6,006 km S 48° W of City Of Bogo (Cebu),Ms,TECTONIC
3808,2025-10-07 09:31:43+00:00,11.08,123.8,5,2.0,019 km N 80° W of City Of Bogo (Cebu),Ms,TECTONIC
3809,2025-10-07 09:11:57+00:00,11.15,124.0,33,2.0,012 km N 09° E of City Of Bogo (Cebu),Ms,TECTONIC
3810,2025-10-07 09:01:34+00:00,11.16,124.13,33,2.6,021 km N 51° E of City Of Bogo (Cebu),Ms,TECTONIC
3811,2025-10-07 08:51:02+00:00,11.09,124.14,4,2.6,018 km N 73° E of City Of Bogo (Cebu),Ms,TECTONIC
3812,2025-10-07 08:39:55+00:00,11.09,123.94,4,3.1,007 km N 41° W of City Of Bogo (Cebu),Ms,TECTONIC
3813,2025-10-07 08:38:18+00:00,11.11,124.13,6,2.6,017 km N 66° E of City Of Bogo (Cebu),Ms,TECTONIC
3814,2025-10-07 07:49:59+00:00,11.21,124.15,5,2.4,026 km N 46° E of City Of Bogo (Cebu),Ms,TECTONIC
3815,2025-10-07 07:34:47+00:00,10.99,124.06,8,2.9,011 km S 55° E of City Of Bogo (Cebu),Ms,TECTONIC
3816,2025-10-07 07:18:33+00:00,11.1,123.95,4,3.9,006 km N 31° W of City Of Bogo (Cebu),Ms,TECTONIC
3817,2025-10-07 06:53:31+00:00,10.93,123.8,52,1.6,024 km S 57° W of City Of Bogo (Cebu),Ms,TECTONIC
3818,2025-10-07 06:44:03+00:00,11.2,124.15,4,2.1,025 km N 48° E of City Of Bogo (Cebu),Ms,TECTONIC
3819,2025-10-07 06:30:51+00:00,10.68,123.47,11,1.6,006 km S 51° W of Toboso (Negros Occidental),Ms,TECTONIC
3820,2025-10-07 06:21:16+00:00,11.15,124.03,28,2.1,013 km N 29° E of City Of Bogo (Cebu),Ms,TECTONIC
3821,2025-10-07 06:20:11+00:00,11.11,124.05,34,1.5,011 km N 46° E of City Of Bogo (Cebu),Ms,TECTONIC
3822,2025-10-07 06:06:17+00:00,11.08,123.98,10,1.9,004 km N 05° W of City Of Bogo (Cebu),Ms,TECTONIC
3823,2025-10-07 06:02:59+00:00,11.03,124.02,28,2.0,005 km S 73° E of City Of Bogo (Cebu),Ms,TECTONIC
3824,2025-10-07 05:30:06+00:00,11.14,123.9,3,2.3,014 km N 37° W of City Of Bogo (Cebu),Ms,TECTONIC
3825,2025-10-07 04:58:17+00:00,10.21,126.64,24,3.9,066 km N 71° E of Burgos (Surigao Del Norte),Ms,TECTONIC
3826,2025-10-07 04:55:44+00:00,10.25,126.81,14,4.4,084 km N 73° E of Burgos (Surigao Del Norte),Mw,TECTONIC
3827,2025-10-07 04:54:01+00:00,11.02,124.12,26,2.5,015 km S 80° E of City Of Bogo (Cebu),Ms,TECTONIC
3828,2025-10-07 04:45:25+00:00,11.14,124.07,31,2.0,014 km N 42° E of City Of Bogo (Cebu),Ms,TECTONIC
3829,2025-10-07 04:14:00+00:00,5.41,126.52,64,4.8,111 km S 60° E of Jose Abad Santos (Davao Occidental),Mw,TECTONIC
3830,2025-10-07 04:07:03+00:00,13.72,121.13,32,1.4,009 km S 62° E of Batangas City (Batangas),Ms,TECTONIC
3831,2025-10-07 03:57:15+00:00,11.14,124.0,26,1.7,011 km N 12° E of City Of Bogo (Cebu),Ms,TECTONIC
3832,2025-10-07 03:45:39+00:00,11.1,123.85,2,2.2,016 km N 68° W of City Of Bogo (Cebu),Ms,TECTONIC
3833,2025-10-07 03:44:51+00:00,10.98,124.0,27,1.9,008 km S 19° E of City Of Bogo (Cebu),Ms,TECTONIC
3834,2025-10-07 03:33:19+00:00,11.11,123.97,9,2.6,007 km N 10° W of City Of Bogo (Cebu),Ms,TECTONIC
3835,2025-10-07 03:15:51+00:00,11.2,124.12,2,1.8,023 km N 43° E of City Of Bogo (Cebu),Ms,TECTONIC
3836,2025-10-07 02:56:06+00:00,11.01,123.96,3,2.3,005 km S 30° W of City Of Bogo (Cebu),Ms,TECTONIC
3837,2025-10-07 02:49:33+00:00,11.08,124.13,31,2.1,017 km N 79° E of City Of Bogo (Cebu),Ms,TECTONIC
3838,2025-10-07 02:39:03+00:00,11.02,124.08,7,2.1,012 km S 74° E of City Of Bogo (Cebu),Ms,TECTONIC
3839,2025-10-07 02:24:05+00:00,11.06,124.17,1,2.1,021 km N 85° E of City Of Bogo (Cebu),Ms,TECTONIC
3840,2025-10-07 02:19:54+00:00,11.12,123.93,2,2.2,009 km N 35° W of City Of Bogo (Cebu),Ms,TECTONIC
3841,2025-10-07 02:08:03+00:00,10.93,123.96,7,2.7,013 km S 12° W of City Of Bogo (Cebu),Ms,TECTONIC
3842,2025-10-07 01:58:01+00:00,11.11,124.09,3,1.8,013 km N 61° E of City Of Bogo (Cebu),Ms,TECTONIC
3843,2025-10-07 01:55:28+00:00,11.04,124.07,3,2.0,010 km S 87° E of City Of Bogo (Cebu),Ms,TECTONIC
3844,2025-10-07 01:54:54+00:00,11.18,124.06,31,1.3,017 km N 30° E of City Of Bogo (Cebu),Ms,TECTONIC
3845,2025-10-07 01:43:18+00:00,19.26,121.2,11,3.5,017 km N 03° W of Dalupiri Island (Calayan) (Cagayan),Ms,TECTONIC
3846,2025-10-07 01:29:38+00:00,10.9,124.01,10,4.0,017 km S 12° E of City Of Bogo (Cebu),Mw,TECTONIC
3847,2025-10-07 01:17:35+00:00,13.72,120.64,104,1.5,013 km S 01° E of Calatagan (Batangas),Ms,TECTONIC
3848,2025-10-07 00:40:15+00:00,11.04,124.17,34,2.5,021 km S 89° E of City Of Bogo (Cebu),Ms,TECTONIC
3849,2025-10-07 00:36:34+00:00,11.09,124.18,31,1.0,022 km N 78° E of City Of Bogo (Cebu),Ms,TECTONIC
3850,2025-10-07 00:35:44+00:00,10.95,124.12,16,2.0,019 km S 56° E of City Of Bogo (Cebu),Ms,TECTONIC
3851,2025-10-07 00:32:21+00:00,11.06,124.03,2,2.0,006 km N 77° E of City Of Bogo (Cebu),Ms,TECTONIC
3852,2025-10-07 00:25:47+00:00,11.14,124.01,33,1.9,011 km N 20° E of City Of Bogo (Cebu),Ms,TECTONIC
3853,2025-10-07 00:23:21+00:00,11.16,123.98,27,2.0,012 km N 02° E of City Of Bogo (Cebu),Ms,TECTONIC
3854,2025-10-07 00:10:30+00:00,11.15,123.97,6,2.1,012 km N 06° W of City Of Bogo (Cebu),Ms,TECTONIC
3855,2025-10-07 00:03:59+00:00,9.92,121.99,9,5.1,052 km N 71° W of City Of Sipalay (Negros Occidental),Mw,TECTONIC
3856,2025-10-06 23:54:26+00:00,10.17,126.11,8,2.3,017 km N 14° E of Burgos (Surigao Del Norte),Ms,TECTONIC
3857,2025-10-06 23:51:22+00:00,11.14,123.98,28,2.0,010 km North of City Of Bogo (Cebu),Ms,TECTONIC
3858,2025-10-06 23:47:47+00:00,11.08,124.08,30,1.8,012 km N 69° E of City Of Bogo (Cebu),Ms,TECTONIC
3859,2025-10-06 23:46:31+00:00,11.05,124.05,36,2.0,008 km N 88° E of City Of Bogo (Cebu),Ms,TECTONIC
3860,2025-10-06 23:44:48+00:00,11.11,124.03,22,1.9,009 km N 36° E of City Of Bogo (Cebu),Ms,TECTONIC
3861,2025-10-06 23:40:12+00:00,11.08,124.02,6,2.5,006 km N 49° E of City Of Bogo (Cebu),Ms,TECTONIC
3862,2025-10-06 23:27:49+00:00,11.08,124.07,34,1.8,010 km N 67° E of City Of Bogo (Cebu),Ms,TECTONIC
3863,2025-10-06 23:21:33+00:00,11.07,124.02,34,2.0,005 km N 63° E of City Of Bogo (Cebu),Ms,TECTONIC
3864,2025-10-06 23:18:52+00:00,11.08,124.05,19,1.5,010 km N 58° E of City Of Bogo (Cebu),Ms,TECTONIC
3865,2025-10-06 23:16:46+00:00,10.96,123.97,6,2.4,010 km S 09° W of City Of Bogo (Cebu),Ms,TECTONIC
3866,2025-10-06 23:15:24+00:00,11.08,124.05,23,2.1,009 km N 65° E of City Of Bogo (Cebu),Ms,TECTONIC
3867,2025-10-06 23:12:43+00:00,11.17,124.02,6,2.1,014 km N 19° E of City Of Bogo (Cebu),Ms,TECTONIC
3868,2025-10-06 23:11:30+00:00,11.09,124.02,1,2.2,007 km N 41° E of City Of Bogo (Cebu),Ms,TECTONIC
3869,2025-10-06 22:48:16+00:00,10.67,123.46,11,2.7,007 km S 49° W of Toboso (Negros Occidental),Ms,TECTONIC
3870,2025-10-06 22:37:40+00:00,11.18,124.11,3,2.0,021 km N 45° E of City Of Bogo (Cebu),Ms,TECTONIC
3871,2025-10-06 22:28:29+00:00,10.94,123.93,2,1.9,013 km S 23° W of City Of Bogo (Cebu),Ms,TECTONIC
3872,2025-10-06 21:58:48+00:00,10.0,122.1,3,3.5,045 km N 55° W of City Of Sipalay (Negros Occidental),Ms,TECTONIC
3873,2025-10-06 21:54:14+00:00,11.07,124.06,22,1.4,009 km N 73° E of City Of Bogo (Cebu),Ms,TECTONIC
3874,2025-10-06 21:41:11+00:00,10.96,123.98,1,2.4,010 km S 01° E of City Of Bogo (Cebu),Ms,TECTONIC
3875,2025-10-06 21:21:41+00:00,11.06,124.03,10,1.8,006 km N 71° E of City Of Bogo (Cebu),Ms,TECTONIC
3876,2025-10-06 21:16:50+00:00,11.16,124.08,31,1.3,016 km N 41° E of City Of Bogo (Cebu),Ms,TECTONIC
3877,2025-10-06 21:13:36+00:00,11.15,123.98,17,1.3,012 km N 02° W of City Of Bogo (Cebu),Ms,TECTONIC
3878,2025-10-06 21:12:56+00:00,11.16,123.99,34,1.9,012 km N 04° E of City Of Bogo (Cebu),Ms,TECTONIC
3879,2025-10-06 20:56:21+00:00,11.12,124.01,20,1.6,009 km N 24° E of City Of Bogo (Cebu),Ms,TECTONIC
3880,2025-10-06 20:55:24+00:00,11.16,124.15,4,1.4,023 km N 57° E of City Of Bogo (Cebu),Ms,TECTONIC
3881,2025-10-06 20:44:18+00:00,11.06,123.63,6,2.4,038 km N 88° W of City Of Bogo (Cebu),Ms,TECTONIC
3882,2025-10-06 20:40:56+00:00,11.07,124.1,6,1.2,013 km N 77° E of City Of Bogo (Cebu),Ms,TECTONIC
3883,2025-10-06 20:39:26+00:00,11.12,124.0,32,1.7,009 km N 12° E of City Of Bogo (Cebu),Ms,TECTONIC
3884,2025-10-06 20:37:52+00:00,11.14,124.08,33,1.5,015 km N 49° E of City Of Bogo (Cebu),Ms,TECTONIC
3885,2025-10-06 20:37:30+00:00,11.14,124.08,23,1.2,015 km N 48° E of City Of Bogo (Cebu),Ms,TECTONIC
3886,2025-10-06 20:33:56+00:00,10.93,123.91,2,2.3,015 km S 30° W of City Of Bogo (Cebu),Ms,TECTONIC
3887,2025-10-06 20:22:52+00:00,11.11,123.98,34,2.0,007 km N 01° W of City Of Bogo (Cebu),Ms,TECTONIC
3888,2025-10-06 20:15:37+00:00,10.98,124.05,32,1.4,011 km S 47° E of City Of Bogo (Cebu),Ms,TECTONIC
3889,2025-10-06 20:05:11+00:00,11.08,123.88,33,1.1,006 km N 89° W of San Remigio (Cebu),Ms,TECTONIC
3890,2025-10-06 19:54:59+00:00,11.16,124.03,19,1.5,014 km N 24° E of City Of Bogo (Cebu),Ms,TECTONIC
3891,2025-10-06 19:51:04+00:00,11.02,124.06,32,1.6,010 km S 75° E of City Of Bogo (Cebu),Ms,TECTONIC
3892,2025-10-06 19:48:04+00:00,11.16,123.97,8,1.9,013 km N 03° W of City Of Bogo (Cebu),Ms,TECTONIC
3893,2025-10-06 19:47:04+00:00,11.08,124.05,15,1.5,009 km N 66° E of City Of Bogo (Cebu),Ms,TECTONIC
3894,2025-10-06 19:45:03+00:00,11.17,123.97,12,1.7,013 km N 12° W of City Of Bogo (Cebu),Ms,TECTONIC
3895,2025-10-06 19:40:21+00:00,11.18,124.08,19,2.4,018 km N 36° E of City Of Bogo (Cebu),Ms,TECTONIC
3896,2025-10-06 19:29:38+00:00,11.17,124.18,12,1.5,026 km N 58° E of City Of Bogo (Cebu),Ms,TECTONIC
3897,2025-10-06 19:27:10+00:00,11.0,124.06,30,1.4,010 km S 61° E of City Of Bogo (Cebu),Ms,TECTONIC
3898,2025-10-06 19:25:30+00:00,11.14,124.01,32,1.4,011 km N 17° E of City Of Bogo (Cebu),Ms,TECTONIC
3899,2025-10-06 19:15:34+00:00,11.13,124.12,9,2.1,018 km N 61° E of City Of Bogo (Cebu),Ms,TECTONIC
3900,2025-10-06 19:10:02+00:00,11.05,124.06,3,2.6,009 km East of City Of Bogo (Cebu),Ms,TECTONIC
3901,2025-10-06 19:08:47+00:00,13.64,120.3,8,2.5,010 km S 32° E of Looc (Occidental Mindoro),Ms,TECTONIC
3902,2025-10-06 19:03:59+00:00,11.05,124.08,33,1.7,011 km N 87° E of City Of Bogo (Cebu),Ms,TECTONIC
3903,2025-10-06 18:58:46+00:00,11.01,124.05,33,1.7,008 km S 65° E of City Of Bogo (Cebu),Ms,TECTONIC
3904,2025-10-06 18:56:54+00:00,14.8,120.0,1,2.4,019 km S 30° W of San Antonio (Zambales),Ms,TECTONIC
3905,2025-10-06 18:55:54+00:00,10.97,123.96,3,3.1,009 km S 16° W of City Of Bogo (Cebu),Ms,TECTONIC
3906,2025-10-06 18:55:31+00:00,14.4,119.65,8,2.4,073 km S 65° W of Morong (Bataan),Ms,TECTONIC
3907,2025-10-06 18:53:42+00:00,11.11,123.99,32,1.4,007 km N 09° E of City Of Bogo (Cebu),Ms,TECTONIC
3908,2025-10-06 18:51:21+00:00,11.05,124.03,32,1.5,005 km N 88° E of City Of Bogo (Cebu),Ms,TECTONIC
3909,2025-10-06 18:49:15+00:00,15.48,121.63,26,1.4,028 km N 69° E of Dingalan (Aurora),Ms,TECTONIC
3910,2025-10-06 18:47:02+00:00,11.08,124.12,33,1.5,016 km N 75° E of City Of Bogo (Cebu),Ms,TECTONIC
3911,2025-10-06 18:35:50+00:00,11.15,123.99,33,1.3,012 km N 04° E of City Of Bogo (Cebu),Ms,TECTONIC
3912,2025-10-06 18:35:03+00:00,11.28,124.12,11,1.3,031 km N 31° E of City Of Bogo (Cebu),Ms,TECTONIC
3913,2025-10-06 18:34:15+00:00,11.04,123.83,11,2.1,017 km S 87° W of City Of Bogo (Cebu),Ms,TECTONIC
3914,2025-10-06 18:26:56+00:00,10.97,123.97,22,2.3,009 km S 09° W of City Of Bogo (Cebu),Ms,TECTONIC
3915,2025-10-06 18:20:26+00:00,7.87,125.79,33,2.3,006 km N 01° E of Laak (Davao De Oro),Ms,TECTONIC
3916,2025-10-06 18:19:06+00:00,11.13,123.84,29,2.0,018 km N 60° W of City Of Bogo (Cebu),Ms,TECTONIC
3917,2025-10-06 18:12:47+00:00,11.07,124.11,13,2.0,014 km N 81° E of City Of Bogo (Cebu),Ms,TECTONIC
3918,2025-10-06 18:11:16+00:00,11.15,124.01,18,1.6,012 km N 18° E of City Of Bogo (Cebu),Ms,TECTONIC
3919,2025-10-06 18:08:55+00:00,10.91,123.91,1,2.4,017 km S 27° W of City Of Bogo (Cebu),Ms,TECTONIC
3920,2025-10-06 18:07:37+00:00,11.16,123.94,12,1.7,013 km N 21° W of City Of Bogo (Cebu),Ms,TECTONIC
3921,2025-10-06 17:56:44+00:00,11.22,123.98,16,2.9,019 km N 01° W of City Of Bogo (Cebu),Ms,TECTONIC
3922,2025-10-06 17:55:32+00:00,11.21,123.45,22,2.0,029 km N 81° W of Bantayan (Cebu),Ms,TECTONIC
3923,2025-10-06 17:53:38+00:00,10.89,123.94,1,2.7,018 km S 13° W of City Of Bogo (Cebu),Ms,TECTONIC
3924,2025-10-06 17:48:38+00:00,10.91,123.93,3,2.3,016 km S 18° W of City Of Bogo (Cebu),Ms,TECTONIC
3925,2025-10-06 17:31:45+00:00,9.57,122.31,19,2.2,018 km S 79° W of Hinoba-an (Negros Occidental),Ms,TECTONIC
3926,2025-10-06 17:31:25+00:00,16.81,120.6,37,1.7,010 km S 69° E of Sugpon (Ilocos Sur),Ms,TECTONIC
3927,2025-10-06 17:26:41+00:00,11.13,124.15,33,2.0,021 km N 63° E of City Of Bogo (Cebu),Ms,TECTONIC
3928,2025-10-06 17:23:38+00:00,10.98,123.91,21,2.1,011 km S 45° W of City Of Bogo (Cebu),Ms,TECTONIC
3929,2025-10-06 17:21:58+00:00,11.17,124.02,33,1.2,015 km N 16° E of City Of Bogo (Cebu),Ms,TECTONIC
3930,2025-10-06 17:17:16+00:00,11.15,123.94,6,3.3,012 km N 19° W of City Of Bogo (Cebu),Ms,TECTONIC
3931,2025-10-06 17:12:40+00:00,11.1,124.06,31,1.8,011 km N 58° E of City Of Bogo (Cebu),Ms,TECTONIC
3932,2025-10-06 17:04:34+00:00,18.56,120.78,22,2.9,001 km S 50° W of Pagudpud (Ilocos Norte),Ms,TECTONIC
3933,2025-10-06 17:00:36+00:00,11.05,124.06,31,1.4,009 km N 88° E of City Of Bogo (Cebu),Ms,TECTONIC
3934,2025-10-06 16:51:33+00:00,11.27,124.13,11,3.0,030 km N 33° E of City Of Bogo (Cebu),Ms,TECTONIC
3935,2025-10-07 04:47:37+00:00,11.18,124.1,12,1.9,020 km N 43° E of City Of Bogo (Cebu),Ms,TECTONIC
3936,2025-10-06 16:46:37+00:00,11.1,123.98,39,1.8,006 km N 02° E of City Of Bogo (Cebu),Ms,TECTONIC
3937,2025-10-06 16:44:53+00:00,11.16,124.1,23,2.4,018 km N 45° E of City Of Bogo (Cebu),Ms,TECTONIC
3938,2025-10-06 16:42:07+00:00,11.18,124.12,34,2.0,021 km N 46° E of City Of Bogo (Cebu),Ms,TECTONIC
3939,2025-10-06 16:42:30+00:00,7.18,125.4,33,1.8,032 km S 70° W of City Of Panabo (Davao Del Norte),Ms,TECTONIC
3940,2025-10-06 16:43:20+00:00,11.03,124.03,28,1.2,005 km S 75° E of City Of Bogo (Cebu),Ms,TECTONIC
3941,2025-10-06 16:41:03+00:00,11.18,124.03,16,1.9,016 km N 22° E of City Of Bogo (Cebu),Ms,TECTONIC
3942,2025-10-06 16:38:13+00:00,10.99,124.01,38,1.9,007 km S 24° E of City Of Bogo (Cebu),Ms,TECTONIC
3943,2025-10-06 16:37:01+00:00,11.11,124.03,31,1.2,008 km N 37° E of City Of Bogo (Cebu),Ms,TECTONIC
3944,2025-10-06 16:30:51+00:00,11.13,124.13,3,2.1,019 km N 60° E of City Of Bogo (Cebu),Ms,TECTONIC
3945,2025-10-06 16:23:22+00:00,12.69,125.3,17,2.3,024 km N 11° E of Mapanas (Northern Samar),Ms,TECTONIC
3946,2025-10-06 16:22:37+00:00,8.2,126.84,11,2.6,050 km N 69° E of Lingig (Surigao Del Sur),Ms,TECTONIC
3947,2025-10-06 16:20:04+00:00,11.26,124.11,5,1.7,027 km N 32° E of City Of Bogo (Cebu),Ms,TECTONIC
3948,2025-10-06 16:18:22+00:00,13.5,120.71,4,3.0,007 km N 16° W of Abra De Ilog (Occidental Mindoro),Ms,TECTONIC
3949,2025-10-06 16:17:47+00:00,11.15,124.05,32,1.3,014 km N 36° E of City Of Bogo (Cebu),Ms,TECTONIC
3950,2025-10-06 16:12:49+00:00,8.71,125.8,16,2.5,005 km East of City Of Bayugan (Agusan Del Sur),Ms,TECTONIC
3951,2025-10-06 16:10:43+00:00,11.07,123.96,8,1.6,003 km N 38° W of City Of Bogo (Cebu),Ms,TECTONIC
3952,2025-10-06 16:06:32+00:00,11.15,124.13,18,2.1,020 km N 55° E of City Of Bogo (Cebu),Ms,TECTONIC
3953,2025-10-06 16:05:03+00:00,10.92,123.91,3,2.3,015 km S 28° W of City Of Bogo (Cebu),Ms,TECTONIC
3954,2025-10-06 15:59:28+00:00,11.12,123.9,1,1.2,013 km N 44° W of City Of Bogo (Cebu),Ms,TECTONIC
3955,2025-10-06 15:51:05+00:00,11.19,124.05,33,1.9,017 km N 25° E of City Of Bogo (Cebu),Ms,TECTONIC
3956,2025-10-06 15:50:21+00:00,9.82,124.16,21,1.6,004 km S 89° W of Carmen (Bohol),Ms,TECTONIC
3957,2025-10-06 15:48:21+00:00,11.07,124.1,13,1.3,014 km N 80° E of City Of Bogo (Cebu),Ms,TECTONIC
3958,2025-10-06 15:44:00+00:00,11.18,123.98,11,2.7,015 km N 02° W of City Of Bogo (Cebu),Ms,TECTONIC
3959,2025-10-06 15:42:47+00:00,11.32,124.18,9,1.3,037 km N 36° E of City Of Bogo (Cebu),Ms,TECTONIC
3960,2025-10-06 15:32:20+00:00,11.06,123.97,12,1.8,002 km N 33° W of City Of Bogo (Cebu),Ms,TECTONIC
3961,2025-10-06 15:31:03+00:00,5.72,125.31,16,2.6,015 km S 46° E of Glan (Sarangani),Ms,TECTONIC
3962,2025-10-06 15:30:57+00:00,10.93,123.87,4,2.5,017 km S 44° W of City Of Bogo (Cebu),Ms,TECTONIC
3963,2025-10-06 15:26:51+00:00,11.2,124.17,10,1.7,027 km N 51° E of City Of Bogo (Cebu),Ms,TECTONIC
3964,2025-10-06 15:24:46+00:00,11.08,123.98,14,1.2,020 km N 50° E of City Of Bogo (Cebu),Ms,TECTONIC
3965,2025-10-06 15:07:21+00:00,11.05,124.03,34,1.5,006 km N 81° E of City Of Bogo (Cebu),Ms,TECTONIC
3966,2025-10-06 14:54:16+00:00,11.2,124.13,4,1.8,023 km N 43° E of City Of Bogo (Cebu),Ms,TECTONIC
3967,2025-10-06 14:45:19+00:00,11.15,123.99,21,1.2,011 km N 07° E of City Of Bogo (Cebu),Ms,TECTONIC
3968,2025-10-06 14:43:55+00:00,11.09,124.04,4,2.4,008 km N 57° E of City Of Bogo (Cebu),Ms,TECTONIC
3969,2025-10-06 14:41:55+00:00,11.12,124.16,6,1.8,022 km N 66° E of City Of Bogo (Cebu),Ms,TECTONIC
3970,2025-10-06 14:40:17+00:00,13.05,124.41,9,1.9,024 km N 88° E of Prieto Diaz (Sorsogon),Ms,TECTONIC
3971,2025-10-06 14:37:46+00:00,11.06,124.09,31,1.3,012 km N 82° E of City Of Bogo (Cebu),Ms,TECTONIC
3972,2025-10-06 14:31:08+00:00,10.69,123.33,30,1.9,021 km S 83° W of Toboso (Negros Occidental),Ms,TECTONIC
3973,2025-10-06 14:28:58+00:00,11.08,124.11,22,2.6,015 km N 78° E of City Of Bogo (Cebu),Ms,TECTONIC
3974,2025-10-06 14:24:56+00:00,11.06,124.05,1,1.6,008 km N 77° E of City Of Bogo (Cebu),Ms,TECTONIC
3975,2025-10-06 14:23:18+00:00,10.94,123.97,1,2.5,012 km S 07° W of City Of Bogo (Cebu),Ms,TECTONIC
3976,2025-10-06 14:10:15+00:00,11.13,124.05,33,2.0,012 km N 37° E of City Of Bogo (Cebu),Ms,TECTONIC
3977,2025-10-06 14:04:29+00:00,10.98,123.96,7,3.8,007 km S 15° W of City Of Bogo (Cebu),Ms,TECTONIC
3978,2025-10-06 14:00:45+00:00,11.16,123.98,33,2.2,013 km N 02° E of City Of Bogo (Cebu),Ms,TECTONIC
3979,2025-10-06 13:58:22+00:00,11.12,124.02,16,2.1,009 km N 30° E of City Of Bogo (Cebu),Ml,TECTONIC
3980,2025-10-06 13:57:03+00:00,13.57,123.34,33,2.4,004 km N 65° W of Ocampo (Camarines Sur),Ms,TECTONIC
3981,2025-10-06 13:53:21+00:00,11.12,124.02,33,2.4,009 km N 30° E of City Of Bogo (Cebu),Ms,TECTONIC
3982,2025-10-06 13:52:27+00:00,11.11,123.98,33,2.2,007 km N 03° W of City Of Bogo (Cebu),Ms,TECTONIC
3983,2025-10-06 13:44:42+00:00,11.18,124.12,11,2.0,022 km N 47° E of City Of Bogo (Cebu),Ms,TECTONIC
3984,2025-10-06 13:35:37+00:00,11.11,124.14,26,2.3,019 km N 68° E of City Of Bogo (Cebu),Ms,TECTONIC
3985,2025-10-06 13:32:01+00:00,10.02,126.39,18,2.8,034 km N 89° E of Burgos (Surigao Del Norte),Ms,TECTONIC
3986,2025-10-06 13:30:17+00:00,11.15,124.04,11,2.7,013 km N 30° E of City Of Bogo (Cebu),Ms,TECTONIC
3987,2025-10-06 13:29:31+00:00,11.01,123.99,33,2.3,004 km S 19° E of City Of Bogo (Cebu),Ms,TECTONIC
3988,2025-10-06 13:22:13+00:00,10.91,123.97,9,1.8,015 km S 04° W of City Of Bogo (Cebu),Ms,TECTONIC
3989,2025-10-06 13:08:38+00:00,11.18,124.12,32,1.8,021 km N 45° E of City Of Bogo (Cebu),Ms,TECTONIC
3990,2025-10-06 12:56:52+00:00,11.14,124.03,33,2.0,012 km N 27° E of City Of Bogo (Cebu),Ms,TECTONIC
3991,2025-10-06 12:38:50+00:00,11.13,124.02,9,2.0,010 km N 26° E of City Of Bogo (Cebu),Ms,TECTONIC
3992,2025-10-06 12:21:36+00:00,10.37,121.9,5,3.3,007 km S 26° W of Anini-y (Antique),Ms,TECTONIC
3993,2025-10-06 12:18:34+00:00,10.68,123.48,12,2.3,006 km S 47° W of Toboso (Negros Occidental),Ms,TECTONIC
3994,2025-10-06 12:07:29+00:00,11.12,124.17,4,2.9,022 km N 67° E of City Of Bogo (Cebu),Ms,TECTONIC
3995,2025-10-06 12:05:17+00:00,10.67,123.47,7,3.4,007 km S 43° W of Toboso (Negros Occidental),Ms,TECTONIC
3996,2025-10-06 11:56:30+00:00,10.66,123.48,10,3.4,007 km S 34° W of Toboso (Negros Occidental),Ms,TECTONIC
3997,2025-10-06 11:55:46+00:00,10.66,123.45,15,1.5,009 km S 52° W of Toboso (Negros Occidental),Ms,TECTONIC
3998,2025-10-06 11:48:57+00:00,10.98,123.97,28,1.7,007 km S 05° W of City Of Bogo (Cebu),Ms,TECTONIC
3999,2025-10-06 11:37:00+00:00,11.02,123.93,6,1.7,006 km S 64° W of City Of Bogo (Cebu),Ms,TECTONIC
4000,2025-10-06 11:35:34+00:00,10.86,123.87,1,2.6,024 km S 31° W of City Of Bogo (Cebu),Ms,TECTONIC
4001,2025-10-06 11:31:49+00:00,11.08,124.14,15,1.5,018 km N 80° E of City Of Bogo (Cebu),Ms,TECTONIC
4002,2025-10-06 11:23:35+00:00,8.08,126.66,16,2.3,028 km N 80° E of Lingig (Surigao Del Sur),Ms,TECTONIC
4003,2025-10-06 11:23:19+00:00,11.13,124.13,9,1.7,019 km N 61° E of City Of Bogo (Cebu),Ms,TECTONIC
4004,2025-10-06 11:22:01+00:00,11.15,123.92,8,1.5,013 km N 30° W of City Of Bogo (Cebu),Ms,TECTONIC
4005,2025-10-06 10:56:10+00:00,10.96,124.02,32,2.4,010 km S 23° E of City Of Bogo (Cebu),Ms,TECTONIC
4006,2025-10-06 10:54:13+00:00,12.04,124.76,29,1.5,007 km N 60° W of Gandara (Samar),Ms,TECTONIC
4007,2025-10-06 10:49:05+00:00,11.14,124.07,28,1.9,014 km N 44° E of City Of Bogo (Cebu),Ms,TECTONIC
4008,2025-10-06 10:31:23+00:00,8.8,126.4,27,2.9,011 km S 89° E of Marihatag (Surigao Del Sur),Ms,TECTONIC
4009,2025-10-06 10:21:13+00:00,11.04,124.02,2,2.1,004 km S 75° E of City Of Bogo (Cebu),Ms,TECTONIC
4010,2025-10-06 10:11:33+00:00,11.21,124.16,36,1.2,027 km N 48° E of City Of Bogo (Cebu),Ms,TECTONIC
4011,2025-10-06 10:11:02+00:00,8.94,126.31,40,1.8,003 km N 19° E of Cagwait (Surigao Del Sur),Ms,TECTONIC
4012,2025-10-06 10:02:19+00:00,10.91,123.92,16,3.0,016 km S 22° W of City Of Bogo (Cebu),Ms,TECTONIC
4013,2025-10-06 09:57:48+00:00,11.09,123.95,10,4.2,006 km N 39° W of City Of Bogo (Cebu),Mw,TECTONIC
4014,2025-10-06 09:43:01+00:00,11.0,124.06,24,2.0,011 km S 58° E of City Of Bogo (Cebu),Ms,TECTONIC
4015,2025-10-06 09:36:43+00:00,11.15,123.99,32,1.8,012 km N 04° E of City Of Bogo (Cebu),Ms,TECTONIC
4016,2025-10-06 09:31:31+00:00,13.3,124.48,33,2.0,039 km S 31° E of Bato (Catanduanes),Ms,TECTONIC
4017,2025-10-06 09:23:43+00:00,11.18,124.0,8,2.3,015 km N 10° E of City Of Bogo (Cebu),Ms,TECTONIC
4018,2025-10-06 08:51:06+00:00,10.92,123.96,1,1.8,014 km S 10° W of City Of Bogo (Cebu),Ms,TECTONIC
4019,2025-10-06 08:42:38+00:00,11.1,124.12,32,1.8,017 km N 68° E of City Of Bogo (Cebu),Ms,TECTONIC
4020,2025-10-06 08:37:06+00:00,11.05,124.0,9,2.1,002 km N 66° E of City Of Bogo (Cebu),Ms,TECTONIC
4021,2025-10-06 08:21:42+00:00,9.18,125.69,32,2.0,017 km N 67° E of City Of Cabadbaran (Agusan Del Norte),Ms,TECTONIC
4022,2025-10-06 08:17:52+00:00,11.02,123.95,27,2.1,004 km S 53° W of City Of Bogo (Cebu),Ms,TECTONIC
4023,2025-10-06 08:10:41+00:00,11.16,123.97,30,1.5,012 km N 03° W of City Of Bogo (Cebu),Ms,TECTONIC
4024,2025-10-06 07:57:24+00:00,11.15,124.09,2,2.5,016 km N 45° E of City Of Bogo (Cebu),Ms,TECTONIC
4025,2025-10-06 07:50:37+00:00,11.0,123.95,5,3.9,007 km S 32° W of City Of Bogo (Cebu),Ms,TECTONIC
4026,2025-10-06 07:46:15+00:00,10.95,123.93,7,3.7,012 km S 27° W of City Of Bogo (Cebu),Ms,TECTONIC
4027,2025-10-06 07:43:45+00:00,11.14,124.14,3,2.2,021 km N 60° E of City Of Bogo (Cebu),Ms,TECTONIC
4028,2025-10-06 07:40:15+00:00,11.05,124.06,12,1.8,009 km N 86° E of City Of Bogo (Cebu),Ms,TECTONIC
4029,2025-10-06 06:04:28+00:00,11.02,124.1,31,1.8,014 km S 76° E of City Of Bogo (Cebu),Ms,TECTONIC
4030,2025-10-06 05:56:00+00:00,5.96,123.86,570,3.5,046 km S 53° W of Palimbang (Sultan Kudarat),Ms,TECTONIC
4031,2025-10-06 05:36:37+00:00,11.21,123.92,2,2.6,019 km N 20° W of City Of Bogo (Cebu),Ms,TECTONIC
4032,2025-10-06 05:33:33+00:00,11.23,123.94,2,2.3,021 km N 12° W of City Of Bogo (Cebu),Ms,TECTONIC
4033,2025-10-06 05:24:27+00:00,10.91,123.88,9,1.8,019 km S 37° W of City Of Bogo (Cebu),Ms,TECTONIC
4034,2025-10-06 04:50:26+00:00,11.13,123.93,7,2.5,011 km N 28° W of City Of Bogo (Cebu),Ms,TECTONIC
4035,2025-10-06 04:43:48+00:00,11.01,124.09,25,1.8,013 km S 70° E of City Of Bogo (Cebu),Ms,TECTONIC
4036,2025-10-06 04:30:56+00:00,10.89,123.9,1,1.7,019 km S 27° W of City Of Bogo (Cebu),Ms,TECTONIC
4037,2025-10-06 04:27:10+00:00,10.94,123.87,1,2.4,017 km S 45° W of City Of Bogo (Cebu),Ms,TECTONIC
4038,2025-10-06 04:09:52+00:00,11.08,124.14,4,1.8,018 km N 78° E of City Of Bogo (Cebu),Ms,TECTONIC
4039,2025-10-06 03:43:30+00:00,11.13,124.12,9,2.7,018 km N 60° E of City Of Bogo (Cebu),Ms,TECTONIC
4040,2025-10-06 03:23:16+00:00,10.97,123.94,4,2.2,010 km S 26° W of City Of Bogo (Cebu),Ms,TECTONIC
4041,2025-10-06 03:08:20+00:00,11.06,124.02,11,2.0,005 km N 74° E of City Of Bogo (Cebu),Ms,TECTONIC
4042,2025-10-06 03:02:18+00:00,11.19,124.18,1,1.9,027 km N 53° E of City Of Bogo (Cebu),Ms,TECTONIC
4043,2025-10-06 02:49:40+00:00,10.99,124.03,13,1.7,008 km S 41° E of City Of Bogo (Cebu),Ms,TECTONIC
4044,2025-10-06 02:24:58+00:00,10.92,123.96,1,2.0,014 km S 08° W of City Of Bogo (Cebu),Ms,TECTONIC
4045,2025-10-06 02:23:52+00:00,10.98,124.1,5,1.8,015 km S 62° E of City Of Bogo (Cebu),Ms,TECTONIC
4046,2025-10-06 02:20:40+00:00,11.09,124.07,4,2.6,011 km N 65° E of City Of Bogo (Cebu),Ms,TECTONIC
4047,2025-10-06 02:19:42+00:00,10.98,123.81,3,1.6,020 km S 67° W of City Of Bogo (Cebu),Ms,TECTONIC
4048,2025-10-06 02:14:56+00:00,8.16,127.47,32,2.5,118 km N 83° E of Lingig (Surigao Del Sur),Ms,TECTONIC
4049,2025-10-06 02:10:51+00:00,8.49,126.67,15,2.6,039 km N 70° E of Hinatuan (Surigao Del Sur),Ms,TECTONIC
4050,2025-10-06 01:57:31+00:00,11.06,124.12,2,1.5,014 km N 88° E of City Of Bogo (Cebu),Ms,TECTONIC
4051,2025-10-06 01:56:59+00:00,11.06,124.11,33,1.2,014 km N 85° E of City Of Bogo (Cebu),Ms,TECTONIC
4052,2025-10-06 01:46:55+00:00,10.97,123.95,1,2.9,009 km S 21° W of City Of Bogo (Cebu),Ms,TECTONIC
4053,2025-10-06 01:35:22+00:00,11.1,123.93,8,2.9,008 km N 45° W of City Of Bogo (Cebu),Ms,TECTONIC
4054,2025-10-06 01:27:58+00:00,13.65,120.64,107,1.3,021 km S 04° E of Calatagan (Batangas),Ms,TECTONIC
4055,2025-10-06 01:25:19+00:00,11.07,124.12,31,1.5,016 km N 82° E of City Of Bogo (Cebu),Ms,TECTONIC
4056,2025-10-06 01:19:42+00:00,10.98,123.92,4,2.1,010 km S 41° W of City Of Bogo (Cebu),Ms,TECTONIC
4057,2025-10-06 01:17:57+00:00,11.01,124.09,31,1.6,013 km S 70° E of City Of Bogo (Cebu),Ms,TECTONIC
4058,2025-10-06 01:04:51+00:00,15.48,120.58,43,1.3,016 km N 76° W of La Paz (Tarlac),Ms,TECTONIC
4059,2025-10-06 01:01:56+00:00,11.18,124.06,2,1.7,017 km N 33° E of City Of Bogo (Cebu),Ms,TECTONIC
4060,2025-10-06 00:37:36+00:00,11.1,124.05,17,1.5,010 km N 51° E of City Of Bogo (Cebu),Ms,TECTONIC
4061,2025-10-06 00:19:16+00:00,11.16,124.19,7,1.3,026 km N 61° E of City Of Bogo (Cebu),Ms,TECTONIC
4062,2025-10-06 00:17:55+00:00,11.16,124.19,7,1.9,026 km N 61° E of City Of Bogo (Cebu),Ms,TECTONIC
4063,2025-10-06 00:16:30+00:00,10.96,123.94,27,1.5,011 km S 24° W of City Of Bogo (Cebu),Ms,TECTONIC
4064,2025-10-05 23:54:20+00:00,11.89,122.21,21,2.6,009 km N 36° E of Ibajay (Aklan),Ms,TECTONIC
4065,2025-10-05 23:51:59+00:00,11.06,124.0,34,1.5,003 km N 43° E of City Of Bogo (Cebu),Ms,TECTONIC
4066,2025-10-05 23:37:27+00:00,11.15,123.98,24,2.1,012 km N 03° E of City Of Bogo (Cebu),Ms,TECTONIC
4067,2025-10-05 23:25:34+00:00,13.76,120.61,108,2.5,008 km S 20° W of Calatagan (Batangas),Ms,TECTONIC
4068,2025-10-05 23:20:46+00:00,5.92,126.52,53,3.1,095 km S 32° E of Governor Generoso (Davao Oriental),Ms,TECTONIC
4069,2025-10-05 23:12:41+00:00,10.88,123.9,1,2.3,021 km S 25° W of City Of Bogo (Cebu),Ms,TECTONIC
4070,2025-10-05 22:59:25+00:00,11.06,124.05,5,4.3,008 km N 78° E of City Of Bogo (Cebu),Ms,TECTONIC
4071,2025-10-05 22:55:42+00:00,11.23,124.03,4,1.5,021 km N 15° E of City Of Bogo (Cebu),Ms,TECTONIC
4072,2025-10-05 22:47:15+00:00,10.88,123.92,1,3.2,019 km S 19° W of City Of Bogo (Cebu),Ms,TECTONIC
4073,2025-10-05 22:34:07+00:00,11.11,124.14,21,2.3,019 km N 68° E of City Of Bogo (Cebu),Ms,TECTONIC
4074,2025-10-05 22:21:20+00:00,10.95,123.8,5,3.7,022 km S 61° W of City Of Bogo (Cebu),Ms,TECTONIC
4075,2025-10-05 22:10:44+00:00,11.08,124.04,5,1.6,008 km N 65° E of City Of Bogo (Cebu),Ms,TECTONIC
4076,2025-10-05 22:01:13+00:00,11.21,124.1,7,1.5,022 km N 36° E of City Of Bogo (Cebu),Ms,TECTONIC
4077,2025-10-05 21:50:09+00:00,11.19,123.97,7,1.8,016 km N 05° W of City Of Bogo (Cebu),Ms,TECTONIC
4078,2025-10-05 21:49:18+00:00,12.47,124.7,29,1.7,007 km S 64° E of Catarman (Northern Samar),Ms,TECTONIC
4079,2025-10-05 21:43:05+00:00,11.09,124.09,32,1.1,013 km N 66° E of City Of Bogo (Cebu),Ms,TECTONIC
4080,2025-10-05 21:40:21+00:00,11.11,124.12,32,1.3,017 km N 66° E of City Of Bogo (Cebu),Ms,TECTONIC
4081,2025-10-05 21:39:13+00:00,11.16,123.98,27,1.8,012 km N 02° E of City Of Bogo (Cebu),Ms,TECTONIC
4082,2025-10-05 21:25:28+00:00,10.96,123.96,3,1.8,009 km S 10° W of City Of Bogo (Cebu),Ms,TECTONIC
4083,2025-10-05 21:06:43+00:00,11.18,124.04,32,1.6,016 km N 22° E of City Of Bogo (Cebu),Ms,TECTONIC
4084,2025-10-05 20:52:20+00:00,10.97,124.08,33,1.6,014 km S 51° E of City Of Bogo (Cebu),Ms,TECTONIC
4085,2025-10-05 20:44:02+00:00,9.92,126.06,33,2.8,004 km S 56° W of San Isidro (Surigao Del Norte),Ms,TECTONIC
4086,2025-10-05 20:34:23+00:00,10.88,123.91,2,2.2,020 km S 22° W of City Of Bogo (Cebu),Ms,TECTONIC
4087,2025-10-05 20:18:46+00:00,11.11,124.08,7,2.0,012 km N 58° E of City Of Bogo (Cebu),Ms,TECTONIC
4088,2025-10-05 20:11:36+00:00,11.14,124.05,22,1.5,013 km N 38° E of City Of Bogo (Cebu),Ms,TECTONIC
4089,2025-10-05 20:10:11+00:00,11.03,123.84,26,2.0,016 km S 85° W of City Of Bogo (Cebu),Ms,TECTONIC
4090,2025-10-05 20:04:48+00:00,11.14,123.98,8,2.5,011 km N 02° W of City Of Bogo (Cebu),Ms,TECTONIC
4091,2025-10-05 19:57:35+00:00,11.03,124.01,16,1.5,004 km S 69° E of City Of Bogo (Cebu),Ms,TECTONIC
4092,2025-10-05 19:42:04+00:00,6.72,124.89,33,2.8,004 km S 47° E of Datu Paglas (Maguindanao Del Sur),Ms,TECTONIC
4093,2025-10-05 19:39:00+00:00,10.99,124.02,3,2.0,008 km S 34° E of City Of Bogo (Cebu),Ms,TECTONIC
4094,2025-10-05 19:32:11+00:00,11.13,123.98,27,1.5,010 km N 02° E of City Of Bogo (Cebu),Ms,TECTONIC
4095,2025-10-05 19:21:27+00:00,11.17,124.12,33,1.4,020 km N 49° E of City Of Bogo (Cebu),Ms,TECTONIC
4096,2025-10-05 19:18:08+00:00,11.03,124.02,35,1.4,005 km S 71° E of City Of Bogo (Cebu),Ms,TECTONIC
4097,2025-10-05 19:15:03+00:00,10.94,123.93,8,2.7,013 km S 26° W of City Of Bogo (Cebu),Ms,TECTONIC
4098,2025-10-05 19:08:31+00:00,17.07,120.63,108,2.2,002 km S 75° E of Sigay (Ilocos Sur),Ms,TECTONIC
4099,2025-10-05 19:02:26+00:00,11.15,123.97,11,1.8,012 km N 03° W of City Of Bogo (Cebu),Ms,TECTONIC
4100,2025-10-05 18:57:00+00:00,10.94,123.78,4,2.3,024 km S 62° W of City Of Bogo (Cebu),Ms,TECTONIC
4101,2025-10-05 18:50:38+00:00,10.95,123.93,4,2.7,012 km S 28° W of City Of Bogo (Cebu),Ms,TECTONIC
4102,2025-10-05 18:45:01+00:00,10.98,124.02,31,1.8,008 km S 29° E of City Of Bogo (Cebu),Ms,TECTONIC
4103,2025-10-05 18:41:27+00:00,11.08,123.96,8,1.9,005 km N 34° W of City Of Bogo (Cebu),Ms,TECTONIC
4104,2025-10-05 18:36:20+00:00,13.45,120.5,34,1.2,006 km N 48° E of Paluan (Occidental Mindoro),Ms,TECTONIC
4105,2025-10-05 18:33:21+00:00,11.01,123.96,26,1.8,005 km S 32° W of City Of Bogo (Cebu),Ms,TECTONIC
4106,2025-10-05 18:28:43+00:00,10.97,123.97,26,2.3,008 km S 06° W of City Of Bogo (Cebu),Ms,TECTONIC
4107,2025-10-05 18:26:35+00:00,9.13,123.42,12,2.1,008 km S 67° W of San Juan (Siquijor),Ms,TECTONIC
4108,2025-10-05 18:16:42+00:00,13.56,120.74,32,1.5,013 km N 06° E of Abra De Ilog (Occidental Mindoro),Ms,TECTONIC
4109,2025-10-05 18:14:21+00:00,11.12,123.98,16,1.7,008 km North of City Of Bogo (Cebu),Ms,TECTONIC
4110,2025-10-05 17:55:00+00:00,10.89,123.87,10,2.0,021 km S 34° W of City Of Bogo (Cebu),Ms,TECTONIC
4111,2025-10-05 17:48:35+00:00,10.9,123.9,2,2.0,018 km S 27° W of City Of Bogo (Cebu),Ms,TECTONIC
4112,2025-10-05 17:45:59+00:00,9.83,126.21,30,1.9,008 km N 50° E of General Luna (Surigao Del Norte),Ms,TECTONIC
4113,2025-10-05 17:42:42+00:00,10.98,123.94,8,3.5,009 km S 33° W of City Of Bogo (Cebu),Ms,TECTONIC
4114,2025-10-05 17:41:06+00:00,11.15,124.13,17,2.4,020 km N 54° E of City Of Bogo (Cebu),Ms,TECTONIC
4115,2025-10-05 17:23:39+00:00,4.66,124.97,26,4.8,097 km S 31° W of Balut Island (Municipality Of Sarangani) (Davao Occidental),Mw,TECTONIC
4116,2025-10-05 17:12:07+00:00,10.95,124.0,4,2.3,011 km S 13° E of City Of Bogo (Cebu),Ms,TECTONIC
4117,2025-10-05 16:54:39+00:00,10.91,124.02,2,2.3,015 km S 18° E of City Of Bogo (Cebu),Ms,TECTONIC
4118,2025-10-05 16:52:54+00:00,9.48,126.08,40,2.1,018 km N 49° E of Carrascal (Surigao Del Sur),Ms,TECTONIC
4119,2025-10-05 16:31:50+00:00,11.11,123.98,2,3.3,007 km N 03° W of City Of Bogo (Cebu),Ms,TECTONIC
4120,2025-10-05 16:27:09+00:00,11.15,123.97,17,2.7,011 km N 08° W of City Of Bogo (Cebu),Ms,TECTONIC
4121,2025-10-05 16:22:19+00:00,10.94,123.87,1,2.8,017 km S 47° W of City Of Bogo (Cebu),Ms,TECTONIC
4122,2025-10-05 16:18:32+00:00,11.13,124.06,24,1.1,013 km N 46° E of City Of Bogo (Cebu),Ms,TECTONIC
4123,2025-10-05 16:14:09+00:00,11.03,124.02,8,2.0,005 km S 67° E of City Of Bogo (Cebu),Ms,TECTONIC
4124,2025-10-05 16:11:04+00:00,10.99,124.03,8,2.8,008 km S 37° E of City Of Bogo (Cebu),Ms,TECTONIC
4125,2025-10-05 16:01:31+00:00,11.1,124.03,22,1.1,008 km N 40° E of City Of Bogo (Cebu),Ms,TECTONIC
4126,2025-10-05 15:59:59+00:00,11.13,123.97,29,2.2,009 km N 09° W of City Of Bogo (Cebu),Ms,TECTONIC
4127,2025-10-05 15:58:12+00:00,7.87,126.99,13,2.2,057 km N 56° E of Baganga (Davao Oriental),Ms,TECTONIC
4128,2025-10-05 15:48:51+00:00,10.96,124.1,16,1.3,016 km S 52° E of City Of Bogo (Cebu),Ms,TECTONIC
4129,2025-10-05 15:46:04+00:00,11.2,124.08,33,1.0,020 km N 32° E of City Of Bogo (Cebu),Ms,TECTONIC
4130,2025-10-05 15:29:36+00:00,13.23,120.82,26,1.4,020 km N 34° E of Santa Cruz (Occidental Mindoro),Ms,TECTONIC
4131,2025-10-05 15:27:35+00:00,11.16,123.98,18,1.8,012 km N 01° E of City Of Bogo (Cebu),Ms,TECTONIC
4132,2025-10-05 15:22:55+00:00,11.17,123.98,11,1.9,014 km N 02° W of City Of Bogo (Cebu),Ms,TECTONIC
4133,2025-10-05 15:20:48+00:00,11.08,123.96,7,2.4,004 km N 25° W of City Of Bogo (Cebu),Ms,TECTONIC
4134,2025-10-05 15:12:16+00:00,11.09,123.95,1,3.2,006 km N 38° W of City Of Bogo (Cebu),Ms,TECTONIC
4135,2025-10-05 14:59:01+00:00,9.41,126.33,17,1.8,021 km N 44° E of Cortes (Surigao Del Sur),Ms,TECTONIC
4136,2025-10-05 14:57:01+00:00,11.15,123.93,8,2.0,012 km N 27° W of City Of Bogo (Cebu),Ms,TECTONIC
4137,2025-10-05 14:55:31+00:00,7.52,126.87,25,2.4,034 km S 80° E of Baganga (Davao Oriental),Ms,TECTONIC
4138,2025-10-05 14:36:45+00:00,9.24,126.49,21,3.9,033 km S 84° E of Cortes (Surigao Del Sur),Ms,TECTONIC
4139,2025-10-05 14:28:35+00:00,11.16,123.95,5,2.4,012 km N 15° W of City Of Bogo (Cebu),Ms,TECTONIC
4140,2025-10-05 14:15:40+00:00,10.91,123.97,25,2.2,015 km S 05° W of City Of Bogo (Cebu),Ms,TECTONIC
4141,2025-10-05 14:09:30+00:00,10.96,124.0,1,2.1,010 km S 12° E of City Of Bogo (Cebu),Ms,TECTONIC
4142,2025-10-05 13:59:52+00:00,10.89,123.92,27,2.8,018 km S 20° W of City Of Bogo (Cebu),Ms,TECTONIC
4143,2025-10-05 13:52:02+00:00,6.65,125.93,149,3.5,015 km N 90° W of Governor Generoso (Davao Oriental),Ms,TECTONIC
4144,2025-10-05 13:34:11+00:00,13.97,120.57,110,1.5,012 km S 49° W of Lian (Batangas),Ms,TECTONIC
4145,2025-10-05 13:27:54+00:00,11.08,124.09,8,2.2,012 km N 71° E of City Of Bogo (Cebu),Ms,TECTONIC
4146,2025-10-05 13:16:50+00:00,5.19,126.19,43,3.9,085 km S 68° E of Sarangani Island (Municipality Of Sarangani) (Davao Occidental),Ms,TECTONIC
4147,2025-10-05 13:15:49+00:00,11.11,124.13,24,2.0,018 km N 66° E of City Of Bogo (Cebu),Ms,TECTONIC
4148,2025-10-05 13:11:05+00:00,13.26,120.79,32,1.9,021 km N 21° E of Santa Cruz (Occidental Mindoro),Ms,TECTONIC
4149,2025-10-05 13:07:21+00:00,13.2,120.77,9,1.9,013 km N 23° E of Santa Cruz (Occidental Mindoro),Ms,TECTONIC
4150,2025-10-05 13:07:13+00:00,11.19,124.01,10,1.7,016 km N 13° E of City Of Bogo (Cebu),Ms,TECTONIC
4151,2025-10-05 13:04:15+00:00,10.9,123.95,1,2.2,016 km S 11° W of City Of Bogo (Cebu),Ms,TECTONIC
4152,2025-10-05 12:54:10+00:00,13.11,120.72,10,4.0,002 km N 05° W of Santa Cruz (Occidental Mindoro),Ms,TECTONIC
4153,2025-10-05 12:51:57+00:00,11.14,123.93,4,3.6,011 km N 28° W of City Of Bogo (Cebu),Ms,TECTONIC
4154,2025-10-05 12:49:20+00:00,11.16,123.97,17,1.4,013 km N 04° W of City Of Bogo (Cebu),Ms,TECTONIC
4155,2025-10-05 12:38:42+00:00,11.17,123.97,17,2.3,014 km N 05° W of City Of Bogo (Cebu),Ms,TECTONIC
4156,2025-10-05 12:28:14+00:00,11.19,124.06,10,1.2,018 km N 30° E of City Of Bogo (Cebu),Ms,TECTONIC
4157,2025-10-05 12:23:03+00:00,11.02,124.08,34,1.7,012 km S 75° E of City Of Bogo (Cebu),Ms,TECTONIC
4158,2025-10-05 12:21:33+00:00,16.95,121.36,24,2.4,005 km S 57° E of Aguinaldo (Ifugao),Ms,TECTONIC
4159,2025-10-05 12:14:13+00:00,19.33,121.78,34,2.8,024 km S 35° W of Babuyan Island (Calayan) (Cagayan),Ms,TECTONIC
4160,2025-10-05 11:43:56+00:00,11.13,124.08,4,3.5,014 km N 48° E of City Of Bogo (Cebu),Ms,TECTONIC
4161,2025-10-05 11:31:47+00:00,10.87,124.09,32,1.3,023 km S 32° E of City Of Bogo (Cebu),Ms,TECTONIC
4162,2025-10-05 11:28:41+00:00,10.99,123.93,10,2.2,008 km S 42° W of City Of Bogo (Cebu),Ms,TECTONIC
4163,2025-10-05 11:18:29+00:00,11.0,123.92,1,2.0,008 km S 52° W of City Of Bogo (Cebu),Ms,TECTONIC
4164,2025-10-05 11:11:20+00:00,11.02,124.11,4,1.9,014 km S 79° E of City Of Bogo (Cebu),Ms,TECTONIC
4165,2025-10-05 11:07:50+00:00,13.66,120.65,67,1.9,020 km S 05° E of Calatagan (Batangas),Ms,TECTONIC
4166,2025-10-05 11:06:54+00:00,11.12,123.95,7,3.6,009 km N 19° W of City Of Bogo (Cebu),Ms,TECTONIC
4167,2025-10-05 10:59:03+00:00,11.13,124.11,2,2.0,017 km N 56° E of City Of Bogo (Cebu),Ms,TECTONIC
4168,2025-10-05 10:47:54+00:00,11.18,123.94,5,2.2,016 km N 16° W of City Of Bogo (Cebu),Ms,TECTONIC
4169,2025-10-05 10:43:12+00:00,11.12,123.97,4,1.5,008 km N 11° W of City Of Bogo (Cebu),Ms,TECTONIC
4170,2025-10-05 10:36:49+00:00,11.15,123.97,26,1.7,012 km N 04° W of City Of Bogo (Cebu),Ms,TECTONIC
4171,2025-10-05 10:30:10+00:00,4.09,127.98,37,4.4,318 km S 61° E of Sarangani Island (Municipality Of Sarangani) (Davao Occidental),Ms,TECTONIC
4172,2025-10-05 10:27:18+00:00,10.88,123.94,1,1.9,019 km S 11° W of City Of Bogo (Cebu),Ms,TECTONIC
4173,2025-10-05 10:20:38+00:00,7.96,124.88,8,2.0,015 km N 20° E of Pangantucan (Bukidnon),Ms,TECTONIC
4174,2025-10-05 10:12:47+00:00,10.89,123.76,18,1.7,030 km S 54° W of City Of Bogo (Cebu),Ms,TECTONIC
4175,2025-10-05 10:11:06+00:00,11.15,124.15,8,1.5,021 km N 59° E of City Of Bogo (Cebu),Ms,TECTONIC
4176,2025-10-05 10:03:10+00:00,11.11,124.02,33,1.4,008 km N 37° E of City Of Bogo (Cebu),Ms,TECTONIC
4177,2025-10-05 10:02:23+00:00,11.08,123.98,8,1.8,004 km North of City Of Bogo (Cebu),Ms,TECTONIC
4178,2025-10-05 09:57:34+00:00,11.2,124.06,30,1.7,019 km N 29° E of City Of Bogo (Cebu),Ms,TECTONIC
4179,2025-10-05 09:52:55+00:00,10.92,123.96,6,2.1,014 km S 09° W of City Of Bogo (Cebu),Ms,TECTONIC
4180,2025-10-05 09:42:22+00:00,11.15,124.02,27,1.1,012 km N 22° E of City Of Bogo (Cebu),Ms,TECTONIC
4181,2025-10-05 09:40:11+00:00,11.16,124.13,34,2.1,021 km N 53° E of City Of Bogo (Cebu),Ms,TECTONIC
4182,2025-10-05 09:01:05+00:00,6.4,126.19,33,3.3,030 km S 25° E of Governor Generoso (Davao Oriental),Ms,TECTONIC
4183,2025-10-05 08:48:08+00:00,6.75,125.15,17,2.5,001 km S 45° W of Magsaysay (Davao Del Sur),Ms,TECTONIC
4184,2025-10-05 08:34:33+00:00,16.49,119.69,32,2.8,025 km N 63° W of Bolinao (Pangasinan),Ms,TECTONIC
4185,2025-10-05 08:25:47+00:00,10.96,123.95,11,3.8,010 km S 16° W of City Of Bogo (Cebu),Ms,TECTONIC
4186,2025-10-05 08:19:23+00:00,11.11,123.92,9,2.4,009 km N 43° W of City Of Bogo (Cebu),Ms,TECTONIC
4187,2025-10-05 08:02:53+00:00,13.57,120.69,105,2.9,014 km N 14° W of Abra De Ilog (Occidental Mindoro),Ms,TECTONIC
4188,2025-10-05 07:57:39+00:00,11.0,124.0,6,2.2,005 km S 42° E of City Of Bogo (Cebu),Ms,TECTONIC
4189,2025-10-05 07:55:11+00:00,11.18,124.18,6,2.3,027 km N 56° E of City Of Bogo (Cebu),Ms,TECTONIC
4190,2025-10-05 07:52:34+00:00,10.88,123.88,2,2.4,021 km S 30° W of City Of Bogo (Cebu),Ms,TECTONIC
4191,2025-10-05 07:43:01+00:00,10.87,123.9,1,2.3,021 km S 25° W of City Of Bogo (Cebu),Ms,TECTONIC
4192,2025-10-05 07:35:00+00:00,11.07,124.06,8,3.0,009 km N 70° E of City Of Bogo (Cebu),Ms,TECTONIC
4193,2025-10-05 07:32:01+00:00,11.17,123.98,27,1.6,013 km N 01° W of City Of Bogo (Cebu),Ms,TECTONIC
4194,2025-10-05 07:29:40+00:00,10.94,123.93,8,2.8,013 km S 27° W of City Of Bogo (Cebu),Ms,TECTONIC
4195,2025-10-05 07:20:52+00:00,11.09,124.07,16,2.2,011 km N 65° E of City Of Bogo (Cebu),Ms,TECTONIC
4196,2025-10-05 07:19:52+00:00,11.12,124.08,5,2.3,013 km N 55° E of City Of Bogo (Cebu),Ms,TECTONIC
4197,2025-10-05 07:09:21+00:00,11.18,123.94,12,2.4,015 km N 17° W of City Of Bogo (Cebu),Ms,TECTONIC
4198,2025-10-05 07:05:37+00:00,11.18,124.14,11,1.6,023 km N 50° E of City Of Bogo (Cebu),Ms,TECTONIC
4199,2025-10-05 06:54:41+00:00,11.04,124.09,6,2.5,012 km S 84° E of City Of Bogo (Cebu),Ms,TECTONIC
4200,2025-10-05 06:52:55+00:00,11.18,124.07,8,2.2,018 km N 36° E of City Of Bogo (Cebu),Ms,TECTONIC
4201,2025-10-05 06:49:42+00:00,11.04,124.02,30,1.4,005 km S 86° E of City Of Bogo (Cebu),Ms,TECTONIC
4202,2025-10-05 06:47:16+00:00,11.07,124.02,27,1.9,005 km N 56° E of City Of Bogo (Cebu),Ms,TECTONIC
4203,2025-10-05 06:28:18+00:00,11.09,123.87,3,1.9,012 km N 69° W of City Of Bogo (Cebu),Ms,TECTONIC
4204,2025-10-05 06:22:22+00:00,11.08,124.05,25,1.6,009 km N 63° E of City Of Bogo (Cebu),Ms,TECTONIC
4205,2025-10-05 06:16:37+00:00,11.1,123.94,8,2.9,007 km N 33° W of City Of Bogo (Cebu),Ms,TECTONIC
4206,2025-10-05 06:14:19+00:00,11.15,123.98,34,1.8,011 km N 02° E of City Of Bogo (Cebu),Ms,TECTONIC
4207,2025-10-05 05:58:50+00:00,10.9,123.98,7,3.0,016 km S 01° E of City Of Bogo (Cebu),Ms,TECTONIC
4208,2025-10-05 05:55:27+00:00,11.16,123.99,10,3.1,012 km N 06° E of City Of Bogo (Cebu),Ms,TECTONIC
4209,2025-10-05 05:54:04+00:00,11.03,124.02,30,1.4,005 km S 67° E of City Of Bogo (Cebu),Ms,TECTONIC
4210,2025-10-05 05:50:43+00:00,11.01,124.01,33,2.1,005 km S 41° E of City Of Bogo (Cebu),Ms,TECTONIC
4211,2025-10-05 05:50:05+00:00,11.14,124.04,31,1.7,013 km N 33° E of City Of Bogo (Cebu),Ms,TECTONIC
4212,2025-10-05 05:47:23+00:00,10.91,123.92,4,2.9,017 km S 24° W of City Of Bogo (Cebu),Ms,TECTONIC
4213,2025-10-05 05:43:37+00:00,11.05,124.0,29,2.0,002 km N 70° E of City Of Bogo (Cebu),Ms,TECTONIC
4214,2025-10-05 05:41:19+00:00,10.98,124.01,2,2.1,008 km S 22° E of City Of Bogo (Cebu),Ms,TECTONIC
4215,2025-10-05 05:31:47+00:00,10.99,124.0,2,2.8,007 km S 23° E of City Of Bogo (Cebu),Ms,TECTONIC
4216,2025-10-05 05:29:59+00:00,10.85,123.89,3,2.2,024 km S 25° W of City Of Bogo (Cebu),Ms,TECTONIC
4217,2025-10-05 05:24:17+00:00,11.01,124.0,33,1.5,004 km S 26° E of City Of Bogo (Cebu),Ms,TECTONIC
4218,2025-10-05 05:20:15+00:00,11.0,124.01,15,1.4,006 km S 37° E of City Of Bogo (Cebu),Ms,TECTONIC
4219,2025-10-05 05:16:16+00:00,8.31,126.58,27,2.5,028 km S 76° E of Hinatuan (Surigao Del Sur),Ms,TECTONIC
4220,2025-10-05 05:12:53+00:00,20.03,121.08,16,3.4,090 km S 67° W of Sabtang (Batanes),Ms,TECTONIC
4221,2025-10-05 05:11:37+00:00,11.12,124.14,7,2.4,019 km N 67° E of City Of Bogo (Cebu),Ms,TECTONIC
4222,2025-10-05 05:03:24+00:00,11.3,124.08,33,2.2,030 km N 21° E of City Of Bogo (Cebu),Ms,TECTONIC
4223,2025-10-05 04:59:23+00:00,8.06,126.18,7,2.2,013 km N 77° E of Trento (Agusan Del Sur),Ms,TECTONIC
4224,2025-10-05 04:52:36+00:00,11.1,124.1,6,2.0,015 km N 67° E of City Of Bogo (Cebu),Ms,TECTONIC
4225,2025-10-05 04:47:27+00:00,11.06,124.07,33,1.6,010 km N 83° E of City Of Bogo (Cebu),Ms,TECTONIC
4226,2025-10-05 04:46:15+00:00,11.16,124.09,4,2.9,017 km N 42° E of City Of Bogo (Cebu),Ms,TECTONIC
4227,2025-10-05 04:44:05+00:00,11.13,124.11,6,2.8,017 km N 58° E of City Of Bogo (Cebu),Ms,TECTONIC
4228,2025-10-05 04:38:25+00:00,11.14,124.07,18,1.9,015 km N 43° E of City Of Bogo (Cebu),Ms,TECTONIC
4229,2025-10-05 04:17:20+00:00,11.06,124.08,5,2.3,011 km N 81° E of City Of Bogo (Cebu),Ms,TECTONIC
4230,2025-10-05 04:15:05+00:00,11.29,124.14,10,1.6,033 km N 33° E of City Of Bogo (Cebu),Ms,TECTONIC
4231,2025-10-05 04:06:46+00:00,10.88,123.73,19,2.4,033 km S 56° W of City Of Bogo (Cebu),Ms,TECTONIC
4232,2025-10-05 03:55:17+00:00,11.43,123.86,2,1.8,045 km N 17° W of City Of Bogo (Cebu),Ms,TECTONIC
4233,2025-10-05 03:37:47+00:00,11.1,124.18,7,2.1,023 km N 74° E of City Of Bogo (Cebu),Ms,TECTONIC
4234,2025-10-05 03:30:37+00:00,11.08,124.01,28,1.4,005 km N 46° E of City Of Bogo (Cebu),Ms,TECTONIC
4235,2025-10-05 03:17:45+00:00,11.1,124.03,33,1.7,014 km N 47° E of City Of Bogo (Cebu),Ms,TECTONIC
4236,2025-10-05 03:15:15+00:00,10.93,123.89,25,2.2,016 km S 39° W of City Of Bogo (Cebu),Ms,TECTONIC
4237,2025-10-05 03:15:15+00:00,10.93,123.89,25,2.2,016 km S 39° W of City Of Bogo (Cebu),Ms,TECTONIC
4238,2025-10-05 03:07:41+00:00,11.07,124.02,30,2.0,005 km N 61° E of City Of Bogo (Cebu),Ms,TECTONIC
4239,2025-10-05 03:03:48+00:00,10.98,124.03,1,2.1,009 km S 39° E of City Of Bogo (Cebu),Ms,TECTONIC
4240,2025-10-05 03:02:06+00:00,10.95,124.0,6,2.7,011 km S 11° E of City Of Bogo (Cebu),Ms,TECTONIC
4241,2025-10-05 02:51:31+00:00,10.89,124.03,17,1.9,018 km S 18° E of City Of Bogo (Cebu),Ms,TECTONIC
4242,2025-10-05 02:49:05+00:00,11.1,124.09,5,4.5,013 km N 62° E of City Of Bogo (Cebu),Mw,TECTONIC
4243,2025-10-05 02:47:59+00:00,11.04,123.98,1,2.3,001 km S 06° E of City Of Bogo (Cebu),Ms,TECTONIC
4244,2025-10-05 02:37:26+00:00,7.2,123.43,29,2.6,029 km S 05° E of Tabina (Zamboanga Del Sur),Ms,TECTONIC
4245,2025-10-05 02:31:09+00:00,11.08,124.08,3,2.4,012 km N 70° E of City Of Bogo (Cebu),Ms,TECTONIC
4246,2025-10-05 02:27:29+00:00,11.14,124.1,1,2.4,017 km N 52° E of City Of Bogo (Cebu),Ms,TECTONIC
4247,2025-10-05 02:26:32+00:00,11.16,123.98,21,1.4,012 km N 02° E of City Of Bogo (Cebu),Ms,TECTONIC
4248,2025-10-05 02:25:16+00:00,11.15,124.04,31,1.3,013 km N 28° E of City Of Bogo (Cebu),Ms,TECTONIC
4249,2025-10-05 02:24:44+00:00,11.3,124.11,14,1.8,032 km N 27° E of City Of Bogo (Cebu),Ms,TECTONIC
4250,2025-10-05 02:22:42+00:00,11.13,124.12,7,1.6,018 km N 59° E of City Of Bogo (Cebu),Ms,TECTONIC
4251,2025-10-05 02:21:51+00:00,11.16,123.97,26,1.6,013 km N 06° W of City Of Bogo (Cebu),Ms,TECTONIC
4252,2025-10-05 02:17:10+00:00,11.01,123.93,27,2.3,007 km S 52° W of City Of Bogo (Cebu),Ms,TECTONIC
4253,2025-10-05 02:07:09+00:00,10.94,123.93,4,2.6,013 km S 23° W of City Of Bogo (Cebu),Ms,TECTONIC
4254,2025-10-05 01:57:49+00:00,11.08,124.11,22,1.8,015 km N 77° E of City Of Bogo (Cebu),Ms,TECTONIC
4255,2025-10-05 01:45:44+00:00,18.27,119.86,13,4.8,072 km N 68° W of Currimao (Ilocos Norte),Mw,TECTONIC
4256,2025-10-05 01:25:22+00:00,10.88,123.91,6,2.7,020 km S 23° W of City Of Bogo (Cebu),Ms,TECTONIC
4257,2025-10-05 01:18:30+00:00,15.36,121.4,12,2.0,003 km S 15° E of Dingalan (Aurora),Ms,TECTONIC
4258,2025-10-05 01:12:33+00:00,11.07,124.06,21,1.3,009 km N 71° E of City Of Bogo (Cebu),Ms,TECTONIC
4259,2025-10-05 01:06:24+00:00,10.84,123.95,3,2.2,023 km S 08° W of City Of Bogo (Cebu),Ms,TECTONIC
4260,2025-10-05 01:02:29+00:00,10.96,123.9,8,2.5,013 km S 36° W of City Of Bogo (Cebu),Ms,TECTONIC
4261,2025-10-05 00:58:44+00:00,11.13,123.94,4,4.1,010 km N 27° W of City Of Bogo (Cebu),Mw,TECTONIC
4262,2025-10-05 00:58:20+00:00,11.12,123.96,6,1.7,009 km N 16° W of City Of Bogo (Cebu),Ms,TECTONIC
4263,2025-10-05 00:56:33+00:00,11.09,124.12,5,2.8,017 km N 72° E of City Of Bogo (Cebu),Ms,TECTONIC
4264,2025-10-05 00:54:52+00:00,7.84,126.75,24,3.3,033 km N 80° E of Cateel (Davao Oriental),Ms,TECTONIC
4265,2025-10-05 00:53:24+00:00,10.98,124.04,32,1.8,010 km S 39° E of City Of Bogo (Cebu),Ms,TECTONIC
4266,2025-10-05 00:47:31+00:00,11.1,124.0,25,1.4,006 km N 21° E of City Of Bogo (Cebu),Ms,TECTONIC
4267,2025-10-05 00:46:04+00:00,11.01,123.99,3,2.3,004 km S 22° E of City Of Bogo (Cebu),Ms,TECTONIC
4268,2025-10-05 00:39:32+00:00,9.66,125.55,34,2.3,002 km S 85° E of Sison (Surigao Del Norte),Ms,TECTONIC
4269,2025-10-05 00:30:49+00:00,10.87,123.92,7,1.9,021 km S 18° W of City Of Bogo (Cebu),Ms,TECTONIC
4270,2025-10-05 00:27:44+00:00,10.86,123.94,5,3.1,021 km S 12° W of City Of Bogo (Cebu),Ms,TECTONIC
4271,2025-10-05 00:04:09+00:00,10.89,123.9,6,2.2,019 km S 26° W of City Of Bogo (Cebu),Ms,TECTONIC
4272,2025-10-04 23:59:09+00:00,11.03,123.93,2,2.4,006 km S 70° W of City Of Bogo (Cebu),Ms,TECTONIC
4273,2025-10-04 23:52:57+00:00,10.98,124.15,35,1.3,020 km S 69° E of City Of Bogo (Cebu),Ms,TECTONIC
4274,2025-10-04 23:35:18+00:00,11.16,123.93,6,2.8,014 km N 25° W of City Of Bogo (Cebu),Ms,TECTONIC
4275,2025-10-04 23:34:47+00:00,15.67,121.12,33,1.8,004 km S 32° E of Rizal (Nueva Ecija),Ms,TECTONIC
4276,2025-10-04 23:27:40+00:00,11.09,124.08,33,1.8,012 km N 67° E of City Of Bogo (Cebu),Ms,TECTONIC
4277,2025-10-04 23:07:05+00:00,11.13,123.95,6,1.9,010 km N 20° W of City Of Bogo (Cebu),Ms,TECTONIC
4278,2025-10-04 23:02:01+00:00,11.06,124.07,33,1.5,010 km N 84° E of City Of Bogo (Cebu),Ms,TECTONIC
4279,2025-10-04 22:56:16+00:00,11.15,124.13,8,1.9,020 km N 57° E of City Of Bogo (Cebu),Ms,TECTONIC
4280,2025-10-04 22:49:15+00:00,9.82,126.19,30,1.5,006 km N 42° E of General Luna (Surigao Del Norte),Ms,TECTONIC
4281,2025-10-04 22:47:37+00:00,11.17,123.97,30,1.4,014 km N 04° W of City Of Bogo (Cebu),Ms,TECTONIC
4282,2025-10-04 22:45:23+00:00,11.16,124.19,5,2.6,026 km N 61° E of City Of Bogo (Cebu),Ms,TECTONIC
4283,2025-10-04 22:35:50+00:00,10.91,123.9,13,2.8,017 km S 30° W of City Of Bogo (Cebu),Ms,TECTONIC
4284,2025-10-04 22:34:24+00:00,10.87,123.93,1,2.0,021 km S 17° W of City Of Bogo (Cebu),Ms,TECTONIC
4285,2025-10-04 22:27:48+00:00,10.9,123.84,8,2.8,022 km S 44° W of City Of Bogo (Cebu),Ms,TECTONIC
4286,2025-10-04 22:26:14+00:00,10.89,123.87,5,2.0,021 km S 35° W of City Of Bogo (Cebu),Ms,TECTONIC
4287,2025-10-04 22:23:13+00:00,10.87,123.86,4,2.3,024 km S 33° W of City Of Bogo (Cebu),Ms,TECTONIC
4288,2025-10-04 22:11:48+00:00,6.97,125.72,42,3.0,012 km S 02° E of Island Garden City Of Samal (Davao Del Norte),Ms,TECTONIC
4289,2025-10-04 22:09:25+00:00,11.14,124.16,33,2.2,022 km N 61° E of City Of Bogo (Cebu),Ms,TECTONIC
4290,2025-10-04 21:58:42+00:00,11.18,124.14,34,1.7,023 km N 51° E of City Of Bogo (Cebu),Ms,TECTONIC
4291,2025-10-04 21:55:44+00:00,11.17,124.05,7,2.4,016 km N 30° E of City Of Bogo (Cebu),Ms,TECTONIC
4292,2025-10-04 21:49:29+00:00,11.09,123.85,31,1.9,015 km N 72° W of City Of Bogo (Cebu),Ms,TECTONIC
4293,2025-10-04 21:46:40+00:00,11.08,123.97,16,2.4,004 km N 18° W of City Of Bogo (Cebu),Ms,TECTONIC
4294,2025-10-04 21:44:43+00:00,11.08,124.08,13,1.8,011 km N 70° E of City Of Bogo (Cebu),Ms,TECTONIC
4295,2025-10-04 21:39:44+00:00,9.5,122.39,28,3.1,014 km S 37° W of Hinoba-an (Negros Occidental),M,TECTONIC
4296,2025-10-04 21:32:27+00:00,11.1,124.1,31,2.7,014 km N 64° E of City Of Bogo (Cebu),Ms,TECTONIC
4297,2025-10-04 21:30:11+00:00,11.15,123.93,7,2.6,013 km N 25° W of City Of Bogo (Cebu),Ms,TECTONIC
4298,2025-10-04 21:24:19+00:00,11.1,124.08,12,2.5,013 km N 60° E of City Of Bogo (Cebu),Ms,TECTONIC
4299,2025-10-04 21:19:58+00:00,10.89,123.9,5,3.3,019 km S 27° W of City Of Bogo (Cebu),Ms,TECTONIC
4300,2025-10-04 21:17:13+00:00,11.04,123.94,5,3.4,004 km S 74° W of City Of Bogo (Cebu),Ms,TECTONIC
4301,2025-10-04 21:05:10+00:00,15.35,121.38,10,1.7,004 km S 16° W of Dingalan (Aurora),Ms,TECTONIC
4302,2025-10-04 20:59:04+00:00,10.91,123.98,8,2.4,015 km S 02° W of City Of Bogo (Cebu),Ms,TECTONIC
4303,2025-10-04 20:52:52+00:00,11.16,123.98,31,1.4,013 km N 01° E of City Of Bogo (Cebu),Ms,TECTONIC
4304,2025-10-04 20:50:58+00:00,11.06,124.1,6,3.0,013 km N 86° E of City Of Bogo (Cebu),Ms,TECTONIC
4305,2025-10-04 20:42:04+00:00,11.05,124.12,32,1.5,015 km N 87° E of City Of Bogo (Cebu),Ms,TECTONIC
4306,2025-10-04 20:20:25+00:00,11.0,124.02,28,2.1,007 km S 37° E of City Of Bogo (Cebu),Ms,TECTONIC
4307,2025-10-04 20:18:22+00:00,11.12,124.01,8,2.3,009 km N 23° E of City Of Bogo (Cebu),Ms,TECTONIC
4308,2025-10-04 20:12:33+00:00,10.9,124.01,26,2.4,017 km S 13° E of City Of Bogo (Cebu),Ms,TECTONIC
4309,2025-10-04 20:07:57+00:00,9.0,126.5,25,1.9,024 km N 83° E of Bayabas (Surigao Del Sur),Ms,TECTONIC
4310,2025-10-04 20:07:05+00:00,11.05,124.13,26,1.4,017 km N 87° E of City Of Bogo (Cebu),Ms,TECTONIC
4311,2025-10-04 20:06:12+00:00,14.53,123.14,25,2.0,021 km N 75° E of Tinaga Island (Vinzons) (Camarines Norte),Ms,TECTONIC
4312,2025-10-04 19:59:59+00:00,10.94,123.92,6,2.1,013 km S 31° W of City Of Bogo (Cebu),Ms,TECTONIC
4313,2025-10-04 19:54:10+00:00,10.99,123.91,33,2.1,010 km S 48° W of City Of Bogo (Cebu),Ms,TECTONIC
4314,2025-10-04 19:52:51+00:00,11.11,124.09,6,2.1,014 km N 59° E of City Of Bogo (Cebu),Ms,TECTONIC
4315,2025-10-04 19:50:30+00:00,10.91,123.91,1,3.8,017 km S 25° W of City Of Bogo (Cebu),Ms,TECTONIC
4316,2025-10-04 19:48:17+00:00,11.16,123.91,2,3.4,014 km N 33° W of City Of Bogo (Cebu),Ms,TECTONIC
4317,2025-10-04 19:37:25+00:00,16.35,120.64,7,1.7,004 km S 77° W of Itogon (Benguet),Ms,TECTONIC
4318,2025-10-04 19:32:08+00:00,10.96,124.08,15,2.3,015 km S 47° E of City Of Bogo (Cebu),Ms,TECTONIC
4319,2025-10-04 19:29:22+00:00,10.87,124.11,26,2.2,025 km S 36° E of City Of Bogo (Cebu),Ms,TECTONIC
4320,2025-10-04 19:28:30+00:00,11.12,124.04,13,1.8,010 km N 40° E of City Of Bogo (Cebu),Ms,TECTONIC
4321,2025-10-04 19:15:21+00:00,10.99,124.06,33,2.3,011 km S 54° E of City Of Bogo (Cebu),Ms,TECTONIC
4322,2025-10-04 19:09:44+00:00,10.93,123.98,7,4.0,013 km South of City Of Bogo (Cebu),Ms,TECTONIC
4323,2025-10-04 19:03:27+00:00,11.03,124.01,4,2.3,004 km S 58° E of City Of Bogo (Cebu),Ms,TECTONIC
4324,2025-10-04 19:01:05+00:00,11.12,124.12,2,1.7,017 km N 63° E of City Of Bogo (Cebu),Ms,TECTONIC
4325,2025-10-04 18:55:11+00:00,10.91,123.95,6,3.3,016 km S 12° W of City Of Bogo (Cebu),Ms,TECTONIC
4326,2025-10-04 18:51:40+00:00,11.06,123.97,9,2.1,002 km N 47° W of City Of Bogo (Cebu),Ms,TECTONIC
4327,2025-10-04 18:44:41+00:00,11.19,124.18,7,1.6,027 km N 55° E of City Of Bogo (Cebu),Ms,TECTONIC
4328,2025-10-04 18:31:59+00:00,11.07,123.94,26,1.6,005 km N 64° W of City Of Bogo (Cebu),Ms,TECTONIC
4329,2025-10-04 18:29:25+00:00,11.14,124.17,7,3.8,024 km N 63° E of City Of Bogo (Cebu),Ms,TECTONIC
4330,2025-10-04 18:22:35+00:00,11.07,124.04,24,1.6,007 km N 68° E of City Of Bogo (Cebu),Ms,TECTONIC
4331,2025-10-04 18:10:48+00:00,8.01,126.78,12,2.5,041 km S 85° E of Lingig (Surigao Del Sur),Ms,TECTONIC
4332,2025-10-04 18:01:44+00:00,9.37,125.54,4,4.2,004 km N 38° E of Jabonga (Agusan Del Norte),Ms,TECTONIC
4333,2025-10-04 17:58:57+00:00,11.18,123.95,24,2.1,015 km N 13° W of City Of Bogo (Cebu),Ms,TECTONIC
4334,2025-10-04 17:57:25+00:00,10.94,123.97,10,2.7,012 km S 07° W of City Of Bogo (Cebu),Ms,TECTONIC
4335,2025-10-04 17:51:36+00:00,11.15,124.19,6,2.1,025 km N 62° E of City Of Bogo (Cebu),Ms,TECTONIC
4336,2025-10-04 17:43:33+00:00,11.02,124.05,5,2.1,008 km S 66° E of City Of Bogo (Cebu),Ms,TECTONIC
4337,2025-10-04 17:37:23+00:00,10.94,123.93,5,1.8,013 km S 27° W of City Of Bogo (Cebu),Ms,TECTONIC
4338,2025-10-04 17:35:30+00:00,11.12,124.06,8,2.0,012 km N 46° E of City Of Bogo (Cebu),Ms,TECTONIC
4339,2025-10-04 17:25:37+00:00,11.09,124.04,24,1.5,009 km N 51° E of City Of Bogo (Cebu),Ms,TECTONIC
4340,2025-10-04 17:24:36+00:00,11.14,124.15,10,1.6,021 km N 61° E of City Of Bogo (Cebu),Ms,TECTONIC
4341,2025-10-04 17:17:59+00:00,11.11,124.05,20,1.5,011 km N 46° E of City Of Bogo (Cebu),Ms,TECTONIC
4342,2025-10-04 17:16:35+00:00,11.08,123.97,26,2.0,004 km N 11° W of City Of Bogo (Cebu),Ms,TECTONIC
4343,2025-10-04 17:14:48+00:00,10.97,123.88,1,2.3,014 km S 53° W of City Of Bogo (Cebu),Ms,TECTONIC
4344,2025-10-04 17:11:33+00:00,11.17,124.08,9,1.8,017 km N 38° E of City Of Bogo (Cebu),Ms,TECTONIC
4345,2025-10-04 17:10:20+00:00,10.94,123.85,6,3.1,018 km S 51° W of City Of Bogo (Cebu),Ms,TECTONIC
4346,2025-10-04 17:05:01+00:00,11.12,124.01,22,1.5,009 km N 20° E of City Of Bogo (Cebu),Ms,TECTONIC
4347,2025-10-04 16:59:11+00:00,11.15,124.12,6,1.9,019 km N 55° E of City Of Bogo (Cebu),Ms,TECTONIC
4348,2025-10-04 16:51:55+00:00,11.15,124.04,24,1.9,013 km N 32° E of City Of Bogo (Cebu),Ms,TECTONIC
4349,2025-10-04 16:47:26+00:00,11.07,124.08,8,2.5,011 km N 76° E of City Of Bogo (Cebu),Ms,TECTONIC
4350,2025-10-04 16:44:47+00:00,10.9,123.93,2,3.3,018 km S 18° W of City Of Bogo (Cebu),Ms,TECTONIC
4351,2025-10-04 16:43:20+00:00,11.13,123.96,5,1.5,010 km N 15° W of City Of Bogo (Cebu),Ms,TECTONIC
4352,2025-10-04 16:37:43+00:00,10.91,124.03,26,2.4,016 km S 19° E of City Of Bogo (Cebu),Ms,TECTONIC
4353,2025-10-04 16:33:06+00:00,11.02,124.06,5,2.0,010 km S 71° E of City Of Bogo (Cebu),Ms,TECTONIC
4354,2025-10-04 16:31:36+00:00,11.01,123.9,23,2.1,010 km S 64° W of City Of Bogo (Cebu),Ms,TECTONIC
4355,2025-10-04 16:30:52+00:00,11.05,124.06,23,1.4,009 km N 88° E of City Of Bogo (Cebu),Ms,TECTONIC
4356,2025-10-04 16:26:42+00:00,11.03,123.96,7,2.2,003 km S 43° W of City Of Bogo (Cebu),Ms,TECTONIC
4357,2025-10-04 16:21:29+00:00,11.08,124.07,34,1.8,010 km N 72° E of City Of Bogo (Cebu),Ms,TECTONIC
4358,2025-10-04 16:14:52+00:00,11.15,123.95,9,3.7,012 km N 14° W of City Of Bogo (Cebu),Ms,TECTONIC
4359,2025-10-04 16:10:41+00:00,11.01,124.1,6,1.7,013 km S 74° E of City Of Bogo (Cebu),Ms,TECTONIC
4360,2025-10-04 16:09:06+00:00,11.03,124.11,6,2.4,015 km S 84° E of City Of Bogo (Cebu),Ms,TECTONIC
4361,2025-10-04 16:02:19+00:00,11.05,124.01,27,2.0,004 km N 76° E of City Of Bogo (Cebu),Ms,TECTONIC
4362,2025-10-04 15:55:31+00:00,10.97,124.06,25,1.8,012 km S 48° E of City Of Bogo (Cebu),Ms,TECTONIC
4363,2025-10-04 15:54:20+00:00,11.09,124.06,25,2.4,010 km N 64° E of City Of Bogo (Cebu),Ms,TECTONIC
4364,2025-10-04 15:52:54+00:00,9.29,122.65,39,2.2,013 km S 04° E of Basay (Negros Oriental),Ms,TECTONIC
4365,2025-10-04 15:49:44+00:00,11.85,125.77,32,2.0,034 km N 84° E of Sulat (Eastern Samar),Ms,TECTONIC
4366,2025-10-04 15:48:05+00:00,11.17,123.98,33,1.5,013 km N 02° E of City Of Bogo (Cebu),Ms,TECTONIC
4367,2025-10-04 15:47:31+00:00,11.16,123.99,32,1.3,012 km N 04° E of City Of Bogo (Cebu),Ms,TECTONIC
4368,2025-10-04 15:42:02+00:00,11.14,124.08,6,2.0,015 km N 46° E of City Of Bogo (Cebu),Ms,TECTONIC
4369,2025-10-04 15:36:46+00:00,11.12,124.1,8,1.8,015 km N 59° E of City Of Bogo (Cebu),Ms,TECTONIC
4370,2025-10-04 15:35:29+00:00,11.08,124.08,29,1.8,012 km N 73° E of City Of Bogo (Cebu),Ms,TECTONIC
4371,2025-10-04 15:30:43+00:00,10.88,123.91,7,1.7,020 km S 24° W of City Of Bogo (Cebu),Ms,TECTONIC
4372,2025-10-04 15:29:46+00:00,11.07,123.94,31,1.6,005 km N 52° W of City Of Bogo (Cebu),Ms,TECTONIC
4373,2025-10-04 15:27:44+00:00,11.09,124.27,24,1.5,033 km N 82° E of City Of Bogo (Cebu),Ms,TECTONIC
4374,2025-10-04 15:19:46+00:00,10.92,123.9,7,2.4,016 km S 33° W of City Of Bogo (Cebu),Ms,TECTONIC
4375,2025-10-04 15:17:45+00:00,10.93,123.95,11,2.5,013 km S 13° W of City Of Bogo (Cebu),Ms,TECTONIC
4376,2025-10-04 15:13:15+00:00,8.07,127.4,46,2.1,107 km N 60° E of Baganga (Davao Oriental),Ms,TECTONIC
4377,2025-10-04 15:13:10+00:00,11.11,124.07,30,2.0,012 km N 55° E of City Of Bogo (Cebu),Ms,TECTONIC
4378,2025-10-04 15:03:56+00:00,11.14,123.96,9,2.3,011 km N 10° W of City Of Bogo (Cebu),Ms,TECTONIC
4379,2025-10-04 15:00:43+00:00,11.05,124.04,6,3.6,007 km N 89° E of City Of Bogo (Cebu),Ms,TECTONIC
4380,2025-10-04 14:56:40+00:00,11.08,123.87,27,1.8,012 km N 72° W of City Of Bogo (Cebu),Ms,TECTONIC
4381,2025-10-04 14:54:40+00:00,10.89,123.89,3,3.2,020 km S 29° W of City Of Bogo (Cebu),Ms,TECTONIC
4382,2025-10-04 14:52:24+00:00,10.89,123.88,7,2.0,020 km S 33° W of City Of Bogo (Cebu),Ms,TECTONIC
4383,2025-10-04 14:49:46+00:00,11.15,124.03,34,1.6,013 km N 24° E of City Of Bogo (Cebu),Ms,TECTONIC
4384,2025-10-04 14:46:22+00:00,11.06,124.06,8,2.3,009 km N 78° E of City Of Bogo (Cebu),Ms,TECTONIC
4385,2025-10-04 14:39:39+00:00,9.59,126.23,35,1.8,022 km S 20° E of General Luna (Surigao Del Norte),Ms,TECTONIC
4386,2025-10-04 14:35:28+00:00,11.02,124.04,6,2.1,007 km S 68° E of City Of Bogo (Cebu),Ms,TECTONIC
4387,2025-10-04 14:29:08+00:00,10.97,123.93,8,2.3,010 km S 30° W of City Of Bogo (Cebu),Ms,TECTONIC
4388,2025-10-04 14:26:37+00:00,13.81,120.56,80,1.5,008 km S 75° W of Calatagan (Batangas),Ms,TECTONIC
4389,2025-10-04 14:17:46+00:00,10.95,123.96,7,3.2,011 km S 10° W of City Of Bogo (Cebu),Ms,TECTONIC
4390,2025-10-04 14:15:41+00:00,10.96,123.93,6,3.4,011 km S 29° W of City Of Bogo (Cebu),Ms,TECTONIC
4391,2025-10-04 14:11:30+00:00,11.15,124.03,32,1.8,013 km N 27° E of City Of Bogo (Cebu),Ms,TECTONIC
4392,2025-10-04 14:09:07+00:00,10.98,123.99,34,1.5,007 km S 08° E of City Of Bogo (Cebu),Ms,TECTONIC
4393,2025-10-04 14:03:13+00:00,11.33,125.42,35,2.0,016 km N 54° W of General Macarthur (Eastern Samar),Ms,TECTONIC
4394,2025-10-04 13:46:59+00:00,10.99,123.99,28,2.2,007 km S 13° E of City Of Bogo (Cebu),Ms,TECTONIC
4395,2025-10-04 13:44:09+00:00,10.9,123.97,5,3.1,017 km S 04° W of City Of Bogo (Cebu),Ms,TECTONIC
4396,2025-10-04 13:40:38+00:00,11.02,124.05,33,2.1,009 km S 72° E of City Of Bogo (Cebu),Ms,TECTONIC
4397,2025-10-04 13:39:23+00:00,11.0,124.02,33,1.5,007 km S 41° E of City Of Bogo (Cebu),Ms,TECTONIC
4398,2025-10-04 13:38:19+00:00,11.02,124.01,36,2.0,004 km S 52° E of City Of Bogo (Cebu),Ms,TECTONIC
4399,2025-10-04 13:35:29+00:00,18.56,121.8,2,1.6,028 km N 36° E of Aparri (Cagayan),Ms,TECTONIC
4400,2025-10-04 13:35:05+00:00,11.02,123.98,31,1.3,003 km South of City Of Bogo (Cebu),Ms,TECTONIC
4401,2025-10-04 13:28:14+00:00,11.08,124.11,16,1.7,015 km N 75° E of City Of Bogo (Cebu),Ms,TECTONIC
4402,2025-10-04 13:24:02+00:00,11.1,124.11,34,2.0,016 km N 68° E of City Of Bogo (Cebu),Ms,TECTONIC
4403,2025-10-04 13:22:05+00:00,11.17,123.98,24,1.3,013 km N 01° W of City Of Bogo (Cebu),Ms,TECTONIC
4404,2025-10-04 13:19:32+00:00,11.0,123.91,8,2.7,009 km S 54° W of City Of Bogo (Cebu),Ms,TECTONIC
4405,2025-10-04 13:06:22+00:00,11.1,124.1,7,2.8,014 km N 66° E of City Of Bogo (Cebu),Ms,TECTONIC
4406,2025-10-04 13:02:07+00:00,11.27,124.18,9,2.9,033 km N 42° E of City Of Bogo (Cebu),Ms,TECTONIC
4407,2025-10-04 12:57:46+00:00,18.59,121.04,11,2.4,005 km S 60° W of Claveria (Cagayan),Ms,TECTONIC
4408,2025-10-04 12:54:48+00:00,11.15,124.13,5,2.1,020 km N 55° E of City Of Bogo (Cebu),Ms,TECTONIC
4409,2025-10-04 12:52:49+00:00,11.14,123.88,5,1.9,015 km N 49° W of City Of Bogo (Cebu),Ms,TECTONIC
4410,2025-10-04 12:50:03+00:00,11.17,123.96,18,1.7,013 km N 07° W of City Of Bogo (Cebu),Ms,TECTONIC
4411,2025-10-04 12:35:37+00:00,11.0,124.0,24,2.3,005 km S 24° E of City Of Bogo (Cebu),Ms,TECTONIC
4412,2025-10-04 12:33:24+00:00,11.17,124.03,20,1.4,015 km N 23° E of City Of Bogo (Cebu),Ms,TECTONIC
4413,2025-10-04 12:25:03+00:00,11.03,124.08,26,2.1,011 km S 83° E of City Of Bogo (Cebu),Ms,TECTONIC
4414,2025-10-04 12:20:59+00:00,11.0,124.0,5,2.5,006 km S 25° E of City Of Bogo (Cebu),Ms,TECTONIC
4415,2025-10-04 12:11:37+00:00,11.17,123.96,9,2.1,014 km N 09° W of City Of Bogo (Cebu),Ms,TECTONIC
4416,2025-10-04 12:06:33+00:00,10.98,124.03,30,1.6,009 km S 35° E of City Of Bogo (Cebu),Ms,TECTONIC
4417,2025-10-04 12:02:54+00:00,10.86,124.09,32,2.4,024 km S 32° E of City Of Bogo (Cebu),Ms,TECTONIC
4418,2025-10-04 11:52:54+00:00,11.18,123.88,2,2.9,018 km N 36° W of City Of Bogo (Cebu),Ms,TECTONIC
4419,2025-10-04 11:49:24+00:00,11.02,124.04,6,2.5,007 km S 67° E of City Of Bogo (Cebu),Ms,TECTONIC
4420,2025-10-04 11:46:36+00:00,11.12,123.98,9,1.6,008 km N 02° E of City Of Bogo (Cebu),Ms,TECTONIC
4421,2025-10-04 11:24:19+00:00,9.36,125.46,2,3.5,006 km N 75° W of Jabonga (Agusan Del Norte),Ms,TECTONIC
4422,2025-10-04 11:29:28+00:00,10.88,123.91,9,3.5,020 km S 22° W of City Of Bogo (Cebu),Ms,TECTONIC
4423,2025-10-04 11:22:23+00:00,14.05,120.54,108,1.4,010 km S 72° W of Nasugbu (Batangas),Ms,TECTONIC
4424,2025-10-04 11:19:58+00:00,9.38,125.58,20,2.3,009 km N 63° E of Jabonga (Agusan Del Norte),Ms,TECTONIC
4425,2025-10-04 11:16:19+00:00,11.07,123.91,1,2.2,008 km N 69° W of City Of Bogo (Cebu),Ms,TECTONIC
4426,2025-10-04 11:13:50+00:00,11.0,124.01,6,3.0,006 km S 37° E of City Of Bogo (Cebu),Ms,TECTONIC
4427,2025-10-04 11:05:13+00:00,10.9,123.96,7,3.2,016 km S 06° W of City Of Bogo (Cebu),Ms,TECTONIC
4428,2025-10-04 10:58:46+00:00,11.0,123.98,31,1.4,005 km S 05° W of City Of Bogo (Cebu),Ms,TECTONIC
4429,2025-10-04 10:57:54+00:00,11.07,124.04,33,1.4,007 km N 70° E of City Of Bogo (Cebu),Ms,TECTONIC
4430,2025-10-04 10:52:27+00:00,10.9,123.88,4,4.0,019 km S 34° W of City Of Bogo (Cebu),Ms,TECTONIC
4431,2025-10-04 10:43:41+00:00,10.91,123.89,1,2.0,018 km S 34° W of City Of Bogo (Cebu),Ms,TECTONIC
4432,2025-10-04 10:35:52+00:00,11.11,124.15,1,2.7,019 km N 70° E of City Of Bogo (Cebu),Ms,TECTONIC
4433,2025-10-04 10:28:20+00:00,10.99,124.02,10,2.7,008 km S 34° E of City Of Bogo (Cebu),Ms,TECTONIC
4434,2025-10-04 10:25:04+00:00,10.89,123.93,1,1.9,018 km S 18° W of City Of Bogo (Cebu),Ms,TECTONIC
4435,2025-10-04 10:21:35+00:00,10.92,123.85,6,2.7,020 km S 46° W of City Of Bogo (Cebu),Ms,TECTONIC
4436,2025-10-04 10:17:59+00:00,10.96,123.95,4,2.0,011 km S 21° W of City Of Bogo (Cebu),Ms,TECTONIC
4437,2025-10-04 10:11:04+00:00,11.05,124.06,6,1.5,009 km N 85° E of City Of Bogo (Cebu),Ms,TECTONIC
4438,2025-10-04 10:06:44+00:00,11.0,124.0,28,1.7,005 km S 22° E of City Of Bogo (Cebu),Ms,TECTONIC
4439,2025-10-04 10:03:54+00:00,10.91,123.98,12,1.8,015 km S 02° E of City Of Bogo (Cebu),Ms,TECTONIC
4440,2025-10-04 09:56:17+00:00,10.9,123.87,5,2.0,021 km S 36° W of City Of Bogo (Cebu),Ms,TECTONIC
4441,2025-10-04 09:50:16+00:00,10.88,123.87,11,4.1,022 km S 34° W of City Of Bogo (Cebu),Mw,TECTONIC
4442,2025-10-04 09:41:17+00:00,10.9,123.88,5,4.6,019 km S 34° W of City Of Bogo (Cebu),Mw,TECTONIC
4443,2025-10-04 09:37:10+00:00,10.93,123.98,22,1.7,013 km S 01° E of City Of Bogo (Cebu),Ms,TECTONIC
4444,2025-10-04 09:36:39+00:00,11.04,124.03,39,1.2,006 km S 79° E of City Of Bogo (Cebu),Ms,TECTONIC
4445,2025-10-04 09:34:37+00:00,10.9,123.89,5,2.9,018 km S 30° W of City Of Bogo (Cebu),Ms,TECTONIC
4446,2025-10-04 09:30:15+00:00,10.9,123.87,5,4.4,020 km S 36° W of City Of Bogo (Cebu),Mw,TECTONIC
4447,2025-10-04 09:30:14+00:00,13.55,120.29,10,1.7,020 km S 13° E of Looc (Occidental Mindoro),Ms,TECTONIC
4448,2025-10-04 09:18:43+00:00,11.08,124.1,30,1.6,013 km N 72° E of City Of Bogo (Cebu),Ms,TECTONIC
4449,2025-10-04 09:13:50+00:00,10.94,123.81,6,2.3,022 km S 57° W of City Of Bogo (Cebu),Ms,TECTONIC
4450,2025-10-04 09:06:07+00:00,10.88,123.97,5,4.0,018 km S 02° W of City Of Bogo (Cebu),Mw,TECTONIC
4451,2025-10-04 08:58:20+00:00,10.93,123.9,5,2.5,016 km S 34° W of City Of Bogo (Cebu),Ms,TECTONIC
4452,2025-10-04 08:50:18+00:00,11.04,123.99,1,2.3,002 km S 79° E of City Of Bogo (Cebu),Ms,TECTONIC
4453,2025-10-04 08:46:24+00:00,8.14,127.41,24,2.9,111 km N 84° E of Lingig (Surigao Del Sur),Ms,TECTONIC
4454,2025-10-04 08:40:05+00:00,11.05,124.03,31,2.4,005 km N 80° E of City Of Bogo (Cebu),Ms,TECTONIC
4455,2025-10-04 08:36:09+00:00,11.15,124.12,3,1.8,019 km N 54° E of City Of Bogo (Cebu),Ms,TECTONIC
4456,2025-10-04 08:05:47+00:00,11.15,124.15,33,1.7,021 km N 58° E of City Of Bogo (Cebu),Ms,TECTONIC
4457,2025-10-04 07:56:12+00:00,9.75,123.84,30,2.6,001 km N 20° W of Maribojoc (Bohol),Ms,TECTONIC
4458,2025-10-04 07:52:51+00:00,10.95,124.06,33,1.7,013 km S 40° E of City Of Bogo (Cebu),Ms,TECTONIC
4459,2025-10-04 07:47:46+00:00,11.11,124.26,21,2.3,032 km N 78° E of City Of Bogo (Cebu),Ms,TECTONIC
4460,2025-10-04 07:34:52+00:00,10.99,123.91,5,2.8,009 km S 51° W of City Of Bogo (Cebu),Ms,TECTONIC
4461,2025-10-04 07:33:01+00:00,11.1,123.84,7,1.8,016 km N 67° W of City Of Bogo (Cebu),Ms,TECTONIC
4462,2025-10-04 07:30:23+00:00,11.1,124.13,33,2.9,017 km N 71° E of City Of Bogo (Cebu),Ms,TECTONIC
4463,2025-10-04 07:22:57+00:00,10.96,123.95,5,2.7,010 km S 20° W of City Of Bogo (Cebu),Ms,TECTONIC
4464,2025-10-04 07:17:08+00:00,10.87,123.91,5,2.4,021 km S 21° W of City Of Bogo (Cebu),Ms,TECTONIC
4465,2025-10-04 07:14:25+00:00,10.94,123.85,25,2.6,019 km S 51° W of City Of Bogo (Cebu),Ms,TECTONIC
4466,2025-10-04 07:08:48+00:00,11.08,124.18,28,2.1,023 km N 82° E of City Of Bogo (Cebu),Ms,TECTONIC
4467,2025-10-04 07:07:19+00:00,10.98,123.75,5,2.4,026 km S 74° W of City Of Bogo (Cebu),Ms,TECTONIC
4468,2025-10-04 07:05:19+00:00,7.78,126.65,35,1.5,021 km S 88° E of Cateel (Davao Oriental),Ms,TECTONIC
4469,2025-10-04 06:59:37+00:00,11.03,124.04,5,2.3,007 km S 79° E of City Of Bogo (Cebu),Ms,TECTONIC
4470,2025-10-04 06:44:37+00:00,10.94,123.99,32,2.3,012 km S 08° E of City Of Bogo (Cebu),Ms,TECTONIC
4471,2025-10-04 06:41:54+00:00,15.14,122.35,17,2.1,045 km N 19° E of Patnanungan (Quezon),Ms,TECTONIC
4472,2025-10-04 06:25:07+00:00,18.73,121.54,90,3.8,023 km S 55° E of Fuga Island (Aparri) (Cagayan),Ms,TECTONIC
4473,2025-10-04 06:24:18+00:00,11.03,124.04,2,1.7,007 km S 78° E of City Of Bogo (Cebu),Ms,TECTONIC
4474,2025-10-04 06:01:46+00:00,11.15,124.0,33,1.7,012 km N 11° E of City Of Bogo (Cebu),Ms,TECTONIC
4475,2025-10-04 05:53:35+00:00,7.72,126.72,16,3.4,024 km N 48° E of Baganga (Davao Oriental),Ms,TECTONIC
4476,2025-10-04 05:41:26+00:00,11.15,124.07,33,1.6,016 km N 41° E of City Of Bogo (Cebu),Ms,TECTONIC
4477,2025-10-04 05:35:34+00:00,11.09,124.05,25,1.4,009 km N 60° E of City Of Bogo (Cebu),Ms,TECTONIC
4478,2025-10-04 05:28:36+00:00,11.17,123.97,15,1.6,014 km N 04° W of City Of Bogo (Cebu),Ms,TECTONIC
4479,2025-10-04 05:23:42+00:00,11.16,124.05,10,2.1,015 km N 33° E of City Of Bogo (Cebu),Ms,TECTONIC
4480,2025-10-04 05:14:37+00:00,11.12,124.01,16,1.9,009 km N 23° E of City Of Bogo (Cebu),Ms,TECTONIC
4481,2025-10-04 04:55:26+00:00,13.54,120.65,64,2.6,013 km N 39° W of Abra De Ilog (Occidental Mindoro),Ms,TECTONIC
4482,2025-10-04 04:47:16+00:00,11.11,124.12,9,1.9,017 km N 66° E of City Of Bogo (Cebu),Ms,TECTONIC
4483,2025-10-04 04:38:33+00:00,10.93,124.09,27,2.3,017 km S 43° E of City Of Bogo (Cebu),Ms,TECTONIC
4484,2025-10-04 04:27:58+00:00,11.16,124.16,11,2.0,023 km N 57° E of City Of Bogo (Cebu),Ms,TECTONIC
4485,2025-10-04 04:26:58+00:00,11.15,124.15,34,1.8,022 km N 58° E of City Of Bogo (Cebu),Ms,TECTONIC
4486,2025-10-04 04:22:46+00:00,11.09,124.1,32,2.5,014 km N 69° E of City Of Bogo (Cebu),Ms,TECTONIC
4487,2025-10-04 04:19:43+00:00,11.05,123.96,32,1.4,003 km N 78° W of City Of Bogo (Cebu),Ms,TECTONIC
4488,2025-10-04 04:11:33+00:00,11.2,124.16,8,2.6,026 km N 49° E of City Of Bogo (Cebu),Ms,TECTONIC
4489,2025-10-04 04:05:47+00:00,11.28,124.2,23,1.6,035 km N 43° E of City Of Bogo (Cebu),Ms,TECTONIC
4490,2025-10-04 04:04:23+00:00,10.98,124.27,32,2.1,033 km S 77° E of City Of Bogo (Cebu),Ms,TECTONIC
4491,2025-10-04 04:03:17+00:00,10.9,124.06,30,1.9,019 km S 27° E of City Of Bogo (Cebu),Ms,TECTONIC
4492,2025-10-04 03:58:48+00:00,11.09,124.07,26,1.7,011 km N 65° E of City Of Bogo (Cebu),Ms,TECTONIC
4493,2025-10-04 03:56:08+00:00,10.91,123.94,5,2.2,016 km S 18° W of City Of Bogo (Cebu),Ms,TECTONIC
4494,2025-10-04 03:54:08+00:00,11.03,124.23,25,2.5,028 km S 86° E of City Of Bogo (Cebu),Ms,TECTONIC
4495,2025-10-04 03:49:03+00:00,10.82,123.94,17,1.7,025 km S 09° W of City Of Bogo (Cebu),Ms,TECTONIC
4496,2025-10-04 03:40:12+00:00,10.86,124.06,29,1.8,022 km S 22° E of City Of Bogo (Cebu),Ms,TECTONIC
4497,2025-10-04 03:24:24+00:00,11.01,124.04,32,1.3,008 km S 56° E of City Of Bogo (Cebu),Ms,TECTONIC
4498,2025-10-04 02:44:53+00:00,11.12,124.06,33,1.6,012 km N 50° E of City Of Bogo (Cebu),Ms,TECTONIC
4499,2025-10-04 02:39:57+00:00,11.06,124.08,32,2.3,011 km N 80° E of City Of Bogo (Cebu),Ms,TECTONIC
4500,2025-10-04 02:38:43+00:00,11.17,123.86,6,1.9,019 km N 43° W of City Of Bogo (Cebu),Ms,TECTONIC
4501,2025-10-04 02:36:20+00:00,10.84,124.17,33,2.0,030 km S 42° E of City Of Bogo (Cebu),Ms,TECTONIC
4502,2025-10-04 02:19:02+00:00,11.27,123.95,8,2.1,025 km N 06° W of City Of Bogo (Cebu),Ms,TECTONIC
4503,2025-10-04 02:12:30+00:00,11.21,123.91,5,2.9,019 km N 25° W of City Of Bogo (Cebu),Ms,TECTONIC
4504,2025-10-04 02:09:08+00:00,11.08,124.05,6,1.9,009 km N 61° E of City Of Bogo (Cebu),Ms,TECTONIC
4505,2025-10-04 02:04:18+00:00,11.04,124.08,27,1.9,011 km S 83° E of City Of Bogo (Cebu),Ms,TECTONIC
4506,2025-10-04 01:49:56+00:00,11.02,124.08,5,1.7,011 km S 77° E of City Of Bogo (Cebu),Ms,TECTONIC
4507,2025-10-04 01:46:07+00:00,20.13,121.27,33,2.7,067 km S 70° W of Sabtang (Batanes),Ms,TECTONIC
4508,2025-10-04 01:37:35+00:00,10.97,123.96,11,2.8,009 km S 11° W of City Of Bogo (Cebu),Ms,TECTONIC
4509,2025-10-04 01:35:50+00:00,11.05,123.96,5,2.1,002 km N 87° W of City Of Bogo (Cebu),Ms,TECTONIC
4510,2025-10-04 01:23:52+00:00,10.96,124.06,16,1.6,013 km S 41° E of City Of Bogo (Cebu),Ms,TECTONIC
4511,2025-10-04 01:09:40+00:00,11.03,123.97,5,2.9,002 km S 59° W of City Of Bogo (Cebu),Ms,TECTONIC
4512,2025-10-04 00:58:22+00:00,11.01,123.95,3,2.4,005 km S 35° W of City Of Bogo (Cebu),Ms,TECTONIC
4513,2025-10-04 00:48:05+00:00,11.01,124.21,28,1.8,026 km S 83° E of City Of Bogo (Cebu),Ms,TECTONIC
4514,2025-10-04 00:47:11+00:00,10.96,123.99,6,1.9,010 km S 05° E of City Of Bogo (Cebu),Ms,TECTONIC
4515,2025-10-04 00:39:40+00:00,11.05,123.95,18,2.4,003 km N 75° W of City Of Bogo (Cebu),Ms,TECTONIC
4516,2025-10-04 00:26:49+00:00,11.11,124.04,25,1.7,013 km N 43° E of City Of Bogo (Cebu),Ms,TECTONIC
4517,2025-10-04 00:06:05+00:00,11.11,124.09,12,2.4,014 km N 61° E of City Of Bogo (Cebu),Ms,TECTONIC
4518,2025-10-03 23:51:33+00:00,11.0,123.93,18,2.8,007 km S 43° W of City Of Bogo (Cebu),Ms,TECTONIC
4519,2025-10-03 23:42:14+00:00,10.21,126.67,21,4.9,069 km N 72° E of Burgos (Surigao Del Norte),Mw,TECTONIC
4520,2025-10-03 23:33:11+00:00,11.3,124.16,23,2.5,035 km N 35° E of City Of Bogo (Cebu),Ms,TECTONIC
4521,2025-10-03 23:23:23+00:00,11.12,124.06,26,2.5,012 km N 47° E of City Of Bogo (Cebu),Ms,TECTONIC
4522,2025-10-03 23:12:10+00:00,11.14,124.17,5,3.2,024 km N 74° E of City Of Bogo (Cebu),Ms,TECTONIC
4523,2025-10-03 23:02:43+00:00,9.27,126.57,22,3.8,041 km S 89° E of Cortes (Surigao Del Sur),Ms,TECTONIC
4524,2025-10-03 23:02:12+00:00,10.92,123.84,12,2.2,021 km S 48° W of City Of Bogo (Cebu),Ms,TECTONIC
4525,2025-10-03 22:54:58+00:00,11.02,123.99,23,2.5,004 km S 23° E of City Of Bogo (Cebu),Ms,TECTONIC
4526,2025-10-03 22:41:25+00:00,10.89,123.93,3,2.0,019 km S 17° W of City Of Bogo (Cebu),Ms,TECTONIC
4527,2025-10-03 22:39:32+00:00,10.96,123.94,30,2.2,010 km S 26° W of City Of Bogo (Cebu),Ms,TECTONIC
4528,2025-10-03 21:53:55+00:00,11.16,124.11,33,1.5,019 km N 49° E of City Of Bogo (Cebu),Ms,TECTONIC
4529,2025-10-03 21:46:07+00:00,10.92,123.89,5,2.1,018 km S 34° W of City Of Bogo (Cebu),Ms,TECTONIC
4530,2025-10-03 21:41:24+00:00,11.14,124.12,8,2.5,019 km N 55° E of City Of Bogo (Cebu),Ms,TECTONIC
4531,2025-10-03 21:34:56+00:00,11.08,124.03,8,1.8,007 km N 55° E of City Of Bogo (Cebu),Ms,TECTONIC
4532,2025-10-03 21:28:02+00:00,10.95,123.93,2,1.9,012 km S 26° W of City Of Bogo (Cebu),Ms,TECTONIC
4533,2025-10-03 21:24:32+00:00,11.17,124.2,8,2.2,028 km N 61° E of City Of Bogo (Cebu),Ms,TECTONIC
4534,2025-10-03 21:15:06+00:00,10.86,123.69,8,2.7,021 km N 85° E of City Of Escalante (Negros Occidental),Ms,TECTONIC
4535,2025-10-03 20:42:41+00:00,11.08,123.89,29,2.3,010 km N 69° W of City Of Bogo (Cebu),Ms,TECTONIC
4536,2025-10-03 20:34:18+00:00,10.94,124.28,33,1.6,017 km S 41° W of Palompon (Leyte),Ms,TECTONIC
4537,2025-10-03 20:26:58+00:00,10.9,123.96,24,2.6,016 km S 08° W of City Of Bogo (Cebu),Ms,TECTONIC
4538,2025-10-03 20:11:18+00:00,11.1,124.2,25,2.1,024 km N 76° E of City Of Bogo (Cebu),Ms,TECTONIC
4539,2025-10-03 20:01:08+00:00,11.05,123.97,8,3.6,001 km S 82° W of City Of Bogo (Cebu),Ms,TECTONIC
4540,2025-10-03 20:00:39+00:00,8.76,126.4,30,2.0,012 km S 68° E of Marihatag (Surigao Del Sur),Ms,TECTONIC
4541,2025-10-03 19:57:16+00:00,11.07,123.96,21,2.6,003 km N 46° W of City Of Bogo (Cebu),Ms,TECTONIC
4542,2025-10-03 19:52:53+00:00,11.1,124.01,12,2.3,007 km N 49° E of City Of Bogo (Cebu),Ms,TECTONIC
4543,2025-10-03 19:45:26+00:00,11.11,124.08,17,2.1,013 km N 57° E of City Of Bogo (Cebu),Ms,TECTONIC
4544,2025-10-03 19:35:47+00:00,10.97,123.95,7,3.1,009 km S 19° W of City Of Bogo (Cebu),Ms,TECTONIC
4545,2025-10-03 19:32:37+00:00,11.09,124.09,5,2.8,013 km N 70° E of City Of Bogo (Cebu),Ms,TECTONIC
4546,2025-10-03 19:26:06+00:00,11.19,124.06,10,1.9,018 km N 31° E of City Of Bogo (Cebu),Ms,TECTONIC
4547,2025-10-03 19:22:45+00:00,11.18,123.95,8,1.6,015 km N 12° W of City Of Bogo (Cebu),Ms,TECTONIC
4548,2025-10-03 19:18:18+00:00,11.13,124.1,32,1.7,017 km N 54° E of City Of Bogo (Cebu),Ms,TECTONIC
4549,2025-10-03 19:17:15+00:00,11.16,124.0,20,1.6,013 km N 12° E of City Of Bogo (Cebu),Ms,TECTONIC
4550,2025-10-03 19:06:30+00:00,11.17,124.07,32,1.9,017 km N 35° E of City Of Bogo (Cebu),Ms,TECTONIC
4551,2025-10-03 19:05:36+00:00,11.1,124.14,32,1.6,019 km N 72° E of City Of Bogo (Cebu),Ms,TECTONIC
4552,2025-10-03 19:02:52+00:00,11.01,123.95,3,2.0,006 km S 39° W of City Of Bogo (Cebu),Ms,TECTONIC
4553,2025-10-03 18:58:27+00:00,11.04,123.97,21,2.7,001 km S 59° W of City Of Bogo (Cebu),Ms,TECTONIC
4554,2025-10-03 18:47:22+00:00,10.9,123.95,6,3.7,017 km S 09° W of City Of Bogo (Cebu),Ms,TECTONIC
4555,2025-10-03 18:46:33+00:00,8.09,126.49,28,3.7,010 km N 58° E of Lingig (Surigao Del Sur),Ms,TECTONIC
4556,2025-10-03 18:42:50+00:00,11.07,124.23,12,2.1,028 km N 80° E of City Of Bogo (Cebu),Ms,TECTONIC
4557,2025-10-03 18:32:28+00:00,11.15,124.03,20,1.5,012 km N 24° E of City Of Bogo (Cebu),Ms,TECTONIC
4558,2025-10-03 18:28:29+00:00,11.18,124.15,33,2.4,024 km N 53° E of City Of Bogo (Cebu),Ms,TECTONIC
4559,2025-10-03 18:25:10+00:00,11.01,123.92,22,2.3,008 km S 58° W of City Of Bogo (Cebu),Ms,TECTONIC
4560,2025-10-03 18:19:21+00:00,11.12,124.11,8,2.4,017 km N 61° E of City Of Bogo (Cebu),Ms,TECTONIC
4561,2025-10-03 18:17:43+00:00,11.0,123.96,6,2.7,006 km S 21° W of City Of Bogo (Cebu),Ms,TECTONIC
4562,2025-10-03 18:07:49+00:00,11.22,124.17,7,1.7,028 km N 48° E of City Of Bogo (Cebu),Ms,TECTONIC
4563,2025-10-03 18:06:28+00:00,11.07,123.97,4,2.2,003 km N 14° W of City Of Bogo (Cebu),Ms,TECTONIC
4564,2025-10-03 18:02:08+00:00,10.95,123.96,5,2.9,011 km S 16° W of City Of Bogo (Cebu),Ms,TECTONIC
4565,2025-10-03 17:51:09+00:00,11.14,124.06,6,3.2,014 km N 40° E of City Of Bogo (Cebu),Ms,TECTONIC
4566,2025-10-03 17:45:06+00:00,10.91,123.96,9,2.7,015 km S 10° W of City Of Bogo (Cebu),Ms,TECTONIC
4567,2025-10-03 17:43:37+00:00,5.78,127.34,107,2.9,171 km S 55° E of Governor Generoso (Davao Oriental),Ms,TECTONIC
4568,2025-10-03 17:38:24+00:00,11.16,124.16,4,2.8,024 km N 58° E of City Of Bogo (Cebu),Ms,TECTONIC
4569,2025-10-03 17:36:20+00:00,11.11,124.14,4,2.7,019 km N 65° E of City Of Bogo (Cebu),Ms,TECTONIC
4570,2025-10-03 17:29:14+00:00,11.13,123.96,10,2.2,010 km N 16° W of City Of Bogo (Cebu),Ms,TECTONIC
4571,2025-10-03 17:24:40+00:00,10.91,123.97,10,3.5,015 km S 3° W of City Of Bogo (Cebu),M,TECTONIC
4572,2025-10-03 17:17:59+00:00,11.01,124.01,9,2.6,005 km S 40° E of City Of Bogo (Cebu),Ms,TECTONIC
4573,2025-10-03 17:15:49+00:00,10.95,123.99,4,2.9,010 km S 04° E of City Of Bogo (Cebu),Ms,TECTONIC
4574,2025-10-03 17:07:55+00:00,10.97,123.9,10,2.3,012 km S 44° W of City Of Bogo (Cebu),Ms,TECTONIC
4575,2025-10-03 17:06:16+00:00,11.07,124.12,34,2.4,016 km N 79° E of City Of Bogo (Cebu),Ms,TECTONIC
4576,2025-10-03 16:59:40+00:00,11.02,123.95,5,2.8,005 km S 46° W of City Of Bogo (Cebu),Ms,TECTONIC
4577,2025-10-03 16:47:33+00:00,10.92,123.97,5,2.5,018 km S 31° E of City Of Bogo (Cebu),Ms,TECTONIC
4578,2025-10-03 16:40:03+00:00,11.09,124.08,9,3.4,012 km N 65° E of City Of Bogo (Cebu),Ms,TECTONIC
4579,2025-10-03 16:32:09+00:00,11.23,123.92,4,2.5,021 km N 18° W of City Of Bogo (Cebu),Ms,TECTONIC
4580,2025-10-03 16:20:11+00:00,11.19,124.14,9,2.2,024 km N 47° E of City Of Bogo (Cebu),Ms,TECTONIC
4581,2025-10-03 16:14:01+00:00,18.76,121.05,13,1.9,017 km N 11° W of Claveria (Cagayan),Ms,TECTONIC
4582,2025-10-03 16:10:25+00:00,11.17,124.11,20,2.1,020 km N 46° E of City Of Bogo (Cebu),Ms,TECTONIC
4583,2025-10-03 16:09:02+00:00,10.98,123.97,21,2.0,008 km S 10° W of City Of Bogo (Cebu),Ms,TECTONIC
4584,2025-10-03 16:06:22+00:00,15.34,120.33,133,3.1,022 km S 43° W of San Jose (Tarlac),Ms,TECTONIC
4585,2025-10-03 16:03:52+00:00,11.15,124.04,31,1.5,013 km N 30° E of City Of Bogo (Cebu),Ms,TECTONIC
4586,2025-10-03 16:03:20+00:00,11.16,124.07,33,1.6,016 km N 37° E of City Of Bogo (Cebu),Ms,TECTONIC
4587,2025-10-03 16:01:33+00:00,11.21,123.87,2,2.8,021 km N 33° W of City Of Bogo (Cebu),Ms,TECTONIC
4588,2025-10-03 15:58:40+00:00,11.12,124.09,7,2.7,015 km N 56° E of City Of Bogo (Cebu),Ms,TECTONIC
4589,2025-10-03 15:52:39+00:00,13.67,120.6,102,2.6,018 km S 12° W of Calatagan (Batangas),Ms,TECTONIC
4590,2025-10-03 15:50:20+00:00,10.91,123.93,6,2.3,015 km S 19° W of City Of Bogo (Cebu),Ms,TECTONIC
4591,2025-10-03 15:46:24+00:00,11.01,123.85,15,2.3,015 km S 74° W of City Of Bogo (Cebu),Ms,TECTONIC
4592,2025-10-03 15:40:36+00:00,10.85,123.78,10,2.1,031 km S 46° W of City Of Bogo (Cebu),Ms,TECTONIC
4593,2025-10-03 15:37:08+00:00,11.1,124.07,7,2.8,011 km N 58° E of City Of Bogo (Cebu),Ms,TECTONIC
4594,2025-10-03 15:35:47+00:00,10.91,123.94,6,1.6,016 km S 14° W of City Of Bogo (Cebu),Ms,TECTONIC
4595,2025-10-03 15:34:26+00:00,10.88,123.93,5,2.0,019 km S 17° W of City Of Bogo (Cebu),Ms,TECTONIC
4596,2025-10-03 15:22:28+00:00,10.95,123.96,2,2.4,011 km S 10° W of City Of Bogo (Cebu),Ms,TECTONIC
4597,2025-10-03 15:20:10+00:00,11.18,124.26,11,2.1,034 km N 64° E of City Of Bogo (Cebu),Ms,TECTONIC
4598,2025-10-03 15:18:11+00:00,10.95,123.89,7,2.1,015 km S 44° W of City Of Bogo (Cebu),Ms,TECTONIC
4599,2025-10-03 15:14:14+00:00,11.41,123.91,11,2.2,040 km N 10° W of City Of Bogo (Cebu),Ms,TECTONIC
4600,2025-10-03 15:07:02+00:00,11.14,124.03,5,2.4,012 km N 29° E of City Of Bogo (Cebu),Ms,TECTONIC
4601,2025-10-03 14:51:35+00:00,11.17,123.94,10,2.3,015 km N 18° W of City Of Bogo (Cebu),Ms,TECTONIC
4602,2025-10-03 14:46:10+00:00,10.93,123.95,7,2.3,014 km S 15° W of City Of Bogo (Cebu),Ms,TECTONIC
4603,2025-10-03 14:41:51+00:00,10.92,123.94,6,3.0,017 km S 11° W of City Of Bogo (Cebu),Ms,TECTONIC
4604,2025-10-03 14:35:13+00:00,11.14,124.05,24,2.2,013 km N 39° E of City Of Bogo (Cebu),Ms,TECTONIC
4605,2025-10-03 14:29:15+00:00,10.9,124.01,19,2.4,016 km S 10° E of City Of Bogo (Cebu),Ms,TECTONIC
4606,2025-10-03 14:26:09+00:00,11.16,124.0,8,2.2,013 km N 11° E of City Of Bogo (Cebu),Ms,TECTONIC
4607,2025-10-03 14:22:19+00:00,11.12,123.95,3,3.7,008 km N 20° W of City Of Bogo (Cebu),Ms,TECTONIC
4608,2025-10-03 14:19:31+00:00,11.05,124.03,15,2.1,006 km N 83° E of City Of Bogo (Cebu),Ms,TECTONIC
4609,2025-10-03 14:17:54+00:00,10.99,123.96,7,2.7,006 km S 18° W of City Of Bogo (Cebu),Ms,TECTONIC
4610,2025-10-03 14:15:32+00:00,10.9,123.9,5,2.8,018 km S 28° W of City Of Bogo (Cebu),Ms,TECTONIC
4611,2025-10-03 14:09:38+00:00,11.1,124.21,5,2.8,026 km N 78° E of City Of Bogo (Cebu),Ms,TECTONIC
4612,2025-10-03 14:03:15+00:00,10.9,123.92,1,2.2,017 km S 23° W of City Of Bogo (Cebu),Ms,TECTONIC
4613,2025-10-03 13:58:04+00:00,11.15,124.05,29,1.5,014 km N 35° E of City Of Bogo (Cebu),Ms,TECTONIC
4614,2025-10-03 13:49:05+00:00,11.08,124.08,17,1.4,012 km N 71° E of City Of Bogo (Cebu),Ms,TECTONIC
4615,2025-10-03 13:44:06+00:00,11.03,124.04,1,2.0,007 km S 74° E of City Of Bogo (Cebu),Ms,TECTONIC
4616,2025-10-03 13:41:56+00:00,10.93,123.92,18,2.4,015 km S 25° W of City Of Bogo (Cebu),Ms,TECTONIC
4617,2025-10-03 13:39:34+00:00,11.02,123.87,6,2.4,012 km S 77° W of City Of Bogo (Cebu),Ms,TECTONIC
4618,2025-10-03 13:32:30+00:00,7.17,126.78,13,2.4,027 km S 81° E of Manay (Davao Oriental),Ms,TECTONIC
4619,2025-10-03 13:25:27+00:00,11.06,124.12,31,2.4,015 km N 83° E of City Of Bogo (Cebu),Ms,TECTONIC
4620,2025-10-03 13:16:10+00:00,10.9,124.08,23,2.0,020 km S 34° E of City Of Bogo (Cebu),Ms,TECTONIC
4621,2025-10-03 13:09:34+00:00,11.03,124.05,5,1.5,008 km S 79° E of City Of Bogo (Cebu),Ms,TECTONIC
4622,2025-10-03 13:07:42+00:00,11.26,124.19,21,2.3,033 km N 44° E of City Of Bogo (Cebu),Ms,TECTONIC
4623,2025-10-03 13:00:56+00:00,10.89,123.86,4,1.7,022 km S 36° W of City Of Bogo (Cebu),Ms,TECTONIC
4624,2025-10-03 12:57:59+00:00,11.16,123.99,7,2.3,013 km N 05° E of City Of Bogo (Cebu),Ms,TECTONIC
4625,2025-10-03 12:53:36+00:00,11.09,124.08,4,1.6,012 km N 65° E of City Of Bogo (Cebu),Ms,TECTONIC
4626,2025-10-03 12:42:09+00:00,11.0,123.93,1,2.4,007 km S 41° W of City Of Bogo (Cebu),Ms,TECTONIC
4627,2025-10-03 12:37:35+00:00,11.28,124.14,11,2.4,032 km N 34° E of City Of Bogo (Cebu),Ms,TECTONIC
4628,2025-10-03 12:28:03+00:00,10.96,123.94,2,3.4,010 km S 27° W of City Of Bogo (Cebu),Ms,TECTONIC
4629,2025-10-03 12:19:33+00:00,11.23,123.91,6,3.2,021 km N 20° W of City Of Bogo (Cebu),Ms,TECTONIC
4630,2025-10-03 12:17:07+00:00,11.13,123.95,10,2.8,010 km N 17° W of City Of Bogo (Cebu),Ms,TECTONIC
4631,2025-10-03 12:15:01+00:00,10.89,123.98,7,2.3,017 km S 01° E of City Of Bogo (Cebu),Ms,TECTONIC
4632,2025-10-03 12:12:32+00:00,11.1,124.07,7,2.4,011 km N 60° E of City Of Bogo (Cebu),Ms,TECTONIC
4633,2025-10-03 11:56:19+00:00,11.16,123.97,14,1.7,013 km N 03° W of City Of Bogo (Cebu),Ms,TECTONIC
4634,2025-10-03 11:42:03+00:00,13.97,120.38,58,1.6,029 km S 68° W of Nasugbu (Batangas),Ms,TECTONIC
4635,2025-10-03 11:39:45+00:00,11.17,123.89,13,2.0,017 km N 35° W of City Of Bogo (Cebu),Ms,TECTONIC
4636,2025-10-03 11:29:02+00:00,11.02,123.87,7,2.6,013 km S 77° W of City Of Bogo (Cebu),Ms,TECTONIC
4637,2025-10-03 11:24:20+00:00,11.18,123.97,16,2.1,015 km N 03° W of City Of Bogo (Cebu),Ms,TECTONIC
4638,2025-10-03 11:22:47+00:00,11.15,124.14,7,2.6,021 km N 58° E of City Of Bogo (Cebu),Ms,TECTONIC
4639,2025-10-03 11:20:18+00:00,10.97,123.94,2,2.7,010 km S 26° W of City Of Bogo (Cebu),Ms,TECTONIC
4640,2025-10-03 11:17:42+00:00,11.09,124.06,3,3.8,010 km N 60° E of City Of Bogo (Cebu),Ms,TECTONIC
4641,2025-10-03 11:11:34+00:00,11.14,124.04,29,1.6,012 km N 35° E of City Of Bogo (Cebu),Ms,TECTONIC
4642,2025-10-03 11:10:49+00:00,10.96,124.01,22,1.6,010 km S 19° E of City Of Bogo (Cebu),Ms,TECTONIC
4643,2025-10-03 11:04:33+00:00,11.15,124.14,26,2.5,020 km N 58° E of City Of Bogo (Cebu),Ms,TECTONIC
4644,2025-10-03 11:03:16+00:00,11.07,124.06,2,1.5,009 km N 75° E of City Of Bogo (Cebu),Ms,TECTONIC
4645,2025-10-03 11:02:25+00:00,11.1,124.14,5,2.5,019 km N 71° E of City Of Bogo (Cebu),Ms,TECTONIC
4646,2025-10-03 10:55:33+00:00,11.14,124.04,28,2.3,012 km N 36° E of City Of Bogo (Cebu),Ms,TECTONIC
4647,2025-10-03 10:48:57+00:00,10.9,124.11,31,2.7,022 km S 41° E of City Of Bogo (Cebu),Ms,TECTONIC
4648,2025-10-03 10:33:19+00:00,11.09,124.05,4,2.8,009 km N 57° E of City Of Bogo (Cebu),Ms,TECTONIC
4649,2025-10-03 10:15:24+00:00,11.21,123.96,4,3.1,018 km N 07° W of City Of Bogo (Cebu),Ms,TECTONIC
4650,2025-10-03 10:12:04+00:00,11.15,124.13,13,2.9,020 km N 54° E of City Of Bogo (Cebu),Ms,TECTONIC
4651,2025-10-03 10:04:25+00:00,11.1,124.16,10,1.5,020 km N 72° E of City Of Bogo (Cebu),Ms,TECTONIC
4652,2025-10-03 09:56:59+00:00,11.34,124.16,5,1.9,015 km N 55° E of City Of Bogo (Cebu),Ms,TECTONIC
4653,2025-10-03 09:52:56+00:00,10.96,123.94,6,2.0,010 km S 25° W of City Of Bogo (Cebu),Ms,TECTONIC
4654,2025-10-03 09:45:45+00:00,10.89,124.11,5,2.0,022 km S 39° E of City Of Bogo (Cebu),Ms,TECTONIC
4655,2025-10-03 09:38:02+00:00,11.03,123.93,4,1.6,005 km S 70° W of City Of Bogo (Cebu),Ms,TECTONIC
4656,2025-10-03 09:33:40+00:00,11.12,124.11,15,1.8,016 km N 59° E of City Of Bogo (Cebu),Ms,TECTONIC
4657,2025-10-03 09:28:24+00:00,11.07,124.09,2,1.8,013 km N 79° E of City Of Bogo (Cebu),Ms,TECTONIC
4658,2025-10-03 09:21:38+00:00,11.16,124.14,29,2.2,021 km N 55° E of City Of Bogo (Cebu),Ms,TECTONIC
4659,2025-10-03 09:14:23+00:00,11.2,124.25,7,2.1,034 km N 61° E of City Of Bogo (Cebu),Ms,TECTONIC
4660,2025-10-03 09:07:37+00:00,11.06,124.03,8,2.7,005 km N 72° E of City Of Bogo (Cebu),Ms,TECTONIC
4661,2025-10-03 09:00:20+00:00,9.71,123.93,28,2.3,002 km N 26° E of Corella (Bohol),Ms,TECTONIC
4662,2025-10-03 08:50:49+00:00,11.13,124.1,7,2.3,016 km N 54° E of City Of Bogo (Cebu),Ms,TECTONIC
4663,2025-10-03 08:47:27+00:00,11.16,124.07,6,2.2,015 km N 38° E of City Of Bogo (Cebu),Ms,TECTONIC
4664,2025-10-03 08:44:54+00:00,11.07,124.14,35,1.8,018 km N 81° E of City Of Bogo (Cebu),Ms,TECTONIC
4665,2025-10-03 08:25:22+00:00,11.14,124.12,8,2.0,019 km N 55° E of City Of Bogo (Cebu),Ms,TECTONIC
4666,2025-10-03 08:24:13+00:00,10.91,123.92,6,2.1,017 km S 23° W of City Of Bogo (Cebu),Ms,TECTONIC
4667,2025-10-03 08:13:13+00:00,11.19,124.16,33,1.8,026 km N 52° E of City Of Bogo (Cebu),Ms,TECTONIC
4668,2025-10-03 08:04:02+00:00,11.07,124.0,32,1.6,003 km N 49° E of City Of Bogo (Cebu),Ms,TECTONIC
4669,2025-10-03 08:00:12+00:00,11.1,124.15,5,2.1,020 km N 74° E of City Of Bogo (Cebu),Ms,TECTONIC
4670,2025-10-03 07:36:36+00:00,11.1,124.04,27,1.9,008 km N 46° E of City Of Bogo (Cebu),Ms,TECTONIC
4671,2025-10-03 07:34:44+00:00,13.27,120.45,35,1.4,016 km N 72° W of Mamburao (Occidental Mindoro),Ms,TECTONIC
4672,2025-10-03 07:33:44+00:00,11.13,124.07,27,1.7,014 km N 49° E of City Of Bogo (Cebu),Ms,TECTONIC
4673,2025-10-03 07:32:59+00:00,10.92,123.94,4,1.9,014 km S 15° W of City Of Bogo (Cebu),Ms,TECTONIC
4674,2025-10-03 07:30:19+00:00,11.13,124.05,27,1.7,012 km N 41° E of City Of Bogo (Cebu),Ms,TECTONIC
4675,2025-10-03 07:24:36+00:00,10.84,123.37,7,2.1,006 km S 50° W of City Of Sagay (Negros Occidental),Ms,TECTONIC
4676,2025-10-03 07:19:04+00:00,11.07,124.12,12,1.4,016 km N 81° E of City Of Bogo (Cebu),Ms,TECTONIC
4677,2025-10-03 06:31:37+00:00,11.05,124.03,7,2.3,006 km N 85° E of City Of Bogo (Cebu),Ms,TECTONIC
4678,2025-10-03 06:20:27+00:00,11.16,124.0,6,2.3,013 km N 10° E of City Of Bogo (Cebu),Ms,TECTONIC
4679,2025-10-03 06:11:38+00:00,10.93,123.92,26,1.6,014 km S 28° W of City Of Bogo (Cebu),Ms,TECTONIC
4680,2025-10-03 06:09:56+00:00,11.1,124.11,6,2.0,015 km N 69° E of City Of Bogo (Cebu),Ms,TECTONIC
4681,2025-10-03 06:07:41+00:00,10.9,123.8,7,2.1,025 km S 49° W of City Of Bogo (Cebu),Ms,TECTONIC
4682,2025-10-03 06:05:03+00:00,11.02,123.99,19,1.4,004 km S 23° E of City Of Bogo (Cebu),Ms,TECTONIC
4683,2025-10-03 06:01:07+00:00,11.1,123.93,6,1.9,008 km N 40° W of City Of Bogo (Cebu),Ms,TECTONIC
4684,2025-10-03 05:43:07+00:00,10.99,123.97,26,2.2,007 km S 10° W of City Of Bogo (Cebu),Ms,TECTONIC
4685,2025-10-03 05:25:36+00:00,10.91,123.9,6,1.5,017 km S 30° W of City Of Bogo (Cebu),Ms,TECTONIC
4686,2025-10-03 05:19:27+00:00,11.17,124.17,9,2.0,026 km N 56° E of City Of Bogo (Cebu),Ms,TECTONIC
4687,2025-10-03 05:15:57+00:00,11.1,124.1,5,2.5,015 km N 66° E of City Of Bogo (Cebu),Ms,TECTONIC
4688,2025-10-03 05:06:46+00:00,10.97,123.99,9,2.5,008 km S 11° E of City Of Bogo (Cebu),Ms,TECTONIC
4689,2025-10-03 04:57:56+00:00,11.2,124.12,8,2.2,023 km N 41° E of City Of Bogo (Cebu),Ms,TECTONIC
4690,2025-10-03 04:55:05+00:00,18.54,120.82,21,2.0,003 km N 34° E of Dumalneg (Ilocos Norte),Ms,TECTONIC
4691,2025-10-03 04:41:07+00:00,10.75,123.95,18,2.1,006 km N 84° W of Sogod (Cebu),Ms,TECTONIC
4692,2025-10-03 04:30:08+00:00,11.15,123.95,6,1.4,012 km N 13° W of City Of Bogo (Cebu),Ms,TECTONIC
4693,2025-10-03 04:28:42+00:00,11.18,123.96,10,1.9,015 km N 07° W of City Of Bogo (Cebu),Ms,TECTONIC
4694,2025-10-03 04:21:58+00:00,11.16,124.11,24,1.8,020 km N 49° E of City Of Bogo (Cebu),Ms,TECTONIC
4695,2025-10-03 04:18:41+00:00,11.12,124.14,8,2.0,019 km N 64° E of City Of Bogo (Cebu),Ms,TECTONIC
4696,2025-10-03 04:13:43+00:00,10.98,123.94,6,3.0,009 km S 27° W of City Of Bogo (Cebu),Ms,TECTONIC
4697,2025-10-03 04:13:04+00:00,11.09,123.94,4,1.3,007 km N 44° W of City Of Bogo (Cebu),Ms,TECTONIC
4698,2025-10-03 04:11:06+00:00,10.99,123.96,7,2.0,007 km S 16° W of City Of Bogo (Cebu),Ms,TECTONIC
4699,2025-10-03 04:07:57+00:00,10.99,123.98,7,2.7,006 km S 04° E of City Of Bogo (Cebu),Ms,TECTONIC
4700,2025-10-03 04:04:50+00:00,9.31,126.37,25,2.2,020 km N 78° E of Cortes (Surigao Del Sur),Ms,TECTONIC
4701,2025-10-03 04:01:48+00:00,11.17,124.03,7,2.1,014 km N 21° E of City Of Bogo (Cebu),Ms,TECTONIC
4702,2025-10-03 03:56:38+00:00,11.11,124.04,20,1.7,010 km N 45° E of City Of Bogo (Cebu),Ms,TECTONIC
4703,2025-10-03 03:50:01+00:00,10.9,123.93,2,2.3,017 km S 18° W of City Of Bogo (Cebu),Ms,TECTONIC
4704,2025-10-03 03:42:42+00:00,11.1,124.06,30,2.1,011 km N 58° E of City Of Bogo (Cebu),Ms,TECTONIC
4705,2025-10-03 03:39:42+00:00,10.94,123.96,5,1.6,007 km N 87° W of Tabogon (Cebu),Ms,TECTONIC
4706,2025-10-03 03:29:27+00:00,11.0,123.92,7,1.7,008 km S 53° W of City Of Bogo (Cebu),Ms,TECTONIC
4707,2025-10-03 03:26:08+00:00,11.14,124.04,32,1.8,012 km N 36° E of City Of Bogo (Cebu),Ms,TECTONIC
4708,2025-10-03 03:19:49+00:00,11.01,123.99,30,2.2,005 km S 19° E of City Of Bogo (Cebu),Ms,TECTONIC
4709,2025-10-03 03:16:41+00:00,10.99,124.05,31,2.2,010 km S 49° E of City Of Bogo (Cebu),Ms,TECTONIC
4710,2025-10-03 03:08:45+00:00,11.1,124.09,8,2.5,014 km N 66° E of City Of Bogo (Cebu),Ms,TECTONIC
4711,2025-10-03 03:00:38+00:00,11.14,124.18,7,1.9,024 km N 64° E of City Of Bogo (Cebu),Ms,TECTONIC
4712,2025-10-03 02:57:38+00:00,11.04,124.1,8,2.3,013 km S 87° E of City Of Bogo (Cebu),Ms,TECTONIC
4713,2025-10-03 02:54:04+00:00,11.14,123.99,11,2.0,010 km N 04° E of City Of Bogo (Cebu),Ms,TECTONIC
4714,2025-10-03 02:50:01+00:00,10.98,123.98,7,1.9,007 km S 02° W of City Of Bogo (Cebu),Ms,TECTONIC
4715,2025-10-03 02:47:48+00:00,11.05,124.01,33,1.8,004 km N 85° E of City Of Bogo (Cebu),Ms,TECTONIC
4716,2025-10-03 02:38:33+00:00,11.0,124.08,8,1.9,012 km S 63° E of City Of Bogo (Cebu),Ms,TECTONIC
4717,2025-10-03 02:37:23+00:00,11.13,124.11,6,2.2,017 km N 59° E of City Of Bogo (Cebu),Ms,TECTONIC
4718,2025-10-03 02:34:47+00:00,11.1,124.02,17,2.1,008 km N 38° E of City Of Bogo (Cebu),Ms,TECTONIC
4719,2025-10-03 02:09:21+00:00,9.6,125.55,16,2.6,006 km N 24° W of Tubod (Surigao Del Norte),Ms,TECTONIC
4720,2025-10-03 01:57:25+00:00,11.06,124.07,17,1.8,010 km N 84° E of City Of Bogo (Cebu),Ms,TECTONIC
4721,2025-10-03 01:37:25+00:00,11.08,123.95,33,2.0,005 km N 36° W of City Of Bogo (Cebu),Ms,TECTONIC
4722,2025-10-03 01:34:10+00:00,11.14,123.98,33,1.7,010 km N 02° E of City Of Bogo (Cebu),Ms,TECTONIC
4723,2025-10-03 01:23:59+00:00,11.05,124.12,33,1.8,016 km N 87° E of City Of Bogo (Cebu),Ms,TECTONIC
4724,2025-10-03 01:17:41+00:00,10.97,124.19,26,1.9,024 km S 70° E of City Of Bogo (Cebu),Ms,TECTONIC
4725,2025-10-03 01:08:14+00:00,11.15,123.96,10,1.8,011 km N 09° W of City Of Bogo (Cebu),Ms,TECTONIC
4726,2025-10-03 00:48:21+00:00,10.91,123.93,1,2.2,016 km S 21° W of City Of Bogo (Cebu),Ms,TECTONIC
4727,2025-10-03 00:30:08+00:00,11.13,124.05,22,1.4,012 km N 40° E of City Of Bogo (Cebu),Ms,TECTONIC
4728,2025-10-03 00:26:55+00:00,11.05,124.21,36,2.1,025 km N 89° E of City Of Bogo (Cebu),Ms,TECTONIC
4729,2025-10-03 00:22:58+00:00,11.24,124.02,32,2.0,022 km N 12° E of City Of Bogo (Cebu),Ms,TECTONIC
4730,2025-10-03 00:10:56+00:00,11.0,123.82,4,2.4,019 km S 74° W of City Of Bogo (Cebu),Ms,TECTONIC
4731,2025-10-02 23:46:05+00:00,11.17,124.25,7,2.5,032 km N 65° E of City Of Bogo (Cebu),Ms,TECTONIC
4732,2025-10-02 23:41:37+00:00,11.1,123.92,5,3.1,009 km N 47° W of City Of Bogo (Cebu),Ms,TECTONIC
4733,2025-10-02 23:39:53+00:00,10.91,123.94,5,2.8,015 km S 14° W of City Of Bogo (Cebu),Ms,TECTONIC
4734,2025-10-02 23:13:20+00:00,11.06,124.06,32,1.4,009 km N 77° E of City Of Bogo (Cebu),Ms,TECTONIC
4735,2025-10-02 22:56:45+00:00,7.93,122.57,32,1.6,005 km N 62° E of Kalawit (Zamboanga Del Norte),Ms,TECTONIC
4736,2025-10-02 22:54:26+00:00,11.08,124.14,4,2.1,018 km N 77° E of City Of Bogo (Cebu),Ms,TECTONIC
4737,2025-10-02 22:39:28+00:00,11.13,124.18,23,1.5,024 km N 68° E of City Of Bogo (Cebu),Ms,TECTONIC
4738,2025-10-02 22:30:45+00:00,11.17,124.09,32,1.4,019 km N 42° E of City Of Bogo (Cebu),Ms,TECTONIC
4739,2025-10-02 22:27:24+00:00,11.14,124.1,5,3.1,017 km N 52° E of City Of Bogo (Cebu),Ms,TECTONIC
4740,2025-10-02 22:24:34+00:00,18.92,120.97,3,1.8,032 km S 50° W of Dalupiri Island (Calayan) (Cagayan),Ms,TECTONIC
4741,2025-10-02 22:05:53+00:00,11.02,124.11,31,2.6,014 km S 78° E of City Of Bogo (Cebu),Ms,TECTONIC
4742,2025-10-02 22:04:28+00:00,11.1,123.94,5,2.3,007 km N 41° W of City Of Bogo (Cebu),Ms,TECTONIC
4743,2025-10-02 21:59:55+00:00,11.0,124.04,5,4.2,009 km S 51° E of City Of Bogo (Cebu),Ms,TECTONIC
4744,2025-10-02 21:59:25+00:00,11.09,124.04,5,1.8,008 km N 56° E of City Of Bogo (Cebu),Ms,TECTONIC
4745,2025-10-02 21:53:11+00:00,11.08,124.05,4,2.8,009 km N 62° E of City Of Bogo (Cebu),Ms,TECTONIC
4746,2025-10-02 21:52:33+00:00,11.09,124.04,18,1.3,008 km N 49° E of City Of Bogo (Cebu),Ms,TECTONIC
4747,2025-10-02 21:49:30+00:00,10.89,123.92,2,2.5,019 km S 21° W of City Of Bogo (Cebu),Ms,TECTONIC
4748,2025-10-02 21:46:17+00:00,11.13,124.13,11,1.5,019 km N 62° E of City Of Bogo (Cebu),Ms,TECTONIC
4749,2025-10-02 21:42:55+00:00,11.16,124.04,33,1.4,014 km N 29° E of City Of Bogo (Cebu),Ms,TECTONIC
4750,2025-10-02 21:39:54+00:00,11.11,124.14,10,5.1,019 km N 68° E of City Of Bogo (Cebu),Mw,TECTONIC
4751,2025-10-02 21:28:48+00:00,10.93,123.93,1,1.6,014 km S 24° W of City Of Bogo (Cebu),Ms,TECTONIC
4752,2025-10-02 21:23:05+00:00,11.13,124.16,7,3.7,022 km N 66° E of City Of Bogo (Cebu),Ms,TECTONIC
4753,2025-10-02 21:21:46+00:00,15.69,122.07,3,3.0,051 km S 13° E of Dinalungan (Aurora),Ms,TECTONIC
4754,2025-10-02 21:19:18+00:00,8.27,126.59,33,2.3,030 km S 69° E of Hinatuan (Surigao Del Sur),Ms,TECTONIC
4755,2025-10-02 21:18:21+00:00,10.93,123.9,2,2.0,017 km S 33° W of City Of Bogo (Cebu),Ms,TECTONIC
4756,2025-10-02 21:15:15+00:00,11.05,124.0,3,1.8,003 km N 76° E of City Of Bogo (Cebu),Ms,TECTONIC
4757,2025-10-02 21:14:05+00:00,11.04,124.04,2,2.0,006 km S 79° E of City Of Bogo (Cebu),Ms,TECTONIC
4758,2025-10-02 21:11:18+00:00,11.15,124.12,5,2.6,019 km N 55° E of City Of Bogo (Cebu),Ms,TECTONIC
4759,2025-10-02 21:00:23+00:00,11.03,124.13,33,1.1,017 km S 84° E of City Of Bogo (Cebu),Ms,TECTONIC
4760,2025-10-02 20:54:01+00:00,10.76,124.04,1,2.0,033 km S 11° E of City Of Bogo (Cebu),Ms,TECTONIC
4761,2025-10-02 20:53:29+00:00,17.77,120.67,29,1.5,006 km N 34° W of Lagayan (Abra),Ms,TECTONIC
4762,2025-10-02 20:50:45+00:00,11.11,124.2,22,2.7,025 km N 73° E of City Of Bogo (Cebu),Ms,TECTONIC
4763,2025-10-02 20:50:23+00:00,10.95,123.97,7,1.4,011 km S 06° W of City Of Bogo (Cebu),Ms,TECTONIC
4764,2025-10-02 20:49:28+00:00,11.11,124.04,22,1.5,010 km N 43° E of City Of Bogo (Cebu),Ms,TECTONIC
4765,2025-10-02 20:47:24+00:00,10.98,124.08,18,2.3,013 km S 57° E of City Of Bogo (Cebu),Ms,TECTONIC
4766,2025-10-02 20:36:45+00:00,10.93,123.83,1,1.6,021 km S 52° W of City Of Bogo (Cebu),Ms,TECTONIC
4767,2025-10-02 20:31:48+00:00,10.99,124.12,24,2.4,016 km S 69° E of City Of Bogo (Cebu),Ms,TECTONIC
4768,2025-10-02 20:29:07+00:00,11.09,124.14,34,1.8,018 km N 76° E of City Of Bogo (Cebu),Ms,TECTONIC
4769,2025-10-02 20:27:14+00:00,11.02,124.01,1,2.4,005 km S 49° E of City Of Bogo (Cebu),Ms,TECTONIC
4770,2025-10-02 20:24:41+00:00,11.02,123.76,9,2.1,024 km S 83° W of City Of Bogo (Cebu),Ms,TECTONIC
4771,2025-10-02 20:22:06+00:00,10.94,123.91,1,2.3,013 km S 34° W of City Of Bogo (Cebu),Ms,TECTONIC
4772,2025-10-02 20:20:00+00:00,10.97,124.0,26,1.4,009 km S 15° E of City Of Bogo (Cebu),Ms,TECTONIC
4773,2025-10-02 20:17:29+00:00,11.1,123.99,7,2.3,006 km N 14° E of City Of Bogo (Cebu),Ms,TECTONIC
4774,2025-10-02 20:16:39+00:00,11.15,123.98,27,1.5,012 km N 01° W of City Of Bogo (Cebu),Ms,TECTONIC
4775,2025-10-02 20:12:58+00:00,11.18,123.9,8,3.7,017 km N 31° W of City Of Bogo (Cebu),Ms,TECTONIC
4776,2025-10-02 20:10:29+00:00,11.13,123.92,28,2.8,011 km N 39° W of City Of Bogo (Cebu),Ms,TECTONIC
4777,2025-10-02 20:00:02+00:00,11.11,124.02,19,1.1,009 km N 35° E of City Of Bogo (Cebu),Ms,TECTONIC
4778,2025-10-02 19:57:54+00:00,11.11,124.07,24,1.4,012 km N 57° E of City Of Bogo (Cebu),Ms,TECTONIC
4779,2025-10-02 19:55:51+00:00,10.97,124.1,33,1.6,015 km S 59° E of City Of Bogo (Cebu),Ms,TECTONIC
4780,2025-10-02 19:50:34+00:00,11.18,124.06,6,2.5,017 km N 32° E of City Of Bogo (Cebu),Ms,TECTONIC
4781,2025-10-02 19:42:47+00:00,11.02,123.94,5,3.6,006 km S 56° W of City Of Bogo (Cebu),Ms,TECTONIC
4782,2025-10-02 19:39:16+00:00,11.3,124.17,15,1.9,035 km N 38° E of City Of Bogo (Cebu),Ms,TECTONIC
4783,2025-10-02 19:35:41+00:00,11.28,124.2,5,1.9,031 km N 57° E of Medellin (Cebu),Ms,TECTONIC
4784,2025-10-02 19:34:36+00:00,11.15,124.02,33,2.4,010 km N 17° E of City Of Bogo (Cebu),Ms,TECTONIC
4785,2025-10-02 19:31:23+00:00,15.74,121.97,13,3.1,044 km S 87° E of Baler (Aurora),Ms,TECTONIC
4786,2025-10-02 19:29:42+00:00,10.98,123.99,31,1.6,007 km S 13° E of City Of Bogo (Cebu),Ms,TECTONIC
4787,2025-10-02 19:18:53+00:00,11.13,124.09,33,1.3,015 km N 54° E of City Of Bogo (Cebu),Ms,TECTONIC
4788,2025-10-02 19:17:52+00:00,11.16,123.95,8,1.2,013 km N 14° W of City Of Bogo (Cebu),Ms,TECTONIC
4789,2025-10-02 19:16:54+00:00,11.03,123.94,5,2.8,005 km S 72° W of City Of Bogo (Cebu),Ms,TECTONIC
4790,2025-10-02 19:14:12+00:00,11.09,124.09,9,1.9,013 km N 70° E of City Of Bogo (Cebu),Ms,TECTONIC
4791,2025-10-02 19:12:38+00:00,11.24,124.18,12,2.6,031 km N 46° E of City Of Bogo (Cebu),Ms,TECTONIC
4792,2025-10-02 19:06:57+00:00,11.01,124.0,5,2.4,005 km S 26° E of City Of Bogo (Cebu),Ms,TECTONIC
4793,2025-10-02 19:06:01+00:00,11.15,124.14,4,1.8,023 km N 63° E of City Of Bogo (Cebu),Ms,TECTONIC
4794,2025-10-02 19:01:33+00:00,11.13,124.21,34,1.5,027 km N 69° E of City Of Bogo (Cebu),Ms,TECTONIC
4795,2025-10-02 18:52:15+00:00,11.12,124.2,1,2.0,025 km N 70° E of City Of Bogo (Cebu),Ms,TECTONIC
4796,2025-10-02 18:49:08+00:00,11.05,124.04,19,1.7,006 km N 85° E of City Of Bogo (Cebu),Ms,TECTONIC
4797,2025-10-02 18:48:33+00:00,10.96,123.94,1,1.7,010 km S 22° W of City Of Bogo (Cebu),Ms,TECTONIC
4798,2025-10-02 18:47:54+00:00,11.1,124.04,17,1.2,009 km N 50° E of City Of Bogo (Cebu),Ms,TECTONIC
4799,2025-10-02 18:46:48+00:00,10.98,123.96,5,2.4,008 km S 16° W of City Of Bogo (Cebu),Ms,TECTONIC
4800,2025-10-02 18:45:01+00:00,11.01,123.86,15,1.7,014 km S 72° W of City Of Bogo (Cebu),Ms,TECTONIC
4801,2025-10-02 18:38:42+00:00,6.88,126.07,29,2.1,006 km N 16° W of San Isidro (Davao Oriental),Ms,TECTONIC
4802,2025-10-02 18:28:07+00:00,11.01,124.04,6,2.1,007 km S 59° E of City Of Bogo (Cebu),Ms,TECTONIC
4803,2025-10-02 18:26:56+00:00,11.06,124.09,17,2.2,012 km N 85° E of City Of Bogo (Cebu),Ms,TECTONIC
4804,2025-10-02 18:25:30+00:00,11.03,124.03,33,1.4,005 km S 71° E of City Of Bogo (Cebu),Ms,TECTONIC
4805,2025-10-02 18:24:14+00:00,11.04,124.0,31,1.8,002 km S 64° E of City Of Bogo (Cebu),Ms,TECTONIC
4806,2025-10-02 18:21:38+00:00,11.03,124.03,1,1.4,006 km S 77° E of City Of Bogo (Cebu),Ms,TECTONIC
4807,2025-10-02 18:06:12+00:00,10.91,123.94,5,2.4,016 km S 14° W of City Of Bogo (Cebu),Ms,TECTONIC
4808,2025-10-02 18:03:11+00:00,11.04,124.12,2,3.4,016 km S 89° E of City Of Bogo (Cebu),Ms,TECTONIC
4809,2025-10-02 18:00:21+00:00,11.06,124.15,11,2.0,019 km N 86° E of City Of Bogo (Cebu),Ms,TECTONIC
4810,2025-10-02 17:56:25+00:00,11.08,124.0,19,1.8,004 km N 29° E of City Of Bogo (Cebu),Ms,TECTONIC
4811,2025-10-02 17:54:06+00:00,13.24,122.14,1,1.6,012 km S 32° E of Torrijos (Marinduque),Ms,TECTONIC
4812,2025-10-02 17:54:41+00:00,11.13,124.01,25,1.2,009 km N 19° E of City Of Bogo (Cebu),Ms,TECTONIC
4813,2025-10-02 17:47:02+00:00,10.96,123.76,5,3.8,026 km S 68° W of City Of Bogo (Cebu),Ms,TECTONIC
4814,2025-10-02 17:40:56+00:00,10.97,123.9,1,2.1,012 km S 45° W of City Of Bogo (Cebu),Ms,TECTONIC
4815,2025-10-02 17:42:25+00:00,11.16,124.11,33,1.7,020 km N 49° E of City Of Bogo (Cebu),Ms,TECTONIC
4816,2025-10-02 17:40:05+00:00,11.14,123.99,27,1.5,010 km N 09° E of City Of Bogo (Cebu),Ms,TECTONIC
4817,2025-10-02 17:38:33+00:00,11.15,123.98,7,1.7,012 km N 01° W of City Of Bogo (Cebu),Ms,TECTONIC
4818,2025-10-02 17:36:41+00:00,11.12,123.99,5,2.2,008 km N 11° E of City Of Bogo (Cebu),Ms,TECTONIC
4819,2025-10-02 17:24:28+00:00,11.22,123.97,9,2.5,020 km N 02° W of City Of Bogo (Cebu),Ms,TECTONIC
4820,2025-10-02 17:20:21+00:00,10.95,124.01,19,3.0,011 km S 15° E of City Of Bogo (Cebu),Ms,TECTONIC
4821,2025-10-02 17:13:33+00:00,10.89,123.94,1,1.8,017 km S 13° W of City Of Bogo (Cebu),Ms,TECTONIC
4822,2025-10-02 17:10:08+00:00,11.11,124.08,4,2.5,013 km N 58° E of City Of Bogo (Cebu),Ms,TECTONIC
4823,2025-10-02 17:09:21+00:00,11.02,123.87,29,1.7,012 km S 76° W of City Of Bogo (Cebu),Ms,TECTONIC
4824,2025-10-02 17:04:07+00:00,10.97,123.78,9,2.8,024 km S 68° W of City Of Bogo (Cebu),Ms,TECTONIC
4825,2025-10-02 17:00:58+00:00,10.87,124.08,12,2.2,023 km S 28° E of City Of Bogo (Cebu),Ms,TECTONIC
4826,2025-10-02 16:57:17+00:00,11.03,123.98,36,1.2,002 km S 14° E of City Of Bogo (Cebu),Ms,TECTONIC
4827,2025-10-02 16:54:29+00:00,11.34,124.19,5,2.1,034 km N 47° E of Medellin (Cebu),Ms,TECTONIC
4828,2025-10-02 16:52:49+00:00,11.07,124.08,33,1.4,012 km N 76° E of City Of Bogo (Cebu),Ms,TECTONIC
4829,2025-10-02 16:51:56+00:00,11.1,124.04,19,1.5,008 km N 47° E of City Of Bogo (Cebu),Ms,TECTONIC
4830,2025-10-02 16:48:24+00:00,10.96,123.92,4,3.4,012 km S 33° W of City Of Bogo (Cebu),Ms,TECTONIC
4831,2025-10-02 16:47:20+00:00,11.09,124.04,20,2.5,009 km N 55° E of City Of Bogo (Cebu),Ms,TECTONIC
4832,2025-10-02 16:41:46+00:00,10.94,123.91,5,2.6,014 km S 31° W of City Of Bogo (Cebu),Ms,TECTONIC
4833,2025-10-02 16:40:39+00:00,11.08,124.03,10,2.4,007 km N 51° E of City Of Bogo (Cebu),Ms,TECTONIC
4834,2025-10-02 16:38:52+00:00,11.06,124.05,4,2.3,007 km N 85° E of City Of Bogo (Cebu),Ms,TECTONIC
4835,2025-10-02 16:30:33+00:00,11.15,124.08,11,2.0,016 km N 44° E of City Of Bogo (Cebu),Ms,TECTONIC
4836,2025-10-02 16:21:35+00:00,11.16,124.19,4,2.1,025 km N 62° E of City of Bogo (Cebu),Ms,TECTONIC
4837,2025-10-02 16:20:46+00:00,11.29,124.05,12,1.8,028 km N 15° E of City Of Bogo (Cebu),Ms,TECTONIC
4838,2025-10-02 16:17:24+00:00,11.13,124.0,29,1.5,010 km N 16° E of City Of Bogo (Cebu),Ms,TECTONIC
4839,2025-10-02 16:16:29+00:00,10.94,123.92,1,2.0,013 km S 28° W of City Of Bogo (Cebu),Ms,TECTONIC
4840,2025-10-02 16:07:48+00:00,11.01,124.0,11,4.2,005 km S 32° E of City Of Bogo (Cebu),Ms,TECTONIC
4841,2025-10-02 16:05:58+00:00,11.19,124.12,31,1.5,022 km N 44° E of City Of Bogo (Cebu),Ms,TECTONIC
4842,2025-10-02 16:01:56+00:00,11.17,123.99,14,2.3,014 km N 06° E of City Of Bogo (Cebu),Ms,TECTONIC
4843,2025-10-02 15:56:20+00:00,10.93,123.96,5,3.3,013 km S 07° W of City Of Bogo (Cebu),Ms,TECTONIC
4844,2025-10-02 15:55:39+00:00,11.16,123.99,9,2.0,005 km N 45° E of Medellin (Cebu),Ms,TECTONIC
4845,2025-10-02 15:49:14+00:00,11.15,123.99,25,1.3,011 km N 06° E of City Of Bogo (Cebu),Ms,TECTONIC
4846,2025-10-02 15:47:22+00:00,11.12,124.01,23,1.4,009 km N 20° E of City Of Bogo (Cebu),Ms,TECTONIC
4847,2025-10-02 15:41:41+00:00,11.01,124.13,5,2.5,017 km S 75° E of City Of Bogo (Cebu),Ms,TECTONIC
4848,2025-10-02 15:40:18+00:00,10.93,123.93,5,2.0,013 km S 23° W of City Of Bogo (Cebu),Ms,TECTONIC
4849,2025-10-02 15:38:54+00:00,10.95,123.95,5,2.4,009 km N 80° W of Tabogon (Cebu),Ms,TECTONIC
4850,2025-10-02 15:37:36+00:00,11.09,124.05,19,1.8,009 km N 58° E of City Of Bogo (Cebu),Ms,TECTONIC
4851,2025-10-02 15:34:34+00:00,11.19,124.17,7,2.8,026 km N 51° E of City Of Bogo (Cebu),Ms,TECTONIC
4852,2025-10-02 15:31:19+00:00,10.9,123.94,5,2.9,018 km S 15° W of City Of Bogo (Cebu),Ms,TECTONIC
4853,2025-10-02 15:26:43+00:00,11.11,124.03,18,2.1,009 km N 42° E of City Of Bogo (Cebu),Ms,TECTONIC
4854,2025-10-02 15:22:53+00:00,11.15,123.99,17,1.3,011 km N 03° E of City Of Bogo (Cebu),Ms,TECTONIC
4855,2025-10-02 15:21:47+00:00,10.97,123.92,6,2.3,012 km S 39° W of City Of Bogo (Cebu),Ms,TECTONIC
4856,2025-10-02 15:17:25+00:00,11.13,124.11,25,1.7,017 km N 57° E of City Of Bogo (Cebu),Ms,TECTONIC
4857,2025-10-02 15:16:07+00:00,11.02,124.07,38,1.3,010 km S 75° E of City Of Bogo (Cebu),Ms,TECTONIC
4858,2025-10-02 15:14:55+00:00,11.14,124.18,8,2.6,024 km N 65° E of City Of Bogo (Cebu),Ms,TECTONIC
4859,2025-10-02 15:12:28+00:00,10.87,124.02,25,1.4,020 km S 13° E of City Of Bogo (Cebu),Ms,TECTONIC
4860,2025-10-02 15:06:42+00:00,11.33,124.19,11,1.9,034 km N 48° E of Medellin (Cebu),Ms,TECTONIC
4861,2025-10-02 15:03:18+00:00,16.12,122.1,14,2.4,016 km S 83° E of Dinalungan (Aurora),Ms,TECTONIC
4862,2025-10-02 15:01:53+00:00,11.24,124.22,4,1.5,034 km N 51° E of City Of Bogo (Cebu),Ms,TECTONIC
4863,2025-10-02 14:49:46+00:00,11.11,123.98,5,3.0,007 km N 02° E of City Of Bogo (Cebu),Ms,TECTONIC
4864,2025-10-02 14:48:28+00:00,11.24,124.1,32,2.8,024 km N 31° E of City Of Bogo (Cebu),Ms,TECTONIC
4865,2025-10-02 14:47:43+00:00,11.14,124.0,24,1.8,010 km N 10° E of City Of Bogo (Cebu),Ms,TECTONIC
4866,2025-10-02 14:46:20+00:00,11.11,124.09,32,1.2,014 km N 59° E of City Of Bogo (Cebu),Ms,TECTONIC
4867,2025-10-02 14:45:09+00:00,10.97,124.05,25,1.6,012 km S 54° E of City Of Bogo (Cebu),Ms,TECTONIC
4868,2025-10-02 14:44:23+00:00,11.05,123.83,26,1.6,016 km N 88° W of City Of Bogo (Cebu),Ms,TECTONIC
4869,2025-10-02 14:39:05+00:00,11.16,124.0,25,2.0,005 km N 46° E of Medellin (Cebu),Ms,TECTONIC
4870,2025-10-02 14:37:28+00:00,11.07,124.05,16,1.6,009 km N 72° E of City Of Bogo (Cebu),Ms,TECTONIC
4871,2025-10-02 14:33:38+00:00,10.93,123.98,8,2.4,013 km S 01° W of City Of Bogo (Cebu),Ms,TECTONIC
4872,2025-10-02 14:32:52+00:00,11.1,124.09,33,1.8,013 km N 65° E of City Of Bogo (Cebu),Ms,TECTONIC
4873,2025-10-02 14:27:35+00:00,11.05,124.04,2,3.2,007 km N 85° E of City Of Bogo (Cebu),Ms,TECTONIC
4874,2025-10-02 14:26:32+00:00,10.98,124.02,31,2.4,008 km S 34° E of City Of Bogo (Cebu),Ms,TECTONIC
4875,2025-10-02 14:24:57+00:00,11.15,123.98,21,1.5,012 km N 03° E of City Of Bogo (Cebu),Ms,TECTONIC
4876,2025-10-02 14:20:36+00:00,10.84,123.88,5,3.3,025 km S 26° W of City Of Bogo (Cebu),Ms,TECTONIC
4877,2025-10-02 14:11:21+00:00,11.09,124.11,7,1.5,010 km S 68° E of City Of Bogo (Cebu),Ms,TECTONIC
4878,2025-10-02 13:56:53+00:00,11.14,123.97,9,1.3,010 km N 07° W of City Of Bogo (Cebu),Ms,TECTONIC
4879,2025-10-02 13:55:31+00:00,11.24,124.18,5,2.1,031 km N 47° E of City Of Bogo (Cebu),Ms,TECTONIC
4880,2025-10-02 13:49:49+00:00,10.89,123.92,9,2.2,019 km S 22° W of City Of Bogo (Cebu),Ms,TECTONIC
4881,2025-10-02 13:44:40+00:00,11.13,124.0,26,1.8,009 km N 17° E of City Of Bogo (Cebu),Ms,TECTONIC
4882,2025-10-02 13:37:03+00:00,11.0,123.98,1,1.7,006 km S 04° E of City Of Bogo (Cebu),Ms,TECTONIC
4883,2025-10-02 13:31:30+00:00,10.86,123.93,5,2.5,021 km S 15° W of City Of Bogo (Cebu),Ms,TECTONIC
4884,2025-10-02 13:30:21+00:00,10.96,124.01,27,1.5,010 km S 20° E of City Of Bogo (Cebu),Ms,TECTONIC
4885,2025-10-02 13:26:04+00:00,10.77,124.02,21,2.1,031 km S 08° E of City Of Bogo (Cebu),Ms,TECTONIC
4886,2025-10-02 13:14:39+00:00,11.32,124.05,35,1.4,032 km N 15° E of City Of Bogo (Cebu),Ms,TECTONIC
4887,2025-10-02 12:59:44+00:00,11.1,124.09,3,1.9,014 km N 64° E of City Of Bogo (Cebu),Ms,TECTONIC
4888,2025-10-02 12:57:13+00:00,11.02,124.04,12,2.5,007 km S 70° E of City Of Bogo (Cebu),Ms,TECTONIC
4889,2025-10-02 12:51:26+00:00,11.04,124.0,6,2.8,002 km S 79° E of City Of Bogo (Cebu),Ms,TECTONIC
4890,2025-10-02 12:49:19+00:00,11.28,124.11,3,2.8,030 km N 29° E of City Of Bogo (Cebu),Ms,TECTONIC
4891,2025-10-02 12:45:11+00:00,11.11,123.94,5,2.9,008 km N 35° W of City Of Bogo (Cebu),Ms,TECTONIC
4892,2025-10-02 12:41:10+00:00,11.17,124.05,28,2.0,015 km N 30° E of City Of Bogo (Cebu),Ms,TECTONIC
4893,2025-10-02 12:40:39+00:00,11.07,124.08,33,1.8,011 km N 77° E of City Of Bogo (Cebu),Ms,TECTONIC
4894,2025-10-02 12:33:52+00:00,11.16,123.98,30,2.1,013 km N 02° E of City Of Bogo (Cebu),Ms,TECTONIC
4895,2025-10-02 12:27:13+00:00,10.98,124.04,1,2.2,005 km N 10° E of Tabogon (Cebu),Ms,TECTONIC
4896,2025-10-02 12:25:45+00:00,10.96,124.12,34,2.4,019 km S 58° E of City Of Bogo (Cebu),Ms,TECTONIC
4897,2025-10-02 12:23:26+00:00,10.87,123.9,1,1.8,021 km S 24° W of City Of Bogo (Cebu),Ms,TECTONIC
4898,2025-10-02 12:20:10+00:00,10.96,123.89,10,2.1,013 km S 44° W of City Of Bogo (Cebu),Ms,TECTONIC
4899,2025-10-02 12:18:19+00:00,10.91,123.89,5,3.4,018 km S 35° W of City Of Bogo (Cebu),Ms,TECTONIC
4900,2025-10-02 12:15:28+00:00,11.14,124.11,27,2.0,018 km N 53° E of City Of Bogo (Cebu),Ms,TECTONIC
4901,2025-10-02 12:12:37+00:00,11.2,124.1,33,2.8,021 km N 39° E of City Of Bogo (Cebu),Ms,TECTONIC
4902,2025-10-02 12:11:12+00:00,11.08,124.02,29,2.7,006 km N 49° E of City Of Bogo (Cebu),Ms,TECTONIC
4903,2025-10-02 12:05:45+00:00,10.99,123.75,4,2.9,026 km S 76° W of City Of Bogo (Cebu),Ms,TECTONIC
4904,2025-10-02 12:05:06+00:00,10.98,123.79,18,2.0,022 km S 70° W of City Of Bogo (Cebu),Ms,TECTONIC
4905,2025-10-02 11:56:47+00:00,11.1,124.12,8,2.7,017 km N 68° E of City Of Bogo (Cebu),Ms,TECTONIC
4906,2025-10-02 11:55:10+00:00,10.92,123.88,1,2.5,018 km S 39° W of City Of Bogo (Cebu),Ms,TECTONIC
4907,2025-10-02 11:51:28+00:00,10.89,123.89,1,2.6,020 km S 28° W of City Of Bogo (Cebu),Ms,TECTONIC
4908,2025-10-02 11:47:06+00:00,13.69,120.62,122,1.8,016 km S 07° W of Calatagan (Batangas),Ms,TECTONIC
4909,2025-10-02 11:46:28+00:00,10.99,124.01,5,3.1,007 km S 26° E of City Of Bogo (Cebu),Ms,TECTONIC
4910,2025-10-02 11:26:33+00:00,10.1,126.21,16,2.2,017 km N 58° E of Burgos (Surigao Del Norte),Ms,TECTONIC
4911,2025-10-02 11:19:26+00:00,11.1,124.04,19,2.0,009 km N 49° E of City Of Bogo (Cebu),Ms,TECTONIC
4912,2025-10-02 11:15:46+00:00,10.98,124.04,23,1.5,010 km S 44° E of City Of Bogo (Cebu),Ms,TECTONIC
4913,2025-10-02 11:12:36+00:00,11.12,124.05,18,1.3,011 km N 46° E of City Of Bogo (Cebu),Ms,TECTONIC
4914,2025-10-02 11:12:03+00:00,14.09,120.33,28,1.8,032 km N 87° W of Nasugbu (Batangas),Ms,TECTONIC
4915,2025-10-02 11:09:44+00:00,11.13,124.13,6,2.3,019 km N 61° E of City of Bogo (Cebu),Ms,TECTONIC
4916,2025-10-02 11:06:53+00:00,11.14,124.26,4,2.1,033 km N 72° E of City Of Bogo (Cebu),Ms,TECTONIC
4917,2025-10-02 10:59:08+00:00,11.17,124.18,9,1.8,026 km N 58° E of City Of Bogo (Cebu),Ms,TECTONIC
4918,2025-10-02 10:50:20+00:00,11.09,124.07,9,1.6,011 km N 62° E of City Of Bogo (Cebu),Ms,TECTONIC
4919,2025-10-02 10:37:15+00:00,11.16,124.13,6,2.1,021 km N 53° E of City Of Bogo (Cebu),Ms,TECTONIC
4920,2025-10-02 10:34:43+00:00,11.18,123.98,30,1.7,014 km N 01° E of City Of Bogo (Cebu),Ms,TECTONIC
4921,2025-10-02 10:33:31+00:00,11.14,124.06,18,1.9,014 km N 38° E of City Of Bogo (Cebu),Ms,TECTONIC
4922,2025-10-02 10:31:55+00:00,11.05,124.1,35,1.5,013 km N 89° E of City Of Bogo (Cebu),Ms,TECTONIC
4923,2025-10-02 10:27:55+00:00,11.07,124.04,5,3.7,007 km N 67° E of City Of Bogo (Cebu),Ms,TECTONIC
4924,2025-10-02 10:23:59+00:00,11.09,124.05,20,1.2,009 km N 55° E of City Of Bogo (Cebu),Ms,TECTONIC
4925,2025-10-02 10:21:47+00:00,11.11,124.1,5,4.4,015 km N 63° E of City Of Bogo (Cebu),Mw,TECTONIC
4926,2025-10-02 10:21:18+00:00,11.06,124.04,12,1.5,007 km N 79° E of City Of Bogo (Cebu),Ms,TECTONIC
4927,2025-10-02 10:19:15+00:00,11.05,124.04,32,2.1,007 km N 87° E of City Of Bogo (Cebu),Ms,TECTONIC
4928,2025-10-02 10:14:52+00:00,11.16,123.96,26,1.5,013 km N 07° W of City Of Bogo (Cebu),Ms,TECTONIC
4929,2025-10-02 10:14:28+00:00,11.14,123.99,24,1.3,011 km N 08° E of City Of Bogo (Cebu),Ms,TECTONIC
4930,2025-10-02 10:13:17+00:00,13.9,120.48,70,1.9,018 km N 68° W of Calatagan (Batangas),Ms,TECTONIC
4931,2025-10-02 10:06:57+00:00,11.08,124.05,19,1.6,009 km N 62° E of City Of Bogo (Cebu),Ms,TECTONIC
4932,2025-10-02 10:02:04+00:00,11.07,123.97,33,1.5,003 km N 17° W of City Of Bogo (Cebu),Ms,TECTONIC
4933,2025-10-02 10:00:43+00:00,10.91,124.0,22,1.8,015 km S 07° E of City Of Bogo (Cebu),Ms,TECTONIC
4934,2025-10-02 09:58:55+00:00,11.1,124.13,5,2.4,017 km N 69° E of City Of Bogo (Cebu),Ms,TECTONIC
4935,2025-10-02 09:56:21+00:00,11.11,123.91,1,2.8,010 km N 44° W of City Of Bogo (Cebu),Ms,TECTONIC
4936,2025-10-02 09:44:11+00:00,11.23,124.22,6,2.2,033 km N 52° E of City Of Bogo (Cebu),Ms,TECTONIC
4937,2025-10-02 09:40:38+00:00,10.93,124.01,25,2.1,014 km S 12° E of City Of Bogo (Cebu),Ms,TECTONIC
4938,2025-10-02 09:19:23+00:00,10.93,123.95,5,2.3,013 km S 16° W of City Of Bogo (Cebu),Ms,TECTONIC
4939,2025-10-02 09:14:39+00:00,10.87,123.93,4,2.0,020 km S 16° W of City Of Bogo (Cebu),Ms,TECTONIC
4940,2025-10-02 09:03:43+00:00,11.18,124.04,28,2.3,017 km N 24° E of City Of Bogo (Cebu),Ms,TECTONIC
4941,2025-10-02 08:58:26+00:00,11.27,124.11,27,1.9,028 km N 30° E of City Of Bogo (Cebu),Ms,TECTONIC
4942,2025-10-02 08:56:10+00:00,11.18,124.17,5,3.1,025 km N 56° E of City Of Bogo (Cebu),Ms,TECTONIC
4943,2025-10-02 08:51:39+00:00,11.0,124.09,13,2.4,013 km S 67° E of City Of Bogo (Cebu),Ms,TECTONIC
4944,2025-10-02 08:50:08+00:00,11.13,124.15,8,1.9,021 km N 64° E of City Of Bogo (Cebu),Ms,TECTONIC
4945,2025-10-02 08:48:57+00:00,11.08,124.15,32,1.8,019 km N 80° E of City Of Bogo (Cebu),Ms,TECTONIC
4946,2025-10-02 08:48:16+00:00,11.12,124.06,21,1.4,012 km N 50° E of City Of Bogo (Cebu),Ms,TECTONIC
4947,2025-10-02 08:38:40+00:00,11.02,124.17,7,2.2,021 km S 81° E of City Of Bogo (Cebu),Ms,TECTONIC
4948,2025-10-02 08:36:57+00:00,11.02,124.04,12,2.7,007 km S 67° E of City Of Bogo (Cebu),Ms,TECTONIC
4949,2025-10-02 08:35:17+00:00,11.1,123.97,45,1.7,006 km N 06° W of City Of Bogo (Cebu),Ms,TECTONIC
4950,2025-10-02 08:31:10+00:00,11.16,124.08,28,2.2,017 km N 42° E of City Of Bogo (Cebu),Ms,TECTONIC
4951,2025-10-02 08:26:59+00:00,11.16,124.02,31,1.4,014 km N 20° E of City Of Bogo (Cebu),Ms,TECTONIC
4952,2025-10-02 08:21:45+00:00,10.9,123.94,7,2.2,017 km S 15° W of City Of Bogo (Cebu),Ms,TECTONIC
4953,2025-10-02 08:18:35+00:00,11.14,124.14,9,2.2,021 km N 60° E of City Of Bogo (Cebu),Ms,TECTONIC
4954,2025-10-02 08:17:18+00:00,11.09,123.96,7,2.5,005 km N 23° W of City Of Bogo (Cebu),Ms,TECTONIC
4955,2025-10-02 08:15:25+00:00,10.91,123.87,7,3.0,019 km S 40° W of City Of Bogo (Cebu),Ms,TECTONIC
4956,2025-10-02 08:06:59+00:00,20.0,121.22,14,3.9,077 km S 62° W of Sabtang (Batanes),Ms,TECTONIC
4957,2025-10-02 08:05:12+00:00,10.99,123.84,28,2.2,017 km S 66° W of City Of Bogo (Cebu),Ms,TECTONIC
4958,2025-10-02 08:00:15+00:00,10.98,123.93,33,1.5,009 km S 38° W of City Of Bogo (Cebu),Ms,TECTONIC
4959,2025-10-02 07:46:58+00:00,11.07,124.25,6,2.2,029 km N 85° E of City Of Bogo (Cebu),Ms,TECTONIC
4960,2025-10-02 07:39:28+00:00,11.12,124.01,20,1.9,009 km N 21° E of City Of Bogo (Cebu),Ms,TECTONIC
4961,2025-10-02 07:35:33+00:00,11.03,124.06,6,2.9,009 km S 77° E of City Of Bogo (Cebu),Ms,TECTONIC
4962,2025-10-02 07:26:54+00:00,11.01,123.98,32,2.1,004 km S 03° E of City Of Bogo (Cebu),Ms,TECTONIC
4963,2025-10-02 07:24:32+00:00,10.98,123.97,31,1.6,007 km S 06° W of City Of Bogo (Cebu),Ms,TECTONIC
4964,2025-10-02 07:22:04+00:00,11.24,124.12,9,1.9,026 km N 36° E of City Of Bogo (Cebu),Ms,TECTONIC
4965,2025-10-02 07:18:44+00:00,10.96,123.91,30,2.9,012 km S 38° W of City Of Bogo (Cebu),Ms,TECTONIC
4966,2025-10-02 07:16:23+00:00,11.14,124.1,29,1.4,017 km N 53° E of City Of Bogo (Cebu),Ms,TECTONIC
4967,2025-10-02 07:14:39+00:00,10.99,123.88,32,1.7,013 km S 60° W of City Of Bogo (Cebu),Ms,TECTONIC
4968,2025-10-02 07:09:20+00:00,10.85,123.93,6,2.9,022 km S 13° W of City Of Bogo (Cebu),Ms,TECTONIC
4969,2025-10-02 07:06:53+00:00,11.12,124.16,10,1.9,021 km N 68° E of City Of Bogo (Cebu),Ms,TECTONIC
4970,2025-10-02 07:05:43+00:00,11.37,124.09,21,2.2,038 km N 18° E of City Of Bogo (Cebu),Ms,TECTONIC
4971,2025-10-02 06:58:03+00:00,11.17,124.17,9,1.9,025 km N 58° E of City Of Bogo (Cebu),Ms,TECTONIC
4972,2025-10-02 06:55:20+00:00,11.08,123.99,23,2.6,004 km N 15° E of City Of Bogo (Cebu),Ms,TECTONIC
4973,2025-10-02 06:52:20+00:00,11.11,124.15,11,2.0,020 km N 68° E of City Of Bogo (Cebu),Ms,TECTONIC
4974,2025-10-02 06:51:25+00:00,11.0,123.93,1,2.6,008 km S 49° W of City Of Bogo (Cebu),Ms,TECTONIC
4975,2025-10-02 06:45:46+00:00,11.13,124.02,7,2.0,010 km N 24° E of City Of Bogo (Cebu),Ms,TECTONIC
4976,2025-10-02 06:39:15+00:00,13.94,120.55,80,1.3,015 km N 39° W of Calatagan (Batangas),Ms,TECTONIC
4977,2025-10-02 06:34:55+00:00,11.14,124.1,33,1.8,017 km N 53° E of City Of Bogo (Cebu),Ms,TECTONIC
4978,2025-10-02 06:30:02+00:00,11.16,124.1,19,2.1,018 km N 45° E of City Of Bogo (Cebu),Ms,TECTONIC
4979,2025-10-02 06:23:36+00:00,11.12,124.09,6,2.6,015 km N 56° E of City Of Bogo (Cebu),Ms,TECTONIC
4980,2025-10-02 06:14:28+00:00,11.01,124.27,16,2.0,032 km S 83° E of City Of Bogo (Cebu),Ms,TECTONIC
4981,2025-10-02 06:08:08+00:00,8.29,127.0,14,2.4,071 km N 67° E of Lingig (Surigao Del Sur),Ms,TECTONIC
4982,2025-10-02 05:50:33+00:00,10.92,123.88,4,3.3,018 km S 38° W of City Of Bogo (Cebu),Ms,TECTONIC
4983,2025-10-02 05:48:54+00:00,10.88,123.9,6,1.8,021 km S 24° W of City Of Bogo (Cebu),Ms,TECTONIC
4984,2025-10-02 05:44:16+00:00,11.0,123.98,22,1.8,005 km S 03° W of City Of Bogo (Cebu),Ms,TECTONIC
4985,2025-10-02 05:40:49+00:00,10.81,123.94,24,1.8,027 km S 10° W of City Of Bogo (Cebu),Ms,TECTONIC
4986,2025-10-02 05:29:00+00:00,11.03,124.01,42,1.9,004 km S 62° E of City Of Bogo (Cebu),Ms,TECTONIC
4987,2025-10-02 05:26:06+00:00,11.0,124.06,18,2.3,010 km S 58° E of City Of Bogo (Cebu),Ms,TECTONIC
4988,2025-10-02 05:11:17+00:00,10.95,123.91,7,3.0,013 km S 33° W of City Of Bogo (Cebu),Ms,TECTONIC
4989,2025-10-02 05:04:31+00:00,11.22,124.17,7,1.6,029 km N 48° E of City Of Bogo (Cebu),Ms,TECTONIC
4990,2025-10-02 05:03:53+00:00,11.14,124.02,29,1.2,011 km N 24° E of City Of Bogo (Cebu),Ms,TECTONIC
4991,2025-10-02 04:58:28+00:00,11.08,123.94,6,3.5,005 km N 49° W of City Of Bogo (Cebu),Ms,TECTONIC
4992,2025-10-02 04:57:47+00:00,11.14,124.14,32,1.2,020 km N 59° E of City Of Bogo (Cebu),Ms,TECTONIC
4993,2025-10-02 04:54:36+00:00,10.95,123.98,8,3.2,010 km South of City Of Bogo (Cebu),Ms,TECTONIC
4994,2025-10-02 04:49:06+00:00,10.99,124.03,34,1.8,008 km S 44° E of City Of Bogo (Cebu),Ms,TECTONIC
4995,2025-10-02 04:43:06+00:00,10.96,123.92,9,3.7,011 km S 34° W of City Of Bogo (Cebu),Ms,TECTONIC
4996,2025-10-02 04:40:14+00:00,11.04,124.22,24,2.3,026 km S 88° E of City Of Bogo (Cebu),Ms,TECTONIC
4997,2025-10-02 04:35:19+00:00,11.01,124.09,23,3.1,013 km S 70° E of City Of Bogo (Cebu),Ms,TECTONIC
4998,2025-10-02 04:29:53+00:00,11.04,124.09,9,2.1,012 km S 86° E of City Of Bogo (Cebu),Ms,TECTONIC
4999,2025-10-02 04:28:49+00:00,11.18,124.13,11,2.1,022 km N 47° E of City Of Bogo (Cebu),Ms,TECTONIC
5000,2025-10-02 04:22:44+00:00,10.95,123.99,1,2.3,011 km S 08° E of City Of Bogo (Cebu),Ms,TECTONIC
5001,2025-10-02 04:19:09+00:00,10.95,123.84,18,2.4,019 km S 54° W of City Of Bogo (Cebu),Ms,TECTONIC
5002,2025-10-02 04:07:52+00:00,10.95,123.99,3,1.8,011 km S 04° E of City Of Bogo (Cebu),Ms,TECTONIC
5003,2025-10-02 04:01:39+00:00,10.99,123.99,4,2.9,006 km S 08° E of City Of Bogo (Cebu),Ms,TECTONIC
5004,2025-10-02 04:00:09+00:00,11.04,124.03,26,2.6,006 km S 79° E of City Of Bogo (Cebu),Ms,TECTONIC
5005,2025-10-02 03:58:08+00:00,18.72,121.0,3,2.3,015 km N 34° W of Claveria (Cagayan),Ms,TECTONIC
5006,2025-10-02 03:50:48+00:00,10.92,123.95,4,3.4,015 km S 16° W of City Of Bogo (Cebu),Ms,TECTONIC
5007,2025-10-02 03:43:04+00:00,10.99,124.01,34,2.1,006 km S 27° E of City Of Bogo (Cebu),Ms,TECTONIC
5008,2025-10-02 03:34:33+00:00,11.08,124.04,24,1.3,008 km N 61° E of City Of Bogo (Cebu),Ms,TECTONIC
5009,2025-10-02 03:33:17+00:00,11.01,123.89,18,2.6,011 km S 71° W of City Of Bogo (Cebu),Ms,TECTONIC
5010,2025-10-02 03:25:43+00:00,11.0,123.99,29,1.7,006 km S 08° E of City Of Bogo (Cebu),Ms,TECTONIC
5011,2025-10-02 03:23:42+00:00,10.88,123.54,20,2.5,006 km N 51° E of City Of Escalante (Negros Occidental),Ms,TECTONIC
5012,2025-10-02 03:20:58+00:00,11.19,124.2,2,1.3,029 km N 57° E of City Of Bogo (Cebu),Ms,TECTONIC
5013,2025-10-02 03:18:35+00:00,10.02,126.17,16,3.8,010 km S 89° E of Burgos (Surigao Del Norte),Ms,TECTONIC
5014,2025-10-02 03:14:45+00:00,10.91,123.95,7,3.3,015 km S 11° W of City Of Bogo (Cebu),Ms,TECTONIC
5015,2025-10-02 03:11:04+00:00,11.08,124.12,31,2.1,015 km N 77° E of City Of Bogo (Cebu),Ms,TECTONIC
5016,2025-10-02 03:09:56+00:00,11.14,124.2,6,2.0,026 km N 66° E of City Of Bogo (Cebu),Ms,TECTONIC
5017,2025-10-02 03:08:52+00:00,10.98,124.05,26,2.4,011 km S 43° E of City Of Bogo (Cebu),Ms,TECTONIC
5018,2025-10-02 03:05:08+00:00,10.99,123.96,5,2.9,007 km S 22° W of City Of Bogo (Cebu),Ms,TECTONIC
5019,2025-10-02 03:01:07+00:00,11.17,124.12,21,2.6,021 km N 48° E of City Of Bogo (Cebu),Ms,TECTONIC
5020,2025-10-02 02:56:27+00:00,15.07,119.63,32,1.7,047 km S 77° W of Cabangan (Zambales),Ms,TECTONIC
5021,2025-10-02 02:54:12+00:00,11.02,124.24,24,2.1,028 km S 85° E of City Of Bogo (Cebu),Ms,TECTONIC
5022,2025-10-02 02:51:45+00:00,11.0,123.93,18,2.2,007 km S 46° W of City Of Bogo (Cebu),Ms,TECTONIC
5023,2025-10-02 02:48:14+00:00,11.09,124.16,28,1.7,020 km N 76° E of City Of Bogo (Cebu),Ms,TECTONIC
5024,2025-10-02 02:40:08+00:00,11.14,124.03,21,2.2,012 km N 25° E of City Of Bogo (Cebu),Ms,TECTONIC
5025,2025-10-02 02:37:54+00:00,11.07,124.29,26,1.8,035 km N 86° E of City Of Bogo (Cebu),Ms,TECTONIC
5026,2025-10-02 02:31:29+00:00,11.09,123.99,33,1.9,005 km N 17° E of City Of Bogo (Cebu),Ms,TECTONIC
5027,2025-10-02 02:18:51+00:00,11.19,124.05,31,2.4,017 km N 24° E of City Of Bogo (Cebu),Ms,TECTONIC
5028,2025-10-02 02:25:24+00:00,11.14,123.97,10,2.3,010 km N 06° W of City Of Bogo (Cebu),Ms,TECTONIC
5029,2025-10-02 02:20:17+00:00,10.98,123.91,10,2.7,011 km S 45° W of City Of Bogo (Cebu),Ms,TECTONIC
5030,2025-10-02 02:01:25+00:00,11.12,123.86,29,4.5,015 km N 58° W of City Of Bogo (Cebu),Ms,TECTONIC
5031,2025-10-02 02:05:39+00:00,11.05,124.0,13,2.2,002 km N 76° E of City Of Bogo (Cebu),Ms,TECTONIC
5032,2025-10-02 01:59:44+00:00,11.16,123.95,18,1.8,013 km N 16° W of City Of Bogo (Cebu),Ms,TECTONIC
5033,2025-10-02 01:42:46+00:00,13.61,120.57,72,1.8,024 km N 27° E of Paluan (Occidental Mindoro),Ms,TECTONIC
5034,2025-10-02 01:34:48+00:00,10.93,123.89,8,2.5,016 km S 38° W of City Of Bogo (Cebu),Ms,TECTONIC
5035,2025-10-02 01:25:55+00:00,10.91,123.97,32,2.5,016 km S 06° W of City Of Bogo (Cebu),Ms,TECTONIC
5036,2025-10-02 01:31:40+00:00,10.99,123.98,6,4.0,006 km S 03° W of City Of Bogo (Cebu),Ms,TECTONIC
5037,2025-10-02 01:20:52+00:00,11.02,123.89,5,2.9,010 km S 70° W of City Of Bogo (Cebu),Ms,TECTONIC
5038,2025-10-02 01:14:28+00:00,11.01,124.09,25,1.8,013 km S 74° E of City Of Bogo (Cebu),Ms,TECTONIC
5039,2025-10-02 01:12:21+00:00,11.14,124.07,26,2.1,015 km N 43° E of City Of Bogo (Cebu),Ms,TECTONIC
5040,2025-10-02 01:07:11+00:00,11.14,124.0,33,1.7,011 km N 12° E of City Of Bogo (Cebu),Ms,TECTONIC
5041,2025-10-02 01:03:25+00:00,11.19,124.13,2,2.6,023 km N 46° E of City Of Bogo (Cebu),Ms,TECTONIC
5042,2025-10-02 00:54:05+00:00,11.0,124.05,5,3.4,009 km S 58° E of City Of Bogo (Cebu),Ms,TECTONIC
5043,2025-10-02 00:40:18+00:00,10.97,123.93,23,1.3,010 km S 31° W of City Of Bogo (Cebu),Ms,TECTONIC
5044,2025-10-02 00:29:39+00:00,11.22,123.99,13,2.6,019 km N 03° E of City Of Bogo (Cebu),Ms,TECTONIC
5045,2025-10-02 00:27:37+00:00,11.13,124.02,11,2.5,010 km N 24° E of City Of Bogo (Cebu),Ms,TECTONIC
5046,2025-10-02 00:23:00+00:00,11.36,124.37,2,2.2,006 km S 36° E of San Isidro (Leyte),Ms,TECTONIC
5047,2025-10-02 00:14:43+00:00,11.15,124.19,34,1.7,026 km N 63° E of City Of Bogo (Cebu),Ms,TECTONIC
5048,2025-10-02 00:06:44+00:00,11.12,124.17,4,3.4,023 km N 69° E of City Of Bogo (Cebu),Ms,TECTONIC
5049,2025-10-01 23:53:12+00:00,11.1,123.98,19,2.2,006 km N 01° E of City Of Bogo (Cebu),Ms,TECTONIC
5050,2025-10-01 23:52:20+00:00,11.14,123.99,24,1.4,011 km N 08° E of City Of Bogo (Cebu),Ms,TECTONIC
5051,2025-10-01 23:43:34+00:00,11.15,124.09,16,1.6,017 km N 45° E of City Of Bogo (Cebu),Ms,TECTONIC
5052,2025-10-01 23:39:34+00:00,11.05,124.07,3,3.8,009 km N 87° E of City Of Bogo (Cebu),Ms,TECTONIC
5053,2025-10-01 23:35:13+00:00,11.11,124.03,28,2.6,009 km N 35° E of City Of Bogo (Cebu),Ms,TECTONIC
5054,2025-10-01 23:34:01+00:00,13.83,120.54,89,1.8,009 km S 88° W of Calatagan (Batangas),Ms,TECTONIC
5055,2025-10-01 23:31:59+00:00,16.95,119.78,10,3.6,063 km N 11° W of Bolinao (Pangasinan),M,TECTONIC
5056,2025-10-01 23:24:32+00:00,10.89,123.97,2,3.6,018 km S 04° W of City Of Bogo (Cebu),Ms,TECTONIC
5057,2025-10-01 23:20:13+00:00,11.11,124.01,29,2.7,008 km N 22° E of City Of Bogo (Cebu),Ms,TECTONIC
5058,2025-10-01 23:13:23+00:00,10.81,123.9,4,1.9,027 km S 19° W of City Of Bogo (Cebu),Ms,TECTONIC
5059,2025-10-01 23:10:11+00:00,10.93,123.91,10,3.6,014 km S 30° W of City Of Bogo (Cebu),M,TECTONIC
5060,2025-10-01 23:04:52+00:00,11.0,124.04,10,2.3,009 km S 54° E of City Of Bogo (Cebu),Ms,TECTONIC
5061,2025-10-01 22:56:52+00:00,10.92,123.96,10,3.9,014 km S 8° W of City Of Bogo (Cebu),M,TECTONIC
5062,2025-10-01 22:43:58+00:00,11.0,124.07,4,2.8,011 km S 63° E of City Of Bogo (Cebu),Ms,TECTONIC
5063,2025-10-01 22:42:35+00:00,11.11,124.08,9,2.2,013 km N 58° E of City Of Bogo (Cebu),Ms,TECTONIC
5064,2025-10-01 22:33:58+00:00,10.92,123.94,2,2.4,015 km S 18° W of City Of Bogo (Cebu),Ms,TECTONIC
5065,2025-10-01 22:32:14+00:00,11.18,124.04,5,2.2,017 km N 23° E of City Of Bogo (Cebu),Ms,TECTONIC
5066,2025-10-01 22:26:51+00:00,10.9,123.88,2,2.2,020 km S 33° W of City Of Bogo (Cebu),Ms,TECTONIC
5067,2025-10-01 22:14:58+00:00,10.97,124.0,3,2.8,009 km S 12° E of City Of Bogo (Cebu),Ms,TECTONIC
5068,2025-10-01 22:05:46+00:00,10.87,123.9,2,2.8,022 km S 25° W of City Of Bogo (Cebu),Ms,TECTONIC
5069,2025-10-01 22:03:45+00:00,11.28,124.07,30,1.7,028 km N 21° E of City Of Bogo (Cebu),Ms,TECTONIC
5070,2025-10-01 22:03:45+00:00,11.26,124.03,33,1.1,024 km N 12° E of City Of Bogo (Cebu),Ms,TECTONIC
5071,2025-10-01 21:57:09+00:00,10.91,123.9,5,2.9,018 km S 28° W of City Of Bogo (Cebu),Ms,TECTONIC
5072,2025-10-01 21:44:39+00:00,11.21,124.19,7,1.9,029 km N 51° E of City Of Bogo (Cebu),Ms,TECTONIC
5073,2025-10-01 21:42:19+00:00,10.83,123.87,10,3.7,026 km S 26° W of City Of Bogo (Cebu),M,TECTONIC
5074,2025-10-01 21:31:53+00:00,10.92,123.9,2,1.5,016 km S 32° W of City Of Bogo (Cebu),Ms,TECTONIC
5075,2025-10-01 21:26:19+00:00,11.14,124.19,8,2.3,025 km N 66° E of City Of Bogo (Cebu),Ms,TECTONIC
5076,2025-10-01 21:23:15+00:00,10.9,123.88,2,2.6,020 km S 35° W of City Of Bogo (Cebu),Ms,TECTONIC
5077,2025-10-01 21:20:06+00:00,10.9,123.92,2,3.1,018 km S 23° W of City Of Bogo (Cebu),Ms,TECTONIC
5078,2025-10-01 21:12:25+00:00,10.92,123.96,6,2.6,015 km S 08° W of City Of Bogo (Cebu),Ms,TECTONIC
5079,2025-10-01 21:11:37+00:00,11.07,124.16,3,1.6,020 km N 82° E of City Of Bogo (Cebu),Ms,TECTONIC
5080,2025-10-01 21:07:32+00:00,11.16,123.97,10,3.1,012 km N 05° W of City Of Bogo (Cebu),Ms,TECTONIC
5081,2025-10-01 21:03:17+00:00,10.9,123.95,2,2.9,018 km S 14° W of City Of Bogo (Cebu),Ms,TECTONIC
5082,2025-10-01 20:55:01+00:00,10.86,124.02,22,2.4,022 km S 11° E of City Of Bogo (Cebu),Ms,TECTONIC
5083,2025-10-01 20:53:07+00:00,11.02,123.98,22,1.7,003 km S 02° E of City Of Bogo (Cebu),Ms,TECTONIC
5084,2025-10-01 20:47:52+00:00,11.14,124.15,8,2.8,021 km N 60° E of City Of Bogo (Cebu),Ms,TECTONIC
5085,2025-10-01 20:44:27+00:00,10.98,124.08,2,1.8,013 km S 58° E of City Of Bogo (Cebu),Ms,TECTONIC
5086,2025-10-01 20:41:40+00:00,10.9,123.93,10,4.2,017 km S 18° W of City Of Bogo (Cebu),M,TECTONIC
5087,2025-10-01 20:33:03+00:00,10.89,123.94,2,3.5,018 km S 15° W of City Of Bogo (Cebu),Ms,TECTONIC
5088,2025-10-01 20:26:00+00:00,11.06,123.95,31,1.3,003 km N 67° W of City Of Bogo (Cebu),Ms,TECTONIC
5089,2025-10-01 20:23:57+00:00,10.97,123.94,1,2.8,009 km S 27° W of City Of Bogo (Cebu),Ms,TECTONIC
5090,2025-10-01 20:19:55+00:00,11.12,123.94,3,2.1,009 km N 26° W of City Of Bogo (Cebu),Ms,TECTONIC
5091,2025-10-01 20:19:55+00:00,11.04,124.04,4,1.6,006 km S 86° E of City Of Bogo (Cebu),Ms,TECTONIC
5092,2025-10-01 20:16:57+00:00,11.06,124.07,18,2.4,010 km N 79° E of City Of Bogo (Cebu),Ms,TECTONIC
5093,2025-10-01 20:05:38+00:00,11.1,124.13,7,2.4,018 km N 71° E of City Of Bogo (Cebu),Ms,TECTONIC
5094,2025-10-01 20:01:21+00:00,11.12,124.14,10,3.3,019 km N 65° E of City Of Bogo (Cebu),M,TECTONIC
5095,2025-10-01 19:54:33+00:00,10.88,123.94,1,3.0,018 km S 12° W of City Of Bogo (Cebu),Ms,TECTONIC
5096,2025-10-01 19:49:09+00:00,11.11,124.07,5,2.5,012 km N 54° E of City Of Bogo (Cebu),Ms,TECTONIC
5097,2025-10-01 19:48:02+00:00,10.99,124.06,1,2.3,010 km S 54° E of City Of Bogo (Cebu),Ms,TECTONIC
5098,2025-10-01 19:43:45+00:00,11.03,124.0,10,2.9,002 km S 50° E of City Of Bogo (Cebu),Ms,TECTONIC
5099,2025-10-01 19:42:54+00:00,11.1,124.04,13,1.6,009 km N 49° E of City Of Bogo (Cebu),Ms,TECTONIC
5100,2025-10-01 19:39:13+00:00,11.13,123.97,5,2.6,009 km N 03° W of City Of Bogo (Cebu),Ms,TECTONIC
5101,2025-10-01 19:32:19+00:00,11.17,124.18,5,2.0,025 km N 58° E of City Of Bogo (Cebu),Ms,TECTONIC
5102,2025-10-01 19:21:22+00:00,11.18,124.06,32,1.5,017 km N 29° E of City Of Bogo (Cebu),Ms,TECTONIC
5103,2025-10-01 19:17:42+00:00,11.0,124.18,23,2.2,022 km S 76° E of City Of Bogo (Cebu),Ms,TECTONIC
5104,2025-10-01 19:11:16+00:00,11.18,123.99,31,1.5,015 km N 04° E of City Of Bogo (Cebu),Ms,TECTONIC
5105,2025-10-01 19:05:38+00:00,11.13,124.14,5,2.0,020 km N 61° E of City Of Bogo (Cebu),Ms,TECTONIC
5106,2025-10-01 19:03:52+00:00,10.96,124.14,20,1.2,020 km S 61° E of City Of Bogo (Cebu),Ms,TECTONIC
5107,2025-10-01 19:01:53+00:00,11.23,124.09,29,1.5,023 km N 30° E of City Of Bogo (Cebu),Ms,TECTONIC
5108,2025-10-01 18:59:00+00:00,11.17,124.16,7,4.0,024 km N 55° E of City Of Bogo (Cebu),Ms,TECTONIC
5109,2025-10-01 18:45:44+00:00,10.92,123.95,10,3.0,014 km S 13° W of City Of Bogo (Cebu),M,TECTONIC
5110,2025-10-01 18:42:55+00:00,11.1,123.96,2,2.3,006 km N 16° W of City Of Bogo (Cebu),Ms,TECTONIC
5111,2025-10-01 18:28:56+00:00,11.18,123.9,20,1.9,017 km N 30° W of City Of Bogo (Cebu),Ms,TECTONIC
5112,2025-10-01 18:27:27+00:00,11.14,124.2,4,2.1,026 km N 67° E of City Of Bogo (Cebu),Ms,TECTONIC
5113,2025-10-01 18:24:01+00:00,11.12,123.94,24,1.8,009 km N 29° W of City Of Bogo (Cebu),Ms,TECTONIC
5114,2025-10-01 18:18:11+00:00,11.06,123.97,7,1.9,002 km N 22° W of City Of Bogo (Cebu),Ms,TECTONIC
5115,2025-10-01 18:07:11+00:00,11.03,123.96,3,2.1,003 km S 45° W of City Of Bogo (Cebu),Ms,TECTONIC
5116,2025-10-01 18:04:23+00:00,10.99,123.93,21,2.0,008 km S 45° W of City Of Bogo (Cebu),Ms,TECTONIC
5117,2025-10-01 18:03:45+00:00,11.13,124.14,4,1.4,020 km N 63° E of City Of Bogo (Cebu),Ms,TECTONIC
5118,2025-10-01 18:01:52+00:00,11.16,124.14,3,2.6,022 km N 53° E of City Of Bogo (Cebu),Ms,TECTONIC
5119,2025-10-01 17:59:10+00:00,11.12,124.19,5,2.9,024 km N 71° E of City Of Bogo (Cebu),Ms,TECTONIC
5120,2025-10-01 17:49:02+00:00,11.17,124.01,29,1.1,014 km N 14° E of City Of Bogo (Cebu),Ms,TECTONIC
5121,2025-10-01 17:45:14+00:00,11.07,124.15,29,2.3,019 km N 81° E of City Of Bogo (Cebu),Ms,TECTONIC
5122,2025-10-01 17:36:17+00:00,11.44,123.37,74,1.7,024 km S 85° E of Estancia (Iloilo),Ms,TECTONIC
5123,2025-10-01 17:35:24+00:00,11.01,123.99,12,1.6,004 km S 10° E of City Of Bogo (Cebu),Ms,TECTONIC
5124,2025-10-01 17:23:29+00:00,10.9,123.92,6,2.9,017 km S 22° W of City Of Bogo (Cebu),Ms,TECTONIC
5125,2025-10-01 17:29:41+00:00,11.13,124.11,3,2.0,017 km N 59° E of City Of Bogo (Cebu),Ms,TECTONIC
5126,2025-10-01 17:28:10+00:00,10.89,123.93,4,2.4,018 km S 19° W of City Of Bogo (Cebu),Ms,TECTONIC
5127,2025-10-01 17:18:19+00:00,10.99,123.95,4,2.3,007 km S 31° W of City Of Bogo (Cebu),Ms,TECTONIC
5128,2025-10-01 17:11:55+00:00,10.97,124.04,22,1.7,011 km S 34° E of City Of Bogo (Cebu),Ms,TECTONIC
5129,2025-10-01 17:05:41+00:00,10.89,123.92,5,2.5,019 km S 21° W of City Of Bogo (Cebu),Ms,TECTONIC
5130,2025-10-01 17:01:54+00:00,10.91,123.9,1,2.4,017 km S 30° W of City Of Bogo (Cebu),Ms,TECTONIC
5131,2025-10-01 16:52:20+00:00,14.12,120.47,114,2.7,018 km N 74° W of Nasugbu (Batangas),Ms,TECTONIC
5132,2025-10-01 16:51:16+00:00,11.12,124.09,1,2.5,014 km N 56° E of City Of Bogo (Cebu),Ms,TECTONIC
5133,2025-10-01 16:50:46+00:00,11.02,123.98,4,1.6,003 km S 07° E of City Of Bogo (Cebu),Ms,TECTONIC
5134,2025-10-01 16:43:07+00:00,10.91,123.97,7,3.6,015 km S 05° W of City Of Bogo (Cebu),Ms,TECTONIC
5135,2025-10-01 16:42:15+00:00,11.09,124.05,11,1.5,009 km N 57° E of City Of Bogo (Cebu),Ms,TECTONIC
5136,2025-10-01 16:38:44+00:00,11.04,124.01,2,2.7,004 km S 70° E of City Of Bogo (Cebu),Ms,TECTONIC
5137,2025-10-01 16:37:56+00:00,11.17,124.1,24,1.9,019 km N 43° E of City Of Bogo (Cebu),Ms,TECTONIC
5138,2025-10-01 16:34:01+00:00,11.0,124.02,5,4.0,006 km S 40° E of City Of Bogo (Cebu),Ms,TECTONIC
5139,2025-10-01 16:21:51+00:00,10.92,123.91,1,2.0,016 km S 28° W of City Of Bogo (Cebu),Ms,TECTONIC
5140,2025-10-01 16:24:51+00:00,10.88,124.02,32,1.5,019 km S 14° E of City Of Bogo (Cebu),Ms,TECTONIC
5141,2025-10-01 16:22:56+00:00,11.13,124.17,4,2.4,023 km N 66° E of City Of Bogo (Cebu),Ms,TECTONIC
5142,2025-10-01 16:18:33+00:00,11.11,124.16,5,3.9,021 km N 71° E of City Of Bogo (Cebu),Ms,TECTONIC
5143,2025-10-01 16:16:42+00:00,11.18,124.03,22,1.6,015 km N 21° E of City Of Bogo (Cebu),Ms,TECTONIC
5144,2025-10-01 16:15:34+00:00,10.88,123.95,1,2.7,019 km S 09° W of City Of Bogo (Cebu),Ms,TECTONIC
5145,2025-10-01 16:13:05+00:00,11.14,124.13,11,2.2,019 km N 60° E of City Of Bogo (Cebu),Ms,TECTONIC
5146,2025-10-01 16:13:05+00:00,11.14,124.13,11,2.2,019 km N 60° E of City Of Bogo (Cebu),Ms,TECTONIC
5147,2025-10-01 16:08:27+00:00,11.07,123.96,4,2.1,003 km N 39° W of City Of Bogo (Cebu),Ms,TECTONIC
5148,2025-10-01 16:07:22+00:00,11.03,123.91,10,1.4,008 km S 79° W of City Of Bogo (Cebu),Ms,TECTONIC
5149,2025-10-01 16:01:27+00:00,13.17,122.17,15,2.3,019 km S 28° E of Torrijos (Marinduque),Ms,TECTONIC
5150,2025-10-01 15:59:08+00:00,10.91,123.97,6,1.9,015 km S 03° W of City Of Bogo (Cebu),Ms,TECTONIC
5151,2025-10-01 15:50:46+00:00,18.75,119.65,12,3.1,109 km N 76° W of Burgos (Ilocos Norte),Ms,TECTONIC
5152,2025-10-01 15:50:12+00:00,11.2,124.25,21,2.0,034 km N 61° E of City Of Bogo (Cebu),Ms,TECTONIC
5153,2025-10-01 15:48:49+00:00,11.12,124.18,11,2.3,024 km N 69° E of City Of Bogo (Cebu),Ms,TECTONIC
5154,2025-10-01 15:47:17+00:00,11.19,124.16,25,2.1,025 km N 52° E of City Of Bogo (Cebu),Ms,TECTONIC
5155,2025-10-01 15:43:51+00:00,11.16,123.93,2,3.7,014 km N 26° W of City Of Bogo (Cebu),Ms,TECTONIC
5156,2025-10-01 15:40:59+00:00,11.1,123.95,5,3.6,007 km N 29° W of City Of Bogo (Cebu),Ms,TECTONIC
5157,2025-10-01 15:40:59+00:00,11.23,124.24,27,1.6,035 km N 55° E of City Of Bogo (Cebu),Ms,TECTONIC
5158,2025-10-01 15:30:29+00:00,10.89,123.98,34,2.4,017 km S 01° W of City Of Bogo (Cebu),Ms,TECTONIC
5159,2025-10-01 15:25:26+00:00,11.09,124.01,7,2.4,006 km N 41° E of City Of Bogo (Cebu),Ms,TECTONIC
5160,2025-10-01 15:19:20+00:00,10.88,123.94,3,2.7,019 km S 12° W of City Of Bogo (Cebu),Ms,TECTONIC
5161,2025-10-01 15:16:58+00:00,10.95,123.99,1,3.3,011 km S 07° E of City Of Bogo (Cebu),Ms,TECTONIC
5162,2025-10-01 15:12:51+00:00,11.17,124.19,4,1.7,026 km N 59° E of City Of Bogo (Cebu),Ms,TECTONIC
5163,2025-10-01 15:11:55+00:00,11.15,124.15,3,2.6,021 km N 59° E of City Of Bogo (Cebu),Ms,TECTONIC
5164,2025-10-01 15:08:12+00:00,11.15,124.15,4,2.7,022 km N 59° E of City Of Bogo (Cebu),Ms,TECTONIC
5165,2025-10-01 15:04:51+00:00,10.91,123.98,25,2.0,015 km S 02° W of City Of Bogo (Cebu),Ms,TECTONIC
5166,2025-10-01 15:03:56+00:00,11.14,124.21,3,1.8,028 km N 67° E of City Of Bogo (Cebu),Ms,TECTONIC
5167,2025-10-01 14:56:51+00:00,11.14,124.14,10,4.2,020 km N 59° E of City Of Bogo (Cebu),M,TECTONIC
5168,2025-10-01 14:49:38+00:00,11.25,123.99,33,3.0,022 km N 03° E of City Of Bogo (Cebu),Ms,TECTONIC
5169,2025-10-01 14:46:57+00:00,11.15,124.17,7,5.0,023 km N 62° E of City Of Bogo (Cebu),Mw,TECTONIC
5170,2025-10-01 14:37:52+00:00,11.04,124.15,2,2.0,018 km S 87° E of City Of Bogo (Cebu),Ms,TECTONIC
5171,2025-10-01 14:37:54+00:00,11.14,124.08,8,1.4,015 km N 49° E of City Of Bogo (Cebu),Ms,TECTONIC
5172,2025-10-01 14:36:19+00:00,13.64,120.7,141,2.2,019 km S 82° W of Tingloy (Batangas),Ms,TECTONIC
5173,2025-10-01 14:32:08+00:00,11.1,124.01,12,2.2,007 km N 31° E of City Of Bogo (Cebu),Ms,TECTONIC
5174,2025-10-01 14:31:54+00:00,18.23,120.27,18,2.4,033 km N 46° W of Currimao (Ilocos Norte),Ms,TECTONIC
5175,2025-10-01 14:27:44+00:00,11.1,123.96,7,4.4,006 km N 24° W of City Of Bogo (Cebu),Mw,TECTONIC
5176,2025-10-01 14:20:37+00:00,11.12,123.98,12,1.8,008 km N 01° E of City Of Bogo (Cebu),Ms,TECTONIC
5177,2025-10-01 14:10:54+00:00,11.0,124.03,19,2.2,007 km S 43° E of City Of Bogo (Cebu),Ms,TECTONIC
5178,2025-10-01 14:11:56+00:00,11.14,123.97,9,2.2,010 km N 07° W of City Of Bogo (Cebu),Ms,TECTONIC
5179,2025-10-01 14:13:20+00:00,11.03,124.05,2,3.5,008 km S 74° E of City Of Bogo (Cebu),Ms,TECTONIC
5180,2025-10-01 14:09:25+00:00,11.18,124.16,17,1.4,024 km N 53° E of City Of Bogo (Cebu),Ms,TECTONIC
5181,2025-10-01 14:05:49+00:00,10.98,123.98,2,2.5,007 km S 03° W of City Of Bogo (Cebu),Ms,TECTONIC
5182,2025-10-01 14:03:40+00:00,11.19,124.06,18,1.6,018 km N 29° E of City Of Bogo (Cebu),Ms,TECTONIC
5183,2025-10-01 14:01:02+00:00,10.98,123.95,26,1.5,008 km S 20° W of City Of Bogo (Cebu),Ms,TECTONIC
5184,2025-10-01 13:54:01+00:00,11.26,124.05,9,1.6,025 km N 19° E of City Of Bogo (Cebu),Ms,TECTONIC
5185,2025-10-01 13:48:27+00:00,10.88,124.08,20,1.3,021 km S 32° E of City Of Bogo (Cebu),Ms,TECTONIC
5186,2025-10-01 13:51:07+00:00,11.13,124.0,24,1.3,010 km N 16° E of City Of Bogo (Cebu),Ms,TECTONIC
5187,2025-10-01 13:46:39+00:00,11.04,124.07,3,2.7,010 km S 83° E of City Of Bogo (Cebu),Ms,TECTONIC
5188,2025-10-01 13:39:34+00:00,11.08,124.03,33,1.7,007 km N 58° E of City Of Bogo (Cebu),Ms,TECTONIC
5189,2025-10-01 13:40:57+00:00,11.02,124.02,2,2.2,005 km S 55° E of City Of Bogo (Cebu),Ms,TECTONIC
5190,2025-10-01 13:38:34+00:00,10.93,123.89,5,2.9,016 km S 40° W of City Of Bogo (Cebu),Ms,TECTONIC
5191,2025-10-01 13:36:20+00:00,10.88,123.93,8,2.1,020 km S 16° W of City Of Bogo (Cebu),Ms,TECTONIC
5192,2025-10-01 13:32:57+00:00,10.98,124.04,7,3.3,010 km S 40° E of City Of Bogo (Cebu),Ms,TECTONIC
5193,2025-10-01 13:32:23+00:00,11.09,123.9,20,2.2,010 km N 63° W of City Of Bogo (Cebu),Ms,TECTONIC
5194,2025-10-01 13:21:41+00:00,11.05,124.02,34,1.7,005 km N 82° E of City Of Bogo (Cebu),Ms,TECTONIC
5195,2025-10-01 13:27:29+00:00,10.9,123.97,10,3.5,016 km S 3° W of City Of Bogo (Cebu),M,TECTONIC
5196,2025-10-01 13:16:39+00:00,11.23,124.24,3,2.3,035 km N 54° E of City Of Bogo (Cebu),Ms,TECTONIC
5197,2025-10-01 13:11:34+00:00,11.13,124.11,2,2.2,017 km N 57° E of City Of Bogo (Cebu),Ms,TECTONIC
5198,2025-10-01 13:14:17+00:00,11.38,124.13,32,1.4,020 km N 45° E of Daanbantayan (Cebu),Ms,TECTONIC
5199,2025-10-01 13:09:27+00:00,11.41,124.17,62,2.0,019 km N 89° W of San Isidro (Leyte),Ms,TECTONIC
5200,2025-10-01 12:53:56+00:00,10.95,123.97,5,2.1,011 km S 06° W of City Of Bogo (Cebu),Ms,TECTONIC
5201,2025-10-01 13:03:05+00:00,10.82,123.94,10,4.9,025 km S 9° W of City Of Bogo (Cebu),M,TECTONIC
5202,2025-10-01 12:47:38+00:00,10.63,124.0,10,3.6,046 km S 2° E of City Of Bogo (Cebu),M,TECTONIC
5203,2025-10-01 12:46:24+00:00,10.93,123.99,2,1.5,013 km S 07° E of City Of Bogo (Cebu),Ms,TECTONIC
5204,2025-10-01 12:42:34+00:00,11.2,124.07,33,2.2,020 km N 29° E of City Of Bogo (Cebu),Ms,TECTONIC
5205,2025-10-01 12:39:45+00:00,10.99,123.98,4,2.3,007 km S 04° W of City Of Bogo (Cebu),Ms,TECTONIC
5206,2025-10-01 12:35:56+00:00,10.98,124.02,25,2.4,008 km S 30° E of City Of Bogo (Cebu),Ms,TECTONIC
5207,2025-10-01 12:22:42+00:00,11.16,124.07,34,2.3,016 km N 37° E of City Of Bogo (Cebu),Ms,TECTONIC
5208,2025-10-01 12:19:41+00:00,11.03,123.92,47,1.8,006 km S 78° W of City Of Bogo (Cebu),Ms,TECTONIC
5209,2025-10-01 12:16:07+00:00,10.95,123.9,3,2.8,014 km S 37° W of City Of Bogo (Cebu),Ms,TECTONIC
5210,2025-10-01 12:11:37+00:00,11.01,124.06,4,2.8,009 km S 65° E of City Of Bogo (Cebu),Ms,TECTONIC
5211,2025-10-01 12:07:09+00:00,11.19,124.16,21,2.6,025 km N 51° E of City Of Bogo (Cebu),Ms,TECTONIC
5212,2025-10-01 12:06:28+00:00,10.97,124.05,1,1.4,012 km S 43° E of City Of Bogo (Cebu),Ms,TECTONIC
5213,2025-10-01 12:01:03+00:00,11.02,124.0,2,2.9,003 km S 34° E of City Of Bogo (Cebu),Ms,TECTONIC
5214,2025-10-01 11:58:09+00:00,10.9,124.07,28,2.6,018 km S 32° E of City Of Bogo (Cebu),Ms,TECTONIC
5215,2025-10-01 11:55:29+00:00,11.07,123.96,2,1.8,003 km N 37° W of City Of Bogo (Cebu),Ms,TECTONIC
5216,2025-10-01 11:53:38+00:00,10.85,123.92,1,2.2,023 km S 15° W of City Of Bogo (Cebu),Ms,TECTONIC
5217,2025-10-01 11:47:21+00:00,11.22,124.23,9,1.5,033 km N 56° E of City Of Bogo (Cebu),Ms,TECTONIC
5218,2025-10-01 11:40:46+00:00,10.9,123.91,1,2.6,018 km S 24° W of City Of Bogo (Cebu),Ms,TECTONIC
5219,2025-10-01 11:36:52+00:00,11.04,123.9,60,2.3,009 km S 82° W of City Of Bogo (Cebu),Ms,TECTONIC
5220,2025-10-01 11:32:14+00:00,11.07,124.08,11,2.4,011 km N 74° E of City Of Bogo (Cebu),Ms,TECTONIC
5221,2025-10-01 11:30:20+00:00,11.15,124.25,33,1.0,032 km N 69° E of City Of Bogo (Cebu),Ms,TECTONIC
5222,2025-10-01 11:28:42+00:00,11.14,123.96,47,2.7,011 km N 13° W of City Of Bogo (Cebu),Ms,TECTONIC
5223,2025-10-01 11:22:36+00:00,11.14,124.03,31,2.2,012 km N 26° E of City Of Bogo (Cebu),Ms,TECTONIC
5224,2025-10-01 11:18:38+00:00,11.07,124.0,24,1.4,004 km N 47° E of City Of Bogo (Cebu),Ms,TECTONIC
5225,2025-10-01 11:16:26+00:00,18.44,120.91,7,2.5,002 km S 18° E of Adams (Ilocos Norte),Ms,TECTONIC
5226,2025-10-01 11:12:31+00:00,11.02,124.02,10,3.9,005 km S 57° E of City Of Bogo (Cebu),M,TECTONIC
5227,2025-10-01 10:59:14+00:00,10.85,123.91,4,2.1,023 km S 19° W of City Of Bogo (Cebu),Ms,TECTONIC
5228,2025-10-01 10:47:45+00:00,10.93,124.0,6,3.5,013 km S 12° E of City Of Bogo (Cebu),Ms,TECTONIC
5229,2025-10-01 10:43:15+00:00,11.08,124.09,2,3.2,013 km N 75° E of City Of Bogo (Cebu),Ms,TECTONIC
5230,2025-10-01 10:42:22+00:00,11.14,124.21,5,2.1,027 km N 69° E of City Of Bogo (Cebu),Ms,TECTONIC
5231,2025-10-01 10:39:25+00:00,11.13,124.2,2,2.1,026 km N 68° E of City Of Bogo (Cebu),Ms,TECTONIC
5232,2025-10-01 10:38:34+00:00,10.95,123.9,1,2.2,014 km S 37° W of City Of Bogo (Cebu),Ms,TECTONIC
5233,2025-10-01 10:36:11+00:00,11.26,123.99,31,1.1,024 km N 02° E of City Of Bogo (Cebu),Ms,TECTONIC
5234,2025-10-01 10:34:55+00:00,11.35,124.12,33,2.0,037 km N 25° E of City Of Bogo (Cebu),Ms,TECTONIC
5235,2025-10-01 10:23:10+00:00,10.92,123.98,4,2.8,014 km S 05° W of City Of Bogo (Cebu),Ms,TECTONIC
5236,2025-10-01 10:21:03+00:00,11.05,124.08,8,2.1,011 km N 87° E of City Of Bogo (Cebu),Ms,TECTONIC
5237,2025-10-01 10:12:04+00:00,10.96,123.99,1,2.5,010 km S 08° E of City Of Bogo (Cebu),Ms,TECTONIC
5238,2025-10-01 10:04:10+00:00,11.02,123.93,6,3.5,006 km S 60° W of City Of Bogo (Cebu),Ms,TECTONIC
5239,2025-10-01 09:54:09+00:00,11.11,123.95,10,3.8,007 km N 24° W of City Of Bogo (Cebu),M,TECTONIC
5240,2025-10-01 09:37:38+00:00,11.05,124.01,12,3.0,003 km N 79° E of City Of Bogo (Cebu),Ms,TECTONIC
5241,2025-10-01 09:35:51+00:00,10.86,123.97,18,3.0,021 km S 04° W of City Of Bogo (Cebu),Ms,TECTONIC
5242,2025-10-01 09:34:54+00:00,10.98,123.97,3,2.0,007 km S 07° W of City Of Bogo (Cebu),Ms,TECTONIC
5243,2025-10-01 09:31:31+00:00,11.14,124.38,33,1.3,008 km S 17° W of Villaba (Leyte),Ms,TECTONIC
5244,2025-10-01 09:25:20+00:00,11.19,124.18,6,2.3,027 km N 55° E of City Of Bogo (Cebu),Ms,TECTONIC
5245,2025-10-01 09:15:49+00:00,10.95,123.92,2,4.0,013 km S 29° W of City Of Bogo (Cebu),Ms,TECTONIC
5246,2025-10-01 09:03:30+00:00,10.96,123.97,2,2.5,010 km S 07° W of City Of Bogo (Cebu),Ms,TECTONIC
5247,2025-10-01 09:02:40+00:00,11.11,123.98,36,1.1,008 km N 02° W of City Of Bogo (Cebu),Ms,TECTONIC
5248,2025-10-01 09:01:43+00:00,10.95,123.92,6,2.7,013 km S 31° W of City Of Bogo (Cebu),Ms,TECTONIC
5249,2025-10-01 09:00:20+00:00,11.11,124.09,7,2.6,014 km N 59° E of City Of Bogo (Cebu),Ms,TECTONIC
5250,2025-10-01 08:58:24+00:00,11.01,124.0,32,1.7,005 km S 33° E of City Of Bogo (Cebu),Ms,TECTONIC
5251,2025-10-01 08:59:07+00:00,11.14,124.12,6,2.3,018 km N 56° E of City Of Bogo (Cebu),Ms,TECTONIC
5252,2025-10-01 08:56:59+00:00,11.16,124.14,7,3.0,021 km N 56° E of City Of Bogo (Cebu),Ms,TECTONIC
5253,2025-10-01 08:51:35+00:00,10.39,123.34,12,3.6,006 km N 15° E of Vallehermoso (Negros Oriental),Ms,TECTONIC
5254,2025-10-01 08:48:53+00:00,11.07,123.96,2,3.9,003 km N 47° W of City Of Bogo (Cebu),Ms,TECTONIC
5255,2025-10-01 08:43:16+00:00,11.1,124.09,5,4.1,013 km N 64° E of City Of Bogo (Cebu),Ms,TECTONIC
5256,2025-10-01 08:42:05+00:00,10.94,123.98,5,1.5,012 km S 02° E of City Of Bogo (Cebu),Ms,TECTONIC
5257,2025-10-01 08:32:14+00:00,13.75,120.57,122,1.7,011 km S 34° W of Calatagan (Batangas),Ms,TECTONIC
5258,2025-10-01 08:31:44+00:00,11.08,124.1,5,4.0,014 km N 74° E of City Of Bogo (Cebu),Ms,TECTONIC
5259,2025-10-01 08:15:53+00:00,11.02,123.96,5,3.5,003 km S 39° W of City Of Bogo (Cebu),Ms,TECTONIC
5260,2025-10-01 08:13:56+00:00,11.22,124.07,35,1.7,021 km N 29° E of City Of Bogo (Cebu),Ms,TECTONIC
5261,2025-10-01 08:12:59+00:00,11.13,124.0,14,1.3,010 km N 13° E of City Of Bogo (Cebu),Ms,TECTONIC
5262,2025-10-01 08:11:35+00:00,11.14,124.15,3,1.5,022 km N 61° E of City Of Bogo (Cebu),Ms,TECTONIC
5263,2025-10-01 08:05:00+00:00,11.16,124.18,7,2.9,025 km N 60° E of City Of Bogo (Cebu),Ms,TECTONIC
5264,2025-10-01 08:03:46+00:00,11.0,123.99,2,3.3,005 km S 13° E of City Of Bogo (Cebu),Ms,TECTONIC
5265,2025-10-01 08:00:50+00:00,11.13,124.26,30,1.4,032 km N 73° E of City Of Bogo (Cebu),Ms,TECTONIC
5266,2025-10-01 07:57:44+00:00,11.11,124.11,9,2.6,015 km N 64° E of City Of Bogo (Cebu),Ms,TECTONIC
5267,2025-10-01 07:47:23+00:00,11.0,123.93,26,1.6,007 km S 48° W of City Of Bogo (Cebu),Ms,TECTONIC
5268,2025-10-01 07:45:46+00:00,11.17,124.16,12,1.7,024 km N 55° E of City Of Bogo (Cebu),Ms,TECTONIC
5269,2025-10-01 07:48:59+00:00,10.99,123.97,2,4.5,006 km S 08° W of City Of Bogo (Cebu),Ms,TECTONIC
5270,2025-10-01 07:30:48+00:00,11.11,124.11,28,3.1,015 km N 65° E of City Of Bogo (Cebu),Ms,TECTONIC
5271,2025-10-01 07:43:31+00:00,11.17,123.99,27,1.3,014 km N 06° E of City Of Bogo (Cebu),Ms,TECTONIC
5272,2025-10-01 07:42:41+00:00,11.12,123.98,27,1.6,008 km N 02° W of City Of Bogo (Cebu),Ms,TECTONIC
5273,2025-10-01 07:35:00+00:00,10.93,123.96,2,1.7,013 km S 10° W of City Of Bogo (Cebu),Ms,TECTONIC
5274,2025-10-01 07:28:38+00:00,11.18,123.92,30,1.9,016 km N 22° W of City Of Bogo (Cebu),Ms,TECTONIC
5275,2025-10-01 07:33:23+00:00,11.19,123.99,27,1.8,016 km N 05° E of City Of Bogo (Cebu),Ms,TECTONIC
5276,2025-10-01 07:25:37+00:00,10.96,123.99,31,1.1,010 km S 06° E of City Of Bogo (Cebu),Ms,TECTONIC
5277,2025-10-01 07:24:43+00:00,11.14,124.1,34,1.4,017 km N 51° E of City Of Bogo (Cebu),Ms,TECTONIC
5278,2025-10-01 07:22:44+00:00,11.12,124.06,34,1.5,012 km N 48° E of City Of Bogo (Cebu),Ms,TECTONIC
5279,2025-10-01 07:21:50+00:00,11.05,123.96,9,1.5,002 km N 72° W of City Of Bogo (Cebu),Ms,TECTONIC
5280,2025-10-01 07:16:22+00:00,11.14,124.16,23,2.2,022 km N 61° E of City Of Bogo (Cebu),Ms,TECTONIC
5281,2025-10-01 07:15:31+00:00,11.08,124.23,32,1.4,028 km N 82° E of City Of Bogo (Cebu),Ms,TECTONIC
5282,2025-10-01 07:10:29+00:00,11.03,123.97,4,4.1,002 km S 45° W of City Of Bogo (Cebu),Ms,TECTONIC
5283,2025-10-01 07:09:15+00:00,11.06,123.96,1,2.4,003 km N 51° W of City Of Bogo (Cebu),Ms,TECTONIC
5284,2025-10-01 07:05:53+00:00,11.01,124.01,3,2.5,005 km S 44° E of City Of Bogo (Cebu),Ms,TECTONIC
5285,2025-10-01 07:03:25+00:00,11.02,124.02,6,1.4,006 km S 53° E of City Of Bogo (Cebu),Ms,TECTONIC
5286,2025-10-01 06:59:01+00:00,11.09,124.2,27,2.1,025 km N 79° E of City Of Bogo (Cebu),Ms,TECTONIC
5287,2025-10-01 06:56:41+00:00,10.93,123.94,4,3.2,013 km S 19° W of City Of Bogo (Cebu),Ms,TECTONIC
5288,2025-10-01 06:51:57+00:00,11.14,124.16,6,3.2,023 km N 62° E of City Of Bogo (Cebu),Ms,TECTONIC
5289,2025-10-01 06:50:21+00:00,10.89,123.89,6,3.5,020 km S 29° W of City Of Bogo (Cebu),Ms,TECTONIC
5290,2025-10-01 06:38:13+00:00,11.12,124.06,14,1.5,012 km N 47° E of City Of Bogo (Cebu),Ms,TECTONIC
5291,2025-10-01 06:35:38+00:00,11.08,124.0,30,1.6,005 km N 35° E of City Of Bogo (Cebu),Ms,TECTONIC
5292,2025-10-01 06:32:31+00:00,10.97,123.95,4,2.4,009 km S 18° W of City Of Bogo (Cebu),Ms,TECTONIC
5293,2025-10-01 06:30:04+00:00,11.22,124.15,32,2.5,027 km N 43° E of City Of Bogo (Cebu),Ms,TECTONIC
5294,2025-10-01 06:27:48+00:00,11.11,123.93,4,2.0,009 km N 35° W of City Of Bogo (Cebu),Ms,TECTONIC
5295,2025-10-01 06:24:19+00:00,10.89,123.85,9,2.2,022 km S 38° W of City Of Bogo (Cebu),Ms,TECTONIC
5296,2025-10-01 06:18:10+00:00,11.01,123.97,2,3.0,004 km S 21° W of City Of Bogo (Cebu),Ms,TECTONIC
5297,2025-10-01 06:14:38+00:00,11.17,124.01,20,1.6,014 km N 15° E of City Of Bogo (Cebu),Ms,TECTONIC
5298,2025-10-01 06:10:42+00:00,11.11,123.96,7,3.7,008 km N 14° W of City Of Bogo (Cebu),Ms,TECTONIC
5299,2025-10-01 06:06:26+00:00,10.92,123.88,2,3.2,018 km S 39° W of City Of Bogo (Cebu),Ms,TECTONIC
5300,2025-10-01 06:02:11+00:00,17.57,122.28,55,3.5,021 km N 13° E of Maconacon (Isabela),Ms,TECTONIC
5301,2025-10-01 06:01:52+00:00,11.13,124.12,4,2.4,018 km N 59° E of City Of Bogo (Cebu),Ms,TECTONIC
5302,2025-10-01 05:59:03+00:00,11.18,124.01,14,2.7,016 km N 14° E of City Of Bogo (Cebu),Ms,TECTONIC
5303,2025-10-01 05:56:33+00:00,10.34,126.74,13,3.3,081 km N 64° E of Burgos (Surigao Del Norte),Ms,TECTONIC
5304,2025-10-01 05:54:20+00:00,11.21,124.17,33,1.5,028 km N 48° E of City Of Bogo (Cebu),Ms,TECTONIC
5305,2025-10-01 05:52:29+00:00,10.98,124.04,33,1.6,010 km S 45° E of City Of Bogo (Cebu),Ms,TECTONIC
5306,2025-10-01 05:41:44+00:00,11.16,124.11,16,2.3,019 km N 49° E of City Of Bogo (Cebu),Ms,TECTONIC
5307,2025-10-01 05:36:23+00:00,10.99,123.99,2,2.4,006 km S 09° E of City Of Bogo (Cebu),Ms,TECTONIC
5308,2025-10-01 05:34:10+00:00,11.1,124.03,19,1.8,008 km N 44° E of City Of Bogo (Cebu),Ms,TECTONIC
5309,2025-10-01 05:30:42+00:00,11.18,124.15,5,2.7,025 km N 51° E of City Of Bogo (Cebu),Ms,TECTONIC
5310,2025-10-01 05:25:57+00:00,11.0,123.95,4,2.7,006 km S 26° W of City Of Bogo (Cebu),Ms,TECTONIC
5311,2025-10-01 05:22:28+00:00,11.13,123.93,5,2.6,010 km N 34° W of City Of Bogo (Cebu),Ms,TECTONIC
5312,2025-10-01 05:17:31+00:00,11.17,124.07,33,1.3,017 km N 36° E of City Of Bogo (Cebu),Ms,TECTONIC
5313,2025-10-01 05:14:05+00:00,11.02,124.03,8,2.5,006 km S 57° E of City Of Bogo (Cebu),Ms,TECTONIC
5314,2025-10-01 05:10:36+00:00,11.18,124.16,4,3.0,025 km N 54° E of City Of Bogo (Cebu),Ms,TECTONIC
5315,2025-10-01 05:06:24+00:00,11.06,123.99,10,1.6,002 km N 24° E of City Of Bogo (Cebu),Ms,TECTONIC
5316,2025-10-01 05:04:54+00:00,10.05,126.3,33,2.2,025 km N 82° E of Burgos (Surigao Del Norte),Ms,TECTONIC
5317,2025-10-01 04:54:38+00:00,11.16,124.19,5,2.9,027 km N 61° E of City Of Bogo (Cebu),Ms,TECTONIC
5318,2025-10-01 04:42:09+00:00,11.09,123.94,10,4.3,006 km N 41° W of City Of Bogo (Cebu),M,TECTONIC
5319,2025-10-01 04:30:14+00:00,11.09,124.02,11,2.1,006 km N 39° E of City Of Bogo (Cebu),Ms,TECTONIC
5320,2025-10-01 04:29:15+00:00,11.06,124.05,10,1.9,008 km N 79° E of City Of Bogo (Cebu),Ms,TECTONIC
5321,2025-10-01 04:24:00+00:00,10.95,124.05,5,1.6,013 km S 37° E of City Of Bogo (Cebu),Ms,TECTONIC
5322,2025-10-01 04:27:23+00:00,11.11,124.01,18,2.6,008 km N 24° E of City Of Bogo (Cebu),Ms,TECTONIC
5323,2025-10-01 04:23:12+00:00,11.07,123.94,17,1.4,005 km N 58° W of City Of Bogo (Cebu),Ms,TECTONIC
5324,2025-10-01 04:21:27+00:00,11.12,124.05,19,1.8,011 km N 45° E of City Of Bogo (Cebu),Ms,TECTONIC
5325,2025-10-01 04:21:08+00:00,10.99,123.94,32,1.4,008 km S 35° W of City Of Bogo (Cebu),Ms,TECTONIC
5326,2025-10-01 04:20:36+00:00,11.05,123.95,27,1.3,004 km N 78° W of City Of Bogo (Cebu),Ms,TECTONIC
5327,2025-10-01 04:19:00+00:00,11.01,123.94,4,3.3,006 km S 50° W of City Of Bogo (Cebu),Ms,TECTONIC
5328,2025-10-01 04:18:21+00:00,10.95,123.71,16,1.3,031 km S 70° W of City Of Bogo (Cebu),Ms,TECTONIC
5329,2025-10-01 04:16:40+00:00,11.06,124.05,36,1.3,008 km N 80° E of City Of Bogo (Cebu),Ms,TECTONIC
5330,2025-10-01 04:15:18+00:00,11.24,124.11,27,1.4,026 km N 35° E of City Of Bogo (Cebu),Ms,TECTONIC
5331,2025-10-01 04:10:21+00:00,10.96,123.97,10,4.1,009 km S 6° W of City Of Bogo (Cebu),M,TECTONIC
5332,2025-10-01 04:08:50+00:00,13.54,120.68,10,3.2,011 km N 25° W of Abra De Ilog (Occidental Mindoro),M,TECTONIC
5333,2025-10-01 04:06:19+00:00,10.94,123.93,1,3.3,013 km S 25° W of City Of Bogo (Cebu),Ms,TECTONIC
5334,2025-10-01 04:05:24+00:00,11.01,124.04,1,2.5,008 km S 56° E of City Of Bogo (Cebu),Ms,TECTONIC
5335,2025-10-01 03:53:19+00:00,10.91,123.89,1,2.4,018 km S 33° W of City Of Bogo (Cebu),Ms,TECTONIC
5336,2025-10-01 03:49:08+00:00,11.06,124.05,11,2.2,008 km N 82° E of City Of Bogo (Cebu),Ms,TECTONIC
5337,2025-10-01 03:47:30+00:00,11.18,124.0,32,1.4,015 km N 09° E of City Of Bogo (Cebu),Ms,TECTONIC
5338,2025-10-01 03:46:15+00:00,11.02,124.06,34,1.6,009 km S 73° E of City Of Bogo (Cebu),Ms,TECTONIC
5339,2025-10-01 03:39:07+00:00,11.18,124.21,4,2.8,029 km N 59° E of City Of Bogo (Cebu),Ms,TECTONIC
5340,2025-10-01 03:36:28+00:00,10.8,124.0,15,1.8,028 km S 04° E of City Of Bogo (Cebu),Ms,TECTONIC
5341,2025-10-01 03:23:53+00:00,10.96,123.94,1,2.5,011 km S 24° W of City Of Bogo (Cebu),Ms,TECTONIC
5342,2025-10-01 03:23:19+00:00,10.95,123.92,27,1.2,012 km S 33° W of City Of Bogo (Cebu),Ms,TECTONIC
5343,2025-10-01 03:21:02+00:00,11.14,124.02,11,2.7,011 km N 21° E of City Of Bogo (Cebu),Ms,TECTONIC
5344,2025-10-01 03:19:36+00:00,11.12,124.07,26,1.6,013 km N 49° E of City Of Bogo (Cebu),Ms,TECTONIC
5345,2025-10-01 03:16:30+00:00,10.9,124.01,5,3.2,016 km S 11° E of City Of Bogo (Cebu),Ms,TECTONIC
5346,2025-10-01 03:08:00+00:00,11.02,123.81,21,2.5,019 km S 83° W of City Of Bogo (Cebu),Ms,TECTONIC
5347,2025-10-01 03:07:03+00:00,10.93,123.92,6,1.7,015 km S 26° W of City Of Bogo (Cebu),Ms,TECTONIC
5348,2025-10-01 03:06:20+00:00,11.05,123.94,9,1.7,004 km N 83° W of City Of Bogo (Cebu),Ms,TECTONIC
5349,2025-10-01 03:03:59+00:00,10.99,123.94,13,2.4,008 km S 32° W of City Of Bogo (Cebu),Ms,TECTONIC
5350,2025-10-01 03:02:46+00:00,11.16,124.19,4,2.4,026 km N 61° E of City Of Bogo (Cebu),Ms,TECTONIC
5351,2025-10-01 02:54:11+00:00,11.18,124.1,37,1.8,020 km N 40° E of City Of Bogo (Cebu),Ms,TECTONIC
5352,2025-10-01 02:51:33+00:00,11.0,123.98,33,2.6,005 km S 06° E of City Of Bogo (Cebu),Ms,TECTONIC
5353,2025-10-01 02:50:44+00:00,10.96,124.05,18,1.5,012 km S 38° E of City Of Bogo (Cebu),Ms,TECTONIC
5354,2025-10-01 02:48:58+00:00,10.96,123.95,2,2.2,011 km S 20° W of City Of Bogo (Cebu),Ms,TECTONIC
5355,2025-10-01 02:46:11+00:00,10.87,123.95,2,2.2,020 km S 10° W of City Of Bogo (Cebu),Ms,TECTONIC
5356,2025-10-01 02:44:07+00:00,11.08,124.28,32,1.6,033 km N 83° E of City Of Bogo (Cebu),Ms,TECTONIC
5357,2025-10-01 02:37:40+00:00,11.1,123.97,9,3.0,006 km N 08° W of City Of Bogo (Cebu),Ms,TECTONIC
5358,2025-10-01 02:36:50+00:00,11.14,124.06,10,1.5,013 km N 40° E of City Of Bogo (Cebu),Ms,TECTONIC
5359,2025-10-01 02:36:02+00:00,11.01,124.09,20,1.4,012 km S 72° E of City Of Bogo (Cebu),Ms,TECTONIC
5360,2025-10-01 02:22:32+00:00,11.1,123.89,1,1.5,012 km N 60° W of City Of Bogo (Cebu),Ms,TECTONIC
5361,2025-10-01 02:19:10+00:00,11.03,124.03,1,1.9,006 km S 69° E of City Of Bogo (Cebu),Ms,TECTONIC
5362,2025-10-01 02:16:30+00:00,11.08,124.0,30,1.7,004 km N 34° E of City Of Bogo (Cebu),Ms,TECTONIC
5363,2025-10-01 02:10:43+00:00,11.08,124.05,3,3.2,008 km N 65° E of City Of Bogo (Cebu),Ms,TECTONIC
5364,2025-10-01 02:05:13+00:00,11.62,123.19,50,2.6,032 km N 61° W of City Of Bogo (Cebu),Ms,TECTONIC
5365,2025-10-01 02:02:32+00:00,11.01,124.11,18,1.4,014 km S 75° E of City Of Bogo (Cebu),Ms,TECTONIC
5366,2025-10-01 02:01:37+00:00,11.03,124.1,24,1.6,013 km S 80° E of City Of Bogo (Cebu),Ms,TECTONIC
5367,2025-10-01 01:53:21+00:00,11.07,124.23,1,1.6,028 km N 85° E of City Of Bogo (Cebu),Ms,TECTONIC
5368,2025-10-01 01:57:05+00:00,11.0,124.02,5,1.8,007 km S 45° E of City Of Bogo (Cebu),Ms,TECTONIC
5369,2025-10-01 01:51:50+00:00,10.91,123.99,29,1.3,015 km S 03° E of City Of Bogo (Cebu),Ms,TECTONIC
5370,2025-10-01 01:49:25+00:00,10.99,124.08,15,1.6,013 km S 62° E of City Of Bogo (Cebu),Ms,TECTONIC
5371,2025-10-01 01:46:53+00:00,10.84,123.86,10,2.6,026 km S 29° W of City Of Bogo (Cebu),Ms,TECTONIC
5372,2025-10-01 01:38:09+00:00,10.97,123.94,4,1.4,009 km S 29° W of City Of Bogo (Cebu),Ms,TECTONIC
5373,2025-10-01 01:35:30+00:00,11.09,124.06,2,3.2,010 km N 59° E of City Of Bogo (Cebu),Ms,TECTONIC
5374,2025-10-01 01:30:40+00:00,10.9,123.91,5,2.3,018 km S 27° W of City Of Bogo (Cebu),Ms,TECTONIC
5375,2025-10-01 01:27:30+00:00,10.94,123.9,2,2.3,015 km S 34° W of City Of Bogo (Cebu),Ms,TECTONIC
5376,2025-10-01 01:23:25+00:00,11.07,124.1,32,1.7,014 km N 78° E of City Of Bogo (Cebu),Ms,TECTONIC
5377,2025-10-01 01:21:18+00:00,11.19,124.04,33,1.3,018 km N 23° E of City Of Bogo (Cebu),Ms,TECTONIC
5378,2025-10-01 01:20:38+00:00,11.27,124.05,51,1.4,026 km N 16° E of City Of Bogo (Cebu),Ms,TECTONIC
5379,2025-10-01 01:19:13+00:00,11.12,124.05,33,2.0,011 km N 43° E of City Of Bogo (Cebu),Ms,TECTONIC
5380,2025-10-01 01:18:34+00:00,10.91,123.86,2,1.5,020 km S 40° W of City Of Bogo (Cebu),Ms,TECTONIC
5381,2025-10-01 01:15:55+00:00,11.16,124.18,4,2.4,026 km N 61° E of City Of Bogo (Cebu),Ms,TECTONIC
5382,2025-10-01 01:12:07+00:00,11.05,124.09,4,2.6,012 km N 86° E of City Of Bogo (Cebu),Ms,TECTONIC
5383,2025-10-01 01:02:11+00:00,11.13,123.94,11,2.2,010 km N 25° W of City Of Bogo (Cebu),Ms,TECTONIC
5384,2025-10-01 00:58:31+00:00,11.06,123.89,32,2.1,010 km N 81° W of City Of Bogo (Cebu),Ms,TECTONIC
5385,2025-10-01 00:54:23+00:00,11.19,124.12,33,2.4,023 km N 44° E of City Of Bogo (Cebu),Ms,TECTONIC
5386,2025-10-01 00:53:29+00:00,10.91,123.98,32,1.8,015 km S 01° E of City Of Bogo (Cebu),Ms,TECTONIC
5387,2025-10-01 00:57:15+00:00,11.07,123.87,23,2.3,012 km N 79° W of City Of Bogo (Cebu),Ms,TECTONIC
5388,2025-10-01 00:52:34+00:00,11.2,124.14,19,1.7,024 km N 46° E of City Of Bogo (Cebu),Ms,TECTONIC
5389,2025-10-01 00:47:17+00:00,10.91,123.65,13,3.4,017 km N 64° E of City Of Escalante (Negros Occidental),Ms,TECTONIC
5390,2025-10-01 00:51:10+00:00,11.12,123.96,24,2.0,009 km N 14° W of City Of Bogo (Cebu),Ms,TECTONIC
5391,2025-10-01 00:42:18+00:00,11.14,124.19,3,2.2,025 km N 66° E of City Of Bogo (Cebu),Ms,TECTONIC
5392,2025-10-01 00:41:37+00:00,11.12,123.85,23,1.8,017 km N 60° W of City Of Bogo (Cebu),Ms,TECTONIC
5393,2025-10-01 00:40:04+00:00,11.05,124.04,6,2.1,006 km N 89° E of City Of Bogo (Cebu),Ms,TECTONIC
5394,2025-10-01 00:36:20+00:00,10.94,123.93,2,3.5,013 km S 24° W of City Of Bogo (Cebu),Ms,TECTONIC
5395,2025-10-01 00:33:47+00:00,10.96,124.0,5,3.0,009 km S 11° E of City Of Bogo (Cebu),Ms,TECTONIC
5396,2025-10-01 00:26:15+00:00,11.01,124.03,31,2.0,006 km S 55° E of City Of Bogo (Cebu),Ms,TECTONIC
5397,2025-10-01 00:23:29+00:00,10.95,123.88,2,3.7,015 km S 46° W of City Of Bogo (Cebu),Ms,TECTONIC
5398,2025-10-01 00:21:17+00:00,11.11,124.0,12,3.0,008 km N 20° E of City Of Bogo (Cebu),Ms,TECTONIC
5399,2025-10-01 00:20:30+00:00,11.09,124.12,33,1.7,016 km N 71° E of City Of Bogo (Cebu),Ms,TECTONIC
5400,2025-10-01 00:18:22+00:00,11.17,124.11,2,2.5,020 km N 46° E of City Of Bogo (Cebu),Ms,TECTONIC
5401,2025-10-01 00:16:49+00:00,11.08,124.05,32,2.1,009 km N 67° E of City Of Bogo (Cebu),Ms,TECTONIC
5402,2025-10-01 00:15:16+00:00,11.16,124.05,32,2.0,015 km N 32° E of City Of Bogo (Cebu),Ms,TECTONIC
5403,2025-10-01 00:12:54+00:00,10.94,123.65,15,2.7,038 km S 72° W of City Of Bogo (Cebu),Ms,TECTONIC
5404,2025-10-01 00:10:24+00:00,10.95,123.98,17,2.0,011 km S 02° W of City Of Bogo (Cebu),Ms,TECTONIC
5405,2025-10-01 00:07:27+00:00,11.08,123.91,3,2.7,009 km N 62° W of City Of Bogo (Cebu),Ms,TECTONIC
5406,2025-10-01 00:06:35+00:00,11.09,124.24,5,1.7,017 km N 72° W of Palompon (Leyte),Ms,TECTONIC
5407,2025-10-01 00:03:19+00:00,11.01,123.99,12,2.8,005 km S 12° E of City Of Bogo (Cebu),Ms,TECTONIC
5408,2025-09-30 23:59:29+00:00,11.14,124.1,34,2.0,017 km N 50° E of City Of Bogo (Cebu),Ms,TECTONIC
5409,2025-09-30 23:56:59+00:00,11.17,123.97,22,2.0,014 km N 05° W of City Of Bogo (Cebu),Ms,TECTONIC
5410,2025-09-30 23:55:33+00:00,10.95,123.99,21,2.2,011 km S 08° E of City Of Bogo (Cebu),Ms,TECTONIC
5411,2025-09-30 23:54:31+00:00,11.13,123.92,2,2.1,011 km N 35° W of City Of Bogo (Cebu),Ms,TECTONIC
5412,2025-09-30 23:52:28+00:00,11.03,124.06,23,2.1,009 km S 76° E of City Of Bogo (Cebu),Ms,TECTONIC
5413,2025-09-30 23:46:14+00:00,11.02,123.94,38,2.4,005 km S 54° W of City Of Bogo (Cebu),Ms,TECTONIC
5414,2025-09-30 23:41:20+00:00,11.11,124.1,6,1.4,015 km N 64° E of City Of Bogo (Cebu),Ms,TECTONIC
5415,2025-09-30 23:41:55+00:00,11.08,124.08,6,3.6,012 km N 73° E of City Of Bogo (Cebu),Ms,TECTONIC
5416,2025-09-30 23:35:45+00:00,10.91,123.73,11,2.1,031 km S 62° W of City Of Bogo (Cebu),Ms,TECTONIC
5417,2025-09-30 23:32:54+00:00,10.93,124.12,28,2.5,020 km S 49° E of City Of Bogo (Cebu),Ms,TECTONIC
5418,2025-09-30 23:31:39+00:00,11.17,124.02,32,1.9,014 km N 19° E of City Of Bogo (Cebu),Ms,TECTONIC
5419,2025-09-30 23:24:27+00:00,11.02,123.89,22,2.0,011 km S 71° W of City Of Bogo (Cebu),Ms,TECTONIC
5420,2025-09-30 23:22:57+00:00,11.0,123.94,5,2.6,007 km S 43° W of City Of Bogo (Cebu),Ms,TECTONIC
5421,2025-09-30 23:19:09+00:00,10.91,123.87,41,2.1,019 km S 39° W of City Of Bogo (Cebu),Ms,TECTONIC
5422,2025-09-30 23:14:51+00:00,10.83,123.89,8,2.1,026 km S 21° W of City Of Bogo (Cebu),Ms,TECTONIC
5423,2025-09-30 23:12:13+00:00,11.14,123.99,25,1.8,011 km N 04° E of City Of Bogo (Cebu),Ms,TECTONIC
5424,2025-09-30 23:11:30+00:00,11.15,123.89,31,1.6,015 km N 39° W of City Of Bogo (Cebu),Ms,TECTONIC
5425,2025-09-30 23:09:37+00:00,11.21,124.16,10,2.2,027 km N 49° E of City Of Bogo (Cebu),Ms,TECTONIC
5426,2025-09-30 23:07:48+00:00,10.97,124.13,25,1.9,018 km S 63° E of City Of Bogo (Cebu),Ms,TECTONIC
5427,2025-09-30 23:03:23+00:00,11.22,124.43,29,2.4,004 km N 78° E of Villaba (Leyte),Ms,TECTONIC
5428,2025-09-30 23:01:06+00:00,10.98,123.96,5,4.4,007 km S 13° W of City Of Bogo (Cebu),Ms,TECTONIC
5429,2025-09-30 22:59:51+00:00,10.91,124.01,25,1.9,004 km S 37° W of Tabogon (Cebu),Ms,TECTONIC
5430,2025-09-30 22:55:24+00:00,11.11,124.01,33,1.6,007 km N 24° E of City Of Bogo (Cebu),Ms,TECTONIC
5431,2025-09-30 22:48:30+00:00,10.98,123.97,19,2.0,007 km S 11° W of City Of Bogo (Cebu),Ms,TECTONIC
5432,2025-09-30 22:42:08+00:00,11.18,123.97,17,1.9,015 km N 03° W of City Of Bogo (Cebu),Ms,TECTONIC
5433,2025-09-30 22:40:39+00:00,10.97,124.0,15,2.3,008 km S 14° E of City Of Bogo (Cebu),Ms,TECTONIC
5434,2025-09-30 22:43:43+00:00,10.97,123.94,32,2.1,009 km S 30° W of City Of Bogo (Cebu),Ms,TECTONIC
5435,2025-09-30 22:38:02+00:00,11.26,124.09,24,2.1,026 km N 26° E of City Of Bogo (Cebu),Ms,TECTONIC
5436,2025-09-30 22:36:44+00:00,11.2,124.12,32,1.4,015 km S 68° E of Daanbantayan (Cebu),Ms,TECTONIC
5437,2025-09-30 22:34:35+00:00,11.11,124.07,30,2.0,012 km N 54° E of City Of Bogo (Cebu),Ms,TECTONIC
5438,2025-09-30 22:33:51+00:00,11.02,123.94,31,1.9,006 km S 56° W of City Of Bogo (Cebu),Ms,TECTONIC
5439,2025-09-30 22:30:33+00:00,11.02,124.25,54,2.6,030 km S 85° E of City Of Bogo (Cebu),Ms,TECTONIC
5440,2025-09-30 22:28:27+00:00,11.14,124.06,9,2.0,014 km N 42° E of City Of Bogo (Cebu),Ms,TECTONIC
5441,2025-09-30 22:27:37+00:00,11.14,124.09,9,1.7,016 km N 49° E of City Of Bogo (Cebu),Ms,TECTONIC
5442,2025-09-30 22:20:30+00:00,11.65,123.63,28,1.5,034 km S 25° W of Cawayan (Masbate),Ms,TECTONIC
5443,2025-09-30 22:24:19+00:00,10.93,123.97,2,2.3,013 km S 05° W of City Of Bogo (Cebu),Ms,TECTONIC
5444,2025-09-30 22:17:27+00:00,11.06,124.08,13,2.4,011 km N 80° E of City Of Bogo (Cebu),Ms,TECTONIC
5445,2025-09-30 22:15:52+00:00,10.98,124.05,21,2.3,010 km S 46° E of City Of Bogo (Cebu),Ms,TECTONIC
5446,2025-09-30 22:12:53+00:00,11.12,124.19,2,2.0,025 km N 70° E of City Of Bogo (Cebu),Ms,TECTONIC
5447,2025-09-30 22:07:00+00:00,11.01,123.84,26,1.9,016 km S 74° W of City Of Bogo (Cebu),Ms,TECTONIC
5448,2025-09-30 22:11:03+00:00,11.15,124.0,24,2.0,012 km N 13° E of City Of Bogo (Cebu),Ms,TECTONIC
5449,2025-09-30 22:09:55+00:00,11.11,123.93,22,2.2,009 km N 37° W of City Of Bogo (Cebu),Ms,TECTONIC
5450,2025-09-30 22:08:11+00:00,10.86,123.9,4,2.5,022 km S 22° W of City Of Bogo (Cebu),Ms,TECTONIC
5451,2025-09-30 21:58:23+00:00,11.18,123.97,23,2.4,015 km N 04° W of City Of Bogo (Cebu),Ms,TECTONIC
5452,2025-09-30 21:53:44+00:00,11.06,124.08,2,2.3,011 km N 80° E of City Of Bogo (Cebu),Ms,TECTONIC
5453,2025-09-30 21:55:20+00:00,11.15,123.95,8,1.7,012 km N 16° W of City Of Bogo (Cebu),Ms,TECTONIC
5454,2025-09-30 21:51:46+00:00,11.04,124.01,7,1.9,003 km S 73° E of City Of Bogo (Cebu),Ms,TECTONIC
5455,2025-09-30 21:50:06+00:00,11.09,124.02,33,2.2,007 km N 41° E of City Of Bogo (Cebu),Ms,TECTONIC
5456,2025-09-30 21:47:38+00:00,10.98,123.97,37,2.6,008 km S 06° W of City Of Bogo (Cebu),Ms,TECTONIC
5457,2025-09-30 21:46:38+00:00,11.19,123.95,22,1.8,016 km N 10° W of City Of Bogo (Cebu),Ms,TECTONIC
5458,2025-09-30 21:46:38+00:00,11.19,123.95,22,1.8,016 km N 10° W of City Of Bogo (Cebu),Ms,TECTONIC
5459,2025-09-30 21:45:03+00:00,11.12,123.97,4,2.7,008 km N 08° W of City Of Bogo (Cebu),Ms,TECTONIC
5460,2025-09-30 21:42:33+00:00,11.16,123.98,32,2.1,013 km N 01° E of City Of Bogo (Cebu),Ms,TECTONIC
5461,2025-09-30 21:41:37+00:00,10.99,123.95,2,2.1,007 km S 32° W of City Of Bogo (Cebu),Ms,TECTONIC
5462,2025-09-30 21:35:54+00:00,10.94,124.0,19,3.5,012 km S 10° E of City Of Bogo (Cebu),Ms,TECTONIC
5463,2025-09-30 21:30:55+00:00,11.14,123.87,5,3.0,015 km N 48° W of City Of Bogo (Cebu),Ms,TECTONIC
5464,2025-09-30 21:29:07+00:00,9.6,122.25,121,2.0,024 km S 89° W of Hinoba-an (Negros Occidental),Ms,TECTONIC
5465,2025-09-30 21:23:26+00:00,10.92,123.92,24,2.1,016 km S 24° W of City Of Bogo (Cebu),Ms,TECTONIC
5466,2025-09-30 21:20:06+00:00,11.15,123.98,31,1.7,011 km N 01° W of City Of Bogo (Cebu),Ms,TECTONIC
5467,2025-09-30 21:15:20+00:00,10.89,124.1,29,2.1,022 km S 39° E of City Of Bogo (Cebu),Ms,TECTONIC
5468,2025-09-30 21:10:39+00:00,11.08,124.05,23,2.5,008 km N 64° E of City Of Bogo (Cebu),Ms,TECTONIC
5469,2025-09-30 21:09:25+00:00,10.85,123.99,36,1.8,022 km S 02° E of City Of Bogo (Cebu),Ms,TECTONIC
5470,2025-09-30 21:02:52+00:00,11.15,123.96,9,3.1,011 km N 10° W of City Of Bogo (Cebu),Ms,TECTONIC
5471,2025-09-30 21:01:23+00:00,11.19,123.95,23,2.1,016 km N 13° W of City Of Bogo (Cebu),Ms,TECTONIC
5472,2025-09-30 20:59:53+00:00,11.37,123.9,35,2.6,036 km N 14° W of City Of Bogo (Cebu),Ms,TECTONIC
5473,2025-09-30 20:57:54+00:00,9.9,126.18,24,2.4,010 km N 68° E of Pilar (Surigao Del Norte),Ms,TECTONIC
5474,2025-09-30 20:56:04+00:00,11.28,124.02,34,2.2,026 km N 10° E of City Of Bogo (Cebu),Ms,TECTONIC
5475,2025-09-30 20:55:06+00:00,10.85,123.92,2,2.5,023 km S 17° W of City Of Bogo (Cebu),Ms,TECTONIC
5476,2025-09-30 20:51:17+00:00,11.04,123.92,5,2.1,006 km S 88° W of City Of Bogo (Cebu),Ms,TECTONIC
5477,2025-09-30 20:47:34+00:00,10.89,123.88,2,2.2,021 km S 33° W of City Of Bogo (Cebu),Ms,TECTONIC
5478,2025-09-30 20:44:38+00:00,10.9,123.96,4,3.7,016 km S 09° W of City Of Bogo (Cebu),Ms,TECTONIC
5479,2025-09-30 20:41:22+00:00,11.08,123.94,2,2.9,005 km N 45° W of City Of Bogo (Cebu),Ms,TECTONIC
5480,2025-09-30 20:36:27+00:00,11.14,123.87,20,2.6,016 km N 49° W of City Of Bogo (Cebu),Ms,TECTONIC
5481,2025-09-30 20:30:10+00:00,11.03,123.93,26,3.4,005 km S 74° W of City Of Bogo (Cebu),Ms,TECTONIC
5482,2025-09-30 20:27:32+00:00,10.93,123.97,7,3.6,013 km S 03° W of City Of Bogo (Cebu),Ms,TECTONIC
5483,2025-09-30 20:24:49+00:00,11.12,123.8,24,3.0,022 km N 68° W of City Of Bogo (Cebu),Ms,TECTONIC
5484,2025-09-30 20:20:11+00:00,11.07,123.91,3,2.3,008 km N 71° W of City Of Bogo (Cebu),Ms,TECTONIC
5485,2025-09-30 20:16:14+00:00,11.18,123.98,17,2.4,015 km N 01° E of City Of Bogo (Cebu),Ms,TECTONIC
5486,2025-09-30 20:17:46+00:00,10.87,123.88,2,2.1,022 km S 29° W of City Of Bogo (Cebu),Ms,TECTONIC
5487,2025-09-30 20:15:25+00:00,11.12,123.99,5,1.7,009 km N 10° E of City Of Bogo (Cebu),Ms,TECTONIC
5488,2025-09-30 20:13:25+00:00,11.5,124.05,30,1.5,027 km S 02° E of Esperanza (Masbate),Ms,TECTONIC
5489,2025-09-30 20:18:33+00:00,13.64,120.54,87,3.0,024 km S 25° W of Calatagan (Batangas),Ms,TECTONIC
5490,2025-09-30 20:12:16+00:00,8.8,126.52,27,2.1,025 km N 89° E of Marihatag (Surigao Del Sur),Ms,TECTONIC
5491,2025-09-30 20:09:11+00:00,10.8,123.93,25,3.0,028 km S 11° W of City Of Bogo (Cebu),Ms,TECTONIC
5492,2025-09-30 20:11:05+00:00,18.67,121.9,7,2.2,027 km S 08° E of Camiguin Island (Calayan) (Cagayan),Ms,TECTONIC
5493,2025-09-30 20:07:57+00:00,11.14,123.93,7,1.8,012 km N 27° W of City Of Bogo (Cebu),Ms,TECTONIC
5494,2025-09-30 20:05:11+00:00,10.73,123.93,18,2.2,008 km S 77° W of Sogod (Cebu),Ms,TECTONIC
5495,2025-09-30 20:04:01+00:00,11.15,123.96,4,2.3,012 km N 13° W of City Of Bogo (Cebu),Ms,TECTONIC
5496,2025-09-30 20:03:06+00:00,11.17,124.15,9,2.2,023 km N 54° E of City Of Bogo (Cebu),Ms,TECTONIC
5497,2025-09-30 19:56:51+00:00,11.04,124.04,18,1.8,007 km S 86° E of City Of Bogo (Cebu),Ms,TECTONIC
5498,2025-09-30 19:55:08+00:00,11.07,124.08,2,2.7,011 km N 75° E of City Of Bogo (Cebu),Ms,TECTONIC
5499,2025-09-30 19:47:05+00:00,11.09,124.18,30,1.6,022 km N 77° E of City Of Bogo (Cebu),Ms,TECTONIC
5500,2025-09-30 19:51:40+00:00,8.84,126.47,32,3.4,019 km N 77° E of Marihatag (Surigao Del Sur),Ms,TECTONIC
5501,2025-09-30 19:50:33+00:00,11.1,124.1,9,3.1,015 km N 68° E of City Of Bogo (Cebu),Ms,TECTONIC
5502,2025-09-30 19:44:27+00:00,11.1,124.16,2,3.5,020 km N 72° E of City Of Bogo (Cebu),Ms,TECTONIC
5503,2025-09-30 19:41:49+00:00,11.17,124.12,34,2.5,021 km N 47° E of City Of Bogo (Cebu),Ms,TECTONIC
5504,2025-09-30 19:39:10+00:00,11.19,124.15,12,2.0,024 km N 50° E of City Of Bogo (Cebu),Ms,TECTONIC
5505,2025-09-30 19:38:06+00:00,11.16,124.11,34,1.9,015 km S 50° E of Daanbantayan (Cebu),Ms,TECTONIC
5506,2025-09-30 19:37:27+00:00,10.98,124.25,28,2.0,030 km S 75° E of City Of Bogo (Cebu),Ms,TECTONIC
5507,2025-09-30 19:35:36+00:00,11.14,124.14,5,2.8,019 km S 52° E of Daanbantayan (Cebu),Ms,TECTONIC
5508,2025-09-30 19:30:27+00:00,11.05,123.99,4,4.5,001 km N 68° E of City Of Bogo (Cebu),Ms,TECTONIC
5509,2025-09-30 19:29:14+00:00,11.0,123.92,25,2.1,008 km S 53° W of City Of Bogo (Cebu),Ms,TECTONIC
5510,2025-09-30 19:27:28+00:00,11.05,123.95,24,1.8,003 km S 88° W of City Of Bogo (Cebu),Ms,TECTONIC
5511,2025-09-30 19:18:23+00:00,11.09,123.84,22,1.5,016 km N 72° W of City Of Bogo (Cebu),Ms,TECTONIC
5512,2025-09-30 19:16:40+00:00,11.08,123.98,34,2.2,003 km North of City Of Bogo (Cebu),Ms,TECTONIC
5513,2025-09-30 19:15:21+00:00,10.95,123.96,4,2.2,011 km S 11° W of City Of Bogo (Cebu),Ms,TECTONIC
5514,2025-09-30 19:13:33+00:00,11.17,124.05,19,2.3,011 km S 34° E of Daanbantayan (Cebu),Ms,TECTONIC
5515,2025-09-30 19:10:42+00:00,11.15,124.13,9,2.4,020 km N 54° E of City Of Bogo (Cebu),Ms,TECTONIC
5516,2025-09-30 19:07:50+00:00,11.21,123.99,32,1.4,018 km N 03° E of City Of Bogo (Cebu),Ms,TECTONIC
5517,2025-09-30 19:05:07+00:00,11.31,123.91,7,2.3,031 km N 15° W of City Of Bogo (Cebu),Ms,TECTONIC
5518,2025-09-30 19:03:05+00:00,10.91,123.9,9,1.4,015 km S 77° W of Tabogon (Cebu),Ms,TECTONIC
5519,2025-09-30 19:02:11+00:00,11.07,124.0,15,1.4,003 km N 50° E of City Of Bogo (Cebu),Ms,TECTONIC
5520,2025-09-30 18:58:19+00:00,12.04,123.48,48,2.0,022 km S 09° W of Milagros (Masbate),Ms,TECTONIC
5521,2025-09-30 18:55:11+00:00,11.16,124.16,2,2.6,024 km N 57° E of City Of Bogo (Cebu),Ms,TECTONIC
5522,2025-09-30 18:45:26+00:00,11.84,123.88,123,2.0,006 km S 48° W of Placer (Masbate),Ms,TECTONIC
5523,2025-09-30 18:52:49+00:00,11.2,124.07,25,2.2,020 km N 31° E of City Of Bogo (Cebu),Ms,TECTONIC
5524,2025-09-30 18:51:34+00:00,11.04,124.17,18,2.2,021 km S 88° E of City Of Bogo (Cebu),Ms,TECTONIC
5525,2025-09-30 18:44:18+00:00,11.1,123.92,45,2.7,009 km N 50° W of City Of Bogo (Cebu),Ms,TECTONIC
5526,2025-09-30 18:40:01+00:00,11.12,124.16,6,3.7,022 km N 67° E of City Of Bogo (Cebu),Ms,TECTONIC
5527,2025-09-30 18:26:56+00:00,10.99,124.11,33,1.8,015 km S 66° E of City Of Bogo (Cebu),Ms,TECTONIC
5528,2025-09-30 18:36:10+00:00,11.14,123.97,33,2.6,010 km N 04° W of City Of Bogo (Cebu),Ms,TECTONIC
5529,2025-09-30 18:25:14+00:00,11.13,124.14,3,2.6,020 km N 63° E of City Of Bogo (Cebu),Ms,TECTONIC
5530,2025-09-30 18:34:24+00:00,11.28,123.96,33,2.1,025 km N 04° W of City Of Bogo (Cebu),Ms,TECTONIC
5531,2025-09-30 18:32:03+00:00,11.13,123.89,23,2.3,013 km N 48° W of City Of Bogo (Cebu),Ms,TECTONIC
5532,2025-09-30 18:19:26+00:00,11.14,123.96,24,2.1,010 km N 12° W of City Of Bogo (Cebu),Ms,TECTONIC
5533,2025-09-30 18:24:04+00:00,11.28,124.07,13,1.5,028 km N 21° E of City Of Bogo (Cebu),Ms,TECTONIC
5534,2025-09-30 18:20:16+00:00,11.21,124.06,34,2.5,020 km N 27° E of City Of Bogo (Cebu),Ms,TECTONIC
5535,2025-09-30 18:18:54+00:00,11.2,124.08,33,1.6,020 km N 32° E of City Of Bogo (Cebu),Ms,TECTONIC
5536,2025-09-30 18:13:21+00:00,11.17,124.03,25,2.2,014 km N 21° E of City Of Bogo (Cebu),Ms,TECTONIC
5537,2025-09-30 18:12:00+00:00,11.07,124.06,35,2.3,009 km N 75° E of City Of Bogo (Cebu),Ms,TECTONIC
5538,2025-09-30 18:09:30+00:00,11.43,123.88,31,3.4,044 km N 14° W of City Of Bogo (Cebu),Ms,TECTONIC
5539,2025-09-30 18:07:47+00:00,10.95,123.96,2,2.6,010 km S 14° W of City Of Bogo (Cebu),Ms,TECTONIC
5540,2025-09-30 18:06:15+00:00,10.99,124.01,10,2.1,007 km S 29° E of City Of Bogo (Cebu),Ms,TECTONIC
5541,2025-09-30 17:55:51+00:00,10.9,124.02,38,2.5,017 km S 14° E of City Of Bogo (Cebu),Ms,TECTONIC
5542,2025-09-30 17:52:02+00:00,11.16,123.98,31,2.6,013 km N 01° W of City Of Bogo (Cebu),Ms,TECTONIC
5543,2025-09-30 17:52:02+00:00,11.16,123.98,31,2.6,013 km N 01° W of City Of Bogo (Cebu),Ms,TECTONIC
5544,2025-09-30 17:48:44+00:00,11.17,124.09,5,2.2,019 km N 41° E of City Of Bogo (Cebu),Ms,TECTONIC
5545,2025-09-30 17:35:55+00:00,11.03,124.03,9,1.5,006 km S 68° E of City Of Bogo (Cebu),Ms,TECTONIC
5546,2025-09-30 17:34:39+00:00,11.13,123.87,24,2.2,015 km N 52° W of City Of Bogo (Cebu),Ms,TECTONIC
5547,2025-09-30 17:33:56+00:00,11.07,124.09,8,1.4,012 km N 79° E of City Of Bogo (Cebu),Ms,TECTONIC
5548,2025-09-30 17:47:36+00:00,11.13,124.01,18,2.3,010 km N 16° E of City Of Bogo (Cebu),Ms,TECTONIC
5549,2025-09-30 17:41:13+00:00,11.31,124.02,31,1.9,029 km N 08° E of City Of Bogo (Cebu),Ms,TECTONIC
5550,2025-09-30 17:39:28+00:00,11.0,124.04,11,2.2,009 km S 51° E of City Of Bogo (Cebu),Ms,TECTONIC
5551,2025-09-30 17:30:53+00:00,11.15,124.17,2,3.4,024 km N 60° E of City Of Bogo (Cebu),Ms,TECTONIC
5552,2025-09-30 17:27:27+00:00,10.93,124.07,15,1.6,016 km S 38° E of City Of Bogo (Cebu),Ms,TECTONIC
5553,2025-09-30 17:24:26+00:00,11.16,124.16,7,3.1,023 km N 58° E of City Of Bogo (Cebu),Ms,TECTONIC
5554,2025-09-30 17:20:19+00:00,11.37,124.07,35,2.1,037 km N 16° E of City Of Bogo (Cebu),Ms,TECTONIC
5555,2025-09-30 17:16:04+00:00,11.14,124.19,3,3.5,026 km N 66° E of City Of Bogo (Cebu),Ms,TECTONIC
5556,2025-09-30 17:14:51+00:00,11.08,124.16,32,2.0,020 km N 79° E of City Of Bogo (Cebu),Ms,TECTONIC
5557,2025-09-30 17:12:21+00:00,11.04,124.04,33,3.5,006 km S 85° E of City Of Bogo (Cebu),Ms,TECTONIC
5558,2025-09-30 17:09:43+00:00,11.17,124.05,16,2.9,016 km N 30° E of City Of Bogo (Cebu),Ms,TECTONIC
5559,2025-09-30 17:08:08+00:00,11.09,124.16,2,2.3,021 km N 75° E of City Of Bogo (Cebu),Ms,TECTONIC
5560,2025-09-30 17:05:33+00:00,11.04,124.22,2,1.5,026 km S 89° E of City Of Bogo (Cebu),Ms,TECTONIC
5561,2025-09-30 17:04:26+00:00,11.14,124.1,8,2.1,017 km N 53° E of City Of Bogo (Cebu),Ms,TECTONIC
5562,2025-09-30 17:01:13+00:00,11.09,124.09,2,2.6,013 km N 66° E of City Of Bogo (Cebu),Ms,TECTONIC
5563,2025-09-30 16:59:18+00:00,11.17,124.04,4,3.8,015 km N 26° E of City Of Bogo (Cebu),Ms,TECTONIC
5564,2025-09-30 16:55:49+00:00,11.3,124.09,4,2.6,030 km N 23° E of City Of Bogo (Cebu),Ms,TECTONIC
5565,2025-09-30 16:53:33+00:00,11.31,123.95,31,3.1,030 km N 07° W of City Of Bogo (Cebu),Ms,TECTONIC
5566,2025-09-30 16:51:08+00:00,11.06,124.11,10,4.5,014 km N 84° E of City Of Bogo (Cebu),Ms,TECTONIC
5567,2025-09-30 16:48:54+00:00,11.14,123.89,6,2.9,014 km N 43° W of City Of Bogo (Cebu),Ms,TECTONIC
5568,2025-09-30 16:48:07+00:00,11.21,124.08,18,1.4,021 km N 32° E of City Of Bogo (Cebu),Ms,TECTONIC
5569,2025-09-30 16:47:22+00:00,10.86,124.09,31,1.5,024 km S 29° E of City Of Bogo (Cebu),Ms,TECTONIC
5570,2025-09-30 16:45:13+00:00,10.95,123.94,4,2.1,012 km S 23° W of City Of Bogo (Cebu),Ms,TECTONIC
5571,2025-09-30 16:43:09+00:00,11.02,124.04,4,2.8,007 km S 65° E of City Of Bogo (Cebu),Ms,TECTONIC
5572,2025-09-30 16:38:28+00:00,11.03,124.01,33,1.9,004 km S 61° E of City Of Bogo (Cebu),Ms,TECTONIC
5573,2025-09-30 16:35:51+00:00,11.06,123.97,5,1.7,002 km N 36° W of City Of Bogo (Cebu),Ms,TECTONIC
5574,2025-09-30 16:34:31+00:00,11.18,124.17,5,4.8,025 km N 56° E of City Of Bogo (Cebu),Mw,TECTONIC
5575,2025-09-30 16:31:41+00:00,10.94,124.01,9,3.0,013 km S 16° E of City Of Bogo (Cebu),Ms,TECTONIC
5576,2025-09-30 16:28:42+00:00,11.03,123.92,2,3.1,006 km S 72° W of City Of Bogo (Cebu),Ms,TECTONIC
5577,2025-09-30 16:26:20+00:00,11.15,124.11,4,1.4,018 km N 52° E of City Of Bogo (Cebu),Ms,TECTONIC
5578,2025-09-30 16:21:38+00:00,10.86,123.95,30,1.8,020 km S 08° W of City Of Bogo (Cebu),Ms,TECTONIC
5579,2025-09-30 16:19:36+00:00,11.01,124.0,2,2.5,005 km S 22° E of City Of Bogo (Cebu),Ms,TECTONIC
5580,2025-09-30 16:15:24+00:00,11.19,124.11,3,2.4,022 km N 41° E of City Of Bogo (Cebu),Ms,TECTONIC
5581,2025-09-30 16:12:46+00:00,11.08,124.11,6,2.5,015 km N 77° E of City Of Bogo (Cebu),Ms,TECTONIC
5582,2025-09-30 16:06:58+00:00,10.95,123.89,2,2.0,014 km S 42° W of City Of Bogo (Cebu),Ms,TECTONIC
5583,2025-09-30 16:04:39+00:00,11.05,123.97,8,3.6,001 km N 49° W of City Of Bogo (Cebu),Ms,TECTONIC
5584,2025-09-30 16:01:52+00:00,10.83,123.95,10,4.5,024 km S 08° W of City Of Bogo (Cebu),Ms,TECTONIC
