,datetime,lat,lon,depth_km,mag,location,mag_type,event_type
0,2025-09-30 15:59:03+00:00,11.08,124.06,7.0,3.8,010 km N 67° E of City Of Bogo (Cebu),Ms,TECTONIC
1,2025-09-30 15:51:25+00:00,10.77,123.7,11.0,2.6,015 km N 70° W of Tuburan (Cebu),Ms,TECTONIC
2,2025-09-30 15:49:45+00:00,11.18,123.99,30.0,2.0,015 km N 03° E of City Of Bogo (Cebu),Ms,TECTONIC
3,2025-09-30 15:47:01+00:00,11.15,124.16,6.0,2.6,023 km N 60° E of City Of Bogo (Cebu),Ms,TECTONIC
4,2025-09-30 15:42:34+00:00,11.12,124.03,31.0,2.2,010 km N 31° E of City Of Bogo (Cebu),Ms,TECTONIC
5,2025-09-30 15:41:00+00:00,11.12,124.03,31.0,2.2,010 km N 31° E of City Of Bogo (Cebu),unspecified,unspecified
6,2025-09-30 15:35:15+00:00,11.24,123.92,26.0,3.4,023 km N 17° W of City Of Bogo (Cebu),Ms,TECTONIC
7,2025-09-30 15:33:16+00:00,11.04,123.93,8.0,3.0,005 km S 86° W of City Of Bogo (Cebu),Ms,TECTONIC
8,2025-09-30 15:32:02+00:00,11.06,124.06,7.0,2.2,009 km N 77° E of City Of Bogo (Cebu),Ms,TECTONIC
9,2025-09-30 15:29:57+00:00,10.97,123.91,2.0,2.2,011 km S 44° W of City Of Bogo (Cebu),Ms,TECTONIC
10,2025-09-30 15:25:54+00:00,11.13,124.03,7.0,2.6,011 km N 30° E of City Of Bogo (Cebu),Ms,TECTONIC
11,2025-09-30 15:24:07+00:00,11.02,123.96,2.0,2.8,006 km S 10° W of City Of Bogo (Cebu),Ms,TECTONIC
12,2025-09-30 15:12:12+00:00,11.05,123.95,80.0,3.4,004 km N 81° W of City Of Bogo (Cebu),Ms,TECTONIC
13,2025-09-30 15:06:30+00:00,16.92,120.61,24.0,2.5,009 km N 67° E of Alilem (Ilocos Sur),Ms,TECTONIC
14,2025-09-30 14:58:27+00:00,11.02,123.9,8.0,2.9,009 km S 69° W of City Of Bogo (Cebu),Ms,TECTONIC
15,2025-09-30 14:52:55+00:00,11.0,124.09,5.0,3.2,013 km S 66° E of City Of Bogo (Cebu),Ms,TECTONIC
16,2025-09-30 14:47:28+00:00,11.1,123.87,85.0,2.4,013 km N 62° W of City Of Bogo (Cebu),Ms,TECTONIC
17,2025-09-30 14:39:38+00:00,10.98,124.0,3.0,3.8,005 km N 32° W of Tabogon (Cebu),Ms,TECTONIC
18,2025-09-30 14:32:58+00:00,11.03,124.02,5.0,3.9,005 km S 63° E of City Of Bogo (Cebu),Ms,TECTONIC
19,2025-09-30 14:28:33+00:00,10.81,124.14,28.0,2.8,013 km S 74° E of Borbon (Cebu),Ms,TECTONIC
20,2025-09-30 14:24:34+00:00,11.03,124.02,4.0,4.0,004 km S 68° E of City Of Bogo (Cebu),Ms,TECTONIC
21,2025-09-30 13:59:44+00:00,11.1,124.14,5.0,6.9,019 km N 70° E of City Of Bogo (Cebu),Mw,TECTONIC
22,2025-09-30 13:42:14+00:00,9.11,123.17,2.0,3.1,004 km N 65° W of Zamboanguita (Negros Oriental),Ms,TECTONIC
23,2025-09-30 12:44:20+00:00,16.51,122.23,22.0,1.5,004 km S 67° W of Dinapigue (Isabela),Ms,TECTONIC
24,2025-09-30 12:24:42+00:00,8.05,125.94,26.0,2.1,003 km S 38° W of Veruela (Agusan Del Sur),Ms,TECTONIC
25,2025-09-30 11:03:36+00:00,12.76,121.23,2.0,2.0,027 km S 64° W of Bansud (Oriental Mindoro),Ms,TECTONIC
26,2025-09-30 10:27:04+00:00,15.48,121.74,21.0,2.0,036 km S 32° E of Baler (Aurora),Ms,TECTONIC
27,2025-09-30 10:11:02+00:00,4.65,127.9,45.0,3.4,285 km S 71° E of Sarangani Island (Municipality Of Sarangani) (Davao Occidental),Ms,TECTONIC
28,2025-09-30 09:32:37+00:00,8.1,126.27,147.0,1.8,014 km S 20° W of City Of Bislig (Surigao Del Sur),Ms,TECTONIC
29,2025-09-30 07:25:39+00:00,13.54,120.84,2.0,2.0,013 km N 73° W of Puerto Galera (Oriental Mindoro),Ms,TECTONIC
30,2025-09-30 05:03:58+00:00,9.88,126.58,17.0,2.6,048 km N 77° E of General Luna (Surigao Del Norte),Ms,TECTONIC
31,2025-09-30 04:47:11+00:00,15.4,121.94,4.0,3.1,053 km N 15° E of Panukulan (Quezon),Ms,TECTONIC
32,2025-09-30 04:27:34+00:00,13.54,120.85,2.0,2.9,013 km S 09° W of Tingloy (Batangas),Ms,TECTONIC
33,2025-09-30 04:21:44+00:00,13.83,119.86,22.0,2.1,028 km S 85° W of Lubang (Occidental Mindoro),Ms,TECTONIC
34,2025-09-29 22:56:22+00:00,12.73,125.18,6.0,2.3,022 km N 17° E of Palapag (Northern Samar),Ms,TECTONIC
35,2025-09-29 22:53:29+00:00,15.11,119.76,28.0,1.7,032 km S 80° W of Cabangan (Zambales),Ms,TECTONIC
36,2025-09-29 22:40:06+00:00,18.48,120.94,26.0,2.0,005 km N 59° E of Adams (Ilocos Norte),Ms,TECTONIC
37,2025-09-29 22:31:36+00:00,11.52,124.39,6.0,2.4,005 km S 13° W of Naval (Biliran),Ms,TECTONIC
38,2025-09-29 21:37:50+00:00,13.79,120.62,84.0,1.8,005 km S 12° W of Calatagan (Batangas),Ms,TECTONIC
39,2025-09-29 20:53:24+00:00,13.18,124.96,9.0,3.0,072 km N 14° W of Palapag (Northern Samar),Ms,TECTONIC
40,2025-09-29 19:58:53+00:00,12.82,125.33,13.0,2.7,038 km N 37° E of Palapag (Northern Samar),Ms,TECTONIC
41,2025-09-29 19:54:59+00:00,12.95,124.47,32.0,1.7,032 km S 71° E of Prieto Diaz (Sorsogon),Ms,TECTONIC
42,2025-09-29 19:51:04+00:00,14.78,123.99,35.0,1.7,083 km N 14° W of Pandan (Catanduanes),Ms,TECTONIC
43,2025-09-29 19:49:06+00:00,12.88,125.4,3.0,3.3,048 km N 40° E of Palapag (Northern Samar),Ms,TECTONIC
44,2025-09-29 19:47:32+00:00,13.34,120.58,14.0,1.7,013 km N 07° W of Mamburao (Occidental Mindoro),Ms,TECTONIC
45,2025-09-29 19:46:46+00:00,7.15,124.02,3.0,2.4,009 km N 02° W of Datu Blah T. Sinsuat (Maguindanao Del Norte),Ms,TECTONIC
46,2025-09-29 19:02:56+00:00,12.91,124.04,2.0,2.4,006 km N 41° E of Casiguran (Sorsogon),Ms,TECTONIC
47,2025-09-29 19:01:01+00:00,6.49,127.03,22.0,3.0,089 km S 46° E of Tarragona (Davao Oriental),Ms,TECTONIC
48,2025-09-29 18:36:52+00:00,6.62,126.7,17.0,2.4,055 km S 30° E of Tarragona (Davao Oriental),Ms,TECTONIC
49,2025-09-29 18:20:43+00:00,7.71,122.17,9.0,1.5,003 km N 75° E of Siocon (Zamboanga Del Norte),Ms,TECTONIC
50,2025-09-29 18:17:38+00:00,7.09,124.06,13.0,1.7,005 km N 65° E of Datu Blah T. Sinsuat (Maguindanao Del Norte),Ms,TECTONIC
51,2025-09-29 18:15:58+00:00,13.64,120.52,178.0,1.7,024 km S 31° W of Calatagan (Batangas),Ms,TECTONIC
52,2025-09-29 17:51:09+00:00,15.15,122.72,2.0,2.0,065 km N 39° E of Jomalig (Quezon),Ms,TECTONIC
53,2025-09-29 17:41:13+00:00,13.64,120.57,101.0,3.2,022 km S 17° W of Calatagan (Batangas),Ms,TECTONIC
54,2025-09-29 17:32:55+00:00,13.39,120.63,19.0,1.7,012 km S 60° W of Abra De Ilog (Occidental Mindoro),Ms,TECTONIC
55,2025-09-29 17:14:29+00:00,18.57,121.07,19.0,1.9,005 km S 11° W of Claveria (Cagayan),Ms,TECTONIC
56,2025-09-29 16:57:33+00:00,14.05,120.41,121.0,3.3,024 km S 83° W of Nasugbu (Batangas),Ms,TECTONIC
57,2025-09-29 16:52:28+00:00,9.34,125.61,9.0,1.7,010 km N 38° E of Santiago (Agusan Del Norte),Ms,TECTONIC
58,2025-09-29 16:48:34+00:00,14.0,120.33,124.0,3.8,034 km S 75° W of Nasugbu (Batangas),Ms,TECTONIC
59,2025-09-29 16:38:19+00:00,14.4,123.57,29.0,2.0,054 km N 39° E of Siruma (Camarines Sur),Ms,TECTONIC
60,2025-09-29 16:22:47+00:00,11.68,125.84,3.0,2.3,042 km N 61° E of Maydolong (Eastern Samar),Ms,TECTONIC
61,2025-09-29 16:18:43+00:00,18.66,120.71,15.0,3.8,014 km N 37° W of Pagudpud (Ilocos Norte),Ms,TECTONIC
62,2025-09-29 16:14:37+00:00,5.72,125.89,146.0,3.0,034 km S 52° E of Jose Abad Santos (Davao Occidental),Ms,TECTONIC
63,2025-09-29 14:48:23+00:00,12.07,124.52,28.0,1.6,009 km N 86° W of City Of Calbayog (Samar),Ms,TECTONIC
64,2025-09-29 14:28:42+00:00,7.68,122.97,8.0,1.6,002 km S 63° W of Diplahan (Zamboanga Sibugay),Ms,TECTONIC
65,2025-09-29 14:09:45+00:00,12.53,123.55,3.0,1.9,008 km N 40° E of Baleno (Masbate),Ms,TECTONIC
66,2025-09-29 13:06:16+00:00,7.47,122.09,5.0,1.8,014 km S 26° W of Sirawai (Zamboanga Del Norte),Ms,TECTONIC
67,2025-09-29 13:02:44+00:00,12.82,125.26,17.0,2.0,035 km N 28° E of Palapag (Northern Samar),Ms,TECTONIC
68,2025-09-29 12:46:16+00:00,9.62,126.01,26.0,1.7,005 km N 89° E of Socorro (Surigao Del Norte),Ms,TECTONIC
69,2025-09-29 12:45:16+00:00,13.67,120.55,102.0,3.2,020 km S 26° W of Calatagan (Batangas),Ms,TECTONIC
70,2025-09-29 12:23:12+00:00,7.14,123.99,9.0,2.8,009 km N 24° W of Datu Blah T. Sinsuat (Maguindanao Del Norte),Ms,TECTONIC
71,2025-09-29 12:21:04+00:00,10.51,125.05,5.0,2.7,014 km S 42° E of Mahaplag (Leyte),Ms,TECTONIC
72,2025-09-29 12:11:42+00:00,7.92,122.09,6.0,3.0,014 km N 28° W of Baliguian (Zamboanga Del Norte),Ms,TECTONIC
73,2025-09-29 11:21:24+00:00,10.47,126.09,20.0,2.0,050 km S 54° E of Homonhon Island (Guiuan) (Eastern Samar),Ms,TECTONIC
74,2025-09-29 10:57:38+00:00,12.5,123.57,3.0,1.8,009 km N 68° E of Baleno (Masbate),Ms,TECTONIC
75,2025-09-29 09:57:23+00:00,12.59,125.18,10.0,3.7,008 km N 53° E of Palapag (Northern Samar),Ms,TECTONIC
76,2025-09-29 09:30:59+00:00,13.7,120.61,79.0,1.5,015 km S 08° W of Calatagan (Batangas),Ms,TECTONIC
77,2025-09-29 08:40:43+00:00,12.78,125.26,7.0,2.1,030 km N 31° E of Palapag (Northern Samar),Ms,TECTONIC
78,2025-09-29 08:39:58+00:00,13.0,125.4,20.0,1.3,059 km N 32° E of Palapag (Northern Samar),Ms,TECTONIC
79,2025-09-29 08:30:53+00:00,13.72,120.6,82.0,1.4,014 km S 17° W of Calatagan (Batangas),Ms,TECTONIC
80,2025-09-29 07:53:41+00:00,9.99,126.17,33.0,2.2,011 km S 71° E of Burgos (Surigao Del Norte),Ms,TECTONIC
81,2025-09-29 07:48:04+00:00,6.17,125.32,122.0,3.3,008 km N 20° E of Alabel (Sarangani),Ms,TECTONIC
82,2025-09-29 06:40:39+00:00,12.89,125.34,16.0,2.4,046 km N 33° E of Palapag (Northern Samar),Ms,TECTONIC
83,2025-09-29 06:30:48+00:00,14.09,124.13,3.0,2.4,006 km N 42° W of Pandan (Catanduanes),Ms,TECTONIC
84,2025-09-29 06:24:39+00:00,12.69,125.15,7.0,2.6,017 km N 13° E of Palapag (Northern Samar),Ms,TECTONIC
85,2025-09-29 06:18:38+00:00,12.55,125.13,5.0,2.5,001 km N 63° E of Palapag (Northern Samar),Ms,TECTONIC
86,2025-09-29 06:16:24+00:00,12.81,125.23,13.0,2.5,032 km N 23° E of Palapag (Northern Samar),Ms,TECTONIC
87,2025-09-29 06:13:06+00:00,12.87,125.32,14.0,2.8,043 km N 32° E of Palapag (Northern Samar),Ms,TECTONIC
88,2025-09-29 06:10:37+00:00,12.91,125.36,14.0,3.5,048 km N 33° E of Palapag (Northern Samar),Ms,TECTONIC
89,2025-09-29 05:02:00+00:00,12.51,123.65,10.0,2.5,015 km S 07° W of Monreal (Masbate),Ms,TECTONIC
90,2025-09-29 04:30:38+00:00,12.66,125.15,9.0,2.6,013 km N 16° E of Palapag (Northern Samar),Ms,TECTONIC
91,2025-09-29 04:20:07+00:00,7.79,124.62,4.0,2.4,007 km N 86° W of Amai Manabilang (Lanao Del Sur),Ms,TECTONIC
92,2025-09-29 03:00:13+00:00,5.8,125.79,116.0,4.4,020 km S 52° E of Jose Abad Santos (Davao Occidental),Ms,TECTONIC
93,2025-09-29 02:21:28+00:00,12.91,125.37,9.0,3.6,049 km N 35° E of Palapag (Northern Samar),Ms,TECTONIC
94,2025-09-29 01:06:44+00:00,6.72,125.11,11.0,2.3,006 km S 54° W of Magsaysay (Davao Del Sur),Ms,TECTONIC
95,2025-09-29 01:00:39+00:00,9.05,126.51,21.0,1.8,027 km N 70° E of Bayabas (Surigao Del Sur),Ms,TECTONIC
96,2025-09-29 00:32:15+00:00,9.6,122.15,23.0,2.5,034 km N 90° W of Hinoba-an (Negros Occidental),Ms,TECTONIC
97,2025-09-28 23:43:05+00:00,10.44,123.13,2.0,2.1,012 km N 60° W of City Of Canlaon (Negros Oriental),ML,VOLCANO-TECTONIC
98,2025-09-28 22:45:24+00:00,6.44,126.77,33.0,2.1,076 km S 28° E of Tarragona (Davao Oriental),Ms,TECTONIC
99,2025-09-28 21:11:05+00:00,6.24,125.88,138.0,1.8,020 km N 74° E of Don Marcelino (Davao Occidental),Ms,TECTONIC
100,2025-09-28 20:32:44+00:00,8.66,126.14,34.0,2.0,006 km N 61° E of Lianga (Surigao Del Sur),Ms,TECTONIC
101,2025-09-28 20:30:57+00:00,8.82,123.28,23.0,1.5,024 km N 36° W of City Of Dapitan (Zamboanga Del Norte),Ms,TECTONIC
102,2025-09-28 20:26:09+00:00,17.52,122.96,33.0,2.5,073 km N 73° E of Divilacan (Isabela),Ms,TECTONIC
103,2025-09-28 20:17:35+00:00,11.72,125.7,27.0,4.0,027 km S 81° E of San Julian (Eastern Samar),Ms,TECTONIC
104,2025-09-28 19:23:36+00:00,12.85,125.26,13.0,2.2,038 km N 25° E of Palapag (Northern Samar),Ms,TECTONIC
105,2025-09-28 19:19:53+00:00,16.71,120.03,22.0,2.1,033 km N 72° W of City Of San Fernando (La Union),Ms,TECTONIC
106,2025-09-28 19:17:04+00:00,15.07,123.05,2.0,2.4,067 km N 10° E of Tinaga Island (Vinzons) (Camarines Norte),Ms,TECTONIC
107,2025-09-28 19:13:13+00:00,12.82,125.29,17.0,4.5,038 km N 06° E of Mapanas (Northern Samar),Mw,TECTONIC
108,2025-09-28 18:46:53+00:00,8.26,126.59,30.0,2.0,030 km N 80° E of City Of Bislig (Surigao Del Sur),Ms,TECTONIC
109,2025-09-28 18:15:46+00:00,7.75,124.53,8.0,1.5,018 km S 76° W of Amai Manabilang (Lanao Del Sur),Ms,TECTONIC
110,2025-09-28 18:12:52+00:00,12.8,125.3,12.0,2.4,034 km N 35° E of Palapag (Northern Samar),Ms,TECTONIC
111,2025-09-28 18:06:24+00:00,8.9,122.56,20.0,2.0,055 km S 71° W of Siaton (Negros Oriental),Ms,TECTONIC
112,2025-09-28 17:54:27+00:00,6.65,126.57,17.0,2.2,046 km S 17° E of Tarragona (Davao Oriental),Ms,TECTONIC
113,2025-09-28 17:45:48+00:00,7.73,126.61,37.0,2.2,018 km N 17° E of Baganga (Davao Oriental),Ms,TECTONIC
114,2025-09-28 17:18:18+00:00,8.54,121.49,32.0,2.4,108 km N 42° W of Baliguian (Zamboanga Del Norte),Ms,TECTONIC
115,2025-09-28 17:04:11+00:00,13.81,120.61,143.0,2.2,003 km S 46° W of Calatagan (Batangas),Ms,TECTONIC
116,2025-09-28 16:55:26+00:00,10.74,125.58,69.0,2.6,016 km N 89° W of Homonhon Island (Guiuan) (Eastern Samar),Ms,TECTONIC
117,2025-09-28 16:32:04+00:00,9.32,125.92,14.0,2.4,006 km S 35° W of Carrascal (Surigao Del Sur),Ms,TECTONIC
118,2025-09-28 15:52:53+00:00,12.81,123.56,7.0,1.7,012 km S 21° W of Donsol (Sorsogon),Ms,TECTONIC
119,2025-09-28 15:38:47+00:00,6.63,125.16,10.0,1.9,011 km S 34° W of Matanao (Davao Del Sur),Ms,TECTONIC
120,2025-09-28 14:51:23+00:00,6.87,123.77,21.0,2.3,035 km S 51° W of Datu Blah T. Sinsuat (Maguindanao Del Norte),Ms,TECTONIC
121,2025-09-28 14:28:56+00:00,5.63,126.4,102.0,3.8,089 km S 70° E of Jose Abad Santos (Davao Occidental),Ms,TECTONIC
122,2025-09-28 14:17:42+00:00,14.16,119.8,11.0,2.0,048 km N 46° W of Lubang (Occidental Mindoro),Ms,TECTONIC
123,2025-09-28 14:15:17+00:00,12.77,123.52,35.0,1.2,017 km S 29° W of Donsol (Sorsogon),Ms,TECTONIC
124,2025-09-28 14:13:53+00:00,10.91,124.94,35.0,1.5,003 km N 35° W of La Paz (Leyte),Ms,TECTONIC
125,2025-09-28 14:07:18+00:00,10.74,124.97,6.0,2.4,004 km S 83° W of Abuyog (Leyte),Ms,TECTONIC
126,2025-09-28 13:13:43+00:00,8.94,127.49,33.0,2.5,130 km N 89° E of Cagwait (Surigao Del Sur),Ms,TECTONIC
127,2025-09-28 11:31:34+00:00,7.64,124.57,2.0,1.9,016 km S 89° W of Wao (Lanao Del Sur),Ms,TECTONIC
128,2025-09-28 11:13:28+00:00,7.08,123.97,2.0,2.8,005 km N 76° W of Datu Blah T. Sinsuat (Maguindanao Del Norte),Ms,TECTONIC
129,2025-09-28 09:22:21+00:00,7.74,122.1,9.0,1.8,006 km N 46° W of Siocon (Zamboanga Del Norte),Ms,TECTONIC
130,2025-09-28 08:45:43+00:00,7.91,122.67,32.0,2.0,007 km S 01° E of Tampilisan (Zamboanga Del Norte),Ms,TECTONIC
131,2025-09-28 07:36:22+00:00,11.29,125.54,32.0,1.6,005 km N 07° E of General Macarthur (Eastern Samar),Ms,TECTONIC
132,2025-09-28 07:21:50+00:00,12.52,123.61,2.0,1.7,013 km N 65° E of Baleno (Masbate),Ms,TECTONIC
133,2025-09-28 07:14:17+00:00,12.54,123.6,3.0,2.6,013 km N 57° E of Baleno (Masbate),Ms,TECTONIC
134,2025-09-28 07:06:00+00:00,8.75,126.44,30.0,2.0,017 km S 71° E of Marihatag (Surigao Del Sur),Ms,TECTONIC
135,2025-09-28 06:57:39+00:00,12.54,123.55,7.0,2.4,010 km N 37° E of Baleno (Masbate),Ms,TECTONIC
136,2025-09-28 06:20:25+00:00,10.01,126.14,33.0,1.4,007 km S 82° E of Burgos (Surigao Del Norte),Ms,TECTONIC
137,2025-09-28 06:06:18+00:00,9.78,126.12,33.0,1.5,004 km S 79° W of General Luna (Surigao Del Norte),Ms,TECTONIC
138,2025-09-28 05:15:50+00:00,14.15,120.48,105.0,1.8,018 km N 64° W of Nasugbu (Batangas),Ms,TECTONIC
139,2025-09-28 04:22:00+00:00,9.31,126.76,8.0,3.4,063 km N 86° E of Cortes (Surigao Del Sur),Ms,TECTONIC
140,2025-09-28 03:40:09+00:00,9.9,124.55,13.0,1.7,005 km N 38° E of Mabini (Bohol),Ms,TECTONIC
141,2025-09-28 02:22:50+00:00,12.81,125.28,12.0,2.8,035 km N 32° E of Palapag (Northern Samar),Ms,TECTONIC
142,2025-09-28 01:07:28+00:00,12.29,120.76,8.0,2.5,029 km S 49° W of Rizal (Occidental Mindoro),Ms,TECTONIC
143,2025-09-28 01:06:30+00:00,12.54,123.54,8.0,1.9,009 km N 32° E of Baleno (Masbate),Ms,TECTONIC
144,2025-09-28 00:29:24+00:00,12.52,123.58,4.0,2.5,010 km N 58° E of Baleno (Masbate),Ms,TECTONIC
145,2025-09-28 00:18:11+00:00,9.3,123.21,5.0,3.0,004 km N 65° W of Valencia (Negros Oriental),Ms,TECTONIC
146,2025-09-27 23:37:03+00:00,8.05,122.97,4.0,2.5,012 km S 21° E of Leon B. Postigo (Zamboanga Del Norte),Ms,TECTONIC
147,2025-09-27 22:51:40+00:00,8.47,126.75,16.0,2.8,047 km N 75° E of Hinatuan (Surigao Del Sur),Ms,TECTONIC
148,2025-09-27 21:50:11+00:00,9.8,122.46,13.0,2.0,005 km N 40° E of City Of Sipalay (Negros Occidental),Ms,TECTONIC
149,2025-09-27 20:33:21+00:00,5.11,127.61,7.0,3.5,235 km S 68° E of Jose Abad Santos (Davao Occidental),Ms,TECTONIC
150,2025-09-27 20:02:18+00:00,8.78,126.54,24.0,2.3,027 km S 85° E of Marihatag (Surigao Del Sur),Ms,TECTONIC
151,2025-09-27 20:00:08+00:00,9.76,122.23,22.0,2.3,022 km S 87° W of City Of Sipalay (Negros Occidental),Ms,TECTONIC
152,2025-09-27 19:19:04+00:00,12.5,123.57,8.0,1.9,009 km N 66° E of Baleno (Masbate),Ms,TECTONIC
153,2025-09-27 19:08:40+00:00,9.39,126.52,14.0,1.8,038 km N 71° E of Cortes (Surigao Del Sur),Ms,TECTONIC
154,2025-09-27 19:05:35+00:00,8.96,126.5,22.0,1.4,023 km N 79° E of Cagwait (Surigao Del Sur),Ms,TECTONIC
155,2025-09-27 17:14:02+00:00,8.38,124.44,24.0,1.6,017 km S 80° E of Manticao (Misamis Oriental),Ms,TECTONIC
156,2025-09-27 17:13:03+00:00,18.52,120.82,24.0,1.4,002 km S 86° E of Dumalneg (Ilocos Norte),Ms,TECTONIC
157,2025-09-27 16:59:39+00:00,10.05,126.13,12.0,2.3,007 km N 58° E of Burgos (Surigao Del Norte),Ms,TECTONIC
158,2025-09-27 16:53:02+00:00,9.8,123.91,10.0,2.4,003 km N 35° E of Antequera (Bohol),Ms,TECTONIC
159,2025-09-27 16:45:10+00:00,10.39,125.12,17.0,1.7,009 km S 89° W of Hinunangan (Southern Leyte),Ms,TECTONIC
160,2025-09-27 16:38:44+00:00,7.89,122.91,26.0,1.9,014 km S 30° E of Godod (Zamboanga Del Norte),Ms,TECTONIC
161,2025-09-27 16:30:18+00:00,8.98,126.46,22.0,2.2,019 km N 69° E of Cagwait (Surigao Del Sur),Ms,TECTONIC
162,2025-09-27 16:15:49+00:00,9.38,126.26,17.0,2.5,013 km N 34° E of Cortes (Surigao Del Sur),Ms,TECTONIC
163,2025-09-27 15:30:23+00:00,10.45,123.14,1.0,3.0,024 km N 83° E of City Of La Carlota (Negros Occidental),ML,VOLCANO-TECTONIC
164,2025-09-27 15:27:33+00:00,6.57,126.43,15.0,2.6,041 km S 76° E of Governor Generoso (Davao Oriental),Ms,TECTONIC
165,2025-09-27 15:21:38+00:00,10.06,126.15,22.0,1.6,010 km N 61° E of Burgos (Surigao Del Norte),Ms,TECTONIC
166,2025-09-27 15:20:01+00:00,9.74,122.2,25.0,2.0,025 km S 81° W of City Of Sipalay (Negros Occidental),Ms,TECTONIC
167,2025-09-27 15:11:48+00:00,10.02,126.33,33.0,1.9,028 km East of Burgos (Surigao Del Norte),Ms,TECTONIC
168,2025-09-27 15:05:51+00:00,10.02,126.13,11.0,3.9,006 km N 89° E of Burgos (Surigao Del Norte),Ms,TECTONIC
169,2025-09-27 15:03:59+00:00,9.78,122.56,22.0,2.9,010 km S 57° W of Candoni (Negros Occidental),Ms,TECTONIC
170,2025-09-27 15:03:15+00:00,10.01,126.11,9.0,3.0,004 km S 75° E of Burgos (Surigao Del Norte),Ms,TECTONIC
171,2025-09-27 14:59:03+00:00,10.08,126.16,9.0,4.0,010 km N 58° E of Burgos (Surigao Del Norte),Ms,TECTONIC
172,2025-09-27 14:58:22+00:00,8.05,124.86,33.0,1.4,018 km N 71° W of Lantapan (Bukidnon),Ms,TECTONIC
173,2025-09-27 13:52:25+00:00,7.68,126.48,74.0,2.4,013 km S 13° E of Cateel (Davao Oriental),Ms,TECTONIC
174,2025-09-27 13:47:07+00:00,8.77,122.68,15.0,2.7,050 km S 50° W of Siaton (Negros Oriental),Ms,TECTONIC
175,2025-09-27 13:35:31+00:00,5.68,126.45,57.0,3.1,093 km S 74° E of Jose Abad Santos (Davao Occidental),Ms,TECTONIC
176,2025-09-27 13:06:51+00:00,8.09,124.53,10.0,1.6,017 km S 26° W of Talakag (Bukidnon),Ms,TECTONIC
177,2025-09-27 12:59:28+00:00,11.8,125.31,21.0,2.6,016 km N 70° W of San Julian (Eastern Samar),Ms,TECTONIC
178,2025-09-27 11:26:37+00:00,12.7,125.25,15.0,2.7,026 km N 42° E of Palapag (Northern Samar),Ms,TECTONIC
179,2025-09-27 11:09:25+00:00,12.09,121.6,17.0,2.2,019 km N 16° E of Caluya (Antique),Ms,TECTONIC
180,2025-09-27 10:00:53+00:00,7.81,124.4,34.0,1.6,005 km S 73° E of Ganassi (Lanao Del Sur),Ms,TECTONIC
181,2025-09-27 09:25:39+00:00,18.76,121.0,2.0,2.1,019 km N 28° W of Claveria (Cagayan),Ms,TECTONIC
182,2025-09-27 09:24:21+00:00,7.09,126.8,25.0,2.5,032 km S 66° E of Manay (Davao Oriental),Ms,TECTONIC
183,2025-09-27 09:00:21+00:00,9.98,126.1,14.0,2.2,005 km N 18° E of San Isidro (Surigao Del Norte),Ms,TECTONIC
184,2025-09-27 07:16:04+00:00,8.22,124.55,12.0,2.2,006 km S 77° W of Talakag (Bukidnon),Ms,TECTONIC
185,2025-09-27 05:39:27+00:00,12.52,123.56,6.0,2.3,008 km N 51° E of Baleno (Masbate),Ms,TECTONIC
186,2025-09-27 05:10:13+00:00,7.98,126.58,41.0,1.7,019 km S 71° E of Lingig (Surigao Del Sur),Ms,TECTONIC
187,2025-09-27 05:03:42+00:00,14.16,119.38,8.0,2.4,087 km N 68° W of Lubang (Occidental Mindoro),Ms,TECTONIC
188,2025-09-27 04:32:29+00:00,13.06,124.33,32.0,2.0,015 km N 80° E of Prieto Diaz (Sorsogon),Ms,TECTONIC
189,2025-09-27 04:03:44+00:00,13.73,120.57,99.0,1.8,014 km S 31° W of Calatagan (Batangas),Ms,TECTONIC
190,2025-09-27 02:30:00+00:00,16.21,120.42,17.0,1.6,007 km S 75° W of Rosario (La Union),Ms,TECTONIC
191,2025-09-27 02:22:51+00:00,8.36,123.25,24.0,2.3,017 km S 14° W of Katipunan (Zamboanga Del Norte),Ms,TECTONIC
192,2025-09-27 01:16:33+00:00,8.41,123.3,15.0,2.2,011 km S 11° E of Katipunan (Zamboanga Del Norte),Ms,TECTONIC
193,2025-09-26 23:17:19+00:00,8.92,122.58,26.0,2.1,052 km S 72° W of Siaton (Negros Oriental),Ms,TECTONIC
194,2025-09-26 21:56:35+00:00,6.73,123.43,633.0,3.8,071 km N 82° W of Lebak (Sultan Kudarat),Ms,TECTONIC
195,2025-09-26 21:02:22+00:00,13.54,120.89,2.0,2.8,009 km N 58° W of Puerto Galera (Oriental Mindoro),Ms,TECTONIC
196,2025-09-26 19:36:24+00:00,6.37,125.74,24.0,1.7,015 km S 74° E of Malita (Davao Occidental),Ms,TECTONIC
197,2025-09-26 19:22:46+00:00,10.3,123.13,11.0,1.7,013 km S 79° E of La Castellana (Negros Occidental),Ms,TECTONIC
198,2025-09-26 19:20:29+00:00,8.97,126.04,21.0,2.0,003 km N 11° E of San Miguel (Surigao Del Sur),Ms,TECTONIC
199,2025-09-26 19:12:01+00:00,10.36,123.05,21.0,2.2,005 km N 43° E of La Castellana (Negros Occidental),Ms,TECTONIC
200,2025-09-26 19:11:52+00:00,12.54,124.79,10.0,2.4,005 km N 58° E of Mondragon (Northern Samar),Ms,TECTONIC
201,2025-09-26 19:08:44+00:00,14.61,123.31,33.0,2.4,041 km N 70° E of Tinaga Island (Vinzons) (Camarines Norte),Ms,TECTONIC
202,2025-09-26 19:05:02+00:00,8.47,123.41,32.0,1.4,005 km S 80° W of PiÑan (Zamboanga Del Norte),Ms,TECTONIC
203,2025-09-26 19:03:12+00:00,8.93,126.65,19.0,2.1,038 km N 89° E of Cagwait (Surigao Del Sur),Ms,TECTONIC
204,2025-09-26 18:09:41+00:00,10.81,125.58,6.0,2.2,017 km N 64° W of Homonhon Island (Guiuan) (Eastern Samar),Ms,TECTONIC
205,2025-09-26 18:04:39+00:00,17.61,120.64,2.0,1.8,001 km S 30° W of Tayum (Abra),Ms,TECTONIC
206,2025-09-26 17:58:10+00:00,5.97,124.95,28.0,1.7,013 km N 23° W of Maasim (Sarangani),Ms,TECTONIC
207,2025-09-26 17:49:13+00:00,7.64,124.69,28.0,1.7,004 km N 85° W of Wao (Lanao Del Sur),Ms,TECTONIC
208,2025-09-26 17:36:43+00:00,7.68,124.56,5.0,3.1,019 km N 75° W of Wao (Lanao Del Sur),Ms,TECTONIC
209,2025-09-26 17:35:03+00:00,5.04,126.05,9.0,2.4,080 km S 53° E of Sarangani Island (Municipality Of Sarangani) (Davao Occidental),Ms,TECTONIC
210,2025-09-26 17:29:55+00:00,14.14,122.94,32.0,1.7,002 km N 81° E of Talisay (Camarines Norte),Ms,TECTONIC
211,2025-09-26 17:18:28+00:00,12.89,124.47,28.0,1.6,026 km N 26° E of Biri (Northern Samar),Ms,TECTONIC
212,2025-09-26 17:07:02+00:00,12.86,124.49,34.0,1.6,024 km N 35° E of Biri (Northern Samar),Ms,TECTONIC
213,2025-09-26 16:51:53+00:00,12.84,125.19,6.0,3.6,034 km N 15° E of Palapag (Northern Samar),Ms,TECTONIC
214,2025-09-26 16:43:44+00:00,8.65,125.58,22.0,2.3,008 km S 64° W of Esperanza (Agusan Del Sur),Ms,TECTONIC
215,2025-09-26 16:25:21+00:00,12.58,125.57,15.0,2.3,036 km N 53° E of Gamay (Northern Samar),Ms,TECTONIC
216,2025-09-26 15:57:14+00:00,9.62,125.8,10.0,3.6,009 km N 52° E of Claver (Surigao Del Norte),Ms,TECTONIC
217,2025-09-26 15:16:47+00:00,8.47,123.16,3.0,4.1,009 km S 54° E of Manukan (Zamboanga Del Norte),Ms,TECTONIC
218,2025-09-26 14:52:59+00:00,8.21,125.85,26.0,2.5,003 km N 15° W of Loreto (Agusan Del Sur),Ms,TECTONIC
219,2025-09-26 14:43:35+00:00,10.7,121.92,8.0,1.9,006 km S 89° W of Hamtic (Antique),Ms,TECTONIC
220,2025-09-26 14:12:43+00:00,7.57,126.13,22.0,2.7,012 km S 26° E of Compostela (Davao De Oro),Ms,TECTONIC
221,2025-09-26 13:13:18+00:00,10.73,121.84,13.0,4.3,011 km S 79° W of San Jose De Buenavista (Antique),Ms,TECTONIC
222,2025-09-26 12:08:46+00:00,14.09,122.78,33.0,1.3,009 km S 39° W of Labo (Camarines Norte),Ms,TECTONIC
223,2025-09-26 12:08:18+00:00,9.99,123.24,7.0,2.4,004 km N 68° E of Jimalalud (Negros Oriental),Ms,TECTONIC
224,2025-09-26 11:44:46+00:00,13.24,123.82,10.0,2.5,005 km N 81° E of Santo Domingo (Albay),ML,VOLCANO-TECTONIC
225,2025-09-26 11:20:36+00:00,13.72,120.74,25.0,1.5,016 km N 66° W of Tingloy (Batangas),Ms,TECTONIC
226,2025-09-26 10:14:46+00:00,8.43,123.21,11.0,2.2,010 km S 16° W of President Manuel A. Roxas (Zamboanga Del Norte),Ms,TECTONIC
227,2025-09-26 09:29:59+00:00,13.57,120.67,6.0,1.9,015 km N 22° W of Abra De Ilog (Occidental Mindoro),Ms,TECTONIC
228,2025-09-26 08:48:03+00:00,9.62,126.21,35.0,2.0,018 km S 17° E of General Luna (Surigao Del Norte),Ms,TECTONIC
229,2025-09-26 06:27:58+00:00,13.85,120.58,156.0,3.1,006 km N 73° W of Calatagan (Batangas),Ms,TECTONIC
230,2025-09-26 05:56:52+00:00,7.12,124.07,17.0,3.2,008 km N 47° E of Datu Blah T. Sinsuat (Maguindanao Del Norte),Ms,TECTONIC
231,2025-09-26 05:32:30+00:00,14.97,121.37,8.0,3.3,033 km S 89° E of Doña Remedios Trinidad (Bulacan),Ms,TECTONIC
232,2025-09-26 03:45:37+00:00,6.62,125.15,9.0,2.6,012 km S 86° W of Kiblawan (Davao Del Sur),Ms,TECTONIC
233,2025-09-26 03:41:56+00:00,13.12,124.2,32.0,2.8,009 km N 03° E of Prieto Diaz (Sorsogon),Ms,TECTONIC
234,2025-09-26 03:40:13+00:00,7.95,127.07,2.0,3.2,070 km N 54° E of Baganga (Davao Oriental),Ms,TECTONIC
235,2025-09-26 01:31:47+00:00,5.8,126.16,35.0,2.3,059 km S 77° E of Jose Abad Santos (Davao Occidental),Ms,TECTONIC
236,2025-09-26 01:04:38+00:00,12.33,123.54,33.0,1.8,010 km S 66° W of City Of Masbate (Masbate),Ms,TECTONIC
237,2025-09-26 00:46:42+00:00,5.9,124.13,9.0,3.3,035 km S 11° W of Palimbang (Sultan Kudarat),Ms,TECTONIC
238,2025-09-25 23:33:33+00:00,5.63,125.96,53.0,2.6,047 km S 48° E of Jose Abad Santos (Davao Occidental),Ms,TECTONIC
239,2025-09-25 23:22:11+00:00,9.82,125.7,19.0,2.0,013 km S 16° E of Cagdianao (Dinagat Islands),Ms,TECTONIC
240,2025-09-25 22:54:28+00:00,12.55,123.6,5.0,2.5,012 km S 37° W of Monreal (Masbate),Ms,TECTONIC
241,2025-09-25 22:48:07+00:00,12.82,125.32,14.0,4.4,039 km N 10° E of Mapanas (Northern Samar),Ms,TECTONIC
242,2025-09-25 22:38:59+00:00,12.49,123.58,5.0,1.8,009 km N 79° E of Baleno (Masbate),Ms,TECTONIC
243,2025-09-25 22:25:17+00:00,14.61,119.77,8.0,2.8,051 km S 42° W of San Antonio (Zambales),Ms,TECTONIC
244,2025-09-25 22:16:58+00:00,12.53,123.61,5.0,2.3,013 km N 63° E of Baleno (Masbate),Ms,TECTONIC
245,2025-09-25 21:53:04+00:00,7.92,126.99,3.0,2.4,061 km N 51° E of Baganga (Davao Oriental),Ms,TECTONIC
246,2025-09-25 20:00:03+00:00,7.81,126.81,8.0,2.3,040 km N 87° E of Cateel (Davao Oriental),Ms,TECTONIC
247,2025-09-25 19:11:05+00:00,13.73,120.59,98.0,1.8,012 km S 23° W of Calatagan (Batangas),Ms,TECTONIC
248,2025-09-25 17:59:58+00:00,15.7,120.72,19.0,3.0,006 km N 50° W of Guimba (Nueva Ecija),Ms,TECTONIC
249,2025-09-25 17:58:45+00:00,6.58,125.25,14.0,3.7,004 km S 15° W of Kiblawan (Davao Del Sur),Ms,TECTONIC
250,2025-09-25 17:49:51+00:00,8.98,126.3,24.0,2.0,002 km N 63° E of Bayabas (Surigao Del Sur),Ms,TECTONIC
251,2025-09-25 17:44:01+00:00,15.8,121.95,29.0,1.6,041 km N 84° E of Baler (Aurora),Ms,TECTONIC
252,2025-09-25 17:30:05+00:00,15.74,121.9,14.0,1.5,036 km S 87° E of Baler (Aurora),Ms,TECTONIC
253,2025-09-25 16:29:51+00:00,12.53,123.59,3.0,2.0,012 km N 60° E of Baleno (Masbate),Ms,TECTONIC
254,2025-09-25 16:06:44+00:00,15.13,122.05,2.0,2.5,033 km N 15° E of Burdeos (Quezon),Ms,TECTONIC
255,2025-09-25 15:57:39+00:00,12.53,123.56,7.0,3.8,009 km N 48° E of Baleno (Masbate),Ms,TECTONIC
256,2025-09-25 14:44:04+00:00,6.96,126.64,163.0,2.3,024 km S 66° E of Tarragona (Davao Oriental),Ms,TECTONIC
257,2025-09-25 14:13:28+00:00,12.57,121.97,4.0,2.0,007 km N 38° W of San Andres (Romblon),Ms,TECTONIC
258,2025-09-25 13:15:13+00:00,13.63,119.38,12.0,1.7,084 km S 72° W of Lubang (Occidental Mindoro),Ms,TECTONIC
259,2025-09-25 13:09:09+00:00,9.88,126.29,14.0,2.5,019 km N 55° E of General Luna (Surigao Del Norte),Ms,TECTONIC
260,2025-09-25 13:07:38+00:00,15.72,121.96,21.0,1.6,043 km S 85° E of Baler (Aurora),Ms,TECTONIC
261,2025-09-25 12:47:29+00:00,9.23,122.15,9.0,1.8,054 km S 40° W of Hinoba-an (Negros Occidental),Ms,TECTONIC
262,2025-09-25 11:04:02+00:00,9.88,125.45,7.0,2.0,011 km N 27° W of City Of Surigao (Surigao Del Norte),Ms,TECTONIC
263,2025-09-25 09:12:04+00:00,16.38,122.17,12.0,1.9,005 km S 80° W of Dilasag (Aurora),Ms,TECTONIC
264,2025-09-25 09:05:25+00:00,8.1,126.68,31.0,1.5,030 km N 77° E of Lingig (Surigao Del Sur),Ms,TECTONIC
265,2025-09-25 09:00:27+00:00,15.73,122.0,12.0,4.1,046 km S 06° E of Dinalungan (Aurora),Ms,TECTONIC
266,2025-09-25 08:57:22+00:00,15.73,121.97,20.0,1.9,044 km S 85° E of Baler (Aurora),Ms,TECTONIC
267,2025-09-25 08:35:21+00:00,18.4,120.97,9.0,1.9,010 km S 47° E of Adams (Ilocos Norte),Ms,TECTONIC
268,2025-09-25 08:24:52+00:00,12.6,123.51,3.0,2.1,014 km N 04° E of Baleno (Masbate),Ms,TECTONIC
269,2025-09-25 06:50:30+00:00,15.55,122.38,17.0,2.6,080 km S 34° E of Dinalungan (Aurora),Ms,TECTONIC
270,2025-09-25 03:57:47+00:00,13.53,120.64,1.0,2.4,014 km N 45° W of Abra De Ilog (Occidental Mindoro),Ms,TECTONIC
271,2025-09-25 02:28:00+00:00,9.55,126.51,11.0,3.5,046 km S 57° E of General Luna (Surigao Del Norte),Ms,TECTONIC
272,2025-09-25 02:12:41+00:00,16.75,119.88,38.0,2.3,040 km N 02° W of Bolinao (Pangasinan),Ms,TECTONIC
273,2025-09-25 01:10:51+00:00,10.08,125.1,14.0,2.0,010 km N 59° E of Padre Burgos (Southern Leyte),Ms,TECTONIC
274,2025-09-25 00:37:38+00:00,10.01,125.07,14.0,3.7,007 km S 73° E of Padre Burgos (Southern Leyte),Ms,TECTONIC
275,2025-09-24 23:11:47+00:00,13.4,120.29,8.0,1.8,019 km S 85° W of Paluan (Occidental Mindoro),Ms,TECTONIC
276,2025-09-24 22:57:07+00:00,7.82,121.98,10.0,2.9,021 km N 55° W of Siocon (Zamboanga Del Norte),Ms,TECTONIC
277,2025-09-24 21:28:53+00:00,5.71,127.0,35.0,3.5,151 km S 82° E of Jose Abad Santos (Davao Occidental),Ms,TECTONIC
278,2025-09-24 20:22:36+00:00,17.97,120.78,10.0,2.1,014 km S 85° E of Banna (Ilocos Norte),Ms,TECTONIC
279,2025-09-24 19:57:03+00:00,8.49,125.74,29.0,2.0,001 km S 22° W of San Luis (Agusan Del Sur),Ms,TECTONIC
280,2025-09-24 19:56:28+00:00,16.96,119.85,24.0,3.6,058 km N 78° W of Luna (La Union),Ms,TECTONIC
281,2025-09-24 19:02:48+00:00,9.5,123.83,10.0,1.7,013 km S 43° E of Panglao (Bohol),Ms,TECTONIC
282,2025-09-24 19:02:19+00:00,16.2,122.11,16.0,1.6,009 km S 11° W of Casiguran (Aurora),Ms,TECTONIC
283,2025-09-24 17:51:39+00:00,9.04,126.49,23.0,1.9,024 km N 70° E of Bayabas (Surigao Del Sur),Ms,TECTONIC
284,2025-09-24 15:29:21+00:00,10.02,126.02,24.0,2.1,002 km West of Santa Monica (Surigao Del Norte),Ms,TECTONIC
285,2025-09-24 15:07:45+00:00,14.26,119.28,20.0,2.8,101 km N 64° W of Lubang (Occidental Mindoro),Ms,TECTONIC
286,2025-09-24 14:04:13+00:00,15.54,119.94,39.0,2.0,002 km N 79° W of Masinloc (Zambales),Ms,TECTONIC
287,2025-09-24 10:18:16+00:00,8.71,126.85,7.0,2.6,068 km N 56° E of Hinatuan (Surigao Del Sur),Ms,TECTONIC
288,2025-09-24 09:46:23+00:00,10.26,126.25,12.0,3.0,033 km N 36° E of Burgos (Surigao Del Norte),Ms,TECTONIC
289,2025-09-24 08:19:14+00:00,5.38,126.31,70.0,2.8,093 km S 83° E of Sarangani Island (Municipality Of Sarangani) (Davao Occidental),Ms,TECTONIC
290,2025-09-24 08:09:58+00:00,13.68,120.62,87.0,1.6,017 km S 05° W of Calatagan (Batangas),Ms,TECTONIC
291,2025-09-24 08:00:03+00:00,19.1,122.5,35.0,2.2,070 km N 73° E of Camiguin Island (Calayan) (Cagayan),Ms,TECTONIC
292,2025-09-24 07:12:47+00:00,13.68,120.25,12.0,2.2,004 km S 01° E of Looc (Occidental Mindoro),Ms,TECTONIC
293,2025-09-24 03:37:53+00:00,9.32,126.4,13.0,2.3,023 km N 78° E of Cortes (Surigao Del Sur),Ms,TECTONIC
294,2025-09-24 02:09:10+00:00,6.82,126.75,18.0,2.5,042 km S 53° E of Tarragona (Davao Oriental),Ms,TECTONIC
295,2025-09-23 23:32:50+00:00,10.5,126.78,28.0,3.6,093 km N 56° E of Burgos (Surigao Del Norte),Ms,TECTONIC
296,2025-09-23 23:08:44+00:00,14.13,120.42,78.0,2.0,024 km N 74° W of Nasugbu (Batangas),Ms,TECTONIC
297,2025-09-23 22:44:01+00:00,7.19,124.0,5.0,3.2,014 km N 09° W of Datu Blah T. Sinsuat (Maguindanao Del Norte),Ms,TECTONIC
298,2025-09-23 22:03:44+00:00,3.24,126.71,45.0,4.1,280 km S 31° E of Balut Island (Municipality Of Sarangani) (Davao Occidental),Ms,TECTONIC
299,2025-09-23 21:47:31+00:00,6.48,125.85,154.0,3.1,028 km N 74° E of Malita (Davao Occidental),Ms,TECTONIC
300,2025-09-23 21:14:12+00:00,12.75,121.21,4.0,2.5,030 km S 64° W of Bansud (Oriental Mindoro),Ms,TECTONIC
301,2025-09-23 20:47:06+00:00,12.01,126.09,13.0,2.2,066 km S 88° E of Dolores (Eastern Samar),Ms,TECTONIC
302,2025-09-23 18:14:08+00:00,10.06,126.3,14.0,3.0,026 km N 79° E of Burgos (Surigao Del Norte),Ms,TECTONIC
303,2025-09-23 18:12:18+00:00,7.58,126.06,5.0,1.8,009 km N 67° W of New Bataan (Davao De Oro),Ms,TECTONIC
304,2025-09-23 18:09:01+00:00,9.76,126.73,21.0,2.3,063 km S 87° E of General Luna (Surigao Del Norte),Ms,TECTONIC
305,2025-09-23 18:05:12+00:00,9.88,126.18,25.0,2.1,009 km N 81° E of Pilar (Surigao Del Norte),Ms,TECTONIC
306,2025-09-23 17:57:49+00:00,9.56,126.49,18.0,2.5,046 km N 47° E of Cortes (Surigao Del Sur),Ms,TECTONIC
307,2025-09-23 17:19:18+00:00,5.79,127.66,53.0,3.4,193 km S 44° E of Tarragona (Davao Oriental),Ms,TECTONIC
308,2025-09-23 17:06:04+00:00,13.68,120.63,97.0,1.7,017 km S 01° E of Calatagan (Batangas),Ms,TECTONIC
309,2025-09-23 16:41:10+00:00,7.87,124.63,7.0,2.6,011 km N 30° W of Amai Manabilang (Lanao Del Sur),Ms,TECTONIC
310,2025-09-23 15:57:20+00:00,4.94,127.52,134.0,4.1,235 km S 75° E of Sarangani Island (Municipality Of Sarangani) (Davao Occidental),Ms,TECTONIC
311,2025-09-23 15:39:51+00:00,6.5,126.98,51.0,3.9,085 km S 44° E of Tarragona (Davao Oriental),Ms,TECTONIC
312,2025-09-23 15:04:28+00:00,7.22,122.03,33.0,1.9,008 km S 26° W of Sibuco (Zamboanga Del Norte),Ms,TECTONIC
313,2025-09-23 14:39:22+00:00,9.76,126.32,14.0,1.9,018 km S 83° E of General Luna (Surigao Del Norte),Ms,TECTONIC
314,2025-09-23 14:18:16+00:00,10.99,125.78,14.0,2.5,008 km S 56° E of Guiuan (Eastern Samar),Ms,TECTONIC
315,2025-09-23 13:40:58+00:00,6.23,126.39,93.0,2.3,059 km S 37° E of Governor Generoso (Davao Oriental),Ms,TECTONIC
316,2025-09-23 13:15:33+00:00,9.29,126.05,17.0,2.0,007 km N 11° W of Lanuza (Surigao Del Sur),Ms,TECTONIC
317,2025-09-23 13:12:03+00:00,5.49,125.69,167.0,3.0,024 km N 86° E of Sarangani Island (Municipality Of Sarangani) (Davao Occidental),Ms,TECTONIC
318,2025-09-23 12:49:38+00:00,8.58,123.37,33.0,1.9,003 km S 80° E of City Of Dipolog (Zamboanga Del Norte),Ms,TECTONIC
319,2025-09-23 12:20:35+00:00,10.02,126.11,32.0,1.5,004 km N 82° E of Burgos (Surigao Del Norte),Ms,TECTONIC
320,2025-09-23 12:09:39+00:00,10.13,126.16,17.0,3.8,016 km N 37° E of Burgos (Surigao Del Norte),Ms,TECTONIC
321,2025-09-23 11:48:02+00:00,20.4,123.23,26.0,2.8,132 km S 87° E of Basco (Batanes),Ms,TECTONIC
322,2025-09-23 09:09:34+00:00,7.82,122.73,26.0,1.4,003 km N 54° W of Kabasalan (Zamboanga Sibugay),Ms,TECTONIC
323,2025-09-23 06:36:49+00:00,7.5,125.65,38.0,2.0,005 km S 43° E of Santo Tomas (Davao Del Norte),Ms,TECTONIC
324,2025-09-23 06:31:30+00:00,17.37,120.27,26.0,2.5,019 km N 75° W of San Esteban (Ilocos Sur),Ms,TECTONIC
325,2025-09-23 05:56:06+00:00,15.91,120.73,26.0,2.4,006 km N 75° E of Balungao (Pangasinan),Ms,TECTONIC
326,2025-09-23 03:42:25+00:00,13.88,120.43,205.0,2.6,022 km N 76° W of Calatagan (Batangas),Ms,TECTONIC
327,2025-09-22 23:54:13+00:00,6.51,126.1,121.0,2.3,016 km S 09° E of Governor Generoso (Davao Oriental),Ms,TECTONIC
328,2025-09-22 23:46:06+00:00,7.14,124.03,11.0,3.2,008 km N 07° E of Datu Blah T. Sinsuat (Maguindanao Del Norte),Ms,TECTONIC
329,2025-09-22 23:20:51+00:00,7.09,123.98,1.0,2.0,005 km N 67° W of Datu Blah T. Sinsuat (Maguindanao Del Norte),Ms,TECTONIC
330,2025-09-22 23:17:59+00:00,9.66,126.68,14.0,3.0,058 km S 77° E of General Luna (Surigao Del Norte),Ms,TECTONIC
331,2025-09-22 22:14:49+00:00,9.45,126.24,24.0,2.3,020 km N 15° E of Cortes (Surigao Del Sur),Ms,TECTONIC
332,2025-09-22 21:34:24+00:00,7.8,124.55,4.0,2.3,015 km N 83° W of Amai Manabilang (Lanao Del Sur),Ms,TECTONIC
333,2025-09-22 21:22:16+00:00,16.54,120.67,7.0,3.1,008 km N 30° E of Tublay (Benguet),Ms,TECTONIC
334,2025-09-22 20:32:52+00:00,19.65,121.27,20.0,4.5,048 km N 27° W of Calayan (Cagayan),Mw,TECTONIC
335,2025-09-22 20:18:36+00:00,10.13,126.17,14.0,2.3,016 km N 41° E of Burgos (Surigao Del Norte),Ms,TECTONIC
336,2025-09-22 19:48:58+00:00,5.42,127.27,16.0,2.7,190 km S 44° E of Governor Generoso (Davao Oriental),Ms,TECTONIC
337,2025-09-22 19:24:16+00:00,7.74,122.15,8.0,2.0,004 km N 30° E of Siocon (Zamboanga Del Norte),Ms,TECTONIC
338,2025-09-22 19:01:38+00:00,9.55,126.12,30.0,2.2,019 km S 65° E of Socorro (Surigao Del Norte),Ms,TECTONIC
339,2025-09-22 19:01:12+00:00,7.11,124.19,28.0,1.5,017 km N 53° W of Datu Odin Sinsuat (Maguindanao Del Norte),Ms,TECTONIC
340,2025-09-22 18:23:06+00:00,7.5,126.08,33.0,1.6,008 km S 53° W of New Bataan (Davao De Oro),Ms,TECTONIC
341,2025-09-22 18:20:32+00:00,9.29,126.52,8.0,1.7,036 km N 87° E of Cortes (Surigao Del Sur),Ms,TECTONIC
342,2025-09-22 18:06:38+00:00,9.33,126.25,16.0,2.1,009 km N 46° E of Cortes (Surigao Del Sur),Ms,TECTONIC
343,2025-09-22 18:05:42+00:00,7.7,124.76,24.0,1.7,005 km S 12° E of Kalilangan (Bukidnon),Ms,TECTONIC
344,2025-09-22 18:05:16+00:00,7.5,126.05,35.0,1.4,012 km S 61° W of New Bataan (Davao De Oro),Ms,TECTONIC
345,2025-09-22 17:50:19+00:00,5.31,126.36,24.0,2.7,100 km S 79° E of Sarangani Island (Municipality Of Sarangani) (Davao Occidental),Ms,TECTONIC
346,2025-09-22 17:27:13+00:00,7.55,126.05,33.0,2.1,009 km S 89° W of New Bataan (Davao De Oro),Ms,TECTONIC
347,2025-09-22 17:14:09+00:00,8.77,126.26,24.0,2.2,005 km N 59° E of San Agustin (Surigao Del Sur),Ms,TECTONIC
348,2025-09-22 16:38:51+00:00,10.46,123.86,2.0,2.4,014 km N 47° W of Consolacion (Cebu),Ms,TECTONIC
349,2025-09-22 16:06:40+00:00,7.71,122.16,9.0,1.5,003 km N 75° E of Siocon (Zamboanga Del Norte),Ms,TECTONIC
350,2025-09-22 15:20:44+00:00,6.02,125.96,42.0,2.0,035 km S 56° E of Don Marcelino (Davao Occidental),Ms,TECTONIC
351,2025-09-22 15:05:51+00:00,7.09,123.88,34.0,1.5,016 km N 81° W of Datu Blah T. Sinsuat (Maguindanao Del Norte),Ms,TECTONIC
352,2025-09-22 14:53:16+00:00,7.07,123.97,2.0,2.6,005 km N 88° W of Datu Blah T. Sinsuat (Maguindanao Del Norte),Ms,TECTONIC
353,2025-09-22 14:51:51+00:00,8.47,125.84,47.0,2.7,007 km N 67° E of Talacogon (Agusan Del Sur),Ms,TECTONIC
354,2025-09-22 14:40:16+00:00,7.08,124.0,3.0,2.2,002 km N 60° W of Datu Blah T. Sinsuat (Maguindanao Del Norte),Ms,TECTONIC
355,2025-09-22 14:32:01+00:00,7.14,123.99,1.0,3.3,008 km N 22° W of Datu Blah T. Sinsuat (Maguindanao Del Norte),Ms,TECTONIC
356,2025-09-22 14:27:42+00:00,7.1,123.99,2.0,3.1,005 km N 50° W of Datu Blah T. Sinsuat (Maguindanao Del Norte),Ms,TECTONIC
357,2025-09-22 14:06:20+00:00,7.05,123.95,1.0,2.8,008 km S 75° W of Datu Blah T. Sinsuat (Maguindanao Del Norte),Ms,TECTONIC
358,2025-09-22 14:00:29+00:00,7.06,123.96,1.0,2.6,007 km S 85° W of Datu Blah T. Sinsuat (Maguindanao Del Norte),Ms,TECTONIC
359,2025-09-22 13:47:27+00:00,7.63,121.99,19.0,2.2,018 km S 61° W of Siocon (Zamboanga Del Norte),Ms,TECTONIC
360,2025-09-22 10:49:42+00:00,6.01,125.46,72.0,2.4,020 km N 76° E of Malapatan (Sarangani),Ms,TECTONIC
361,2025-09-22 10:40:12+00:00,10.01,126.18,9.0,2.7,011 km S 87° E of Burgos (Surigao Del Norte),Ms,TECTONIC
362,2025-09-22 09:43:08+00:00,10.09,123.5,12.0,2.1,003 km S 19° W of Barili (Cebu),Ms,TECTONIC
363,2025-09-22 09:15:06+00:00,8.22,126.05,1.0,2.6,007 km N 52° E of Bunawan (Agusan Del Sur),Ms,TECTONIC
364,2025-09-22 07:17:39+00:00,5.84,126.33,52.0,3.0,076 km S 84° E of Jose Abad Santos (Davao Occidental),Ms,TECTONIC
365,2025-09-22 06:21:00+00:00,11.25,124.6,7.0,2.7,007 km S 43° W of Capoocan (Leyte),Ms,TECTONIC
366,2025-09-22 06:17:18+00:00,13.01,121.22,3.0,1.9,019 km S 21° W of Victoria (Oriental Mindoro),Ms,TECTONIC
367,2025-09-22 05:49:30+00:00,7.68,121.9,11.0,2.5,026 km S 85° W of Siocon (Zamboanga Del Norte),Ms,TECTONIC
368,2025-09-22 05:40:48+00:00,7.47,126.07,17.0,2.9,011 km S 40° W of New Bataan (Davao De Oro),Ms,TECTONIC
369,2025-09-22 03:26:21+00:00,7.72,125.68,4.0,2.8,006 km S 58° W of San Isidro (Davao Del Norte),Ms,TECTONIC
370,2025-09-22 03:02:10+00:00,7.84,121.97,10.0,4.4,024 km N 50° W of Siocon (Zamboanga Del Norte),Mw,TECTONIC
371,2025-09-22 02:11:16+00:00,7.82,121.91,4.0,4.6,028 km N 63° W of Siocon (Zamboanga Del Norte),Mw,TECTONIC
372,2025-09-22 01:52:40+00:00,10.77,124.86,1.0,2.2,008 km S 75° W of Javier (Leyte),Ms,TECTONIC
373,2025-09-22 00:10:54+00:00,12.53,123.53,9.0,2.3,008 km N 29° E of Baleno (Masbate),Ms,TECTONIC
374,2025-09-22 00:04:02+00:00,6.55,126.36,32.0,2.6,034 km S 71° E of Governor Generoso (Davao Oriental),Ms,TECTONIC
375,2025-09-21 22:56:30+00:00,5.49,125.84,136.0,2.7,041 km N 87° E of Sarangani Island (Municipality Of Sarangani) (Davao Occidental),Ms,TECTONIC
376,2025-09-21 22:01:17+00:00,13.87,120.45,19.0,1.6,020 km N 77° W of Calatagan (Batangas),Ms,TECTONIC
377,2025-09-21 21:22:42+00:00,14.29,119.21,32.0,2.6,110 km N 64° W of Lubang (Occidental Mindoro),Ms,TECTONIC
378,2025-09-21 19:56:09+00:00,7.97,122.33,25.0,1.6,009 km S 79° W of Gutalac (Zamboanga Del Norte),Ms,TECTONIC
379,2025-09-21 19:26:23+00:00,7.76,122.26,27.0,1.6,014 km S 65° E of Baliguian (Zamboanga Del Norte),Ms,TECTONIC
380,2025-09-21 18:22:41+00:00,5.68,127.17,88.0,2.6,162 km S 48° E of Governor Generoso (Davao Oriental),Ms,TECTONIC
381,2025-09-21 18:15:40+00:00,18.48,120.95,1.0,2.4,005 km N 67° E of Adams (Ilocos Norte),Ms,TECTONIC
382,2025-09-21 18:12:21+00:00,12.31,125.22,11.0,2.9,003 km N 43° W of Jipapad (Eastern Samar),Ms,TECTONIC
383,2025-09-21 17:53:23+00:00,10.49,125.96,18.0,2.6,038 km S 43° E of Homonhon Island (Guiuan) (Eastern Samar),Ms,TECTONIC
384,2025-09-21 17:31:03+00:00,12.84,124.27,111.0,4.0,013 km S 77° E of Barcelona (Sorsogon),Ms,TECTONIC
385,2025-09-21 17:13:42+00:00,13.79,123.1,35.0,1.5,007 km N 15° W of Cabusao (Camarines Sur),Ms,TECTONIC
386,2025-09-21 17:10:42+00:00,13.12,119.54,20.0,2.5,102 km S 49° W of Looc (Occidental Mindoro),Ms,TECTONIC
387,2025-09-21 16:58:04+00:00,8.72,126.39,27.0,1.9,013 km S 48° E of Marihatag (Surigao Del Sur),Ms,TECTONIC
388,2025-09-21 16:48:03+00:00,10.16,122.41,4.0,2.4,032 km N 49° W of Cauayan (Negros Occidental),Ms,TECTONIC
389,2025-09-21 14:36:23+00:00,5.92,127.62,28.0,3.7,180 km S 46° E of Tarragona (Davao Oriental),Ms,TECTONIC
390,2025-09-21 13:55:15+00:00,13.56,120.38,2.0,2.2,023 km S 37° E of Looc (Occidental Mindoro),Ms,TECTONIC
391,2025-09-21 13:51:50+00:00,13.46,120.11,11.0,2.3,033 km S 28° W of Looc (Occidental Mindoro),Ms,TECTONIC
392,2025-09-21 13:11:51+00:00,14.01,119.99,13.0,2.2,022 km N 41° W of Lubang (Occidental Mindoro),Ms,TECTONIC
393,2025-09-21 11:04:04+00:00,10.52,125.04,2.0,2.4,013 km S 87° W of Silago (Southern Leyte),Ms,TECTONIC
394,2025-09-21 10:42:43+00:00,17.54,120.68,6.0,3.1,004 km N 82° W of Bucay (Abra),Ms,TECTONIC
395,2025-09-21 10:02:00+00:00,16.47,122.33,7.0,2.6,010 km S 49° E of Dinapigue (Isabela),Ms,TECTONIC
396,2025-09-21 09:46:52+00:00,16.52,121.06,3.0,3.1,003 km S 59° E of Ambaguio (Nueva Vizcaya),Ms,TECTONIC
397,2025-09-21 09:02:53+00:00,14.37,120.37,112.0,2.3,015 km S 60° W of Mariveles (Bataan),Ms,TECTONIC
398,2025-09-21 08:25:52+00:00,12.9,124.34,99.0,4.0,022 km S 45° E of Prieto Diaz (Sorsogon),Ms,TECTONIC
399,2025-09-21 07:39:38+00:00,10.77,122.35,3.0,2.7,003 km N 77° E of Tubungan (Iloilo),Ms,TECTONIC
400,2025-09-21 07:05:22+00:00,10.52,126.66,19.0,3.3,084 km N 49° E of Burgos (Surigao Del Norte),Ms,TECTONIC
401,2025-09-21 05:21:44+00:00,9.92,125.99,10.0,2.0,005 km S 27° W of San Benito (Surigao Del Norte),Ms,TECTONIC
402,2025-09-21 05:12:15+00:00,12.62,124.91,40.0,2.3,007 km N 13° W of Pambujan (Northern Samar),Ms,TECTONIC
403,2025-09-21 03:49:13+00:00,15.39,119.9,29.0,2.6,010 km N 51° W of Iba (Zambales),Ms,TECTONIC
404,2025-09-21 01:15:50+00:00,10.14,125.1,11.0,2.0,003 km S 51° W of Liloan (Southern Leyte),Ms,TECTONIC
405,2025-09-21 00:40:53+00:00,7.76,122.28,19.0,1.4,015 km S 70° E of Baliguian (Zamboanga Del Norte),Ms,TECTONIC
406,2025-09-21 00:27:03+00:00,7.74,126.08,21.0,2.4,008 km N 05° W of Compostela (Davao De Oro),Ms,TECTONIC
407,2025-09-20 23:50:38+00:00,8.22,126.53,30.0,1.8,023 km N 87° E of City Of Bislig (Surigao Del Sur),Ms,TECTONIC
408,2025-09-20 21:37:31+00:00,9.35,126.22,34.0,2.3,009 km N 21° E of Cortes (Surigao Del Sur),Ms,TECTONIC
409,2025-09-20 21:03:59+00:00,9.91,123.9,33.0,1.2,004 km N 56° E of Calape (Bohol),Ms,TECTONIC
410,2025-09-20 20:20:26+00:00,9.53,122.45,29.0,2.4,008 km S 14° W of Hinoba-an (Negros Occidental),Ms,TECTONIC
411,2025-09-20 20:03:51+00:00,7.89,122.12,32.0,2.8,010 km N 18° W of Baliguian (Zamboanga Del Norte),Ms,TECTONIC
412,2025-09-20 20:03:14+00:00,14.01,120.43,84.0,2.9,023 km S 73° W of Nasugbu (Batangas),Ms,TECTONIC
413,2025-09-20 19:45:20+00:00,11.55,125.27,36.0,1.6,019 km S 68° W of City Of Borongan (Eastern Samar),Ms,TECTONIC
414,2025-09-20 19:39:06+00:00,10.0,126.07,23.0,2.3,002 km S 05° W of Burgos (Surigao Del Norte),Ms,TECTONIC
415,2025-09-20 18:54:32+00:00,4.76,124.07,476.0,3.9,149 km S 24° W of Kiamba (Sarangani),Ms,TECTONIC
416,2025-09-20 18:28:26+00:00,17.64,120.44,3.0,2.0,004 km S 88° E of Santo Domingo (Ilocos Sur),Ms,TECTONIC
417,2025-09-20 18:18:48+00:00,8.95,122.84,7.0,2.3,025 km S 59° W of Siaton (Negros Oriental),Ms,TECTONIC
418,2025-09-20 18:10:12+00:00,15.35,119.53,33.0,1.6,042 km S 77° W of Palauig (Zambales),Ms,TECTONIC
419,2025-09-20 18:03:27+00:00,9.71,126.08,20.0,2.3,006 km S 31° E of Dapa (Surigao Del Norte),Ms,TECTONIC
420,2025-09-20 17:56:53+00:00,8.93,122.81,11.0,2.3,028 km S 59° W of Siaton (Negros Oriental),Ms,TECTONIC
421,2025-09-20 17:18:22+00:00,9.7,125.93,34.0,1.3,010 km N 22° W of Socorro (Surigao Del Norte),Ms,TECTONIC
422,2025-09-20 17:17:56+00:00,5.99,126.27,29.0,2.2,068 km S 70° E of Don Marcelino (Davao Occidental),Ms,TECTONIC
423,2025-09-20 17:04:20+00:00,9.67,126.72,30.0,3.0,063 km S 79° E of General Luna (Surigao Del Norte),Ms,TECTONIC
424,2025-09-20 16:56:06+00:00,16.93,119.99,17.0,3.2,043 km N 78° W of Luna (La Union),Ms,TECTONIC
425,2025-09-20 16:48:40+00:00,13.59,120.89,9.0,2.0,008 km S 16° E of Tingloy (Batangas),Ms,TECTONIC
426,2025-09-20 16:48:35+00:00,7.08,124.01,2.0,2.1,002 km N 25° W of Datu Blah T. Sinsuat (Maguindanao Del Norte),Ms,TECTONIC
427,2025-09-20 16:44:31+00:00,15.38,119.62,12.0,2.9,032 km S 79° W of Palauig (Zambales),Ms,TECTONIC
428,2025-09-20 16:41:48+00:00,12.55,123.53,6.0,2.6,009 km N 20° E of Baleno (Masbate),Ms,TECTONIC
429,2025-09-20 16:27:02+00:00,8.54,122.47,17.0,1.9,053 km N 07° W of Labason (Zamboanga Del Norte),Ms,TECTONIC
430,2025-09-20 16:08:24+00:00,7.08,124.14,33.0,2.0,008 km N 14° W of Upi (Maguindanao Del Norte),Ms,TECTONIC
431,2025-09-20 15:50:11+00:00,17.4,120.41,16.0,1.5,007 km S 69° W of Narvacan (Ilocos Sur),Ms,TECTONIC
432,2025-09-20 15:33:45+00:00,13.95,119.88,9.0,3.0,028 km N 68° W of Lubang (Occidental Mindoro),Ms,TECTONIC
433,2025-09-20 15:09:15+00:00,8.53,122.43,29.0,2.5,052 km N 12° W of Labason (Zamboanga Del Norte),Ms,TECTONIC
434,2025-09-20 14:52:17+00:00,8.38,122.43,29.0,1.5,036 km N 17° W of Labason (Zamboanga Del Norte),Ms,TECTONIC
435,2025-09-20 14:50:10+00:00,8.55,122.45,10.0,2.9,055 km N 09° W of Labason (Zamboanga Del Norte),Ms,TECTONIC
436,2025-09-20 14:47:16+00:00,8.55,122.42,27.0,3.7,055 km N 13° W of Labason (Zamboanga Del Norte),Ms,TECTONIC
437,2025-09-20 14:43:02+00:00,8.55,122.45,15.0,2.7,053 km N 28° W of Liloy (Zamboanga Del Norte),Ms,TECTONIC
438,2025-09-20 14:32:32+00:00,8.55,122.36,32.0,2.2,056 km N 18° W of Labason (Zamboanga Del Norte),Ms,TECTONIC
439,2025-09-20 14:24:13+00:00,11.35,124.61,21.0,1.9,007 km N 31° W of Capoocan (Leyte),Ms,TECTONIC
440,2025-09-20 14:22:03+00:00,13.88,120.54,66.0,1.5,012 km N 62° W of Calatagan (Batangas),Ms,TECTONIC
441,2025-09-20 14:03:11+00:00,7.62,124.76,34.0,1.2,005 km S 59° E of Wao (Lanao Del Sur),Ms,TECTONIC
442,2025-09-20 12:11:37+00:00,18.33,120.76,1.0,2.3,015 km S 87° E of Pasuquin (Ilocos Norte),Ms,TECTONIC
443,2025-09-20 07:43:01+00:00,13.76,120.59,104.0,1.5,009 km S 30° W of Calatagan (Batangas),Ms,TECTONIC
444,2025-09-20 06:26:15+00:00,9.27,126.08,10.0,2.7,005 km N 34° E of Lanuza (Surigao Del Sur),Ms,TECTONIC
445,2025-09-20 05:32:19+00:00,6.46,126.24,18.0,4.2,029 km S 41° E of Governor Generoso (Davao Oriental),Ms,TECTONIC
446,2025-09-20 03:31:36+00:00,13.57,123.7,14.0,2.1,013 km N 07° E of Tiwi (Albay),Ms,TECTONIC
447,2025-09-20 02:44:33+00:00,13.68,120.59,118.0,2.1,018 km S 13° W of Calatagan (Batangas),Ms,TECTONIC
448,2025-09-20 02:39:41+00:00,3.15,126.87,12.0,4.0,298 km S 33° E of Balut Island (Municipality Of Sarangani) (Davao Occidental),Ms,TECTONIC
449,2025-09-19 22:54:49+00:00,12.23,124.87,57.0,2.2,010 km N 12° W of Matuguinao (Samar),Ms,TECTONIC
450,2025-09-19 22:19:05+00:00,9.87,126.48,24.0,2.3,037 km N 75° E of General Luna (Surigao Del Norte),Ms,TECTONIC
451,2025-09-19 22:18:19+00:00,9.86,126.56,65.0,1.7,045 km N 79° E of General Luna (Surigao Del Norte),Ms,TECTONIC
452,2025-09-19 21:27:01+00:00,17.82,120.81,9.0,2.8,011 km N 04° W of Tineg (Abra),Ms,TECTONIC
453,2025-09-19 21:13:27+00:00,13.19,120.93,33.0,1.3,026 km N 62° E of Santa Cruz (Occidental Mindoro),Ms,TECTONIC
454,2025-09-19 21:09:55+00:00,12.96,121.4,35.0,1.6,008 km S 83° W of Gloria (Oriental Mindoro),Ms,TECTONIC
455,2025-09-19 20:43:46+00:00,13.59,120.66,100.0,2.5,018 km N 25° W of Abra De Ilog (Occidental Mindoro),Ms,TECTONIC
456,2025-09-19 20:39:54+00:00,18.96,120.99,4.0,1.9,029 km S 54° W of Dalupiri Island (Calayan) (Cagayan),Ms,TECTONIC
457,2025-09-19 18:39:29+00:00,9.96,126.27,10.0,2.7,020 km N 82° E of San Isidro (Surigao Del Norte),Ms,TECTONIC
458,2025-09-19 18:35:40+00:00,13.19,124.18,32.0,1.4,005 km N 81° E of Rapu-rapu (Albay),Ms,TECTONIC
459,2025-09-19 18:23:46+00:00,13.47,123.91,69.0,2.0,023 km N 57° E of City Of Tabaco (Albay),Ms,TECTONIC
460,2025-09-19 18:08:50+00:00,12.99,124.54,12.0,2.6,038 km S 82° E of Prieto Diaz (Sorsogon),Ms,TECTONIC
461,2025-09-19 18:06:05+00:00,4.39,126.56,120.0,3.5,170 km S 48° E of Balut Island (Municipality Of Sarangani) (Davao Occidental),Ms,TECTONIC
462,2025-09-19 17:57:20+00:00,9.64,126.17,29.0,2.4,016 km S 06° E of General Luna (Surigao Del Norte),Ms,TECTONIC
463,2025-09-19 17:45:38+00:00,9.5,125.93,20.0,2.3,014 km S 18° W of Socorro (Surigao Del Norte),Ms,TECTONIC
464,2025-09-19 17:38:32+00:00,9.42,125.93,1.0,2.3,006 km N 17° W of Carrascal (Surigao Del Sur),Ms,TECTONIC
465,2025-09-19 17:30:56+00:00,9.4,125.94,11.0,3.5,004 km N 21° W of Carrascal (Surigao Del Sur),Ms,TECTONIC
466,2025-09-19 17:26:05+00:00,16.9,119.91,21.0,3.2,050 km N 84° W of Luna (La Union),Ms,TECTONIC
467,2025-09-19 17:17:48+00:00,15.64,120.03,27.0,1.5,011 km N 81° E of Candelaria (Zambales),Ms,TECTONIC
468,2025-09-19 16:40:26+00:00,16.91,119.99,18.0,2.4,042 km N 81° W of Luna (La Union),Ms,TECTONIC
469,2025-09-19 16:37:32+00:00,4.37,125.69,106.0,3.5,119 km S 15° E of Balut Island (Municipality Of Sarangani) (Davao Occidental),Ms,TECTONIC
470,2025-09-19 16:21:29+00:00,9.44,125.28,3.0,2.2,024 km S 34° W of Malimono (Surigao Del Norte),Ms,TECTONIC
471,2025-09-19 16:19:01+00:00,12.89,123.1,21.0,2.1,016 km S 84° W of Claveria (Masbate),Ms,TECTONIC
472,2025-09-19 16:07:10+00:00,12.8,123.04,6.0,2.9,025 km S 65° W of Claveria (Masbate),Ms,TECTONIC
473,2025-09-19 15:49:43+00:00,13.53,120.21,4.0,1.7,021 km S 12° W of Looc (Occidental Mindoro),Ms,TECTONIC
474,2025-09-19 15:38:52+00:00,8.15,126.67,26.0,1.7,031 km N 67° E of Lingig (Surigao Del Sur),Ms,TECTONIC
475,2025-09-19 15:30:55+00:00,8.08,124.78,33.0,1.4,026 km S 48° E of Talakag (Bukidnon),Ms,TECTONIC
476,2025-09-19 14:58:36+00:00,6.44,126.15,24.0,2.3,025 km S 20° E of Governor Generoso (Davao Oriental),Ms,TECTONIC
477,2025-09-19 14:43:07+00:00,7.72,126.86,29.0,2.1,037 km N 65° E of Baganga (Davao Oriental),Ms,TECTONIC
478,2025-09-19 14:42:06+00:00,17.02,119.63,12.0,2.9,075 km N 22° W of Bolinao (Pangasinan),Ms,TECTONIC
479,2025-09-19 14:16:05+00:00,6.73,126.85,151.0,2.4,057 km S 51° E of Tarragona (Davao Oriental),Ms,TECTONIC
480,2025-09-19 14:04:00+00:00,10.23,125.91,33.0,1.6,027 km N 32° W of Santa Monica (Surigao Del Norte),Ms,TECTONIC
481,2025-09-19 13:23:05+00:00,13.24,120.82,33.0,2.2,020 km N 31° E of Santa Cruz (Occidental Mindoro),Ms,TECTONIC
482,2025-09-19 13:10:57+00:00,15.12,122.09,1.0,2.4,033 km N 22° E of Burdeos (Quezon),Ms,TECTONIC
483,2025-09-19 12:14:51+00:00,15.11,121.95,12.0,2.5,023 km N 39° E of Panukulan (Quezon),Ms,TECTONIC
484,2025-09-19 11:52:13+00:00,7.31,127.02,27.0,3.4,050 km S 87° E of Caraga (Davao Oriental),Ms,TECTONIC
485,2025-09-19 11:41:42+00:00,9.98,126.11,22.0,3.0,005 km N 33° E of San Isidro (Surigao Del Norte),Ms,TECTONIC
486,2025-09-19 11:11:11+00:00,9.91,126.56,7.0,2.7,047 km N 72° E of General Luna (Surigao Del Norte),Ms,TECTONIC
487,2025-09-19 10:28:20+00:00,15.0,121.91,32.0,1.5,012 km N 53° E of Panukulan (Quezon),Ms,TECTONIC
488,2025-09-19 10:16:55+00:00,13.18,124.16,5.0,2.9,004 km S 71° E of Rapu-rapu (Albay),Ms,TECTONIC
489,2025-09-19 10:08:28+00:00,13.29,120.31,15.0,2.8,022 km S 50° W of Paluan (Occidental Mindoro),Ms,TECTONIC
490,2025-09-19 09:56:25+00:00,15.11,122.07,4.0,3.9,032 km N 20° E of Burdeos (Quezon),Ms,TECTONIC
491,2025-09-19 09:46:10+00:00,15.03,121.85,24.0,1.8,011 km N 21° E of Panukulan (Quezon),Ms,TECTONIC
492,2025-09-19 09:31:12+00:00,12.5,124.64,34.0,1.6,000 km South of Catarman (Northern Samar),Ms,TECTONIC
493,2025-09-19 09:25:20+00:00,18.55,120.75,32.0,2.0,002 km N 55° W of Bangui (Ilocos Norte),Ms,TECTONIC
494,2025-09-19 08:43:59+00:00,18.13,120.58,23.0,3.0,006 km S 19° W of San Nicolas (Ilocos Norte),Ms,TECTONIC
495,2025-09-19 08:03:32+00:00,9.9,125.59,2.0,1.9,006 km S 15° W of Dinagat (Dinagat Islands),Ms,TECTONIC
496,2025-09-19 07:58:44+00:00,16.22,122.1,41.0,1.7,007 km S 17° W of Casiguran (Aurora),Ms,TECTONIC
497,2025-09-19 06:52:24+00:00,12.24,121.27,5.0,3.3,012 km S 40° W of Bulalacao (Oriental Mindoro),Ms,TECTONIC
498,2025-09-19 05:11:24+00:00,9.86,126.2,3.0,2.5,009 km N 29° E of General Luna (Surigao Del Norte),Ms,TECTONIC
499,2025-09-19 03:09:40+00:00,10.95,123.24,74.0,1.6,008 km S 88° W of City Of Cadiz (Negros Occidental),Ms,TECTONIC
500,2025-09-19 01:21:43+00:00,12.95,124.74,8.0,2.8,047 km N 25° W of Pambujan (Northern Samar),Ms,TECTONIC
501,2025-09-19 01:01:07+00:00,13.7,120.98,30.0,1.6,007 km S 36° E of Mabini (Batangas),Ms,TECTONIC
502,2025-09-19 00:03:50+00:00,8.04,126.29,36.0,1.4,014 km S 89° W of Lingig (Surigao Del Sur),Ms,TECTONIC
503,2025-09-18 23:23:37+00:00,13.89,120.54,84.0,1.8,012 km N 58° W of Calatagan (Batangas),Ms,TECTONIC
504,2025-09-18 23:18:43+00:00,6.81,125.81,40.0,3.3,025 km S 67° W of Lupon (Davao Oriental),Ms,TECTONIC
505,2025-09-18 22:32:13+00:00,16.9,119.91,17.0,2.5,050 km N 84° W of Luna (La Union),Ms,TECTONIC
506,2025-09-18 22:30:04+00:00,16.21,122.36,9.0,2.7,026 km S 38° E of Dilasag (Aurora),Ms,TECTONIC
507,2025-09-18 22:02:32+00:00,16.96,119.91,18.0,3.6,051 km N 77° W of Luna (La Union),Ms,TECTONIC
508,2025-09-18 21:42:17+00:00,7.69,127.13,20.0,3.0,064 km N 78° E of Baganga (Davao Oriental),Ms,TECTONIC
509,2025-09-18 21:03:07+00:00,16.91,119.92,15.0,3.6,050 km N 83° W of Luna (La Union),Ms,TECTONIC
510,2025-09-18 20:46:32+00:00,20.0,121.48,32.0,3.0,055 km S 48° W of Sabtang (Batanes),Ms,TECTONIC
511,2025-09-18 20:30:19+00:00,13.67,120.62,97.0,2.2,018 km S 04° W of Calatagan (Batangas),Ms,TECTONIC
512,2025-09-18 20:30:01+00:00,16.93,119.86,25.0,2.3,056 km N 81° W of Luna (La Union),Ms,TECTONIC
513,2025-09-18 20:25:52+00:00,17.06,121.53,158.0,3.2,011 km N 72° W of San Manuel (Isabela),Ms,TECTONIC
514,2025-09-18 20:22:20+00:00,8.46,126.64,19.0,2.6,035 km N 73° E of Hinatuan (Surigao Del Sur),Ms,TECTONIC
515,2025-09-18 19:56:35+00:00,16.91,119.91,22.0,2.2,050 km N 83° W of Luna (La Union),Ms,TECTONIC
516,2025-09-18 19:52:10+00:00,16.95,119.9,20.0,5.5,052 km N 78° W of Luna (La Union),Ms,TECTONIC
517,2025-09-18 19:43:49+00:00,15.07,122.12,4.0,2.0,030 km N 34° E of Burdeos (Quezon),Ms,TECTONIC
518,2025-09-18 19:35:24+00:00,2.65,126.94,98.0,4.3,349 km S 29° E of Balut Island (Municipality Of Sarangani) (Davao Occidental),Ms,TECTONIC
519,2025-09-18 19:21:52+00:00,11.93,125.87,9.0,3.1,043 km S 74° E of Dolores (Eastern Samar),Ms,TECTONIC
520,2025-09-18 17:23:17+00:00,12.98,121.41,32.0,1.5,007 km N 80° W of Gloria (Oriental Mindoro),Ms,TECTONIC
521,2025-09-18 16:37:59+00:00,10.93,122.95,32.0,1.7,007 km N 34° W of Enrique B. Magalona (Negros Occidental),Ms,TECTONIC
522,2025-09-18 16:34:01+00:00,5.3,126.66,15.0,2.9,131 km S 59° E of Jose Abad Santos (Davao Occidental),Ms,TECTONIC
523,2025-09-18 16:33:39+00:00,6.98,121.94,18.0,1.9,038 km S 22° W of Sibuco (Zamboanga Del Norte),Ms,TECTONIC
524,2025-09-18 15:57:15+00:00,9.74,125.74,125.0,2.7,016 km N 18° E of Gigaquit (Surigao Del Norte),Ms,TECTONIC
525,2025-09-18 15:54:29+00:00,8.0,126.66,23.0,1.9,028 km S 82° E of Lingig (Surigao Del Sur),Ms,TECTONIC
526,2025-09-18 15:47:51+00:00,15.76,121.07,22.0,1.3,006 km N 31° W of Rizal (Nueva Ecija),Ms,TECTONIC
527,2025-09-18 15:25:00+00:00,7.99,126.93,13.0,4.2,057 km N 67° E of Cateel (Davao Oriental),Ms,TECTONIC
528,2025-09-18 15:01:27+00:00,6.49,126.71,33.0,2.3,068 km S 25° E of Tarragona (Davao Oriental),Ms,TECTONIC
529,2025-09-18 14:53:51+00:00,12.5,125.26,4.0,3.8,002 km N 16° E of Mapanas (Northern Samar),Ms,TECTONIC
530,2025-09-18 14:44:02+00:00,17.98,122.18,17.0,2.6,035 km N 73° E of Baggao (Cagayan),Ms,TECTONIC
531,2025-09-18 14:32:30+00:00,7.76,127.09,7.0,3.5,062 km N 71° E of Baganga (Davao Oriental),Ms,TECTONIC
532,2025-09-18 14:05:02+00:00,13.78,124.18,17.0,1.5,017 km S 55° W of Viga (Catanduanes),Ms,TECTONIC
533,2025-09-18 13:57:56+00:00,6.37,125.96,127.0,2.5,033 km S 21° W of Governor Generoso (Davao Oriental),Ms,TECTONIC
534,2025-09-18 13:37:18+00:00,19.0,121.06,13.0,2.3,019 km S 53° W of Dalupiri Island (Calayan) (Cagayan),Ms,TECTONIC
535,2025-09-18 13:22:33+00:00,15.41,120.11,33.0,1.5,016 km N 35° E of Botolan (Zambales),Ms,TECTONIC
536,2025-09-18 13:20:45+00:00,17.93,121.09,12.0,1.8,014 km S 42° W of Kabugao (Apayao),Ms,TECTONIC
537,2025-09-18 13:06:57+00:00,5.79,124.93,19.0,1.6,011 km S 43° W of Maasim (Sarangani),Ms,TECTONIC
538,2025-09-18 13:01:15+00:00,9.88,126.04,33.0,1.7,007 km N 71° W of Pilar (Surigao Del Norte),Ms,TECTONIC
539,2025-09-18 12:43:19+00:00,7.76,127.11,13.0,4.1,064 km N 71° E of Baganga (Davao Oriental),Ms,TECTONIC
540,2025-09-18 12:41:02+00:00,6.12,124.31,516.0,3.4,016 km S 53° E of Palimbang (Sultan Kudarat),Ms,TECTONIC
541,2025-09-18 11:57:37+00:00,13.26,120.6,15.0,1.3,004 km N 05° E of Mamburao (Occidental Mindoro),Ms,TECTONIC
542,2025-09-18 11:12:18+00:00,12.99,124.65,3.0,3.3,046 km N 42° E of Biri (Northern Samar),Ms,TECTONIC
543,2025-09-18 11:05:03+00:00,15.2,120.1,19.0,1.6,006 km N 50° E of Cabangan (Zambales),Ms,TECTONIC
544,2025-09-18 10:29:41+00:00,8.67,126.63,31.0,1.5,039 km S 69° E of Marihatag (Surigao Del Sur),Ms,TECTONIC
545,2025-09-18 10:06:17+00:00,10.59,125.48,73.0,1.6,027 km N 23° W of Loreto (Dinagat Islands),Ms,TECTONIC
546,2025-09-18 09:38:51+00:00,7.5,125.99,32.0,1.5,008 km S 85° E of Mawab (Davao De Oro),Ms,TECTONIC
547,2025-09-18 08:54:43+00:00,9.3,125.23,4.0,2.5,031 km N 10° E of Magsaysay (Misamis Oriental),Ms,TECTONIC
548,2025-09-18 08:38:11+00:00,8.84,127.12,53.0,2.0,090 km S 84° E of Cagwait (Surigao Del Sur),Ms,TECTONIC
549,2025-09-18 08:36:47+00:00,14.05,120.45,110.0,1.5,020 km S 81° W of Nasugbu (Batangas),Ms,TECTONIC
550,2025-09-18 07:56:03+00:00,15.67,121.06,20.0,1.6,006 km S 47° W of Rizal (Nueva Ecija),Ms,TECTONIC
551,2025-09-18 07:45:43+00:00,15.71,121.12,10.0,2.5,002 km N 76° E of Rizal (Nueva Ecija),Ms,TECTONIC
552,2025-09-18 07:21:52+00:00,18.63,120.92,12.0,3.3,016 km N 62° E of Pagudpud (Ilocos Norte),Ms,TECTONIC
553,2025-09-18 07:06:52+00:00,5.04,125.33,33.0,2.3,042 km S 14° W of Balut Island (Municipality Of Sarangani) (Davao Occidental),Ms,TECTONIC
554,2025-09-18 06:59:52+00:00,7.42,124.42,7.0,2.5,009 km S 54° E of Barira (Maguindanao Del Norte),Ms,TECTONIC
555,2025-09-18 06:38:15+00:00,18.77,120.52,11.0,2.6,032 km N 24° W of Burgos (Ilocos Norte),Ms,TECTONIC
556,2025-09-18 06:32:25+00:00,13.98,120.39,65.0,3.0,029 km S 69° W of Nasugbu (Batangas),Ms,TECTONIC
557,2025-09-18 04:03:52+00:00,13.54,120.24,9.0,2.6,020 km S 02° W of Looc (Occidental Mindoro),Ms,TECTONIC
558,2025-09-18 03:47:30+00:00,4.36,128.15,112.0,4.8,322 km S 67° E of Sarangani Island (Municipality Of Sarangani) (Davao Occidental),Mw,TECTONIC
559,2025-09-18 03:37:13+00:00,9.12,126.82,3.0,3.7,061 km N 74° E of Bayabas (Surigao Del Sur),Ms,TECTONIC
560,2025-09-18 02:54:05+00:00,17.66,120.57,15.0,1.9,009 km N 37° W of Bangued (Abra),Ms,TECTONIC
561,2025-09-18 02:58:16+00:00,13.27,119.93,31.0,1.8,061 km S 35° W of Looc (Occidental Mindoro),Ms,TECTONIC
562,2025-09-18 02:43:48+00:00,15.35,119.84,31.0,1.8,012 km S 39° W of Palauig (Zambales),Ms,TECTONIC
563,2025-09-18 02:42:51+00:00,9.36,122.58,15.0,2.4,009 km S 53° W of Basay (Negros Oriental),Ms,TECTONIC
564,2025-09-18 01:39:42+00:00,13.52,120.28,3.0,2.4,022 km S 10° E of Looc (Occidental Mindoro),Ms,TECTONIC
565,2025-09-18 01:18:35+00:00,8.45,125.72,61.0,2.7,007 km N 84° W of Talacogon (Agusan Del Sur),Ms,TECTONIC
566,2025-09-18 00:25:33+00:00,9.02,126.42,34.0,2.1,016 km N 70° E of Bayabas (Surigao Del Sur),Ms,TECTONIC
567,2025-09-17 23:57:34+00:00,7.77,127.09,11.0,2.5,062 km N 69° E of Baganga (Davao Oriental),Ms,TECTONIC
568,2025-09-17 23:50:00+00:00,7.04,123.99,9.0,2.6,004 km S 47° W of Datu Blah T. Sinsuat (Maguindanao Del Norte),Ms,TECTONIC
569,2025-09-17 23:45:03+00:00,7.07,123.97,2.0,4.2,005 km N 88° W of Datu Blah T. Sinsuat (Maguindanao Del Norte),Mw,TECTONIC
570,2025-09-17 22:51:38+00:00,5.15,126.41,15.0,3.5,109 km S 71° E of Sarangani Island (Municipality Of Sarangani) (Davao Occidental),Ms,TECTONIC
571,2025-09-17 21:57:38+00:00,13.99,120.49,196.0,3.4,018 km S 58° W of Nasugbu (Batangas),Ms,TECTONIC
572,2025-09-17 21:42:03+00:00,12.15,125.46,26.0,1.7,006 km S 56° W of San Policarpo (Eastern Samar),Ms,TECTONIC
573,2025-09-17 20:55:44+00:00,15.42,121.3,12.0,1.8,011 km N 69° W of Dingalan (Aurora),Ms,TECTONIC
574,2025-09-17 20:06:49+00:00,15.72,122.0,6.0,2.2,047 km S 85° E of Baler (Aurora),Ms,TECTONIC
575,2025-09-17 19:36:00+00:00,5.89,126.39,67.0,3.8,083 km S 88° E of Jose Abad Santos (Davao Occidental),Ms,TECTONIC
576,2025-09-17 19:30:16+00:00,10.49,123.13,2.0,1.4,016 km S 37° E of Murcia (Negros Occidental),ML,VOLCANO-TECTONIC
577,2025-09-17 19:21:34+00:00,15.43,120.22,7.0,1.8,026 km N 54° E of Botolan (Zambales),Ms,TECTONIC
578,2025-09-17 18:51:11+00:00,13.72,120.61,93.0,2.2,013 km S 10° W of Calatagan (Batangas),Ms,TECTONIC
579,2025-09-17 18:11:57+00:00,7.86,126.63,26.0,4.1,021 km N 69° E of Cateel (Davao Oriental),Mw,TECTONIC
580,2025-09-17 18:02:06+00:00,13.22,124.02,35.0,1.9,012 km N 74° W of Rapu-rapu (Albay),Ms,TECTONIC
581,2025-09-17 17:40:40+00:00,17.68,120.51,30.0,2.5,009 km S 84° E of Magsingal (Ilocos Sur),Ms,TECTONIC
582,2025-09-17 17:26:45+00:00,5.16,126.49,1.0,3.5,118 km S 73° E of Sarangani Island (Municipality Of Sarangani) (Davao Occidental),Ms,TECTONIC
583,2025-09-17 17:17:05+00:00,10.61,124.63,32.0,1.4,017 km S 79° E of Tudela (Cebu),Ms,TECTONIC
584,2025-09-17 17:05:26+00:00,9.03,126.51,20.0,1.8,025 km N 73° E of Bayabas (Surigao Del Sur),Ms,TECTONIC
585,2025-09-17 17:00:50+00:00,17.86,120.09,2.0,2.4,039 km N 80° W of Cabugao (Ilocos Sur),Ms,TECTONIC
586,2025-09-17 16:16:14+00:00,13.55,120.67,130.0,2.2,013 km N 28° W of Abra De Ilog (Occidental Mindoro),Ms,TECTONIC
587,2025-09-17 15:43:43+00:00,18.36,122.28,2.0,3.7,018 km S 52° E of Santa Ana (Cagayan),Ms,TECTONIC
588,2025-09-17 15:35:14+00:00,13.76,120.55,82.0,2.3,012 km S 48° W of Calatagan (Batangas),Ms,TECTONIC
589,2025-09-17 15:01:31+00:00,18.23,122.08,8.0,3.0,009 km S 71° E of Gonzaga (Cagayan),Ms,TECTONIC
590,2025-09-17 14:32:13+00:00,8.02,126.52,27.0,1.8,012 km S 82° E of Lingig (Surigao Del Sur),Ms,TECTONIC
591,2025-09-17 14:25:04+00:00,4.92,126.57,51.0,3.6,136 km S 63° E of Sarangani Island (Municipality Of Sarangani) (Davao Occidental),Ms,TECTONIC
592,2025-09-17 14:08:16+00:00,8.81,126.56,20.0,3.0,029 km N 89° E of Marihatag (Surigao Del Sur),Ms,TECTONIC
593,2025-09-17 13:09:27+00:00,13.53,120.26,6.0,1.7,021 km S 03° E of Looc (Occidental Mindoro),Ms,TECTONIC
594,2025-09-17 13:02:41+00:00,13.53,120.3,3.0,2.3,022 km S 14° E of Looc (Occidental Mindoro),Ms,TECTONIC
595,2025-09-17 12:54:45+00:00,13.46,120.13,14.0,2.3,032 km S 24° W of Looc (Occidental Mindoro),Ms,TECTONIC
596,2025-09-17 12:51:55+00:00,13.42,120.1,9.0,3.0,037 km S 25° W of Looc (Occidental Mindoro),Ms,TECTONIC
597,2025-09-17 12:42:06+00:00,9.7,122.28,29.0,2.3,019 km S 66° W of City Of Sipalay (Negros Occidental),Ms,TECTONIC
598,2025-09-17 12:19:19+00:00,8.79,126.55,6.0,2.1,028 km S 89° E of Marihatag (Surigao Del Sur),Ms,TECTONIC
599,2025-09-17 12:04:30+00:00,7.77,127.09,6.0,2.2,063 km N 69° E of Baganga (Davao Oriental),Ms,TECTONIC
600,2025-09-17 11:52:04+00:00,8.26,126.58,91.0,3.7,029 km S 66° E of Hinatuan (Surigao Del Sur),Ms,TECTONIC
601,2025-09-17 11:05:57+00:00,20.19,121.26,33.0,4.0,066 km S 76° W of Sabtang (Batanes),Ms,TECTONIC
602,2025-09-17 09:50:40+00:00,9.36,126.26,15.0,2.2,012 km N 38° E of Cortes (Surigao Del Sur),Ms,TECTONIC
603,2025-09-17 09:19:51+00:00,15.68,121.11,18.0,1.9,003 km S 13° E of Rizal (Nueva Ecija),Ms,TECTONIC
604,2025-09-17 08:47:43+00:00,12.84,122.98,5.0,2.7,030 km S 76° W of Claveria (Masbate),Ms,TECTONIC
605,2025-09-17 08:43:21+00:00,6.55,126.99,25.0,4.3,081 km S 47° E of Tarragona (Davao Oriental),Mw,TECTONIC
606,2025-09-17 08:41:24+00:00,13.75,120.58,96.0,2.2,010 km S 31° W of Calatagan (Batangas),Ms,TECTONIC
607,2025-09-17 07:12:29+00:00,17.57,120.8,10.0,3.9,010 km N 69° E of Bucay (Abra),Ms,TECTONIC
608,2025-09-17 06:42:00+00:00,5.14,126.25,35.0,3.3,093 km S 67° E of Sarangani Island (Municipality Of Sarangani) (Davao Occidental),Ms,TECTONIC
609,2025-09-17 06:14:19+00:00,13.65,120.62,88.0,2.1,020 km S 03° W of Calatagan (Batangas),Ms,TECTONIC
610,2025-09-17 06:11:52+00:00,7.55,126.44,115.0,2.4,014 km S 81° W of Baganga (Davao Oriental),Ms,TECTONIC
611,2025-09-17 05:05:14+00:00,9.82,125.96,29.0,2.3,006 km S 16° W of Del Carmen (Surigao Del Norte),Ms,TECTONIC
612,2025-09-17 03:40:46+00:00,6.84,123.97,26.0,2.3,020 km S 86° W of South Upi (Maguindanao Del Sur),Ms,TECTONIC
613,2025-09-17 03:27:47+00:00,9.8,125.94,26.0,2.0,009 km S 22° W of Del Carmen (Surigao Del Norte),Ms,TECTONIC
614,2025-09-17 02:39:27+00:00,13.85,120.55,66.0,1.4,009 km N 75° W of Calatagan (Batangas),Ms,TECTONIC
615,2025-09-17 02:38:18+00:00,13.86,120.56,60.0,2.0,009 km N 71° W of Calatagan (Batangas),Ms,TECTONIC
616,2025-09-17 02:31:46+00:00,9.57,126.23,15.0,2.4,025 km S 18° E of General Luna (Surigao Del Norte),Ms,TECTONIC
617,2025-09-17 01:51:46+00:00,5.59,126.87,13.0,3.5,140 km S 75° E of Jose Abad Santos (Davao Occidental),Ms,TECTONIC
618,2025-09-17 01:42:00+00:00,5.72,125.96,57.0,2.8,041 km S 58° E of Jose Abad Santos (Davao Occidental),Ms,TECTONIC
619,2025-09-17 01:37:23+00:00,10.96,123.85,18.0,2.0,017 km S 54° W of City Of Bogo (Cebu),Ms,TECTONIC
620,2025-09-17 01:06:28+00:00,13.64,120.57,32.0,1.4,022 km S 17° W of Calatagan (Batangas),Ms,TECTONIC
621,2025-09-16 22:01:36+00:00,5.42,127.07,84.0,3.8,167 km S 71° E of Jose Abad Santos (Davao Occidental),Ms,TECTONIC
622,2025-09-16 21:25:49+00:00,12.98,124.35,29.0,1.9,018 km S 69° E of Prieto Diaz (Sorsogon),Ms,TECTONIC
623,2025-09-16 21:05:26+00:00,13.4,120.88,23.0,1.8,013 km S 36° W of Puerto Galera (Oriental Mindoro),Ms,TECTONIC
624,2025-09-16 20:59:43+00:00,13.8,120.61,108.0,1.8,004 km S 36° W of Calatagan (Batangas),Ms,TECTONIC
625,2025-09-16 19:51:55+00:00,9.14,126.77,9.0,2.3,057 km N 71° E of Bayabas (Surigao Del Sur),Ms,TECTONIC
626,2025-09-16 19:00:35+00:00,18.42,120.76,28.0,1.6,012 km S 25° W of Dumalneg (Ilocos Norte),Ms,TECTONIC
627,2025-09-16 18:56:16+00:00,9.2,126.23,20.0,1.6,010 km S 26° E of Cortes (Surigao Del Sur),Ms,TECTONIC
628,2025-09-16 18:54:42+00:00,17.58,122.19,14.0,3.5,022 km N 13° W of Maconacon (Isabela),Ms,TECTONIC
629,2025-09-16 18:51:23+00:00,5.99,126.31,66.0,3.5,072 km S 71° E of Don Marcelino (Davao Occidental),Ms,TECTONIC
630,2025-09-16 18:47:25+00:00,9.1,126.33,45.0,2.0,014 km N 49° E of Tago (Surigao Del Sur),Ms,TECTONIC
631,2025-09-16 18:00:52+00:00,13.68,120.57,91.0,2.1,018 km S 23° W of Calatagan (Batangas),Ms,TECTONIC
632,2025-09-16 17:58:01+00:00,15.13,120.24,78.0,1.5,019 km N 68° E of San Felipe (Zambales),Ms,TECTONIC
633,2025-09-16 17:51:19+00:00,15.09,123.63,17.0,2.6,100 km N 47° E of Tinaga Island (Vinzons) (Camarines Norte),Ms,TECTONIC
634,2025-09-16 17:28:24+00:00,9.12,126.63,8.0,2.4,042 km N 66° E of Bayabas (Surigao Del Sur),Ms,TECTONIC
635,2025-09-16 17:19:21+00:00,12.85,123.03,20.0,1.6,024 km S 76° W of Claveria (Masbate),Ms,TECTONIC
636,2025-09-16 17:09:09+00:00,12.84,123.03,7.0,2.5,024 km S 73° W of Claveria (Masbate),Ms,TECTONIC
637,2025-09-16 16:34:51+00:00,8.29,125.94,33.0,2.1,012 km S 33° W of Rosario (Agusan Del Sur),Ms,TECTONIC
638,2025-09-16 16:31:35+00:00,6.34,126.62,30.0,2.0,070 km S 61° E of Governor Generoso (Davao Oriental),Ms,TECTONIC
639,2025-09-16 16:19:29+00:00,17.61,122.36,33.0,3.5,028 km N 27° E of Maconacon (Isabela),Ms,TECTONIC
640,2025-09-16 16:18:01+00:00,14.28,121.82,19.0,2.4,003 km N 09° W of Cagbalete Island (Mauban) (Quezon),Ms,TECTONIC
641,2025-09-16 16:14:37+00:00,19.73,121.35,32.0,2.6,053 km N 14° W of Calayan (Cagayan),Ms,TECTONIC
642,2025-09-16 15:38:18+00:00,13.58,121.31,7.0,2.1,013 km S 54° E of Lobo (Batangas),Ms,TECTONIC
643,2025-09-16 14:34:08+00:00,18.52,121.11,23.0,1.4,010 km S 18° E of Claveria (Cagayan),Ms,TECTONIC
644,2025-09-16 14:31:58+00:00,20.07,121.3,29.0,3.0,067 km S 64° W of Sabtang (Batanes),Ms,TECTONIC
645,2025-09-16 14:22:24+00:00,18.47,120.99,21.0,1.6,010 km S 04° W of Santa Praxedes (Cagayan),Ms,TECTONIC
646,2025-09-16 13:42:23+00:00,13.41,120.16,13.0,2.3,035 km S 17° W of Looc (Occidental Mindoro),Ms,TECTONIC
647,2025-09-16 13:16:10+00:00,5.99,124.11,20.0,2.4,026 km S 20° W of Palimbang (Sultan Kudarat),Ms,TECTONIC
648,2025-09-16 12:26:31+00:00,8.04,125.91,33.0,1.4,006 km S 53° W of Veruela (Agusan Del Sur),Ms,TECTONIC
649,2025-09-16 11:09:38+00:00,13.31,124.85,1.0,2.7,065 km S 53° E of Baras (Catanduanes),Ms,TECTONIC
650,2025-09-16 10:29:31+00:00,8.75,126.36,27.0,3.5,009 km S 52° E of Marihatag (Surigao Del Sur),Ms,TECTONIC
651,2025-09-16 09:50:28+00:00,12.84,123.06,6.0,1.9,021 km S 71° W of Claveria (Masbate),Ms,TECTONIC
652,2025-09-16 09:41:44+00:00,12.98,121.41,35.0,1.7,006 km N 85° W of Gloria (Oriental Mindoro),Ms,TECTONIC
653,2025-09-16 09:31:44+00:00,11.37,125.01,33.0,1.4,012 km N 33° W of Basey (Samar),Ms,TECTONIC
654,2025-09-16 08:32:59+00:00,10.09,126.11,7.0,2.7,008 km N 25° E of Burgos (Surigao Del Norte),Ms,TECTONIC
655,2025-09-16 07:58:04+00:00,3.7,125.97,26.0,3.5,199 km S 18° E of Balut Island (Municipality Of Sarangani) (Davao Occidental),Ms,TECTONIC
656,2025-09-16 06:07:32+00:00,14.21,120.09,33.0,1.7,039 km N 06° W of Lubang (Occidental Mindoro),Ms,TECTONIC
657,2025-09-16 05:57:11+00:00,13.84,120.6,9.0,1.6,004 km N 84° W of Calatagan (Batangas),Ms,TECTONIC
658,2025-09-16 05:39:35+00:00,10.46,123.11,2.0,2.7,014 km N 54° W of City Of Canlaon (Negros Oriental),Ms,VOLCANO-TECTONIC
659,2025-09-16 05:32:22+00:00,5.67,126.62,27.0,2.6,111 km S 76° E of Jose Abad Santos (Davao Occidental),Ms,TECTONIC
660,2025-09-16 04:56:05+00:00,13.52,120.36,2.0,2.0,016 km N 44° W of Paluan (Occidental Mindoro),Ms,TECTONIC
661,2025-09-16 04:52:07+00:00,11.55,124.39,7.0,2.8,002 km S 35° W of Naval (Biliran),Ms,TECTONIC
662,2025-09-16 04:48:54+00:00,10.04,126.18,11.0,3.5,012 km N 81° E of Burgos (Surigao Del Norte),Ms,TECTONIC
663,2025-09-16 04:39:33+00:00,10.48,123.12,1.0,1.9,016 km S 31° E of Murcia (Negros Occidental),ML,VOLCANO-TECTONIC
664,2025-09-16 03:41:56+00:00,17.65,120.42,19.0,2.1,002 km N 61° E of Santo Domingo (Ilocos Sur),Ms,TECTONIC
665,2025-09-16 02:32:39+00:00,12.42,125.32,19.0,1.9,004 km N 29° E of Gamay (Northern Samar),Ms,TECTONIC
666,2025-09-16 02:12:56+00:00,5.44,126.21,24.0,3.2,082 km S 50° E of Jose Abad Santos (Davao Occidental),Ms,TECTONIC
667,2025-09-15 23:20:33+00:00,8.65,126.24,30.0,1.4,011 km S 13° E of San Agustin (Surigao Del Sur),Ms,TECTONIC
668,2025-09-15 23:06:13+00:00,8.74,126.5,15.0,3.4,023 km S 74° E of Marihatag (Surigao Del Sur),Ms,TECTONIC
669,2025-09-15 22:56:07+00:00,8.75,126.62,6.0,2.4,035 km S 81° E of Marihatag (Surigao Del Sur),Ms,TECTONIC
670,2025-09-15 22:54:57+00:00,8.74,126.57,13.0,2.2,030 km S 77° E of Marihatag (Surigao Del Sur),Ms,TECTONIC
671,2025-09-15 22:43:47+00:00,10.5,125.35,145.0,2.6,020 km N 54° E of Hinunangan (Southern Leyte),Ms,TECTONIC
672,2025-09-15 22:43:37+00:00,14.14,120.43,115.0,2.1,023 km N 72° W of Nasugbu (Batangas),Ms,TECTONIC
673,2025-09-15 22:12:36+00:00,9.97,126.33,11.0,2.4,027 km N 83° E of San Isidro (Surigao Del Norte),Ms,TECTONIC
674,2025-09-15 21:11:14+00:00,9.83,125.42,25.0,1.8,006 km N 05° W of San Francisco (Surigao Del Norte),Ms,TECTONIC
675,2025-09-15 20:18:25+00:00,13.78,120.82,14.0,1.4,013 km N 75° W of Mabini (Batangas),Ms,TECTONIC
676,2025-09-15 19:50:36+00:00,5.87,126.03,112.0,2.7,043 km S 83° E of Jose Abad Santos (Davao Occidental),Ms,TECTONIC
677,2025-09-15 18:49:52+00:00,7.93,126.42,31.0,1.9,008 km N 33° E of Boston (Davao Oriental),Ms,TECTONIC
678,2025-09-15 18:46:26+00:00,13.76,120.69,199.0,2.2,010 km S 38° E of Calatagan (Batangas),Ms,TECTONIC
679,2025-09-15 18:46:02+00:00,18.08,120.65,7.0,1.5,005 km S 67° W of Dingras (Ilocos Norte),Ms,TECTONIC
680,2025-09-15 18:45:16+00:00,8.72,126.54,27.0,1.5,028 km S 72° E of Marihatag (Surigao Del Sur),Ms,TECTONIC
681,2025-09-15 18:41:06+00:00,12.97,121.38,32.0,1.5,009 km S 17° W of Socorro (Oriental Mindoro),Ms,TECTONIC
682,2025-09-15 18:39:56+00:00,9.31,125.65,29.0,1.9,011 km N 65° E of Santiago (Agusan Del Norte),Ms,TECTONIC
683,2025-09-15 18:24:02+00:00,12.98,121.42,36.0,1.4,006 km N 81° W of Gloria (Oriental Mindoro),Ms,TECTONIC
684,2025-09-15 18:08:40+00:00,13.77,120.61,106.0,2.3,008 km S 21° W of Calatagan (Batangas),Ms,TECTONIC
685,2025-09-15 18:01:03+00:00,19.23,119.86,39.0,4.1,115 km N 46° W of Burgos (Ilocos Norte),Ms,TECTONIC
686,2025-09-15 17:58:16+00:00,8.99,126.48,23.0,3.4,021 km N 69° E of Cagwait (Surigao Del Sur),Ms,TECTONIC
687,2025-09-15 17:57:59+00:00,20.78,121.32,26.0,2.0,055 km S 89° W of Itbayat (Batanes),Ms,TECTONIC
688,2025-09-15 17:53:39+00:00,10.31,123.12,12.0,1.9,012 km S 80° E of La Castellana (Negros Occidental),ML,VOLCANO-TECTONIC
689,2025-09-15 17:50:40+00:00,10.31,125.27,32.0,1.6,005 km N 23° E of Anahawan (Southern Leyte),Ms,TECTONIC
690,2025-09-15 17:40:14+00:00,13.33,120.76,9.0,1.7,013 km S 15° E of Abra De Ilog (Occidental Mindoro),Ms,TECTONIC
691,2025-09-15 17:32:55+00:00,7.15,126.9,16.0,2.3,040 km S 81° E of Manay (Davao Oriental),Ms,TECTONIC
692,2025-09-15 17:04:20+00:00,10.86,122.9,12.0,2.0,011 km N 53° W of City Of Silay (Negros Occidental),Ms,TECTONIC
693,2025-09-15 16:54:19+00:00,15.35,121.39,12.0,1.2,004 km S 03° W of Dingalan (Aurora),Ms,TECTONIC
694,2025-09-15 16:45:51+00:00,8.75,126.83,17.0,2.4,059 km S 84° E of Marihatag (Surigao Del Sur),Ms,TECTONIC
695,2025-09-15 16:35:46+00:00,16.68,119.94,34.0,1.3,032 km N 10° E of Bolinao (Pangasinan),Ms,TECTONIC
696,2025-09-15 16:16:10+00:00,18.32,121.76,12.0,1.7,008 km N 62° W of Buguey (Cagayan),Ms,TECTONIC
697,2025-09-15 16:13:26+00:00,9.09,125.85,150.0,2.1,023 km S 34° W of Madrid (Surigao Del Sur),Ms,TECTONIC
698,2025-09-15 16:06:22+00:00,13.47,123.2,5.0,1.7,008 km N 89° W of Bula (Camarines Sur),Ms,TECTONIC
699,2025-09-15 16:04:53+00:00,14.74,120.0,21.0,1.8,025 km S 23° W of San Antonio (Zambales),Ms,TECTONIC
700,2025-09-15 15:42:15+00:00,12.61,123.51,36.0,1.8,017 km S 76° W of Monreal (Masbate),Ms,TECTONIC
701,2025-09-15 15:22:47+00:00,13.8,120.7,34.0,1.5,008 km S 66° E of Calatagan (Batangas),Ms,TECTONIC
702,2025-09-15 15:20:34+00:00,7.08,123.93,32.0,1.8,010 km N 81° W of Datu Blah T. Sinsuat (Maguindanao Del Norte),Ms,TECTONIC
703,2025-09-15 15:07:42+00:00,19.01,121.13,27.0,2.3,013 km S 39° W of Dalupiri Island (Calayan) (Cagayan),Ms,TECTONIC
704,2025-09-15 15:06:46+00:00,10.46,123.12,6.0,2.1,018 km S 29° E of Murcia (Negros Occidental),ML,VOLCANO-TECTONIC
705,2025-09-15 14:58:15+00:00,10.32,123.02,24.0,1.2,000 km S 71° W of La Castellana (Negros Occidental),Ms,TECTONIC
706,2025-09-15 14:07:01+00:00,7.54,126.02,10.0,2.0,009 km S 36° E of Nabunturan (Davao De Oro),Ms,TECTONIC
707,2025-09-15 13:55:22+00:00,12.79,124.75,47.0,2.2,030 km N 01° W of Mondragon (Northern Samar),Ms,TECTONIC
708,2025-09-15 13:53:58+00:00,20.0,121.29,23.0,3.4,071 km S 59° W of Sabtang (Batanes),Ms,TECTONIC
709,2025-09-15 13:16:25+00:00,6.45,125.78,53.0,2.1,020 km N 80° E of Malita (Davao Occidental),Ms,TECTONIC
710,2025-09-15 13:05:26+00:00,13.7,120.02,14.0,1.8,020 km S 32° W of Lubang (Occidental Mindoro),Ms,TECTONIC
711,2025-09-15 12:32:21+00:00,8.12,126.74,19.0,1.5,037 km N 76° E of Lingig (Surigao Del Sur),Ms,TECTONIC
712,2025-09-15 12:17:24+00:00,8.14,126.74,20.0,1.7,037 km N 73° E of Lingig (Surigao Del Sur),Ms,TECTONIC
713,2025-09-15 11:59:07+00:00,18.56,120.8,14.0,2.7,004 km N 14° W of Dumalneg (Ilocos Norte),Ms,TECTONIC
714,2025-09-15 11:43:50+00:00,8.41,126.03,118.0,1.5,004 km N 39° E of Rosario (Agusan Del Sur),Ms,TECTONIC
715,2025-09-15 11:26:53+00:00,9.6,123.81,39.0,1.9,006 km S 59° W of Dauis (Bohol),Ms,TECTONIC
716,2025-09-15 10:36:43+00:00,9.58,126.55,16.0,2.7,049 km S 62° E of General Luna (Surigao Del Norte),Ms,TECTONIC
717,2025-09-15 09:04:50+00:00,10.22,123.05,33.0,2.0,007 km N 80° E of Isabela (Negros Occidental),Ms,TECTONIC
718,2025-09-15 07:44:40+00:00,9.96,126.14,34.0,1.7,006 km N 66° E of San Isidro (Surigao Del Norte),Ms,TECTONIC
719,2025-09-15 05:00:04+00:00,6.41,126.84,178.0,2.6,083 km S 31° E of Tarragona (Davao Oriental),Ms,TECTONIC
720,2025-09-15 04:41:37+00:00,13.01,121.33,16.0,2.3,009 km S 61° W of Socorro (Oriental Mindoro),Ms,TECTONIC
721,2025-09-15 03:56:45+00:00,10.45,123.13,2.0,2.4,020 km S 30° E of Murcia (Negros Occidental),ML,TECTONIC
722,2025-09-15 03:34:21+00:00,10.46,123.1,5.0,2.3,018 km S 22° E of Murcia (Negros Occidental),ML,VOLCANO-TECTONIC
723,2025-09-15 03:29:12+00:00,10.47,123.09,5.0,1.8,016 km S 20° E of Murcia (Negros Occidental),ML,TECTONIC
724,2025-09-15 03:26:23+00:00,10.46,123.13,1.0,2.4,019 km S 31° E of Murcia (Negros Occidental),ML,VOLCANO-TECTONIC
725,2025-09-15 03:21:51+00:00,10.46,123.12,5.0,2.1,018 km S 27° E of Murcia (Negros Occidental),ML,TECTONIC
726,2025-09-15 03:18:01+00:00,10.46,123.12,2.0,2.0,019 km S 28° E of Murcia (Negros Occidental),ML,VOLCANO-TECTONIC
727,2025-09-15 03:15:10+00:00,10.46,123.13,1.0,2.4,020 km S 32° E of Murcia (Negros Occidental),ML,VOLCANO-TECTONIC
728,2025-09-15 03:03:01+00:00,13.39,120.42,22.0,1.8,006 km S 56° W of Paluan (Occidental Mindoro),Ms,TECTONIC
729,2025-09-15 02:06:01+00:00,10.46,123.12,1.0,2.9,018 km S 29° E of Murcia (Negros Occidental),ML,VOLCANO-TECTONIC
730,2025-09-15 02:05:29+00:00,10.46,123.12,1.0,2.7,018 km S 28° E of Murcia (Negros Occidental),ML,VOLCANO-TECTONIC
731,2025-09-15 02:04:16+00:00,10.46,123.11,5.0,2.5,018 km S 25° E of Murcia (Negros Occidental),ML,VOLCANO-TECTONIC
732,2025-09-15 02:03:13+00:00,10.46,123.12,,2.5,018 km S 29° E of Murcia (Negros Occidental),ML,VOLCANO-TECTONIC
733,2025-09-15 02:02:30+00:00,10.46,123.12,2.0,2.7,018 km S 28° E of Murcia (Negros Occidental),ML,VOLCANO-TECTONIC
734,2025-09-14 23:52:51+00:00,18.97,121.23,8.0,2.3,015 km S 11° E of Dalupiri Island (Calayan) (Cagayan),Ms,TECTONIC
735,2025-09-14 23:32:52+00:00,13.73,120.6,131.0,2.5,012 km S 19° W of Calatagan (Batangas),Ms,TECTONIC
736,2025-09-14 22:41:58+00:00,12.95,121.41,27.0,1.7,007 km S 73° W of Gloria (Oriental Mindoro),Ms,TECTONIC
737,2025-09-14 22:34:00+00:00,13.55,120.7,7.0,1.7,012 km N 14° W of Abra De Ilog (Occidental Mindoro),Ms,TECTONIC
738,2025-09-14 22:24:34+00:00,12.88,121.28,3.0,4.3,020 km N 86° W of Bansud (Oriental Mindoro),Mw,TECTONIC
739,2025-09-14 22:17:02+00:00,16.89,121.5,19.0,2.1,004 km S 19° E of Alfonso Lista (Ifugao),Ms,TECTONIC
740,2025-09-14 21:59:05+00:00,16.9,121.51,10.0,2.4,003 km S 46° E of Alfonso Lista (Ifugao),Ms,TECTONIC
741,2025-09-14 21:39:15+00:00,10.46,123.11,2.0,2.2,018 km S 28° E of Murcia (Negros Occidental),ML,VOLCANO-TECTONIC
742,2025-09-14 21:16:31+00:00,6.52,125.89,20.0,2.4,027 km S 55° W of Governor Generoso (Davao Oriental),Ms,TECTONIC
743,2025-09-14 20:52:37+00:00,9.49,122.74,21.0,2.0,013 km N 28° W of City Of Bayawan (Negros Oriental),Ms,TECTONIC
744,2025-09-14 20:46:39+00:00,13.0,121.33,18.0,1.5,010 km S 51° W of Socorro (Oriental Mindoro),Ms,TECTONIC
745,2025-09-14 20:33:12+00:00,10.47,123.12,7.0,3.6,017 km S 30° E of Murcia (Negros Occidental),ML,VOLCANO-TECTONIC
746,2025-09-14 20:14:59+00:00,10.47,123.13,6.0,2.5,018 km S 32° E of Murcia (Negros Occidental),ML,VOLCANO-TECTONIC
747,2025-09-14 19:59:47+00:00,18.39,121.29,22.0,1.8,010 km S 35° W of Pamplona (Cagayan),Ms,TECTONIC
748,2025-09-14 19:27:15+00:00,10.52,126.73,3.0,3.7,091 km N 52° E of Burgos (Surigao Del Norte),Ms,TECTONIC
749,2025-09-14 19:21:42+00:00,12.92,121.4,28.0,1.6,009 km N 44° W of Bansud (Oriental Mindoro),Ms,TECTONIC
750,2025-09-14 19:16:35+00:00,16.96,120.47,17.0,1.6,003 km N 41° E of Tagudin (Ilocos Sur),Ms,TECTONIC
751,2025-09-14 19:07:21+00:00,12.94,121.39,29.0,1.8,013 km S 05° W of Socorro (Oriental Mindoro),Ms,TECTONIC
752,2025-09-14 19:02:34+00:00,12.9,121.28,3.0,2.6,020 km N 77° W of Bansud (Oriental Mindoro),Ms,TECTONIC
753,2025-09-14 19:00:10+00:00,8.98,126.52,24.0,2.1,024 km N 74° E of Cagwait (Surigao Del Sur),Ms,TECTONIC
754,2025-09-14 18:57:28+00:00,12.95,121.17,4.0,4.7,032 km N 73° W of Bansud (Oriental Mindoro),Mw,TECTONIC
755,2025-09-14 17:57:16+00:00,8.02,126.42,20.0,1.4,002 km S 28° E of Lingig (Surigao Del Sur),Ms,TECTONIC
756,2025-09-14 17:44:28+00:00,11.66,124.33,6.0,2.0,004 km S 55° W of Kawayan (Biliran),Ms,TECTONIC
757,2025-09-14 17:42:41+00:00,10.46,123.12,2.0,2.8,018 km S 29° E of Murcia (Negros Occidental),ML,VOLCANO-TECTONIC
758,2025-09-14 17:37:28+00:00,10.47,123.12,3.0,2.1,018 km S 30° E of Murcia (Negros Occidental),ML,VOLCANO-TECTONIC
759,2025-09-14 17:31:23+00:00,10.48,123.11,7.0,3.4,016 km S 30° E of Murcia (Negros Occidental),ML,VOLCANO-TECTONIC
760,2025-09-14 17:28:12+00:00,12.62,123.49,5.0,2.8,016 km N 39° E of Aroroy (Masbate),Ms,TECTONIC
761,2025-09-14 17:01:34+00:00,7.72,126.69,21.0,1.8,021 km N 42° E of Baganga (Davao Oriental),Ms,TECTONIC
762,2025-09-14 17:00:12+00:00,6.19,126.24,123.0,2.2,055 km S 19° E of Governor Generoso (Davao Oriental),Ms,TECTONIC
763,2025-09-14 16:39:33+00:00,17.65,120.48,25.0,1.5,008 km S 56° E of Magsingal (Ilocos Sur),Ms,TECTONIC
764,2025-09-14 14:48:22+00:00,12.85,123.04,11.0,2.5,023 km S 75° W of Claveria (Masbate),Ms,TECTONIC
765,2025-09-14 14:12:37+00:00,17.81,120.68,28.0,1.8,011 km N 16° W of Lagayan (Abra),Ms,TECTONIC
766,2025-09-14 14:09:44+00:00,9.46,125.87,131.0,2.2,013 km N 40° W of Carrascal (Surigao Del Sur),Ms,TECTONIC
767,2025-09-14 13:54:51+00:00,6.54,125.95,28.0,2.3,018 km S 48° W of Governor Generoso (Davao Oriental),Ms,TECTONIC
768,2025-09-14 13:52:58+00:00,13.57,120.61,30.0,1.3,019 km N 42° W of Abra De Ilog (Occidental Mindoro),Ms,TECTONIC
769,2025-09-14 13:50:51+00:00,16.36,120.68,3.0,1.9,001 km N 36° E of Itogon (Benguet),Ms,TECTONIC
770,2025-09-14 12:32:03+00:00,10.27,125.67,94.0,2.2,014 km S 43° E of Loreto (Dinagat Islands),Ms,TECTONIC
771,2025-09-14 12:09:07+00:00,7.66,127.19,17.0,2.6,070 km N 83° E of Baganga (Davao Oriental),Ms,TECTONIC
772,2025-09-14 12:08:02+00:00,17.7,121.05,14.0,1.6,012 km N 70° E of Lacub (Abra),Ms,TECTONIC
773,2025-09-14 11:57:50+00:00,7.85,126.32,3.0,2.3,006 km S 66° W of Boston (Davao Oriental),Ms,TECTONIC
774,2025-09-14 11:45:23+00:00,13.16,124.72,13.0,2.2,059 km N 77° E of Prieto Diaz (Sorsogon),Ms,TECTONIC
775,2025-09-14 10:45:38+00:00,9.81,123.92,12.0,1.9,004 km N 38° E of Antequera (Bohol),Ms,TECTONIC
776,2025-09-14 10:18:33+00:00,9.33,126.32,30.0,1.8,015 km N 67° E of Cortes (Surigao Del Sur),Ms,TECTONIC
777,2025-09-14 09:03:01+00:00,21.86,121.39,77.0,3.3,128 km N 22° W of Itbayat (Batanes),Ms,TECTONIC
778,2025-09-14 08:11:34+00:00,10.45,123.13,3.0,3.1,020 km S 28° E of Murcia (Negros Occidental),ML,VOLCANO-TECTONIC
779,2025-09-14 06:59:34+00:00,10.3,123.1,12.0,2.6,005 km N 46° E of Moises Padilla (Negros Occidental),ML,VOLCANO-TECTONIC
780,2025-09-14 06:45:20+00:00,12.96,123.12,6.0,2.3,015 km N 65° W of Claveria (Masbate),Ms,TECTONIC
781,2025-09-14 06:44:20+00:00,18.66,121.46,40.0,1.3,023 km S 24° E of Fuga Island (Aparri) (Cagayan),Ms,TECTONIC
782,2025-09-14 04:49:06+00:00,9.45,126.16,25.0,2.0,020 km N 11° W of Cortes (Surigao Del Sur),Ms,TECTONIC
783,2025-09-14 04:06:31+00:00,10.19,125.95,24.0,2.5,022 km N 27° W of Santa Monica (Surigao Del Norte),Ms,TECTONIC
784,2025-09-14 03:55:35+00:00,20.17,121.85,33.0,2.6,018 km S 07° W of Sabtang (Batanes),Ms,TECTONIC
785,2025-09-14 02:59:55+00:00,12.81,122.95,5.0,1.9,034 km S 72° W of Claveria (Masbate),Ms,TECTONIC
786,2025-09-14 02:01:25+00:00,10.51,126.69,7.0,3.8,087 km N 51° E of Burgos (Surigao Del Norte),Ms,TECTONIC
787,2025-09-14 01:56:42+00:00,8.42,123.36,33.0,1.8,012 km S 56° W of PiÑan (Zamboanga Del Norte),Ms,TECTONIC
788,2025-09-14 01:10:48+00:00,6.6,125.52,37.0,2.2,007 km N 41° E of Santa Maria (Davao Occidental),Ms,TECTONIC
789,2025-09-14 00:43:17+00:00,18.95,120.98,11.0,3.3,029 km S 54° W of Dalupiri Island (Calayan) (Cagayan),Ms,TECTONIC
790,2025-09-13 23:56:13+00:00,8.8,125.8,34.0,2.0,011 km N 32° E of City Of Bayugan (Agusan Del Sur),Ms,TECTONIC
791,2025-09-13 23:25:04+00:00,13.89,120.53,62.0,1.2,013 km N 58° W of Calatagan (Batangas),Ms,TECTONIC
792,2025-09-13 23:19:12+00:00,11.87,124.14,5.0,2.0,019 km N 36° E of Esperanza (Masbate),Ms,TECTONIC
793,2025-09-13 22:50:30+00:00,10.19,126.16,8.0,2.6,021 km N 25° E of Burgos (Surigao Del Norte),Ms,TECTONIC
794,2025-09-13 22:45:45+00:00,12.82,123.0,14.0,4.5,028 km S 70° W of Claveria (Masbate),Mw,TECTONIC
795,2025-09-13 22:08:40+00:00,10.45,123.11,4.0,2.0,019 km S 25° E of Murcia (Negros Occidental),ML,VOLCANO-TECTONIC
796,2025-09-13 22:06:15+00:00,10.44,123.11,3.0,1.2,019 km S 23° E of Murcia (Negros Occidental),ML,VOLCANO-TECTONIC
797,2025-09-13 22:04:44+00:00,10.45,123.12,2.0,1.3,019 km S 27° E of Murcia (Negros Occidental),ML,VOLCANO-TECTONIC
798,2025-09-13 22:02:04+00:00,19.29,121.13,3.0,2.6,022 km N 21° W of Dalupiri Island (Calayan) (Cagayan),Ms,TECTONIC
799,2025-09-13 21:48:09+00:00,10.44,123.11,5.0,2.0,020 km S 23° E of Murcia (Negros Occidental),ML,VOLCANO-TECTONIC
800,2025-09-13 21:32:54+00:00,10.45,126.63,9.0,3.4,078 km N 52° E of Burgos (Surigao Del Norte),Ms,TECTONIC
801,2025-09-13 21:30:51+00:00,10.44,123.12,6.0,4.6,020 km S 25° E of Murcia (Negros Occidental),ML,VOLCANO-TECTONIC
802,2025-09-13 20:44:33+00:00,18.26,120.81,49.0,2.0,013 km N 03° W of Carasi (Ilocos Norte),Ms,TECTONIC
803,2025-09-13 20:38:57+00:00,13.75,120.61,71.0,1.5,009 km S 16° W of Calatagan (Batangas),Ms,TECTONIC
804,2025-09-13 19:51:56+00:00,18.74,120.07,23.0,3.7,066 km N 67° W of Burgos (Ilocos Norte),Ms,TECTONIC
805,2025-09-13 19:36:51+00:00,13.12,124.16,9.0,2.0,008 km S 25° E of Rapu-rapu (Albay),Ms,TECTONIC
806,2025-09-13 19:36:39+00:00,10.15,125.94,30.0,1.6,018 km N 37° W of Santa Monica (Surigao Del Norte),Ms,TECTONIC
807,2025-09-13 19:34:31+00:00,10.45,123.13,4.0,2.3,020 km S 29° E of Murcia (Negros Occidental),ML,VOLCANO-TECTONIC
808,2025-09-13 19:15:51+00:00,5.15,123.2,598.0,3.3,160 km S 43° W of Palimbang (Sultan Kudarat),Ms,TECTONIC
809,2025-09-13 18:39:46+00:00,15.09,119.83,2.0,2.5,025 km S 72° W of Cabangan (Zambales),Ms,TECTONIC
810,2025-09-13 17:57:06+00:00,8.74,126.13,18.0,1.8,011 km S 86° W of San Agustin (Surigao Del Sur),Ms,TECTONIC
811,2025-09-13 17:53:41+00:00,8.27,126.18,29.0,2.0,016 km N 67° W of City Of Bislig (Surigao Del Sur),Ms,TECTONIC
812,2025-09-13 17:39:08+00:00,6.52,124.51,9.0,1.5,006 km S 73° W of Bagumbayan (Sultan Kudarat),Ms,TECTONIC
813,2025-09-13 17:24:25+00:00,9.53,126.35,13.0,1.6,033 km N 31° E of Cortes (Surigao Del Sur),Ms,TECTONIC
814,2025-09-13 17:22:45+00:00,8.63,125.61,28.0,2.1,012 km S 06° E of Las Nieves (Agusan Del Norte),Ms,TECTONIC
815,2025-09-13 17:20:56+00:00,7.81,122.64,33.0,1.2,006 km N 64° E of Ipil (Zamboanga Sibugay),Ms,TECTONIC
816,2025-09-13 17:03:11+00:00,13.74,120.63,108.0,1.9,010 km S 02° W of Calatagan (Batangas),Ms,TECTONIC
817,2025-09-13 16:26:43+00:00,13.91,122.82,36.0,1.5,011 km N 14° E of Ragay (Camarines Sur),Ms,TECTONIC
818,2025-09-13 16:17:27+00:00,13.69,120.59,89.0,2.1,017 km S 17° W of Calatagan (Batangas),Ms,TECTONIC
819,2025-09-13 16:14:24+00:00,8.24,127.34,30.0,2.4,105 km N 78° E of Lingig (Surigao Del Sur),Ms,TECTONIC
820,2025-09-13 16:08:21+00:00,4.75,123.28,625.0,4.4,190 km S 32° W of Palimbang (Sultan Kudarat),Ms,TECTONIC
821,2025-09-13 15:48:58+00:00,9.22,126.23,30.0,1.4,008 km S 36° E of Cortes (Surigao Del Sur),Ms,TECTONIC
822,2025-09-13 15:14:08+00:00,13.6,122.98,10.0,2.1,011 km N 83° W of Pamplona (Camarines Sur),Ms,TECTONIC
823,2025-09-13 14:45:30+00:00,12.81,121.19,26.0,1.8,030 km S 79° W of Bansud (Oriental Mindoro),Ms,TECTONIC
824,2025-09-13 14:19:35+00:00,13.7,120.68,103.0,1.7,015 km S 20° E of Calatagan (Batangas),Ms,TECTONIC
825,2025-09-13 14:10:56+00:00,18.54,120.94,4.0,2.6,006 km S 69° W of Santa Praxedes (Cagayan),Ms,TECTONIC
826,2025-09-13 14:10:24+00:00,17.81,120.63,34.0,1.3,012 km S 17° W of Nueva Era (Ilocos Norte),Ms,TECTONIC
827,2025-09-13 14:08:55+00:00,13.91,120.51,75.0,1.5,016 km N 55° W of Calatagan (Batangas),Ms,TECTONIC
828,2025-09-13 13:26:09+00:00,18.39,121.06,35.0,1.6,018 km S 66° E of Adams (Ilocos Norte),Ms,TECTONIC
829,2025-09-13 12:57:52+00:00,14.34,120.39,97.0,1.4,016 km S 45° W of Mariveles (Bataan),Ms,TECTONIC
830,2025-09-13 12:52:56+00:00,17.12,122.18,21.0,2.8,026 km S 28° W of Divilacan (Isabela),Ms,TECTONIC
831,2025-09-13 12:32:34+00:00,13.67,120.61,158.0,1.4,018 km S 09° W of Calatagan (Batangas),Ms,TECTONIC
832,2025-09-13 11:49:13+00:00,17.62,120.73,20.0,2.1,001 km N 52° W of Lagangilang (Abra),Ms,TECTONIC
833,2025-09-13 09:28:27+00:00,14.05,120.47,121.0,1.6,018 km S 82° W of Nasugbu (Batangas),Ms,TECTONIC
834,2025-09-13 08:44:10+00:00,9.25,126.39,18.0,2.2,022 km S 83° E of Cortes (Surigao Del Sur),Ms,TECTONIC
835,2025-09-13 08:21:24+00:00,8.82,126.28,32.0,1.6,003 km N 38° W of Marihatag (Surigao Del Sur),Ms,TECTONIC
836,2025-09-13 07:53:47+00:00,17.47,120.36,25.0,2.6,008 km S 80° W of Santa (Ilocos Sur),Ms,TECTONIC
837,2025-09-13 07:49:36+00:00,13.65,120.63,97.0,1.4,020 km S 02° W of Calatagan (Batangas),Ms,TECTONIC
838,2025-09-13 06:42:10+00:00,12.54,123.56,5.0,1.4,010 km N 45° E of Baleno (Masbate),Ms,TECTONIC
839,2025-09-13 06:11:57+00:00,8.36,126.03,12.0,1.5,004 km S 45° E of Rosario (Agusan Del Sur),Ms,TECTONIC
840,2025-09-13 06:01:32+00:00,18.14,120.49,32.0,1.6,010 km N 17° W of Paoay (Ilocos Norte),Ms,TECTONIC
841,2025-09-13 06:01:24+00:00,9.73,122.44,11.0,1.5,005 km S 16° E of City Of Sipalay (Negros Occidental),Ms,TECTONIC
842,2025-09-13 05:32:26+00:00,15.47,121.29,11.0,1.7,005 km N 67° W of Gabaldon (Nueva Ecija),Ms,TECTONIC
843,2025-09-13 04:57:31+00:00,13.45,119.97,23.0,2.0,043 km S 46° W of Looc (Occidental Mindoro),Ms,TECTONIC
844,2025-09-13 04:02:56+00:00,8.77,127.08,7.0,3.4,086 km S 87° E of Marihatag (Surigao Del Sur),Ms,TECTONIC
845,2025-09-13 03:05:10+00:00,8.73,126.56,8.0,2.0,030 km S 75° E of Marihatag (Surigao Del Sur),Ms,TECTONIC
846,2025-09-13 02:41:58+00:00,5.94,126.95,105.0,4.0,125 km S 51° E of Governor Generoso (Davao Oriental),Ms,TECTONIC
847,2025-09-13 01:36:42+00:00,7.6,125.9,8.0,3.0,008 km S 85° W of Nabunturan (Davao De Oro),Ms,TECTONIC
848,2025-09-13 00:07:41+00:00,9.22,124.02,12.0,2.1,041 km N 87° E of Maria (Siquijor),Ms,TECTONIC
849,2025-09-12 23:49:51+00:00,6.96,125.75,53.0,2.4,014 km S 16° E of Island Garden City Of Samal (Davao Del Norte),Ms,TECTONIC
850,2025-09-12 23:49:13+00:00,12.51,123.68,6.0,2.3,009 km S 43° W of San Jacinto (Masbate),Ms,TECTONIC
851,2025-09-12 23:32:35+00:00,10.34,126.09,31.0,1.6,036 km N 02° E of Burgos (Surigao Del Norte),Ms,TECTONIC
852,2025-09-12 23:05:00+00:00,18.84,120.95,6.0,1.7,030 km N 28° W of Claveria (Cagayan),Ms,TECTONIC
853,2025-09-12 22:57:44+00:00,9.24,126.9,15.0,2.3,074 km N 66° E of Bayabas (Surigao Del Sur),Ms,TECTONIC
854,2025-09-12 22:57:44+00:00,9.24,126.9,15.0,2.3,074 km N 66° E of Bayabas (Surigao Del Sur),Ms,TECTONIC
855,2025-09-12 22:36:57+00:00,5.38,124.99,4.0,1.9,048 km S 86° W of Balut Island (Municipality Of Sarangani) (Davao Occidental),Ms,TECTONIC
856,2025-09-12 21:41:01+00:00,8.73,126.37,19.0,2.0,011 km S 48° E of Marihatag (Surigao Del Sur),Ms,TECTONIC
857,2025-09-12 21:10:49+00:00,9.59,126.5,17.0,2.2,043 km S 60° E of General Luna (Surigao Del Norte),Ms,TECTONIC
858,2025-09-12 20:56:04+00:00,18.51,120.68,35.0,1.4,003 km S 81° E of Burgos (Ilocos Norte),Ms,TECTONIC
859,2025-09-12 20:16:00+00:00,8.44,125.94,31.0,2.2,009 km N 49° W of Rosario (Agusan Del Sur),Ms,TECTONIC
860,2025-09-12 20:07:07+00:00,15.51,119.1,15.0,3.2,087 km N 84° W of Palauig (Zambales),Ms,TECTONIC
861,2025-09-12 20:05:24+00:00,16.81,121.48,22.0,1.5,007 km N 57° W of Ramon (Isabela),Ms,TECTONIC
862,2025-09-12 19:32:29+00:00,13.68,120.61,102.0,1.5,017 km S 09° W of Calatagan (Batangas),Ms,TECTONIC
863,2025-09-12 19:31:00+00:00,17.45,120.53,20.0,2.2,001 km N 39° E of Nagbukel (Ilocos Sur),Ms,TECTONIC
864,2025-09-12 19:28:58+00:00,9.76,123.71,16.0,2.0,011 km S 61° W of Loon (Bohol),Ms,TECTONIC
865,2025-09-12 19:06:06+00:00,17.45,120.38,12.0,2.5,011 km S 03° W of Caoayan (Ilocos Sur),Ms,TECTONIC
866,2025-09-12 18:59:22+00:00,15.7,121.98,17.0,1.6,045 km S 82° E of Baler (Aurora),Ms,TECTONIC
867,2025-09-12 18:51:17+00:00,9.65,122.18,18.0,2.4,030 km S 65° W of City Of Sipalay (Negros Occidental),Ms,TECTONIC
868,2025-09-12 18:37:40+00:00,16.78,120.12,31.0,1.4,025 km N 74° W of Bacnotan (La Union),Ms,TECTONIC
869,2025-09-12 18:34:23+00:00,14.12,120.51,144.0,1.7,014 km N 70° W of Nasugbu (Batangas),Ms,TECTONIC
870,2025-09-12 18:22:57+00:00,9.66,126.3,21.0,1.8,020 km S 48° E of General Luna (Surigao Del Norte),Ms,TECTONIC
871,2025-09-12 17:29:06+00:00,12.96,121.01,32.0,1.8,028 km N 62° E of Sablayan (Occidental Mindoro),Ms,TECTONIC
872,2025-09-12 17:19:14+00:00,7.76,124.15,5.0,1.8,002 km S 78° W of Tubaran (Lanao Del Sur),Ms,TECTONIC
873,2025-09-12 17:13:13+00:00,8.19,127.38,25.0,2.8,108 km N 81° E of Lingig (Surigao Del Sur),Ms,TECTONIC
874,2025-09-12 17:04:00+00:00,7.56,126.76,24.0,1.6,022 km S 85° E of Baganga (Davao Oriental),Ms,TECTONIC
875,2025-09-12 17:03:40+00:00,8.0,125.92,32.0,1.4,009 km S 25° W of Veruela (Agusan Del Sur),Ms,TECTONIC
876,2025-09-12 16:52:06+00:00,13.77,120.64,12.0,1.3,007 km S 05° E of Calatagan (Batangas),Ms,TECTONIC
877,2025-09-12 16:05:51+00:00,8.89,126.68,10.0,1.8,042 km S 85° E of Cagwait (Surigao Del Sur),Ms,TECTONIC
878,2025-09-12 15:34:38+00:00,9.5,125.86,20.0,2.2,016 km S 59° E of Claver (Surigao Del Norte),Ms,TECTONIC
879,2025-09-12 15:13:19+00:00,7.12,124.73,36.0,2.1,005 km N 20° W of Datu Montawal (Maguindanao Del Sur),Ms,TECTONIC
880,2025-09-12 14:33:55+00:00,12.98,124.34,24.0,1.8,017 km S 69° E of Prieto Diaz (Sorsogon),Ms,TECTONIC
881,2025-09-12 14:30:07+00:00,10.67,124.96,2.0,2.0,007 km N 06° W of Mahaplag (Leyte),Ms,TECTONIC
882,2025-09-12 14:25:24+00:00,11.92,125.67,35.0,1.7,024 km S 57° E of Dolores (Eastern Samar),Ms,TECTONIC
883,2025-09-12 14:19:24+00:00,9.39,126.19,17.0,2.3,013 km N 04° W of Cortes (Surigao Del Sur),Ms,TECTONIC
884,2025-09-12 14:17:20+00:00,15.69,122.0,8.0,3.3,048 km S 81° E of Baler (Aurora),Ms,TECTONIC
885,2025-09-12 12:37:33+00:00,8.68,126.7,2.0,2.6,046 km S 74° E of Marihatag (Surigao Del Sur),Ms,TECTONIC
886,2025-09-12 12:26:26+00:00,18.74,120.77,21.0,1.8,020 km N 05° W of Pagudpud (Ilocos Norte),Ms,TECTONIC
887,2025-09-12 12:24:25+00:00,6.36,126.04,121.0,2.2,033 km S 06° W of Governor Generoso (Davao Oriental),Ms,TECTONIC
888,2025-09-12 12:09:01+00:00,6.11,126.27,159.0,2.2,064 km S 81° E of Don Marcelino (Davao Occidental),Ms,TECTONIC
889,2025-09-12 11:50:16+00:00,10.01,123.21,19.0,2.2,003 km N 21° E of Jimalalud (Negros Oriental),Ms,TECTONIC
890,2025-09-12 09:46:34+00:00,7.95,126.23,8.0,2.1,019 km N 61° W of Boston (Davao Oriental),Ms,TECTONIC
891,2025-09-12 08:31:16+00:00,12.71,120.8,29.0,1.4,015 km S 08° E of Sablayan (Occidental Mindoro),Ms,TECTONIC
892,2025-09-12 07:49:57+00:00,10.1,126.28,4.0,3.3,024 km N 67° E of Burgos (Surigao Del Norte),Ms,TECTONIC
893,2025-09-12 06:38:40+00:00,8.24,125.83,21.0,2.7,005 km S 35° E of La Paz (Agusan Del Sur),Ms,TECTONIC
894,2025-09-12 05:37:41+00:00,16.69,121.0,9.0,1.9,007 km N 80° E of Tinoc (Ifugao),Ms,TECTONIC
895,2025-09-12 04:01:34+00:00,10.0,123.2,25.0,2.2,002 km N 08° W of Jimalalud (Negros Oriental),Ms,TECTONIC
896,2025-09-12 02:33:27+00:00,13.54,120.77,33.0,1.4,012 km N 26° E of Abra De Ilog (Occidental Mindoro),Ms,TECTONIC
897,2025-09-12 00:21:51+00:00,17.95,122.34,23.0,2.5,050 km N 83° E of Baggao (Cagayan),Ms,TECTONIC
898,2025-09-12 00:10:45+00:00,13.97,120.48,122.0,2.3,023 km N 46° W of Calatagan (Batangas),Ms,TECTONIC
899,2025-09-11 23:18:20+00:00,14.04,124.04,3.0,2.6,011 km N 58° W of Caramoran (Catanduanes),Ms,TECTONIC
900,2025-09-11 21:45:32+00:00,10.11,125.7,54.0,2.2,012 km N 66° E of Basilisa (Dinagat Islands),Ms,TECTONIC
901,2025-09-11 21:41:38+00:00,11.23,124.63,7.0,2.4,007 km S 16° W of Capoocan (Leyte),Ms,TECTONIC
902,2025-09-11 21:26:50+00:00,6.44,126.43,26.0,3.2,047 km S 59° E of Governor Generoso (Davao Oriental),Ms,TECTONIC
903,2025-09-11 21:16:13+00:00,17.75,120.68,25.0,2.1,004 km N 44° W of Lagayan (Abra),Ms,TECTONIC
904,2025-09-11 21:02:00+00:00,7.31,126.55,146.0,3.7,002 km S 41° W of Caraga (Davao Oriental),Ms,TECTONIC
905,2025-09-11 20:55:59+00:00,9.59,126.56,15.0,3.8,050 km S 64° E of General Luna (Surigao Del Norte),Ms,TECTONIC
906,2025-09-11 20:54:07+00:00,14.14,121.16,33.0,2.1,003 km N 28° E of City Of Santo Tomas (Batangas),Ms,TECTONIC
907,2025-09-11 20:31:51+00:00,7.98,126.45,21.0,2.0,008 km S 28° E of Lingig (Surigao Del Sur),Ms,TECTONIC
908,2025-09-11 19:55:31+00:00,16.34,120.1,1.0,2.1,017 km N 72° E of Anda (Pangasinan),Ms,TECTONIC
909,2025-09-11 19:55:23+00:00,18.51,121.51,10.0,2.4,009 km N 37° E of Abulug (Cagayan),Ms,TECTONIC
910,2025-09-11 19:51:24+00:00,8.36,123.23,40.0,1.9,017 km N 47° E of Siayan (Zamboanga Del Norte),Ms,TECTONIC
911,2025-09-11 19:49:46+00:00,14.81,123.8,33.0,2.3,094 km N 25° W of Pandan (Catanduanes),Ms,TECTONIC
912,2025-09-11 19:45:03+00:00,8.73,125.64,30.0,2.7,004 km S 85° E of Las Nieves (Agusan Del Norte),Ms,TECTONIC
913,2025-09-11 19:04:56+00:00,6.08,126.16,143.0,2.3,054 km S 76° E of Don Marcelino (Davao Occidental),Ms,TECTONIC
914,2025-09-11 18:41:48+00:00,6.89,127.04,14.0,2.8,065 km S 57° E of Manay (Davao Oriental),Ms,TECTONIC
915,2025-09-11 17:17:26+00:00,15.72,121.96,8.0,2.5,043 km S 84° E of Baler (Aurora),Ms,TECTONIC
916,2025-09-11 16:43:43+00:00,16.48,122.12,12.0,2.2,017 km S 74° W of Dinapigue (Isabela),Ms,TECTONIC
917,2025-09-11 16:25:23+00:00,13.58,123.69,11.0,1.8,014 km N 04° E of Tiwi (Albay),Ms,TECTONIC
918,2025-09-11 15:37:15+00:00,5.41,126.62,146.0,2.9,121 km S 63° E of Jose Abad Santos (Davao Occidental),Ms,TECTONIC
919,2025-09-11 15:15:25+00:00,15.26,119.87,20.0,2.6,013 km S 58° W of Iba (Zambales),Ms,TECTONIC
920,2025-09-11 14:31:34+00:00,10.16,125.45,46.0,2.3,010 km S 70° W of Libjo (Dinagat Islands),Ms,TECTONIC
921,2025-09-11 14:29:17+00:00,11.14,125.63,16.0,3.0,004 km S 71° W of Salcedo (Eastern Samar),Ms,TECTONIC
922,2025-09-11 14:14:19+00:00,14.73,119.95,25.0,1.7,028 km S 31° W of San Antonio (Zambales),Ms,TECTONIC
923,2025-09-11 13:57:21+00:00,8.8,123.45,9.0,2.1,019 km N 11° E of City Of Dapitan (Zamboanga Del Norte),Ms,TECTONIC
924,2025-09-11 13:46:43+00:00,6.69,125.97,31.0,2.5,012 km N 69° W of Governor Generoso (Davao Oriental),Ms,TECTONIC
925,2025-09-11 12:43:08+00:00,13.6,120.64,130.0,1.6,020 km N 30° W of Abra De Ilog (Occidental Mindoro),Ms,TECTONIC
926,2025-09-11 11:44:49+00:00,18.1,120.54,53.0,2.8,005 km N 21° E of Paoay (Ilocos Norte),Ms,TECTONIC
927,2025-09-11 11:09:49+00:00,15.71,121.96,7.0,3.1,043 km S 82° E of Baler (Aurora),Ms,TECTONIC
928,2025-09-11 10:44:50+00:00,5.73,125.78,119.0,3.1,025 km S 36° E of Jose Abad Santos (Davao Occidental),Ms,TECTONIC
929,2025-09-11 08:55:28+00:00,15.74,121.97,4.0,2.4,044 km S 87° E of Baler (Aurora),Ms,TECTONIC
930,2025-09-11 08:44:32+00:00,15.71,122.01,9.0,2.2,048 km S 84° E of Baler (Aurora),Ms,TECTONIC
931,2025-09-11 08:35:32+00:00,15.71,121.96,13.0,2.0,043 km S 83° E of Baler (Aurora),Ms,TECTONIC
932,2025-09-11 08:34:20+00:00,15.73,121.91,13.0,2.0,037 km S 84° E of Baler (Aurora),Ms,TECTONIC
933,2025-09-11 08:06:48+00:00,11.41,125.13,82.0,2.6,015 km N 25° E of Basey (Samar),Ms,TECTONIC
934,2025-09-11 07:24:13+00:00,15.73,121.96,5.0,2.1,043 km S 86° E of Baler (Aurora),Ms,TECTONIC
935,2025-09-11 07:21:45+00:00,7.45,127.11,4.0,3.0,061 km N 77° E of Caraga (Davao Oriental),Ms,TECTONIC
936,2025-09-11 07:14:07+00:00,15.71,121.98,9.0,3.4,045 km S 84° E of Baler (Aurora),Ms,TECTONIC
937,2025-09-11 06:35:35+00:00,9.44,126.46,11.0,2.6,035 km N 59° E of Cortes (Surigao Del Sur),Ms,TECTONIC
938,2025-09-11 06:09:39+00:00,15.24,119.89,26.0,4.5,013 km S 46° W of Iba (Zambales),Mw,TECTONIC
939,2025-09-11 04:47:10+00:00,18.41,120.92,7.0,2.5,007 km S 22° E of Adams (Ilocos Norte),Ms,TECTONIC
940,2025-09-11 04:23:10+00:00,10.15,123.74,30.0,1.4,003 km S 68° E of San Fernando (Cebu),Ms,TECTONIC
941,2025-09-11 03:58:58+00:00,8.4,124.31,10.0,3.0,002 km N 87° E of Manticao (Misamis Oriental),Ms,TECTONIC
942,2025-09-11 02:24:18+00:00,14.55,119.88,16.0,2.4,044 km S 71° W of Morong (Bataan),Ms,TECTONIC
943,2025-09-11 02:12:54+00:00,6.6,126.43,40.0,2.6,040 km S 81° E of Governor Generoso (Davao Oriental),Ms,TECTONIC
944,2025-09-11 00:18:37+00:00,11.08,125.79,12.0,2.8,016 km S 60° E of Salcedo (Eastern Samar),Ms,TECTONIC
945,2025-09-10 23:05:35+00:00,12.56,125.9,34.0,2.4,059 km N 46° E of San Policarpo (Eastern Samar),Ms,TECTONIC
946,2025-09-10 22:25:58+00:00,18.07,120.87,10.0,2.5,009 km S 31° E of Carasi (Ilocos Norte),Ms,TECTONIC
947,2025-09-10 21:26:21+00:00,9.68,125.96,30.0,2.7,007 km N 03° W of Socorro (Surigao Del Norte),Ms,TECTONIC
948,2025-09-10 21:08:20+00:00,19.07,121.38,5.0,2.2,019 km S 79° E of Dalupiri Island (Calayan) (Cagayan),Ms,TECTONIC
949,2025-09-10 20:50:33+00:00,16.18,121.98,30.0,1.5,005 km N 31° E of Dinalungan (Aurora),Ms,TECTONIC
950,2025-09-10 20:21:45+00:00,7.84,126.97,10.0,1.7,053 km N 57° E of Baganga (Davao Oriental),Ms,TECTONIC
951,2025-09-10 20:10:03+00:00,15.82,120.55,32.0,1.6,004 km S 48° E of Alcala (Pangasinan),Ms,TECTONIC
952,2025-09-10 20:08:47+00:00,6.48,125.89,23.0,2.5,027 km S 46° W of Governor Generoso (Davao Oriental),Ms,TECTONIC
953,2025-09-10 20:04:56+00:00,15.78,120.66,24.0,2.1,001 km N 49° W of Cuyapo (Nueva Ecija),Ms,TECTONIC
954,2025-09-10 20:03:31+00:00,15.81,120.69,5.0,3.1,005 km N 35° E of Cuyapo (Nueva Ecija),Ms,TECTONIC
955,2025-09-10 19:46:14+00:00,16.37,122.19,17.0,2.2,003 km S 39° W of Dilasag (Aurora),Ms,TECTONIC
956,2025-09-10 19:40:21+00:00,15.79,120.65,26.0,1.9,001 km N 54° W of Cuyapo (Nueva Ecija),Ms,TECTONIC
957,2025-09-10 19:28:16+00:00,16.37,120.43,4.0,2.2,003 km N 37° E of Tubao (La Union),Ms,TECTONIC
958,2025-09-10 19:22:09+00:00,2.72,126.67,35.0,4.0,329 km S 25° E of Balut Island (Municipality Of Sarangani) (Davao Occidental),Ms,TECTONIC
959,2025-09-10 19:18:22+00:00,13.08,124.06,35.0,1.5,012 km N 21° E of City Of Sorsogon (Sorsogon),Ms,TECTONIC
960,2025-09-10 19:06:31+00:00,13.92,120.5,74.0,1.8,017 km N 56° W of Calatagan (Batangas),Ms,TECTONIC
961,2025-09-10 18:55:31+00:00,7.61,126.12,32.0,1.7,007 km N 14° W of New Bataan (Davao De Oro),Ms,TECTONIC
962,2025-09-10 18:25:33+00:00,13.88,120.5,74.0,1.8,015 km N 69° W of Calatagan (Batangas),Ms,TECTONIC
963,2025-09-10 18:22:12+00:00,13.51,120.6,6.0,1.8,016 km N 63° W of Abra De Ilog (Occidental Mindoro),Ms,TECTONIC
964,2025-09-10 16:29:23+00:00,9.45,126.93,5.0,3.6,082 km N 77° E of Cortes (Surigao Del Sur),Ms,TECTONIC
965,2025-09-10 15:23:41+00:00,15.82,120.69,8.0,2.5,005 km N 33° E of Cuyapo (Nueva Ecija),Ms,TECTONIC
966,2025-09-10 15:16:59+00:00,5.36,126.35,2.0,3.1,098 km S 83° E of Sarangani Island (Municipality Of Sarangani) (Davao Occidental),Ms,TECTONIC
967,2025-09-10 13:57:59+00:00,13.89,120.56,80.0,1.5,010 km N 48° W of Calatagan (Batangas),Ms,TECTONIC
968,2025-09-10 13:50:50+00:00,14.36,123.56,30.0,1.8,050 km N 42° E of Siruma (Camarines Sur),Ms,TECTONIC
969,2025-09-10 13:33:26+00:00,10.88,122.32,9.0,2.5,012 km North of Tubungan (Iloilo),Ms,TECTONIC
970,2025-09-10 13:21:38+00:00,7.35,126.69,25.0,1.9,014 km N 79° E of Caraga (Davao Oriental),Ms,TECTONIC
971,2025-09-10 11:59:39+00:00,5.87,125.81,136.0,2.2,018 km S 77° E of Jose Abad Santos (Davao Occidental),Ms,TECTONIC
972,2025-09-10 11:14:21+00:00,13.23,120.89,44.0,1.5,024 km N 48° E of Santa Cruz (Occidental Mindoro),Ms,TECTONIC
973,2025-09-10 10:45:30+00:00,14.23,120.26,71.0,3.1,033 km S 47° W of Mariveles (Bataan),Ms,TECTONIC
974,2025-09-10 09:01:34+00:00,13.77,120.52,80.0,3.3,014 km S 61° W of Calatagan (Batangas),Ms,TECTONIC
975,2025-09-10 08:29:48+00:00,9.83,124.93,12.0,2.4,018 km S 58° W of Limasawa (Southern Leyte),Ms,TECTONIC
976,2025-09-10 07:52:24+00:00,7.62,124.73,4.0,2.8,003 km S 20° E of Wao (Lanao Del Sur),Ms,TECTONIC
977,2025-09-10 05:30:14+00:00,13.39,120.62,3.0,2.3,013 km S 64° W of Abra De Ilog (Occidental Mindoro),Ms,TECTONIC
978,2025-09-10 05:04:00+00:00,13.53,120.69,2.0,2.8,010 km N 26° W of Abra De Ilog (Occidental Mindoro),Ms,TECTONIC
979,2025-09-10 04:57:17+00:00,13.38,120.61,2.0,2.0,014 km S 61° W of Abra De Ilog (Occidental Mindoro),Ms,TECTONIC
980,2025-09-10 03:56:10+00:00,8.95,122.61,20.0,2.3,048 km S 75° W of Siaton (Negros Oriental),Ms,TECTONIC
981,2025-09-10 03:10:05+00:00,12.45,124.83,29.0,1.3,011 km S 47° E of Mondragon (Northern Samar),Ms,TECTONIC
982,2025-09-10 03:03:45+00:00,7.91,126.62,87.0,2.2,022 km N 55° E of Cateel (Davao Oriental),Ms,TECTONIC
983,2025-09-10 00:40:11+00:00,12.74,123.57,27.0,1.8,015 km N 44° W of Monreal (Masbate),Ms,TECTONIC
984,2025-09-10 00:34:20+00:00,20.15,121.34,32.0,3.2,060 km S 70° W of Sabtang (Batanes),Ms,TECTONIC
985,2025-09-10 00:14:55+00:00,13.52,124.96,4.0,3.6,065 km S 76° E of Baras (Catanduanes),Ms,TECTONIC
986,2025-09-10 00:06:09+00:00,13.43,120.46,32.0,1.4,002 km N 24° W of Paluan (Occidental Mindoro),Ms,TECTONIC
987,2025-09-09 22:14:15+00:00,18.19,120.69,6.0,2.1,003 km N 45° W of Piddig (Ilocos Norte),Ms,TECTONIC
988,2025-09-09 22:05:36+00:00,11.36,125.53,24.0,2.7,007 km S 21° W of Llorente (Eastern Samar),Ms,TECTONIC
989,2025-09-09 21:52:18+00:00,8.34,125.9,11.0,2.7,012 km N 58° E of La Paz (Agusan Del Sur),Ms,TECTONIC
990,2025-09-09 21:06:37+00:00,5.75,126.21,114.0,2.6,065 km S 74° E of Jose Abad Santos (Davao Occidental),Ms,TECTONIC
991,2025-09-09 20:44:11+00:00,5.72,126.45,34.0,1.9,092 km S 76° E of Jose Abad Santos (Davao Occidental),Ms,TECTONIC
992,2025-09-09 20:42:03+00:00,15.25,121.99,17.0,2.4,040 km N 29° E of Panukulan (Quezon),Ms,TECTONIC
993,2025-09-09 20:20:14+00:00,8.96,122.38,32.0,1.9,057 km S 30° W of Basay (Negros Oriental),Ms,TECTONIC
994,2025-09-09 19:46:42+00:00,8.99,126.5,25.0,1.8,023 km N 69° E of Cagwait (Surigao Del Sur),Ms,TECTONIC
995,2025-09-09 19:43:30+00:00,8.91,126.48,15.0,1.6,019 km S 86° E of Cagwait (Surigao Del Sur),Ms,TECTONIC
996,2025-09-09 19:35:53+00:00,8.96,126.4,23.0,4.1,012 km N 67° E of Cagwait (Surigao Del Sur),Ms,TECTONIC
997,2025-09-09 19:21:04+00:00,18.65,121.19,3.0,1.7,012 km N 64° E of Claveria (Cagayan),Ms,TECTONIC
998,2025-09-09 19:09:57+00:00,13.34,120.72,33.0,1.4,012 km S 03° W of Abra De Ilog (Occidental Mindoro),Ms,TECTONIC
999,2025-09-09 18:57:27+00:00,6.61,126.41,27.0,3.4,037 km S 82° E of Governor Generoso (Davao Oriental),Ms,TECTONIC
1000,2025-09-09 18:52:39+00:00,13.38,120.7,14.0,1.6,008 km S 22° W of Abra De Ilog (Occidental Mindoro),Ms,TECTONIC
1001,2025-09-09 18:42:14+00:00,14.09,119.48,14.0,1.9,074 km N 70° W of Lubang (Occidental Mindoro),Ms,TECTONIC
1002,2025-09-09 18:36:35+00:00,8.33,125.62,50.0,1.7,021 km N 74° W of La Paz (Agusan Del Sur),Ms,TECTONIC
1003,2025-09-09 18:10:32+00:00,10.42,125.06,3.0,1.4,010 km N 64° E of Sogod (Southern Leyte),Ms,TECTONIC
1004,2025-09-09 17:59:00+00:00,17.72,120.1,14.0,1.9,031 km N 64° W of Santa Catalina (Ilocos Sur),Ms,TECTONIC
1005,2025-09-09 17:56:26+00:00,11.66,122.35,23.0,1.4,005 km N 71° E of Malinao (Aklan),Ms,TECTONIC
1006,2025-09-09 17:55:56+00:00,11.59,122.24,13.0,1.7,010 km N 47° W of Madalag (Aklan),Ms,TECTONIC
1007,2025-09-09 17:37:49+00:00,16.98,120.82,5.0,2.6,001 km S 08° W of Tadian (Mountain Province),Ms,TECTONIC
1008,2025-09-09 17:13:30+00:00,18.43,120.74,19.0,2.3,012 km S 13° W of Bangui (Ilocos Norte),Ms,TECTONIC
1009,2025-09-09 17:06:32+00:00,13.48,120.4,31.0,2.3,010 km N 47° W of Paluan (Occidental Mindoro),Ms,TECTONIC
1010,2025-09-09 16:52:53+00:00,9.3,126.48,15.0,1.8,032 km N 86° E of Cortes (Surigao Del Sur),Ms,TECTONIC
1011,2025-09-09 16:17:01+00:00,13.38,120.72,13.0,1.7,007 km S 08° W of Abra De Ilog (Occidental Mindoro),Ms,TECTONIC
1012,2025-09-09 15:57:36+00:00,8.71,124.72,26.0,1.4,007 km S 58° W of Balingasag (Misamis Oriental),Ms,TECTONIC
1013,2025-09-09 15:51:49+00:00,17.21,120.63,10.0,2.6,007 km N 19° E of Gregorio Del Pilar (Ilocos Sur),Ms,TECTONIC
1014,2025-09-09 15:33:49+00:00,8.21,127.38,38.0,2.2,109 km N 80° E of Lingig (Surigao Del Sur),Ms,TECTONIC
1015,2025-09-09 12:29:24+00:00,13.73,122.84,2.0,2.1,010 km S 49° W of Lupi (Camarines Sur),Ms,TECTONIC
1016,2025-09-09 12:20:13+00:00,13.01,124.45,35.0,1.6,028 km S 82° E of Prieto Diaz (Sorsogon),Ms,TECTONIC
1017,2025-09-09 12:15:45+00:00,14.15,119.71,21.0,2.0,055 km N 54° W of Lubang (Occidental Mindoro),Ms,TECTONIC
1018,2025-09-09 11:36:24+00:00,8.66,126.59,24.0,2.1,036 km S 64° E of Marihatag (Surigao Del Sur),Ms,TECTONIC
1019,2025-09-09 11:34:34+00:00,9.38,125.98,107.0,2.1,004 km N 65° E of Carrascal (Surigao Del Sur),Ms,TECTONIC
1020,2025-09-09 11:15:07+00:00,10.97,125.42,80.0,4.0,017 km S 11° W of Giporlos (Eastern Samar),Ms,TECTONIC
1021,2025-09-09 11:05:28+00:00,7.61,122.06,6.0,2.2,010 km N 71° W of Sirawai (Zamboanga Del Norte),Ms,TECTONIC
1022,2025-09-09 09:49:36+00:00,10.31,124.05,31.0,1.4,011 km S 28° E of Liloan (Cebu),Ms,TECTONIC
1023,2025-09-09 09:23:50+00:00,10.42,123.17,6.0,1.9,006 km N 52° W of City Of Canlaon (Negros Oriental),ML,VOLCANO-TECTONIC
1024,2025-09-09 06:56:21+00:00,11.26,125.43,28.0,4.8,012 km N 82° W of General Macarthur (Eastern Samar),Ms,TECTONIC
1025,2025-09-09 06:32:39+00:00,9.36,125.9,35.0,1.7,005 km S 83° W of Carrascal (Surigao Del Sur),Ms,TECTONIC
1026,2025-09-09 03:31:34+00:00,17.23,120.33,20.0,2.9,014 km N 58° W of City Of Candon (Ilocos Sur),Ms,TECTONIC
1027,2025-09-09 01:48:32+00:00,17.57,120.6,8.0,2.4,001 km N 80° E of Pidigan (Abra),Ms,TECTONIC
1028,2025-09-09 01:45:48+00:00,17.71,120.64,19.0,2.1,003 km N 55° W of Danglas (Abra),Ms,TECTONIC
1029,2025-09-09 01:00:38+00:00,13.7,122.88,2.0,2.2,011 km S 18° W of Lupi (Camarines Sur),Ms,TECTONIC
1030,2025-09-09 00:28:58+00:00,9.54,126.47,18.0,2.0,042 km N 46° E of Cortes (Surigao Del Sur),Ms,TECTONIC
1031,2025-09-09 00:16:17+00:00,9.91,125.55,36.0,1.7,008 km S 52° W of Dinagat (Dinagat Islands),Ms,TECTONIC
1032,2025-09-09 00:13:55+00:00,9.56,126.48,15.0,2.8,043 km S 56° E of General Luna (Surigao Del Norte),Ms,TECTONIC
1033,2025-09-09 00:01:19+00:00,12.79,123.42,8.0,2.2,023 km S 55° E of Claveria (Masbate),Ms,TECTONIC
1034,2025-09-08 23:23:53+00:00,7.89,126.25,4.0,1.7,014 km N 83° W of Boston (Davao Oriental),Ms,TECTONIC
1035,2025-09-08 23:08:21+00:00,13.08,120.94,4.0,1.9,024 km S 88° E of Santa Cruz (Occidental Mindoro),Ms,TECTONIC
1036,2025-09-08 22:54:09+00:00,5.67,125.09,64.0,2.3,021 km S 39° W of Glan (Sarangani),Ms,TECTONIC
1037,2025-09-08 21:44:18+00:00,8.11,126.99,15.0,1.7,064 km N 83° E of Lingig (Surigao Del Sur),Ms,TECTONIC
1038,2025-09-08 21:19:54+00:00,18.42,121.37,5.0,1.8,005 km S 31° E of Pamplona (Cagayan),Ms,TECTONIC
1039,2025-09-08 20:52:10+00:00,10.02,126.68,18.0,2.8,063 km N 65° E of General Luna (Surigao Del Norte),Ms,TECTONIC
1040,2025-09-08 20:48:40+00:00,18.56,121.42,3.0,2.1,014 km N 39° E of Pamplona (Cagayan),Ms,TECTONIC
1041,2025-09-08 20:45:52+00:00,6.61,125.95,2.0,2.4,014 km S 68° W of Governor Generoso (Davao Oriental),Ms,TECTONIC
1042,2025-09-08 20:36:37+00:00,6.22,126.97,46.0,3.1,109 km S 32° E of Tarragona (Davao Oriental),Ms,TECTONIC
1043,2025-09-08 20:18:10+00:00,8.85,126.42,29.0,3.2,014 km N 68° E of Marihatag (Surigao Del Sur),Ms,TECTONIC
1044,2025-09-08 20:00:40+00:00,16.77,119.9,28.0,1.4,042 km N 02° E of Bolinao (Pangasinan),Ms,TECTONIC
1045,2025-09-08 19:30:05+00:00,12.63,122.15,13.0,2.0,007 km N 10° E of San Agustin (Romblon),Ms,TECTONIC
1046,2025-09-08 19:07:46+00:00,8.38,126.69,11.0,1.4,039 km N 88° E of Hinatuan (Surigao Del Sur),Ms,TECTONIC
1047,2025-09-08 19:04:26+00:00,15.94,122.13,27.0,1.4,029 km S 40° E of Dinalungan (Aurora),Ms,TECTONIC
1048,2025-09-08 18:52:09+00:00,9.93,125.57,123.0,5.3,005 km S 58° W of Dinagat (Dinagat Islands),Mw,TECTONIC
1049,2025-09-08 18:41:36+00:00,8.48,125.81,32.0,1.8,005 km N 36° E of Talacogon (Agusan Del Sur),Ms,TECTONIC
1050,2025-09-08 18:22:55+00:00,4.89,123.21,608.0,4.3,182 km S 37° W of Palimbang (Sultan Kudarat),Ms,TECTONIC
1051,2025-09-08 18:16:17+00:00,10.27,124.86,5.0,2.0,009 km S 78° E of Matalom (Leyte),Ms,TECTONIC
1052,2025-09-08 18:08:13+00:00,17.78,120.72,30.0,1.7,006 km N 12° E of Lagayan (Abra),Ms,TECTONIC
1053,2025-09-08 17:50:48+00:00,18.63,121.41,3.0,2.8,020 km N 23° E of Pamplona (Cagayan),Ms,TECTONIC
1054,2025-09-08 17:27:12+00:00,6.46,125.98,37.0,2.6,024 km S 24° W of Governor Generoso (Davao Oriental),Ms,TECTONIC
1055,2025-09-08 17:19:25+00:00,7.55,122.12,20.0,1.8,004 km S 31° W of Sirawai (Zamboanga Del Norte),Ms,TECTONIC
1056,2025-09-08 16:42:31+00:00,17.64,120.55,9.0,2.7,008 km N 14° W of Langiden (Abra),Ms,TECTONIC
1057,2025-09-08 16:34:48+00:00,7.23,125.64,27.0,1.9,008 km S 32° W of City Of Panabo (Davao Del Norte),Ms,TECTONIC
1058,2025-09-08 16:31:34+00:00,9.87,122.25,21.0,2.0,023 km N 60° W of City Of Sipalay (Negros Occidental),Ms,TECTONIC
1059,2025-09-08 16:31:06+00:00,18.8,121.34,2.0,2.4,007 km S 28° W of Fuga Island (Aparri) (Cagayan),Ms,TECTONIC
1060,2025-09-08 16:16:13+00:00,5.78,126.17,125.0,3.7,060 km S 76° E of Jose Abad Santos (Davao Occidental),Ms,TECTONIC
1061,2025-09-08 15:31:32+00:00,13.86,120.43,72.0,2.8,022 km N 83° W of Calatagan (Batangas),Ms,TECTONIC
1062,2025-09-08 15:13:00+00:00,8.31,126.67,9.0,1.7,037 km S 81° E of Hinatuan (Surigao Del Sur),Ms,TECTONIC
1063,2025-09-08 14:50:52+00:00,6.4,126.78,106.0,2.6,081 km S 27° E of Tarragona (Davao Oriental),Ms,TECTONIC
1064,2025-09-08 14:11:42+00:00,6.12,125.94,91.0,3.1,029 km S 72° E of Don Marcelino (Davao Occidental),Ms,TECTONIC
1065,2025-09-08 13:03:59+00:00,17.12,119.14,13.0,2.9,114 km N 45° W of Bolinao (Pangasinan),Ms,TECTONIC
1066,2025-09-08 12:51:26+00:00,5.85,125.98,172.0,4.8,037 km S 80° E of Jose Abad Santos (Davao Occidental),Mw,TECTONIC
1067,2025-09-08 12:26:41+00:00,6.4,126.93,33.0,1.8,089 km S 36° E of Tarragona (Davao Oriental),Ms,TECTONIC
1068,2025-09-08 11:54:59+00:00,12.2,125.08,29.0,2.1,016 km S 19° E of Las Navas (Northern Samar),Ms,TECTONIC
1069,2025-09-08 11:14:00+00:00,13.74,122.87,3.0,2.3,007 km S 36° W of Lupi (Camarines Sur),Ms,TECTONIC
1070,2025-09-08 10:10:18+00:00,17.16,121.54,14.0,2.7,009 km N 65° W of Roxas (Isabela),Ms,TECTONIC
1071,2025-09-08 08:55:45+00:00,16.39,122.04,4.0,3.2,015 km N 35° W of Casiguran (Aurora),Ms,TECTONIC
1072,2025-09-08 08:42:05+00:00,6.5,125.92,24.0,2.5,023 km S 45° W of Governor Generoso (Davao Oriental),Ms,TECTONIC
1073,2025-09-08 08:23:56+00:00,6.49,125.9,27.0,2.7,026 km S 47° W of Governor Generoso (Davao Oriental),Ms,TECTONIC
1074,2025-09-08 07:23:28+00:00,12.54,125.35,5.0,2.1,012 km N 56° E of Mapanas (Northern Samar),Ms,TECTONIC
1075,2025-09-08 06:17:30+00:00,5.82,125.72,130.0,2.1,013 km S 51° E of Jose Abad Santos (Davao Occidental),Ms,TECTONIC
1076,2025-09-08 06:00:21+00:00,15.33,122.02,22.0,1.9,049 km N 27° E of Panukulan (Quezon),Ms,TECTONIC
1077,2025-09-08 02:49:33+00:00,6.9,125.54,45.0,1.5,016 km N 61° E of Santa Cruz (Davao Del Sur),Ms,TECTONIC
1078,2025-09-08 02:32:38+00:00,17.63,120.6,5.0,2.4,004 km N 35° W of Bangued (Abra),Ms,TECTONIC
1079,2025-09-08 02:23:55+00:00,6.49,125.9,24.0,2.7,026 km S 46° W of Governor Generoso (Davao Oriental),Ms,TECTONIC
1080,2025-09-08 01:59:00+00:00,15.72,121.94,11.0,1.5,041 km S 85° E of Baler (Aurora),Ms,TECTONIC
1081,2025-09-08 01:57:36+00:00,18.06,120.78,7.0,1.5,004 km S 07° E of Solsona (Ilocos Norte),Ms,TECTONIC
1082,2025-09-08 01:47:22+00:00,9.18,125.66,26.0,1.5,014 km N 62° E of City Of Cabadbaran (Agusan Del Norte),Ms,TECTONIC
1083,2025-09-08 01:09:56+00:00,8.97,126.4,42.0,2.1,013 km N 90° E of Bayabas (Surigao Del Sur),Ms,TECTONIC
1084,2025-09-08 00:32:31+00:00,6.47,125.96,38.0,3.2,024 km S 32° W of Governor Generoso (Davao Oriental),Ms,TECTONIC
1085,2025-09-08 00:20:56+00:00,6.75,125.17,13.0,3.0,002 km S 66° E of Magsaysay (Davao Del Sur),Ms,TECTONIC
1086,2025-09-07 23:44:30+00:00,13.6,120.64,115.0,2.2,019 km N 30° W of Abra De Ilog (Occidental Mindoro),Ms,TECTONIC
1087,2025-09-07 22:52:31+00:00,17.65,120.56,6.0,2.1,008 km N 49° W of Bangued (Abra),Ms,TECTONIC
1088,2025-09-07 21:22:59+00:00,6.51,125.88,22.0,2.6,026 km S 53° W of Governor Generoso (Davao Oriental),Ms,TECTONIC
1089,2025-09-07 20:57:47+00:00,15.06,119.91,9.0,2.8,018 km S 89° W of San Felipe (Zambales),Ms,TECTONIC
1090,2025-09-07 19:47:42+00:00,7.06,126.01,42.0,2.0,011 km N 02° E of Banaybanay (Davao Oriental),Ms,TECTONIC
1091,2025-09-07 19:42:51+00:00,13.67,120.66,91.0,1.6,019 km S 10° E of Calatagan (Batangas),Ms,TECTONIC
1092,2025-09-07 19:27:46+00:00,8.75,126.52,14.0,1.5,025 km S 77° E of Marihatag (Surigao Del Sur),Ms,TECTONIC
1093,2025-09-07 19:08:36+00:00,12.16,120.94,34.0,1.2,025 km S 33° W of San Jose (Occidental Mindoro),Ms,TECTONIC
1094,2025-09-07 18:33:23+00:00,12.75,123.44,33.0,1.4,027 km N 11° E of Aroroy (Masbate),Ms,TECTONIC
1095,2025-09-07 18:31:42+00:00,12.34,120.89,33.0,1.4,015 km S 31° W of Rizal (Occidental Mindoro),Ms,TECTONIC
1096,2025-09-07 18:17:10+00:00,12.51,120.73,2.0,2.1,024 km S 74° W of Calintaan (Occidental Mindoro),Ms,TECTONIC
1097,2025-09-07 17:59:21+00:00,8.21,126.45,32.0,1.3,015 km S 87° E of City Of Bislig (Surigao Del Sur),Ms,TECTONIC
1098,2025-09-07 17:21:23+00:00,9.51,126.05,13.0,2.2,015 km S 36° E of Socorro (Surigao Del Norte),Ms,TECTONIC
1099,2025-09-07 17:09:53+00:00,10.19,127.02,33.0,2.1,105 km N 80° E of Burgos (Surigao Del Norte),Ms,TECTONIC
1100,2025-09-07 17:06:31+00:00,12.3,120.93,32.0,1.4,016 km S 67° W of San Jose (Occidental Mindoro),Ms,TECTONIC
1101,2025-09-07 16:43:58+00:00,13.31,121.42,12.0,1.7,018 km N 07° W of Pola (Oriental Mindoro),Ms,TECTONIC
1102,2025-09-07 16:36:38+00:00,8.05,123.42,31.0,1.6,004 km N 72° E of Sominot (Zamboanga Del Sur),Ms,TECTONIC
1103,2025-09-07 16:30:16+00:00,18.78,121.36,6.0,2.5,008 km S 09° W of Fuga Island (Aparri) (Cagayan),Ms,TECTONIC
1104,2025-09-07 15:59:13+00:00,9.46,126.19,23.0,1.6,021 km N 01° W of Cortes (Surigao Del Sur),Ms,TECTONIC
1105,2025-09-07 15:58:50+00:00,14.98,122.63,4.0,2.0,044 km N 46° E of Jomalig (Quezon),Ms,TECTONIC
1106,2025-09-07 15:52:40+00:00,18.7,121.3,5.0,2.8,017 km N 23° E of Sanchez-mira (Cagayan),Ms,TECTONIC
1107,2025-09-07 15:48:12+00:00,10.9,124.85,31.0,1.5,009 km S 30° W of Burauen (Leyte),Ms,TECTONIC
1108,2025-09-07 15:36:28+00:00,3.46,126.5,54.0,4.6,247 km S 29° E of Balut Island (Municipality Of Sarangani) (Davao Occidental),Ms,TECTONIC
1109,2025-09-07 15:17:47+00:00,7.39,127.36,4.0,4.0,088 km N 85° E of Caraga (Davao Oriental),Ms,TECTONIC
1110,2025-09-07 14:53:32+00:00,18.94,121.27,14.0,2.5,015 km N 46° W of Fuga Island (Aparri) (Cagayan),Ms,TECTONIC
1111,2025-09-07 14:53:06+00:00,17.64,120.49,9.0,2.0,010 km N 47° W of Langiden (Abra),Ms,TECTONIC
1112,2025-09-07 14:47:28+00:00,8.95,126.57,25.0,1.7,030 km N 84° E of Cagwait (Surigao Del Sur),Ms,TECTONIC
1113,2025-09-07 14:08:19+00:00,6.5,125.93,25.0,2.6,036 km N 75° E of Malita (Davao Occidental),Ms,TECTONIC
1114,2025-09-07 13:00:01+00:00,9.8,126.49,14.0,2.6,035 km N 84° E of General Luna (Surigao Del Norte),Ms,TECTONIC
1115,2025-09-07 12:14:21+00:00,9.24,126.42,11.0,1.7,025 km S 82° E of Cortes (Surigao Del Sur),Ms,TECTONIC
1116,2025-09-07 11:40:41+00:00,13.75,120.59,87.0,1.4,010 km S 24° W of Calatagan (Batangas),Ms,TECTONIC
1117,2025-09-07 10:25:06+00:00,8.12,126.74,18.0,1.5,037 km N 77° E of Lingig (Surigao Del Sur),Ms,TECTONIC
1118,2025-09-07 10:18:58+00:00,9.29,126.26,17.0,2.1,008 km N 76° E of Cortes (Surigao Del Sur),Ms,TECTONIC
1119,2025-09-07 10:04:18+00:00,18.8,121.06,12.0,2.6,022 km N 07° W of Claveria (Cagayan),Ms,TECTONIC
1120,2025-09-07 09:45:54+00:00,19.94,121.78,24.0,2.6,045 km S 12° W of Sabtang (Batanes),Ms,TECTONIC
1121,2025-09-07 07:29:06+00:00,9.26,127.13,3.0,5.1,098 km N 71° E of Bayabas (Surigao Del Sur),Mw,TECTONIC
1122,2025-09-07 07:21:19+00:00,9.48,125.98,26.0,1.6,013 km N 17° E of Carrascal (Surigao Del Sur),Ms,TECTONIC
1123,2025-09-07 07:16:48+00:00,12.47,123.08,32.0,1.9,035 km S 83° W of Aroroy (Masbate),Ms,TECTONIC
1124,2025-09-07 07:13:04+00:00,16.38,122.26,10.0,2.3,006 km S 74° E of Dilasag (Aurora),Ms,TECTONIC
1125,2025-09-07 05:35:57+00:00,6.66,126.59,43.0,2.5,046 km S 21° E of Tarragona (Davao Oriental),Ms,TECTONIC
1126,2025-09-07 05:29:05+00:00,18.37,121.81,9.0,1.9,009 km N 18° W of Buguey (Cagayan),Ms,TECTONIC
1127,2025-09-07 05:09:38+00:00,17.99,120.28,21.0,3.0,022 km N 72° W of Badoc (Ilocos Norte),Ms,TECTONIC
1128,2025-09-07 04:11:03+00:00,10.26,123.76,26.0,1.9,004 km N 76° W of Minglanilla (Cebu),Ms,TECTONIC
1129,2025-09-07 03:55:06+00:00,17.68,120.56,5.0,2.9,011 km N 33° W of Bangued (Abra),Ms,TECTONIC
1130,2025-09-07 03:46:58+00:00,5.35,126.01,3.0,2.5,062 km S 78° E of Sarangani Island (Municipality Of Sarangani) (Davao Occidental),Ms,TECTONIC
1131,2025-09-07 02:49:59+00:00,13.6,120.4,32.0,1.4,021 km S 51° E of Looc (Occidental Mindoro),Ms,TECTONIC
1132,2025-09-07 01:26:45+00:00,6.3,125.62,58.0,2.2,012 km S 04° E of Malita (Davao Occidental),Ms,TECTONIC
1133,2025-09-07 01:15:36+00:00,13.2,120.9,47.0,2.9,023 km N 57° E of Santa Cruz (Occidental Mindoro),Ms,TECTONIC
1134,2025-09-07 00:01:36+00:00,11.69,124.29,8.0,2.5,007 km N 83° W of Kawayan (Biliran),Ms,TECTONIC
1135,2025-09-06 23:53:35+00:00,8.21,123.38,27.0,1.3,007 km N 35° E of Dumingag (Zamboanga Del Sur),Ms,TECTONIC
1136,2025-09-06 22:26:17+00:00,7.41,124.94,4.0,2.7,009 km S 03° W of Damulog (Bukidnon),Ms,TECTONIC
1137,2025-09-06 22:15:57+00:00,15.99,120.19,81.0,1.9,005 km N 38° W of Bugallon (Pangasinan),Ms,TECTONIC
1138,2025-09-06 21:12:25+00:00,11.92,124.09,4.0,2.0,006 km N 45° E of Pio V. Corpus (Masbate),Ms,TECTONIC
1139,2025-09-06 21:05:32+00:00,7.5,122.11,4.0,3.2,010 km S 20° W of Sirawai (Zamboanga Del Norte),Ms,TECTONIC
1140,2025-09-06 21:01:12+00:00,8.78,126.55,26.0,2.0,027 km S 85° E of Marihatag (Surigao Del Sur),Ms,TECTONIC
1141,2025-09-06 20:52:31+00:00,16.48,120.26,70.0,2.2,010 km N 62° W of Caba (La Union),Ms,TECTONIC
1142,2025-09-06 20:09:27+00:00,8.82,126.44,21.0,1.6,016 km N 81° E of Marihatag (Surigao Del Sur),Ms,TECTONIC
1143,2025-09-06 20:06:44+00:00,8.08,126.69,22.0,1.7,031 km N 81° E of Lingig (Surigao Del Sur),Ms,TECTONIC
1144,2025-09-06 19:59:00+00:00,12.5,120.7,3.0,2.0,027 km S 72° W of Calintaan (Occidental Mindoro),Ms,TECTONIC
1145,2025-09-06 19:46:28+00:00,9.73,125.77,71.0,1.8,017 km N 27° E of Gigaquit (Surigao Del Norte),Ms,TECTONIC
1146,2025-09-06 19:42:27+00:00,7.73,127.0,26.0,2.3,051 km N 71° E of Baganga (Davao Oriental),Ms,TECTONIC
1147,2025-09-06 19:39:05+00:00,7.99,126.76,31.0,2.0,039 km S 82° E of Lingig (Surigao Del Sur),Ms,TECTONIC
1148,2025-09-06 19:36:13+00:00,13.88,120.57,176.0,2.4,009 km N 49° W of Calatagan (Batangas),Ms,TECTONIC
1149,2025-09-06 19:27:31+00:00,12.1,124.01,12.0,1.9,011 km N 10° E of Cataingan (Masbate),Ms,TECTONIC
1150,2025-09-06 19:27:27+00:00,10.9,125.26,35.0,1.6,026 km S 78° E of Dulag (Leyte),Ms,TECTONIC
1151,2025-09-06 19:05:49+00:00,10.3,125.87,22.0,2.8,032 km S 78° E of Loreto (Dinagat Islands),Ms,TECTONIC
1152,2025-09-06 19:00:51+00:00,13.19,124.1,8.0,2.5,003 km S 88° W of Rapu-rapu (Albay),Ms,TECTONIC
1153,2025-09-06 18:54:07+00:00,4.53,125.74,50.0,2.9,104 km S 20° E of Balut Island (Municipality Of Sarangani) (Davao Occidental),Ms,TECTONIC
1154,2025-09-06 18:14:03+00:00,6.41,125.88,56.0,2.5,030 km S 89° E of Malita (Davao Occidental),Ms,TECTONIC
1155,2025-09-06 18:10:25+00:00,15.87,121.93,5.0,2.3,030 km S 06° W of Dinalungan (Aurora),Ms,TECTONIC
1156,2025-09-06 17:44:56+00:00,19.1,121.09,18.0,2.4,012 km S 84° W of Dalupiri Island (Calayan) (Cagayan),Ms,TECTONIC
1157,2025-09-06 16:56:32+00:00,13.83,120.51,65.0,1.4,014 km N 90° W of Calatagan (Batangas),Ms,TECTONIC
1158,2025-09-06 16:43:27+00:00,10.21,125.88,23.0,2.0,027 km N 39° W of Santa Monica (Surigao Del Norte),Ms,TECTONIC
1159,2025-09-06 16:33:56+00:00,8.96,126.27,67.0,1.8,002 km S 59° W of Bayabas (Surigao Del Sur),Ms,TECTONIC
1160,2025-09-06 16:22:57+00:00,16.77,121.42,19.0,1.5,012 km N 23° W of Cordon (Isabela),Ms,TECTONIC
1161,2025-09-06 15:36:15+00:00,8.19,126.59,32.0,1.4,025 km N 50° E of Lingig (Surigao Del Sur),Ms,TECTONIC
1162,2025-09-06 15:21:07+00:00,12.98,125.96,26.0,2.1,094 km N 54° E of Mapanas (Northern Samar),Ms,TECTONIC
1163,2025-09-06 15:01:32+00:00,9.13,126.52,30.0,1.5,031 km N 55° E of Bayabas (Surigao Del Sur),Ms,TECTONIC
1164,2025-09-06 14:48:12+00:00,6.25,126.17,125.0,2.3,046 km S 13° E of Governor Generoso (Davao Oriental),Ms,TECTONIC
1165,2025-09-06 13:56:20+00:00,20.88,119.82,32.0,3.8,211 km N 87° W of Itbayat (Batanes),Ms,TECTONIC
1166,2025-09-06 13:17:50+00:00,7.99,126.68,30.0,1.7,030 km S 79° E of Lingig (Surigao Del Sur),Ms,TECTONIC
1167,2025-09-06 12:55:51+00:00,17.65,120.51,6.0,2.8,010 km N 33° W of Langiden (Abra),Ms,TECTONIC
1168,2025-09-06 12:26:14+00:00,8.25,126.77,8.0,2.2,046 km N 59° E of Lingig (Surigao Del Sur),Ms,TECTONIC
1169,2025-09-06 11:59:41+00:00,4.57,126.22,116.0,3.1,128 km S 44° E of Balut Island (Municipality Of Sarangani) (Davao Occidental),Ms,TECTONIC
1170,2025-09-06 11:30:09+00:00,5.72,125.23,19.0,1.7,011 km S 17° E of Glan (Sarangani),Ms,TECTONIC
1171,2025-09-06 10:53:26+00:00,17.65,121.09,15.0,1.5,012 km N 43° E of Malibcong (Abra),Ms,TECTONIC
1172,2025-09-06 10:14:34+00:00,17.36,120.3,25.0,1.6,015 km N 76° W of San Esteban (Ilocos Sur),Ms,TECTONIC
1173,2025-09-06 10:08:02+00:00,8.7,126.44,31.0,2.2,019 km S 54° E of Marihatag (Surigao Del Sur),Ms,TECTONIC
1174,2025-09-06 09:15:34+00:00,14.27,120.34,108.0,2.8,025 km S 41° W of Mariveles (Bataan),Ms,TECTONIC
1175,2025-09-06 09:05:07+00:00,9.36,126.28,17.0,1.8,013 km N 44° E of Cortes (Surigao Del Sur),Ms,TECTONIC
1176,2025-09-06 08:42:58+00:00,6.28,126.87,19.0,2.6,097 km S 65° E of Governor Generoso (Davao Oriental),Ms,TECTONIC
1177,2025-09-06 08:11:00+00:00,13.15,124.21,11.0,2.5,010 km S 66° E of Rapu-rapu (Albay),Ms,TECTONIC
1178,2025-09-06 07:36:38+00:00,9.02,125.59,47.0,2.1,004 km S 01° W of Remedios T. Romualdez (Agusan Del Norte),Ms,TECTONIC
1179,2025-09-06 07:31:11+00:00,9.36,126.68,9.0,3.5,054 km N 80° E of Cortes (Surigao Del Sur),Ms,TECTONIC
1180,2025-09-06 06:58:22+00:00,5.77,127.1,125.0,2.5,150 km S 49° E of Governor Generoso (Davao Oriental),Ms,TECTONIC
1181,2025-09-06 06:45:14+00:00,11.29,124.27,34.0,1.7,011 km S 81° W of Tabango (Leyte),Ms,TECTONIC
1182,2025-09-06 05:09:55+00:00,5.02,126.15,46.0,3.3,090 km S 56° E of Sarangani Island (Municipality Of Sarangani) (Davao Occidental),Ms,TECTONIC
1183,2025-09-06 04:40:47+00:00,9.52,126.34,2.0,2.0,031 km N 32° E of Cortes (Surigao Del Sur),Ms,TECTONIC
1184,2025-09-06 04:13:42+00:00,13.87,124.13,54.0,1.6,013 km S 03° W of Caramoran (Catanduanes),Ms,TECTONIC
1185,2025-09-06 04:13:30+00:00,9.55,125.83,33.0,1.4,011 km S 74° E of Claver (Surigao Del Norte),Ms,TECTONIC
1186,2025-09-06 03:25:03+00:00,9.99,124.65,33.0,1.6,018 km S 36° E of President Carlos P. Garcia (Bohol),Ms,TECTONIC
1187,2025-09-06 03:24:29+00:00,10.63,125.98,4.0,2.0,031 km S 65° E of Homonhon Island (Guiuan) (Eastern Samar),Ms,TECTONIC
1188,2025-09-06 02:56:43+00:00,15.5,119.38,8.0,2.5,057 km N 83° W of Palauig (Zambales),Ms,TECTONIC
1189,2025-09-05 23:39:10+00:00,8.78,126.99,7.0,3.3,076 km S 88° E of Marihatag (Surigao Del Sur),Ms,TECTONIC
1190,2025-09-05 23:18:10+00:00,10.51,123.74,19.0,1.8,002 km N 87° E of Balamban (Cebu),Ms,TECTONIC
1191,2025-09-05 23:16:23+00:00,14.99,124.67,32.0,4.7,118 km N 27° E of Pandan (Catanduanes),Mw,TECTONIC
1192,2025-09-05 22:18:36+00:00,18.09,121.37,23.0,2.1,015 km S 19° W of Flora (Apayao),Ms,TECTONIC
1193,2025-09-05 22:16:06+00:00,18.36,120.93,16.0,1.8,012 km S 15° E of Adams (Ilocos Norte),Ms,TECTONIC
1194,2025-09-05 22:10:36+00:00,6.35,126.16,36.0,2.7,034 km S 16° E of Governor Generoso (Davao Oriental),Ms,TECTONIC
1195,2025-09-05 22:09:34+00:00,5.77,127.09,33.0,1.9,149 km S 49° E of Governor Generoso (Davao Oriental),Ms,TECTONIC
1196,2025-09-05 21:49:02+00:00,8.98,126.47,20.0,2.2,020 km N 70° E of Cagwait (Surigao Del Sur),Ms,TECTONIC
1197,2025-09-05 19:28:18+00:00,10.22,125.89,24.0,3.0,028 km N 37° W of Santa Monica (Surigao Del Norte),Ms,TECTONIC
1198,2025-09-05 18:54:58+00:00,17.65,120.63,28.0,1.5,004 km N 37° W of Tayum (Abra),Ms,TECTONIC
1199,2025-09-05 18:45:49+00:00,8.06,122.93,20.0,2.3,012 km N 55° E of Godod (Zamboanga Del Norte),Ms,TECTONIC
1200,2025-09-05 18:40:19+00:00,17.62,120.44,10.0,2.4,004 km S 64° E of Santo Domingo (Ilocos Sur),Ms,TECTONIC
1201,2025-09-05 18:17:25+00:00,13.45,123.51,34.0,1.4,002 km N 18° W of Buhi (Camarines Sur),Ms,TECTONIC
1202,2025-09-05 18:15:54+00:00,13.49,123.58,8.0,2.1,009 km N 47° E of Buhi (Camarines Sur),Ms,TECTONIC
1203,2025-09-05 18:03:23+00:00,9.65,126.62,22.0,2.5,053 km S 74° E of General Luna (Surigao Del Norte),Ms,TECTONIC
1204,2025-09-05 17:54:16+00:00,9.53,126.49,1.0,1.7,043 km N 50° E of Cortes (Surigao Del Sur),Ms,TECTONIC
1205,2025-09-05 17:53:41+00:00,13.44,123.48,31.0,1.8,004 km N 82° W of Buhi (Camarines Sur),Ms,TECTONIC
1206,2025-09-05 17:42:41+00:00,6.42,125.93,59.0,2.5,030 km S 31° W of Governor Generoso (Davao Oriental),Ms,TECTONIC
1207,2025-09-05 16:46:50+00:00,10.31,125.91,14.0,1.9,036 km N 24° W of Santa Monica (Surigao Del Norte),Ms,TECTONIC
1208,2025-09-05 16:22:44+00:00,13.27,123.72,8.0,2.7,006 km S 19° W of Malilipot (Albay),Ms,VOLCANO-TECTONIC
1209,2025-09-05 16:20:54+00:00,7.94,126.36,10.0,2.0,008 km N 12° W of Boston (Davao Oriental),Ms,TECTONIC
1210,2025-09-05 15:53:27+00:00,9.63,126.6,22.0,2.8,052 km S 71° E of General Luna (Surigao Del Norte),Ms,TECTONIC
1211,2025-09-05 15:40:24+00:00,6.48,125.92,27.0,2.5,026 km S 40° W of Governor Generoso (Davao Oriental),Ms,TECTONIC
1212,2025-09-05 15:39:05+00:00,6.33,125.93,79.0,3.4,030 km N 61° E of Don Marcelino (Davao Occidental),Ms,TECTONIC
1213,2025-09-05 14:50:06+00:00,6.35,126.35,120.0,3.9,046 km S 42° E of Governor Generoso (Davao Oriental),Ms,TECTONIC
1214,2025-09-05 13:25:53+00:00,7.37,126.56,43.0,2.8,005 km N 07° W of Caraga (Davao Oriental),Ms,TECTONIC
1215,2025-09-05 13:12:28+00:00,13.23,121.22,29.0,1.5,009 km N 46° W of Victoria (Oriental Mindoro),Ms,TECTONIC
1216,2025-09-05 13:11:03+00:00,13.78,119.89,4.0,2.0,027 km S 72° W of Lubang (Occidental Mindoro),Ms,TECTONIC
1217,2025-09-05 13:08:53+00:00,7.48,125.63,33.0,1.5,006 km S 08° E of Santo Tomas (Davao Del Norte),Ms,TECTONIC
1218,2025-09-05 11:48:37+00:00,12.18,125.15,31.0,1.7,010 km N 77° W of Maslog (Eastern Samar),Ms,TECTONIC
1219,2025-09-05 10:58:34+00:00,17.68,120.56,9.0,1.8,011 km S 80° W of Danglas (Abra),Ms,TECTONIC
1220,2025-09-05 09:56:44+00:00,7.43,126.0,2.0,2.5,012 km S 43° E of Mawab (Davao De Oro),Ms,TECTONIC
1221,2025-09-05 09:42:10+00:00,11.8,125.7,32.0,1.7,027 km S 87° E of Sulat (Eastern Samar),Ms,TECTONIC
1222,2025-09-05 09:34:13+00:00,7.49,126.23,24.0,1.9,012 km S 60° E of New Bataan (Davao De Oro),Ms,TECTONIC
1223,2025-09-05 09:06:35+00:00,18.53,120.77,33.0,1.4,001 km S 52° E of Bangui (Ilocos Norte),Ms,TECTONIC
1224,2025-09-05 08:40:37+00:00,17.76,120.58,8.0,2.7,012 km N 48° W of Danglas (Abra),Ms,TECTONIC
1225,2025-09-05 08:07:55+00:00,17.73,120.59,8.0,3.4,009 km N 61° W of Danglas (Abra),Ms,TECTONIC
1226,2025-09-05 06:49:25+00:00,10.01,126.11,32.0,2.2,004 km S 82° E of Burgos (Surigao Del Norte),Ms,TECTONIC
1227,2025-09-05 06:48:17+00:00,13.56,121.2,3.0,2.1,009 km S 04° W of Lobo (Batangas),Ms,TECTONIC
1228,2025-09-05 06:09:44+00:00,8.79,126.47,14.0,2.7,019 km S 88° E of Marihatag (Surigao Del Sur),Ms,TECTONIC
1229,2025-09-05 05:10:13+00:00,12.5,124.88,24.0,2.1,005 km S 08° E of San Roque (Northern Samar),Ms,TECTONIC
1230,2025-09-05 04:20:51+00:00,8.78,127.08,2.0,2.6,086 km S 89° E of Marihatag (Surigao Del Sur),Ms,TECTONIC
1231,2025-09-05 04:07:39+00:00,14.94,120.03,25.0,2.3,007 km S 81° W of San Antonio (Zambales),Ms,TECTONIC
1232,2025-09-05 04:05:00+00:00,8.76,126.92,12.0,2.0,069 km S 86° E of Marihatag (Surigao Del Sur),Ms,TECTONIC
1233,2025-09-05 03:16:15+00:00,9.49,126.41,17.0,2.1,034 km N 44° E of Cortes (Surigao Del Sur),Ms,TECTONIC
1234,2025-09-05 03:07:58+00:00,8.79,126.92,10.0,2.7,069 km S 89° E of Marihatag (Surigao Del Sur),Ms,TECTONIC
1235,2025-09-05 02:56:18+00:00,12.25,125.43,17.0,2.5,007 km S 71° E of Arteche (Eastern Samar),Ms,TECTONIC
1236,2025-09-05 02:34:10+00:00,14.1,120.46,112.0,1.3,019 km N 81° W of Nasugbu (Batangas),Ms,TECTONIC
1237,2025-09-04 22:06:00+00:00,9.58,126.49,13.0,2.6,043 km S 59° E of General Luna (Surigao Del Norte),Ms,TECTONIC
1238,2025-09-04 22:04:08+00:00,18.61,120.8,41.0,1.7,006 km N 17° E of Pagudpud (Ilocos Norte),Ms,TECTONIC
1239,2025-09-04 21:56:20+00:00,14.92,122.58,2.0,2.4,037 km N 48° E of Jomalig (Quezon),Ms,TECTONIC
1240,2025-09-04 21:51:21+00:00,7.34,126.05,28.0,2.1,008 km N 73° W of Maragusan (Davao De Oro),Ms,TECTONIC
1241,2025-09-04 21:31:01+00:00,7.29,122.0,10.0,3.5,008 km West of Sibuco (Zamboanga Del Norte),Ms,TECTONIC
1242,2025-09-04 21:20:15+00:00,13.83,120.78,21.0,1.5,012 km S 18° W of City Of Calaca (Batangas),Ms,TECTONIC
1243,2025-09-04 21:18:26+00:00,9.83,122.02,3.0,3.0,046 km N 81° W of City Of Sipalay (Negros Occidental),Ms,TECTONIC
1244,2025-09-04 20:35:57+00:00,17.23,119.86,22.0,2.3,063 km N 84° W of City Of Candon (Ilocos Sur),Ms,TECTONIC
1245,2025-09-04 20:21:59+00:00,6.78,123.83,34.0,1.5,031 km N 59° W of Lebak (Sultan Kudarat),Ms,TECTONIC
1246,2025-09-04 20:19:46+00:00,17.66,120.52,6.0,3.0,010 km S 74° E of Magsingal (Ilocos Sur),Ms,TECTONIC
1247,2025-09-04 19:51:55+00:00,6.45,126.02,51.0,3.2,023 km S 13° W of Governor Generoso (Davao Oriental),Ms,TECTONIC
1248,2025-09-04 19:51:24+00:00,17.78,120.65,33.0,2.1,009 km N 41° W of Lagayan (Abra),Ms,TECTONIC
1249,2025-09-04 18:52:07+00:00,13.65,122.75,36.0,1.5,019 km S 13° W of Ragay (Camarines Sur),Ms,TECTONIC
1250,2025-09-04 18:32:13+00:00,13.68,122.84,2.0,3.0,015 km S 33° W of Lupi (Camarines Sur),Ms,TECTONIC
1251,2025-09-04 18:29:39+00:00,15.63,120.27,21.0,1.5,012 km N 85° W of Mayantoc (Tarlac),Ms,TECTONIC
1252,2025-09-04 18:25:48+00:00,9.77,124.47,6.0,1.8,002 km N 54° W of Guindulman (Bohol),Ms,TECTONIC
1253,2025-09-04 18:21:38+00:00,17.78,120.64,34.0,1.5,010 km N 15° W of Danglas (Abra),Ms,TECTONIC
1254,2025-09-04 18:17:47+00:00,7.69,121.97,20.0,3.0,022 km N 60° W of Sirawai (Zamboanga Del Norte),Ms,TECTONIC
1255,2025-09-04 18:09:33+00:00,13.91,120.52,61.0,1.8,015 km N 53° W of Calatagan (Batangas),Ms,TECTONIC
1256,2025-09-04 18:02:19+00:00,14.42,120.28,89.0,2.7,023 km S 85° W of Mariveles (Bataan),Ms,TECTONIC
1257,2025-09-04 17:56:27+00:00,11.26,124.61,5.0,2.2,005 km S 46° W of Capoocan (Leyte),Ms,TECTONIC
1258,2025-09-04 17:54:49+00:00,7.03,127.41,2.0,3.2,098 km S 78° E of Manay (Davao Oriental),Ms,TECTONIC
1259,2025-09-04 17:49:43+00:00,8.07,126.5,25.0,1.7,011 km N 71° E of Lingig (Surigao Del Sur),Ms,TECTONIC
1260,2025-09-04 17:38:37+00:00,9.47,126.21,21.0,1.7,021 km N 04° E of Cortes (Surigao Del Sur),Ms,TECTONIC
1261,2025-09-04 16:44:43+00:00,17.55,120.45,38.0,1.6,007 km S 68° E of City Of Vigan (Ilocos Sur),Ms,TECTONIC
1262,2025-09-04 16:41:12+00:00,17.62,120.51,29.0,1.6,008 km N 50° W of Langiden (Abra),Ms,TECTONIC
1263,2025-09-04 16:38:23+00:00,17.77,120.31,4.0,3.4,015 km N 81° W of San Juan (Ilocos Sur),Ms,TECTONIC
1264,2025-09-04 16:28:24+00:00,19.21,121.18,8.0,2.7,012 km N 13° W of Dalupiri Island (Calayan) (Cagayan),Ms,TECTONIC
1265,2025-09-04 16:09:52+00:00,9.46,126.91,9.0,3.0,081 km N 75° E of Cortes (Surigao Del Sur),Ms,TECTONIC
1266,2025-09-04 15:54:04+00:00,13.18,124.57,1.0,3.0,044 km N 70° E of Prieto Diaz (Sorsogon),Ms,TECTONIC
1267,2025-09-04 15:48:11+00:00,12.55,124.73,30.0,2.0,005 km N 34° W of Mondragon (Northern Samar),Ms,TECTONIC
1268,2025-09-04 15:41:20+00:00,13.76,122.79,33.0,1.4,007 km S 01° W of Ragay (Camarines Sur),Ms,TECTONIC
1269,2025-09-04 15:25:04+00:00,14.26,120.42,122.0,2.0,021 km S 22° W of Mariveles (Bataan),Ms,TECTONIC
1270,2025-09-04 15:23:28+00:00,19.08,120.93,2.0,2.6,029 km S 83° W of Dalupiri Island (Calayan) (Cagayan),Ms,TECTONIC
1271,2025-09-04 15:20:54+00:00,7.02,124.01,13.0,2.3,005 km S 12° W of Datu Blah T. Sinsuat (Maguindanao Del Norte),Ms,TECTONIC
1272,2025-09-04 15:20:28+00:00,6.75,123.78,19.0,2.4,034 km N 69° W of Lebak (Sultan Kudarat),Ms,TECTONIC
1273,2025-09-04 15:10:00+00:00,17.79,120.65,33.0,2.2,011 km N 12° W of Danglas (Abra),Ms,TECTONIC
1274,2025-09-04 15:09:57+00:00,9.78,124.52,2.0,3.1,004 km N 65° E of Guindulman (Bohol),Ms,TECTONIC
1275,2025-09-04 14:44:32+00:00,17.67,120.53,9.0,2.0,011 km N 17° W of Langiden (Abra),Ms,TECTONIC
1276,2025-09-04 14:44:17+00:00,12.45,123.64,4.0,1.9,009 km N 12° E of City Of Masbate (Masbate),Ms,TECTONIC
1277,2025-09-04 14:42:09+00:00,17.68,120.56,11.0,1.8,011 km N 36° W of Bangued (Abra),Ms,TECTONIC
1278,2025-09-04 14:06:48+00:00,17.68,120.56,6.0,2.0,011 km S 82° W of Danglas (Abra),Ms,TECTONIC
1279,2025-09-04 14:06:12+00:00,9.5,126.37,11.0,2.2,032 km N 38° E of Cortes (Surigao Del Sur),Ms,TECTONIC
1280,2025-09-04 14:03:58+00:00,17.53,120.47,33.0,1.6,005 km S 78° W of San Quintin (Abra),Ms,TECTONIC
1281,2025-09-04 14:01:12+00:00,18.85,121.06,23.0,2.0,027 km N 06° W of Claveria (Cagayan),Ms,TECTONIC
1282,2025-09-04 13:47:18+00:00,6.49,125.86,25.0,1.8,029 km N 72° E of Malita (Davao Occidental),Ms,TECTONIC
1283,2025-09-04 13:37:46+00:00,17.71,120.59,7.0,2.3,009 km N 78° W of Danglas (Abra),Ms,TECTONIC
1284,2025-09-04 13:35:53+00:00,17.73,120.58,9.0,2.3,013 km N 83° W of Lagayan (Abra),Ms,TECTONIC
1285,2025-09-04 13:30:18+00:00,9.58,126.48,29.0,1.4,043 km S 58° E of General Luna (Surigao Del Norte),Ms,TECTONIC
1286,2025-09-04 13:29:11+00:00,11.86,125.47,24.0,2.4,007 km S 45° E of Taft (Eastern Samar),Ms,TECTONIC
1287,2025-09-04 13:16:48+00:00,13.11,121.0,3.0,3.4,031 km S 76° W of Victoria (Oriental Mindoro),Ms,TECTONIC
1288,2025-09-04 13:15:36+00:00,17.64,120.49,2.0,2.8,011 km N 48° W of Langiden (Abra),Ms,TECTONIC
1289,2025-09-04 12:57:23+00:00,17.28,122.89,30.0,2.2,055 km N 64° E of Palanan (Isabela),Ms,TECTONIC
1290,2025-09-04 12:46:53+00:00,17.71,120.59,10.0,2.4,009 km N 80° W of Danglas (Abra),Ms,TECTONIC
1291,2025-09-04 12:39:49+00:00,17.7,120.57,6.0,3.1,011 km N 86° W of Danglas (Abra),Ms,TECTONIC
1292,2025-09-04 12:37:19+00:00,17.8,120.65,34.0,1.3,011 km N 36° W of Lagayan (Abra),Ms,TECTONIC
1293,2025-09-04 12:33:55+00:00,17.63,120.52,3.0,2.4,008 km N 42° W of Langiden (Abra),Ms,TECTONIC
1294,2025-09-04 12:32:35+00:00,17.67,120.55,5.0,2.3,013 km S 78° W of Danglas (Abra),Ms,TECTONIC
1295,2025-09-04 12:31:13+00:00,17.77,120.64,33.0,1.7,009 km N 47° W of Lagayan (Abra),Ms,TECTONIC
1296,2025-09-04 12:09:43+00:00,11.14,124.05,33.0,2.0,010 km N 80° E of Medellin (Cebu),Ms,TECTONIC
1297,2025-09-04 12:00:34+00:00,17.64,120.52,10.0,4.3,008 km N 34° W of Langiden (Abra),Ms,TECTONIC
1298,2025-09-04 11:55:54+00:00,8.89,126.29,31.0,2.1,003 km S 26° W of Cagwait (Surigao Del Sur),Ms,TECTONIC
1299,2025-09-04 11:46:38+00:00,17.69,120.56,4.0,2.6,012 km N 29° W of Bangued (Abra),Ms,TECTONIC
1300,2025-09-04 11:41:31+00:00,15.43,119.63,11.0,2.9,030 km S 89° W of Palauig (Zambales),Ms,TECTONIC
1301,2025-09-04 11:41:15+00:00,9.52,126.47,22.0,2.2,040 km N 49° E of Cortes (Surigao Del Sur),Ms,TECTONIC
1302,2025-09-04 11:34:11+00:00,10.2,126.08,4.0,1.9,021 km N 03° E of Burgos (Surigao Del Norte),Ms,TECTONIC
1303,2025-09-04 11:20:32+00:00,6.69,125.23,2.0,2.8,002 km S 47° E of Matanao (Davao Del Sur),Ms,TECTONIC
1304,2025-09-04 10:37:07+00:00,9.76,126.38,22.0,1.7,024 km S 84° E of General Luna (Surigao Del Norte),Ms,TECTONIC
1305,2025-09-04 10:22:31+00:00,9.53,126.56,24.0,2.2,049 km N 55° E of Cortes (Surigao Del Sur),Ms,TECTONIC
1306,2025-09-04 10:03:22+00:00,9.4,125.43,30.0,1.6,011 km N 57° W of Jabonga (Agusan Del Norte),Ms,TECTONIC
1307,2025-09-04 10:01:11+00:00,9.49,126.06,8.0,1.8,018 km S 36° E of Socorro (Surigao Del Norte),Ms,TECTONIC
1308,2025-09-04 09:51:51+00:00,9.58,126.72,9.0,3.3,065 km S 70° E of General Luna (Surigao Del Norte),Ms,TECTONIC
1309,2025-09-04 09:21:33+00:00,13.7,122.88,1.0,2.5,011 km S 18° W of Lupi (Camarines Sur),Ms,TECTONIC
1310,2025-09-04 09:21:29+00:00,9.54,126.23,30.0,2.0,028 km S 17° E of General Luna (Surigao Del Norte),Ms,TECTONIC
1311,2025-09-04 09:17:00+00:00,9.52,126.57,7.0,2.5,050 km N 57° E of Cortes (Surigao Del Sur),unspecified,unspecified
1312,2025-09-04 09:13:29+00:00,9.5,126.48,23.0,2.2,041 km N 51° E of Cortes (Surigao Del Sur),Ms,TECTONIC
1313,2025-09-04 09:09:07+00:00,9.6,126.63,14.0,3.6,056 km S 69° E of General Luna (Surigao Del Norte),Ms,TECTONIC
1314,2025-09-04 08:33:20+00:00,9.49,126.32,8.0,1.8,028 km N 31° E of Cortes (Surigao Del Sur),Ms,TECTONIC
1315,2025-09-04 07:52:02+00:00,6.4,125.87,64.0,3.1,036 km S 38° W of Governor Generoso (Davao Oriental),Ms,TECTONIC
1316,2025-09-04 07:39:04+00:00,8.09,122.08,28.0,3.7,032 km N 14° W of Baliguian (Zamboanga Del Norte),Ms,TECTONIC
1317,2025-09-04 07:37:29+00:00,9.51,126.49,26.0,1.7,041 km N 51° E of Cortes (Surigao Del Sur),Ms,TECTONIC
1318,2025-09-04 07:28:50+00:00,7.77,126.07,1.0,2.3,006 km S 15° E of Monkayo (Davao De Oro),Ms,TECTONIC
1319,2025-09-04 05:24:54+00:00,8.91,125.7,7.0,1.9,010 km N 02° E of Sibagat (Agusan Del Sur),Ms,TECTONIC
1320,2025-09-04 05:08:22+00:00,13.78,122.72,33.0,1.5,020 km S 87° W of Lupi (Camarines Sur),Ms,TECTONIC
1321,2025-09-04 05:07:48+00:00,13.67,120.71,30.0,1.7,017 km N 87° W of Tingloy (Batangas),Ms,TECTONIC
1322,2025-09-04 04:47:14+00:00,18.0,121.22,10.0,3.0,005 km S 56° E of Kabugao (Apayao),Ms,TECTONIC
1323,2025-09-04 04:39:09+00:00,7.91,126.41,15.0,2.5,006 km N 38° E of Boston (Davao Oriental),Ms,TECTONIC
1324,2025-09-04 03:55:53+00:00,13.56,120.64,2.0,3.5,016 km N 36° W of Abra De Ilog (Occidental Mindoro),Ms,TECTONIC
1325,2025-09-04 02:21:36+00:00,13.58,122.85,1.0,1.8,024 km S 17° W of Lupi (Camarines Sur),Ms,TECTONIC
1326,2025-09-04 02:04:09+00:00,13.67,122.78,4.0,1.8,020 km S 47° W of Lupi (Camarines Sur),Ms,TECTONIC
1327,2025-09-04 01:58:55+00:00,10.04,125.15,22.0,3.1,002 km S 34° W of San Francisco (Southern Leyte),Ms,TECTONIC
1328,2025-09-04 01:52:28+00:00,13.75,122.86,2.0,2.1,008 km S 51° W of Lupi (Camarines Sur),Ms,TECTONIC
1329,2025-09-04 01:37:14+00:00,15.62,121.57,28.0,1.6,012 km S 24° E of San Luis (Aurora),Ms,TECTONIC
1330,2025-09-04 01:28:57+00:00,9.81,126.03,21.0,1.7,007 km N 25° W of Dapa (Surigao Del Norte),Ms,TECTONIC
1331,2025-09-04 01:01:51+00:00,2.91,125.82,121.0,4.6,280 km S 09° E of Balut Island (Municipality Of Sarangani) (Davao Occidental),Ms,TECTONIC
1332,2025-09-04 00:43:17+00:00,10.01,125.14,8.0,3.6,006 km S 25° W of San Francisco (Southern Leyte),Ms,TECTONIC
1333,2025-09-03 23:50:35+00:00,9.46,126.42,9.0,3.0,046 km S 39° E of General Luna (Surigao Del Norte),Ms,TECTONIC
1334,2025-09-03 23:04:24+00:00,9.6,126.61,16.0,4.3,053 km S 68° E of General Luna (Surigao Del Norte),Ms,TECTONIC
1335,2025-09-03 22:45:44+00:00,9.61,126.65,15.0,4.8,057 km S 71° E of General Luna (Surigao Del Norte),Mw,TECTONIC
1336,2025-09-03 20:36:12+00:00,13.73,120.59,98.0,2.2,012 km S 22° W of Calatagan (Batangas),Ms,TECTONIC
1337,2025-09-03 20:18:08+00:00,15.76,120.22,3.0,2.4,009 km S 69° W of Mangatarem (Pangasinan),Ms,TECTONIC
1338,2025-09-03 19:58:10+00:00,6.35,125.89,68.0,2.7,027 km N 51° E of Don Marcelino (Davao Occidental),Ms,TECTONIC
1339,2025-09-03 19:55:34+00:00,10.15,126.21,14.0,4.1,020 km N 46° E of Burgos (Surigao Del Norte),Ms,TECTONIC
1340,2025-09-03 19:29:28+00:00,8.66,126.45,19.0,2.8,022 km S 47° E of Marihatag (Surigao Del Sur),Ms,TECTONIC
1341,2025-09-03 19:24:06+00:00,12.84,124.87,39.0,3.6,032 km N 11° W of Pambujan (Northern Samar),Ms,TECTONIC
1342,2025-09-03 19:11:33+00:00,15.14,120.02,62.0,2.6,005 km S 59° W of Cabangan (Zambales),Ms,TECTONIC
1343,2025-09-03 19:04:05+00:00,15.03,121.68,5.0,2.2,017 km N 54° W of Panukulan (Quezon),Ms,TECTONIC
1344,2025-09-03 18:14:46+00:00,17.4,121.36,19.0,2.7,014 km S 57° W of City Of Tabuk (Kalinga),Ms,TECTONIC
1345,2025-09-03 17:47:42+00:00,8.85,126.39,26.0,3.0,011 km N 59° E of Marihatag (Surigao Del Sur),Ms,TECTONIC
1346,2025-09-03 17:34:50+00:00,9.51,125.15,104.0,1.8,030 km S 67° W of Malimono (Surigao Del Norte),Ms,TECTONIC
1347,2025-09-03 17:19:40+00:00,13.58,120.65,102.0,2.0,017 km N 28° W of Abra De Ilog (Occidental Mindoro),Ms,TECTONIC
1348,2025-09-03 17:09:04+00:00,5.88,125.06,10.0,2.3,007 km N 71° E of Maasim (Sarangani),Ms,TECTONIC
1349,2025-09-03 16:05:32+00:00,11.16,122.39,26.0,2.5,015 km N 40° W of Lambunao (Iloilo),Ms,TECTONIC
1350,2025-09-03 15:25:46+00:00,11.16,122.38,26.0,4.0,016 km N 42° W of Lambunao (Iloilo),Ms,TECTONIC
1351,2025-09-03 15:16:28+00:00,18.0,120.23,24.0,2.9,027 km N 72° W of Badoc (Ilocos Norte),Ms,TECTONIC
1352,2025-09-03 15:16:01+00:00,11.13,122.36,26.0,2.7,015 km N 55° W of Lambunao (Iloilo),Ms,TECTONIC
1353,2025-09-03 12:38:14+00:00,5.74,125.83,100.0,2.0,028 km S 48° E of Jose Abad Santos (Davao Occidental),Ms,TECTONIC
1354,2025-09-03 11:57:37+00:00,19.97,121.47,33.0,2.1,058 km S 47° W of Sabtang (Batanes),Ms,TECTONIC
1355,2025-09-03 11:57:26+00:00,9.78,123.87,6.0,2.6,006 km N 38° E of Maribojoc (Bohol),Ms,TECTONIC
1356,2025-09-03 11:10:41+00:00,13.68,120.61,66.0,1.4,017 km S 08° W of Calatagan (Batangas),Ms,TECTONIC
1357,2025-09-03 11:09:40+00:00,13.65,120.67,98.0,1.4,021 km S 11° E of Calatagan (Batangas),Ms,TECTONIC
1358,2025-09-03 08:34:19+00:00,8.08,126.43,47.0,2.5,005 km N 29° E of Lingig (Surigao Del Sur),Ms,TECTONIC
1359,2025-09-03 07:20:20+00:00,8.31,126.53,33.0,1.7,021 km S 72° E of Hinatuan (Surigao Del Sur),Ms,TECTONIC
1360,2025-09-03 04:44:16+00:00,8.73,126.43,30.0,1.5,016 km S 62° E of Marihatag (Surigao Del Sur),Ms,TECTONIC
1361,2025-09-03 04:04:08+00:00,16.28,121.45,9.0,2.1,017 km S 77° E of Kasibu (Nueva Vizcaya),Ms,TECTONIC
1362,2025-09-03 03:53:35+00:00,17.64,121.0,2.0,2.0,006 km S 60° E of Lacub (Abra),Ms,TECTONIC
1363,2025-09-03 03:09:21+00:00,11.7,122.28,21.0,2.0,003 km S 46° W of Makato (Aklan),Ms,TECTONIC
1364,2025-09-03 03:01:45+00:00,17.25,120.62,22.0,3.0,004 km N 74° E of San Emilio (Ilocos Sur),Ms,TECTONIC
1365,2025-09-03 02:23:14+00:00,13.57,120.7,150.0,3.1,014 km N 13° W of Abra De Ilog (Occidental Mindoro),Ms,TECTONIC
1366,2025-09-03 02:00:48+00:00,5.97,126.15,111.0,3.3,057 km S 64° E of Don Marcelino (Davao Occidental),Ms,TECTONIC
1367,2025-09-03 01:28:01+00:00,13.92,120.53,90.0,1.3,015 km N 48° W of Calatagan (Batangas),Ms,TECTONIC
1368,2025-09-03 00:15:29+00:00,7.75,122.1,17.0,2.3,006 km N 39° W of Siocon (Zamboanga Del Norte),Ms,TECTONIC
1369,2025-09-02 23:13:20+00:00,9.85,122.57,4.0,1.8,009 km N 78° W of Candoni (Negros Occidental),Ms,TECTONIC
1370,2025-09-02 23:11:10+00:00,13.12,124.14,4.0,3.0,008 km S 10° E of Rapu-rapu (Albay),Ms,TECTONIC
1371,2025-09-02 23:08:39+00:00,19.12,121.21,6.0,2.4,002 km N 07° E of Dalupiri Island (Calayan) (Cagayan),Ms,TECTONIC
1372,2025-09-02 21:42:36+00:00,7.68,126.02,35.0,1.7,005 km S 57° E of Montevista (Davao De Oro),Ms,TECTONIC
1373,2025-09-02 21:41:54+00:00,8.88,126.37,2.0,1.2,008 km S 58° E of Cagwait (Surigao Del Sur),Ms,TECTONIC
1374,2025-09-02 21:03:21+00:00,10.96,124.89,32.0,1.8,002 km S 20° W of Burauen (Leyte),Ms,TECTONIC
1375,2025-09-02 20:58:31+00:00,6.23,125.65,147.0,2.0,006 km N 57° W of Don Marcelino (Davao Occidental),Ms,TECTONIC
1376,2025-09-02 20:51:08+00:00,8.2,125.88,10.0,1.9,003 km N 38° E of Loreto (Agusan Del Sur),Ms,TECTONIC
1377,2025-09-02 20:48:27+00:00,13.23,120.34,7.0,1.5,025 km S 34° W of Paluan (Occidental Mindoro),Ms,TECTONIC
1378,2025-09-02 20:18:05+00:00,11.2,125.56,24.0,2.6,005 km S 23° E of General Macarthur (Eastern Samar),Ms,TECTONIC
1379,2025-09-02 20:18:02+00:00,5.99,124.84,21.0,1.3,022 km N 51° W of Maasim (Sarangani),Ms,TECTONIC
1380,2025-09-02 20:17:05+00:00,10.34,126.23,16.0,2.4,039 km N 25° E of Burgos (Surigao Del Norte),Ms,TECTONIC
1381,2025-09-02 20:06:52+00:00,5.45,125.65,108.0,2.0,020 km S 82° E of Sarangani Island (Municipality Of Sarangani) (Davao Occidental),Ms,TECTONIC
1382,2025-09-02 19:54:46+00:00,9.08,126.29,34.0,2.6,012 km N 02° E of Bayabas (Surigao Del Sur),Ms,TECTONIC
1383,2025-09-02 19:41:20+00:00,9.9,125.83,29.0,1.4,016 km N 78° W of Del Carmen (Surigao Del Norte),Ms,TECTONIC
1384,2025-09-02 19:33:05+00:00,8.01,126.94,12.0,1.5,058 km N 65° E of Cateel (Davao Oriental),Ms,TECTONIC
1385,2025-09-02 19:20:14+00:00,11.25,125.59,28.0,4.0,006 km N 83° E of General Macarthur (Eastern Samar),Ms,TECTONIC
1386,2025-09-02 19:17:05+00:00,11.79,125.3,2.0,1.9,017 km N 78° W of San Julian (Eastern Samar),Ms,TECTONIC
1387,2025-09-02 19:14:05+00:00,8.87,126.39,30.0,1.6,011 km S 63° E of Cagwait (Surigao Del Sur),Ms,TECTONIC
1388,2025-09-02 19:10:13+00:00,9.53,126.03,8.0,2.0,012 km S 38° E of Socorro (Surigao Del Norte),Ms,TECTONIC
1389,2025-09-02 19:06:03+00:00,7.69,126.06,4.0,2.5,004 km N 58° W of Compostela (Davao De Oro),Ms,TECTONIC
1390,2025-09-02 19:00:23+00:00,11.38,125.38,29.0,1.4,018 km S 55° W of Balangkayan (Eastern Samar),Ms,TECTONIC
1391,2025-09-02 18:28:11+00:00,9.4,126.31,41.0,2.4,019 km N 43° E of Cortes (Surigao Del Sur),Ms,TECTONIC
1392,2025-09-02 18:21:29+00:00,4.57,126.11,33.0,2.4,120 km S 39° E of Balut Island (Municipality Of Sarangani) (Davao Occidental),Ms,TECTONIC
1393,2025-09-02 18:02:22+00:00,16.09,119.98,33.0,1.5,005 km N 59° E of Mabini (Pangasinan),Ms,TECTONIC
1394,2025-09-02 17:39:58+00:00,8.76,126.87,3.0,1.7,063 km S 86° E of Marihatag (Surigao Del Sur),Ms,TECTONIC
1395,2025-09-02 17:10:24+00:00,6.96,125.17,34.0,1.5,009 km S 89° E of Makilala (Cotabato),Ms,TECTONIC
1396,2025-09-02 16:41:44+00:00,8.74,126.58,25.0,2.2,032 km S 78° E of Marihatag (Surigao Del Sur),Ms,TECTONIC
1397,2025-09-02 16:35:12+00:00,5.76,125.95,90.0,2.5,038 km S 63° E of Jose Abad Santos (Davao Occidental),Ms,TECTONIC
1398,2025-09-02 16:33:55+00:00,8.85,126.24,31.0,1.7,009 km N 50° W of Marihatag (Surigao Del Sur),Ms,TECTONIC
1399,2025-09-02 16:27:26+00:00,7.96,126.35,29.0,1.8,011 km N 16° W of Boston (Davao Oriental),Ms,TECTONIC
1400,2025-09-02 16:25:05+00:00,7.67,126.26,120.0,1.8,019 km N 89° E of Compostela (Davao De Oro),Ms,TECTONIC
1401,2025-09-02 16:22:27+00:00,7.83,124.44,31.0,1.7,008 km S 61° E of Lumba-bayabao (Lanao Del Sur),Ms,TECTONIC
1402,2025-09-02 16:05:21+00:00,13.55,122.82,27.0,1.5,025 km N 81° W of Pasacao (Camarines Sur),Ms,TECTONIC
1403,2025-09-02 15:50:59+00:00,16.1,120.15,12.0,2.3,007 km N 58° E of Sual (Pangasinan),Ms,TECTONIC
1404,2025-09-02 15:39:13+00:00,7.65,124.68,31.0,1.4,005 km N 75° W of Wao (Lanao Del Sur),Ms,TECTONIC
1405,2025-09-02 15:07:45+00:00,13.25,120.72,32.0,1.8,014 km N 79° E of Mamburao (Occidental Mindoro),Ms,TECTONIC
1406,2025-09-02 14:53:05+00:00,13.73,122.78,34.0,1.6,010 km S 07° W of Ragay (Camarines Sur),Ms,TECTONIC
1407,2025-09-02 14:39:49+00:00,8.04,124.24,34.0,1.8,003 km N 04° E of Piagapo (Lanao Del Sur),Ms,TECTONIC
1408,2025-09-02 14:39:32+00:00,8.04,124.25,34.0,1.4,003 km N 17° E of Piagapo (Lanao Del Sur),Ms,TECTONIC
1409,2025-09-02 14:05:37+00:00,13.73,120.63,88.0,1.4,011 km S 02° W of Calatagan (Batangas),Ms,TECTONIC
1410,2025-09-02 13:59:01+00:00,5.25,126.08,44.0,2.7,072 km S 70° E of Sarangani Island (Municipality Of Sarangani) (Davao Occidental),Ms,TECTONIC
1411,2025-09-02 13:58:29+00:00,10.05,126.15,28.0,2.2,009 km N 69° E of Burgos (Surigao Del Norte),Ms,TECTONIC
1412,2025-09-02 13:54:30+00:00,5.32,126.14,57.0,2.0,076 km S 77° E of Sarangani Island (Municipality Of Sarangani) (Davao Occidental),Ms,TECTONIC
1413,2025-09-02 13:50:39+00:00,12.4,120.47,25.0,2.1,053 km N 33° E of Coron (Palawan),Ms,TECTONIC
1414,2025-09-02 13:44:16+00:00,5.9,126.06,34.0,2.4,046 km S 89° E of Jose Abad Santos (Davao Occidental),Ms,TECTONIC
1415,2025-09-02 13:32:59+00:00,13.53,120.96,27.0,1.3,004 km N 17° E of Puerto Galera (Oriental Mindoro),Ms,TECTONIC
1416,2025-09-02 13:32:46+00:00,9.03,126.34,32.0,1.5,010 km N 43° E of Bayabas (Surigao Del Sur),Ms,TECTONIC
1417,2025-09-02 13:29:22+00:00,13.68,122.85,4.0,3.0,014 km S 30° W of Lupi (Camarines Sur),Ms,TECTONIC
1418,2025-09-02 12:41:50+00:00,13.94,120.48,185.0,2.1,021 km N 54° W of Calatagan (Batangas),Ms,TECTONIC
1419,2025-09-02 12:34:27+00:00,13.76,122.72,33.0,1.2,011 km S 49° W of Ragay (Camarines Sur),Ms,TECTONIC
1420,2025-09-02 12:31:26+00:00,5.54,125.44,109.0,2.8,008 km N 25° W of Sarangani Island (Municipality Of Sarangani) (Davao Occidental),Ms,TECTONIC
1421,2025-09-02 12:21:11+00:00,13.77,122.86,2.0,2.3,006 km S 68° W of Lupi (Camarines Sur),Ms,TECTONIC
1422,2025-09-02 12:12:48+00:00,13.68,122.85,2.0,3.2,014 km S 29° W of Lupi (Camarines Sur),Ms,TECTONIC
1423,2025-09-02 10:40:47+00:00,19.06,120.38,8.0,3.3,067 km N 25° W of Burgos (Ilocos Norte),Ms,TECTONIC
1424,2025-09-02 10:25:52+00:00,8.22,124.52,33.0,1.5,009 km S 83° W of Talakag (Bukidnon),Ms,TECTONIC
1425,2025-09-02 08:55:37+00:00,18.2,120.57,33.0,1.5,002 km N 87° W of City Of Laoag (Ilocos Norte),Ms,TECTONIC
1426,2025-09-02 08:30:53+00:00,8.68,126.94,14.0,2.5,072 km S 79° E of Marihatag (Surigao Del Sur),Ms,TECTONIC
1427,2025-09-02 08:27:42+00:00,12.31,125.06,32.0,2.1,004 km S 40° E of Las Navas (Northern Samar),Ms,TECTONIC
1428,2025-09-02 07:09:22+00:00,9.61,122.0,30.0,4.0,051 km S 69° W of City Of Sipalay (Negros Occidental),Ms,TECTONIC
1429,2025-09-02 06:59:57+00:00,19.1,120.3,3.0,2.5,074 km N 29° W of Burgos (Ilocos Norte),Ms,TECTONIC
1430,2025-09-02 06:06:58+00:00,18.58,120.6,9.0,2.3,009 km N 29° W of Burgos (Ilocos Norte),Ms,TECTONIC
1431,2025-09-02 05:11:51+00:00,13.79,123.88,20.0,1.7,003 km N 43° E of Caramoan (Camarines Sur),Ms,TECTONIC
1432,2025-09-02 04:56:48+00:00,13.61,120.36,1.0,1.8,017 km S 43° E of Looc (Occidental Mindoro),Ms,TECTONIC
1433,2025-09-02 04:41:46+00:00,19.03,120.36,8.0,2.4,065 km N 28° W of Burgos (Ilocos Norte),Ms,TECTONIC
1434,2025-09-02 04:40:53+00:00,18.61,120.73,3.0,1.8,008 km N 49° W of Pagudpud (Ilocos Norte),Ms,TECTONIC
1435,2025-09-02 04:24:04+00:00,6.08,123.98,2.0,2.2,030 km S 70° W of Palimbang (Sultan Kudarat),Ms,TECTONIC
1436,2025-09-02 03:14:28+00:00,13.58,120.69,5.0,1.8,015 km N 16° W of Abra De Ilog (Occidental Mindoro),Ms,TECTONIC
1437,2025-09-02 03:10:06+00:00,13.08,121.17,6.0,1.9,016 km S 49° W of Victoria (Oriental Mindoro),Ms,TECTONIC
1438,2025-09-02 02:51:16+00:00,19.08,120.32,15.0,2.5,072 km N 29° W of Burgos (Ilocos Norte),Ms,TECTONIC
1439,2025-09-02 02:41:51+00:00,19.13,120.33,11.0,2.9,076 km N 26° W of Burgos (Ilocos Norte),Ms,TECTONIC
1440,2025-09-02 02:29:29+00:00,19.09,120.5,3.0,5.1,066 km N 14° W of Burgos (Ilocos Norte),Mw,TECTONIC
1441,2025-09-02 02:20:20+00:00,10.02,121.73,25.0,4.0,050 km S 26° W of Anini-y (Antique),Ms,TECTONIC
1442,2025-09-02 02:08:05+00:00,8.63,126.47,45.0,2.0,027 km S 46° E of Marihatag (Surigao Del Sur),Ms,TECTONIC
1443,2025-09-02 01:07:41+00:00,12.5,125.35,32.0,2.1,011 km N 76° E of Mapanas (Northern Samar),Ms,TECTONIC
1444,2025-09-01 23:42:40+00:00,13.42,120.72,66.0,1.8,003 km S 11° W of Abra De Ilog (Occidental Mindoro),Ms,TECTONIC
1445,2025-09-01 23:14:34+00:00,14.02,120.5,115.0,1.4,015 km S 69° W of Nasugbu (Batangas),Ms,TECTONIC
1446,2025-09-01 22:33:23+00:00,11.8,125.82,8.0,2.7,040 km S 87° E of Sulat (Eastern Samar),Ms,TECTONIC
1447,2025-09-01 21:27:49+00:00,2.58,127.07,158.0,4.1,363 km S 30° E of Balut Island (Municipality Of Sarangani) (Davao Occidental),Ms,TECTONIC
1448,2025-09-01 21:18:02+00:00,8.64,126.6,26.0,2.0,038 km S 62° E of Marihatag (Surigao Del Sur),Ms,TECTONIC
1449,2025-09-01 20:19:56+00:00,8.19,126.96,4.0,2.9,062 km N 75° E of Lingig (Surigao Del Sur),Ms,TECTONIC
1450,2025-09-01 20:15:59+00:00,7.48,125.64,50.0,2.1,006 km S 24° E of Santo Tomas (Davao Del Norte),Ms,TECTONIC
1451,2025-09-01 19:55:53+00:00,14.07,123.98,28.0,1.5,018 km N 60° W of Caramoran (Catanduanes),Ms,TECTONIC
1452,2025-09-01 19:53:00+00:00,7.51,124.66,9.0,2.4,004 km N 86° W of Banisilan (Cotabato),Ms,TECTONIC
1453,2025-09-01 19:47:41+00:00,17.61,120.98,33.0,1.2,004 km N 34° W of Malibcong (Abra),Ms,TECTONIC
1454,2025-09-01 19:15:32+00:00,16.39,120.17,24.0,1.4,019 km S 89° W of Aringay (La Union),Ms,TECTONIC
1455,2025-09-01 18:49:00+00:00,14.2,123.98,16.0,1.7,027 km N 49° W of Pandan (Catanduanes),Ms,TECTONIC
1456,2025-09-01 18:41:10+00:00,13.7,122.86,3.0,2.9,011 km S 33° W of Lupi (Camarines Sur),Ms,TECTONIC
1457,2025-09-01 18:23:21+00:00,9.52,123.87,33.0,1.5,012 km S 24° W of Baclayon (Bohol),Ms,TECTONIC
1458,2025-09-01 17:44:39+00:00,15.45,121.8,1.0,1.5,042 km S 37° E of Baler (Aurora),Ms,TECTONIC
1459,2025-09-01 17:32:43+00:00,19.97,121.71,26.0,2.3,044 km S 23° W of Sabtang (Batanes),Ms,TECTONIC
1460,2025-09-01 17:29:19+00:00,13.7,120.52,83.0,2.0,019 km S 39° W of Calatagan (Batangas),Ms,TECTONIC
1461,2025-09-01 16:47:09+00:00,5.23,125.08,27.0,3.4,043 km S 61° W of Balut Island (Municipality Of Sarangani) (Davao Occidental),Ms,TECTONIC
1462,2025-09-01 16:35:32+00:00,6.26,126.08,137.0,2.8,043 km N 81° E of Don Marcelino (Davao Occidental),Ms,TECTONIC
1463,2025-09-01 16:13:15+00:00,13.66,121.0,33.0,1.4,012 km S 36° E of Mabini (Batangas),Ms,TECTONIC
1464,2025-09-01 15:52:18+00:00,15.63,119.97,34.0,1.2,004 km N 87° E of Candelaria (Zambales),Ms,TECTONIC
1465,2025-09-01 15:45:18+00:00,18.52,120.89,5.0,3.2,006 km N 11° W of Adams (Ilocos Norte),Ms,TECTONIC
1466,2025-09-01 15:26:30+00:00,8.17,126.99,4.0,2.3,065 km N 78° E of Lingig (Surigao Del Sur),Ms,TECTONIC
1467,2025-09-01 15:24:14+00:00,8.21,127.03,2.0,2.8,071 km N 75° E of Lingig (Surigao Del Sur),Ms,TECTONIC
1468,2025-09-01 15:23:39+00:00,10.35,126.04,21.0,1.6,037 km N 06° W of Burgos (Surigao Del Norte),Ms,TECTONIC
1469,2025-09-01 14:53:05+00:00,8.8,126.32,31.0,2.1,002 km S 85° E of Marihatag (Surigao Del Sur),Ms,TECTONIC
1470,2025-09-01 14:06:35+00:00,12.3,124.46,4.0,1.8,017 km S 54° E of San Isidro (Northern Samar),Ms,TECTONIC
1471,2025-09-01 13:56:33+00:00,16.83,120.14,20.0,1.6,026 km S 83° W of Luna (La Union),Ms,TECTONIC
1472,2025-09-01 13:20:55+00:00,15.07,120.35,36.0,1.6,023 km N 63° E of San Marcelino (Zambales),Ms,TECTONIC
1473,2025-09-01 12:17:49+00:00,8.3,126.77,8.0,1.9,048 km S 81° E of Hinatuan (Surigao Del Sur),Ms,TECTONIC
1474,2025-09-01 11:21:10+00:00,8.04,124.89,18.0,2.4,015 km N 72° W of Lantapan (Bukidnon),Ms,TECTONIC
1475,2025-09-01 10:38:54+00:00,5.22,126.38,48.0,2.7,105 km S 74° E of Sarangani Island (Municipality Of Sarangani) (Davao Occidental),Ms,TECTONIC
1476,2025-09-01 10:18:23+00:00,10.29,123.12,10.0,2.3,006 km N 65° E of Moises Padilla (Negros Occidental),ML,VOLCANO-TECTONIC
1477,2025-09-01 09:25:39+00:00,8.77,126.95,15.0,2.6,071 km S 87° E of Marihatag (Surigao Del Sur),Ms,TECTONIC
1478,2025-09-01 08:38:17+00:00,13.67,122.77,34.0,1.6,017 km S 06° W of Ragay (Camarines Sur),Ms,TECTONIC
1479,2025-09-01 08:23:06+00:00,13.79,122.88,2.0,1.8,004 km N 87° W of Lupi (Camarines Sur),Ms,TECTONIC
1480,2025-09-01 08:14:03+00:00,12.48,123.65,4.0,1.6,012 km N 14° E of City Of Masbate (Masbate),Ms,TECTONIC
1481,2025-09-01 07:10:30+00:00,12.49,122.27,1.0,2.1,009 km S 01° W of Romblon (Romblon),Ms,TECTONIC
1482,2025-09-01 06:32:36+00:00,13.72,122.86,10.0,2.4,010 km S 32° W of Lupi (Camarines Sur),Ms,TECTONIC
1483,2025-09-01 06:01:46+00:00,7.17,124.6,5.0,3.5,007 km S 73° E of Midsayap (Cotabato),Ms,TECTONIC
1484,2025-09-01 04:13:24+00:00,9.34,125.56,2.0,2.2,009 km N 01° E of Santiago (Agusan Del Norte),Ms,TECTONIC
1485,2025-09-01 03:18:11+00:00,15.48,119.97,27.0,2.7,006 km S 09° E of Masinloc (Zambales),Ms,TECTONIC
1486,2025-09-01 02:38:12+00:00,13.54,120.8,34.0,1.6,014 km N 38° E of Abra De Ilog (Occidental Mindoro),Ms,TECTONIC
1487,2025-09-01 02:25:41+00:00,9.95,123.76,34.0,1.5,013 km N 62° W of Calape (Bohol),Ms,TECTONIC
1488,2025-09-01 02:02:57+00:00,13.18,120.66,19.0,1.9,009 km S 54° E of Mamburao (Occidental Mindoro),Ms,TECTONIC
1489,2025-09-01 01:05:45+00:00,10.47,126.52,2.0,3.1,070 km N 44° E of Burgos (Surigao Del Norte),Ms,TECTONIC
1490,2025-09-01 00:28:57+00:00,11.41,125.3,13.0,1.9,024 km S 74° W of Balangkayan (Eastern Samar),Ms,TECTONIC
1491,2025-09-01 00:15:54+00:00,8.82,126.23,34.0,1.8,008 km N 77° W of Marihatag (Surigao Del Sur),Ms,TECTONIC
1492,2025-08-31 22:26:40+00:00,13.52,123.56,32.0,1.5,010 km S 24° E of Sagñay (Camarines Sur),Ms,TECTONIC
1493,2025-08-31 22:08:23+00:00,8.1,125.66,23.0,1.8,024 km S 68° W of Loreto (Agusan Del Sur),Ms,TECTONIC
1494,2025-08-31 21:18:24+00:00,13.74,120.57,5.0,1.2,013 km S 34° W of Calatagan (Batangas),Ms,TECTONIC
1495,2025-08-31 20:58:04+00:00,13.72,122.85,3.0,3.3,011 km S 41° W of Lupi (Camarines Sur),Ms,TECTONIC
1496,2025-08-31 20:52:30+00:00,13.55,120.34,7.0,1.7,021 km S 27° E of Looc (Occidental Mindoro),Ms,TECTONIC
1497,2025-08-31 20:49:28+00:00,6.39,126.11,17.0,2.3,029 km S 09° E of Governor Generoso (Davao Oriental),Ms,TECTONIC
1498,2025-08-31 20:17:04+00:00,13.34,120.19,10.0,3.2,031 km S 74° W of Paluan (Occidental Mindoro),Ms,TECTONIC
1499,2025-08-31 19:36:24+00:00,17.2,120.23,25.0,2.0,023 km N 82° W of City Of Candon (Ilocos Sur),Ms,TECTONIC
1500,2025-08-31 19:29:56+00:00,10.29,121.89,17.0,2.7,016 km S 15° W of Anini-y (Antique),Ms,TECTONIC
1501,2025-08-31 18:59:00+00:00,12.89,124.47,66.0,2.0,026 km N 27° E of Biri (Northern Samar),Ms,TECTONIC
1502,2025-08-31 18:57:44+00:00,4.82,128.35,33.0,4.0,324 km S 68° E of Jose Abad Santos (Davao Occidental),Ms,TECTONIC
1503,2025-08-31 17:46:33+00:00,13.88,120.61,93.0,1.7,006 km N 28° W of Calatagan (Batangas),Ms,TECTONIC
1504,2025-08-31 17:26:53+00:00,17.68,122.43,10.0,2.5,038 km N 32° E of Maconacon (Isabela),Ms,TECTONIC
1505,2025-08-31 17:03:09+00:00,20.06,121.33,46.0,2.7,065 km S 62° W of Sabtang (Batanes),Ms,TECTONIC
1506,2025-08-31 17:00:06+00:00,6.24,127.58,110.0,2.3,154 km S 54° E of Tarragona (Davao Oriental),Ms,TECTONIC
1507,2025-08-31 16:15:23+00:00,9.12,126.48,24.0,1.9,027 km N 52° E of Bayabas (Surigao Del Sur),Ms,TECTONIC
1508,2025-08-31 16:00:45+00:00,5.46,126.42,39.0,3.2,099 km S 60° E of Jose Abad Santos (Davao Occidental),Ms,TECTONIC
