,datetime,lat,lon,depth_km,mag,location,mag_type,event_type
0,2025-07-31 15:50:56+00:00,8.06,126.25,33,1.6,018 km N 84° W of Lingig (Surigao Del Sur),Ms,TECTONIC
1,2025-07-31 15:50:05+00:00,8.63,126.36,22,1.4,020 km S 49° E of San Agustin (Surigao Del Sur),Ms,TECTONIC
2,2025-07-31 15:46:18+00:00,9.78,123.02,26,2.0,011 km N 65° E of Mabinay (Negros Oriental),Ms,TECTONIC
3,2025-07-31 15:45:50+00:00,8.32,126.55,45,1.6,024 km S 78° E of Hinatuan (Surigao Del Sur),Ms,TECTONIC
4,2025-07-31 15:27:58+00:00,13.4,120.17,7,2.7,032 km S 86° W of Paluan (Occidental Mindoro),Ms,TECTONIC
5,2025-07-31 14:58:24+00:00,11.78,125.46,51,1.8,003 km N 12° E of San Julian (Eastern Samar),Ms,TECTONIC
6,2025-07-31 14:41:11+00:00,9.37,126.15,25,1.4,012 km N 25° W of Cortes (Surigao Del Sur),Ms,TECTONIC
7,2025-07-31 14:36:05+00:00,5.75,124.95,1,2.4,014 km S 20° W of Maasim (Sarangani),Ms,TECTONIC
8,2025-07-31 14:21:59+00:00,8.51,124.25,6,1.7,006 km N 81° W of Initao (Misamis Oriental),Ms,TECTONIC
9,2025-07-31 14:11:28+00:00,11.31,126.07,2,4.1,044 km N 59° E of Mercedes (Eastern Samar),Ms,TECTONIC
10,2025-07-31 14:08:29+00:00,7.37,124.58,34,1.5,003 km S 71° E of Alamada (Cotabato),Ms,TECTONIC
11,2025-07-31 13:29:03+00:00,17.27,120.45,72,2.7,011 km N 06° E of City Of Candon (Ilocos Sur),Ms,TECTONIC
12,2025-07-31 13:02:14+00:00,8.18,126.94,3,3.0,059 km N 75° E of Lingig (Surigao Del Sur),Ms,TECTONIC
13,2025-07-31 12:53:51+00:00,9.92,125.15,17,3.1,008 km S 89° E of Limasawa (Southern Leyte),Ms,TECTONIC
14,2025-07-31 12:51:23+00:00,8.18,126.86,7,2.6,051 km N 72° E of Lingig (Surigao Del Sur),Ms,TECTONIC
15,2025-07-31 12:44:21+00:00,8.12,126.73,20,1.7,036 km N 76° E of Lingig (Surigao Del Sur),Ms,TECTONIC
16,2025-07-31 12:17:44+00:00,8.11,126.86,5,3.0,050 km N 81° E of Lingig (Surigao Del Sur),Ms,TECTONIC
17,2025-07-31 11:27:41+00:00,13.74,122.68,2,2.4,015 km S 56° W of Ragay (Camarines Sur),Ms,TECTONIC
18,2025-07-31 11:06:19+00:00,13.48,121.48,7,2.5,026 km N 49° E of Naujan (Oriental Mindoro),Ms,TECTONIC
19,2025-07-31 10:51:11+00:00,19.31,121.24,2,2.8,022 km N 10° E of Dalupiri Island (Calayan) (Cagayan),Ms,TECTONIC
20,2025-07-31 10:26:59+00:00,8.86,123.16,7,2.4,026 km S 33° E of Siaton (Negros Oriental),Ms,TECTONIC
21,2025-07-31 09:43:30+00:00,18.74,120.76,28,1.5,020 km N 08° W of Pagudpud (Ilocos Norte),Ms,TECTONIC
22,2025-07-31 07:10:14+00:00,18.8,121.2,19,2.3,019 km S 73° W of Fuga Island (Aparri) (Cagayan),Ms,TECTONIC
23,2025-07-31 07:01:54+00:00,10.06,122.53,20,2.7,014 km N 50° W of Cauayan (Negros Occidental),Ms,TECTONIC
24,2025-07-31 06:10:02+00:00,8.46,126.59,28,1.5,030 km N 69° E of Hinatuan (Surigao Del Sur),Ms,TECTONIC
25,2025-07-31 04:45:47+00:00,15.13,119.09,15,3.6,094 km S 69° W of Palauig (Zambales),Ms,TECTONIC
26,2025-07-31 04:12:16+00:00,14.47,123.41,61,3.2,049 km S 89° E of Tinaga Island (Vinzons) (Camarines Norte),Ms,TECTONIC
27,2025-07-31 04:02:56+00:00,6.59,126.16,30,3.2,012 km S 51° E of Governor Generoso (Davao Oriental),Ms,TECTONIC
28,2025-07-31 03:40:57+00:00,9.2,126.69,7,3.0,052 km N 60° E of Bayabas (Surigao Del Sur),Ms,TECTONIC
29,2025-07-31 03:26:58+00:00,13.77,120.62,103,1.7,007 km S 11° W of Calatagan (Batangas),Ms,TECTONIC
30,2025-07-31 02:22:55+00:00,9.77,126.15,31,2.0,001 km S 54° W of General Luna (Surigao Del Norte),Ms,TECTONIC
31,2025-07-31 01:05:22+00:00,14.15,125.41,44,2.6,117 km N 70° E of Gigmoto (Catanduanes),Ms,TECTONIC
32,2025-07-30 23:30:57+00:00,6.86,126.66,110,2.8,031 km S 48° E of Tarragona (Davao Oriental),Ms,TECTONIC
33,2025-07-30 23:29:46+00:00,8.19,127.37,38,1.7,107 km N 81° E of Lingig (Surigao Del Sur),Ms,TECTONIC
34,2025-07-30 23:25:41+00:00,6.94,125.63,20,2.4,014 km S 10° E of City Of Davao,Ms,TECTONIC
35,2025-07-30 22:57:56+00:00,15.1,119.1,22,3.3,098 km S 75° W of Iba (Zambales),Ms,TECTONIC
36,2025-07-30 22:52:15+00:00,9.35,126.24,29,1.8,010 km N 30° E of Cortes (Surigao Del Sur),Ms,TECTONIC
37,2025-07-30 22:37:13+00:00,8.27,127.42,26,2.4,114 km N 77° E of Lingig (Surigao Del Sur),Ms,TECTONIC
38,2025-07-30 22:16:22+00:00,11.81,124.25,2,2.2,011 km N 71° W of Maripipi (Biliran),Ms,TECTONIC
39,2025-07-30 22:03:27+00:00,13.62,124.2,35,1.6,006 km N 41° W of Virac (Catanduanes),Ms,TECTONIC
40,2025-07-30 21:43:28+00:00,15.68,121.77,13,1.8,023 km S 69° E of Baler (Aurora),Ms,TECTONIC
41,2025-07-30 20:58:54+00:00,6.04,126.02,134,3.2,040 km S 65° E of Don Marcelino (Davao Occidental),Ms,TECTONIC
42,2025-07-30 20:51:26+00:00,13.57,120.68,108,1.8,014 km N 21° W of Abra De Ilog (Occidental Mindoro),Ms,TECTONIC
43,2025-07-30 20:45:30+00:00,15.16,119.01,34,2.4,106 km S 80° W of Iba (Zambales),Ms,TECTONIC
44,2025-07-30 20:41:46+00:00,13.64,120.66,97,1.6,022 km S 07° E of Calatagan (Batangas),Ms,TECTONIC
45,2025-07-30 20:31:31+00:00,18.7,121.6,80,1.8,030 km S 56° E of Fuga Island (Aparri) (Cagayan),Ms,TECTONIC
46,2025-07-30 20:28:56+00:00,5.77,125.81,39,2.6,024 km S 50° E of Jose Abad Santos (Davao Occidental),Ms,TECTONIC
47,2025-07-30 20:21:36+00:00,8.79,126.47,28,2.3,019 km S 87° E of Marihatag (Surigao Del Sur),Ms,TECTONIC
48,2025-07-30 20:19:09+00:00,7.23,123.55,18,2.4,030 km S 32° E of Tabina (Zamboanga Del Sur),Ms,TECTONIC
49,2025-07-30 19:53:47+00:00,10.0,126.08,17,2.1,002 km S 26° E of Burgos (Surigao Del Norte),Ms,TECTONIC
50,2025-07-30 19:39:09+00:00,8.86,126.55,18,2.1,028 km S 78° E of Cagwait (Surigao Del Sur),Ms,TECTONIC
51,2025-07-30 18:39:03+00:00,10.18,125.97,7,1.7,020 km N 22° W of Santa Monica (Surigao Del Norte),Ms,TECTONIC
52,2025-07-30 18:27:59+00:00,5.78,126.24,119,2.3,067 km S 77° E of Jose Abad Santos (Davao Occidental),Ms,TECTONIC
53,2025-07-30 17:29:30+00:00,8.21,126.71,21,2.3,038 km N 59° E of Lingig (Surigao Del Sur),Ms,TECTONIC
54,2025-07-30 17:17:39+00:00,9.67,122.01,4,2.7,047 km S 76° W of City Of Sipalay (Negros Occidental),Ms,TECTONIC
55,2025-07-30 16:57:24+00:00,16.33,122.41,17,2.8,022 km S 72° E of Dilasag (Aurora),Ms,TECTONIC
56,2025-07-30 16:54:09+00:00,6.38,126.98,53,3.1,094 km S 38° E of Tarragona (Davao Oriental),Ms,TECTONIC
57,2025-07-30 16:30:23+00:00,11.89,121.31,33,1.5,026 km S 80° W of Caluya (Antique),Ms,TECTONIC
58,2025-07-30 16:16:54+00:00,14.03,120.44,111,2.6,021 km S 75° W of Nasugbu (Batangas),Ms,TECTONIC
59,2025-07-30 16:12:48+00:00,10.03,126.1,31,1.9,003 km N 63° E of Burgos (Surigao Del Norte),Ms,TECTONIC
60,2025-07-30 15:51:00+00:00,16.36,122.42,8,2.3,022 km S 80° E of Dilasag (Aurora),Ms,TECTONIC
61,2025-07-30 15:06:52+00:00,7.48,126.14,33,1.9,007 km S 03° E of New Bataan (Davao De Oro),Ms,TECTONIC
62,2025-07-30 14:06:07+00:00,6.15,126.23,124,2.6,058 km S 18° E of Governor Generoso (Davao Oriental),Ms,TECTONIC
63,2025-07-30 14:03:38+00:00,16.27,122.54,8,2.5,038 km S 69° E of Dilasag (Aurora),Ms,TECTONIC
64,2025-07-30 13:55:14+00:00,11.18,124.63,7,1.7,007 km S 86° E of Kananga (Leyte),Ms,TECTONIC
65,2025-07-30 13:54:27+00:00,11.18,124.67,9,2.6,012 km S 88° E of Kananga (Leyte),Ms,TECTONIC
66,2025-07-30 13:49:28+00:00,16.36,122.26,7,2.2,007 km S 58° E of Dilasag (Aurora),Ms,TECTONIC
67,2025-07-30 13:37:53+00:00,7.88,126.91,9,1.7,051 km N 48° E of Baganga (Davao Oriental),Ms,TECTONIC
68,2025-07-30 11:21:51+00:00,7.32,125.83,15,2.7,003 km N 60° W of Mabini (Davao De Oro),Ms,TECTONIC
69,2025-07-30 11:17:34+00:00,16.36,122.44,10,2.9,025 km S 81° E of Dilasag (Aurora),Ms,TECTONIC
70,2025-07-30 11:14:13+00:00,9.72,125.85,27,2.0,016 km N 49° W of Socorro (Surigao Del Norte),Ms,TECTONIC
71,2025-07-30 11:07:13+00:00,16.42,122.21,5,2.3,003 km N 02° E of Dilasag (Aurora),Ms,TECTONIC
72,2025-07-30 10:46:15+00:00,16.31,122.41,17,3.0,023 km S 68° E of Dilasag (Aurora),Ms,TECTONIC
73,2025-07-30 09:11:52+00:00,10.14,125.87,28,1.9,022 km N 54° W of Santa Monica (Surigao Del Norte),Ms,TECTONIC
74,2025-07-30 08:12:30+00:00,15.11,120.69,101,2.1,006 km N 33° W of Mexico (Pampanga),Ms,TECTONIC
75,2025-07-30 06:56:35+00:00,7.56,125.84,33,1.3,003 km S 28° E of New Corella (Davao Del Norte),Ms,TECTONIC
76,2025-07-30 05:12:02+00:00,18.67,121.04,2,2.8,008 km N 34° W of Claveria (Cagayan),Ms,TECTONIC
77,2025-07-30 02:41:54+00:00,15.73,121.85,16,4.0,031 km S 84° E of Baler (Aurora),Ms,TECTONIC
78,2025-07-30 02:21:07+00:00,8.25,127.2,15,3.5,090 km N 75° E of Lingig (Surigao Del Sur),Ms,TECTONIC
79,2025-07-30 02:20:30+00:00,8.33,127.32,10,2.1,105 km N 72° E of Lingig (Surigao Del Sur),Ms,TECTONIC
80,2025-07-30 02:18:17+00:00,8.26,127.34,23,3.1,105 km N 76° E of Lingig (Surigao Del Sur),Ms,TECTONIC
81,2025-07-30 01:17:24+00:00,8.3,127.35,13,3.1,107 km N 74° E of Lingig (Surigao Del Sur),Ms,TECTONIC
82,2025-07-30 00:54:05+00:00,13.83,124.01,15,2.3,017 km N 68° E of Caramoan (Camarines Sur),Ms,TECTONIC
83,2025-07-30 00:05:32+00:00,6.53,124.08,10,3.5,004 km S 46° E of Kalamansig (Sultan Kudarat),Ms,TECTONIC
84,2025-07-29 22:56:13+00:00,6.2,126.65,35,2.6,081 km S 52° E of Governor Generoso (Davao Oriental),Ms,TECTONIC
85,2025-07-29 22:23:12+00:00,14.98,121.44,23,2.2,032 km N 38° W of General Nakar (Quezon),Ms,TECTONIC
86,2025-07-29 21:59:44+00:00,7.5,126.68,49,4.0,015 km S 58° E of Baganga (Davao Oriental),Ms,TECTONIC
87,2025-07-29 20:57:10+00:00,8.67,125.65,31,2.1,001 km South of Esperanza (Agusan Del Sur),Ms,TECTONIC
88,2025-07-29 20:41:59+00:00,9.43,126.12,5,2.5,018 km N 24° W of Cortes (Surigao Del Sur),Ms,TECTONIC
89,2025-07-29 20:39:17+00:00,8.28,127.61,8,2.5,135 km N 79° E of Lingig (Surigao Del Sur),Ms,TECTONIC
90,2025-07-29 18:30:10+00:00,15.1,118.97,29,3.1,107 km S 70° W of Palauig (Zambales),Ms,TECTONIC
91,2025-07-29 18:18:46+00:00,10.02,125.06,25,2.6,005 km S 71° E of Padre Burgos (Southern Leyte),Ms,TECTONIC
92,2025-07-29 16:42:32+00:00,10.18,126.69,10,2.9,070 km N 75° E of Burgos (Surigao Del Norte),Ms,TECTONIC
93,2025-07-29 16:31:47+00:00,10.1,126.73,5,3.2,072 km N 61° E of General Luna (Surigao Del Norte),Ms,TECTONIC
94,2025-07-29 15:23:46+00:00,17.67,122.17,17,2.2,032 km N 12° W of Maconacon (Isabela),Ms,TECTONIC
95,2025-07-29 14:16:59+00:00,8.45,122.67,33,1.6,037 km N 01° W of Liloy (Zamboanga Del Norte),Ms,TECTONIC
96,2025-07-29 12:02:19+00:00,8.18,127.4,60,3.0,110 km N 82° E of Lingig (Surigao Del Sur),Ms,TECTONIC
97,2025-07-29 11:25:56+00:00,8.81,126.67,22,2.4,041 km N 88° E of Marihatag (Surigao Del Sur),Ms,TECTONIC
98,2025-07-29 10:33:59+00:00,8.79,126.66,11,2.6,040 km S 88° E of Marihatag (Surigao Del Sur),Ms,TECTONIC
99,2025-07-29 09:40:39+00:00,8.33,127.62,27,2.5,137 km N 76° E of Lingig (Surigao Del Sur),Ms,TECTONIC
100,2025-07-29 08:18:20+00:00,9.4,125.55,12,2.3,006 km S 27° W of Kitcharao (Agusan Del Norte),Ms,TECTONIC
101,2025-07-29 07:23:27+00:00,8.37,125.91,6,2.4,010 km S 81° W of Rosario (Agusan Del Sur),Ms,TECTONIC
102,2025-07-29 06:55:47+00:00,7.87,122.85,28,2.3,013 km N 52° E of Kabasalan (Zamboanga Sibugay),Ms,TECTONIC
103,2025-07-29 06:51:20+00:00,15.57,121.58,32,1.6,018 km S 21° E of San Luis (Aurora),Ms,TECTONIC
104,2025-07-29 05:08:59+00:00,13.47,120.64,42,1.5,010 km N 74° W of Abra De Ilog (Occidental Mindoro),Ms,TECTONIC
105,2025-07-29 04:36:32+00:00,18.66,120.77,32,1.5,011 km N 12° W of Pagudpud (Ilocos Norte),Ms,TECTONIC
106,2025-07-29 04:10:22+00:00,13.79,120.82,2,2.2,014 km N 70° W of Mabini (Batangas),Ms,TECTONIC
107,2025-07-29 03:49:02+00:00,13.69,120.9,33,1.5,005 km N 40° E of Tingloy (Batangas),Ms,TECTONIC
108,2025-07-29 03:41:22+00:00,13.77,120.84,2,4.2,013 km S 44° W of San Luis (Batangas),Mw,TECTONIC
109,2025-07-29 03:39:05+00:00,13.8,120.83,4,4.3,011 km S 56° W of San Luis (Batangas),Ms,TECTONIC
110,2025-07-29 03:04:26+00:00,8.27,127.43,28,3.1,115 km N 77° E of Lingig (Surigao Del Sur),Ms,TECTONIC
111,2025-07-29 01:13:15+00:00,9.02,126.63,19,1.8,038 km N 73° E of Cagwait (Surigao Del Sur),Ms,TECTONIC
112,2025-07-29 00:45:41+00:00,8.11,127.39,58,2.6,108 km N 86° E of Lingig (Surigao Del Sur),Ms,TECTONIC
113,2025-07-29 00:29:24+00:00,13.7,120.64,96,1.6,015 km S 03° E of Calatagan (Batangas),Ms,TECTONIC
114,2025-07-29 00:09:34+00:00,17.98,120.68,33,1.4,003 km S 86° E of Banna (Ilocos Norte),Ms,TECTONIC
115,2025-07-29 00:05:36+00:00,13.01,120.23,33,1.4,046 km S 59° W of Mamburao (Occidental Mindoro),Ms,TECTONIC
116,2025-07-28 23:05:12+00:00,13.55,120.66,89,1.5,014 km N 34° W of Abra De Ilog (Occidental Mindoro),Ms,TECTONIC
117,2025-07-28 22:32:17+00:00,14.74,121.64,33,1.6,001 km S 63° W of Infanta (Quezon),Ms,TECTONIC
118,2025-07-28 22:18:15+00:00,18.98,120.71,7,3.8,047 km N 10° W of Pagudpud (Ilocos Norte),Ms,TECTONIC
119,2025-07-28 21:25:29+00:00,14.95,120.15,73,1.8,002 km S 16° W of San Marcelino (Zambales),Ms,TECTONIC
120,2025-07-28 21:21:53+00:00,18.29,120.93,9,2.3,013 km N 72° W of Calanasan (Apayao),Ms,TECTONIC
121,2025-07-28 20:58:36+00:00,13.87,120.54,85,1.6,011 km N 65° W of Calatagan (Batangas),Ms,TECTONIC
122,2025-07-28 20:53:49+00:00,6.32,126.26,43,2.5,042 km S 29° E of Governor Generoso (Davao Oriental),Ms,TECTONIC
123,2025-07-28 20:39:52+00:00,8.05,124.81,11,1.7,024 km N 77° W of Lantapan (Bukidnon),Ms,TECTONIC
124,2025-07-28 20:37:28+00:00,11.41,126.06,13,3.2,049 km N 82° E of Hernani (Eastern Samar),Ms,TECTONIC
125,2025-07-28 19:55:38+00:00,7.9,123.42,32,1.7,008 km N 14° W of City Of Pagadian (Zamboanga Del Sur),Ms,TECTONIC
126,2025-07-28 18:58:38+00:00,19.9,121.09,34,2.8,081 km N 30° W of Calayan (Cagayan),Ms,TECTONIC
127,2025-07-28 18:13:21+00:00,17.72,120.69,14,1.5,002 km S 74° W of Lagayan (Abra),Ms,TECTONIC
128,2025-07-28 17:32:35+00:00,17.62,120.54,9,1.9,006 km N 30° W of Langiden (Abra),Ms,TECTONIC
129,2025-07-28 16:59:19+00:00,18.92,120.63,3,2.5,043 km N 23° W of Pagudpud (Ilocos Norte),Ms,TECTONIC
130,2025-07-28 16:06:28+00:00,12.62,120.64,6,1.8,033 km N 81° W of Calintaan (Occidental Mindoro),Ms,TECTONIC
131,2025-07-28 15:18:21+00:00,8.22,127.44,40,2.4,115 km N 80° E of Lingig (Surigao Del Sur),Ms,TECTONIC
132,2025-07-28 14:03:35+00:00,11.92,125.63,22,2.5,021 km S 53° E of Dolores (Eastern Samar),Ms,TECTONIC
133,2025-07-28 13:59:25+00:00,9.4,125.58,1,2.6,005 km S 05° E of Kitcharao (Agusan Del Norte),Ms,TECTONIC
134,2025-07-28 12:19:29+00:00,8.02,126.58,29,2.1,019 km S 85° E of Lingig (Surigao Del Sur),Ms,TECTONIC
135,2025-07-28 11:45:28+00:00,8.02,126.68,33,1.7,030 km S 86° E of Lingig (Surigao Del Sur),Ms,TECTONIC
136,2025-07-28 11:13:42+00:00,13.72,120.61,146,2.5,013 km S 09° W of Calatagan (Batangas),Ms,TECTONIC
137,2025-07-28 10:57:15+00:00,17.58,122.27,33,2.0,021 km N 08° E of Maconacon (Isabela),Ms,TECTONIC
138,2025-07-28 10:57:14+00:00,13.24,123.8,11,2.5,002 km N 70° E of Santo Domingo (Albay),ML,VOLCANO-TECTONIC
139,2025-07-28 10:47:08+00:00,6.82,124.33,22,1.6,012 km S 06° E of Datu Anggal Midtimbang (Maguindanao Del Sur),Ms,TECTONIC
140,2025-07-28 10:45:31+00:00,7.93,124.24,33,1.9,004 km N 61° E of Balindong (Lanao Del Sur),Ms,TECTONIC
141,2025-07-28 10:07:47+00:00,12.46,123.56,22,1.8,007 km S 78° E of Baleno (Masbate),Ms,TECTONIC
142,2025-07-28 09:38:24+00:00,13.36,122.37,2,1.6,016 km N 85° W of San Francisco (Quezon),Ms,TECTONIC
143,2025-07-28 09:18:03+00:00,7.92,124.22,34,1.6,002 km East of Balindong (Lanao Del Sur),Ms,TECTONIC
144,2025-07-28 08:22:07+00:00,11.95,125.89,19,3.8,045 km S 78° E of Dolores (Eastern Samar),Ms,TECTONIC
145,2025-07-28 07:54:25+00:00,7.77,124.13,11,2.3,004 km N 71° W of Tubaran (Lanao Del Sur),Ms,TECTONIC
146,2025-07-28 06:35:47+00:00,12.48,123.65,10,4.7,013 km N 12° E of City Of Masbate (Masbate),Mw,TECTONIC
147,2025-07-28 05:38:48+00:00,8.28,127.47,50,2.4,119 km N 77° E of Lingig (Surigao Del Sur),Ms,TECTONIC
148,2025-07-28 05:31:34+00:00,11.31,124.52,7,2.2,014 km N 82° W of Capoocan (Leyte),Ms,TECTONIC
149,2025-07-28 05:30:14+00:00,11.34,124.55,3,2.6,011 km N 64° W of Capoocan (Leyte),Ms,TECTONIC
150,2025-07-28 04:53:09+00:00,16.14,119.88,25,2.1,006 km S 19° E of Bani (Pangasinan),Ms,TECTONIC
151,2025-07-28 04:20:19+00:00,12.33,121.47,33,2.0,014 km N 89° E of Bulalacao (Oriental Mindoro),Ms,TECTONIC
152,2025-07-28 04:02:07+00:00,17.11,119.78,11,3.0,071 km S 85° W of City Of Candon (Ilocos Sur),Ms,TECTONIC
153,2025-07-28 03:14:44+00:00,8.4,127.47,6,3.3,123 km N 71° E of Lingig (Surigao Del Sur),Ms,TECTONIC
154,2025-07-28 01:30:11+00:00,5.66,125.5,186,3.0,021 km N 10° E of Sarangani Island (Municipality Of Sarangani) (Davao Occidental),Ms,TECTONIC
155,2025-07-28 01:26:23+00:00,7.76,126.55,32,2.0,011 km S 73° E of Cateel (Davao Oriental),Ms,TECTONIC
156,2025-07-28 00:47:46+00:00,6.13,127.28,13,3.1,137 km S 42° E of Tarragona (Davao Oriental),Ms,TECTONIC
157,2025-07-28 00:16:26+00:00,6.94,120.53,21,2.1,071 km N 05° W of Pangutaran (Sulu),Ms,TECTONIC
158,2025-07-27 23:47:40+00:00,6.74,126.59,27,2.1,038 km S 25° E of Tarragona (Davao Oriental),Ms,TECTONIC
159,2025-07-27 23:17:33+00:00,18.51,120.86,7,2.2,005 km S 70° E of Dumalneg (Ilocos Norte),Ms,TECTONIC
160,2025-07-27 22:23:39+00:00,7.77,124.11,7,2.5,003 km S 88° E of Pagayawan (Lanao Del Sur),Ms,TECTONIC
161,2025-07-27 22:04:30+00:00,7.79,127.22,11,2.8,076 km N 72° E of Baganga (Davao Oriental),Ms,TECTONIC
162,2025-07-27 21:52:43+00:00,11.68,125.52,26,2.0,010 km S 40° E of San Julian (Eastern Samar),Ms,TECTONIC
163,2025-07-27 21:35:54+00:00,5.68,125.51,27,2.1,023 km N 11° E of Sarangani Island (Municipality Of Sarangani) (Davao Occidental),Ms,TECTONIC
164,2025-07-27 21:26:12+00:00,6.28,126.19,14,1.8,043 km S 18° E of Governor Generoso (Davao Oriental),Ms,TECTONIC
165,2025-07-27 20:47:17+00:00,15.39,120.06,42,1.6,013 km N 21° E of Botolan (Zambales),Ms,TECTONIC
166,2025-07-27 19:58:47+00:00,13.85,120.54,191,3.7,010 km N 80° W of Calatagan (Batangas),Ms,TECTONIC
167,2025-07-27 19:19:36+00:00,8.0,126.52,29,1.8,013 km S 70° E of Lingig (Surigao Del Sur),Ms,TECTONIC
168,2025-07-27 19:06:41+00:00,7.44,126.24,2,2.6,017 km S 44° E of New Bataan (Davao De Oro),Ms,TECTONIC
169,2025-07-27 18:53:50+00:00,16.23,121.21,4,3.0,015 km S 53° E of Dupax Del Norte (Nueva Vizcaya),Ms,TECTONIC
170,2025-07-27 18:41:52+00:00,15.03,119.21,5,2.8,087 km S 59° W of Palauig (Zambales),Ms,TECTONIC
171,2025-07-27 18:26:16+00:00,17.81,120.41,25,2.0,005 km N 67° W of Cabugao (Ilocos Sur),Ms,TECTONIC
172,2025-07-27 18:08:17+00:00,7.04,125.23,7,1.7,014 km S 58° E of Magpet (Cotabato),Ms,TECTONIC
173,2025-07-27 18:07:14+00:00,18.2,120.62,8,2.5,003 km N 84° E of City Of Laoag (Ilocos Norte),Ms,TECTONIC
174,2025-07-27 17:57:45+00:00,11.34,125.52,34,1.5,009 km S 20° W of Llorente (Eastern Samar),Ms,TECTONIC
175,2025-07-27 17:52:19+00:00,8.84,126.04,29,1.6,012 km S 03° E of San Miguel (Surigao Del Sur),Ms,TECTONIC
176,2025-07-27 17:24:30+00:00,10.05,127.12,14,1.8,109 km N 74° E of General Luna (Surigao Del Norte),Ms,TECTONIC
177,2025-07-27 17:11:52+00:00,9.18,126.41,24,1.7,026 km S 65° E of Cortes (Surigao Del Sur),Ms,TECTONIC
178,2025-07-27 16:58:37+00:00,8.75,126.43,21,2.3,016 km S 68° E of Marihatag (Surigao Del Sur),Ms,TECTONIC
179,2025-07-27 16:18:05+00:00,16.86,120.54,9,1.6,003 km S 16° E of Alilem (Ilocos Sur),Ms,TECTONIC
180,2025-07-27 16:12:01+00:00,10.17,125.25,32,1.7,011 km S 07° W of Anahawan (Southern Leyte),Ms,TECTONIC
181,2025-07-27 15:59:03+00:00,7.41,127.3,19,2.9,082 km N 83° E of Caraga (Davao Oriental),Ms,TECTONIC
182,2025-07-27 15:28:07+00:00,12.84,120.99,2,2.5,022 km East of Sablayan (Occidental Mindoro),Ms,TECTONIC
183,2025-07-27 15:27:16+00:00,8.95,126.17,35,2.3,010 km S 44° W of Tago (Surigao Del Sur),Ms,TECTONIC
184,2025-07-27 15:06:33+00:00,9.66,126.13,24,2.4,013 km S 38° E of Dapa (Surigao Del Norte),Ms,TECTONIC
185,2025-07-27 14:40:36+00:00,8.61,126.5,31,2.2,031 km S 46° E of Marihatag (Surigao Del Sur),Ms,TECTONIC
186,2025-07-27 14:33:53+00:00,8.72,122.7,27,2.4,047 km N 50° W of Jose Dalman (Zamboanga Del Norte),Ms,TECTONIC
187,2025-07-27 14:27:58+00:00,18.79,120.8,3,2.7,025 km N 03° E of Pagudpud (Ilocos Norte),Ms,TECTONIC
188,2025-07-27 14:24:11+00:00,9.9,126.01,21,2.2,006 km N 55° E of Del Carmen (Surigao Del Norte),Ms,TECTONIC
189,2025-07-27 14:21:35+00:00,18.6,120.79,11,2.2,005 km N 02° W of Pagudpud (Ilocos Norte),Ms,TECTONIC
190,2025-07-27 14:21:00+00:00,8.8,126.72,20,2.4,046 km N 90° E of Marihatag (Surigao Del Sur),Ms,TECTONIC
191,2025-07-27 14:09:43+00:00,8.07,126.7,12,2.1,032 km N 84° E of Lingig (Surigao Del Sur),Ms,TECTONIC
192,2025-07-27 13:36:57+00:00,13.37,124.91,19,2.5,066 km S 61° E of Baras (Catanduanes),Ms,TECTONIC
193,2025-07-27 13:29:13+00:00,8.29,125.91,33,2.1,014 km S 44° W of Rosario (Agusan Del Sur),Ms,TECTONIC
194,2025-07-27 12:34:54+00:00,9.52,126.06,10,3.3,015 km S 43° E of Socorro (Surigao Del Norte),Ms,TECTONIC
195,2025-07-27 11:55:31+00:00,6.14,126.07,124,2.7,042 km S 82° E of Don Marcelino (Davao Occidental),Ms,TECTONIC
196,2025-07-27 11:30:13+00:00,17.05,120.24,21,2.5,022 km S 81° W of Santa Cruz (Ilocos Sur),Ms,TECTONIC
197,2025-07-27 10:46:07+00:00,5.6,127.16,32,3.2,172 km S 78° E of Jose Abad Santos (Davao Occidental),Ms,TECTONIC
198,2025-07-27 10:28:06+00:00,10.09,125.02,10,3.1,006 km N 07° E of Padre Burgos (Southern Leyte),Ms,TECTONIC
199,2025-07-27 09:24:53+00:00,15.54,120.5,137,2.8,012 km N 57° W of City Of Tarlac (Tarlac),Ms,TECTONIC
200,2025-07-27 09:00:16+00:00,12.82,125.2,10,3.0,034 km N 36° E of Laoang (Northern Samar),Ms,TECTONIC
201,2025-07-27 08:49:37+00:00,7.95,126.4,27,2.2,009 km S 06° W of Lingig (Surigao Del Sur),Ms,TECTONIC
202,2025-07-27 08:02:47+00:00,6.3,126.36,106,2.5,050 km S 39° E of Governor Generoso (Davao Oriental),Ms,TECTONIC
203,2025-07-27 07:22:12+00:00,13.47,123.59,7,2.4,008 km N 64° E of Buhi (Camarines Sur),Ms,TECTONIC
204,2025-07-27 07:13:08+00:00,11.54,122.06,6,1.7,007 km S 40° W of Sebaste (Antique),Ms,TECTONIC
205,2025-07-27 07:07:42+00:00,9.12,126.14,30,2.0,006 km N 31° W of City Of Tandag (Surigao Del Sur),Ms,TECTONIC
206,2025-07-27 04:11:04+00:00,8.25,127.22,3,1.6,093 km N 75° E of Lingig (Surigao Del Sur),Ms,TECTONIC
207,2025-07-27 04:01:48+00:00,20.49,121.49,17,2.8,043 km N 67° W of Sabtang (Batanes),Ms,TECTONIC
208,2025-07-27 03:32:05+00:00,9.88,126.19,33,2.2,010 km N 77° E of Pilar (Surigao Del Norte),Ms,TECTONIC
209,2025-07-27 03:27:02+00:00,9.85,126.11,35,1.4,002 km S 47° E of Pilar (Surigao Del Norte),Ms,TECTONIC
210,2025-07-27 02:31:30+00:00,8.81,126.37,48,1.7,008 km N 82° E of Marihatag (Surigao Del Sur),Ms,TECTONIC
211,2025-07-27 02:07:57+00:00,19.25,121.11,20,2.6,019 km N 32° W of Dalupiri Island (Calayan) (Cagayan),Ms,TECTONIC
212,2025-07-27 02:05:41+00:00,8.79,127.12,15,2.5,091 km S 89° E of Marihatag (Surigao Del Sur),Ms,TECTONIC
213,2025-07-27 01:26:57+00:00,15.14,119.24,15,2.7,079 km S 66° W of Palauig (Zambales),Ms,TECTONIC
214,2025-07-27 01:02:32+00:00,9.77,123.71,16,1.8,011 km S 69° W of Loon (Bohol),Ms,TECTONIC
215,2025-07-27 00:54:02+00:00,10.68,125.03,28,1.4,008 km S 15° E of Abuyog (Leyte),Ms,TECTONIC
216,2025-07-26 23:27:17+00:00,13.32,120.61,35,1.4,010 km N 11° E of Mamburao (Occidental Mindoro),Ms,TECTONIC
217,2025-07-26 22:10:28+00:00,17.71,120.4,28,2.0,003 km N 47° W of Magsingal (Ilocos Sur),Ms,TECTONIC
218,2025-07-26 21:41:29+00:00,7.97,126.75,18,2.8,038 km N 59° E of Cateel (Davao Oriental),Ms,TECTONIC
219,2025-07-26 21:10:57+00:00,5.16,126.1,19,2.8,078 km S 64° E of Sarangani Island (Municipality Of Sarangani) (Davao Occidental),Ms,TECTONIC
220,2025-07-26 20:36:58+00:00,14.13,120.3,117,2.4,036 km N 80° W of Nasugbu (Batangas),Ms,TECTONIC
221,2025-07-26 20:31:28+00:00,5.17,125.93,139,2.5,060 km S 57° E of Sarangani Island (Municipality Of Sarangani) (Davao Occidental),Ms,TECTONIC
222,2025-07-26 20:18:03+00:00,17.18,121.52,6,1.9,010 km S 68° W of Mallig (Isabela),Ms,TECTONIC
223,2025-07-26 19:56:40+00:00,5.08,126.28,141,2.5,099 km S 64° E of Sarangani Island (Municipality Of Sarangani) (Davao Occidental),Ms,TECTONIC
224,2025-07-26 19:53:06+00:00,5.72,126.81,33,2.4,131 km S 81° E of Jose Abad Santos (Davao Occidental),Ms,TECTONIC
225,2025-07-26 19:27:21+00:00,2.52,127.7,51,3.9,408 km S 38° E of Balut Island (Municipality Of Sarangani) (Davao Occidental),Ms,TECTONIC
226,2025-07-26 18:56:48+00:00,9.24,125.93,12,2.0,004 km S 61° W of Madrid (Surigao Del Sur),Ms,TECTONIC
227,2025-07-26 18:45:28+00:00,9.28,125.65,25,1.7,010 km N 82° E of Santiago (Agusan Del Norte),Ms,TECTONIC
228,2025-07-26 18:15:36+00:00,13.29,124.08,65,1.6,012 km N 25° W of Rapu-rapu (Albay),Ms,TECTONIC
229,2025-07-26 18:08:12+00:00,8.21,127.21,14,1.9,090 km N 78° E of Lingig (Surigao Del Sur),Ms,TECTONIC
230,2025-07-26 17:59:38+00:00,5.97,125.95,51,3.4,034 km N 80° E of Jose Abad Santos (Davao Occidental),Ms,TECTONIC
231,2025-07-26 16:58:48+00:00,15.62,119.89,22,1.9,004 km S 87° W of Candelaria (Zambales),Ms,TECTONIC
232,2025-07-26 16:52:22+00:00,5.55,126.33,83,3.5,086 km S 62° E of Jose Abad Santos (Davao Occidental),Ms,TECTONIC
233,2025-07-26 16:51:27+00:00,8.48,126.29,27,1.7,014 km N 21° W of Hinatuan (Surigao Del Sur),Ms,TECTONIC
234,2025-07-26 16:42:59+00:00,7.45,126.7,22,2.1,021 km S 46° E of Baganga (Davao Oriental),Ms,TECTONIC
235,2025-07-26 15:53:39+00:00,8.31,127.19,3,2.9,091 km N 71° E of Lingig (Surigao Del Sur),Ms,TECTONIC
236,2025-07-26 15:51:11+00:00,15.73,121.83,1,2.3,029 km S 83° E of Baler (Aurora),Ms,TECTONIC
237,2025-07-26 15:03:48+00:00,5.39,124.9,7,3.0,054 km S 12° W of Maasim (Sarangani),Ms,TECTONIC
238,2025-07-26 14:55:36+00:00,10.6,122.41,3,2.3,009 km S 22° E of Tigbauan (Iloilo),Ms,TECTONIC
239,2025-07-26 14:22:36+00:00,9.73,126.12,26,1.9,007 km S 33° W of General Luna (Surigao Del Norte),Ms,TECTONIC
240,2025-07-26 14:14:21+00:00,8.73,124.18,6,2.0,027 km N 45° W of Libertad (Misamis Oriental),Ms,TECTONIC
241,2025-07-26 13:33:52+00:00,8.79,127.26,33,2.3,105 km S 90° E of Marihatag (Surigao Del Sur),Ms,TECTONIC
242,2025-07-26 11:16:34+00:00,8.23,125.95,1,2.1,007 km N 41° W of Bunawan (Agusan Del Sur),Ms,TECTONIC
243,2025-07-26 08:32:32+00:00,16.78,120.0,46,1.8,038 km N 63° W of City Of San Fernando (La Union),Ms,TECTONIC
244,2025-07-26 08:04:21+00:00,9.65,125.98,28,2.1,003 km N 24° E of Socorro (Surigao Del Norte),Ms,TECTONIC
245,2025-07-26 06:24:49+00:00,13.75,120.84,56,1.7,011 km N 87° W of Mabini (Batangas),Ms,TECTONIC
246,2025-07-26 05:30:44+00:00,8.03,123.02,13,2.5,020 km N 08° W of Bayog (Zamboanga Del Sur),Ms,TECTONIC
247,2025-07-26 05:28:08+00:00,13.78,120.82,3,2.2,013 km S 51° W of San Luis (Batangas),Ms,TECTONIC
248,2025-07-26 05:07:17+00:00,11.76,125.22,27,1.7,018 km N 67° E of Hinabangan (Samar),Ms,TECTONIC
249,2025-07-26 04:07:36+00:00,13.48,120.38,34,3.2,011 km N 51° W of Paluan (Occidental Mindoro),Ms,TECTONIC
250,2025-07-26 02:52:27+00:00,7.5,127.2,21,2.6,073 km N 75° E of Caraga (Davao Oriental),Ms,TECTONIC
251,2025-07-26 02:50:11+00:00,13.28,122.13,4,2.3,007 km S 42° E of Torrijos (Marinduque),Ms,TECTONIC
252,2025-07-26 02:06:56+00:00,7.37,127.41,15,3.5,094 km N 87° E of Caraga (Davao Oriental),Ms,TECTONIC
253,2025-07-26 01:31:27+00:00,10.13,124.93,50,2.0,006 km N 14° W of Macrohon (Southern Leyte),Ms,TECTONIC
254,2025-07-26 01:10:55+00:00,8.9,126.3,24,2.5,002 km S 11° W of Cagwait (Surigao Del Sur),Ms,TECTONIC
255,2025-07-26 00:48:18+00:00,8.8,126.94,7,3.3,071 km N 90° E of Marihatag (Surigao Del Sur),Ms,TECTONIC
256,2025-07-26 00:14:20+00:00,13.56,120.54,94,1.4,018 km N 28° E of Paluan (Occidental Mindoro),Ms,TECTONIC
257,2025-07-26 00:09:57+00:00,8.92,126.44,16,2.1,016 km N 88° E of Cagwait (Surigao Del Sur),Ms,TECTONIC
258,2025-07-25 23:55:49+00:00,6.23,125.11,5,1.8,005 km N 76° E of Polomolok (South Cotabato),Ms,TECTONIC
259,2025-07-25 23:55:14+00:00,8.2,127.28,24,3.0,097 km N 80° E of Lingig (Surigao Del Sur),Ms,TECTONIC
260,2025-07-25 22:55:40+00:00,1.99,126.64,100,4.8,402 km S 20° E of Balut Island (Municipality Of Sarangani) (Davao Occidental),Ms,TECTONIC
261,2025-07-25 22:53:58+00:00,7.39,127.1,30,2.0,060 km N 83° E of Caraga (Davao Oriental),Ms,TECTONIC
262,2025-07-25 21:39:45+00:00,13.81,119.12,30,2.9,108 km S 87° W of Lubang (Occidental Mindoro),Ms,TECTONIC
263,2025-07-25 21:29:58+00:00,1.88,126.51,126,5.9,409 km S 17° E of Balut Island (Municipality Of Sarangani) (Davao Occidental),Mw,TECTONIC
264,2025-07-25 21:13:25+00:00,18.55,120.9,13,1.8,010 km S 82° W of Santa Praxedes (Cagayan),Ms,TECTONIC
265,2025-07-25 21:00:43+00:00,8.75,126.41,34,1.5,013 km S 67° E of Marihatag (Surigao Del Sur),Ms,TECTONIC
266,2025-07-25 20:39:13+00:00,8.86,126.43,31,1.9,015 km S 67° E of Cagwait (Surigao Del Sur),Ms,TECTONIC
267,2025-07-25 20:37:47+00:00,8.29,125.89,30,1.9,010 km N 85° E of La Paz (Agusan Del Sur),Ms,TECTONIC
268,2025-07-25 20:00:27+00:00,10.36,126.18,13,3.0,040 km N 17° E of Burgos (Surigao Del Norte),Ms,TECTONIC
269,2025-07-25 19:50:00+00:00,9.6,122.55,19,1.6,009 km N 89° E of Hinoba-an (Negros Occidental),Ms,TECTONIC
270,2025-07-25 19:49:24+00:00,10.96,123.91,4,1.5,012 km S 37° W of City Of Bogo (Cebu),Ms,TECTONIC
271,2025-07-25 19:36:20+00:00,8.26,127.38,45,2.1,109 km N 77° E of Lingig (Surigao Del Sur),Ms,TECTONIC
272,2025-07-25 19:24:50+00:00,4.75,125.7,17,2.4,079 km S 23° E of Balut Island (Municipality Of Sarangani) (Davao Occidental),Ms,TECTONIC
273,2025-07-25 19:03:18+00:00,13.62,120.46,85,1.9,025 km S 65° E of Looc (Occidental Mindoro),Ms,TECTONIC
274,2025-07-25 19:02:07+00:00,7.88,126.48,17,2.2,010 km N 14° E of Cateel (Davao Oriental),Ms,TECTONIC
275,2025-07-25 18:46:52+00:00,9.64,123.69,32,1.6,009 km N 46° W of Panglao (Bohol),Ms,TECTONIC
276,2025-07-25 18:45:00+00:00,10.53,125.32,33,1.5,017 km N 90° E of Silago (Southern Leyte),Ms,TECTONIC
277,2025-07-25 17:51:54+00:00,7.8,126.48,32,1.6,003 km N 58° E of Cateel (Davao Oriental),Ms,TECTONIC
278,2025-07-25 17:43:07+00:00,13.19,123.01,7,1.8,008 km N 26° E of San Pascual (Masbate),Ms,TECTONIC
279,2025-07-25 17:27:43+00:00,4.98,124.26,33,2.5,118 km S 20° W of Kiamba (Sarangani),Ms,TECTONIC
280,2025-07-25 17:26:10+00:00,6.88,125.03,33,1.6,010 km S 36° W of Makilala (Cotabato),Ms,TECTONIC
281,2025-07-25 17:21:08+00:00,8.3,125.92,32,1.5,016 km N 31° W of Bunawan (Agusan Del Sur),Ms,TECTONIC
282,2025-07-25 17:14:35+00:00,7.88,126.71,23,1.7,030 km N 70° E of Cateel (Davao Oriental),Ms,TECTONIC
283,2025-07-25 17:05:32+00:00,6.91,126.4,27,2.1,017 km S 20° W of Tarragona (Davao Oriental),Ms,TECTONIC
284,2025-07-25 16:57:34+00:00,8.59,126.52,27,2.7,032 km N 40° E of Hinatuan (Surigao Del Sur),Ms,TECTONIC
285,2025-07-25 16:50:17+00:00,9.34,122.41,13,2.2,026 km S 74° W of Basay (Negros Oriental),Ms,TECTONIC
286,2025-07-25 16:48:05+00:00,15.45,121.89,3,1.8,049 km S 46° E of Baler (Aurora),Ms,TECTONIC
287,2025-07-25 16:39:42+00:00,8.78,126.34,18,2.5,005 km S 60° E of Marihatag (Surigao Del Sur),Ms,TECTONIC
288,2025-07-25 16:31:39+00:00,11.02,125.44,59,2.9,012 km S 29° E of Balangiga (Eastern Samar),Ms,TECTONIC
289,2025-07-25 16:31:06+00:00,8.67,126.24,28,1.4,008 km S 16° E of San Agustin (Surigao Del Sur),Ms,TECTONIC
290,2025-07-25 16:20:11+00:00,9.87,126.22,35,1.6,012 km N 35° E of General Luna (Surigao Del Norte),Ms,TECTONIC
291,2025-07-25 16:04:41+00:00,16.54,119.7,31,1.8,026 km N 52° W of Bolinao (Pangasinan),Ms,TECTONIC
292,2025-07-25 16:00:37+00:00,8.59,126.44,28,1.7,027 km N 26° E of Hinatuan (Surigao Del Sur),Ms,TECTONIC
293,2025-07-25 15:26:58+00:00,7.96,126.78,14,1.6,040 km N 63° E of Cateel (Davao Oriental),Ms,TECTONIC
294,2025-07-25 15:20:40+00:00,7.2,123.47,2,2.5,029 km S 13° E of Tabina (Zamboanga Del Sur),Ms,TECTONIC
295,2025-07-25 15:03:37+00:00,11.06,125.4,62,2.4,006 km S 14° E of Balangiga (Eastern Samar),Ms,TECTONIC
296,2025-07-25 14:58:19+00:00,9.26,126.24,21,1.4,006 km S 70° E of Cortes (Surigao Del Sur),Ms,TECTONIC
297,2025-07-25 14:55:08+00:00,8.66,126.4,24,2.3,019 km S 37° E of Marihatag (Surigao Del Sur),Ms,TECTONIC
298,2025-07-25 14:38:39+00:00,14.95,120.04,14,2.7,006 km N 86° W of San Antonio (Zambales),Ms,TECTONIC
299,2025-07-25 14:13:16+00:00,8.32,126.49,32,1.9,017 km S 72° E of Hinatuan (Surigao Del Sur),Ms,TECTONIC
300,2025-07-25 13:27:16+00:00,10.54,126.44,13,3.0,070 km N 35° E of Burgos (Surigao Del Norte),Ms,TECTONIC
301,2025-07-25 13:26:31+00:00,13.63,120.64,27,1.5,022 km N 24° W of Abra De Ilog (Occidental Mindoro),Ms,TECTONIC
302,2025-07-25 13:20:14+00:00,7.36,126.6,37,2.7,005 km N 42° E of Caraga (Davao Oriental),Ms,TECTONIC
303,2025-07-25 12:53:33+00:00,8.69,126.1,13,1.7,006 km N 06° E of Lianga (Surigao Del Sur),Ms,TECTONIC
304,2025-07-25 12:28:09+00:00,16.92,120.74,4,2.1,008 km S 02° E of Cervantes (Ilocos Sur),Ms,TECTONIC
305,2025-07-25 12:05:41+00:00,8.01,126.47,24,1.4,007 km S 66° E of Lingig (Surigao Del Sur),Ms,TECTONIC
306,2025-07-25 11:54:07+00:00,8.28,125.99,3,2.3,011 km N 05° W of Bunawan (Agusan Del Sur),Ms,TECTONIC
307,2025-07-25 10:59:06+00:00,15.07,119.92,31,1.6,016 km N 87° W of San Felipe (Zambales),Ms,TECTONIC
308,2025-07-25 10:57:28+00:00,9.76,125.37,29,1.7,006 km S 67° W of San Francisco (Surigao Del Norte),Ms,TECTONIC
309,2025-07-25 09:18:06+00:00,8.63,126.7,14,1.6,063 km S 82° E of San Agustin (Surigao Del Sur),Ms,TECTONIC
310,2025-07-25 08:53:42+00:00,9.17,126.67,7,3.4,050 km N 65° E of Bayabas (Surigao Del Sur),Ms,TECTONIC
311,2025-07-25 08:09:21+00:00,7.6,125.9,5,2.2,008 km N 89° W of Nabunturan (Davao De Oro),Ms,TECTONIC
312,2025-07-25 07:49:41+00:00,9.97,126.34,15,2.3,028 km N 81° E of San Isidro (Surigao Del Norte),Ms,TECTONIC
313,2025-07-25 06:00:06+00:00,13.88,123.82,6,1.9,013 km N 19° W of Caramoan (Camarines Sur),Ms,TECTONIC
314,2025-07-25 05:56:30+00:00,8.99,126.49,24,4.3,022 km N 70° E of Cagwait (Surigao Del Sur),Ms,TECTONIC
315,2025-07-25 04:23:51+00:00,5.48,126.43,90,4.3,099 km S 61° E of Jose Abad Santos (Davao Occidental),Ms,TECTONIC
316,2025-07-25 03:54:38+00:00,18.04,120.93,27,2.2,015 km S 45° E of Carasi (Ilocos Norte),Ms,TECTONIC
317,2025-07-25 03:43:57+00:00,18.49,120.89,7,2.8,004 km N 18° W of Adams (Ilocos Norte),Ms,TECTONIC
318,2025-07-25 03:36:08+00:00,15.0,121.43,22,2.1,033 km N 37° W of General Nakar (Quezon),Ms,TECTONIC
319,2025-07-25 03:26:18+00:00,15.15,122.86,33,1.5,076 km N 08° W of Tinaga Island (Vinzons) (Camarines Norte),Ms,TECTONIC
320,2025-07-24 23:03:13+00:00,8.17,126.69,19,2.4,034 km N 64° E of Lingig (Surigao Del Sur),Ms,TECTONIC
321,2025-07-24 23:02:46+00:00,7.94,124.68,18,1.6,017 km N 01° W of Amai Manabilang (Lanao Del Sur),Ms,TECTONIC
322,2025-07-24 21:56:45+00:00,8.21,127.45,28,2.8,116 km N 81° E of Lingig (Surigao Del Sur),Ms,TECTONIC
323,2025-07-24 21:55:36+00:00,17.64,121.01,2,2.1,007 km S 64° E of Lacub (Abra),Ms,TECTONIC
324,2025-07-24 21:38:16+00:00,13.52,119.87,29,2.1,046 km S 36° W of Lubang (Occidental Mindoro),Ms,TECTONIC
325,2025-07-24 21:08:18+00:00,10.97,123.9,5,2.2,012 km S 47° W of City Of Bogo (Cebu),Ms,TECTONIC
326,2025-07-24 20:07:14+00:00,9.94,126.16,19,3.5,008 km N 88° E of San Isidro (Surigao Del Norte),Ms,TECTONIC
327,2025-07-24 20:03:40+00:00,8.47,125.73,29,2.2,007 km N 68° W of Talacogon (Agusan Del Sur),Ms,TECTONIC
328,2025-07-24 20:01:36+00:00,13.72,120.52,89,2.5,018 km S 44° W of Calatagan (Batangas),Ms,TECTONIC
329,2025-07-24 19:41:35+00:00,8.35,125.98,13,2.2,019 km N 04° W of Bunawan (Agusan Del Sur),Ms,TECTONIC
330,2025-07-24 19:30:30+00:00,8.3,125.97,3,2.5,013 km N 12° W of Bunawan (Agusan Del Sur),Ms,TECTONIC
331,2025-07-24 19:16:17+00:00,9.11,126.4,21,2.2,020 km N 38° E of Bayabas (Surigao Del Sur),Ms,TECTONIC
332,2025-07-24 18:47:14+00:00,9.2,125.82,12,1.7,017 km S 66° W of Madrid (Surigao Del Sur),Ms,TECTONIC
333,2025-07-24 18:10:10+00:00,5.53,126.76,17,3.6,131 km S 71° E of Jose Abad Santos (Davao Occidental),Ms,TECTONIC
334,2025-07-24 18:09:17+00:00,7.69,126.91,31,2.3,040 km N 72° E of Baganga (Davao Oriental),Ms,TECTONIC
335,2025-07-24 17:53:13+00:00,9.18,126.6,10,3.4,042 km N 56° E of Bayabas (Surigao Del Sur),Ms,TECTONIC
336,2025-07-24 17:32:48+00:00,13.3,122.1,2,2.6,003 km S 33° E of Torrijos (Marinduque),Ms,TECTONIC
337,2025-07-24 17:28:55+00:00,13.29,122.07,3,2.3,003 km S 23° W of Torrijos (Marinduque),Ms,TECTONIC
338,2025-07-24 17:24:41+00:00,13.33,122.06,5,2.2,003 km N 79° W of Torrijos (Marinduque),Ms,TECTONIC
339,2025-07-24 17:21:54+00:00,10.91,124.81,11,2.5,011 km S 52° W of Burauen (Leyte),Ms,TECTONIC
340,2025-07-24 16:33:48+00:00,8.09,127.39,29,2.1,108 km N 58° E of Baganga (Davao Oriental),Ms,TECTONIC
341,2025-07-24 16:13:29+00:00,7.81,126.62,29,2.2,018 km N 83° E of Cateel (Davao Oriental),Ms,TECTONIC
342,2025-07-24 14:31:49+00:00,8.94,126.67,24,1.8,040 km N 87° E of Cagwait (Surigao Del Sur),Ms,TECTONIC
343,2025-07-24 14:18:24+00:00,9.4,125.57,18,1.9,005 km S 06° W of Kitcharao (Agusan Del Norte),Ms,TECTONIC
344,2025-07-24 14:18:10+00:00,16.91,120.96,3,2.4,009 km N 30° W of Hungduan (Ifugao),Ms,TECTONIC
345,2025-07-24 13:46:19+00:00,8.26,125.94,1,2.6,010 km N 37° W of Bunawan (Agusan Del Sur),Ms,TECTONIC
346,2025-07-24 12:13:26+00:00,8.88,126.38,28,3.0,010 km S 64° E of Cagwait (Surigao Del Sur),Ms,TECTONIC
347,2025-07-24 11:47:13+00:00,9.93,126.12,12,2.8,003 km S 72° E of San Isidro (Surigao Del Norte),Ms,TECTONIC
348,2025-07-24 10:38:48+00:00,8.38,126.61,15,2.2,030 km N 86° E of Hinatuan (Surigao Del Sur),Ms,TECTONIC
349,2025-07-24 09:56:07+00:00,8.29,127.23,14,2.2,094 km N 73° E of Lingig (Surigao Del Sur),Ms,TECTONIC
350,2025-07-24 07:46:45+00:00,7.99,126.61,11,2.3,022 km S 76° E of Lingig (Surigao Del Sur),Ms,TECTONIC
351,2025-07-24 07:17:07+00:00,14.06,120.57,85,1.5,010 km S 70° W of Nasugbu (Batangas),Ms,TECTONIC
352,2025-07-24 06:06:06+00:00,8.1,126.64,23,2.0,026 km N 74° E of Lingig (Surigao Del Sur),Ms,TECTONIC
353,2025-07-24 05:58:30+00:00,13.86,120.42,81,2.4,024 km N 81° W of Calatagan (Batangas),Ms,TECTONIC
354,2025-07-24 04:41:53+00:00,7.64,124.78,31,1.8,007 km S 88° E of Wao (Lanao Del Sur),Ms,TECTONIC
355,2025-07-24 03:48:48+00:00,6.66,126.73,26,2.6,054 km S 36° E of Tarragona (Davao Oriental),Ms,TECTONIC
356,2025-07-24 03:17:03+00:00,8.89,126.05,28,1.5,007 km S 11° E of San Miguel (Surigao Del Sur),Ms,TECTONIC
357,2025-07-24 02:05:55+00:00,11.67,125.0,6,2.1,005 km S 19° W of San Sebastian (Samar),Ms,TECTONIC
358,2025-07-24 01:39:01+00:00,8.19,127.43,84,1.8,113 km N 82° E of Lingig (Surigao Del Sur),Ms,TECTONIC
359,2025-07-24 01:28:15+00:00,8.87,126.7,8,2.0,044 km S 82° E of Cagwait (Surigao Del Sur),Ms,TECTONIC
360,2025-07-24 01:11:39+00:00,9.1,126.55,20,2.4,033 km N 65° E of Bayabas (Surigao Del Sur),Ms,TECTONIC
361,2025-07-24 00:01:57+00:00,8.27,127.43,15,2.7,115 km N 77° E of Lingig (Surigao Del Sur),Ms,TECTONIC
362,2025-07-23 23:37:06+00:00,8.28,127.28,9,2.7,099 km N 75° E of Lingig (Surigao Del Sur),Ms,TECTONIC
363,2025-07-23 21:31:25+00:00,8.3,125.96,33,2.5,014 km N 18° W of Bunawan (Agusan Del Sur),Ms,TECTONIC
364,2025-07-23 21:19:48+00:00,16.04,119.76,31,2.4,010 km S 27° W of Agno (Pangasinan),Ms,TECTONIC
365,2025-07-23 20:06:29+00:00,5.48,126.08,68,2.8,068 km S 46° E of Jose Abad Santos (Davao Occidental),Ms,TECTONIC
366,2025-07-23 19:59:45+00:00,7.71,121.76,58,1.4,042 km N 89° W of Siocon (Zamboanga Del Norte),Ms,TECTONIC
367,2025-07-23 19:33:45+00:00,12.2,123.94,21,2.0,023 km N 16° W of Cataingan (Masbate),Ms,TECTONIC
368,2025-07-23 19:25:23+00:00,8.37,124.5,12,2.1,018 km S 26° W of Opol (Misamis Oriental),Ms,TECTONIC
369,2025-07-23 19:20:11+00:00,7.87,126.47,19,2.2,009 km N 14° E of Cateel (Davao Oriental),Ms,TECTONIC
370,2025-07-23 18:30:33+00:00,8.21,127.62,30,3.2,137 km N 59° E of Baganga (Davao Oriental),Ms,TECTONIC
371,2025-07-23 17:36:08+00:00,8.52,125.92,15,2.4,022 km S 87° W of Barobo (Surigao Del Sur),Ms,TECTONIC
372,2025-07-23 17:31:19+00:00,7.48,126.53,117,2.3,011 km S 18° W of Baganga (Davao Oriental),Ms,TECTONIC
373,2025-07-23 15:49:20+00:00,10.75,125.75,54,3.4,003 km N 76° E of Homonhon Island (Guiuan) (Eastern Samar),Ms,TECTONIC
374,2025-07-23 15:37:02+00:00,8.27,126.03,1,3.3,010 km N 21° E of Bunawan (Agusan Del Sur),Ms,TECTONIC
375,2025-07-23 15:26:56+00:00,8.29,125.97,32,2.0,013 km N 12° W of Bunawan (Agusan Del Sur),Ms,TECTONIC
376,2025-07-23 14:24:00+00:00,6.01,125.86,115,2.5,028 km S 41° E of Don Marcelino (Davao Occidental),Ms,TECTONIC
377,2025-07-23 13:53:20+00:00,8.35,125.87,81,2.2,011 km N 44° E of La Paz (Agusan Del Sur),Ms,TECTONIC
378,2025-07-23 13:49:56+00:00,5.07,126.19,27,2.5,091 km S 61° E of Sarangani Island (Municipality Of Sarangani) (Davao Occidental),Ms,TECTONIC
379,2025-07-23 13:43:38+00:00,8.29,125.95,1,3.6,011 km S 28° W of Rosario (Agusan Del Sur),Ms,TECTONIC
380,2025-07-23 13:21:51+00:00,9.87,126.02,39,1.9,005 km S 86° E of Del Carmen (Surigao Del Norte),Ms,TECTONIC
381,2025-07-23 12:39:37+00:00,7.51,124.47,3,2.4,011 km S 88° E of Buldon (Maguindanao Del Norte),Ms,TECTONIC
382,2025-07-23 11:37:53+00:00,7.83,123.17,18,2.0,007 km N 78° W of Tigbao (Zamboanga Del Sur),Ms,TECTONIC
383,2025-07-23 10:53:52+00:00,3.89,125.26,108,3.5,169 km S 06° W of Balut Island (Municipality Of Sarangani) (Davao Occidental),Ms,TECTONIC
384,2025-07-23 10:21:31+00:00,6.39,126.18,129,3.9,031 km S 22° E of Governor Generoso (Davao Oriental),Ms,TECTONIC
385,2025-07-23 09:44:45+00:00,8.32,125.91,5,3.5,012 km S 53° W of Rosario (Agusan Del Sur),Ms,TECTONIC
386,2025-07-23 09:34:02+00:00,7.98,126.86,7,2.5,050 km S 82° E of Lingig (Surigao Del Sur),Ms,TECTONIC
387,2025-07-23 09:26:09+00:00,9.61,126.09,26,1.6,013 km S 86° E of Socorro (Surigao Del Norte),Ms,TECTONIC
388,2025-07-23 08:34:30+00:00,13.65,124.53,31,1.8,017 km S 88° E of Baras (Catanduanes),Ms,TECTONIC
389,2025-07-23 08:33:05+00:00,8.28,125.95,11,1.6,012 km N 27° W of Bunawan (Agusan Del Sur),Ms,TECTONIC
390,2025-07-23 08:26:25+00:00,8.31,125.96,35,2.0,015 km N 15° W of Bunawan (Agusan Del Sur),Ms,TECTONIC
391,2025-07-23 08:23:05+00:00,8.21,126.23,7,2.3,010 km S 88° W of City Of Bislig (Surigao Del Sur),Ms,TECTONIC
392,2025-07-23 08:19:52+00:00,13.31,124.86,7,3.3,065 km S 54° E of Baras (Catanduanes),Ms,TECTONIC
393,2025-07-23 07:59:19+00:00,7.71,124.16,2,2.2,004 km N 24° E of Marogong (Lanao Del Sur),Ms,TECTONIC
394,2025-07-23 06:30:21+00:00,10.0,126.23,33,1.8,017 km S 84° E of Burgos (Surigao Del Norte),Ms,TECTONIC
395,2025-07-23 06:22:30+00:00,8.31,125.96,34,1.6,015 km N 16° W of Bunawan (Agusan Del Sur),Ms,TECTONIC
396,2025-07-23 06:06:39+00:00,8.32,125.89,31,1.5,019 km N 37° W of Bunawan (Agusan Del Sur),Ms,TECTONIC
397,2025-07-23 05:55:29+00:00,8.31,125.95,32,1.8,015 km N 21° W of Bunawan (Agusan Del Sur),Ms,TECTONIC
398,2025-07-23 05:31:04+00:00,8.3,125.96,31,1.9,014 km N 16° W of Bunawan (Agusan Del Sur),Ms,TECTONIC
399,2025-07-23 05:23:08+00:00,8.32,125.94,34,1.6,017 km N 23° W of Bunawan (Agusan Del Sur),Ms,TECTONIC
400,2025-07-23 05:22:28+00:00,8.34,125.96,32,1.6,018 km N 12° W of Bunawan (Agusan Del Sur),Ms,TECTONIC
401,2025-07-23 04:41:18+00:00,12.11,121.59,3,1.8,020 km N 13° E of Caluya (Antique),Ms,TECTONIC
402,2025-07-23 04:38:24+00:00,7.76,122.05,12,2.4,011 km S 64° W of Baliguian (Zamboanga Del Norte),Ms,TECTONIC
403,2025-07-23 04:35:13+00:00,8.29,125.97,30,1.7,012 km N 12° W of Bunawan (Agusan Del Sur),Ms,TECTONIC
404,2025-07-23 04:25:21+00:00,8.25,125.99,5,2.2,008 km N 02° W of Bunawan (Agusan Del Sur),Ms,TECTONIC
405,2025-07-23 04:02:19+00:00,8.25,125.97,9,4.4,009 km N 20° W of Bunawan (Agusan Del Sur),Mw,TECTONIC
406,2025-07-23 03:06:43+00:00,17.82,120.58,32,2.0,013 km N 79° E of Cabugao (Ilocos Sur),Ms,TECTONIC
407,2025-07-23 02:57:23+00:00,8.31,125.97,35,1.6,009 km S 25° W of Rosario (Agusan Del Sur),Ms,TECTONIC
408,2025-07-23 02:20:29+00:00,10.33,126.27,33,2.0,041 km N 31° E of Burgos (Surigao Del Norte),Ms,TECTONIC
409,2025-07-23 00:33:51+00:00,10.02,126.26,32,1.6,020 km S 90° E of Burgos (Surigao Del Norte),Ms,TECTONIC
410,2025-07-23 00:19:40+00:00,11.34,124.6,6,2.2,007 km N 44° W of Capoocan (Leyte),Ms,TECTONIC
411,2025-07-23 00:02:28+00:00,5.53,126.13,1,3.3,069 km S 52° E of Jose Abad Santos (Davao Occidental),Ms,TECTONIC
412,2025-07-22 23:13:16+00:00,11.35,124.54,18,1.8,013 km N 59° W of Capoocan (Leyte),Ms,TECTONIC
413,2025-07-22 22:49:17+00:00,9.36,127.11,10,4.4,101 km N 65° E of Bayabas (Surigao Del Sur),Ms,TECTONIC
414,2025-07-22 22:29:37+00:00,11.34,124.57,2,3.2,009 km N 57° W of Capoocan (Leyte),Ms,TECTONIC
415,2025-07-22 21:39:19+00:00,16.36,120.86,1,2.1,003 km N 75° W of Kayapa (Nueva Vizcaya),Ms,TECTONIC
416,2025-07-22 20:48:57+00:00,8.97,125.82,3,2.7,027 km S 70° E of Remedios T. Romualdez (Agusan Del Norte),Ms,TECTONIC
417,2025-07-22 19:45:53+00:00,13.52,120.08,35,1.4,029 km S 39° W of Looc (Occidental Mindoro),Ms,TECTONIC
418,2025-07-22 19:12:25+00:00,9.12,126.48,18,2.4,027 km N 52° E of Bayabas (Surigao Del Sur),Ms,TECTONIC
419,2025-07-22 18:40:37+00:00,11.15,125.53,24,1.8,001 km S 45° E of Quinapondan (Eastern Samar),Ms,TECTONIC
420,2025-07-22 18:35:27+00:00,4.38,126.13,132,3.2,139 km S 35° E of Balut Island (Municipality Of Sarangani) (Davao Occidental),Ms,TECTONIC
421,2025-07-22 18:28:34+00:00,14.69,121.93,26,1.5,003 km S 11° W of Polillo (Quezon),Ms,TECTONIC
422,2025-07-22 17:23:53+00:00,7.52,127.57,18,4.6,111 km S 87° E of Baganga (Davao Oriental),Mw,TECTONIC
423,2025-07-22 17:19:20+00:00,12.15,121.63,5,2.6,026 km N 19° E of Caluya (Antique),Ms,TECTONIC
424,2025-07-22 17:15:31+00:00,8.66,125.61,42,2.4,004 km S 61° W of Esperanza (Agusan Del Sur),Ms,TECTONIC
425,2025-07-22 17:09:45+00:00,8.27,127.26,3,2.3,097 km N 75° E of Lingig (Surigao Del Sur),Ms,TECTONIC
426,2025-07-22 16:47:21+00:00,11.28,124.56,11,2.2,009 km S 81° W of Capoocan (Leyte),Ms,TECTONIC
427,2025-07-22 16:41:20+00:00,6.93,126.05,25,2.4,006 km S 47° E of Banaybanay (Davao Oriental),Ms,TECTONIC
428,2025-07-22 16:40:54+00:00,9.3,124.91,20,1.7,021 km N 73° E of Mambajao (Camiguin),ML,VOLCANO-TECTONIC
429,2025-07-22 16:33:05+00:00,8.22,127.51,24,3.3,123 km N 81° E of Lingig (Surigao Del Sur),Ms,TECTONIC
430,2025-07-22 16:20:40+00:00,9.64,122.48,33,2.0,004 km N 26° E of Hinoba-an (Negros Occidental),Ms,TECTONIC
431,2025-07-22 16:17:47+00:00,9.6,122.5,33,2.3,004 km S 80° E of Hinoba-an (Negros Occidental),Ms,TECTONIC
432,2025-07-22 15:45:23+00:00,19.05,121.04,1,3.1,018 km S 70° W of Dalupiri Island (Calayan) (Cagayan),Ms,TECTONIC
433,2025-07-22 15:45:13+00:00,5.75,127.16,78,3.1,156 km S 50° E of Governor Generoso (Davao Oriental),Ms,TECTONIC
434,2025-07-22 15:43:21+00:00,6.95,126.01,17,3.0,002 km S 09° E of Banaybanay (Davao Oriental),Ms,TECTONIC
435,2025-07-22 15:40:20+00:00,8.99,122.55,27,2.5,047 km S 12° W of Basay (Negros Oriental),Ms,TECTONIC
436,2025-07-22 15:37:56+00:00,13.12,121.39,9,1.9,006 km S 61° W of Pola (Oriental Mindoro),Ms,TECTONIC
437,2025-07-22 14:46:50+00:00,8.2,127.45,33,1.6,116 km N 81° E of Lingig (Surigao Del Sur),Ms,TECTONIC
438,2025-07-22 14:36:16+00:00,16.87,121.0,4,2.9,003 km N 02° W of Hungduan (Ifugao),Ms,TECTONIC
439,2025-07-22 14:35:21+00:00,16.92,120.96,2,3.5,010 km N 28° W of Hungduan (Ifugao),Ms,TECTONIC
440,2025-07-22 14:30:27+00:00,20.59,121.3,24,3.5,061 km S 69° W of Itbayat (Batanes),Ms,TECTONIC
441,2025-07-22 14:12:34+00:00,8.89,126.36,30,2.1,007 km S 61° E of Cagwait (Surigao Del Sur),Ms,TECTONIC
442,2025-07-22 14:05:11+00:00,8.8,126.57,20,2.3,029 km N 90° E of Marihatag (Surigao Del Sur),Ms,TECTONIC
443,2025-07-22 12:03:50+00:00,10.18,124.11,10,1.5,006 km N 55° W of Getafe (Bohol),Ms,TECTONIC
444,2025-07-22 11:37:23+00:00,12.97,124.56,7,2.0,041 km S 79° E of Prieto Diaz (Sorsogon),Ms,TECTONIC
445,2025-07-22 11:05:51+00:00,8.12,126.7,17,2.1,033 km N 75° E of Lingig (Surigao Del Sur),Ms,TECTONIC
446,2025-07-22 10:34:30+00:00,6.69,126.46,1,2.7,039 km S 43° E of City Of Mati (Davao Oriental),Ms,TECTONIC
447,2025-07-22 09:40:28+00:00,13.84,120.33,75,2.1,032 km N 88° W of Calatagan (Batangas),Ms,TECTONIC
448,2025-07-22 09:32:53+00:00,13.01,124.51,53,3.3,035 km S 84° E of Prieto Diaz (Sorsogon),Ms,TECTONIC
449,2025-07-22 09:02:20+00:00,19.76,121.34,28,2.4,057 km N 15° W of Calayan (Cagayan),Ms,TECTONIC
450,2025-07-22 09:01:44+00:00,9.76,123.83,22,2.3,006 km S 34° E of Loon (Bohol),Ms,TECTONIC
451,2025-07-22 06:34:09+00:00,11.79,124.23,21,2.0,013 km N 85° W of Maripipi (Biliran),Ms,TECTONIC
452,2025-07-22 06:03:29+00:00,2.43,127.39,8,4.0,396 km S 34° E of Balut Island (Municipality Of Sarangani) (Davao Occidental),Ms,TECTONIC
453,2025-07-22 04:43:58+00:00,6.42,126.45,28,2.7,049 km S 58° E of Governor Generoso (Davao Oriental),Ms,TECTONIC
454,2025-07-22 03:58:24+00:00,5.51,126.67,49,2.9,122 km S 69° E of Jose Abad Santos (Davao Occidental),Ms,TECTONIC
455,2025-07-22 03:30:10+00:00,4.12,126.34,2,3.2,176 km S 35° E of Balut Island (Municipality Of Sarangani) (Davao Occidental),Ms,TECTONIC
456,2025-07-22 02:48:44+00:00,5.57,126.81,30,3.3,136 km S 73° E of Jose Abad Santos (Davao Occidental),Ms,TECTONIC
457,2025-07-22 01:32:56+00:00,8.26,127.32,4,2.3,103 km N 76° E of Lingig (Surigao Del Sur),Ms,TECTONIC
458,2025-07-22 01:03:15+00:00,18.39,120.75,8,1.9,015 km N 65° E of Pasuquin (Ilocos Norte),Ms,TECTONIC
459,2025-07-22 01:03:07+00:00,9.07,125.65,32,2.0,013 km S 65° E of City Of Cabadbaran (Agusan Del Norte),Ms,TECTONIC
460,2025-07-22 00:12:06+00:00,9.27,126.34,38,2.1,016 km S 88° E of Cortes (Surigao Del Sur),Ms,TECTONIC
461,2025-07-22 00:10:54+00:00,7.92,124.22,32,1.7,002 km N 69° E of Balindong (Lanao Del Sur),Ms,TECTONIC
462,2025-07-21 22:47:24+00:00,17.13,119.8,2,2.4,068 km S 87° W of City Of Candon (Ilocos Sur),Ms,TECTONIC
463,2025-07-21 22:41:28+00:00,10.22,125.98,22,2.2,024 km N 24° W of Burgos (Surigao Del Norte),Ms,TECTONIC
464,2025-07-21 22:14:11+00:00,8.24,127.23,7,2.6,092 km N 76° E of Lingig (Surigao Del Sur),Ms,TECTONIC
465,2025-07-21 21:32:15+00:00,10.21,126.53,4,3.0,055 km N 67° E of Burgos (Surigao Del Norte),Ms,TECTONIC
466,2025-07-21 21:30:04+00:00,10.37,121.84,7,3.0,012 km S 56° W of Anini-y (Antique),Ms,TECTONIC
467,2025-07-21 21:26:51+00:00,5.45,127.02,40,2.9,161 km S 72° E of Jose Abad Santos (Davao Occidental),Ms,TECTONIC
468,2025-07-21 21:14:39+00:00,10.35,126.55,15,3.4,064 km N 55° E of Burgos (Surigao Del Norte),Ms,TECTONIC
469,2025-07-21 20:29:52+00:00,11.26,124.61,7,2.2,006 km S 46° W of Capoocan (Leyte),Ms,TECTONIC
470,2025-07-21 20:29:05+00:00,4.97,126.27,73,3.6,104 km S 58° E of Sarangani Island (Municipality Of Sarangani) (Davao Occidental),Ms,TECTONIC
471,2025-07-21 20:23:12+00:00,13.55,120.02,11,2.5,031 km S 54° W of Looc (Occidental Mindoro),Ms,TECTONIC
472,2025-07-21 20:17:06+00:00,8.47,125.81,19,1.6,004 km N 52° E of Talacogon (Agusan Del Sur),Ms,TECTONIC
473,2025-07-21 19:35:46+00:00,7.76,124.16,9,2.8,001 km S 11° W of Tubaran (Lanao Del Sur),Ms,TECTONIC
474,2025-07-21 19:08:34+00:00,7.17,125.66,35,2.3,013 km N 25° E of City Of Davao,Ms,TECTONIC
475,2025-07-21 19:07:07+00:00,12.93,124.47,33,1.4,029 km N 23° E of Biri (Northern Samar),Ms,TECTONIC
476,2025-07-21 19:05:23+00:00,10.35,121.84,2,2.1,013 km S 48° W of Anini-y (Antique),Ms,TECTONIC
477,2025-07-21 18:57:04+00:00,9.92,126.11,22,2.6,003 km S 50° E of San Isidro (Surigao Del Norte),Ms,TECTONIC
478,2025-07-21 18:45:03+00:00,19.74,121.38,33,2.1,054 km N 11° W of Calayan (Cagayan),Ms,TECTONIC
479,2025-07-21 18:40:33+00:00,10.07,126.07,12,1.9,006 km N 07° W of Burgos (Surigao Del Norte),Ms,TECTONIC
480,2025-07-21 18:38:50+00:00,8.12,127.11,11,2.2,077 km N 83° E of Lingig (Surigao Del Sur),Ms,TECTONIC
481,2025-07-21 18:32:35+00:00,7.77,124.13,6,3.2,004 km N 77° W of Tubaran (Lanao Del Sur),Ms,TECTONIC
482,2025-07-21 18:28:26+00:00,8.15,127.48,31,2.6,119 km N 84° E of Lingig (Surigao Del Sur),Ms,TECTONIC
483,2025-07-21 18:26:51+00:00,8.88,126.01,29,2.0,007 km S 21° W of San Miguel (Surigao Del Sur),Ms,TECTONIC
484,2025-07-21 18:24:33+00:00,8.02,126.96,7,3.0,061 km N 66° E of Cateel (Davao Oriental),Ms,TECTONIC
485,2025-07-21 18:24:23+00:00,10.71,124.95,2,2.4,012 km N 10° W of Mahaplag (Leyte),Ms,TECTONIC
486,2025-07-21 18:13:03+00:00,6.6,126.89,24,3.6,070 km S 44° E of Tarragona (Davao Oriental),Ms,TECTONIC
487,2025-07-21 18:01:24+00:00,8.33,127.27,18,2.1,100 km N 71° E of Lingig (Surigao Del Sur),Ms,TECTONIC
488,2025-07-21 18:00:28+00:00,10.02,126.18,27,1.7,012 km N 89° E of Burgos (Surigao Del Norte),Ms,TECTONIC
489,2025-07-21 17:33:26+00:00,5.17,126.25,26,3.0,092 km S 69° E of Sarangani Island (Municipality Of Sarangani) (Davao Occidental),Ms,TECTONIC
490,2025-07-21 16:55:51+00:00,8.32,126.33,74,1.6,005 km S 04° W of Hinatuan (Surigao Del Sur),Ms,TECTONIC
491,2025-07-21 16:36:17+00:00,16.28,122.46,8,2.1,030 km S 65° E of Dilasag (Aurora),Ms,TECTONIC
492,2025-07-21 16:04:01+00:00,8.23,127.4,33,2.3,111 km N 79° E of Lingig (Surigao Del Sur),Ms,TECTONIC
493,2025-07-21 15:59:08+00:00,8.77,126.17,108,2.3,005 km S 54° W of Marihatag (Surigao Del Sur),Ms,TECTONIC
494,2025-07-21 14:59:46+00:00,11.28,124.59,5,2.0,005 km S 72° W of Capoocan (Leyte),Ms,TECTONIC
495,2025-07-21 14:55:20+00:00,10.45,121.82,14,2.7,030 km S 66° W of Anini-y (Antique),Ms,TECTONIC
496,2025-07-21 14:46:07+00:00,10.31,125.09,8,2.6,003 km N 62° E of Libagon (Southern Leyte),Ms,TECTONIC
497,2025-07-21 14:35:24+00:00,8.25,127.31,19,3.1,101 km N 77° E of Lingig (Surigao Del Sur),Ms,TECTONIC
498,2025-07-21 14:13:34+00:00,10.33,121.75,10,4.4,022 km S 61° W of Anini-y (Antique),Mw,TECTONIC
499,2025-07-21 13:43:16+00:00,8.29,127.4,15,3.0,109 km N 74° E of Lingig (Surigao Del Sur),Ms,TECTONIC
500,2025-07-21 13:39:54+00:00,8.02,126.29,34,2.1,014 km S 82° W of Lingig (Surigao Del Sur),Ms,TECTONIC
501,2025-07-21 13:29:17+00:00,8.04,126.3,8,2.5,012 km S 88° W of Lingig (Surigao Del Sur),Ms,TECTONIC
502,2025-07-21 13:17:32+00:00,19.98,121.29,17,2.9,072 km S 57° W of Sabtang (Batanes),Ms,TECTONIC
503,2025-07-21 13:05:30+00:00,13.95,120.4,86,2.2,029 km S 61° W of Nasugbu (Batangas),Ms,TECTONIC
504,2025-07-21 12:07:38+00:00,19.91,121.38,15,3.3,070 km S 48° W of Sabtang (Batanes),Ms,TECTONIC
505,2025-07-21 11:51:18+00:00,8.3,127.38,27,3.0,110 km N 75° E of Lingig (Surigao Del Sur),Ms,TECTONIC
506,2025-07-21 11:50:40+00:00,8.02,125.78,18,1.8,020 km S 75° W of Veruela (Agusan Del Sur),Ms,TECTONIC
507,2025-07-21 11:34:31+00:00,13.29,120.06,3,2.5,046 km S 72° W of Paluan (Occidental Mindoro),Ms,TECTONIC
508,2025-07-21 11:22:40+00:00,8.31,127.36,14,2.0,109 km N 74° E of Lingig (Surigao Del Sur),Ms,TECTONIC
509,2025-07-21 11:10:38+00:00,8.29,127.26,12,3.0,097 km N 74° E of Lingig (Surigao Del Sur),Ms,TECTONIC
510,2025-07-21 11:03:02+00:00,8.14,127.53,33,1.8,123 km N 85° E of Lingig (Surigao Del Sur),Ms,TECTONIC
511,2025-07-21 11:02:15+00:00,8.25,127.44,36,1.8,115 km N 79° E of Lingig (Surigao Del Sur),Ms,TECTONIC
512,2025-07-21 10:57:30+00:00,19.79,121.28,36,2.6,062 km N 19° W of Calayan (Cagayan),Ms,TECTONIC
513,2025-07-21 10:39:35+00:00,8.21,127.28,11,2.4,098 km N 79° E of Lingig (Surigao Del Sur),Ms,TECTONIC
514,2025-07-21 10:36:23+00:00,8.26,127.39,19,3.5,111 km N 77° E of Lingig (Surigao Del Sur),Ms,TECTONIC
515,2025-07-21 10:22:05+00:00,6.83,124.54,33,1.7,009 km N 89° E of Ampatuan (Maguindanao Del Sur),Ms,TECTONIC
516,2025-07-21 09:41:47+00:00,8.26,127.47,84,2.8,119 km N 78° E of Lingig (Surigao Del Sur),Ms,TECTONIC
517,2025-07-21 08:34:04+00:00,8.27,127.37,27,2.9,109 km N 77° E of Lingig (Surigao Del Sur),Ms,TECTONIC
518,2025-07-21 08:26:02+00:00,5.15,127.09,3,2.8,180 km S 62° E of Jose Abad Santos (Davao Occidental),Ms,TECTONIC
519,2025-07-21 08:15:32+00:00,17.24,122.85,34,2.7,049 km N 67° E of Palanan (Isabela),Ms,TECTONIC
520,2025-07-21 07:18:24+00:00,8.21,127.21,15,2.0,090 km N 78° E of Lingig (Surigao Del Sur),Ms,TECTONIC
521,2025-07-21 06:41:16+00:00,12.98,124.43,28,2.0,027 km S 77° E of Prieto Diaz (Sorsogon),Ms,TECTONIC
522,2025-07-21 06:34:52+00:00,8.24,127.57,30,2.4,129 km N 80° E of Lingig (Surigao Del Sur),Ms,TECTONIC
523,2025-07-21 06:25:31+00:00,15.49,122.34,7,3.0,083 km S 30° E of Dinalungan (Aurora),Ms,TECTONIC
524,2025-07-21 06:08:31+00:00,11.35,124.56,9,2.6,008 km S 76° E of Leyte (Leyte),Ms,TECTONIC
525,2025-07-21 06:05:17+00:00,8.23,127.4,54,2.6,111 km N 79° E of Lingig (Surigao Del Sur),Ms,TECTONIC
526,2025-07-21 05:35:33+00:00,16.81,120.98,33,1.9,004 km S 38° W of Hungduan (Ifugao),Ms,TECTONIC
527,2025-07-21 04:14:51+00:00,13.64,123.81,33,2.3,010 km S 41° E of Presentacion (Camarines Sur),Ms,TECTONIC
528,2025-07-21 01:39:18+00:00,18.57,120.65,33,1.5,007 km N 09° E of Burgos (Ilocos Norte),Ms,TECTONIC
529,2025-07-21 01:09:11+00:00,8.81,126.24,85,2.4,007 km N 76° W of Marihatag (Surigao Del Sur),Ms,TECTONIC
530,2025-07-20 21:09:58+00:00,10.06,126.13,15,2.4,007 km N 48° E of Burgos (Surigao Del Norte),Ms,TECTONIC
531,2025-07-20 21:07:05+00:00,17.43,122.43,33,2.9,018 km N 53° E of Divilacan (Isabela),Ms,TECTONIC
532,2025-07-20 21:02:20+00:00,11.35,126.29,23,3.1,069 km N 66° E of Mercedes (Eastern Samar),Ms,TECTONIC
533,2025-07-20 20:18:53+00:00,5.28,126.24,103,2.9,088 km S 76° E of Sarangani Island (Municipality Of Sarangani) (Davao Occidental),Ms,TECTONIC
534,2025-07-20 19:52:06+00:00,5.5,125.33,7,3.1,014 km N 47° W of Balut Island (Municipality Of Sarangani) (Davao Occidental),Ms,TECTONIC
535,2025-07-20 19:51:49+00:00,13.16,123.98,32,1.5,013 km N 71° E of Manito (Albay),Ms,TECTONIC
536,2025-07-20 19:31:47+00:00,9.94,122.32,12,2.3,022 km N 34° W of City Of Sipalay (Negros Occidental),Ms,TECTONIC
537,2025-07-20 19:31:23+00:00,8.91,126.57,18,2.3,030 km S 88° E of Cagwait (Surigao Del Sur),Ms,TECTONIC
538,2025-07-20 18:59:20+00:00,9.78,125.49,21,2.4,002 km S 36° W of City Of Surigao (Surigao Del Norte),Ms,TECTONIC
539,2025-07-20 18:46:36+00:00,15.01,122.7,3,2.0,052 km N 49° E of Jomalig (Quezon),Ms,TECTONIC
540,2025-07-20 18:28:40+00:00,9.43,126.35,11,2.9,025 km N 45° E of Cortes (Surigao Del Sur),Ms,TECTONIC
541,2025-07-20 18:17:29+00:00,9.04,122.51,9,3.0,043 km S 19° W of Basay (Negros Oriental),Ms,TECTONIC
542,2025-07-20 17:48:15+00:00,8.0,125.84,32,1.9,015 km S 59° W of Veruela (Agusan Del Sur),Ms,TECTONIC
543,2025-07-20 17:30:21+00:00,9.23,126.44,29,1.8,028 km S 80° E of Cortes (Surigao Del Sur),Ms,TECTONIC
544,2025-07-20 17:05:12+00:00,9.21,126.35,28,2.4,019 km S 68° E of Cortes (Surigao Del Sur),Ms,TECTONIC
545,2025-07-20 16:40:56+00:00,9.16,126.33,25,4.8,018 km N 35° E of Tago (Surigao Del Sur),Mw,TECTONIC
546,2025-07-20 16:27:46+00:00,9.08,122.52,31,4.0,039 km S 21° W of Basay (Negros Oriental),Ms,TECTONIC
547,2025-07-20 15:59:56+00:00,17.48,120.02,3,2.5,039 km S 79° W of Caoayan (Ilocos Sur),Ms,TECTONIC
548,2025-07-20 15:57:15+00:00,10.26,125.07,4,1.6,004 km S 24° E of Libagon (Southern Leyte),Ms,TECTONIC
549,2025-07-20 14:29:01+00:00,10.9,124.85,11,2.4,009 km S 34° W of Burauen (Leyte),Ms,TECTONIC
550,2025-07-20 14:22:44+00:00,10.88,124.8,32,1.5,014 km S 44° W of Burauen (Leyte),Ms,TECTONIC
551,2025-07-20 14:21:15+00:00,10.93,124.84,18,2.1,007 km S 48° W of Burauen (Leyte),Ms,TECTONIC
552,2025-07-20 14:07:34+00:00,9.04,126.42,23,2.1,017 km N 63° E of Bayabas (Surigao Del Sur),Ms,TECTONIC
553,2025-07-20 13:43:06+00:00,10.52,126.04,12,2.5,042 km S 54° E of Homonhon Island (Guiuan) (Eastern Samar),Ms,TECTONIC
554,2025-07-20 13:29:37+00:00,9.81,125.63,32,1.6,013 km S 19° W of Cagdianao (Dinagat Islands),Ms,TECTONIC
555,2025-07-20 12:18:10+00:00,13.67,120.6,93,1.6,018 km S 12° W of Calatagan (Batangas),Ms,TECTONIC
556,2025-07-20 11:56:06+00:00,13.66,120.6,89,2.5,019 km S 12° W of Calatagan (Batangas),Ms,TECTONIC
557,2025-07-20 11:17:34+00:00,8.27,126.62,33,2.2,033 km S 71° E of Hinatuan (Surigao Del Sur),Ms,TECTONIC
558,2025-07-20 11:12:13+00:00,7.64,126.44,130,2.8,015 km N 62° W of Baganga (Davao Oriental),Ms,TECTONIC
559,2025-07-20 11:00:14+00:00,10.57,122.74,66,2.1,005 km S 67° E of San Lorenzo (Guimaras),Ms,TECTONIC
560,2025-07-20 10:58:57+00:00,8.31,125.98,4,2.4,009 km S 14° W of Rosario (Agusan Del Sur),Ms,TECTONIC
561,2025-07-20 10:57:35+00:00,14.09,120.42,112,1.5,023 km N 87° W of Nasugbu (Batangas),Ms,TECTONIC
562,2025-07-20 06:47:12+00:00,11.45,124.42,17,1.6,000 km N 45° W of Calubian (Leyte),Ms,TECTONIC
563,2025-07-20 06:22:28+00:00,4.13,126.09,60,2.4,160 km S 28° E of Balut Island (Municipality Of Sarangani) (Davao Occidental),Ms,TECTONIC
564,2025-07-20 05:45:33+00:00,19.73,121.4,33,5.5,052 km N 09° W of Calayan (Cagayan),Mw,TECTONIC
565,2025-07-20 05:29:57+00:00,10.1,126.16,31,1.8,013 km N 44° E of Burgos (Surigao Del Norte),Ms,TECTONIC
566,2025-07-20 05:12:22+00:00,8.98,126.16,27,1.6,010 km S 63° W of Tago (Surigao Del Sur),Ms,TECTONIC
567,2025-07-20 04:12:17+00:00,6.09,127.01,82,3.6,121 km S 59° E of Governor Generoso (Davao Oriental),Ms,TECTONIC
568,2025-07-20 04:00:58+00:00,13.66,120.58,90,1.6,020 km S 15° W of Calatagan (Batangas),Ms,TECTONIC
569,2025-07-20 02:50:55+00:00,10.43,126.21,33,2.0,047 km N 18° E of Burgos (Surigao Del Norte),Ms,TECTONIC
570,2025-07-20 02:45:13+00:00,10.41,126.16,59,1.9,044 km N 12° E of Burgos (Surigao Del Norte),Ms,TECTONIC
571,2025-07-20 02:29:58+00:00,7.93,126.06,33,1.5,007 km S 29° E of Santa Josefa (Agusan Del Sur),Ms,TECTONIC
572,2025-07-20 01:06:07+00:00,6.62,123.94,4,1.7,014 km N 61° W of Kalamansig (Sultan Kudarat),Ms,TECTONIC
573,2025-07-20 00:55:53+00:00,8.78,127.67,32,3.4,152 km S 84° E of Cagwait (Surigao Del Sur),Ms,TECTONIC
574,2025-07-20 00:29:17+00:00,8.26,127.53,26,4.9,125 km N 79° E of Lingig (Surigao Del Sur),Mw,TECTONIC
575,2025-07-20 00:26:22+00:00,8.51,126.34,23,1.5,015 km N 02° E of Hinatuan (Surigao Del Sur),Ms,TECTONIC
576,2025-07-19 23:08:35+00:00,7.81,124.18,16,2.7,002 km N 45° W of Bayang (Lanao Del Sur),Ms,TECTONIC
577,2025-07-19 20:58:05+00:00,5.52,126.93,1,3.6,148 km S 73° E of Jose Abad Santos (Davao Occidental),Ms,TECTONIC
578,2025-07-19 20:29:16+00:00,15.39,120.08,15,2.7,013 km N 25° E of Botolan (Zambales),Ms,TECTONIC
579,2025-07-19 20:15:23+00:00,18.75,120.78,22,2.2,021 km N 01° W of Pagudpud (Ilocos Norte),Ms,TECTONIC
580,2025-07-19 19:45:21+00:00,7.55,126.83,24,2.4,030 km S 85° E of Baganga (Davao Oriental),Ms,TECTONIC
581,2025-07-19 19:43:43+00:00,12.91,121.24,36,1.4,023 km S 48° W of Socorro (Oriental Mindoro),Ms,TECTONIC
582,2025-07-19 17:47:21+00:00,8.16,127.37,65,2.6,106 km N 83° E of Lingig (Surigao Del Sur),Ms,TECTONIC
583,2025-07-19 17:43:51+00:00,9.74,125.41,16,2.1,004 km S 25° W of San Francisco (Surigao Del Norte),Ms,TECTONIC
584,2025-07-19 17:39:44+00:00,10.34,125.22,13,2.2,004 km S 78° W of Hinundayan (Southern Leyte),Ms,TECTONIC
585,2025-07-19 16:25:20+00:00,8.32,127.6,19,5.5,134 km N 77° E of Lingig (Surigao Del Sur),Mw,TECTONIC
586,2025-07-19 15:39:33+00:00,7.52,125.87,34,2.0,005 km N 79° W of Mawab (Davao De Oro),Ms,TECTONIC
587,2025-07-19 14:45:46+00:00,16.96,120.0,22,2.2,042 km N 73° W of Luna (La Union),Ms,TECTONIC
588,2025-07-19 12:43:12+00:00,11.86,125.21,27,2.1,022 km N 66° E of Paranas (Samar),Ms,TECTONIC
589,2025-07-19 11:54:48+00:00,18.24,119.08,1,3.9,151 km N 81° W of Currimao (Ilocos Norte),Ms,TECTONIC
590,2025-07-19 11:29:02+00:00,9.81,125.84,124,2.4,016 km S 65° W of Del Carmen (Surigao Del Norte),Ms,TECTONIC
591,2025-07-19 10:58:59+00:00,12.81,123.31,2,2.7,012 km S 36° E of Claveria (Masbate),Ms,TECTONIC
592,2025-07-19 08:57:49+00:00,4.86,126.13,39,2.9,100 km S 52° E of Balut Island (Municipality Of Sarangani) (Davao Occidental),Ms,TECTONIC
593,2025-07-19 07:58:20+00:00,19.94,121.17,8,4.4,081 km N 24° W of Calayan (Cagayan),Ms,TECTONIC
594,2025-07-19 07:45:54+00:00,19.86,121.59,21,3.9,051 km N 42° W of Babuyan Island (Calayan) (Cagayan),Ms,TECTONIC
595,2025-07-19 07:41:29+00:00,8.69,126.24,29,2.6,006 km S 20° E of San Agustin (Surigao Del Sur),Ms,TECTONIC
596,2025-07-19 06:41:52+00:00,20.03,121.26,46,4.9,088 km N 15° W of Calayan (Cagayan),Mw,TECTONIC
597,2025-07-19 05:47:35+00:00,10.21,125.81,23,2.7,028 km N 57° E of Basilisa (Dinagat Islands),Ms,TECTONIC
598,2025-07-19 03:44:58+00:00,10.3,125.24,27,1.9,003 km N 32° W of Anahawan (Southern Leyte),Ms,TECTONIC
599,2025-07-19 03:28:22+00:00,8.34,125.82,27,1.3,007 km N 16° E of La Paz (Agusan Del Sur),Ms,TECTONIC
600,2025-07-19 01:57:31+00:00,9.21,126.77,5,2.9,059 km N 63° E of Bayabas (Surigao Del Sur),Ms,TECTONIC
601,2025-07-19 01:34:45+00:00,19.97,121.21,21,5.2,083 km N 19° W of Calayan (Cagayan),Mw,TECTONIC
602,2025-07-19 00:35:31+00:00,9.89,125.74,23,2.2,009 km S 60° E of Cagdianao (Dinagat Islands),Ms,TECTONIC
603,2025-07-18 22:36:22+00:00,4.51,125.24,99,3.3,102 km S 11° W of Balut Island (Municipality Of Sarangani) (Davao Occidental),Ms,TECTONIC
604,2025-07-18 22:27:30+00:00,8.57,125.89,11,2.3,004 km S 45° W of Prosperidad (Agusan Del Sur),Ms,TECTONIC
605,2025-07-18 20:17:28+00:00,11.88,125.23,15,2.7,021 km S 82° W of Taft (Eastern Samar),Ms,TECTONIC
606,2025-07-18 19:57:10+00:00,9.85,122.43,17,1.9,009 km N 03° W of City Of Sipalay (Negros Occidental),Ms,TECTONIC
607,2025-07-18 19:51:19+00:00,9.53,125.51,33,2.1,012 km N 39° W of Kitcharao (Agusan Del Norte),Ms,TECTONIC
608,2025-07-18 17:14:03+00:00,2.01,126.44,35,4.3,393 km S 17° E of Balut Island (Municipality Of Sarangani) (Davao Occidental),Ms,TECTONIC
609,2025-07-18 17:06:41+00:00,7.86,126.79,16,2.5,038 km N 79° E of Cateel (Davao Oriental),Ms,TECTONIC
610,2025-07-18 16:09:31+00:00,9.52,125.99,32,1.7,011 km S 12° E of Socorro (Surigao Del Norte),Ms,TECTONIC
611,2025-07-18 14:50:11+00:00,5.89,125.52,15,2.2,014 km S 81° W of Jose Abad Santos (Davao Occidental),Ms,TECTONIC
612,2025-07-18 13:10:11+00:00,6.33,126.92,97,3.1,095 km S 33° E of Tarragona (Davao Oriental),Ms,TECTONIC
613,2025-07-18 12:35:40+00:00,11.97,125.09,35,2.0,012 km S 37° E of San Jose De Buan (Samar),Ms,TECTONIC
614,2025-07-18 12:17:36+00:00,11.21,125.11,36,2.1,009 km S 28° E of Basey (Samar),Ms,TECTONIC
615,2025-07-18 10:51:52+00:00,9.22,126.7,12,2.9,053 km N 58° E of Bayabas (Surigao Del Sur),Ms,TECTONIC
616,2025-07-18 10:40:07+00:00,9.85,125.51,20,1.9,006 km N 17° E of City Of Surigao (Surigao Del Norte),Ms,TECTONIC
617,2025-07-18 10:22:25+00:00,11.3,124.59,6,2.3,006 km N 88° W of Capoocan (Leyte),Ms,TECTONIC
618,2025-07-18 09:07:45+00:00,8.67,126.61,28,1.4,037 km S 67° E of Marihatag (Surigao Del Sur),Ms,TECTONIC
619,2025-07-18 08:40:43+00:00,13.89,120.58,10,1.3,009 km N 40° W of Calatagan (Batangas),Ms,TECTONIC
620,2025-07-18 08:30:09+00:00,14.05,120.44,85,1.7,021 km S 82° W of Nasugbu (Batangas),Ms,TECTONIC
621,2025-07-18 08:24:13+00:00,8.03,126.47,26,1.8,006 km S 82° E of Lingig (Surigao Del Sur),Ms,TECTONIC
622,2025-07-18 04:12:42+00:00,9.97,126.03,16,3.3,003 km N 54° E of San Benito (Surigao Del Norte),Ms,TECTONIC
623,2025-07-18 03:43:15+00:00,4.64,124.96,16,4.0,099 km S 31° W of Balut Island (Municipality Of Sarangani) (Davao Occidental),Ms,TECTONIC
624,2025-07-18 02:27:16+00:00,4.02,125.45,109,3.3,155 km S 01° E of Balut Island (Municipality Of Sarangani) (Davao Occidental),Ms,TECTONIC
625,2025-07-17 23:57:06+00:00,7.97,123.89,17,2.0,007 km S 18° W of Magsaysay (Lanao Del Norte),Ms,TECTONIC
626,2025-07-17 22:43:58+00:00,8.76,121.8,22,3.1,112 km S 36° E of Cagayancillo (Palawan),Ms,TECTONIC
627,2025-07-17 19:48:37+00:00,15.45,119.79,24,1.7,013 km N 82° W of Palauig (Zambales),Ms,TECTONIC
628,2025-07-17 19:10:43+00:00,7.8,127.12,19,3.0,066 km N 68° E of Baganga (Davao Oriental),Ms,TECTONIC
629,2025-07-17 18:14:45+00:00,7.37,124.93,2,2.2,012 km S 04° W of Damulog (Bukidnon),Ms,TECTONIC
630,2025-07-17 18:13:20+00:00,11.89,124.82,28,2.2,014 km N 30° W of City Of Catbalogan (Samar),Ms,TECTONIC
631,2025-07-17 17:33:44+00:00,16.11,119.89,10,2.5,006 km N 23° E of Burgos (Pangasinan),Ms,TECTONIC
632,2025-07-17 17:10:04+00:00,13.64,120.65,112,1.8,022 km S 06° E of Calatagan (Batangas),Ms,TECTONIC
633,2025-07-17 16:18:49+00:00,8.48,126.64,16,1.7,036 km N 69° E of Hinatuan (Surigao Del Sur),Ms,TECTONIC
634,2025-07-17 15:41:14+00:00,7.99,125.95,31,1.3,008 km N 83° W of Santa Josefa (Agusan Del Sur),Ms,TECTONIC
635,2025-07-17 15:22:20+00:00,10.0,126.09,30,1.6,003 km S 34° E of Burgos (Surigao Del Norte),Ms,TECTONIC
636,2025-07-17 15:20:12+00:00,8.2,126.25,32,2.0,007 km S 75° W of City Of Bislig (Surigao Del Sur),Ms,TECTONIC
637,2025-07-17 15:18:22+00:00,8.26,126.58,29,2.0,029 km N 79° E of City Of Bislig (Surigao Del Sur),Ms,TECTONIC
638,2025-07-17 14:29:13+00:00,10.08,126.18,10,3.8,014 km N 60° E of Burgos (Surigao Del Norte),Ms,TECTONIC
639,2025-07-17 12:24:40+00:00,11.34,126.26,2,2.6,066 km N 66° E of Mercedes (Eastern Samar),Ms,TECTONIC
640,2025-07-17 11:59:13+00:00,7.78,126.77,22,3.3,035 km S 87° E of Cateel (Davao Oriental),Ms,TECTONIC
641,2025-07-17 11:31:04+00:00,9.7,124.29,3,2.0,012 km S 03° W of Sierra Bullones (Bohol),Ms,TECTONIC
642,2025-07-17 11:18:32+00:00,15.51,120.06,21,1.6,011 km S 78° E of Masinloc (Zambales),Ms,TECTONIC
643,2025-07-17 10:46:46+00:00,12.45,124.69,33,1.5,008 km S 47° E of Catarman (Northern Samar),Ms,TECTONIC
644,2025-07-17 10:29:27+00:00,9.11,126.29,25,1.9,012 km N 31° E of Tago (Surigao Del Sur),Ms,TECTONIC
645,2025-07-17 09:48:29+00:00,8.16,126.52,32,1.6,017 km N 41° E of Lingig (Surigao Del Sur),Ms,TECTONIC
646,2025-07-17 08:05:38+00:00,14.09,120.39,196,1.8,026 km N 86° W of Nasugbu (Batangas),Ms,TECTONIC
647,2025-07-17 07:18:33+00:00,13.97,124.65,6,2.6,035 km N 53° E of Gigmoto (Catanduanes),Ms,TECTONIC
648,2025-07-17 07:16:41+00:00,14.14,124.68,2,2.8,048 km N 62° E of Bagamanoc (Catanduanes),Ms,TECTONIC
649,2025-07-17 07:07:59+00:00,9.32,125.64,13,3.6,011 km N 60° E of Santiago (Agusan Del Norte),Ms,TECTONIC
650,2025-07-17 04:44:45+00:00,8.2,125.87,32,1.6,003 km N 30° E of Loreto (Agusan Del Sur),Ms,TECTONIC
651,2025-07-17 04:32:10+00:00,9.09,125.94,145,2.4,017 km S 29° W of Carmen (Surigao Del Sur),Ms,TECTONIC
652,2025-07-17 03:25:39+00:00,5.94,124.81,10,2.4,021 km S 75° E of Kiamba (Sarangani),Ms,TECTONIC
653,2025-07-17 01:33:36+00:00,6.19,126.54,6,3.0,073 km S 45° E of Governor Generoso (Davao Oriental),Ml,TECTONIC
654,2025-07-17 00:32:29+00:00,7.99,126.83,10,2.9,046 km S 84° E of Lingig (Surigao Del Sur),Ml,TECTONIC
655,2025-07-16 22:36:49+00:00,9.51,125.94,2,2.4,013 km S 12° W of Socorro (Surigao Del Norte),Ml,TECTONIC
656,2025-07-16 20:46:32+00:00,6.94,126.66,20,2.7,026 km S 62° E of Tarragona (Davao Oriental),Ml,TECTONIC
657,2025-07-16 18:06:39+00:00,17.25,119.97,24,2.7,050 km S 84° W of Santiago (Ilocos Sur),Ml,TECTONIC
658,2025-07-16 16:01:09+00:00,6.68,123.9,3,2.3,020 km N 75° W of Lebak (Sultan Kudarat),Ms,TECTONIC
659,2025-07-16 15:49:07+00:00,6.71,123.9,7,2.2,021 km N 66° W of Lebak (Sultan Kudarat),Ms,TECTONIC
660,2025-07-16 14:55:04+00:00,6.92,126.88,35,2.6,050 km S 49° E of Manay (Davao Oriental),Ms,TECTONIC
661,2025-07-16 14:40:28+00:00,8.01,126.63,33,1.3,025 km S 84° E of Lingig (Surigao Del Sur),Ms,TECTONIC
662,2025-07-16 14:32:59+00:00,17.42,120.18,21,3.0,026 km S 57° W of Caoayan (Ilocos Sur),Ms,TECTONIC
663,2025-07-16 14:09:57+00:00,5.56,125.07,30,1.7,033 km S 27° W of Glan (Sarangani),Ms,TECTONIC
664,2025-07-16 13:57:18+00:00,8.77,126.72,27,2.3,047 km S 87° E of Marihatag (Surigao Del Sur),Ms,TECTONIC
665,2025-07-16 13:38:35+00:00,13.72,124.37,7,1.9,007 km S 17° W of Gigmoto (Catanduanes),Ms,TECTONIC
666,2025-07-16 13:22:42+00:00,6.76,125.05,5,2.5,021 km S 68° E of Tulunan (Cotabato),Ms,TECTONIC
667,2025-07-16 12:57:56+00:00,13.46,120.61,33,1.9,013 km N 83° W of Abra De Ilog (Occidental Mindoro),Ms,TECTONIC
668,2025-07-16 12:46:28+00:00,13.22,124.07,34,1.5,007 km N 63° W of Rapu-rapu (Albay),Ms,TECTONIC
669,2025-07-16 11:52:15+00:00,18.73,120.7,11,2.5,021 km N 26° W of Pagudpud (Ilocos Norte),Ms,TECTONIC
670,2025-07-16 11:37:27+00:00,19.15,120.43,12,3.7,076 km N 30° W of Pagudpud (Ilocos Norte),Ms,TECTONIC
671,2025-07-16 10:38:47+00:00,10.26,126.12,7,2.0,027 km N 11° E of Burgos (Surigao Del Norte),Ms,TECTONIC
672,2025-07-16 10:35:05+00:00,8.67,124.44,30,2.0,009 km N 23° E of Gitagum (Misamis Oriental),Ms,TECTONIC
673,2025-07-16 09:18:04+00:00,6.24,126.0,123,1.6,034 km N 82° E of Don Marcelino (Davao Occidental),Ms,TECTONIC
674,2025-07-16 09:14:42+00:00,10.29,125.88,20,2.8,033 km S 77° E of Loreto (Dinagat Islands),Ms,TECTONIC
675,2025-07-16 04:40:56+00:00,6.47,126.46,22,2.5,047 km S 65° E of Governor Generoso (Davao Oriental),Ms,TECTONIC
676,2025-07-16 02:35:37+00:00,18.52,120.55,14,2.1,010 km N 86° W of Burgos (Ilocos Norte),Ms,TECTONIC
677,2025-07-16 01:40:01+00:00,18.57,120.69,9,1.7,008 km N 39° E of Burgos (Ilocos Norte),Ms,TECTONIC
678,2025-07-16 01:03:37+00:00,18.64,120.54,16,4.5,018 km N 39° W of Burgos (Ilocos Norte),Mw,TECTONIC
679,2025-07-15 22:42:39+00:00,5.92,126.11,138,3.7,051 km N 90° E of Jose Abad Santos (Davao Occidental),Ms,TECTONIC
680,2025-07-15 21:34:57+00:00,8.51,126.68,4,2.6,040 km N 67° E of Hinatuan (Surigao Del Sur),Ms,TECTONIC
681,2025-07-15 20:56:07+00:00,16.38,122.13,18,2.0,008 km S 81° W of Dilasag (Aurora),Ms,TECTONIC
682,2025-07-15 20:41:54+00:00,8.23,124.22,23,1.5,008 km N 54° E of Linamon (Lanao Del Norte),Ms,TECTONIC
683,2025-07-15 20:31:58+00:00,13.09,120.57,20,1.6,015 km S 10° W of Mamburao (Occidental Mindoro),Ms,TECTONIC
684,2025-07-15 20:17:33+00:00,18.32,120.57,23,2.1,005 km S 78° W of Pasuquin (Ilocos Norte),Ms,TECTONIC
685,2025-07-15 20:11:05+00:00,16.32,119.82,49,1.7,011 km S 46° W of Bolinao (Pangasinan),Ms,TECTONIC
686,2025-07-15 19:37:42+00:00,11.86,125.62,30,1.9,018 km N 75° E of Sulat (Eastern Samar),Ms,TECTONIC
687,2025-07-15 19:26:55+00:00,10.04,125.19,11,2.5,004 km S 68° E of San Francisco (Southern Leyte),Ms,TECTONIC
688,2025-07-15 19:19:47+00:00,18.42,120.98,15,1.3,009 km S 60° E of Adams (Ilocos Norte),Ms,TECTONIC
689,2025-07-15 19:14:06+00:00,15.2,120.29,32,1.4,025 km N 81° E of Cabangan (Zambales),Ms,TECTONIC
690,2025-07-15 19:01:56+00:00,19.46,121.95,23,1.9,007 km S 38° E of Babuyan Island (Calayan) (Cagayan),Ms,TECTONIC
691,2025-07-15 18:57:52+00:00,9.36,126.16,33,1.7,010 km N 23° W of Cortes (Surigao Del Sur),Ms,TECTONIC
692,2025-07-15 18:38:07+00:00,16.08,119.98,18,2.2,004 km N 70° E of Mabini (Pangasinan),Ms,TECTONIC
693,2025-07-15 18:04:13+00:00,18.42,120.81,18,1.7,010 km N 21° W of Pagudpud (Ilocos Norte),Ms,TECTONIC
694,2025-07-15 17:57:04+00:00,7.34,126.27,34,2.3,016 km N 80° E of Maragusan (Davao De Oro),Ms,TECTONIC
695,2025-07-15 17:09:08+00:00,12.76,123.52,24,2.2,021 km N 50° W of Monreal (Masbate),Ms,TECTONIC
696,2025-07-15 16:37:31+00:00,13.53,120.4,29,1.3,015 km N 30° W of Paluan (Occidental Mindoro),Ms,TECTONIC
697,2025-07-15 16:29:00+00:00,11.5,124.39,21,1.8,007 km S 07° W of Naval (Biliran),Ms,TECTONIC
698,2025-07-15 16:20:36+00:00,7.6,125.72,34,1.4,002 km N 29° E of Kapalong (Davao Del Norte),Ms,TECTONIC
699,2025-07-15 15:56:28+00:00,9.12,126.37,8,2.2,018 km N 55° E of Tago (Surigao Del Sur),Ms,TECTONIC
700,2025-07-15 15:48:29+00:00,12.7,123.58,10,2.0,011 km N 52° W of Monreal (Masbate),Ms,TECTONIC
701,2025-07-15 15:41:17+00:00,8.85,126.5,32,1.6,023 km S 72° E of Cagwait (Surigao Del Sur),Ms,TECTONIC
702,2025-07-15 15:25:47+00:00,10.55,124.85,34,1.4,014 km N 67° E of Inopacan (Leyte),Ms,TECTONIC
703,2025-07-15 15:19:54+00:00,8.53,125.71,27,1.8,012 km N 40° W of Talacogon (Agusan Del Sur),Ms,TECTONIC
704,2025-07-15 14:59:18+00:00,6.87,125.08,13,2.4,010 km S 07° W of Makilala (Cotabato),Ms,TECTONIC
705,2025-07-15 14:51:36+00:00,18.25,120.84,30,1.5,012 km N 12° E of Carasi (Ilocos Norte),Ms,TECTONIC
706,2025-07-15 14:44:38+00:00,6.27,126.99,32,3.8,110 km S 67° E of Governor Generoso (Davao Oriental),Ms,TECTONIC
707,2025-07-15 13:58:19+00:00,21.41,120.99,15,4.8,112 km N 52° W of Itbayat (Batanes),Ms,TECTONIC
708,2025-07-15 13:28:31+00:00,19.89,121.21,126,2.6,075 km N 22° W of Calayan (Cagayan),Ms,TECTONIC
709,2025-07-15 13:24:18+00:00,7.92,122.87,31,1.4,010 km S 19° E of Godod (Zamboanga Del Norte),Ms,TECTONIC
710,2025-07-15 13:11:26+00:00,11.49,124.4,27,2.1,006 km N 26° W of Calubian (Leyte),Ms,TECTONIC
711,2025-07-15 12:19:36+00:00,10.62,126.15,13,3.3,049 km S 74° E of Homonhon Island (Guiuan) (Eastern Samar),Ms,TECTONIC
712,2025-07-15 12:09:35+00:00,13.3,120.14,31,1.3,037 km S 70° W of Paluan (Occidental Mindoro),Ms,TECTONIC
713,2025-07-15 11:03:25+00:00,18.33,120.91,6,1.6,015 km S 03° E of Adams (Ilocos Norte),Ms,TECTONIC
714,2025-07-15 10:59:48+00:00,8.33,127.35,20,3.5,109 km N 73° E of Lingig (Surigao Del Sur),Ms,TECTONIC
715,2025-07-15 10:41:19+00:00,9.71,124.66,8,1.7,010 km S 65° E of Anda (Bohol),Ms,TECTONIC
716,2025-07-15 09:22:08+00:00,18.48,120.93,7,1.7,004 km N 64° E of Adams (Ilocos Norte),Ms,TECTONIC
717,2025-07-15 09:01:40+00:00,10.03,121.52,22,2.4,063 km S 45° W of Anini-y (Antique),Ms,TECTONIC
718,2025-07-15 08:54:56+00:00,8.06,126.77,15,2.8,040 km N 87° E of Lingig (Surigao Del Sur),Ms,TECTONIC
719,2025-07-15 08:04:13+00:00,13.95,120.56,130,1.6,016 km N 32° W of Calatagan (Batangas),Ms,TECTONIC
720,2025-07-15 05:33:55+00:00,8.04,127.16,2,2.9,083 km N 71° E of Cateel (Davao Oriental),Ms,TECTONIC
721,2025-07-15 04:09:14+00:00,3.47,126.42,46,4.4,242 km S 27° E of Balut Island (Municipality Of Sarangani) (Davao Occidental),Ms,TECTONIC
722,2025-07-15 04:06:51+00:00,8.99,123.44,12,2.6,019 km S 17° W of San Juan (Siquijor),Ms,TECTONIC
723,2025-07-15 03:46:46+00:00,19.0,121.25,14,3.2,013 km S 21° E of Dalupiri Island (Calayan) (Cagayan),Ms,TECTONIC
724,2025-07-15 03:43:58+00:00,12.61,120.76,27,1.7,020 km N 78° W of Calintaan (Occidental Mindoro),Ms,TECTONIC
725,2025-07-15 03:19:15+00:00,7.72,126.68,35,2.4,021 km N 38° E of Baganga (Davao Oriental),Ms,TECTONIC
726,2025-07-15 02:57:45+00:00,7.39,124.91,6,2.1,011 km S 18° W of Damulog (Bukidnon),Ms,TECTONIC
727,2025-07-15 02:41:59+00:00,10.09,126.11,30,2.2,009 km N 29° E of Burgos (Surigao Del Norte),Ms,TECTONIC
728,2025-07-15 02:38:18+00:00,18.49,120.25,44,5.5,042 km N 71° W of Pasuquin (Ilocos Norte),Mw,TECTONIC
729,2025-07-15 02:31:16+00:00,9.13,122.26,33,2.6,052 km S 53° W of Basay (Negros Oriental),Ms,TECTONIC
730,2025-07-15 02:18:02+00:00,8.5,125.64,37,2.2,017 km N 72° W of Talacogon (Agusan Del Sur),Ms,TECTONIC
731,2025-07-15 01:57:05+00:00,13.56,120.68,116,1.4,014 km N 21° W of Abra De Ilog (Occidental Mindoro),Ms,TECTONIC
732,2025-07-15 01:42:34+00:00,17.63,120.19,27,1.7,019 km N 76° W of Santa Catalina (Ilocos Sur),Ms,TECTONIC
733,2025-07-15 01:13:55+00:00,7.36,124.94,4,3.5,013 km S 01° E of Damulog (Bukidnon),Ms,TECTONIC
734,2025-07-15 00:33:13+00:00,16.74,121.01,5,1.7,007 km N 74° W of Asipulo (Ifugao),Ms,TECTONIC
735,2025-07-15 00:08:40+00:00,17.94,119.87,3,2.6,065 km N 54° W of Santa Catalina (Ilocos Sur),Ms,TECTONIC
736,2025-07-14 23:38:43+00:00,18.01,119.91,23,2.0,066 km N 46° W of Santa Catalina (Ilocos Sur),Ms,TECTONIC
737,2025-07-14 23:23:56+00:00,5.15,125.32,188,3.6,032 km S 22° W of Balut Island (Municipality Of Sarangani) (Davao Occidental),Ms,TECTONIC
738,2025-07-14 23:22:40+00:00,17.96,119.62,8,4.5,089 km N 63° W of Santa Catalina (Ilocos Sur),Mw,TECTONIC
739,2025-07-14 22:00:11+00:00,17.84,120.72,11,1.3,010 km S 38° E of Nueva Era (Ilocos Norte),Ms,TECTONIC
740,2025-07-14 21:54:24+00:00,13.51,121.06,29,2.0,003 km S 30° W of Verde Island (Batangas City) (Batangas),Ms,TECTONIC
741,2025-07-14 21:45:18+00:00,17.9,120.8,32,2.0,015 km S 83° E of Nueva Era (Ilocos Norte),Ms,TECTONIC
742,2025-07-14 21:40:17+00:00,12.2,124.5,19,1.4,017 km S 52° W of Lope De Vega (Northern Samar),Ms,TECTONIC
743,2025-07-14 20:40:58+00:00,15.58,120.34,20,1.8,006 km S 45° W of Mayantoc (Tarlac),Ms,TECTONIC
744,2025-07-14 20:37:03+00:00,13.7,120.58,90,1.8,015 km S 20° W of Calatagan (Batangas),Ms,TECTONIC
745,2025-07-14 20:36:27+00:00,4.97,126.18,71,3.4,096 km S 55° E of Sarangani Island (Municipality Of Sarangani) (Davao Occidental),Ms,TECTONIC
746,2025-07-14 20:03:22+00:00,11.97,121.4,4,2.8,017 km N 77° W of Caluya (Antique),Ms,TECTONIC
747,2025-07-14 19:50:39+00:00,7.66,126.33,9,1.8,019 km S 44° W of Cateel (Davao Oriental),Ms,TECTONIC
748,2025-07-14 18:49:14+00:00,8.76,126.32,27,1.4,006 km S 30° E of Marihatag (Surigao Del Sur),Ms,TECTONIC
749,2025-07-14 17:50:54+00:00,12.55,123.36,34,1.4,006 km N 44° W of Aroroy (Masbate),Ms,TECTONIC
750,2025-07-14 17:33:14+00:00,8.48,126.45,71,2.3,018 km N 45° E of Hinatuan (Surigao Del Sur),Ms,TECTONIC
751,2025-07-14 17:19:11+00:00,14.76,121.88,26,1.3,009 km N 50° W of Polillo (Quezon),Ms,TECTONIC
752,2025-07-14 17:12:50+00:00,6.11,127.01,16,2.7,120 km S 60° E of Governor Generoso (Davao Oriental),Ms,TECTONIC
753,2025-07-14 16:46:06+00:00,8.39,125.8,31,1.4,007 km S 18° E of Talacogon (Agusan Del Sur),Ms,TECTONIC
754,2025-07-14 16:32:12+00:00,12.25,120.48,3,1.7,041 km N 47° E of Coron (Palawan),Ms,TECTONIC
755,2025-07-14 16:09:16+00:00,19.14,121.08,7,2.5,013 km N 76° W of Dalupiri Island (Calayan) (Cagayan),Ms,TECTONIC
756,2025-07-14 16:04:15+00:00,6.21,125.95,143,2.4,028 km N 87° E of Don Marcelino (Davao Occidental),Ms,TECTONIC
757,2025-07-14 16:04:15+00:00,14.93,119.9,26,1.6,020 km S 85° W of San Antonio (Zambales),Ms,TECTONIC
758,2025-07-14 15:39:53+00:00,16.94,120.22,4,1.4,019 km N 61° W of Luna (La Union),Ms,TECTONIC
759,2025-07-14 15:05:11+00:00,9.8,122.4,31,2.0,005 km N 50° W of City Of Sipalay (Negros Occidental),Ms,TECTONIC
760,2025-07-14 15:02:26+00:00,19.12,120.99,9,2.1,023 km N 88° W of Dalupiri Island (Calayan) (Cagayan),Ms,TECTONIC
761,2025-07-14 14:55:13+00:00,16.6,119.79,23,3.5,026 km N 25° W of Bolinao (Pangasinan),Ms,TECTONIC
762,2025-07-14 14:21:25+00:00,13.73,120.68,190,2.9,012 km S 23° E of Calatagan (Batangas),Ms,TECTONIC
763,2025-07-14 13:41:07+00:00,10.44,122.41,15,1.8,017 km S 58° W of Nueva Valencia (Guimaras),Ms,TECTONIC
764,2025-07-14 13:39:46+00:00,13.85,120.57,166,1.9,008 km N 75° W of Calatagan (Batangas),Ms,TECTONIC
765,2025-07-14 13:22:32+00:00,12.98,122.29,9,2.0,021 km N 80° E of Banton (Romblon),Ms,TECTONIC
766,2025-07-14 12:22:38+00:00,13.55,120.64,2,1.5,015 km N 44° W of Abra De Ilog (Occidental Mindoro),Ms,TECTONIC
767,2025-07-14 12:05:19+00:00,10.29,126.35,4,2.9,043 km N 46° E of Burgos (Surigao Del Norte),Ms,TECTONIC
768,2025-07-14 11:38:26+00:00,9.32,126.23,31,2.0,007 km N 39° E of Cortes (Surigao Del Sur),Ms,TECTONIC
769,2025-07-14 11:27:10+00:00,18.89,120.73,3,2.3,037 km N 09° W of Pagudpud (Ilocos Norte),Ms,TECTONIC
770,2025-07-14 10:55:23+00:00,4.57,125.91,155,2.9,108 km S 30° E of Balut Island (Municipality Of Sarangani) (Davao Occidental),Ms,TECTONIC
771,2025-07-14 10:23:55+00:00,17.59,120.62,34,1.6,001 km S 26° E of Bangued (Abra),Ms,TECTONIC
772,2025-07-14 09:47:04+00:00,16.05,122.2,7,1.8,026 km S 17° E of Casiguran (Aurora),Ms,TECTONIC
773,2025-07-14 09:34:18+00:00,13.89,120.56,82,1.5,010 km N 49° W of Calatagan (Batangas),Ms,TECTONIC
774,2025-07-14 09:33:56+00:00,9.22,126.23,22,1.3,008 km S 35° E of Cortes (Surigao Del Sur),Ms,TECTONIC
775,2025-07-14 09:19:49+00:00,9.32,125.65,18,2.0,012 km N 58° E of Santiago (Agusan Del Norte),Ms,TECTONIC
776,2025-07-14 09:07:07+00:00,8.84,126.75,6,1.7,049 km N 85° E of Marihatag (Surigao Del Sur),Ms,TECTONIC
777,2025-07-14 07:58:21+00:00,18.91,120.76,5,2.2,038 km N 05° W of Pagudpud (Ilocos Norte),Ms,TECTONIC
778,2025-07-14 06:50:05+00:00,16.54,120.66,111,2.4,008 km N 27° E of Tublay (Benguet),Ms,TECTONIC
779,2025-07-14 06:41:34+00:00,8.65,126.22,94,2.4,014 km N 83° E of Lianga (Surigao Del Sur),Ms,TECTONIC
780,2025-07-14 05:50:40+00:00,18.74,121.43,67,2.4,014 km S 26° E of Fuga Island (Aparri) (Cagayan),Ms,TECTONIC
781,2025-07-14 05:22:22+00:00,8.74,126.49,25,2.0,022 km S 74° E of Marihatag (Surigao Del Sur),Ms,TECTONIC
782,2025-07-14 04:53:21+00:00,13.57,120.4,37,1.9,018 km N 21° W of Paluan (Occidental Mindoro),Ms,TECTONIC
783,2025-07-14 04:21:09+00:00,5.83,127.05,22,3.2,142 km S 50° E of Governor Generoso (Davao Oriental),Ms,TECTONIC
784,2025-07-14 04:03:33+00:00,12.22,120.55,2,2.2,045 km N 57° E of Coron (Palawan),Ms,TECTONIC
785,2025-07-14 02:49:17+00:00,10.33,126.7,2,3.1,077 km N 63° E of Burgos (Surigao Del Norte),Ms,TECTONIC
786,2025-07-14 02:38:37+00:00,6.97,126.12,41,2.3,011 km N 81° W of City Of Mati (Davao Oriental),Ms,TECTONIC
787,2025-07-14 02:28:43+00:00,8.3,126.7,50,2.1,041 km S 79° E of Hinatuan (Surigao Del Sur),Ms,TECTONIC
788,2025-07-14 01:10:08+00:00,17.93,120.58,25,1.3,006 km S 60° E of Pinili (Ilocos Norte),Ms,TECTONIC
789,2025-07-14 01:06:01+00:00,9.77,124.59,11,1.9,004 km N 28° E of Anda (Bohol),Ms,TECTONIC
790,2025-07-13 22:39:50+00:00,13.18,122.73,16,2.3,017 km S 19° E of San Andres (Quezon),Ms,TECTONIC
791,2025-07-13 22:39:02+00:00,13.3,124.88,12,2.9,068 km S 54° E of Baras (Catanduanes),Ms,TECTONIC
792,2025-07-13 22:27:58+00:00,15.71,121.87,3,2.3,033 km S 81° E of Baler (Aurora),Ms,TECTONIC
793,2025-07-13 21:37:31+00:00,9.63,126.25,17,3.2,019 km S 31° E of General Luna (Surigao Del Norte),Ms,TECTONIC
794,2025-07-13 21:03:19+00:00,18.55,119.91,16,2.6,078 km N 87° W of Burgos (Ilocos Norte),Ms,TECTONIC
795,2025-07-13 20:59:44+00:00,12.56,125.24,22,2.0,009 km N 11° W of Mapanas (Northern Samar),Ms,TECTONIC
796,2025-07-13 20:52:20+00:00,8.43,122.66,21,1.9,034 km N 03° W of Liloy (Zamboanga Del Norte),Ms,TECTONIC
797,2025-07-13 20:44:13+00:00,13.97,120.51,98,1.9,017 km S 50° W of Nasugbu (Batangas),Ms,TECTONIC
798,2025-07-13 20:08:47+00:00,14.1,120.42,114,1.8,023 km N 82° W of Nasugbu (Batangas),Ms,TECTONIC
799,2025-07-13 19:58:23+00:00,11.03,124.74,5,1.7,014 km N 21° E of Albuera (Leyte),Ms,TECTONIC
800,2025-07-13 19:57:20+00:00,8.08,126.51,26,1.6,012 km N 66° E of Lingig (Surigao Del Sur),Ms,TECTONIC
801,2025-07-13 19:52:41+00:00,15.8,120.19,6,1.9,011 km S 28° W of Aguilar (Pangasinan),Ms,TECTONIC
802,2025-07-13 19:43:44+00:00,7.65,124.57,6,2.2,017 km N 87° W of Wao (Lanao Del Sur),Ms,TECTONIC
803,2025-07-13 19:34:06+00:00,11.47,124.43,12,1.6,011 km S 15° E of Naval (Biliran),Ms,TECTONIC
804,2025-07-13 19:29:19+00:00,7.24,125.92,36,2.0,011 km S 46° E of Mabini (Davao De Oro),Ms,TECTONIC
805,2025-07-13 18:59:48+00:00,10.35,126.31,6,2.8,045 km N 35° E of Burgos (Surigao Del Norte),Ms,TECTONIC
806,2025-07-13 18:59:21+00:00,8.47,125.93,21,1.6,016 km N 83° E of Talacogon (Agusan Del Sur),Ms,TECTONIC
807,2025-07-13 18:54:46+00:00,15.47,119.5,16,2.3,045 km N 84° W of Palauig (Zambales),Ms,TECTONIC
808,2025-07-13 18:50:00+00:00,10.37,125.14,2,3.0,007 km S 70° W of Hinunangan (Southern Leyte),Ms,TECTONIC
809,2025-07-13 18:43:20+00:00,9.5,126.07,32,1.6,018 km S 39° E of Socorro (Surigao Del Norte),Ms,TECTONIC
810,2025-07-13 18:28:27+00:00,18.24,120.67,8,2.2,003 km N 70° E of Vintar (Ilocos Norte),Ms,TECTONIC
811,2025-07-13 18:24:56+00:00,17.99,120.06,10,2.0,044 km N 81° W of Badoc (Ilocos Norte),Ms,TECTONIC
812,2025-07-13 18:19:42+00:00,7.3,127.36,34,3.8,087 km S 88° E of Caraga (Davao Oriental),Ms,TECTONIC
813,2025-07-13 18:19:39+00:00,12.5,119.71,18,2.3,048 km N 31° W of Busuanga (Palawan),Ms,TECTONIC
814,2025-07-13 18:13:42+00:00,14.92,121.99,6,1.8,008 km N 16° E of Burdeos (Quezon),Ms,TECTONIC
815,2025-07-13 18:12:49+00:00,15.02,122.04,8,1.8,021 km N 23° E of Burdeos (Quezon),Ms,TECTONIC
816,2025-07-13 18:12:28+00:00,14.73,121.89,27,1.4,006 km N 71° W of Polillo (Quezon),Ms,TECTONIC
817,2025-07-13 17:56:06+00:00,10.25,126.08,9,3.6,025 km N 01° E of Burgos (Surigao Del Norte),Ms,TECTONIC
818,2025-07-13 17:52:49+00:00,4.41,124.89,472,3.7,126 km S 28° W of Balut Island (Municipality Of Sarangani) (Davao Occidental),Ms,TECTONIC
819,2025-07-13 17:27:22+00:00,7.77,125.95,4,2.3,009 km N 32° W of Montevista (Davao De Oro),Ms,TECTONIC
820,2025-07-13 17:08:33+00:00,7.23,127.46,23,5.1,099 km S 84° E of Caraga (Davao Oriental),Mw,TECTONIC
821,2025-07-13 17:03:58+00:00,8.47,122.68,19,2.1,038 km N 86° W of Jose Dalman (Zamboanga Del Norte),Ms,TECTONIC
822,2025-07-13 17:03:52+00:00,7.28,126.93,14,3.3,041 km S 83° E of Caraga (Davao Oriental),Ms,TECTONIC
823,2025-07-13 16:52:59+00:00,4.89,123.61,529,4.2,160 km S 23° W of Palimbang (Sultan Kudarat),Ms,TECTONIC
824,2025-07-13 16:48:58+00:00,9.91,124.07,8,2.0,002 km S 82° W of Sagbayan (Bohol),Ms,TECTONIC
825,2025-07-13 16:19:04+00:00,4.97,125.88,182,2.8,071 km S 46° E of Balut Island (Municipality Of Sarangani) (Davao Occidental),Ms,TECTONIC
826,2025-07-13 16:15:26+00:00,8.44,125.81,13,1.8,003 km S 69° E of Talacogon (Agusan Del Sur),Ms,TECTONIC
827,2025-07-13 15:51:13+00:00,17.52,122.7,21,3.8,048 km N 64° E of Divilacan (Isabela),Ms,TECTONIC
828,2025-07-13 15:39:31+00:00,8.38,125.8,7,1.9,007 km S 15° E of Talacogon (Agusan Del Sur),Ms,TECTONIC
829,2025-07-13 15:34:20+00:00,14.7,118.9,17,2.8,132 km S 68° E of Bajo De Masinloc (Masinloc) (Zambales),Ms,TECTONIC
830,2025-07-13 15:14:32+00:00,13.65,120.57,94,2.9,022 km S 19° W of Calatagan (Batangas),Ms,TECTONIC
831,2025-07-13 15:08:53+00:00,8.53,125.87,2,2.5,010 km S 32° W of Prosperidad (Agusan Del Sur),Ms,TECTONIC
832,2025-07-13 15:00:14+00:00,8.45,124.05,2,2.5,025 km N 68° E of Panaon (Misamis Occidental),Ms,TECTONIC
833,2025-07-13 14:46:27+00:00,13.54,120.67,147,2.1,012 km N 32° W of Abra De Ilog (Occidental Mindoro),Ms,TECTONIC
834,2025-07-13 14:42:55+00:00,13.11,124.24,34,1.9,010 km N 34° E of Prieto Diaz (Sorsogon),Ms,TECTONIC
835,2025-07-13 14:22:59+00:00,13.71,120.59,79,1.7,014 km S 19° W of Calatagan (Batangas),Ms,TECTONIC
836,2025-07-13 14:21:31+00:00,12.36,123.78,11,1.8,007 km S 02° W of Batuan (Masbate),Ms,TECTONIC
837,2025-07-13 14:03:46+00:00,5.93,126.25,128,2.6,067 km N 88° E of Jose Abad Santos (Davao Occidental),Ms,TECTONIC
838,2025-07-13 13:48:40+00:00,17.42,120.62,9,2.6,002 km N 85° E of Pilar (Abra),Ms,TECTONIC
839,2025-07-13 13:31:14+00:00,10.5,122.3,15,1.8,018 km S 06° W of Guimbal (Iloilo),Ms,TECTONIC
840,2025-07-13 13:08:32+00:00,8.51,125.84,7,2.0,009 km N 41° E of Talacogon (Agusan Del Sur),Ms,TECTONIC
841,2025-07-13 13:03:36+00:00,13.31,120.19,7,1.9,032 km S 69° W of Paluan (Occidental Mindoro),Ms,TECTONIC
842,2025-07-13 12:43:31+00:00,8.15,126.8,16,2.2,044 km N 74° E of Lingig (Surigao Del Sur),Ms,TECTONIC
843,2025-07-13 11:52:09+00:00,7.64,124.71,33,1.5,002 km N 77° W of Wao (Lanao Del Sur),Ms,TECTONIC
844,2025-07-13 11:04:56+00:00,5.96,124.41,34,2.3,015 km S 41° W of Maitum (Sarangani),Ms,TECTONIC
845,2025-07-13 10:49:37+00:00,10.04,124.28,32,1.5,008 km S 56° W of Trinidad (Bohol),Ms,TECTONIC
846,2025-07-13 10:39:35+00:00,8.7,126.7,2,2.8,045 km S 76° E of Marihatag (Surigao Del Sur),Ms,TECTONIC
847,2025-07-13 10:27:43+00:00,5.64,125.99,64,2.5,049 km S 52° E of Jose Abad Santos (Davao Occidental),Ms,TECTONIC
848,2025-07-13 10:24:07+00:00,16.16,119.55,6,2.6,027 km N 80° W of Agno (Pangasinan),Ms,TECTONIC
849,2025-07-13 09:44:05+00:00,9.38,125.63,26,2.4,009 km S 38° E of Kitcharao (Agusan Del Norte),Ms,TECTONIC
850,2025-07-13 08:48:47+00:00,6.71,126.82,160,2.2,056 km S 47° E of Tarragona (Davao Oriental),Ms,TECTONIC
851,2025-07-13 08:36:16+00:00,6.01,127.19,188,2.8,141 km S 35° E of Tarragona (Davao Oriental),Ms,TECTONIC
852,2025-07-13 07:35:14+00:00,13.7,120.57,83,2.2,016 km S 24° W of Calatagan (Batangas),Ms,TECTONIC
853,2025-07-13 07:19:57+00:00,8.51,125.88,1,3.4,010 km N 89° W of San Francisco (Agusan Del Sur),Ms,TECTONIC
854,2025-07-13 07:16:32+00:00,8.54,125.86,4,2.2,013 km N 39° E of Talacogon (Agusan Del Sur),Ms,TECTONIC
855,2025-07-13 06:57:38+00:00,8.5,125.88,6,2.4,012 km N 61° E of Talacogon (Agusan Del Sur),Ms,TECTONIC
856,2025-07-13 06:43:21+00:00,8.54,125.85,2,2.3,009 km S 47° W of Prosperidad (Agusan Del Sur),Ms,TECTONIC
857,2025-07-13 04:24:42+00:00,13.62,120.68,129,4.4,020 km N 15° W of Abra De Ilog (Occidental Mindoro),Ms,TECTONIC
858,2025-07-13 04:05:07+00:00,18.63,121.35,10,2.0,015 km N 56° E of Sanchez-mira (Cagayan),Ms,TECTONIC
859,2025-07-13 03:51:16+00:00,15.59,122.58,43,2.7,090 km N 21° E of Patnanungan (Quezon),Ms,TECTONIC
860,2025-07-13 01:29:05+00:00,17.74,122.68,30,3.1,061 km N 42° E of Divilacan (Isabela),Ms,TECTONIC
861,2025-07-12 23:44:20+00:00,11.21,126.45,17,3.7,082 km N 76° E of Guiuan (Eastern Samar),Mw,TECTONIC
862,2025-07-12 22:56:11+00:00,10.4,126.41,12,2.9,056 km N 41° E of Burgos (Surigao Del Norte),Ms,TECTONIC
863,2025-07-12 22:37:19+00:00,8.77,126.49,26,2.0,021 km S 82° E of Marihatag (Surigao Del Sur),Ms,TECTONIC
864,2025-07-12 22:19:17+00:00,13.25,124.95,2,3.0,077 km S 54° E of Baras (Catanduanes),Ms,TECTONIC
865,2025-07-12 22:18:23+00:00,7.89,126.9,19,2.4,051 km N 77° E of Cateel (Davao Oriental),Ms,TECTONIC
866,2025-07-12 21:15:53+00:00,17.07,121.67,23,2.6,004 km S 52° W of Burgos (Isabela),Ms,TECTONIC
867,2025-07-12 21:04:30+00:00,9.23,126.27,29,1.5,010 km S 57° E of Cortes (Surigao Del Sur),Ms,TECTONIC
868,2025-07-12 20:30:01+00:00,10.11,125.11,22,1.8,005 km S 10° W of Liloan (Southern Leyte),Ms,TECTONIC
869,2025-07-12 20:26:33+00:00,16.39,122.18,15,2.0,003 km West of Dilasag (Aurora),Ms,TECTONIC
870,2025-07-12 19:51:27+00:00,9.19,126.93,10,1.7,075 km N 71° E of Bayabas (Surigao Del Sur),Ms,TECTONIC
871,2025-07-12 19:40:38+00:00,8.07,126.81,15,2.5,044 km N 86° E of Lingig (Surigao Del Sur),Ms,TECTONIC
872,2025-07-12 18:57:20+00:00,7.78,126.58,26,1.8,013 km S 86° E of Cateel (Davao Oriental),Ms,TECTONIC
873,2025-07-12 18:49:03+00:00,16.37,122.3,6,2.2,009 km S 74° E of Dilasag (Aurora),Ms,TECTONIC
874,2025-07-12 17:20:14+00:00,8.79,126.69,23,2.7,043 km S 89° E of Marihatag (Surigao Del Sur),Ms,TECTONIC
875,2025-07-12 17:00:54+00:00,7.96,126.63,13,2.0,026 km S 70° E of Lingig (Surigao Del Sur),Ms,TECTONIC
876,2025-07-12 16:01:03+00:00,13.53,120.67,4,1.8,012 km N 34° W of Abra De Ilog (Occidental Mindoro),Ms,TECTONIC
877,2025-07-12 15:54:10+00:00,13.26,120.23,17,2.8,031 km S 55° W of Paluan (Occidental Mindoro),Ms,TECTONIC
878,2025-07-12 15:30:18+00:00,8.84,125.68,3,1.9,002 km N 34° W of Sibagat (Agusan Del Sur),Ms,TECTONIC
879,2025-07-12 15:19:17+00:00,5.76,125.65,194,3.1,017 km S 02° E of Jose Abad Santos (Davao Occidental),Ms,TECTONIC
880,2025-07-12 15:00:55+00:00,13.75,120.17,11,1.4,009 km N 67° W of Looc (Occidental Mindoro),Ms,TECTONIC
881,2025-07-12 15:00:06+00:00,13.54,120.24,15,2.1,020 km S 05° W of Looc (Occidental Mindoro),Ms,TECTONIC
882,2025-07-12 14:37:54+00:00,13.49,123.7,15,2.1,021 km N 73° E of Buhi (Camarines Sur),Ms,TECTONIC
883,2025-07-12 14:29:17+00:00,13.62,120.59,86,1.8,024 km S 11° W of Calatagan (Batangas),Ms,TECTONIC
884,2025-07-12 14:19:34+00:00,8.44,126.47,33,2.1,017 km N 60° E of Hinatuan (Surigao Del Sur),Ms,TECTONIC
885,2025-07-12 14:14:42+00:00,8.49,126.7,22,2.5,043 km N 71° E of Hinatuan (Surigao Del Sur),Ms,TECTONIC
886,2025-07-12 11:55:37+00:00,9.92,124.32,4,2.2,006 km N 60° E of Dagohoy (Bohol),Ms,TECTONIC
887,2025-07-12 10:17:53+00:00,11.49,125.82,1,2.5,027 km N 54° E of Hernani (Eastern Samar),Ms,TECTONIC
888,2025-07-12 10:14:03+00:00,11.6,125.84,12,3.3,037 km N 40° E of Hernani (Eastern Samar),Ms,TECTONIC
889,2025-07-12 09:18:08+00:00,7.97,126.92,31,2.2,055 km N 70° E of Cateel (Davao Oriental),Ms,TECTONIC
890,2025-07-12 09:17:05+00:00,6.56,126.34,32,3.6,032 km S 70° E of Governor Generoso (Davao Oriental),Ms,TECTONIC
891,2025-07-12 07:24:51+00:00,7.24,126.76,29,1.5,024 km S 67° E of Caraga (Davao Oriental),Ms,TECTONIC
892,2025-07-12 07:11:14+00:00,7.68,125.82,34,2.1,010 km N 05° W of New Corella (Davao Del Norte),Ms,TECTONIC
893,2025-07-12 06:49:25+00:00,7.91,127.08,26,2.9,068 km N 57° E of Baganga (Davao Oriental),Ms,TECTONIC
894,2025-07-12 04:39:28+00:00,13.58,120.8,32,1.7,012 km S 39° W of Tingloy (Batangas),Ms,TECTONIC
895,2025-07-12 04:35:47+00:00,9.32,126.16,30,1.5,007 km N 35° W of Cortes (Surigao Del Sur),Ms,TECTONIC
896,2025-07-12 02:35:55+00:00,9.64,126.18,38,2.0,016 km S 08° E of General Luna (Surigao Del Norte),Ms,TECTONIC
897,2025-07-12 02:30:30+00:00,13.38,123.14,16,1.7,013 km N 59° W of Balatan (Camarines Sur),Ms,TECTONIC
898,2025-07-12 01:39:26+00:00,17.58,121.39,26,1.8,004 km S 33° W of Pinukpuk (Kalinga),Ms,TECTONIC
899,2025-07-12 01:15:14+00:00,8.22,126.35,24,1.5,003 km N 73° E of City Of Bislig (Surigao Del Sur),Ms,TECTONIC
900,2025-07-11 23:15:53+00:00,9.97,126.21,14,3.1,015 km S 72° E of Burgos (Surigao Del Norte),Ms,TECTONIC
901,2025-07-11 21:31:19+00:00,16.48,120.96,5,3.2,009 km S 54° W of Ambaguio (Nueva Vizcaya),Ms,TECTONIC
902,2025-07-11 21:18:50+00:00,8.75,126.48,14,2.1,021 km S 76° E of Marihatag (Surigao Del Sur),Ms,TECTONIC
903,2025-07-11 21:00:59+00:00,11.13,126.26,14,3.0,059 km N 80° E of Guiuan (Eastern Samar),Ms,TECTONIC
904,2025-07-11 21:00:24+00:00,8.93,126.33,32,1.7,004 km N 76° E of Cagwait (Surigao Del Sur),Ms,TECTONIC
905,2025-07-11 20:44:48+00:00,10.39,126.3,22,1.8,047 km N 31° E of Burgos (Surigao Del Norte),Ms,TECTONIC
906,2025-07-11 20:14:34+00:00,13.54,120.1,33,2.2,025 km S 40° W of Looc (Occidental Mindoro),Ms,TECTONIC
907,2025-07-11 20:04:11+00:00,12.56,123.48,8,2.2,010 km N 12° W of Baleno (Masbate),Ms,TECTONIC
908,2025-07-11 19:37:16+00:00,10.03,125.98,29,1.6,007 km N 78° W of Santa Monica (Surigao Del Norte),Ms,TECTONIC
909,2025-07-11 19:32:37+00:00,13.38,120.16,8,3.4,033 km S 83° W of Paluan (Occidental Mindoro),Ms,TECTONIC
910,2025-07-11 18:22:07+00:00,8.57,126.66,29,1.8,042 km N 57° E of Hinatuan (Surigao Del Sur),Ms,TECTONIC
911,2025-07-11 17:18:52+00:00,5.14,125.53,136,3.0,032 km S 22° E of Balut Island (Municipality Of Sarangani) (Davao Occidental),Ms,TECTONIC
912,2025-07-11 17:11:47+00:00,7.93,126.33,13,1.7,008 km N 42° W of Boston (Davao Oriental),Ms,TECTONIC
913,2025-07-11 16:25:38+00:00,13.6,120.6,88,2.1,022 km N 40° W of Abra De Ilog (Occidental Mindoro),Ms,TECTONIC
914,2025-07-11 16:20:27+00:00,17.17,120.67,2,1.8,004 km N 07° W of Quirino (Ilocos Sur),Ms,TECTONIC
915,2025-07-11 16:16:31+00:00,13.5,120.75,32,1.6,007 km N 24° E of Abra De Ilog (Occidental Mindoro),Ms,TECTONIC
916,2025-07-11 16:00:04+00:00,19.1,121.0,18,2.2,022 km S 87° W of Dalupiri Island (Calayan) (Cagayan),Ms,TECTONIC
917,2025-07-11 15:03:02+00:00,17.51,120.48,19,2.4,006 km S 49° W of San Quintin (Abra),Ms,TECTONIC
918,2025-07-11 15:00:58+00:00,9.68,122.15,8,3.3,033 km S 72° W of City Of Sipalay (Negros Occidental),Ms,TECTONIC
919,2025-07-11 15:00:57+00:00,6.79,125.99,79,1.5,009 km S 71° W of San Isidro (Davao Oriental),Ms,TECTONIC
920,2025-07-11 14:40:45+00:00,18.5,120.84,7,1.6,005 km S 56° E of Dumalneg (Ilocos Norte),Ms,TECTONIC
921,2025-07-11 14:32:58+00:00,6.86,126.29,189,2.7,013 km S 36° E of City Of Mati (Davao Oriental),Ms,TECTONIC
922,2025-07-11 14:05:49+00:00,9.49,123.94,33,1.6,015 km S 31° W of Loay (Bohol),Ms,TECTONIC
923,2025-07-11 14:02:32+00:00,17.57,120.88,2,1.7,002 km S 79° W of Licuan,Ms,TECTONIC
924,2025-07-11 13:34:49+00:00,11.2,125.42,10,3.3,009 km N 21° W of Giporlos (Eastern Samar),Ms,TECTONIC
925,2025-07-11 13:26:16+00:00,17.21,120.7,2,2.0,006 km S 24° W of Tubo (Abra),Ms,TECTONIC
926,2025-07-11 13:00:27+00:00,9.1,126.5,27,1.9,028 km N 59° E of Bayabas (Surigao Del Sur),Ms,TECTONIC
927,2025-07-11 12:54:26+00:00,4.91,127.83,91,3.5,269 km S 77° E of Sarangani Island (Municipality Of Sarangani) (Davao Occidental),Ms,TECTONIC
928,2025-07-11 12:52:37+00:00,18.5,120.52,23,4.3,021 km N 28° W of Pasuquin (Ilocos Norte),Ms,TECTONIC
929,2025-07-11 12:00:32+00:00,7.83,126.96,12,1.9,052 km N 57° E of Baganga (Davao Oriental),Ms,TECTONIC
930,2025-07-11 11:43:48+00:00,17.41,120.68,2,2.2,003 km S 34° W of Manabo (Abra),Ms,TECTONIC
931,2025-07-11 10:48:35+00:00,5.04,125.41,29,2.5,041 km S 02° W of Balut Island (Municipality Of Sarangani) (Davao Occidental),Ms,TECTONIC
932,2025-07-11 09:42:18+00:00,17.06,120.67,14,2.4,007 km S 68° E of Sigay (Ilocos Sur),Ms,TECTONIC
933,2025-07-11 09:14:50+00:00,15.75,121.95,18,3.0,041 km S 88° E of Baler (Aurora),Ms,TECTONIC
934,2025-07-11 08:59:23+00:00,13.31,125.32,15,2.6,088 km N 15° E of Palapag (Northern Samar),Ms,TECTONIC
935,2025-07-11 05:42:12+00:00,6.99,124.9,7,2.3,006 km N 29° E of M'lang (Cotabato),Ms,TECTONIC
936,2025-07-11 05:34:02+00:00,6.97,124.9,3,2.5,003 km N 46° E of M'lang (Cotabato),Ms,TECTONIC
937,2025-07-11 05:17:26+00:00,9.92,124.3,7,2.3,004 km N 47° E of Dagohoy (Bohol),Ms,TECTONIC
938,2025-07-11 05:11:14+00:00,9.45,125.64,21,2.5,007 km N 87° E of Kitcharao (Agusan Del Norte),Ms,TECTONIC
939,2025-07-11 04:51:40+00:00,9.48,125.7,30,2.3,011 km S 22° W of Claver (Surigao Del Norte),Ms,TECTONIC
940,2025-07-11 03:14:37+00:00,9.05,127.23,20,3.8,103 km N 82° E of Cagwait (Surigao Del Sur),Ms,TECTONIC
941,2025-07-11 01:24:40+00:00,15.15,120.0,27,2.2,006 km S 84° W of Cabangan (Zambales),Ms,TECTONIC
942,2025-07-11 00:40:31+00:00,8.65,126.24,26,1.6,011 km S 11° E of San Agustin (Surigao Del Sur),Ms,TECTONIC
943,2025-07-11 00:03:21+00:00,14.55,119.67,15,2.7,063 km S 46° W of San Antonio (Zambales),Ms,TECTONIC
944,2025-07-10 23:34:41+00:00,8.5,126.28,18,1.6,014 km N 70° E of Tagbina (Surigao Del Sur),Ms,TECTONIC
945,2025-07-10 21:22:57+00:00,13.43,122.19,9,1.9,017 km N 43° E of Torrijos (Marinduque),Ms,TECTONIC
946,2025-07-10 20:37:15+00:00,8.07,126.6,34,1.6,021 km N 81° E of Lingig (Surigao Del Sur),Ms,TECTONIC
947,2025-07-10 20:35:30+00:00,9.21,126.42,30,3.0,026 km S 74° E of Cortes (Surigao Del Sur),Ms,TECTONIC
948,2025-07-10 20:27:21+00:00,9.39,125.55,28,2.1,007 km N 33° E of Jabonga (Agusan Del Norte),Ms,TECTONIC
949,2025-07-10 20:07:35+00:00,9.22,125.64,19,3.1,010 km S 60° E of Santiago (Agusan Del Norte),Ms,TECTONIC
950,2025-07-10 19:54:42+00:00,9.7,126.35,34,1.5,023 km S 66° E of General Luna (Surigao Del Norte),Ms,TECTONIC
951,2025-07-10 19:52:39+00:00,14.89,122.58,11,1.9,034 km N 51° E of Jomalig (Quezon),Ms,TECTONIC
952,2025-07-10 19:46:13+00:00,9.46,125.57,9,2.2,000 km S 14° W of Alegria (Surigao Del Norte),Ms,TECTONIC
953,2025-07-10 19:21:55+00:00,6.6,126.41,28,2.6,038 km S 82° E of Governor Generoso (Davao Oriental),Ms,TECTONIC
954,2025-07-10 18:44:35+00:00,8.17,126.27,101,2.2,007 km S 45° W of City Of Bislig (Surigao Del Sur),Ms,TECTONIC
955,2025-07-10 18:32:39+00:00,12.98,124.77,3,2.3,049 km N 20° W of Pambujan (Northern Samar),Ms,TECTONIC
956,2025-07-10 18:28:30+00:00,8.97,126.2,36,1.5,012 km S 18° E of City Of Tandag (Surigao Del Sur),Ms,TECTONIC
957,2025-07-10 18:10:22+00:00,7.9,124.58,6,1.9,023 km S 75° E of Buadiposo-buntong (Lanao Del Sur),Ms,TECTONIC
958,2025-07-10 17:51:51+00:00,5.94,127.06,143,2.5,135 km S 54° E of Governor Generoso (Davao Oriental),Ms,TECTONIC
959,2025-07-10 17:35:55+00:00,9.73,124.8,2,2.5,025 km S 86° E of Anda (Bohol),Ms,TECTONIC
960,2025-07-10 17:14:57+00:00,7.89,124.62,8,2.2,013 km N 32° W of Amai Manabilang (Lanao Del Sur),Ms,TECTONIC
961,2025-07-10 16:51:50+00:00,16.81,121.53,32,1.6,004 km N 10° W of Ramon (Isabela),Ms,TECTONIC
962,2025-07-10 16:40:56+00:00,9.43,125.69,31,2.6,012 km S 81° E of Kitcharao (Agusan Del Norte),Ms,TECTONIC
963,2025-07-10 16:28:32+00:00,10.34,126.66,4,1.8,073 km N 61° E of Burgos (Surigao Del Norte),Ms,TECTONIC
964,2025-07-10 16:15:16+00:00,7.08,126.66,20,2.3,020 km S 41° E of Manay (Davao Oriental),Ms,TECTONIC
965,2025-07-10 15:33:22+00:00,8.28,124.62,5,2.0,008 km S 61° W of Baungon (Bukidnon),Ms,TECTONIC
966,2025-07-10 15:31:23+00:00,10.09,122.25,21,2.5,043 km N 73° W of Cauayan (Negros Occidental),Ms,TECTONIC
967,2025-07-10 15:07:38+00:00,17.83,120.98,5,2.5,018 km N 12° E of Lacub (Abra),Ms,TECTONIC
968,2025-07-10 15:00:08+00:00,8.54,122.71,28,2.8,037 km N 73° W of Jose Dalman (Zamboanga Del Norte),Ms,TECTONIC
969,2025-07-10 14:13:08+00:00,18.64,120.81,9,3.9,009 km N 13° E of Pagudpud (Ilocos Norte),Ms,TECTONIC
970,2025-07-10 14:05:38+00:00,9.5,125.71,33,1.9,008 km S 17° W of Claver (Surigao Del Norte),Ms,TECTONIC
971,2025-07-10 13:37:23+00:00,13.72,120.66,75,1.7,013 km S 12° E of Calatagan (Batangas),Ms,TECTONIC
972,2025-07-10 13:15:36+00:00,4.85,124.27,19,2.8,132 km S 17° W of Kiamba (Sarangani),Ms,TECTONIC
973,2025-07-10 13:15:07+00:00,15.89,119.83,16,3.2,011 km N 46° W of Infanta (Pangasinan),Ms,TECTONIC
974,2025-07-10 13:03:13+00:00,18.65,120.84,10,2.0,011 km N 28° E of Pagudpud (Ilocos Norte),Ms,TECTONIC
975,2025-07-10 13:01:13+00:00,8.14,127.62,32,2.6,133 km N 85° E of Lingig (Surigao Del Sur),Ms,TECTONIC
976,2025-07-10 12:41:45+00:00,10.16,125.97,27,2.3,018 km N 26° W of Santa Monica (Surigao Del Norte),Ms,TECTONIC
977,2025-07-10 11:10:51+00:00,11.49,125.46,34,1.5,005 km S 71° W of Maydolong (Eastern Samar),Ms,TECTONIC
978,2025-07-10 10:59:52+00:00,10.1,125.12,11,3.8,006 km N 45° W of San Francisco (Southern Leyte),Ms,TECTONIC
979,2025-07-10 10:06:05+00:00,8.32,126.77,4,2.5,048 km S 84° E of Hinatuan (Surigao Del Sur),Ms,TECTONIC
980,2025-07-10 08:46:24+00:00,11.21,125.05,31,1.4,008 km S 15° W of Basey (Samar),Ms,TECTONIC
981,2025-07-10 06:41:43+00:00,13.47,120.25,12,2.2,024 km N 75° W of Paluan (Occidental Mindoro),Ms,TECTONIC
982,2025-07-10 06:13:39+00:00,11.17,125.66,41,2.2,002 km N 08° W of Salcedo (Eastern Samar),Ms,TECTONIC
983,2025-07-10 05:04:52+00:00,14.0,120.29,33,1.8,024 km N 49° E of Lubang (Occidental Mindoro),Ms,TECTONIC
984,2025-07-10 04:44:27+00:00,17.27,122.14,33,1.7,017 km S 38° W of Maconacon (Isabela),Ms,TECTONIC
985,2025-07-10 02:51:22+00:00,8.88,126.36,28,2.1,008 km S 57° E of Cagwait (Surigao Del Sur),Ms,TECTONIC
986,2025-07-10 02:15:12+00:00,7.91,126.41,16,2.5,005 km N 42° E of Boston (Davao Oriental),Ms,TECTONIC
987,2025-07-10 02:12:31+00:00,6.73,126.1,10,2.7,009 km N 22° E of Governor Generoso (Davao Oriental),Ms,TECTONIC
988,2025-07-10 01:32:40+00:00,14.99,119.69,8,4.3,043 km N 84° W of San Antonio (Zambales),Ms,TECTONIC
989,2025-07-10 01:24:57+00:00,9.4,126.14,21,1.8,015 km N 20° W of Cortes (Surigao Del Sur),Ms,TECTONIC
990,2025-07-10 00:51:45+00:00,13.32,120.27,33,1.8,024 km S 64° W of Paluan (Occidental Mindoro),Ms,TECTONIC
991,2025-07-10 00:36:20+00:00,15.51,120.63,31,1.5,005 km N 65° E of City Of Tarlac (Tarlac),Ms,TECTONIC
992,2025-07-09 22:52:40+00:00,7.56,126.57,155,3.2,002 km S 27° E of Baganga (Davao Oriental),Ms,TECTONIC
993,2025-07-09 21:28:40+00:00,8.03,126.76,19,1.4,038 km S 89° E of Lingig (Surigao Del Sur),Ms,TECTONIC
994,2025-07-09 21:13:32+00:00,13.43,120.52,35,1.1,006 km N 74° E of Paluan (Occidental Mindoro),Ms,TECTONIC
995,2025-07-09 20:09:41+00:00,8.97,123.9,7,1.7,034 km S 59° E of Lazi (Siquijor),Ms,TECTONIC
996,2025-07-09 20:07:07+00:00,7.37,122.86,23,2.3,007 km N 12° E of Olutanga (Zamboanga Sibugay),Ms,TECTONIC
997,2025-07-09 20:00:43+00:00,10.35,125.08,1,2.5,007 km N 26° E of Libagon (Southern Leyte),Ms,TECTONIC
998,2025-07-09 18:59:39+00:00,13.37,120.16,11,2.4,033 km S 82° W of Paluan (Occidental Mindoro),Ms,TECTONIC
999,2025-07-09 18:55:35+00:00,13.78,120.35,33,1.7,013 km N 58° E of Looc (Occidental Mindoro),Ms,TECTONIC
1000,2025-07-09 18:46:03+00:00,13.44,120.16,13,2.6,033 km S 18° W of Looc (Occidental Mindoro),Ms,TECTONIC
1001,2025-07-09 18:42:42+00:00,6.69,126.37,13,2.2,033 km S 31° E of City Of Mati (Davao Oriental),Ms,TECTONIC
1002,2025-07-09 18:23:03+00:00,18.15,120.71,23,2.5,002 km S 36° W of Piddig (Ilocos Norte),Ms,TECTONIC
1003,2025-07-09 18:22:19+00:00,8.98,126.42,31,2.0,015 km N 64° E of Cagwait (Surigao Del Sur),Ms,TECTONIC
1004,2025-07-09 17:55:20+00:00,5.82,125.34,14,1.6,015 km S 89° E of Glan (Sarangani),Ms,TECTONIC
1005,2025-07-09 17:50:52+00:00,7.84,126.35,13,2.4,005 km S 43° W of Boston (Davao Oriental),Ms,TECTONIC
1006,2025-07-09 17:39:31+00:00,16.02,119.96,28,2.0,006 km S 21° E of Mabini (Pangasinan),Ms,TECTONIC
1007,2025-07-09 17:36:54+00:00,16.3,120.11,18,2.3,017 km N 87° E of Anda (Pangasinan),Ms,TECTONIC
1008,2025-07-09 17:36:07+00:00,10.35,126.56,2,2.8,064 km N 55° E of Burgos (Surigao Del Norte),Ms,TECTONIC
1009,2025-07-09 17:34:57+00:00,13.55,119.99,9,2.8,033 km S 54° W of Looc (Occidental Mindoro),Ms,TECTONIC
1010,2025-07-09 17:19:15+00:00,10.12,126.27,18,2.5,024 km N 61° E of Burgos (Surigao Del Norte),Ms,TECTONIC
1011,2025-07-09 17:17:52+00:00,10.35,126.51,8,2.6,060 km N 52° E of Burgos (Surigao Del Norte),Ms,TECTONIC
1012,2025-07-09 16:11:18+00:00,13.55,120.9,5,2.2,009 km N 46° W of Puerto Galera (Oriental Mindoro),Ms,TECTONIC
1013,2025-07-09 15:57:35+00:00,11.7,124.28,7,2.6,009 km N 74° W of Kawayan (Biliran),Ms,TECTONIC
1014,2025-07-09 15:27:14+00:00,17.09,120.66,11,2.8,005 km N 81° E of Sigay (Ilocos Sur),Ms,TECTONIC
1015,2025-07-09 15:26:03+00:00,10.18,126.06,25,1.7,018 km N 05° W of Burgos (Surigao Del Norte),Ms,TECTONIC
1016,2025-07-09 15:06:08+00:00,15.98,119.77,23,2.6,012 km S 83° W of Dasol (Pangasinan),Ms,TECTONIC
1017,2025-07-09 14:59:41+00:00,2.41,126.18,293,4.5,343 km S 14° E of Balut Island (Municipality Of Sarangani) (Davao Occidental),Ms,TECTONIC
1018,2025-07-09 14:51:28+00:00,16.37,122.3,10,2.0,009 km S 77° E of Dilasag (Aurora),Ms,TECTONIC
1019,2025-07-09 14:49:24+00:00,13.44,120.14,21,2.1,035 km N 86° W of Paluan (Occidental Mindoro),Ms,TECTONIC
1020,2025-07-09 14:44:54+00:00,13.57,120.36,5,2.0,020 km S 37° E of Looc (Occidental Mindoro),Ms,TECTONIC
1021,2025-07-09 14:23:51+00:00,13.69,123.78,13,1.9,005 km S 61° E of Presentacion (Camarines Sur),Ms,TECTONIC
1022,2025-07-09 14:20:00+00:00,14.25,120.43,114,2.2,029 km N 48° W of Nasugbu (Batangas),Ms,TECTONIC
1023,2025-07-09 12:35:16+00:00,10.37,122.77,115,2.6,010 km S 60° W of San Enrique (Negros Occidental),Ms,TECTONIC
1024,2025-07-09 12:03:16+00:00,7.59,126.54,27,2.6,003 km N 60° W of Baganga (Davao Oriental),Ms,TECTONIC
1025,2025-07-09 11:27:08+00:00,6.35,126.41,66,3.1,050 km S 48° E of Governor Generoso (Davao Oriental),Ms,TECTONIC
1026,2025-07-09 11:06:35+00:00,14.1,118.7,28,2.4,156 km N 80° W of Lubang (Occidental Mindoro),Ms,TECTONIC
1027,2025-07-09 11:05:01+00:00,14.51,119.76,18,2.5,058 km S 71° W of Morong (Bataan),Ms,TECTONIC
1028,2025-07-09 10:37:35+00:00,8.75,126.1,50,2.2,013 km N 02° E of Lianga (Surigao Del Sur),Ms,TECTONIC
1029,2025-07-09 08:44:08+00:00,12.96,120.95,24,1.6,023 km N 54° E of Sablayan (Occidental Mindoro),Ms,TECTONIC
1030,2025-07-09 07:35:19+00:00,16.42,120.97,32,1.6,011 km N 51° E of Kayapa (Nueva Vizcaya),Ms,TECTONIC
1031,2025-07-09 07:26:58+00:00,9.11,126.49,25,1.6,028 km N 56° E of Bayabas (Surigao Del Sur),Ms,TECTONIC
1032,2025-07-09 05:46:56+00:00,7.12,123.68,20,2.8,038 km N 80° W of Datu Blah T. Sinsuat (Maguindanao Del Norte),Ms,TECTONIC
1033,2025-07-09 04:20:35+00:00,8.33,125.89,33,1.9,010 km N 60° E of La Paz (Agusan Del Sur),Ms,TECTONIC
1034,2025-07-09 03:16:34+00:00,4.92,126.69,114,2.8,148 km S 65° E of Sarangani Island (Municipality Of Sarangani) (Davao Occidental),Ms,TECTONIC
1035,2025-07-09 02:42:41+00:00,14.11,120.43,74,1.4,022 km N 79° W of Nasugbu (Batangas),Ms,TECTONIC
1036,2025-07-09 02:41:10+00:00,12.09,121.5,31,1.8,018 km N 17° W of Caluya (Antique),Ms,TECTONIC
1037,2025-07-09 01:04:13+00:00,9.4,125.62,23,2.0,007 km S 36° E of Kitcharao (Agusan Del Norte),Ms,TECTONIC
1038,2025-07-08 22:55:30+00:00,5.08,126.15,79,3.4,087 km S 60° E of Sarangani Island (Municipality Of Sarangani) (Davao Occidental),Ms,TECTONIC
1039,2025-07-08 22:48:19+00:00,5.68,126.51,30,2.7,099 km S 75° E of Jose Abad Santos (Davao Occidental),Ms,TECTONIC
1040,2025-07-08 22:25:44+00:00,4.27,125.56,15,3.4,128 km S 07° E of Balut Island (Municipality Of Sarangani) (Davao Occidental),Ms,TECTONIC
1041,2025-07-08 21:39:54+00:00,13.57,120.63,119,2.4,017 km N 37° W of Abra De Ilog (Occidental Mindoro),Ms,TECTONIC
1042,2025-07-08 20:02:59+00:00,18.66,120.98,35,1.5,011 km N 05° W of Santa Praxedes (Cagayan),Ms,TECTONIC
1043,2025-07-08 19:52:09+00:00,8.4,122.74,2,1.8,031 km N 13° E of Liloy (Zamboanga Del Norte),Ms,TECTONIC
1044,2025-07-08 19:30:54+00:00,14.54,119.66,23,2.5,065 km S 46° W of San Antonio (Zambales),Ms,TECTONIC
1045,2025-07-08 18:07:43+00:00,8.93,125.67,10,2.0,012 km N 10° W of Sibagat (Agusan Del Sur),Ms,TECTONIC
1046,2025-07-08 17:55:23+00:00,17.55,120.24,11,1.7,014 km S 70° W of Santa Catalina (Ilocos Sur),Ms,TECTONIC
1047,2025-07-08 17:50:17+00:00,9.22,126.3,31,2.3,014 km S 62° E of Cortes (Surigao Del Sur),Ms,TECTONIC
1048,2025-07-08 17:34:39+00:00,18.5,121.03,21,2.5,008 km S 29° E of Santa Praxedes (Cagayan),Ms,TECTONIC
1049,2025-07-08 17:32:28+00:00,9.7,127.34,35,2.3,130 km S 86° E of General Luna (Surigao Del Norte),Ms,TECTONIC
1050,2025-07-08 17:02:13+00:00,6.34,126.32,28,3.1,044 km S 38° E of Governor Generoso (Davao Oriental),Ms,TECTONIC
1051,2025-07-08 16:10:06+00:00,6.12,126.17,154,3.8,053 km S 81° E of Don Marcelino (Davao Occidental),Ms,TECTONIC
1052,2025-07-08 16:05:59+00:00,9.5,122.42,49,2.3,012 km S 26° W of Hinoba-an (Negros Occidental),Ms,TECTONIC
1053,2025-07-08 15:59:02+00:00,11.66,125.04,31,2.0,005 km N 23° E of Calbiga (Samar),Ms,TECTONIC
1054,2025-07-08 15:32:06+00:00,9.25,126.23,24,1.9,005 km S 59° E of Cortes (Surigao Del Sur),Ms,TECTONIC
1055,2025-07-08 15:24:37+00:00,13.72,120.58,94,1.4,014 km S 23° W of Calatagan (Batangas),Ms,TECTONIC
1056,2025-07-08 14:54:05+00:00,12.26,124.89,34,1.7,009 km S 35° E of Silvino Lobos (Northern Samar),Ms,TECTONIC
1057,2025-07-08 14:18:53+00:00,16.19,122.14,20,2.1,009 km S 10° E of Casiguran (Aurora),Ms,TECTONIC
1058,2025-07-08 12:20:07+00:00,10.06,126.17,17,3.1,011 km N 66° E of Burgos (Surigao Del Norte),Ms,TECTONIC
1059,2025-07-08 12:15:23+00:00,9.67,125.84,11,2.0,015 km N 67° W of Socorro (Surigao Del Norte),Ms,TECTONIC
1060,2025-07-08 11:47:04+00:00,6.06,126.39,28,2.4,074 km S 28° E of Governor Generoso (Davao Oriental),Ms,TECTONIC
1061,2025-07-08 10:32:54+00:00,12.68,121.33,63,2.0,019 km S 65° W of Bongabong (Oriental Mindoro),Ms,TECTONIC
1062,2025-07-08 09:26:54+00:00,10.55,126.03,15,3.2,039 km S 58° E of Homonhon Island (Guiuan) (Eastern Samar),Ms,TECTONIC
1063,2025-07-08 04:14:36+00:00,12.72,126.0,22,3.0,080 km N 42° E of San Policarpo (Eastern Samar),Ms,TECTONIC
1064,2025-07-08 02:25:36+00:00,13.63,120.38,2,2.0,017 km S 54° E of Looc (Occidental Mindoro),Ms,TECTONIC
1065,2025-07-08 02:11:00+00:00,13.37,120.17,9,3.5,033 km S 80° W of Paluan (Occidental Mindoro),unspecified,unspecified
1066,2025-07-08 01:45:29+00:00,8.74,126.5,15,2.5,024 km S 73° E of Marihatag (Surigao Del Sur),Ms,TECTONIC
1067,2025-07-08 01:21:03+00:00,13.77,120.54,198,3.4,012 km S 56° W of Calatagan (Batangas),Ms,TECTONIC
1068,2025-07-08 00:38:14+00:00,12.89,125.96,16,3.9,089 km N 59° E of Mapanas (Northern Samar),Ms,TECTONIC
1069,2025-07-08 00:31:47+00:00,10.04,126.2,18,2.2,014 km N 81° E of Burgos (Surigao Del Norte),Ms,TECTONIC
1070,2025-07-08 00:05:40+00:00,10.28,125.12,2,2.3,002 km N 84° W of Saint Bernard (Southern Leyte),Ms,TECTONIC
1071,2025-07-07 23:09:17+00:00,14.85,119.84,26,2.4,029 km S 69° W of San Antonio (Zambales),Ms,TECTONIC
1072,2025-07-07 23:00:50+00:00,10.03,126.14,16,3.2,007 km N 80° E of Burgos (Surigao Del Norte),Ms,TECTONIC
1073,2025-07-07 21:29:32+00:00,12.34,125.57,14,2.3,019 km N 21° E of San Policarpo (Eastern Samar),Ms,TECTONIC
1074,2025-07-07 21:24:10+00:00,8.76,125.78,4,2.6,006 km N 27° E of City Of Bayugan (Agusan Del Sur),Ms,TECTONIC
1075,2025-07-07 20:38:20+00:00,13.59,120.58,116,3.5,022 km N 45° W of Abra De Ilog (Occidental Mindoro),Ms,TECTONIC
1076,2025-07-07 20:36:32+00:00,11.55,124.38,9,2.1,003 km S 43° W of Naval (Biliran),Ms,TECTONIC
1077,2025-07-07 20:23:49+00:00,18.67,121.0,20,2.3,011 km N 51° W of Claveria (Cagayan),Ms,TECTONIC
1078,2025-07-07 20:17:23+00:00,11.31,126.24,24,2.7,062 km N 68° E of Mercedes (Eastern Samar),Ms,TECTONIC
1079,2025-07-07 19:40:08+00:00,7.12,125.97,24,3.1,008 km S 82° E of Pantukan (Davao De Oro),Ms,TECTONIC
1080,2025-07-07 18:00:37+00:00,13.11,124.35,31,1.8,019 km N 65° E of Prieto Diaz (Sorsogon),Ms,TECTONIC
1081,2025-07-07 17:46:12+00:00,15.46,120.01,27,1.6,010 km S 34° E of Masinloc (Zambales),Ms,TECTONIC
1082,2025-07-07 17:39:08+00:00,9.97,126.17,15,1.9,009 km N 69° E of San Isidro (Surigao Del Norte),Ms,TECTONIC
1083,2025-07-07 17:11:01+00:00,11.54,124.38,2,3.5,004 km S 45° W of Naval (Biliran),Ms,TECTONIC
1084,2025-07-07 17:05:20+00:00,12.21,125.34,25,2.1,008 km S 29° W of Arteche (Eastern Samar),Ms,TECTONIC
1085,2025-07-07 16:51:30+00:00,15.48,121.74,2,2.3,035 km S 42° E of San Luis (Aurora),Ms,TECTONIC
1086,2025-07-07 16:12:35+00:00,9.73,125.98,28,2.3,009 km S 70° W of Dapa (Surigao Del Norte),Ms,TECTONIC
1087,2025-07-07 16:07:19+00:00,11.93,125.66,28,3.2,023 km S 59° E of Dolores (Eastern Samar),Ms,TECTONIC
1088,2025-07-07 16:05:41+00:00,11.16,125.8,22,2.6,012 km N 53° E of Mercedes (Eastern Samar),Ms,TECTONIC
1089,2025-07-07 15:59:14+00:00,13.7,120.6,89,1.5,016 km S 15° W of Calatagan (Batangas),Ms,TECTONIC
1090,2025-07-07 15:45:47+00:00,8.15,126.73,18,1.8,037 km N 70° E of Lingig (Surigao Del Sur),Ms,TECTONIC
1091,2025-07-07 15:31:28+00:00,9.99,122.0,35,2.0,049 km S 10° E of Anini-y (Antique),Ms,TECTONIC
1092,2025-07-07 15:25:45+00:00,6.6,126.73,21,2.7,059 km S 33° E of Tarragona (Davao Oriental),Ms,TECTONIC
1093,2025-07-07 15:19:03+00:00,18.13,120.6,26,2.0,006 km S 70° W of City Of Laoag (Ilocos Norte),Ms,TECTONIC
1094,2025-07-07 15:04:30+00:00,10.25,126.52,4,3.0,055 km N 63° E of Burgos (Surigao Del Norte),Ms,TECTONIC
1095,2025-07-07 14:46:36+00:00,11.88,124.8,71,1.7,006 km S 70° E of Tarangnan (Samar),Ms,TECTONIC
1096,2025-07-07 14:11:56+00:00,18.04,121.49,14,2.5,012 km S 76° W of Lasam (Cagayan),Ms,TECTONIC
1097,2025-07-07 13:56:10+00:00,7.49,126.14,4,2.2,007 km South of New Bataan (Davao De Oro),Ms,TECTONIC
1098,2025-07-07 13:45:56+00:00,11.56,124.39,1,2.5,001 km S 38° W of Naval (Biliran),Ms,TECTONIC
1099,2025-07-07 13:43:49+00:00,11.55,124.39,8,2.5,002 km S 32° W of Naval (Biliran),Ms,TECTONIC
1100,2025-07-07 13:31:53+00:00,7.65,124.75,30,1.6,004 km N 68° E of Wao (Lanao Del Sur),Ms,TECTONIC
1101,2025-07-07 13:32:35+00:00,8.66,125.64,54,2.3,003 km S 18° W of Esperanza (Agusan Del Sur),Ms,TECTONIC
1102,2025-07-07 12:47:55+00:00,12.92,125.86,24,2.2,082 km N 53° E of Mapanas (Northern Samar),Ms,TECTONIC
1103,2025-07-07 11:57:30+00:00,9.99,121.52,31,2.6,058 km N 38° E of Cagayancillo (Palawan),Ms,TECTONIC
1104,2025-07-07 11:51:36+00:00,9.02,126.58,19,2.4,033 km N 80° E of Bayabas (Surigao Del Sur),Ms,TECTONIC
1105,2025-07-07 11:35:58+00:00,11.57,124.35,12,2.3,006 km S 33° W of Almeria (Biliran),Ms,TECTONIC
1106,2025-07-07 11:02:16+00:00,8.61,126.46,21,2.2,028 km S 42° E of Marihatag (Surigao Del Sur),Ms,TECTONIC
1107,2025-07-07 11:00:27+00:00,17.48,121.42,17,3.0,005 km N 82° W of City Of Tabuk (Kalinga),Ms,TECTONIC
1108,2025-07-07 10:46:40+00:00,10.26,125.2,2,3.3,006 km S 73° E of Saint Bernard (Southern Leyte),Ms,TECTONIC
1109,2025-07-07 10:27:55+00:00,8.98,126.64,20,2.4,038 km N 79° E of Cagwait (Surigao Del Sur),Ms,TECTONIC
1110,2025-07-07 10:24:02+00:00,8.33,122.72,33,2.0,024 km N 13° E of Liloy (Zamboanga Del Norte),Ms,TECTONIC
1111,2025-07-07 10:06:58+00:00,8.08,126.31,32,1.6,012 km N 67° W of Lingig (Surigao Del Sur),Ms,TECTONIC
1112,2025-07-07 08:57:52+00:00,11.54,124.39,7,2.7,003 km S 15° W of Naval (Biliran),Ms,TECTONIC
1113,2025-07-07 08:51:48+00:00,17.6,122.64,28,2.2,047 km N 51° E of Divilacan (Isabela),Ms,TECTONIC
1114,2025-07-07 08:48:23+00:00,11.54,124.38,7,4.0,003 km S 36° W of Naval (Biliran),Ms,TECTONIC
1115,2025-07-07 08:35:25+00:00,10.28,125.1,1,2.8,004 km S 88° W of Saint Bernard (Southern Leyte),Ms,TECTONIC
1116,2025-07-07 08:14:02+00:00,8.9,126.55,15,2.9,027 km S 85° E of Cagwait (Surigao Del Sur),Ms,TECTONIC
1117,2025-07-07 07:30:23+00:00,16.06,121.65,21,1.8,019 km S 12° E of Nagtipunan (Quirino),Ms,TECTONIC
1118,2025-07-07 07:05:54+00:00,7.17,126.26,3,1.9,022 km S 44° E of Maragusan (Davao De Oro),Ms,TECTONIC
1119,2025-07-07 02:25:09+00:00,8.35,127.04,21,3.1,078 km S 89° E of Hinatuan (Surigao Del Sur),Ms,TECTONIC
1120,2025-07-07 02:23:20+00:00,7.91,126.41,14,1.7,005 km N 41° E of Boston (Davao Oriental),Ms,TECTONIC
1121,2025-07-07 02:11:13+00:00,10.62,125.38,11,2.0,025 km N 67° E of Silago (Southern Leyte),Ms,TECTONIC
1122,2025-07-07 01:58:42+00:00,12.43,124.78,23,2.1,010 km S 15° E of Mondragon (Northern Samar),Ms,TECTONIC
1123,2025-07-07 01:42:35+00:00,17.47,121.48,33,1.2,001 km S 71° E of City Of Tabuk (Kalinga),Ms,TECTONIC
1124,2025-07-07 01:40:05+00:00,14.3,123.07,54,1.8,022 km N 18° E of Mercedes (Camarines Norte),Ms,TECTONIC
1125,2025-07-07 01:31:07+00:00,8.47,126.52,37,1.6,023 km N 59° E of Hinatuan (Surigao Del Sur),Ms,TECTONIC
1126,2025-07-07 01:14:34+00:00,6.12,126.3,132,3.8,064 km S 23° E of Governor Generoso (Davao Oriental),Ms,TECTONIC
1127,2025-07-07 01:13:54+00:00,10.27,125.1,2,3.5,004 km S 47° W of Saint Bernard (Southern Leyte),Ms,TECTONIC
1128,2025-07-07 00:51:53+00:00,7.41,124.31,28,1.5,006 km N 47° E of Parang (Maguindanao Del Norte),Ms,TECTONIC
1129,2025-07-07 00:47:46+00:00,10.28,125.12,7,2.6,003 km N 78° W of Saint Bernard (Southern Leyte),Ms,TECTONIC
1130,2025-07-07 00:47:27+00:00,13.7,122.71,4,3.9,014 km S 53° W of Ragay (Camarines Sur),Ms,TECTONIC
1131,2025-07-07 00:36:27+00:00,10.11,125.13,26,2.2,005 km S 17° E of Liloan (Southern Leyte),Ms,TECTONIC
1132,2025-07-06 23:47:28+00:00,13.63,120.17,35,1.8,014 km S 42° W of Looc (Occidental Mindoro),Ms,TECTONIC
1133,2025-07-06 23:21:43+00:00,20.15,121.33,29,3.2,060 km S 70° W of Sabtang (Batanes),Ms,TECTONIC
1134,2025-07-06 22:07:59+00:00,8.5,126.27,28,2.0,013 km N 68° E of Tagbina (Surigao Del Sur),Ms,TECTONIC
1135,2025-07-06 22:03:04+00:00,6.47,127.06,37,1.8,093 km S 46° E of Tarragona (Davao Oriental),Ms,TECTONIC
1136,2025-07-06 21:59:01+00:00,10.62,122.5,29,2.4,011 km S 45° W of City Of Iloilo,Ms,TECTONIC
1137,2025-07-06 21:55:56+00:00,9.89,124.14,33,1.5,006 km S 71° E of Sagbayan (Bohol),Ms,TECTONIC
1138,2025-07-06 21:49:30+00:00,6.98,125.8,38,2.4,019 km S 33° W of Pantukan (Davao De Oro),Ms,TECTONIC
1139,2025-07-06 20:45:52+00:00,6.64,126.52,26,2.3,046 km S 10° E of Tarragona (Davao Oriental),Ms,TECTONIC
1140,2025-07-06 20:12:51+00:00,5.92,126.52,45,2.5,095 km S 31° E of Governor Generoso (Davao Oriental),Ms,TECTONIC
1141,2025-07-06 20:11:45+00:00,9.73,123.64,5,2.3,012 km S 74° E of Dalaguete (Cebu),Ms,TECTONIC
1142,2025-07-06 19:55:32+00:00,8.58,122.24,39,2.0,065 km N 29° W of Labason (Zamboanga Del Norte),Ms,TECTONIC
1143,2025-07-06 19:35:51+00:00,17.84,120.78,7,2.1,013 km N 18° W of Tineg (Abra),Ms,TECTONIC
1144,2025-07-06 19:22:06+00:00,7.7,126.19,2,1.9,011 km N 73° E of Compostela (Davao De Oro),Ms,TECTONIC
1145,2025-07-06 18:57:15+00:00,8.63,125.67,40,2.0,006 km S 31° E of Esperanza (Agusan Del Sur),Ms,TECTONIC
1146,2025-07-06 18:44:30+00:00,7.64,124.76,1,2.0,004 km East of Wao (Lanao Del Sur),Ms,TECTONIC
1147,2025-07-06 18:37:23+00:00,7.94,126.51,34,1.9,015 km S 44° E of Lingig (Surigao Del Sur),Ms,TECTONIC
1148,2025-07-06 18:22:51+00:00,11.82,124.13,5,2.1,011 km S 51° E of Pio V. Corpus (Masbate),Ms,TECTONIC
1149,2025-07-06 18:06:45+00:00,10.15,124.86,32,1.6,003 km N 45° E of City Of Maasin (Southern Leyte),Ms,TECTONIC
1150,2025-07-06 18:04:02+00:00,11.86,124.12,4,2.1,008 km S 73° E of Pio V. Corpus (Masbate),Ms,TECTONIC
1151,2025-07-06 17:53:29+00:00,10.3,125.11,10,2.1,004 km N 61° W of Saint Bernard (Southern Leyte),Ms,TECTONIC
1152,2025-07-06 17:43:53+00:00,18.9,120.73,2,2.2,038 km N 09° W of Pagudpud (Ilocos Norte),Ms,TECTONIC
1153,2025-07-06 17:29:40+00:00,6.97,126.01,31,2.4,001 km N 18° W of Banaybanay (Davao Oriental),Ms,TECTONIC
1154,2025-07-06 17:23:24+00:00,6.37,124.12,34,1.8,019 km N 22° W of Palimbang (Sultan Kudarat),Ms,TECTONIC
1155,2025-07-06 17:16:17+00:00,8.75,126.47,23,1.5,019 km S 73° E of Marihatag (Surigao Del Sur),Ms,TECTONIC
1156,2025-07-06 17:15:00+00:00,11.31,124.58,4,2.5,007 km N 74° W of Capoocan (Leyte),Ms,TECTONIC
1157,2025-07-06 17:12:18+00:00,10.17,124.96,33,1.6,005 km N 75° W of Malitbog (Southern Leyte),Ms,TECTONIC
1158,2025-07-06 17:11:18+00:00,7.97,125.73,23,2.3,018 km N 24° W of Laak (Davao De Oro),Ms,TECTONIC
1159,2025-07-06 16:48:10+00:00,16.22,120.76,6,4.0,017 km N 02° W of San Nicolas (Pangasinan),Ms,TECTONIC
1160,2025-07-06 16:41:22+00:00,9.77,124.67,28,2.1,011 km N 75° E of Anda (Bohol),Ms,TECTONIC
1161,2025-07-06 16:06:09+00:00,10.25,126.28,21,2.3,034 km N 41° E of Burgos (Surigao Del Norte),Ms,TECTONIC
1162,2025-07-06 15:57:54+00:00,13.42,120.09,20,2.2,041 km N 90° W of Paluan (Occidental Mindoro),Ms,TECTONIC
1163,2025-07-06 15:57:17+00:00,13.4,120.1,22,2.2,033 km S 84° W of Paluan (Occidental Mindoro),Ms,TECTONIC
1164,2025-07-06 15:54:12+00:00,7.74,124.15,10,2.2,006 km S 13° W of Binidayan (Lanao Del Sur),Ms,TECTONIC
1165,2025-07-06 15:20:14+00:00,9.59,126.86,6,3.1,080 km S 74° E of General Luna (Surigao Del Norte),Ms,TECTONIC
1166,2025-07-06 14:15:27+00:00,7.88,126.26,5,2.1,013 km N 86° W of Boston (Davao Oriental),Ms,TECTONIC
1167,2025-07-06 13:25:19+00:00,5.68,126.8,15,3.9,130 km S 78° E of Jose Abad Santos (Davao Occidental),Ms,TECTONIC
1168,2025-07-06 13:22:08+00:00,6.34,126.22,26,2.6,038 km S 26° E of Governor Generoso (Davao Oriental),Ms,TECTONIC
1169,2025-07-06 13:11:29+00:00,9.59,126.18,33,1.5,021 km S 08° E of General Luna (Surigao Del Norte),Ms,TECTONIC
1170,2025-07-06 13:08:53+00:00,3.34,122.88,549,4.7,325 km S 22° E of Banguingui (Sulu),Ms,TECTONIC
1171,2025-07-06 10:58:36+00:00,17.46,121.44,10,4.0,003 km S 74° W of City Of Tabuk (Kalinga),Ms,TECTONIC
1172,2025-07-06 09:35:14+00:00,6.02,124.11,2,3.0,022 km S 22° W of Palimbang (Sultan Kudarat),Ms,TECTONIC
1173,2025-07-06 08:54:47+00:00,12.56,123.28,28,2.0,014 km N 65° W of Aroroy (Masbate),Ms,TECTONIC
1174,2025-07-06 04:41:29+00:00,16.1,121.87,20,2.5,010 km S 66° W of Dinalungan (Aurora),Ms,TECTONIC
1175,2025-07-06 04:24:31+00:00,5.58,126.57,86,3.4,109 km S 70° E of Jose Abad Santos (Davao Occidental),Ms,TECTONIC
1176,2025-07-06 04:13:57+00:00,13.91,120.57,95,2.3,011 km N 39° W of Calatagan (Batangas),Ms,TECTONIC
1177,2025-07-06 03:26:57+00:00,8.92,126.64,14,2.7,037 km N 90° E of Cagwait (Surigao Del Sur),Ms,TECTONIC
1178,2025-07-06 02:18:19+00:00,13.95,120.49,150,2.9,020 km N 50° W of Calatagan (Batangas),Ms,TECTONIC
1179,2025-07-06 00:52:53+00:00,5.17,125.98,108,4.2,066 km S 60° E of Sarangani Island (Municipality Of Sarangani) (Davao Occidental),Ms,TECTONIC
1180,2025-07-06 00:38:40+00:00,9.06,126.29,47,2.4,014 km S 84° E of City Of Tandag (Surigao Del Sur),Ms,TECTONIC
1181,2025-07-05 23:33:16+00:00,8.77,126.3,78,2.5,003 km S 06° W of Marihatag (Surigao Del Sur),Ms,TECTONIC
1182,2025-07-05 22:46:11+00:00,9.25,125.61,8,3.7,006 km S 73° E of Santiago (Agusan Del Norte),Ms,TECTONIC
1183,2025-07-05 22:32:55+00:00,6.17,125.86,133,2.0,018 km S 82° E of Don Marcelino (Davao Occidental),Ms,TECTONIC
1184,2025-07-05 22:24:07+00:00,8.01,126.46,35,1.4,006 km S 57° E of Lingig (Surigao Del Sur),Ms,TECTONIC
1185,2025-07-05 21:48:52+00:00,9.21,122.44,26,1.8,031 km S 45° W of Basay (Negros Oriental),Ms,TECTONIC
1186,2025-07-05 21:30:25+00:00,8.03,126.45,53,1.7,004 km S 79° E of Lingig (Surigao Del Sur),Ms,TECTONIC
1187,2025-07-05 21:14:30+00:00,9.82,125.85,82,1.4,014 km S 69° W of Del Carmen (Surigao Del Norte),Ms,TECTONIC
1188,2025-07-05 21:05:24+00:00,11.21,126.21,2,2.9,056 km N 78° E of Mercedes (Eastern Samar),Ms,TECTONIC
1189,2025-07-05 21:03:01+00:00,5.65,125.83,141,2.2,036 km S 34° E of Jose Abad Santos (Davao Occidental),Ms,TECTONIC
1190,2025-07-05 21:02:26+00:00,7.91,126.41,22,1.9,005 km N 37° E of Boston (Davao Oriental),Ms,TECTONIC
1191,2025-07-05 20:27:21+00:00,13.13,124.14,7,2.5,006 km S 15° E of Rapu-rapu (Albay),Ms,TECTONIC
1192,2025-07-05 20:09:37+00:00,8.93,125.66,7,3.2,013 km N 16° W of Sibagat (Agusan Del Sur),Ms,TECTONIC
1193,2025-07-05 20:04:41+00:00,8.32,122.65,23,1.8,022 km N 06° W of Liloy (Zamboanga Del Norte),Ms,TECTONIC
1194,2025-07-05 19:35:58+00:00,8.69,126.25,33,1.4,007 km S 30° E of San Agustin (Surigao Del Sur),Ms,TECTONIC
1195,2025-07-05 19:25:58+00:00,17.02,121.36,22,1.6,006 km N 42° E of Aguinaldo (Ifugao),Ms,TECTONIC
1196,2025-07-05 19:02:51+00:00,15.52,119.89,33,1.4,007 km S 74° W of Masinloc (Zambales),Ms,TECTONIC
1197,2025-07-05 18:40:40+00:00,5.58,125.01,20,1.9,031 km S 04° E of Maasim (Sarangani),Ms,TECTONIC
1198,2025-07-05 18:12:42+00:00,6.1,126.23,28,3.0,061 km S 80° E of Don Marcelino (Davao Occidental),Ms,TECTONIC
1199,2025-07-05 17:51:14+00:00,17.81,120.54,6,2.9,009 km N 82° E of Cabugao (Ilocos Sur),Ms,TECTONIC
1200,2025-07-05 17:21:04+00:00,8.75,122.38,36,2.5,077 km N 25° W of Liloy (Zamboanga Del Norte),Ms,TECTONIC
1201,2025-07-05 16:59:24+00:00,13.76,120.6,95,1.3,009 km S 21° W of Calatagan (Batangas),Ms,TECTONIC
1202,2025-07-05 16:57:36+00:00,11.74,124.23,7,1.6,021 km N 52° W of Almeria (Biliran),Ms,TECTONIC
1203,2025-07-05 16:42:47+00:00,7.45,127.27,8,3.7,078 km N 81° E of Caraga (Davao Oriental),Ms,TECTONIC
1204,2025-07-05 16:41:17+00:00,9.73,125.72,33,1.9,016 km N 10° E of Gigaquit (Surigao Del Norte),Ms,TECTONIC
1205,2025-07-05 16:11:09+00:00,6.13,125.79,133,3.5,012 km S 54° E of Don Marcelino (Davao Occidental),Ms,TECTONIC
1206,2025-07-05 16:02:52+00:00,9.07,126.63,23,2.0,040 km N 74° E of Bayabas (Surigao Del Sur),Ms,TECTONIC
1207,2025-07-05 16:00:59+00:00,8.96,126.39,25,1.6,010 km N 66° E of Cagwait (Surigao Del Sur),Ms,TECTONIC
1208,2025-07-05 14:54:38+00:00,7.92,126.64,23,1.8,025 km N 56° E of Cateel (Davao Oriental),Ms,TECTONIC
1209,2025-07-05 14:41:09+00:00,6.55,127.33,32,2.3,112 km S 61° E of Tarragona (Davao Oriental),Ms,TECTONIC
1210,2025-07-05 14:35:20+00:00,13.53,120.75,34,1.0,010 km N 18° E of Abra De Ilog (Occidental Mindoro),Ms,TECTONIC
1211,2025-07-05 14:15:34+00:00,6.02,126.27,74,2.2,067 km S 73° E of Don Marcelino (Davao Occidental),Ms,TECTONIC
1212,2025-07-05 14:09:37+00:00,15.1,120.22,33,1.6,016 km N 28° E of San Marcelino (Zambales),Ms,TECTONIC
1213,2025-07-05 14:03:30+00:00,7.81,126.42,16,1.6,005 km N 60° W of Cateel (Davao Oriental),Ms,TECTONIC
1214,2025-07-05 13:24:14+00:00,13.48,121.3,19,2.0,017 km N 47° E of City Of Calapan (Oriental Mindoro),Ms,TECTONIC
1215,2025-07-05 13:03:19+00:00,8.9,126.32,21,1.9,002 km S 43° E of Cagwait (Surigao Del Sur),Ms,TECTONIC
1216,2025-07-05 12:56:39+00:00,9.07,126.28,26,1.5,008 km N 45° E of Tago (Surigao Del Sur),Ms,TECTONIC
1217,2025-07-05 12:35:33+00:00,9.54,125.76,25,1.6,004 km S 44° E of Claver (Surigao Del Norte),Ms,TECTONIC
1218,2025-07-05 12:02:12+00:00,8.25,126.27,94,2.2,007 km N 51° W of City Of Bislig (Surigao Del Sur),Ms,TECTONIC
1219,2025-07-05 10:45:11+00:00,7.86,126.39,1,2.1,001 km S 61° E of Boston (Davao Oriental),Ms,TECTONIC
1220,2025-07-05 10:40:32+00:00,13.64,120.27,32,1.4,009 km S 16° E of Looc (Occidental Mindoro),Ms,TECTONIC
1221,2025-07-05 10:37:51+00:00,17.11,121.6,15,2.7,002 km S 67° W of Roxas (Isabela),Ms,TECTONIC
1222,2025-07-05 09:44:20+00:00,13.17,122.48,5,2.9,020 km S 12° W of San Francisco (Quezon),Ms,TECTONIC
1223,2025-07-05 09:37:44+00:00,13.01,124.43,33,2.6,026 km S 83° E of Prieto Diaz (Sorsogon),Ms,TECTONIC
1224,2025-07-05 09:30:54+00:00,7.79,126.97,17,2.6,051 km N 62° E of Baganga (Davao Oriental),Ms,TECTONIC
1225,2025-07-05 09:02:33+00:00,11.89,125.58,20,2.1,016 km N 60° E of Sulat (Eastern Samar),Ms,TECTONIC
1226,2025-07-05 08:01:29+00:00,13.56,120.63,108,3.0,016 km N 39° W of Abra De Ilog (Occidental Mindoro),Ms,TECTONIC
1227,2025-07-05 05:09:15+00:00,9.47,126.48,20,2.5,038 km N 56° E of Cortes (Surigao Del Sur),Ms,TECTONIC
1228,2025-07-05 03:17:15+00:00,9.41,126.29,22,2.0,019 km N 36° E of Cortes (Surigao Del Sur),Ms,TECTONIC
1229,2025-07-05 03:04:32+00:00,9.42,126.4,11,3.0,028 km N 55° E of Cortes (Surigao Del Sur),Ms,TECTONIC
1230,2025-07-05 02:31:50+00:00,5.95,124.25,8,2.3,030 km S 65° W of Maitum (Sarangani),Ms,TECTONIC
1231,2025-07-05 01:29:22+00:00,8.97,125.81,49,2.1,021 km N 37° E of Sibagat (Agusan Del Sur),Ms,TECTONIC
1232,2025-07-05 01:04:17+00:00,13.13,120.37,17,1.8,027 km S 66° W of Mamburao (Occidental Mindoro),Ms,TECTONIC
1233,2025-07-05 00:35:06+00:00,6.79,123.56,35,2.1,058 km N 73° W of Lebak (Sultan Kudarat),Ms,TECTONIC
1234,2025-07-05 00:10:58+00:00,10.0,123.15,18,2.1,006 km N 72° W of Jimalalud (Negros Oriental),Ms,TECTONIC
1235,2025-07-04 23:19:54+00:00,13.46,120.17,26,2.1,031 km S 17° W of Looc (Occidental Mindoro),Ms,TECTONIC
1236,2025-07-04 22:39:10+00:00,11.86,124.11,2,3.0,008 km S 66° E of Pio V. Corpus (Masbate),Ms,TECTONIC
1237,2025-07-04 21:39:00+00:00,10.8,125.73,32,2.3,006 km N 05° E of Homonhon Island (Guiuan) (Eastern Samar),Ms,TECTONIC
1238,2025-07-04 21:13:08+00:00,9.88,125.41,9,3.1,012 km N 08° W of San Francisco (Surigao Del Norte),Ms,TECTONIC
1239,2025-07-04 20:20:14+00:00,17.4,119.7,3,3.1,074 km S 73° W of Santa Catalina (Ilocos Sur),Ms,TECTONIC
1240,2025-07-04 20:18:39+00:00,9.68,122.32,14,2.2,016 km S 51° W of City Of Sipalay (Negros Occidental),Ms,TECTONIC
1241,2025-07-04 20:09:18+00:00,14.7,121.87,32,1.5,008 km S 77° W of Polillo (Quezon),Ms,TECTONIC
1242,2025-07-04 19:21:36+00:00,14.92,121.84,2,2.6,003 km S 53° E of Panukulan (Quezon),Ms,TECTONIC
1243,2025-07-04 18:54:32+00:00,8.39,125.8,55,2.1,007 km S 13° E of Talacogon (Agusan Del Sur),Ms,TECTONIC
1244,2025-07-04 18:23:14+00:00,13.71,120.12,23,1.7,014 km S 88° W of Looc (Occidental Mindoro),Ms,TECTONIC
1245,2025-07-04 18:09:48+00:00,6.53,123.87,32,1.8,020 km S 82° W of Kalamansig (Sultan Kudarat),Ms,TECTONIC
1246,2025-07-04 18:07:48+00:00,13.97,120.44,85,2.8,026 km N 55° W of Calatagan (Batangas),Ms,TECTONIC
1247,2025-07-04 16:47:42+00:00,11.14,121.0,18,2.4,006 km S 78° E of Agutaya (Palawan),Ms,TECTONIC
1248,2025-07-04 16:12:57+00:00,6.16,123.98,27,2.3,024 km S 75° W of Palimbang (Sultan Kudarat),Ms,TECTONIC
1249,2025-07-04 16:08:23+00:00,7.55,126.1,3,2.3,004 km S 88° W of New Bataan (Davao De Oro),Ms,TECTONIC
1250,2025-07-04 15:08:39+00:00,17.92,120.75,2,1.8,010 km N 85° E of Nueva Era (Ilocos Norte),Ms,TECTONIC
1251,2025-07-04 14:55:57+00:00,18.38,120.93,14,1.9,009 km S 18° E of Adams (Ilocos Norte),Ms,TECTONIC
1252,2025-07-04 14:24:22+00:00,5.69,126.63,118,4.7,112 km S 77° E of Jose Abad Santos (Davao Occidental),Mw,TECTONIC
1253,2025-07-04 14:05:10+00:00,13.69,120.66,103,1.7,017 km S 11° E of Calatagan (Batangas),Ms,TECTONIC
1254,2025-07-04 13:28:55+00:00,15.19,123.55,15,2.8,102 km N 39° E of Tinaga Island (Vinzons) (Camarines Norte),Ms,TECTONIC
1255,2025-07-04 13:18:01+00:00,13.69,120.34,3,1.7,011 km S 72° E of Looc (Occidental Mindoro),Ms,TECTONIC
1256,2025-07-04 12:59:58+00:00,9.86,125.47,26,1.7,008 km N 21° W of City Of Surigao (Surigao Del Norte),Ms,TECTONIC
1257,2025-07-04 12:54:41+00:00,10.35,126.29,4,2.7,044 km N 33° E of Burgos (Surigao Del Norte),Ms,TECTONIC
1258,2025-07-04 12:07:54+00:00,10.08,125.84,13,2.9,023 km N 53° W of San Benito (Surigao Del Norte),Ms,TECTONIC
1259,2025-07-04 11:54:22+00:00,6.67,126.48,14,2.3,042 km S 43° E of City Of Mati (Davao Oriental),Ms,TECTONIC
1260,2025-07-04 10:34:51+00:00,13.66,120.51,99,2.3,023 km S 35° W of Calatagan (Batangas),Ms,TECTONIC
1261,2025-07-04 09:48:17+00:00,10.09,124.04,11,1.8,007 km N 19° W of Inabanga (Bohol),Ms,TECTONIC
1262,2025-07-04 08:46:44+00:00,16.41,120.95,31,2.2,009 km N 55° E of Kayapa (Nueva Vizcaya),Ms,TECTONIC
1263,2025-07-04 08:45:40+00:00,10.11,122.08,4,2.7,039 km S 25° E of Anini-y (Antique),Ms,TECTONIC
1264,2025-07-04 08:25:04+00:00,16.56,120.86,16,2.0,007 km S 14° E of Kabayan (Benguet),Ms,TECTONIC
1265,2025-07-04 08:06:50+00:00,18.55,120.85,11,3.4,006 km S 76° E of Pagudpud (Ilocos Norte),Ms,TECTONIC
1266,2025-07-04 07:23:07+00:00,10.92,124.86,2,2.5,006 km S 31° W of Burauen (Leyte),Ms,TECTONIC
1267,2025-07-04 05:59:27+00:00,8.94,125.68,10,1.9,013 km N 07° W of Sibagat (Agusan Del Sur),Ms,TECTONIC
1268,2025-07-04 04:44:30+00:00,9.0,126.05,26,2.1,006 km N 14° E of San Miguel (Surigao Del Sur),Ms,TECTONIC
1269,2025-07-04 04:42:12+00:00,8.04,122.1,29,2.6,026 km N 10° W of Baliguian (Zamboanga Del Norte),Ms,TECTONIC
1270,2025-07-04 04:01:51+00:00,9.82,125.52,27,2.6,004 km N 46° E of City Of Surigao (Surigao Del Norte),Ms,TECTONIC
1271,2025-07-04 03:17:26+00:00,18.09,120.16,12,2.1,035 km N 77° W of Currimao (Ilocos Norte),Ms,TECTONIC
1272,2025-07-04 02:45:46+00:00,12.61,123.54,3,1.8,014 km S 76° W of Monreal (Masbate),Ms,TECTONIC
1273,2025-07-04 02:33:54+00:00,5.05,126.23,96,4.1,096 km S 61° E of Sarangani Island (Municipality Of Sarangani) (Davao Occidental),Ms,TECTONIC
1274,2025-07-04 01:49:05+00:00,13.41,120.26,8,2.0,022 km S 89° W of Paluan (Occidental Mindoro),Ms,TECTONIC
1275,2025-07-04 00:40:48+00:00,18.44,120.88,3,2.6,003 km S 48° W of Adams (Ilocos Norte),Ms,TECTONIC
1276,2025-07-04 00:33:54+00:00,9.99,126.25,19,2.2,019 km N 70° E of San Isidro (Surigao Del Norte),Ms,TECTONIC
1277,2025-07-04 00:25:30+00:00,8.94,126.03,33,1.5,001 km S 57° W of San Miguel (Surigao Del Sur),Ms,TECTONIC
1278,2025-07-04 00:18:13+00:00,8.46,122.73,33,1.7,033 km N 86° W of Jose Dalman (Zamboanga Del Norte),Ms,TECTONIC
1279,2025-07-03 23:50:42+00:00,8.66,126.54,24,3.6,031 km S 60° E of Marihatag (Surigao Del Sur),Ms,TECTONIC
1280,2025-07-03 22:06:04+00:00,9.02,126.74,13,3.0,050 km N 77° E of Cagwait (Surigao Del Sur),Ms,TECTONIC
1281,2025-07-03 21:17:49+00:00,6.74,125.95,34,1.9,017 km N 54° W of Governor Generoso (Davao Oriental),Ms,TECTONIC
1282,2025-07-03 21:15:59+00:00,9.94,126.18,9,2.7,012 km N 43° E of Pilar (Surigao Del Norte),Ms,TECTONIC
1283,2025-07-03 20:49:50+00:00,13.76,120.56,168,2.3,012 km S 45° W of Calatagan (Batangas),Ms,TECTONIC
1284,2025-07-03 19:49:29+00:00,15.04,119.89,18,3.2,020 km S 85° W of San Felipe (Zambales),Ms,TECTONIC
1285,2025-07-03 19:29:47+00:00,10.94,124.54,19,2.1,004 km N 09° E of Merida (Leyte),Ms,TECTONIC
1286,2025-07-03 18:23:28+00:00,12.15,125.11,30,2.1,015 km S 86° W of Maslog (Eastern Samar),Ms,TECTONIC
1287,2025-07-03 18:21:51+00:00,13.96,120.07,5,2.2,013 km N 27° W of Lubang (Occidental Mindoro),Ms,TECTONIC
1288,2025-07-03 17:58:12+00:00,19.12,120.98,10,4.0,023 km N 87° W of Dalupiri Island (Calayan) (Cagayan),Ms,TECTONIC
1289,2025-07-03 17:33:35+00:00,8.24,125.88,18,2.1,009 km S 60° E of La Paz (Agusan Del Sur),Ms,TECTONIC
1290,2025-07-03 17:32:53+00:00,9.38,126.15,33,1.4,013 km N 21° W of Cortes (Surigao Del Sur),Ms,TECTONIC
1291,2025-07-03 17:22:05+00:00,8.22,126.39,110,1.6,009 km N 86° E of City Of Bislig (Surigao Del Sur),Ms,TECTONIC
1292,2025-07-03 17:18:42+00:00,6.08,126.08,138,3.1,045 km S 74° E of Don Marcelino (Davao Occidental),Ms,TECTONIC
1293,2025-07-03 17:07:13+00:00,9.46,122.39,22,2.8,018 km S 28° W of Hinoba-an (Negros Occidental),Ms,TECTONIC
1294,2025-07-03 16:54:52+00:00,7.85,126.25,123,2.3,014 km S 81° W of Boston (Davao Oriental),Ms,TECTONIC
1295,2025-07-03 16:40:17+00:00,8.72,126.34,12,2.0,010 km S 27° E of Marihatag (Surigao Del Sur),Ms,TECTONIC
1296,2025-07-03 16:28:06+00:00,10.8,124.15,34,1.8,014 km S 71° E of Borbon (Cebu),Ms,TECTONIC
1297,2025-07-03 15:41:50+00:00,8.4,124.64,19,1.5,007 km N 57° W of Libona (Bukidnon),Ms,TECTONIC
1298,2025-07-03 15:03:19+00:00,13.83,119.72,6,3.4,044 km S 86° W of Lubang (Occidental Mindoro),Ms,TECTONIC
1299,2025-07-03 13:57:07+00:00,5.78,126.84,66,2.5,129 km S 41° E of Governor Generoso (Davao Oriental),Ms,TECTONIC
1300,2025-07-03 13:40:19+00:00,8.46,122.55,23,2.5,039 km N 20° W of Liloy (Zamboanga Del Norte),Ms,TECTONIC
1301,2025-07-03 13:24:10+00:00,9.99,123.25,6,2.3,005 km S 21° E of La Libertad (Negros Oriental),Ms,TECTONIC
1302,2025-07-03 13:20:21+00:00,10.28,125.26,29,1.6,001 km North of Anahawan (Southern Leyte),Ms,TECTONIC
1303,2025-07-03 12:20:38+00:00,12.05,125.27,33,2.2,013 km S 12° E of Maslog (Eastern Samar),Ms,TECTONIC
1304,2025-07-03 11:02:09+00:00,9.18,126.29,19,3.4,016 km S 46° E of Cortes (Surigao Del Sur),Ms,TECTONIC
1305,2025-07-03 09:41:33+00:00,15.84,120.54,147,3.0,002 km S 65° E of Alcala (Pangasinan),Ms,TECTONIC
1306,2025-07-03 09:23:53+00:00,9.58,126.22,34,2.3,023 km S 18° E of General Luna (Surigao Del Norte),Ms,TECTONIC
1307,2025-07-03 09:10:18+00:00,14.04,120.58,104,2.0,007 km S 53° W of Nasugbu (Batangas),Ms,TECTONIC
1308,2025-07-03 08:47:49+00:00,6.97,126.04,51,2.7,004 km N 78° E of Banaybanay (Davao Oriental),Ms,TECTONIC
1309,2025-07-03 07:58:15+00:00,16.74,122.6,16,2.5,040 km S 26° E of Palanan (Isabela),Ms,TECTONIC
1310,2025-07-03 06:19:53+00:00,9.98,126.4,34,2.0,035 km N 51° E of General Luna (Surigao Del Norte),Ms,TECTONIC
1311,2025-07-03 05:27:00+00:00,13.62,120.7,13,1.7,020 km N 07° W of Abra De Ilog (Occidental Mindoro),unspecified,unspecified
1312,2025-07-03 05:23:43+00:00,8.53,126.39,9,2.3,020 km N 19° E of Hinatuan (Surigao Del Sur),Ms,TECTONIC
1313,2025-07-03 05:09:25+00:00,8.57,125.75,3,2.0,008 km N 13° E of San Luis (Agusan Del Sur),Ms,TECTONIC
1314,2025-07-03 04:51:13+00:00,8.6,125.95,8,3.2,003 km East of Prosperidad (Agusan Del Sur),Ms,TECTONIC
1315,2025-07-03 04:23:51+00:00,5.91,126.0,148,2.5,039 km N 90° E of Jose Abad Santos (Davao Occidental),Ms,TECTONIC
1316,2025-07-03 03:28:05+00:00,7.99,127.24,17,3.3,088 km N 58° E of Baganga (Davao Oriental),Ms,TECTONIC
1317,2025-07-03 00:10:16+00:00,8.12,126.68,19,1.5,031 km N 74° E of Lingig (Surigao Del Sur),Ms,TECTONIC
1318,2025-07-02 23:40:14+00:00,6.01,125.62,31,2.5,011 km N 16° W of Jose Abad Santos (Davao Occidental),Ms,TECTONIC
1319,2025-07-02 23:39:15+00:00,17.11,121.57,33,2.0,005 km S 83° W of Roxas (Isabela),Ms,TECTONIC
1320,2025-07-02 23:02:01+00:00,18.12,119.66,15,1.5,088 km N 83° W of Currimao (Ilocos Norte),Ms,TECTONIC
1321,2025-07-02 22:59:22+00:00,7.79,126.75,19,3.8,031 km N 42° E of Baganga (Davao Oriental),Ms,TECTONIC
1322,2025-07-02 21:15:31+00:00,13.95,120.43,104,3.2,026 km N 60° W of Calatagan (Batangas),Ms,TECTONIC
1323,2025-07-02 21:13:40+00:00,17.19,120.54,13,1.7,005 km N 09° E of Salcedo (Ilocos Sur),Ms,TECTONIC
1324,2025-07-02 20:58:05+00:00,12.75,119.8,29,2.0,070 km N 12° W of Busuanga (Palawan),Ms,TECTONIC
1325,2025-07-02 20:50:25+00:00,9.02,126.3,21,1.4,006 km N 19° E of Bayabas (Surigao Del Sur),Ms,TECTONIC
1326,2025-07-02 20:47:13+00:00,8.97,126.53,15,2.6,026 km N 76° E of Cagwait (Surigao Del Sur),Ms,TECTONIC
1327,2025-07-02 20:01:23+00:00,9.79,125.4,2,3.4,003 km N 63° W of San Francisco (Surigao Del Norte),Ms,TECTONIC
1328,2025-07-02 19:03:30+00:00,8.78,126.62,27,1.9,036 km S 86° E of Marihatag (Surigao Del Sur),Ms,TECTONIC
1329,2025-07-02 18:27:02+00:00,13.73,120.62,104,2.0,011 km S 09° W of Calatagan (Batangas),Ms,TECTONIC
1330,2025-07-02 17:28:19+00:00,15.16,119.81,33,2.0,026 km S 45° W of Iba (Zambales),Ms,TECTONIC
1331,2025-07-02 16:53:47+00:00,6.53,125.39,24,2.0,009 km S 36° E of Sulop (Davao Del Sur),Ms,TECTONIC
1332,2025-07-02 16:42:08+00:00,6.55,125.34,10,2.6,006 km S 07° W of Sulop (Davao Del Sur),Ms,TECTONIC
1333,2025-07-02 16:28:55+00:00,7.84,125.77,9,1.8,003 km N 46° W of Laak (Davao De Oro),Ms,TECTONIC
1334,2025-07-02 16:20:53+00:00,7.92,125.74,17,1.9,013 km N 27° W of Laak (Davao De Oro),Ms,TECTONIC
1335,2025-07-02 16:20:31+00:00,12.83,121.63,35,2.0,013 km S 44° W of Concepcion (Romblon),Ms,TECTONIC
1336,2025-07-02 15:40:43+00:00,14.78,123.6,34,1.6,078 km N 64° E of Tinaga Island (Vinzons) (Camarines Norte),Ms,TECTONIC
1337,2025-07-02 15:35:48+00:00,11.86,124.89,27,1.7,009 km N 07° E of City Of Catbalogan (Samar),Ms,TECTONIC
1338,2025-07-02 15:17:49+00:00,8.62,126.31,15,1.4,017 km S 36° E of San Agustin (Surigao Del Sur),Ms,TECTONIC
1339,2025-07-02 15:00:40+00:00,12.06,121.65,34,1.4,018 km N 37° E of Caluya (Antique),Ms,TECTONIC
1340,2025-07-02 13:42:46+00:00,15.8,120.57,178,2.3,004 km N 88° W of San Manuel (Tarlac),Ms,TECTONIC
1341,2025-07-02 13:19:40+00:00,12.11,125.41,31,2.1,005 km S 37° W of Oras (Eastern Samar),Ms,TECTONIC
1342,2025-07-02 13:01:59+00:00,19.09,121.13,13,1.7,008 km S 74° W of Dalupiri Island (Calayan) (Cagayan),Ms,TECTONIC
1343,2025-07-02 12:58:14+00:00,12.49,123.65,8,2.0,012 km N 89° W of San Fernando (Masbate),Ms,TECTONIC
1344,2025-07-02 12:43:51+00:00,15.54,119.93,37,1.7,003 km N 68° W of Masinloc (Zambales),Ms,TECTONIC
1345,2025-07-02 12:37:02+00:00,6.6,123.63,21,3.4,047 km N 84° W of Kalamansig (Sultan Kudarat),Ms,TECTONIC
1346,2025-07-02 11:49:00+00:00,13.54,120.84,33,1.7,013 km N 68° W of Puerto Galera (Oriental Mindoro),Ms,TECTONIC
1347,2025-07-02 09:38:55+00:00,13.56,124.16,18,1.7,007 km S 59° E of San Andres (Catanduanes),Ms,TECTONIC
1348,2025-07-02 09:36:09+00:00,13.15,124.15,33,1.5,005 km S 33° E of Rapu-rapu (Albay),Ms,TECTONIC
1349,2025-07-02 09:30:02+00:00,9.23,126.26,34,1.6,009 km S 52° E of Cortes (Surigao Del Sur),Ms,TECTONIC
1350,2025-07-02 09:11:03+00:00,13.15,124.17,2,3.3,005 km S 49° E of Rapu-rapu (Albay),Ms,TECTONIC
1351,2025-07-02 08:48:20+00:00,5.85,126.95,29,2.6,131 km S 48° E of Governor Generoso (Davao Oriental),Ms,TECTONIC
1352,2025-07-02 04:11:39+00:00,13.76,120.31,9,2.2,008 km N 56° E of Looc (Occidental Mindoro),Ms,TECTONIC
1353,2025-07-02 03:05:24+00:00,16.46,121.24,30,1.3,004 km S 34° W of Quezon (Nueva Vizcaya),Ms,TECTONIC
1354,2025-07-02 02:40:44+00:00,6.72,126.66,152,2.7,044 km S 33° E of Tarragona (Davao Oriental),Ms,TECTONIC
1355,2025-07-02 02:34:21+00:00,17.01,120.38,21,1.8,011 km S 43° W of Santa Cruz (Ilocos Sur),Ms,TECTONIC
1356,2025-07-02 01:27:25+00:00,6.67,126.88,156,2.6,063 km S 49° E of Tarragona (Davao Oriental),Ms,TECTONIC
1357,2025-07-02 00:25:04+00:00,18.65,120.65,23,2.5,015 km N 02° E of Burgos (Ilocos Norte),Ms,TECTONIC
1358,2025-07-01 20:25:56+00:00,7.35,124.4,16,2.0,008 km N 18° W of Pigkawayan (Cotabato),Ms,TECTONIC
1359,2025-07-01 19:39:39+00:00,5.82,126.39,24,2.8,083 km S 83° E of Jose Abad Santos (Davao Occidental),Ms,TECTONIC
1360,2025-07-01 18:42:42+00:00,5.5,125.87,111,2.3,045 km N 86° E of Sarangani Island (Municipality Of Sarangani) (Davao Occidental),Ms,TECTONIC
1361,2025-07-01 18:40:49+00:00,7.97,125.73,12,2.0,018 km N 22° W of Laak (Davao De Oro),Ms,TECTONIC
1362,2025-07-01 18:27:29+00:00,4.98,126.05,2,3.2,085 km S 55° E of Balut Island (Municipality Of Sarangani) (Davao Occidental),Ms,TECTONIC
1363,2025-07-01 17:34:17+00:00,10.0,126.15,32,2.0,009 km S 75° E of Burgos (Surigao Del Norte),Ms,TECTONIC
1364,2025-07-01 17:22:41+00:00,4.55,125.8,175,4.0,104 km S 24° E of Balut Island (Municipality Of Sarangani) (Davao Occidental),Ms,TECTONIC
1365,2025-07-01 17:17:40+00:00,12.94,125.27,5,2.5,047 km N 21° E of Palapag (Northern Samar),Ms,TECTONIC
1366,2025-07-01 17:04:44+00:00,13.54,120.91,33,1.5,006 km N 48° W of Puerto Galera (Oriental Mindoro),Ms,TECTONIC
1367,2025-07-01 16:53:30+00:00,9.59,126.39,19,2.6,033 km S 50° E of General Luna (Surigao Del Norte),Ms,TECTONIC
1368,2025-07-01 16:24:53+00:00,9.07,126.36,36,2.2,014 km N 35° E of Bayabas (Surigao Del Sur),Ms,TECTONIC
1369,2025-07-01 16:10:47+00:00,8.97,126.47,23,2.3,019 km N 72° E of Cagwait (Surigao Del Sur),Ms,TECTONIC
1370,2025-07-01 16:07:48+00:00,9.02,126.36,29,3.3,011 km N 54° E of Bayabas (Surigao Del Sur),Ms,TECTONIC
1371,2025-07-01 15:58:57+00:00,13.94,119.92,8,3.3,024 km N 66° W of Lubang (Occidental Mindoro),Ms,TECTONIC
1372,2025-07-01 15:34:12+00:00,9.98,126.15,17,3.4,008 km N 55° E of San Isidro (Surigao Del Norte),Ms,TECTONIC
1373,2025-07-01 15:15:43+00:00,6.32,125.79,16,2.4,017 km N 39° E of Don Marcelino (Davao Occidental),Ms,TECTONIC
1374,2025-07-01 15:01:36+00:00,7.34,126.11,33,1.5,003 km N 29° W of Maragusan (Davao De Oro),Ms,TECTONIC
1375,2025-07-01 14:51:00+00:00,9.52,125.59,26,2.3,004 km S 32° E of Tubod (Surigao Del Norte),Ms,TECTONIC
1376,2025-07-01 14:40:41+00:00,10.08,125.91,15,1.8,016 km N 64° W of Santa Monica (Surigao Del Norte),Ms,TECTONIC
1377,2025-07-01 14:18:50+00:00,13.75,120.61,103,1.8,009 km S 13° W of Calatagan (Batangas),Ms,TECTONIC
1378,2025-07-01 13:29:59+00:00,11.1,126.48,20,3.5,083 km N 85° E of Guiuan (Eastern Samar),Ms,TECTONIC
1379,2025-07-01 13:26:15+00:00,8.11,126.68,22,1.7,031 km N 75° E of Lingig (Surigao Del Sur),Ms,TECTONIC
1380,2025-07-01 12:20:54+00:00,19.04,121.1,3,2.1,013 km S 57° W of Dalupiri Island (Calayan) (Cagayan),Ms,TECTONIC
1381,2025-07-01 12:14:27+00:00,18.92,121.21,9,2.9,018 km N 66° W of Fuga Island (Aparri) (Cagayan),Ms,TECTONIC
1382,2025-07-01 12:07:27+00:00,9.13,126.32,17,1.9,016 km N 38° E of Tago (Surigao Del Sur),Ms,TECTONIC
1383,2025-07-01 11:47:51+00:00,7.89,125.74,24,2.4,009 km N 34° W of Laak (Davao De Oro),Ms,TECTONIC
1384,2025-07-01 11:26:12+00:00,10.31,123.37,30,2.2,005 km S 54° E of Vallehermoso (Negros Oriental),Ms,TECTONIC
1385,2025-07-01 08:53:19+00:00,8.29,126.45,33,2.2,015 km S 55° E of Hinatuan (Surigao Del Sur),Ms,TECTONIC
1386,2025-07-01 08:13:48+00:00,11.37,121.56,3,2.1,052 km N 80° W of Tibiao (Antique),Ms,TECTONIC
1387,2025-07-01 07:59:47+00:00,5.03,126.14,48,3.8,089 km S 57° E of Sarangani Island (Municipality Of Sarangani) (Davao Occidental),Ms,TECTONIC
1388,2025-07-01 05:10:30+00:00,10.8,126.93,36,2.7,128 km N 47° E of Burgos (Surigao Del Norte),Ms,TECTONIC
1389,2025-07-01 04:58:42+00:00,16.17,121.8,20,2.6,017 km N 79° W of Dinalungan (Aurora),Ms,TECTONIC
1390,2025-07-01 04:50:14+00:00,13.38,122.82,27,1.6,017 km N 66° E of San Andres (Quezon),Ms,TECTONIC
1391,2025-07-01 03:07:25+00:00,4.95,125.98,20,2.7,080 km S 50° E of Balut Island (Municipality Of Sarangani) (Davao Occidental),Ms,TECTONIC
1392,2025-07-01 02:51:05+00:00,5.02,126.11,56,3.3,087 km S 55° E of Sarangani Island (Municipality Of Sarangani) (Davao Occidental),Ms,TECTONIC
1393,2025-07-01 02:30:49+00:00,17.59,120.48,5,2.1,006 km N 38° W of San Quintin (Abra),Ms,TECTONIC
1394,2025-07-01 01:30:11+00:00,9.04,126.28,47,3.4,005 km N 69° E of Tago (Surigao Del Sur),Ms,TECTONIC
1395,2025-07-01 01:15:29+00:00,9.74,126.12,33,1.7,007 km S 72° E of Dapa (Surigao Del Norte),Ms,TECTONIC
1396,2025-07-01 01:11:20+00:00,19.92,121.85,56,3.0,046 km N 08° W of Babuyan Island (Calayan) (Cagayan),Ms,TECTONIC
1397,2025-07-01 00:29:49+00:00,12.44,120.8,4,2.3,018 km S 85° W of Rizal (Occidental Mindoro),Ms,TECTONIC
1398,2025-07-01 00:25:09+00:00,6.35,126.2,73,2.5,037 km S 24° E of Governor Generoso (Davao Oriental),Ms,TECTONIC
1399,2025-07-01 00:17:35+00:00,9.67,124.67,3,2.2,013 km S 51° E of Anda (Bohol),Ms,TECTONIC
1400,2025-06-30 23:38:15+00:00,13.64,120.22,11,2.0,009 km S 21° W of Looc (Occidental Mindoro),Ms,TECTONIC
1401,2025-06-30 22:39:25+00:00,14.98,122.02,25,1.8,017 km N 21° E of Burdeos (Quezon),Ms,TECTONIC
1402,2025-06-30 22:21:48+00:00,15.41,121.32,18,1.9,005 km S 19° W of Gabaldon (Nueva Ecija),Ms,TECTONIC
1403,2025-06-30 19:56:31+00:00,20.09,121.17,27,2.9,078 km S 70° W of Sabtang (Batanes),Ms,TECTONIC
1404,2025-06-30 19:54:27+00:00,4.77,125.12,31,3.0,078 km S 25° W of Balut Island (Municipality Of Sarangani) (Davao Occidental),Ms,TECTONIC
1405,2025-06-30 19:51:07+00:00,12.27,124.67,32,2.5,006 km S 62° E of Lope De Vega (Northern Samar),Ms,TECTONIC
1406,2025-06-30 19:43:22+00:00,6.37,127.0,33,2.2,097 km S 39° E of Tarragona (Davao Oriental),Ms,TECTONIC
1407,2025-06-30 19:37:43+00:00,12.3,124.74,26,2.4,012 km S 74° W of Silvino Lobos (Northern Samar),Ms,TECTONIC
1408,2025-06-30 19:27:03+00:00,10.25,126.05,19,2.5,026 km N 06° W of Burgos (Surigao Del Norte),Ms,TECTONIC
1409,2025-06-30 19:23:30+00:00,9.62,126.15,31,1.6,019 km S 34° E of Dapa (Surigao Del Norte),Ms,TECTONIC
1410,2025-06-30 19:06:19+00:00,10.3,126.09,4,3.0,031 km N 03° E of Burgos (Surigao Del Norte),Ms,TECTONIC
1411,2025-06-30 18:51:38+00:00,13.68,120.62,106,2.0,017 km S 06° W of Calatagan (Batangas),Ms,TECTONIC
1412,2025-06-30 18:36:07+00:00,12.82,120.91,2,2.2,014 km S 79° E of Sablayan (Occidental Mindoro),Ms,TECTONIC
1413,2025-06-30 18:12:00+00:00,11.32,121.3,17,2.1,044 km N 65° E of Agutaya (Palawan),Ms,TECTONIC
1414,2025-06-30 18:00:20+00:00,17.91,120.21,26,2.1,027 km N 79° W of Sinait (Ilocos Sur),Ms,TECTONIC
1415,2025-06-30 17:53:07+00:00,17.54,120.78,2,1.6,007 km N 84° E of Bucay (Abra),Ms,TECTONIC
1416,2025-06-30 17:44:13+00:00,19.03,119.98,13,2.8,091 km N 51° W of Burgos (Ilocos Norte),Ms,TECTONIC
1417,2025-06-30 16:47:36+00:00,8.32,126.0,48,1.6,007 km S 05° W of Rosario (Agusan Del Sur),Ms,TECTONIC
1418,2025-06-30 16:38:23+00:00,17.47,120.23,18,2.3,019 km S 61° W of Caoayan (Ilocos Sur),Ms,TECTONIC
1419,2025-06-30 16:32:32+00:00,8.09,126.5,24,1.6,012 km N 60° E of Lingig (Surigao Del Sur),Ms,TECTONIC
1420,2025-06-30 16:08:15+00:00,7.45,125.61,33,1.9,009 km N 89° W of Braulio E. Dujali (Davao Del Norte),Ms,TECTONIC
