,datetime,lat,lon,depth_km,mag,location,mag_type,event_type
0,2025-01-31 15:51:42+00:00,12.48,123.68,5,2.5,009 km S 89° W of San Fernando (Masbate),Ms,TECTONIC
1,2025-01-31 15:12:17+00:00,15.68,119.79,34,1.6,015 km S 55° W of Santa Cruz (Zambales),Ms,TECTONIC
2,2025-01-31 15:01:32+00:00,18.99,120.71,1,2.5,053 km S 76° W of Dalupiri Island (Calayan) (Cagayan),Ms,TECTONIC
3,2025-01-31 13:59:50+00:00,12.92,121.12,40,1.5,033 km S 32° W of Victoria (Oriental Mindoro),Ms,TECTONIC
4,2025-01-31 13:22:03+00:00,8.36,126.25,113,2.4,010 km S 85° W of Hinatuan (Surigao Del Sur),Ms,TECTONIC
5,2025-01-31 13:21:51+00:00,8.69,126.9,31,2.2,072 km N 60° E of Hinatuan (Surigao Del Sur),Ms,TECTONIC
6,2025-01-31 12:17:32+00:00,12.94,124.46,12,2.5,031 km S 68° E of Prieto Diaz (Sorsogon),Ms,TECTONIC
7,2025-01-31 11:35:12+00:00,10.44,126.23,30,1.8,050 km N 20° E of Burgos (Surigao Del Norte),Ms,TECTONIC
8,2025-01-31 11:08:15+00:00,11.85,125.25,26,2.8,020 km S 71° W of Taft (Eastern Samar),Ms,TECTONIC
9,2025-01-31 10:49:57+00:00,5.41,123.81,33,2.5,098 km S 25° W of Palimbang (Sultan Kudarat),Ms,TECTONIC
10,2025-01-31 08:49:08+00:00,8.1,126.48,41,2.0,010 km N 48° E of Lingig (Surigao Del Sur),Ms,TECTONIC
11,2025-01-31 08:12:52+00:00,6.47,125.39,7,2.2,013 km S 48° W of Santa Maria (Davao Occidental),Ms,TECTONIC
12,2025-01-31 08:07:29+00:00,9.5,123.44,35,2.0,003 km S 12° E of Oslob (Cebu),Ms,TECTONIC
13,2025-01-31 08:04:07+00:00,13.7,120.57,72,2.2,016 km S 23° W of Calatagan (Batangas),Ms,TECTONIC
14,2025-01-31 07:43:41+00:00,9.82,126.23,27,1.6,009 km N 63° E of General Luna (Surigao Del Norte),Ms,TECTONIC
15,2025-01-31 07:34:03+00:00,8.88,126.61,23,2.3,035 km S 83° E of Cagwait (Surigao Del Sur),Ms,TECTONIC
16,2025-01-31 04:00:18+00:00,9.27,126.22,29,1.6,003 km S 70° E of Cortes (Surigao Del Sur),Ms,TECTONIC
17,2025-01-31 02:55:07+00:00,13.77,120.6,85,1.5,007 km S 31° W of Calatagan (Batangas),Ms,TECTONIC
18,2025-01-31 01:32:50+00:00,17.73,120.79,1,2.2,003 km N 71° W of Tineg (Abra),Ms,TECTONIC
19,2025-01-31 01:20:46+00:00,18.56,120.66,18,4.3,011 km N 80° W of Bangui (Ilocos Norte),Mw,TECTONIC
20,2025-01-31 01:05:38+00:00,10.02,125.1,1,2.3,008 km S 58° W of San Francisco (Southern Leyte),Ms,TECTONIC
21,2025-01-31 00:51:48+00:00,6.57,126.66,115,3.2,058 km S 24° E of Tarragona (Davao Oriental),Ms,TECTONIC
22,2025-01-30 22:26:13+00:00,8.31,126.54,33,2.2,023 km S 74° E of Hinatuan (Surigao Del Sur),Ms,TECTONIC
23,2025-01-30 21:27:30+00:00,8.43,125.9,16,2.7,012 km S 82° E of Talacogon (Agusan Del Sur),Ms,TECTONIC
24,2025-01-30 21:26:22+00:00,8.15,126.88,7,1.9,053 km N 76° E of Lingig (Surigao Del Sur),Ms,TECTONIC
25,2025-01-30 21:04:30+00:00,10.31,126.25,29,1.4,038 km N 31° E of Burgos (Surigao Del Norte),Ms,TECTONIC
26,2025-01-30 21:02:12+00:00,8.34,126.75,24,2.1,046 km S 86° E of Hinatuan (Surigao Del Sur),Ms,TECTONIC
27,2025-01-30 20:28:02+00:00,10.22,126.21,33,1.9,027 km N 33° E of Burgos (Surigao Del Norte),Ms,TECTONIC
28,2025-01-30 20:26:18+00:00,10.16,126.03,11,2.8,015 km N 05° W of Santa Monica (Surigao Del Norte),Ms,TECTONIC
29,2025-01-30 20:18:20+00:00,13.66,120.71,102,1.6,018 km N 89° W of Tingloy (Batangas),Ms,TECTONIC
30,2025-01-30 20:11:50+00:00,7.75,122.23,1,2.5,012 km N 65° E of Siocon (Zamboanga Del Norte),Ms,TECTONIC
31,2025-01-30 19:48:41+00:00,6.88,126.2,57,4.4,008 km S 09° W of City Of Mati (Davao Oriental),Mw,TECTONIC
32,2025-01-30 19:37:01+00:00,8.84,125.82,33,1.6,014 km N 83° E of Sibagat (Agusan Del Sur),Ms,TECTONIC
33,2025-01-30 19:14:37+00:00,16.45,121.0,6,3.3,009 km S 20° W of Ambaguio (Nueva Vizcaya),Ms,TECTONIC
34,2025-01-30 18:52:55+00:00,6.97,124.95,33,2.0,008 km N 73° E of M'lang (Cotabato),Ms,TECTONIC
35,2025-01-30 18:33:21+00:00,15.22,122.69,1,2.4,070 km N 33° E of Jomalig (Quezon),Ms,TECTONIC
36,2025-01-30 18:26:59+00:00,13.71,120.82,6,1.8,008 km N 48° W of Tingloy (Batangas),Ms,TECTONIC
37,2025-01-30 17:52:35+00:00,12.35,123.75,12,1.7,009 km S 23° W of Batuan (Masbate),Ms,TECTONIC
38,2025-01-30 17:40:48+00:00,10.03,125.17,13,1.8,003 km S 21° E of San Francisco (Southern Leyte),Ms,TECTONIC
39,2025-01-30 17:26:06+00:00,8.7,126.47,27,1.7,022 km S 58° E of Marihatag (Surigao Del Sur),Ms,TECTONIC
40,2025-01-30 17:04:27+00:00,11.54,124.4,7,2.7,003 km S 07° E of Naval (Biliran),Ms,TECTONIC
41,2025-01-30 16:54:14+00:00,18.02,120.53,6,2.2,004 km S 88° E of Currimao (Ilocos Norte),Ms,TECTONIC
42,2025-01-30 16:38:30+00:00,15.44,119.84,12,2.3,007 km N 84° W of Palauig (Zambales),Ms,TECTONIC
43,2025-01-30 15:39:14+00:00,10.02,125.15,10,2.5,004 km S 11° W of San Francisco (Southern Leyte),Ms,TECTONIC
44,2025-01-30 15:22:34+00:00,3.85,126.27,113,2.9,196 km S 28° E of Balut Island (Municipality Of Sarangani) (Davao Occidental),Ms,TECTONIC
45,2025-01-30 14:58:45+00:00,7.64,124.63,11,2.0,010 km S 89° W of Wao (Lanao Del Sur),Ms,TECTONIC
46,2025-01-30 14:07:46+00:00,7.71,125.6,11,2.6,015 km S 72° W of San Isidro (Davao Del Norte),Ms,TECTONIC
47,2025-01-30 12:53:53+00:00,16.8,120.91,32,2.2,010 km N 87° E of Buguias (Benguet),Ms,TECTONIC
48,2025-01-30 12:42:45+00:00,8.65,126.47,25,2.9,025 km S 50° E of Marihatag (Surigao Del Sur),Ms,TECTONIC
49,2025-01-30 12:41:48+00:00,13.72,120.6,76,1.6,013 km S 14° W of Calatagan (Batangas),Ms,TECTONIC
50,2025-01-30 12:40:53+00:00,12.73,123.63,5,1.7,010 km N 21° W of Monreal (Masbate),Ms,TECTONIC
51,2025-01-30 12:32:43+00:00,8.17,122.93,10,2.4,003 km N 20° E of Leon B. Postigo (Zamboanga Del Norte),Ms,TECTONIC
52,2025-01-30 11:35:37+00:00,18.84,120.28,15,2.4,053 km N 47° W of Burgos (Ilocos Norte),Ms,TECTONIC
53,2025-01-30 11:20:14+00:00,6.37,126.34,129,2.5,043 km S 43° E of Governor Generoso (Davao Oriental),Ms,TECTONIC
54,2025-01-30 11:19:40+00:00,10.02,125.16,20,2.0,004 km S 01° E of San Francisco (Southern Leyte),Ms,TECTONIC
55,2025-01-30 11:12:57+00:00,13.92,120.49,91,2.9,018 km N 57° W of Calatagan (Batangas),Ms,TECTONIC
56,2025-01-30 07:49:11+00:00,18.07,120.04,9,2.4,048 km N 84° W of Currimao (Ilocos Norte),Ms,TECTONIC
57,2025-01-30 07:05:23+00:00,8.19,126.78,9,2.9,044 km N 68° E of Lingig (Surigao Del Sur),Ms,TECTONIC
58,2025-01-30 06:49:13+00:00,8.5,126.27,72,3.7,016 km N 26° W of Hinatuan (Surigao Del Sur),Ms,TECTONIC
59,2025-01-30 04:31:20+00:00,10.13,124.93,19,2.0,010 km S 86° E of City Of Maasin (Southern Leyte),Ms,TECTONIC
60,2025-01-30 03:09:42+00:00,10.19,125.3,3,2.1,022 km N 47° E of San Francisco (Southern Leyte),Ms,TECTONIC
61,2025-01-30 02:50:12+00:00,12.59,124.43,110,3.4,008 km N 02° E of Rosario (Northern Samar),Ms,TECTONIC
62,2025-01-30 02:48:52+00:00,6.7,123.71,1,2.4,041 km N 67° W of Kalamansig (Sultan Kudarat),Ms,TECTONIC
63,2025-01-30 01:00:30+00:00,4.88,126.23,3,3.0,107 km S 57° E of Balut Island (Municipality Of Sarangani) (Davao Occidental),Ms,TECTONIC
64,2025-01-30 00:22:27+00:00,13.91,120.45,88,3.9,022 km N 64° W of Calatagan (Batangas),Ms,TECTONIC
65,2025-01-29 22:35:55+00:00,13.12,120.77,11,2.2,007 km N 54° E of Santa Cruz (Occidental Mindoro),Ms,TECTONIC
66,2025-01-29 18:35:23+00:00,13.73,120.66,174,3.9,011 km S 17° E of Calatagan (Batangas),Ms,TECTONIC
67,2025-01-29 16:50:32+00:00,13.83,124.31,24,4.0,009 km S 08° E of Panganiban (Catanduanes),Ms,TECTONIC
68,2025-01-29 15:25:46+00:00,6.06,125.87,143,2.5,024 km S 53° E of Don Marcelino (Davao Occidental),Ms,TECTONIC
69,2025-01-29 15:24:37+00:00,10.04,125.16,15,2.0,002 km S 22° E of San Francisco (Southern Leyte),Ms,TECTONIC
70,2025-01-29 14:53:49+00:00,17.5,122.02,16,2.1,028 km S 62° E of Peñablanca (Cagayan),Ms,TECTONIC
71,2025-01-29 14:52:51+00:00,11.55,124.43,1,2.7,004 km S 71° E of Naval (Biliran),Ms,TECTONIC
72,2025-01-29 14:51:11+00:00,8.49,126.57,10,1.8,028 km N 61° E of Hinatuan (Surigao Del Sur),Ms,TECTONIC
73,2025-01-29 11:38:45+00:00,17.39,120.72,5,2.6,005 km S 17° E of Manabo (Abra),Ms,TECTONIC
74,2025-01-29 11:33:21+00:00,4.55,125.68,183,3.6,100 km S 16° E of Balut Island (Municipality Of Sarangani) (Davao Occidental),Ms,TECTONIC
75,2025-01-29 11:28:22+00:00,12.93,124.83,8,2.6,042 km N 14° W of Pambujan (Northern Samar),Ms,TECTONIC
76,2025-01-29 10:42:02+00:00,7.79,126.45,20,2.4,001 km N 77° W of Cateel (Davao Oriental),Ms,TECTONIC
77,2025-01-29 08:04:24+00:00,15.48,121.91,12,2.0,050 km S 58° E of San Luis (Aurora),Ms,TECTONIC
78,2025-01-29 08:03:10+00:00,11.51,124.4,5,3.0,006 km S 01° E of Naval (Biliran),Ms,TECTONIC
79,2025-01-29 07:50:33+00:00,7.97,126.59,29,1.5,021 km S 68° E of Lingig (Surigao Del Sur),Ms,TECTONIC
80,2025-01-29 07:17:43+00:00,6.47,126.57,25,2.4,059 km S 69° E of Governor Generoso (Davao Oriental),Ms,TECTONIC
81,2025-01-29 04:37:30+00:00,7.65,123.57,6,4.7,012 km S 89° E of San Pablo (Zamboanga Del Sur),Mw,TECTONIC
82,2025-01-29 04:12:32+00:00,17.56,121.03,22,2.1,003 km S 52° E of Malibcong (Abra),Ms,TECTONIC
83,2025-01-29 02:31:34+00:00,11.53,124.39,3,3.8,004 km S 13° W of Naval (Biliran),Ms,TECTONIC
84,2025-01-29 02:27:00+00:00,7.48,123.31,33,1.8,003 km N 08° W of Pitogo (Zamboanga Del Sur),Ms,TECTONIC
85,2025-01-29 01:56:41+00:00,11.52,124.39,5,4.6,005 km S 10° W of Naval (Biliran),Mw,TECTONIC
86,2025-01-29 01:46:17+00:00,6.44,126.21,56,2.0,028 km S 32° E of Governor Generoso (Davao Oriental),Ms,TECTONIC
87,2025-01-29 01:06:34+00:00,11.22,125.39,23,2.4,012 km N 02° E of Balangiga (Eastern Samar),Ms,TECTONIC
88,2025-01-29 00:47:31+00:00,8.71,126.4,18,2.1,016 km S 48° E of Marihatag (Surigao Del Sur),Ms,TECTONIC
89,2025-01-28 23:14:46+00:00,12.03,123.94,1,2.4,007 km N 61° W of Cataingan (Masbate),Ms,TECTONIC
90,2025-01-28 22:17:35+00:00,10.09,125.16,6,2.5,004 km N 07° E of San Francisco (Southern Leyte),Ms,TECTONIC
91,2025-01-28 20:46:36+00:00,17.51,121.99,10,3.3,022 km N 72° E of San Pablo (Isabela),Ms,TECTONIC
92,2025-01-28 19:41:54+00:00,8.6,126.52,17,2.0,032 km N 37° E of Hinatuan (Surigao Del Sur),Ms,TECTONIC
93,2025-01-28 19:23:11+00:00,17.43,122.08,19,2.2,017 km N 72° W of Maconacon (Isabela),Ms,TECTONIC
94,2025-01-28 19:00:54+00:00,9.07,126.32,50,1.9,011 km N 63° E of Tago (Surigao Del Sur),Ms,TECTONIC
95,2025-01-28 17:58:17+00:00,9.2,122.14,1,2.2,057 km S 39° W of Hinoba-an (Negros Occidental),Ms,TECTONIC
96,2025-01-28 17:47:18+00:00,8.48,126.62,16,2.3,034 km N 68° E of Hinatuan (Surigao Del Sur),Ms,TECTONIC
97,2025-01-28 17:26:11+00:00,9.14,125.83,18,2.2,020 km S 47° W of Madrid (Surigao Del Sur),Ms,TECTONIC
98,2025-01-28 15:14:16+00:00,5.71,126.4,87,3.0,086 km S 75° E of Jose Abad Santos (Davao Occidental),Ms,TECTONIC
99,2025-01-28 14:55:33+00:00,9.99,126.12,33,2.3,006 km S 55° E of Burgos (Surigao Del Norte),Ms,TECTONIC
100,2025-01-28 13:34:17+00:00,13.69,120.88,35,1.6,003 km N 18° E of Tingloy (Batangas),Ms,TECTONIC
101,2025-01-28 12:11:34+00:00,17.5,122.28,24,3.4,014 km N 21° E of Maconacon (Isabela),Ms,TECTONIC
102,2025-01-28 11:21:41+00:00,8.56,126.29,30,2.0,018 km N 54° E of Tagbina (Surigao Del Sur),Ms,TECTONIC
103,2025-01-28 09:41:32+00:00,8.05,126.48,25,1.6,007 km N 82° E of Lingig (Surigao Del Sur),Ms,TECTONIC
104,2025-01-28 09:30:20+00:00,14.82,119.97,21,2.8,020 km S 41° W of San Antonio (Zambales),Ms,TECTONIC
105,2025-01-28 08:57:06+00:00,9.37,125.78,1,2.3,018 km N 89° W of Carrascal (Surigao Del Sur),Ms,TECTONIC
106,2025-01-28 08:46:15+00:00,7.86,126.9,12,2.0,050 km N 50° E of Baganga (Davao Oriental),Ms,TECTONIC
107,2025-01-28 06:48:59+00:00,5.33,126.86,72,3.3,149 km S 64° E of Jose Abad Santos (Davao Occidental),Ms,TECTONIC
108,2025-01-28 06:35:00+00:00,15.0,122.68,3,2.3,050 km N 48° E of Jomalig (Quezon),Ms,TECTONIC
109,2025-01-28 06:32:21+00:00,9.96,125.16,9,1.8,011 km S 01° E of San Francisco (Southern Leyte),Ms,TECTONIC
110,2025-01-28 06:29:02+00:00,13.18,124.71,11,2.8,059 km N 75° E of Prieto Diaz (Sorsogon),Ms,TECTONIC
111,2025-01-28 05:33:00+00:00,9.67,122.57,20,1.8,013 km N 55° E of Hinoba-an (Negros Occidental),Ms,TECTONIC
112,2025-01-28 05:21:23+00:00,8.0,126.39,25,1.2,004 km S 30° W of Lingig (Surigao Del Sur),Ms,TECTONIC
113,2025-01-28 05:01:46+00:00,7.57,124.82,33,2.4,010 km S 70° W of Kadingilan (Bukidnon),Ms,TECTONIC
114,2025-01-28 04:29:03+00:00,3.37,126.1,77,3.6,238 km S 18° E of Balut Island (Municipality Of Sarangani) (Davao Occidental),Ms,TECTONIC
115,2025-01-28 03:44:20+00:00,8.72,126.38,12,2.4,013 km S 44° E of Marihatag (Surigao Del Sur),Ms,TECTONIC
116,2025-01-28 03:00:12+00:00,10.13,123.31,1,3.1,004 km N 80° E of City Of Guihulngan (Negros Oriental),Ms,TECTONIC
117,2025-01-28 00:58:39+00:00,8.05,126.58,17,2.4,018 km N 85° E of Lingig (Surigao Del Sur),Ms,TECTONIC
118,2025-01-28 00:24:05+00:00,8.9,126.24,32,1.3,007 km S 72° W of Cagwait (Surigao Del Sur),Ms,TECTONIC
119,2025-01-27 23:58:36+00:00,13.44,121.26,32,2.3,024 km S 14° E of Lobo (Batangas),Ms,TECTONIC
120,2025-01-27 21:13:52+00:00,10.43,125.96,15,2.6,042 km N 79° E of Loreto (Dinagat Islands),Ms,TECTONIC
121,2025-01-27 21:10:16+00:00,8.84,126.7,53,1.7,044 km N 83° E of Marihatag (Surigao Del Sur),Ms,TECTONIC
122,2025-01-27 20:26:42+00:00,8.18,122.75,1,2.4,011 km N 52° E of Liloy (Zamboanga Del Norte),Ms,TECTONIC
123,2025-01-27 20:20:15+00:00,8.21,126.43,36,1.6,013 km S 86° E of City Of Bislig (Surigao Del Sur),Ms,TECTONIC
124,2025-01-27 20:07:24+00:00,6.45,126.91,143,2.7,084 km S 37° E of Tarragona (Davao Oriental),Ms,TECTONIC
125,2025-01-27 19:47:57+00:00,6.79,124.61,14,1.5,003 km S 66° W of Lambayong (Sultan Kudarat),Ms,TECTONIC
126,2025-01-27 19:40:38+00:00,7.12,125.97,30,2.7,008 km S 85° E of Pantukan (Davao De Oro),Ms,TECTONIC
127,2025-01-27 19:31:19+00:00,8.3,126.06,10,1.9,015 km N 29° E of Bunawan (Agusan Del Sur),Ms,TECTONIC
128,2025-01-27 19:19:07+00:00,12.94,121.08,33,1.5,035 km N 71° E of Sablayan (Occidental Mindoro),Ms,TECTONIC
129,2025-01-27 19:14:17+00:00,8.41,127.2,60,1.8,096 km N 65° E of Lingig (Surigao Del Sur),Ms,TECTONIC
130,2025-01-27 18:53:46+00:00,7.79,126.24,33,1.4,017 km S 60° W of Boston (Davao Oriental),Ms,TECTONIC
131,2025-01-27 18:53:43+00:00,7.67,122.16,29,1.5,005 km S 27° E of Siocon (Zamboanga Del Norte),Ms,TECTONIC
132,2025-01-27 18:51:05+00:00,8.4,126.0,8,2.3,002 km N 08° E of Rosario (Agusan Del Sur),Ms,TECTONIC
133,2025-01-27 18:35:10+00:00,17.84,120.78,9,1.7,015 km S 55° E of Nueva Era (Ilocos Norte),Ms,TECTONIC
134,2025-01-27 18:06:30+00:00,9.87,122.47,25,2.0,012 km N 19° E of City Of Sipalay (Negros Occidental),Ms,TECTONIC
135,2025-01-27 17:52:24+00:00,7.76,127.11,9,2.6,064 km N 71° E of Baganga (Davao Oriental),Ms,TECTONIC
136,2025-01-27 17:49:26+00:00,13.0,120.99,19,1.7,037 km S 58° W of Victoria (Oriental Mindoro),Ms,TECTONIC
137,2025-01-27 17:27:24+00:00,18.79,120.83,24,1.7,026 km N 09° E of Pagudpud (Ilocos Norte),Ms,TECTONIC
138,2025-01-27 16:46:26+00:00,10.03,125.26,5,2.4,012 km S 73° E of San Francisco (Southern Leyte),Ms,TECTONIC
139,2025-01-27 16:18:53+00:00,12.91,121.1,43,1.8,035 km N 78° E of Sablayan (Occidental Mindoro),Ms,TECTONIC
140,2025-01-27 16:13:36+00:00,9.98,125.21,29,2.0,010 km S 32° E of San Francisco (Southern Leyte),Ms,TECTONIC
141,2025-01-27 16:13:05+00:00,12.93,120.99,1,4.3,024 km N 67° E of Sablayan (Occidental Mindoro),Mw,TECTONIC
142,2025-01-27 16:01:52+00:00,8.43,126.76,26,2.3,047 km N 81° E of Hinatuan (Surigao Del Sur),Ms,TECTONIC
143,2025-01-27 15:49:47+00:00,13.13,124.22,33,2.0,011 km N 17° E of Prieto Diaz (Sorsogon),Ms,TECTONIC
144,2025-01-27 14:59:04+00:00,7.15,123.6,31,3.5,041 km S 30° E of Tabina (Zamboanga Del Sur),Ms,TECTONIC
145,2025-01-27 13:44:37+00:00,8.09,126.72,33,1.8,035 km N 81° E of Lingig (Surigao Del Sur),Ms,TECTONIC
146,2025-01-27 13:36:06+00:00,8.83,126.53,33,1.6,025 km N 82° E of Marihatag (Surigao Del Sur),Ms,TECTONIC
147,2025-01-27 11:49:13+00:00,7.52,122.32,1,2.0,015 km S 50° W of Tungawan (Zamboanga Sibugay),Ms,TECTONIC
148,2025-01-27 11:34:08+00:00,18.15,120.36,27,1.6,020 km N 44° W of Currimao (Ilocos Norte),Ms,TECTONIC
149,2025-01-27 11:06:48+00:00,8.7,126.43,30,2.5,019 km S 53° E of Marihatag (Surigao Del Sur),Ms,TECTONIC
150,2025-01-27 10:36:26+00:00,17.63,120.34,11,3.6,002 km N 08° E of San Juan (Ilocos Sur),Ms,TECTONIC
151,2025-01-27 10:16:45+00:00,10.45,123.08,8,2.4,028 km S 71° E of City Of Bago (Negros Occidental),ML,VOLCANO-TECTONIC
152,2025-01-27 10:12:05+00:00,11.45,124.45,6,2.0,003 km S 48° W of Biliran (Biliran),Ms,TECTONIC
153,2025-01-27 09:21:53+00:00,8.79,126.93,1,1.4,070 km S 89° E of Marihatag (Surigao Del Sur),Ms,TECTONIC
154,2025-01-27 07:32:42+00:00,7.17,126.68,51,3.2,016 km S 73° E of Manay (Davao Oriental),Ms,TECTONIC
155,2025-01-27 06:40:41+00:00,7.43,124.49,406,4.4,009 km N 56° W of Alamada (Cotabato),Ms,TECTONIC
156,2025-01-27 05:27:06+00:00,10.0,126.05,4,3.5,007 km N 49° E of San Isidro (Surigao Del Norte),Ms,TECTONIC
157,2025-01-27 01:48:54+00:00,21.41,120.56,1,4.2,150 km N 63° W of Itbayat (Batanes),Ms,TECTONIC
158,2025-01-27 01:42:22+00:00,10.18,125.11,38,1.9,014 km N 20° W of San Francisco (Southern Leyte),Ms,TECTONIC
159,2025-01-27 01:01:37+00:00,8.24,122.98,33,2.6,003 km N 72° W of Sindangan (Zamboanga Del Norte),Ms,TECTONIC
160,2025-01-27 00:32:04+00:00,9.97,125.21,2,2.1,011 km S 32° E of San Francisco (Southern Leyte),Ms,TECTONIC
161,2025-01-26 23:51:36+00:00,14.15,120.35,79,1.4,032 km N 74° W of Nasugbu (Batangas),Ms,TECTONIC
162,2025-01-26 23:51:27+00:00,9.26,125.58,1,2.6,002 km S 83° E of Santiago (Agusan Del Norte),Ms,TECTONIC
163,2025-01-26 23:45:57+00:00,5.95,125.5,4,1.9,016 km N 76° W of Jose Abad Santos (Davao Occidental),Ms,TECTONIC
164,2025-01-26 23:37:57+00:00,7.88,126.25,25,1.7,014 km N 85° W of Boston (Davao Oriental),Ms,TECTONIC
165,2025-01-26 22:36:13+00:00,8.93,126.51,19,2.0,023 km N 88° E of Cagwait (Surigao Del Sur),Ms,TECTONIC
166,2025-01-26 21:38:16+00:00,6.85,125.1,7,3.0,013 km N 28° W of Magsaysay (Davao Del Sur),Ms,TECTONIC
167,2025-01-26 20:57:35+00:00,8.54,126.71,12,2.1,046 km N 65° E of Hinatuan (Surigao Del Sur),Ms,TECTONIC
168,2025-01-26 20:35:11+00:00,6.82,125.09,1,2.6,010 km N 43° W of Magsaysay (Davao Del Sur),Ms,TECTONIC
169,2025-01-26 20:15:40+00:00,6.86,125.07,33,1.6,011 km S 09° W of Makilala (Cotabato),Ms,TECTONIC
170,2025-01-26 18:45:56+00:00,5.77,127.21,131,4.7,159 km S 52° E of Governor Generoso (Davao Oriental),Ms,TECTONIC
171,2025-01-26 18:39:56+00:00,17.03,121.33,48,1.7,005 km N 02° E of Aguinaldo (Ifugao),Ms,TECTONIC
172,2025-01-26 17:45:27+00:00,9.22,125.92,13,2.9,007 km S 53° W of Madrid (Surigao Del Sur),Ms,TECTONIC
173,2025-01-26 17:21:44+00:00,13.69,121.01,23,1.6,009 km S 32° W of Batangas City (Batangas),Ms,TECTONIC
174,2025-01-26 17:06:25+00:00,19.46,122.19,23,3.9,030 km S 79° E of Babuyan Island (Calayan) (Cagayan),Ms,TECTONIC
175,2025-01-26 16:33:33+00:00,18.17,120.97,33,2.8,016 km N 79° E of Carasi (Ilocos Norte),Ms,TECTONIC
176,2025-01-26 16:19:25+00:00,10.46,123.1,7,1.9,015 km N 58° W of City Of Canlaon (Negros Oriental),ML,VOLCANO-TECTONIC
177,2025-01-26 15:27:37+00:00,13.53,120.13,33,1.9,025 km S 31° W of Looc (Occidental Mindoro),Ms,TECTONIC
178,2025-01-26 15:15:19+00:00,8.77,126.52,8,2.2,025 km S 82° E of Marihatag (Surigao Del Sur),Ms,TECTONIC
179,2025-01-26 14:28:47+00:00,6.2,125.74,20,1.8,005 km N 84° E of Don Marcelino (Davao Occidental),Ms,TECTONIC
180,2025-01-26 14:17:30+00:00,7.96,126.83,10,2.2,047 km S 79° E of Lingig (Surigao Del Sur),Ms,TECTONIC
181,2025-01-26 13:20:53+00:00,8.36,125.94,1,1.7,007 km S 67° W of Rosario (Agusan Del Sur),Ms,TECTONIC
182,2025-01-26 13:16:41+00:00,8.67,126.47,27,1.8,024 km S 53° E of Marihatag (Surigao Del Sur),Ms,TECTONIC
183,2025-01-26 12:51:20+00:00,13.98,124.23,23,2.2,007 km N 57° W of Bagamanoc (Catanduanes),Ms,TECTONIC
184,2025-01-26 12:32:53+00:00,7.86,124.74,1,3.2,010 km N 38° E of Amai Manabilang (Lanao Del Sur),Ms,TECTONIC
185,2025-01-26 11:45:03+00:00,14.0,120.42,199,2.5,025 km S 71° W of Nasugbu (Batangas),Ms,TECTONIC
186,2025-01-26 11:35:34+00:00,10.29,125.67,65,2.6,013 km S 52° E of Loreto (Dinagat Islands),Ms,TECTONIC
187,2025-01-26 10:22:55+00:00,18.37,121.47,97,2.7,008 km S 08° E of Abulug (Cagayan),Ms,TECTONIC
188,2025-01-26 07:23:03+00:00,8.93,125.96,118,2.4,009 km S 79° W of San Miguel (Surigao Del Sur),Ms,TECTONIC
189,2025-01-26 06:58:37+00:00,8.28,126.7,21,2.7,041 km N 49° E of Lingig (Surigao Del Sur),Ms,TECTONIC
190,2025-01-26 06:06:06+00:00,11.63,125.65,12,2.2,022 km N 48° E of Maydolong (Eastern Samar),Ms,TECTONIC
191,2025-01-26 06:03:31+00:00,11.61,124.34,20,1.8,008 km N 57° W of Naval (Biliran),Ms,TECTONIC
192,2025-01-26 03:54:03+00:00,15.49,119.3,18,3.0,066 km N 85° W of Palauig (Zambales),Ms,TECTONIC
193,2025-01-26 03:26:12+00:00,12.33,122.04,20,2.5,008 km N 12° W of Alcantara (Romblon),Ms,TECTONIC
194,2025-01-26 02:59:05+00:00,8.45,126.35,94,2.5,009 km N 07° E of Hinatuan (Surigao Del Sur),Ms,TECTONIC
195,2025-01-26 02:37:51+00:00,13.96,120.52,93,2.3,017 km S 57° W of Lian (Batangas),Ms,TECTONIC
196,2025-01-26 01:50:24+00:00,13.66,120.5,82,3.0,024 km S 36° W of Calatagan (Batangas),Ms,TECTONIC
197,2025-01-26 00:46:23+00:00,13.79,120.44,191,2.1,035 km S 78° E of Lubang (Occidental Mindoro),Ms,TECTONIC
198,2025-01-26 00:05:14+00:00,10.28,125.13,7,1.8,001 km N 54° W of Saint Bernard (Southern Leyte),Ms,TECTONIC
199,2025-01-26 00:04:08+00:00,10.39,122.64,35,1.5,012 km S 07° E of Sibunag (Guimaras),Ms,TECTONIC
200,2025-01-25 23:59:17+00:00,13.9,120.45,86,2.1,021 km N 68° W of Calatagan (Batangas),Ms,TECTONIC
201,2025-01-25 23:49:53+00:00,13.86,120.49,61,1.8,016 km N 77° W of Calatagan (Batangas),Ms,TECTONIC
202,2025-01-25 22:46:05+00:00,8.09,126.74,23,2.0,036 km N 82° E of Lingig (Surigao Del Sur),Ms,TECTONIC
203,2025-01-25 22:18:23+00:00,13.82,120.52,80,1.8,012 km S 85° W of Calatagan (Batangas),Ms,TECTONIC
204,2025-01-25 22:01:36+00:00,11.07,124.55,16,1.8,012 km S 05° W of Kananga (Leyte),Ms,TECTONIC
205,2025-01-25 21:48:59+00:00,9.17,126.22,12,1.6,012 km N 29° E of City Of Tandag (Surigao Del Sur),Ms,TECTONIC
206,2025-01-25 21:42:18+00:00,9.97,125.18,20,2.2,010 km S 13° E of San Francisco (Southern Leyte),Ms,TECTONIC
207,2025-01-25 21:31:06+00:00,5.62,124.69,15,2.8,044 km S 51° W of Maasim (Sarangani),Ms,TECTONIC
208,2025-01-25 21:13:02+00:00,8.94,126.29,20,2.0,003 km S 16° E of Bayabas (Surigao Del Sur),Ms,TECTONIC
209,2025-01-25 20:54:05+00:00,11.94,120.72,1,2.0,057 km S 83° E of Coron (Palawan),Ms,TECTONIC
210,2025-01-25 20:34:20+00:00,9.54,122.44,27,2.7,008 km S 18° W of Hinoba-an (Negros Occidental),Ms,TECTONIC
211,2025-01-25 19:37:02+00:00,15.19,120.08,30,1.9,004 km N 32° E of Cabangan (Zambales),Ms,TECTONIC
212,2025-01-25 19:30:17+00:00,10.45,123.14,3,1.9,011 km N 51° W of City Of Canlaon (Negros Oriental),Ms,VOLCANO-TECTONIC
213,2025-01-25 19:29:58+00:00,8.9,126.53,28,1.5,025 km S 85° E of Cagwait (Surigao Del Sur),Ms,TECTONIC
214,2025-01-25 19:26:28+00:00,9.48,126.37,31,2.0,030 km N 40° E of Cortes (Surigao Del Sur),Ms,TECTONIC
215,2025-01-25 19:26:23+00:00,10.45,123.14,3,1.9,011 km N 50° W of City Of Canlaon (Negros Oriental),ML,VOLCANO-TECTONIC
216,2025-01-25 19:11:35+00:00,10.25,124.98,23,1.9,006 km S 01° W of Tomas Oppus (Southern Leyte),Ms,TECTONIC
217,2025-01-25 19:03:22+00:00,13.91,120.4,81,1.8,027 km N 71° W of Calatagan (Batangas),Ms,TECTONIC
218,2025-01-25 18:55:46+00:00,10.35,125.73,21,1.9,017 km S 86° E of Loreto (Dinagat Islands),Ms,TECTONIC
219,2025-01-25 18:39:48+00:00,9.37,126.3,26,2.2,016 km N 50° E of Cortes (Surigao Del Sur),Ms,TECTONIC
220,2025-01-25 18:14:30+00:00,10.01,125.19,34,1.4,006 km S 30° E of San Francisco (Southern Leyte),Ms,TECTONIC
221,2025-01-25 18:04:20+00:00,16.02,121.21,10,1.8,017 km N 68° E of Carranglan (Nueva Ecija),Ms,TECTONIC
222,2025-01-25 16:10:44+00:00,10.07,125.17,1,2.3,002 km N 35° E of San Francisco (Southern Leyte),Ms,TECTONIC
223,2025-01-25 16:08:03+00:00,7.74,125.48,9,1.7,016 km N 41° W of Talaingod (Davao Del Norte),Ms,TECTONIC
224,2025-01-25 15:50:19+00:00,17.49,121.38,31,2.5,009 km N 78° W of City Of Tabuk (Kalinga),Ms,TECTONIC
225,2025-01-25 15:28:10+00:00,8.74,126.41,17,2.0,013 km S 62° E of Marihatag (Surigao Del Sur),Ms,TECTONIC
226,2025-01-25 15:18:40+00:00,14.21,119.68,21,2.3,062 km N 51° W of Lubang (Occidental Mindoro),Ms,TECTONIC
227,2025-01-25 15:18:00+00:00,10.04,125.21,28,1.9,006 km S 71° E of San Francisco (Southern Leyte),Ms,TECTONIC
228,2025-01-25 14:39:33+00:00,10.14,126.21,1,2.5,020 km N 47° E of Burgos (Surigao Del Norte),Ms,TECTONIC
229,2025-01-25 14:13:35+00:00,10.07,125.21,34,2.0,006 km N 80° E of San Francisco (Southern Leyte),Ms,TECTONIC
230,2025-01-25 14:05:11+00:00,7.44,126.61,15,2.3,013 km N 23° E of Caraga (Davao Oriental),Ms,TECTONIC
231,2025-01-25 13:42:29+00:00,9.43,122.63,29,1.8,003 km N 22° W of Basay (Negros Oriental),Ms,TECTONIC
232,2025-01-25 13:34:33+00:00,9.38,126.34,32,1.6,020 km N 56° E of Cortes (Surigao Del Sur),Ms,TECTONIC
233,2025-01-25 13:13:47+00:00,7.79,122.3,9,1.4,021 km N 64° E of Siocon (Zamboanga Del Norte),Ms,TECTONIC
234,2025-01-25 13:04:26+00:00,7.15,125.75,53,2.4,009 km N 30° E of Island Garden City Of Samal (Davao Del Norte),Ms,TECTONIC
235,2025-01-25 13:02:59+00:00,8.62,126.27,34,1.4,015 km S 20° E of San Agustin (Surigao Del Sur),Ms,TECTONIC
236,2025-01-25 12:55:24+00:00,8.84,126.52,32,1.7,024 km N 79° E of Marihatag (Surigao Del Sur),Ms,TECTONIC
237,2025-01-25 12:34:50+00:00,17.98,121.63,17,1.9,009 km N 17° W of Alcala (Cagayan),Ms,TECTONIC
238,2025-01-25 12:26:07+00:00,9.66,126.2,32,1.7,014 km S 20° E of General Luna (Surigao Del Norte),Ms,TECTONIC
239,2025-01-25 11:46:37+00:00,11.59,125.26,1,2.0,018 km S 85° W of City Of Borongan (Eastern Samar),Ms,TECTONIC
240,2025-01-25 10:48:38+00:00,10.46,126.09,16,2.8,048 km N 02° E of Burgos (Surigao Del Norte),Ms,TECTONIC
241,2025-01-25 10:34:51+00:00,10.0,125.2,17,2.0,008 km S 40° E of San Francisco (Southern Leyte),Ms,TECTONIC
242,2025-01-25 10:34:04+00:00,10.03,125.16,29,1.6,003 km S 08° E of San Francisco (Southern Leyte),Ms,TECTONIC
243,2025-01-25 10:22:31+00:00,8.93,127.0,8,2.5,077 km N 89° E of Cagwait (Surigao Del Sur),Ms,TECTONIC
244,2025-01-25 10:13:22+00:00,12.4,120.75,33,2.0,025 km S 75° W of Rizal (Occidental Mindoro),Ms,TECTONIC
245,2025-01-25 09:00:10+00:00,11.27,124.59,6,2.3,006 km S 69° W of Capoocan (Leyte),Ms,TECTONIC
246,2025-01-25 08:14:46+00:00,8.5,126.82,1,2.2,055 km N 75° E of Hinatuan (Surigao Del Sur),Ms,TECTONIC
247,2025-01-25 06:54:41+00:00,8.49,126.76,2,2.9,048 km N 73° E of Hinatuan (Surigao Del Sur),Ms,TECTONIC
248,2025-01-25 04:55:50+00:00,10.02,125.25,18,2.5,012 km S 68° E of San Francisco (Southern Leyte),Ms,TECTONIC
249,2025-01-25 03:02:39+00:00,10.1,125.15,30,2.2,005 km N 05° W of San Francisco (Southern Leyte),Ms,TECTONIC
250,2025-01-25 03:00:32+00:00,8.62,126.52,47,2.8,032 km S 51° E of Marihatag (Surigao Del Sur),Ms,TECTONIC
251,2025-01-25 02:27:04+00:00,13.63,121.35,7,2.6,016 km S 82° E of Lobo (Batangas),Ms,TECTONIC
252,2025-01-25 02:22:00+00:00,13.98,120.61,93,2.0,008 km S 39° W of Lian (Batangas),Ms,TECTONIC
253,2025-01-25 01:13:42+00:00,10.02,125.22,22,2.2,008 km S 61° E of San Francisco (Southern Leyte),Ms,TECTONIC
254,2025-01-25 00:36:42+00:00,8.04,126.04,15,1.9,010 km S 74° E of Veruela (Agusan Del Sur),Ms,TECTONIC
255,2025-01-25 00:34:34+00:00,9.95,126.18,25,2.4,019 km N 06° E of General Luna (Surigao Del Norte),Ms,TECTONIC
256,2025-01-25 00:12:14+00:00,9.93,126.03,16,3.8,011 km S 27° W of Burgos (Surigao Del Norte),Ms,TECTONIC
257,2025-01-25 00:04:49+00:00,9.95,126.17,32,2.3,010 km N 79° E of San Isidro (Surigao Del Norte),Ms,TECTONIC
258,2025-01-24 23:44:33+00:00,14.75,119.48,17,3.0,069 km S 71° W of San Antonio (Zambales),Ms,TECTONIC
259,2025-01-24 23:25:16+00:00,9.25,125.63,19,2.4,008 km S 79° E of Santiago (Agusan Del Norte),Ms,TECTONIC
260,2025-01-24 21:55:27+00:00,10.05,125.18,10,2.0,002 km S 78° E of San Francisco (Southern Leyte),Ms,TECTONIC
261,2025-01-24 21:48:22+00:00,7.74,122.04,33,3.0,011 km N 73° W of Siocon (Zamboanga Del Norte),Ms,TECTONIC
262,2025-01-24 21:38:34+00:00,16.29,121.95,24,1.4,017 km N 02° W of Dinalungan (Aurora),Ms,TECTONIC
263,2025-01-24 21:30:17+00:00,10.34,122.4,24,2.0,026 km S 38° W of Nueva Valencia (Guimaras),Ms,TECTONIC
264,2025-01-24 21:16:41+00:00,10.01,125.21,19,2.7,007 km S 47° E of San Francisco (Southern Leyte),Ms,TECTONIC
265,2025-01-24 20:34:58+00:00,9.98,125.23,16,2.9,012 km S 41° E of San Francisco (Southern Leyte),Ms,TECTONIC
266,2025-01-24 20:16:27+00:00,14.5,122.08,101,1.5,028 km S 32° E of Polillo (Quezon),Ms,TECTONIC
267,2025-01-24 20:14:48+00:00,8.4,126.43,22,1.9,037 km S 67° E of Barobo (Surigao Del Sur),Ms,TECTONIC
268,2025-01-24 20:10:53+00:00,13.64,120.15,5,2.7,024 km S 06° E of Lubang (Occidental Mindoro),Ms,TECTONIC
269,2025-01-24 20:07:58+00:00,8.38,126.29,84,2.5,005 km N 77° W of Hinatuan (Surigao Del Sur),Ms,TECTONIC
270,2025-01-24 19:56:14+00:00,9.82,126.14,33,2.1,004 km N 22° W of General Luna (Surigao Del Norte),Ms,TECTONIC
271,2025-01-24 19:52:26+00:00,15.03,120.4,5,1.8,015 km N 66° W of Floridablanca (Pampanga),ML,VOLCANIC
272,2025-01-24 19:34:02+00:00,9.99,125.18,7,2.0,008 km S 15° E of San Francisco (Southern Leyte),Ms,TECTONIC
273,2025-01-24 19:29:50+00:00,18.85,121.04,11,1.9,028 km N 09° W of Claveria (Cagayan),Ms,TECTONIC
274,2025-01-24 18:59:04+00:00,12.65,123.44,3,1.5,016 km N 17° E of Aroroy (Masbate),Ms,TECTONIC
275,2025-01-24 18:55:23+00:00,5.8,126.13,156,2.5,055 km S 77° E of Jose Abad Santos (Davao Occidental),Ms,TECTONIC
276,2025-01-24 18:21:56+00:00,11.93,125.05,28,1.4,014 km S 11° E of San Jose De Buan (Samar),Ms,TECTONIC
277,2025-01-24 18:06:51+00:00,15.0,122.05,15,1.7,020 km N 27° E of Burdeos (Quezon),Ms,TECTONIC
278,2025-01-24 18:06:01+00:00,9.8,122.49,13,1.4,007 km N 64° E of City Of Sipalay (Negros Occidental),Ms,TECTONIC
279,2025-01-24 17:42:26+00:00,18.39,121.3,88,2.2,018 km N 25° W of Pudtol (Apayao),Ms,TECTONIC
280,2025-01-24 17:40:32+00:00,13.02,124.41,26,1.8,024 km S 85° E of Prieto Diaz (Sorsogon),Ms,TECTONIC
281,2025-01-24 17:33:47+00:00,13.63,120.53,86,3.2,024 km N 16° E of Paluan (Occidental Mindoro),Ms,TECTONIC
282,2025-01-24 17:30:21+00:00,6.94,124.97,10,2.3,010 km S 86° E of M'lang (Cotabato),Ms,TECTONIC
283,2025-01-24 17:15:54+00:00,10.04,125.19,27,2.2,004 km S 68° E of San Francisco (Southern Leyte),Ms,TECTONIC
284,2025-01-24 17:02:06+00:00,10.37,125.92,17,3.0,041 km N 18° W of Santa Monica (Surigao Del Norte),Ms,TECTONIC
285,2025-01-24 16:06:53+00:00,10.09,125.19,9,2.9,005 km N 42° E of San Francisco (Southern Leyte),Ms,TECTONIC
286,2025-01-24 15:56:42+00:00,10.03,125.2,25,1.4,006 km S 61° E of San Francisco (Southern Leyte),Ms,TECTONIC
287,2025-01-24 15:53:46+00:00,18.94,121.07,4,2.4,024 km S 38° W of Dalupiri Island (Calayan) (Cagayan),Ms,TECTONIC
288,2025-01-24 15:34:53+00:00,9.99,125.21,35,2.1,009 km S 41° E of San Francisco (Southern Leyte),Ms,TECTONIC
289,2025-01-24 15:16:50+00:00,16.74,120.5,30,2.0,012 km S 08° W of Sugpon (Ilocos Sur),Ms,TECTONIC
290,2025-01-24 14:53:20+00:00,10.0,125.22,20,2.0,009 km S 47° E of San Francisco (Southern Leyte),Ms,TECTONIC
291,2025-01-24 14:34:47+00:00,8.82,126.6,24,2.0,034 km N 86° E of Marihatag (Surigao Del Sur),Ms,TECTONIC
292,2025-01-24 14:23:45+00:00,17.48,120.66,1,2.6,007 km N 39° W of Manabo (Abra),Ms,TECTONIC
293,2025-01-24 14:19:33+00:00,10.07,125.22,33,1.8,007 km N 82° E of San Francisco (Southern Leyte),Ms,TECTONIC
294,2025-01-24 13:56:37+00:00,10.04,125.24,23,2.2,009 km S 81° E of San Francisco (Southern Leyte),Ms,TECTONIC
295,2025-01-24 13:56:04+00:00,8.88,126.63,22,1.6,037 km S 84° E of Cagwait (Surigao Del Sur),Ms,TECTONIC
296,2025-01-24 13:55:51+00:00,14.02,120.59,94,1.6,007 km S 76° W of Lian (Batangas),Ms,TECTONIC
297,2025-01-24 13:15:00+00:00,10.09,125.19,17,2.1,005 km N 46° E of San Francisco (Southern Leyte),Ms,TECTONIC
298,2025-01-24 12:54:37+00:00,10.02,125.09,15,1.6,008 km S 61° W of San Francisco (Southern Leyte),Ms,TECTONIC
299,2025-01-24 12:28:39+00:00,10.09,125.21,3,2.7,007 km N 61° E of San Francisco (Southern Leyte),Ms,TECTONIC
300,2025-01-24 12:19:14+00:00,10.06,126.77,8,4.0,073 km N 65° E of General Luna (Surigao Del Norte),Ms,TECTONIC
301,2025-01-24 12:14:19+00:00,10.05,125.18,32,1.4,003 km S 68° E of San Francisco (Southern Leyte),Ms,TECTONIC
302,2025-01-24 11:51:30+00:00,10.11,125.17,32,2.1,006 km N 16° E of San Francisco (Southern Leyte),Ms,TECTONIC
303,2025-01-24 10:45:40+00:00,5.22,125.79,93,2.2,045 km S 52° E of Sarangani Island (Municipality Of Sarangani) (Davao Occidental),Ms,TECTONIC
304,2025-01-24 10:10:59+00:00,8.5,125.94,11,1.8,019 km N 72° E of Talacogon (Agusan Del Sur),Ms,TECTONIC
305,2025-01-24 09:06:39+00:00,12.45,123.96,19,1.6,019 km N 81° E of Batuan (Masbate),Ms,TECTONIC
306,2025-01-24 07:56:39+00:00,9.88,126.09,20,2.4,002 km N 42° W of Pilar (Surigao Del Norte),Ms,TECTONIC
307,2025-01-24 07:35:58+00:00,9.98,125.15,33,2.2,009 km S 08° W of San Francisco (Southern Leyte),Ms,TECTONIC
308,2025-01-24 06:53:47+00:00,9.99,126.06,9,2.8,003 km S 27° W of Burgos (Surigao Del Norte),Ms,TECTONIC
309,2025-01-24 06:33:19+00:00,8.17,126.2,33,2.2,014 km S 69° W of City Of Bislig (Surigao Del Sur),Ms,TECTONIC
310,2025-01-24 05:34:19+00:00,12.34,123.76,11,2.5,009 km S 11° W of Batuan (Masbate),Ms,TECTONIC
311,2025-01-24 04:12:38+00:00,9.98,125.18,6,2.7,008 km S 20° E of San Francisco (Southern Leyte),Ms,TECTONIC
312,2025-01-24 04:01:09+00:00,8.68,126.55,30,1.8,030 km S 65° E of Marihatag (Surigao Del Sur),Ms,TECTONIC
313,2025-01-24 03:18:12+00:00,13.55,119.9,35,1.6,042 km S 64° W of Looc (Occidental Mindoro),Ms,TECTONIC
314,2025-01-24 03:05:29+00:00,10.15,125.23,33,1.8,013 km N 39° E of San Francisco (Southern Leyte),Ms,TECTONIC
315,2025-01-24 02:56:21+00:00,9.95,125.15,30,1.6,012 km S 05° W of San Francisco (Southern Leyte),Ms,TECTONIC
316,2025-01-24 02:49:01+00:00,8.64,125.54,12,2.1,025 km S 71° W of City Of Bayugan (Agusan Del Sur),Ms,TECTONIC
317,2025-01-24 02:42:16+00:00,9.57,122.49,19,3.0,004 km S 43° E of Hinoba-an (Negros Occidental),Ms,TECTONIC
318,2025-01-24 02:28:08+00:00,7.98,126.4,31,2.4,007 km S 14° W of Lingig (Surigao Del Sur),Ms,TECTONIC
319,2025-01-24 01:54:20+00:00,10.04,125.23,16,1.7,008 km S 73° E of San Francisco (Southern Leyte),Ms,TECTONIC
320,2025-01-24 01:48:33+00:00,17.11,122.63,1,2.7,022 km N 77° E of Palanan (Isabela),Ms,TECTONIC
321,2025-01-24 01:20:04+00:00,12.88,122.84,8,2.9,031 km S 28° W of San Pascual (Masbate),Ms,TECTONIC
322,2025-01-24 00:55:31+00:00,9.79,126.29,33,2.5,015 km N 87° E of General Luna (Surigao Del Norte),Ms,TECTONIC
323,2025-01-24 00:34:50+00:00,12.36,125.49,9,2.2,020 km N 07° W of San Policarpo (Eastern Samar),Ms,TECTONIC
324,2025-01-24 00:17:51+00:00,9.03,125.83,16,1.7,025 km N 67° W of San Miguel (Surigao Del Sur),Ms,TECTONIC
325,2025-01-23 23:24:19+00:00,8.2,126.15,34,1.9,019 km S 84° W of City Of Bislig (Surigao Del Sur),Ms,TECTONIC
326,2025-01-23 23:00:54+00:00,10.12,125.23,24,2.1,010 km N 49° E of San Francisco (Southern Leyte),Ms,TECTONIC
327,2025-01-23 22:47:53+00:00,9.97,125.19,11,1.8,010 km S 18° E of San Francisco (Southern Leyte),Ms,TECTONIC
328,2025-01-23 22:35:03+00:00,13.19,120.56,3,1.6,006 km S 44° W of Mamburao (Occidental Mindoro),Ms,TECTONIC
329,2025-01-23 22:05:24+00:00,10.25,125.28,26,1.5,003 km S 42° E of Anahawan (Southern Leyte),Ms,TECTONIC
330,2025-01-23 22:03:29+00:00,10.19,125.27,22,2.5,020 km N 40° E of San Francisco (Southern Leyte),Ms,TECTONIC
331,2025-01-23 21:59:58+00:00,10.0,125.2,33,1.9,008 km S 37° E of San Francisco (Southern Leyte),Ms,TECTONIC
332,2025-01-23 21:56:59+00:00,17.88,120.41,1,3.6,006 km N 76° W of Sinait (Ilocos Sur),Ms,TECTONIC
333,2025-01-23 21:45:38+00:00,13.93,120.42,78,2.6,026 km N 64° W of Calatagan (Batangas),Ms,TECTONIC
334,2025-01-23 21:26:02+00:00,10.18,125.26,18,2.0,018 km N 39° E of San Francisco (Southern Leyte),Ms,TECTONIC
335,2025-01-23 21:16:55+00:00,8.2,123.19,23,1.7,010 km S 57° E of Siayan (Zamboanga Del Norte),Ms,TECTONIC
336,2025-01-23 21:13:24+00:00,10.07,125.23,28,1.7,008 km N 83° E of San Francisco (Southern Leyte),Ms,TECTONIC
337,2025-01-23 21:03:34+00:00,18.21,120.88,1,1.7,010 km N 40° E of Carasi (Ilocos Norte),Ms,TECTONIC
338,2025-01-23 20:50:50+00:00,9.96,125.19,33,1.4,011 km S 17° E of San Francisco (Southern Leyte),Ms,TECTONIC
339,2025-01-23 20:48:49+00:00,8.99,126.52,29,2.2,027 km N 86° E of Bayabas (Surigao Del Sur),Ms,TECTONIC
340,2025-01-23 20:48:17+00:00,10.01,125.12,33,1.6,007 km S 38° W of San Francisco (Southern Leyte),Ms,TECTONIC
341,2025-01-23 20:35:39+00:00,10.1,125.19,32,2.1,006 km N 40° E of San Francisco (Southern Leyte),Ms,TECTONIC
342,2025-01-23 20:28:46+00:00,7.55,122.93,38,1.4,005 km N 17° W of Alicia (Zamboanga Sibugay),Ms,TECTONIC
343,2025-01-23 20:25:21+00:00,9.99,125.12,32,1.4,008 km S 28° W of San Francisco (Southern Leyte),Ms,TECTONIC
344,2025-01-23 20:23:33+00:00,10.08,125.18,32,1.5,004 km N 39° E of San Francisco (Southern Leyte),Ms,TECTONIC
345,2025-01-23 20:21:04+00:00,13.75,120.15,28,1.4,011 km N 75° W of Looc (Occidental Mindoro),Ms,TECTONIC
346,2025-01-23 20:20:16+00:00,13.95,120.43,78,1.4,025 km N 59° W of Calatagan (Batangas),Ms,TECTONIC
347,2025-01-23 20:14:31+00:00,10.02,125.2,33,2.3,006 km S 51° E of San Francisco (Southern Leyte),Ms,TECTONIC
348,2025-01-23 19:37:06+00:00,13.95,120.6,91,2.2,013 km N 17° W of Calatagan (Batangas),Ms,TECTONIC
349,2025-01-23 19:15:49+00:00,9.98,125.2,24,2.1,010 km S 30° E of San Francisco (Southern Leyte),Ms,TECTONIC
350,2025-01-23 19:02:09+00:00,8.02,126.68,37,2.1,030 km S 87° E of Lingig (Surigao Del Sur),Ms,TECTONIC
351,2025-01-23 19:01:40+00:00,10.11,125.23,8,2.4,010 km N 52° E of San Francisco (Southern Leyte),Ms,TECTONIC
352,2025-01-23 18:51:54+00:00,10.62,125.65,88,4.4,015 km S 32° W of Homonhon Island (Guiuan) (Eastern Samar),Mw,TECTONIC
353,2025-01-23 18:42:28+00:00,10.9,124.98,19,1.6,003 km N 68° E of La Paz (Leyte),Ms,TECTONIC
354,2025-01-23 18:33:12+00:00,10.07,125.21,9,2.0,006 km N 76° E of San Francisco (Southern Leyte),Ms,TECTONIC
355,2025-01-23 18:29:38+00:00,10.02,125.22,33,1.5,008 km S 58° E of San Francisco (Southern Leyte),Ms,TECTONIC
356,2025-01-23 18:24:06+00:00,10.04,125.14,34,1.5,003 km S 33° W of San Francisco (Southern Leyte),Ms,TECTONIC
357,2025-01-23 18:22:54+00:00,18.64,121.18,6,1.9,011 km N 69° E of Claveria (Cagayan),Ms,TECTONIC
358,2025-01-23 18:19:42+00:00,9.89,125.14,27,1.7,019 km S 04° W of San Francisco (Southern Leyte),Ms,TECTONIC
359,2025-01-23 18:03:55+00:00,8.11,126.89,4,3.6,053 km N 81° E of Lingig (Surigao Del Sur),Ms,TECTONIC
360,2025-01-23 17:46:21+00:00,10.06,125.23,22,2.5,008 km N 85° E of San Francisco (Southern Leyte),Ms,TECTONIC
361,2025-01-23 17:40:26+00:00,10.17,125.28,24,2.3,018 km N 47° E of San Francisco (Southern Leyte),Ms,TECTONIC
362,2025-01-23 17:30:27+00:00,8.12,126.61,32,1.7,023 km N 67° E of Lingig (Surigao Del Sur),Ms,TECTONIC
363,2025-01-23 17:28:31+00:00,10.0,125.2,14,2.2,007 km S 37° E of San Francisco (Southern Leyte),Ms,TECTONIC
364,2025-01-23 17:18:02+00:00,9.93,125.19,35,1.8,015 km S 14° E of San Francisco (Southern Leyte),Ms,TECTONIC
365,2025-01-23 17:17:33+00:00,8.14,126.82,11,2.0,046 km N 77° E of Lingig (Surigao Del Sur),Ms,TECTONIC
366,2025-01-23 17:16:21+00:00,8.18,126.72,14,2.1,038 km N 65° E of Lingig (Surigao Del Sur),Ms,TECTONIC
367,2025-01-23 17:09:01+00:00,10.03,125.21,25,2.0,007 km S 65° E of San Francisco (Southern Leyte),Ms,TECTONIC
368,2025-01-23 16:35:36+00:00,8.08,124.11,31,1.4,013 km S 28° W of Linamon (Lanao Del Norte),Ms,TECTONIC
369,2025-01-23 16:29:43+00:00,15.36,119.09,22,2.1,088 km S 84° W of Palauig (Zambales),Ms,TECTONIC
370,2025-01-23 16:26:47+00:00,10.1,125.18,32,1.7,005 km N 32° E of San Francisco (Southern Leyte),Ms,TECTONIC
371,2025-01-23 16:26:33+00:00,7.67,122.3,31,2.5,019 km S 78° E of Siocon (Zamboanga Del Norte),Ms,TECTONIC
372,2025-01-23 16:22:39+00:00,8.01,126.55,21,1.9,016 km S 78° E of Lingig (Surigao Del Sur),Ms,TECTONIC
373,2025-01-23 16:16:35+00:00,11.74,125.17,22,1.8,012 km N 71° E of Hinabangan (Samar),Ms,TECTONIC
374,2025-01-23 15:56:38+00:00,10.05,125.2,33,1.8,005 km S 77° E of San Francisco (Southern Leyte),Ms,TECTONIC
375,2025-01-23 15:55:24+00:00,8.37,125.85,33,2.2,011 km N 26° E of La Paz (Agusan Del Sur),Ms,TECTONIC
376,2025-01-23 15:53:30+00:00,10.01,125.21,33,1.5,009 km S 48° E of San Francisco (Southern Leyte),Ms,TECTONIC
377,2025-01-23 15:45:54+00:00,9.5,126.35,35,2.2,038 km S 34° E of General Luna (Surigao Del Norte),Ms,TECTONIC
378,2025-01-23 15:45:10+00:00,12.26,125.06,32,1.6,009 km S 22° E of Las Navas (Northern Samar),Ms,TECTONIC
379,2025-01-23 15:34:07+00:00,9.89,125.07,17,1.3,021 km S 26° W of San Francisco (Southern Leyte),Ms,TECTONIC
380,2025-01-23 15:24:10+00:00,9.53,124.62,5,2.1,024 km S 13° E of Anda (Bohol),Ms,TECTONIC
381,2025-01-23 15:07:56+00:00,10.11,125.08,31,1.8,010 km N 57° W of San Francisco (Southern Leyte),Ms,TECTONIC
382,2025-01-23 14:56:12+00:00,17.32,120.44,83,3.5,002 km N 10° W of Santiago (Ilocos Sur),Ms,TECTONIC
383,2025-01-23 14:52:44+00:00,17.2,120.43,8,2.1,004 km N 21° W of City Of Candon (Ilocos Sur),Ms,TECTONIC
384,2025-01-23 14:44:23+00:00,10.04,125.2,34,2.0,005 km S 71° E of San Francisco (Southern Leyte),Ms,TECTONIC
385,2025-01-23 14:35:44+00:00,5.77,123.94,24,2.2,056 km S 30° W of Palimbang (Sultan Kudarat),Ms,TECTONIC
386,2025-01-23 14:29:15+00:00,7.77,122.3,7,1.8,019 km N 69° E of Siocon (Zamboanga Del Norte),Ms,TECTONIC
387,2025-01-23 14:18:52+00:00,8.58,126.8,4,3.7,056 km N 65° E of Hinatuan (Surigao Del Sur),Ms,TECTONIC
388,2025-01-23 14:13:44+00:00,10.69,122.92,32,2.1,009 km S 42° W of City Of Talisay (Negros Occidental),Ms,TECTONIC
389,2025-01-23 14:01:29+00:00,13.98,120.46,87,2.1,021 km S 60° W of Nasugbu (Batangas),Ms,TECTONIC
390,2025-01-23 13:54:00+00:00,18.5,121.0,7,2.0,007 km S 10° E of Santa Praxedes (Cagayan),Ms,TECTONIC
391,2025-01-23 13:37:24+00:00,6.21,124.03,33,2.0,019 km N 86° W of Palimbang (Sultan Kudarat),Ms,TECTONIC
392,2025-01-23 13:31:47+00:00,4.12,125.77,2,2.8,148 km S 15° E of Balut Island (Municipality Of Sarangani) (Davao Occidental),Ms,TECTONIC
393,2025-01-23 13:14:38+00:00,15.01,119.98,32,2.5,011 km S 89° W of San Narciso (Zambales),Ms,TECTONIC
394,2025-01-23 12:40:25+00:00,10.28,125.34,51,2.2,013 km S 50° E of Hinundayan (Southern Leyte),Ms,TECTONIC
395,2025-01-23 12:32:25+00:00,8.85,126.52,31,2.8,025 km N 77° E of Marihatag (Surigao Del Sur),Ms,TECTONIC
396,2025-01-23 12:12:14+00:00,10.01,125.17,15,2.3,006 km S 19° E of San Francisco (Southern Leyte),Ms,TECTONIC
397,2025-01-23 12:11:35+00:00,9.97,125.2,20,2.3,011 km S 23° E of San Francisco (Southern Leyte),Ms,TECTONIC
398,2025-01-23 11:35:11+00:00,10.02,125.2,9,2.8,006 km S 46° E of San Francisco (Southern Leyte),Ms,TECTONIC
399,2025-01-23 11:23:46+00:00,14.99,119.98,22,2.7,011 km S 76° W of San Narciso (Zambales),Ms,TECTONIC
400,2025-01-23 10:44:39+00:00,9.96,125.2,21,2.3,012 km S 26° E of San Francisco (Southern Leyte),Ms,TECTONIC
401,2025-01-23 10:41:39+00:00,8.47,126.54,19,2.5,026 km N 62° E of Hinatuan (Surigao Del Sur),Ms,TECTONIC
402,2025-01-23 10:12:29+00:00,7.41,123.58,34,1.8,019 km S 71° E of Tabina (Zamboanga Del Sur),Ms,TECTONIC
403,2025-01-23 09:45:03+00:00,10.04,125.16,34,1.7,002 km S 11° E of San Francisco (Southern Leyte),Ms,TECTONIC
404,2025-01-23 09:34:40+00:00,6.68,126.24,29,3.4,018 km N 80° E of Governor Generoso (Davao Oriental),Ms,TECTONIC
405,2025-01-23 09:31:53+00:00,15.66,121.41,32,1.5,014 km S 61° W of San Luis (Aurora),Ms,TECTONIC
406,2025-01-23 09:21:50+00:00,10.15,125.25,25,2.0,014 km N 44° E of San Francisco (Southern Leyte),Ms,TECTONIC
407,2025-01-23 09:18:17+00:00,10.01,125.19,13,2.7,007 km S 30° E of San Francisco (Southern Leyte),Ms,TECTONIC
408,2025-01-23 08:54:01+00:00,10.01,125.13,33,1.9,006 km S 34° W of San Francisco (Southern Leyte),Ms,TECTONIC
409,2025-01-23 08:23:36+00:00,9.7,126.21,32,2.4,011 km S 32° E of General Luna (Surigao Del Norte),Ms,TECTONIC
410,2025-01-23 07:58:57+00:00,10.08,125.21,21,2.3,006 km N 65° E of San Francisco (Southern Leyte),Ms,TECTONIC
411,2025-01-23 07:39:30+00:00,5.09,125.22,41,3.1,042 km S 32° W of Balut Island (Municipality Of Sarangani) (Davao Occidental),Ms,TECTONIC
412,2025-01-23 07:35:24+00:00,8.65,126.86,7,2.0,064 km S 75° E of Marihatag (Surigao Del Sur),Ms,TECTONIC
413,2025-01-23 06:52:38+00:00,10.08,125.23,23,2.3,008 km N 69° E of San Francisco (Southern Leyte),Ms,TECTONIC
414,2025-01-23 06:34:58+00:00,10.18,125.16,31,1.6,014 km N 01° E of San Francisco (Southern Leyte),Ms,TECTONIC
415,2025-01-23 06:29:08+00:00,12.69,123.4,33,2.2,020 km N 01° W of Aroroy (Masbate),Ms,TECTONIC
416,2025-01-23 05:33:31+00:00,10.19,125.17,31,2.0,015 km N 05° E of San Francisco (Southern Leyte),Ms,TECTONIC
417,2025-01-23 05:22:33+00:00,10.14,125.29,21,1.9,017 km N 57° E of San Francisco (Southern Leyte),Ms,TECTONIC
418,2025-01-23 04:56:24+00:00,10.03,125.21,23,1.8,006 km S 66° E of San Francisco (Southern Leyte),Ms,TECTONIC
419,2025-01-23 03:46:18+00:00,7.7,122.27,27,2.2,015 km S 87° E of Siocon (Zamboanga Del Norte),Ms,TECTONIC
420,2025-01-23 03:41:13+00:00,7.69,122.12,39,5.4,002 km S 34° W of Siocon (Zamboanga Del Norte),Mw,TECTONIC
421,2025-01-23 03:02:08+00:00,10.15,125.22,16,2.3,012 km N 33° E of San Francisco (Southern Leyte),Ms,TECTONIC
422,2025-01-23 02:58:07+00:00,9.99,125.18,19,2.8,008 km S 16° E of San Francisco (Southern Leyte),Ms,TECTONIC
423,2025-01-23 02:51:53+00:00,9.98,125.17,19,1.8,008 km S 11° E of San Francisco (Southern Leyte),Ms,TECTONIC
424,2025-01-23 02:42:23+00:00,9.93,125.21,22,2.5,004 km S 70° W of Pintuyan (Southern Leyte),Ms,TECTONIC
425,2025-01-23 02:40:21+00:00,10.05,125.18,30,1.9,002 km S 78° E of San Francisco (Southern Leyte),Ms,TECTONIC
426,2025-01-23 02:27:29+00:00,9.98,125.26,32,1.8,014 km S 53° E of San Francisco (Southern Leyte),Ms,TECTONIC
427,2025-01-23 02:22:59+00:00,9.45,126.76,21,2.1,065 km N 73° E of Cortes (Surigao Del Sur),Ms,TECTONIC
428,2025-01-23 02:18:54+00:00,7.39,126.76,13,2.5,023 km N 73° E of Caraga (Davao Oriental),Ms,TECTONIC
429,2025-01-23 02:04:20+00:00,9.99,125.15,19,2.3,008 km S 04° W of San Francisco (Southern Leyte),Ms,TECTONIC
430,2025-01-23 01:59:56+00:00,10.05,125.21,24,2.7,005 km S 82° E of San Francisco (Southern Leyte),Ms,TECTONIC
431,2025-01-23 01:50:46+00:00,9.98,125.19,20,2.3,009 km S 27° E of San Francisco (Southern Leyte),Ms,TECTONIC
432,2025-01-23 01:45:10+00:00,9.96,125.24,10,2.9,010 km S 36° E of San Francisco (Southern Leyte),Ms,TECTONIC
433,2025-01-23 01:36:35+00:00,10.14,125.13,36,1.6,009 km N 17° W of San Francisco (Southern Leyte),Ms,TECTONIC
434,2025-01-23 01:24:57+00:00,9.99,125.26,32,1.7,013 km S 57° E of San Francisco (Southern Leyte),Ms,TECTONIC
435,2025-01-23 01:18:36+00:00,13.94,120.4,84,2.6,028 km N 65° W of Calatagan (Batangas),Ms,TECTONIC
436,2025-01-23 01:18:04+00:00,9.68,126.19,32,1.6,012 km S 19° E of General Luna (Surigao Del Norte),Ms,TECTONIC
437,2025-01-23 01:07:59+00:00,10.08,125.25,8,2.0,010 km N 76° E of San Francisco (Southern Leyte),Ms,TECTONIC
438,2025-01-23 01:01:57+00:00,9.99,125.2,20,3.1,009 km S 31° E of San Francisco (Southern Leyte),Ms,TECTONIC
439,2025-01-23 00:48:30+00:00,10.03,125.21,19,2.4,006 km S 62° E of San Francisco (Southern Leyte),Ms,TECTONIC
440,2025-01-23 00:42:05+00:00,10.0,125.21,19,2.2,008 km S 42° E of San Francisco (Southern Leyte),Ms,TECTONIC
441,2025-01-23 00:39:07+00:00,10.04,125.2,13,1.7,005 km S 68° E of San Francisco (Southern Leyte),Ms,TECTONIC
442,2025-01-23 00:18:47+00:00,10.02,125.16,33,1.8,005 km S 07° E of San Francisco (Southern Leyte),Ms,TECTONIC
443,2025-01-23 00:18:00+00:00,10.15,125.16,41,1.6,011 km N 02° E of San Francisco (Southern Leyte),Ms,TECTONIC
444,2025-01-23 00:16:14+00:00,10.02,125.21,14,1.8,008 km S 55° E of San Francisco (Southern Leyte),Ms,TECTONIC
445,2025-01-23 00:03:09+00:00,10.05,125.2,8,1.7,005 km S 77° E of San Francisco (Southern Leyte),Ms,TECTONIC
446,2025-01-22 23:59:34+00:00,10.04,125.2,23,2.4,005 km S 66° E of San Francisco (Southern Leyte),Ms,TECTONIC
447,2025-01-22 23:56:36+00:00,9.98,125.18,19,2.6,009 km S 13° E of San Francisco (Southern Leyte),Ms,TECTONIC
448,2025-01-22 23:53:14+00:00,10.1,125.19,17,2.4,006 km N 33° E of San Francisco (Southern Leyte),Ms,TECTONIC
449,2025-01-22 23:44:59+00:00,10.14,125.18,2,2.8,010 km N 17° E of San Francisco (Southern Leyte),Ms,TECTONIC
450,2025-01-22 23:39:47+00:00,10.01,125.18,11,5.8,006 km S 22° E of San Francisco (Southern Leyte),Mw,TECTONIC
451,2025-01-22 23:34:23+00:00,7.27,123.58,25,2.7,029 km S 41° E of Tabina (Zamboanga Del Sur),Ms,TECTONIC
452,2025-01-22 23:02:35+00:00,7.89,126.41,22,1.9,005 km N 63° E of Boston (Davao Oriental),Ms,TECTONIC
453,2025-01-22 22:42:03+00:00,6.46,124.05,3,2.2,011 km S 02° E of Kalamansig (Sultan Kudarat),Ms,TECTONIC
454,2025-01-22 22:22:30+00:00,8.83,126.55,11,3.8,028 km N 83° E of Marihatag (Surigao Del Sur),Ms,TECTONIC
455,2025-01-22 22:19:18+00:00,8.22,126.92,14,2.5,059 km N 70° E of Lingig (Surigao Del Sur),Ms,TECTONIC
456,2025-01-22 22:18:27+00:00,8.89,122.48,10,2.9,060 km S 17° W of Basay (Negros Oriental),Ms,TECTONIC
457,2025-01-22 21:57:58+00:00,8.34,127.28,1,3.0,101 km N 71° E of Lingig (Surigao Del Sur),Ms,TECTONIC
458,2025-01-22 20:37:46+00:00,7.41,126.29,32,2.3,021 km N 61° E of Maragusan (Davao De Oro),Ms,TECTONIC
459,2025-01-22 20:15:09+00:00,12.02,125.09,28,2.4,008 km S 65° E of San Jose De Buan (Samar),Ms,TECTONIC
460,2025-01-22 19:49:50+00:00,13.96,120.52,91,1.8,017 km S 44° W of Nasugbu (Batangas),Ms,TECTONIC
461,2025-01-22 19:30:23+00:00,8.3,126.61,56,2.3,031 km S 77° E of Hinatuan (Surigao Del Sur),Ms,TECTONIC
462,2025-01-22 19:08:31+00:00,15.57,119.32,5,2.5,067 km S 71° W of Santa Cruz (Zambales),Ms,TECTONIC
463,2025-01-22 19:06:27+00:00,9.73,122.26,26,1.9,020 km S 77° W of City Of Sipalay (Negros Occidental),Ms,TECTONIC
464,2025-01-22 19:05:14+00:00,17.47,120.13,4,2.2,028 km S 73° W of Caoayan (Ilocos Sur),Ms,TECTONIC
465,2025-01-22 18:50:26+00:00,9.48,122.39,10,2.2,016 km S 29° W of Hinoba-an (Negros Occidental),Ms,TECTONIC
466,2025-01-22 18:40:30+00:00,10.34,125.17,20,2.1,007 km S 24° W of Hinunangan (Southern Leyte),Ms,TECTONIC
467,2025-01-22 18:33:03+00:00,9.67,126.21,34,1.3,013 km S 27° E of General Luna (Surigao Del Norte),Ms,TECTONIC
468,2025-01-22 18:25:16+00:00,10.05,126.08,10,1.7,003 km N 14° E of Burgos (Surigao Del Norte),Ms,TECTONIC
469,2025-01-22 18:25:08+00:00,7.69,126.86,12,2.9,035 km N 69° E of Baganga (Davao Oriental),Ms,TECTONIC
470,2025-01-22 18:18:39+00:00,18.22,122.03,3,1.5,006 km S 31° E of Gonzaga (Cagayan),Ms,TECTONIC
471,2025-01-22 18:17:28+00:00,12.79,124.69,9,2.5,031 km N 12° W of Mondragon (Northern Samar),Ms,TECTONIC
472,2025-01-22 18:10:01+00:00,9.01,126.5,23,2.4,024 km N 78° E of Bayabas (Surigao Del Sur),Ms,TECTONIC
473,2025-01-22 17:56:44+00:00,13.53,120.68,85,2.1,011 km N 26° W of Abra De Ilog (Occidental Mindoro),Ms,TECTONIC
474,2025-01-22 17:48:13+00:00,13.88,120.41,77,1.8,024 km N 77° W of Calatagan (Batangas),Ms,TECTONIC
475,2025-01-22 17:07:08+00:00,13.92,120.45,78,1.4,022 km N 63° W of Calatagan (Batangas),Ms,TECTONIC
476,2025-01-22 16:52:05+00:00,8.89,126.5,27,1.8,022 km S 81° E of Cagwait (Surigao Del Sur),Ms,TECTONIC
477,2025-01-22 16:32:07+00:00,7.82,127.18,2,2.9,073 km N 68° E of Baganga (Davao Oriental),Ms,TECTONIC
478,2025-01-22 16:27:29+00:00,16.88,122.56,15,2.5,025 km S 34° E of Palanan (Isabela),Ms,TECTONIC
479,2025-01-22 15:46:09+00:00,17.87,120.31,25,2.9,015 km N 87° W of Sinait (Ilocos Sur),Ms,TECTONIC
480,2025-01-22 15:35:55+00:00,9.7,126.31,31,1.9,020 km S 61° E of General Luna (Surigao Del Norte),Ms,TECTONIC
481,2025-01-22 14:57:51+00:00,9.68,126.24,34,1.7,015 km S 38° E of General Luna (Surigao Del Norte),Ms,TECTONIC
482,2025-01-22 14:51:42+00:00,17.02,120.39,25,1.4,009 km S 40° W of Santa Cruz (Ilocos Sur),Ms,TECTONIC
483,2025-01-22 14:50:27+00:00,9.65,126.15,33,2.2,015 km S 03° W of General Luna (Surigao Del Norte),Ms,TECTONIC
484,2025-01-22 14:46:24+00:00,19.92,121.37,15,2.7,069 km S 49° W of Sabtang (Batanes),Ms,TECTONIC
485,2025-01-22 14:01:51+00:00,9.66,126.18,33,1.5,014 km S 12° E of General Luna (Surigao Del Norte),Ms,TECTONIC
486,2025-01-22 13:49:39+00:00,9.7,126.24,32,2.3,013 km S 46° E of General Luna (Surigao Del Norte),Ms,TECTONIC
487,2025-01-22 13:48:34+00:00,9.66,126.05,15,3.2,018 km S 42° W of General Luna (Surigao Del Norte),Ms,TECTONIC
488,2025-01-22 13:46:16+00:00,9.75,126.16,29,2.9,003 km S 11° E of General Luna (Surigao Del Norte),Ms,TECTONIC
489,2025-01-22 13:33:23+00:00,9.67,126.21,22,4.5,013 km S 28° E of General Luna (Surigao Del Norte),Mw,TECTONIC
490,2025-01-22 13:24:20+00:00,9.12,126.31,38,3.2,017 km N 09° E of Bayabas (Surigao Del Sur),Ms,TECTONIC
491,2025-01-22 13:09:28+00:00,11.59,124.39,12,2.1,003 km N 17° W of Naval (Biliran),Ms,TECTONIC
492,2025-01-22 12:56:11+00:00,8.26,126.41,23,2.5,012 km N 62° E of City Of Bislig (Surigao Del Sur),Ms,TECTONIC
493,2025-01-22 12:21:39+00:00,10.47,122.51,27,1.7,007 km S 27° W of Nueva Valencia (Guimaras),Ms,TECTONIC
494,2025-01-22 11:22:45+00:00,18.03,120.2,16,2.1,030 km N 87° W of Currimao (Ilocos Norte),Ms,TECTONIC
495,2025-01-22 11:14:27+00:00,16.06,119.89,25,3.4,003 km N 76° E of Burgos (Pangasinan),Ms,TECTONIC
496,2025-01-22 10:05:29+00:00,9.74,126.06,21,2.1,002 km S 25° E of Dapa (Surigao Del Norte),Ms,TECTONIC
497,2025-01-22 09:26:04+00:00,11.28,125.7,1,2.9,012 km S 53° E of Hernani (Eastern Samar),Ms,TECTONIC
498,2025-01-22 08:19:30+00:00,11.47,124.42,4,2.6,011 km S 11° E of Naval (Biliran),Ms,TECTONIC
499,2025-01-22 08:18:02+00:00,18.63,121.79,1,2.9,032 km S 14° W of Camiguin Island (Calayan) (Cagayan),Ms,TECTONIC
500,2025-01-22 05:14:26+00:00,10.75,122.74,32,1.9,009 km S 22° E of Dumangas (Iloilo),Ms,TECTONIC
501,2025-01-22 02:47:58+00:00,8.18,126.48,54,1.7,018 km S 77° E of City Of Bislig (Surigao Del Sur),Ms,TECTONIC
502,2025-01-22 02:30:26+00:00,21.17,121.02,1,3.6,095 km N 63° W of Itbayat (Batanes),Ms,TECTONIC
503,2025-01-22 01:01:17+00:00,13.76,120.18,27,1.6,012 km S 31° E of Lubang (Occidental Mindoro),Ms,TECTONIC
504,2025-01-22 00:48:38+00:00,7.94,126.72,33,1.5,034 km N 61° E of Cateel (Davao Oriental),Ms,TECTONIC
505,2025-01-21 23:25:31+00:00,8.86,126.82,9,2.9,058 km S 83° E of Cagwait (Surigao Del Sur),Ms,TECTONIC
506,2025-01-21 23:13:46+00:00,10.24,126.07,7,2.1,024 km N 02° W of Burgos (Surigao Del Norte),Ms,TECTONIC
507,2025-01-21 20:27:46+00:00,18.56,120.98,3,2.2,002 km S 82° W of Santa Praxedes (Cagayan),Ms,TECTONIC
508,2025-01-21 19:26:49+00:00,8.27,126.48,88,3.4,019 km N 71° E of City Of Bislig (Surigao Del Sur),Ms,TECTONIC
509,2025-01-21 19:16:16+00:00,13.94,120.41,82,2.6,027 km N 63° W of Calatagan (Batangas),Ms,TECTONIC
510,2025-01-21 19:10:27+00:00,18.61,120.89,8,2.0,012 km N 63° E of Pagudpud (Ilocos Norte),Ms,TECTONIC
511,2025-01-21 19:06:58+00:00,21.21,120.84,15,3.5,114 km N 66° W of Itbayat (Batanes),Ms,TECTONIC
512,2025-01-21 18:48:24+00:00,21.11,121.12,14,5.0,083 km N 65° W of Itbayat (Batanes),Mw,TECTONIC
513,2025-01-21 17:46:52+00:00,8.99,126.31,29,1.8,004 km N 50° E of Bayabas (Surigao Del Sur),Ms,TECTONIC
514,2025-01-21 17:39:55+00:00,5.18,126.87,53,3.5,158 km S 59° E of Jose Abad Santos (Davao Occidental),Ms,TECTONIC
515,2025-01-21 17:25:21+00:00,17.4,120.12,24,1.8,034 km S 52° W of Santa Catalina (Ilocos Sur),Ms,TECTONIC
516,2025-01-21 17:07:13+00:00,16.58,120.08,50,3.2,026 km S 81° W of City Of San Fernando (La Union),Ms,TECTONIC
517,2025-01-21 17:00:45+00:00,18.05,120.54,25,2.1,002 km S 61° E of Paoay (Ilocos Norte),Ms,TECTONIC
518,2025-01-21 16:41:24+00:00,7.9,126.9,12,1.8,051 km N 77° E of Cateel (Davao Oriental),Ms,TECTONIC
519,2025-01-21 16:38:01+00:00,8.92,126.46,19,1.7,018 km N 88° E of Cagwait (Surigao Del Sur),Ms,TECTONIC
520,2025-01-21 15:53:15+00:00,13.91,120.43,84,2.5,024 km N 68° W of Calatagan (Batangas),Ms,TECTONIC
521,2025-01-21 14:57:32+00:00,10.16,124.82,29,1.8,004 km N 41° W of City Of Maasin (Southern Leyte),Ms,TECTONIC
522,2025-01-21 14:36:52+00:00,11.69,125.34,24,2.1,014 km N 46° W of City Of Borongan (Eastern Samar),Ms,TECTONIC
523,2025-01-21 11:13:41+00:00,5.39,127.02,37,3.4,163 km S 69° E of Jose Abad Santos (Davao Occidental),Ms,TECTONIC
524,2025-01-21 09:35:58+00:00,15.53,119.81,27,3.1,015 km N 46° W of Palauig (Zambales),Ms,TECTONIC
525,2025-01-21 09:13:08+00:00,13.42,120.39,34,1.6,008 km S 89° W of Paluan (Occidental Mindoro),Ms,TECTONIC
526,2025-01-21 09:12:19+00:00,6.9,126.23,45,2.2,006 km S 16° E of City Of Mati (Davao Oriental),Ms,TECTONIC
527,2025-01-21 08:51:01+00:00,6.56,126.18,41,3.4,016 km S 49° E of Governor Generoso (Davao Oriental),Ms,TECTONIC
528,2025-01-21 08:16:10+00:00,13.89,120.41,77,2.2,025 km N 74° W of Calatagan (Batangas),Ms,TECTONIC
529,2025-01-21 06:41:14+00:00,11.02,124.76,8,2.4,013 km N 35° E of Albuera (Leyte),Ms,TECTONIC
530,2025-01-21 06:32:18+00:00,16.1,120.1,12,2.7,004 km N 04° E of Sual (Pangasinan),Ms,TECTONIC
531,2025-01-21 06:26:14+00:00,13.91,120.37,79,2.0,025 km N 32° E of Looc (Occidental Mindoro),Ms,TECTONIC
532,2025-01-21 06:25:07+00:00,13.92,120.44,83,1.8,023 km N 65° W of Calatagan (Batangas),Ms,TECTONIC
533,2025-01-21 05:34:47+00:00,13.93,120.46,86,2.5,021 km N 60° W of Calatagan (Batangas),Ms,TECTONIC
534,2025-01-21 05:28:50+00:00,5.53,125.34,24,2.5,015 km N 35° W of Balut Island (Municipality Of Sarangani) (Davao Occidental),Ms,TECTONIC
535,2025-01-21 05:15:18+00:00,13.23,120.91,32,1.5,025 km S 54° W of Baco (Oriental Mindoro),Ms,TECTONIC
536,2025-01-21 03:31:17+00:00,9.56,122.39,12,2.4,010 km S 64° W of Hinoba-an (Negros Occidental),Ms,TECTONIC
537,2025-01-21 01:32:36+00:00,8.64,126.8,24,1.4,059 km N 60° E of Hinatuan (Surigao Del Sur),Ms,TECTONIC
538,2025-01-21 00:17:14+00:00,7.64,126.43,135,2.0,016 km N 62° W of Baganga (Davao Oriental),Ms,TECTONIC
539,2025-01-20 23:49:49+00:00,9.93,126.06,26,2.3,003 km S 71° W of San Isidro (Surigao Del Norte),Ms,TECTONIC
540,2025-01-20 22:01:04+00:00,13.99,120.62,91,1.6,006 km S 39° W of Lian (Batangas),Ms,TECTONIC
541,2025-01-20 21:47:13+00:00,13.75,120.14,26,1.2,012 km S 10° E of Lubang (Occidental Mindoro),Ms,TECTONIC
542,2025-01-20 20:31:44+00:00,10.39,125.97,13,1.9,041 km N 10° W of Santa Monica (Surigao Del Norte),Ms,TECTONIC
543,2025-01-20 20:13:56+00:00,13.95,120.53,87,1.7,017 km N 42° W of Calatagan (Batangas),Ms,TECTONIC
544,2025-01-20 20:09:05+00:00,13.76,120.1,29,1.5,012 km S 14° W of Lubang (Occidental Mindoro),Ms,TECTONIC
545,2025-01-20 19:40:35+00:00,13.97,120.5,87,2.1,021 km N 45° W of Calatagan (Batangas),Ms,TECTONIC
546,2025-01-20 19:25:20+00:00,13.8,120.08,32,1.4,008 km S 34° W of Lubang (Occidental Mindoro),Ms,TECTONIC
547,2025-01-20 18:34:43+00:00,13.95,120.47,82,1.5,022 km N 54° W of Calatagan (Batangas),Ms,TECTONIC
548,2025-01-20 18:33:49+00:00,13.8,120.06,33,1.5,009 km S 46° W of Lubang (Occidental Mindoro),Ms,TECTONIC
549,2025-01-20 18:31:49+00:00,13.71,122.76,2,2.6,013 km S 16° W of Ragay (Camarines Sur),Ms,TECTONIC
550,2025-01-20 18:25:35+00:00,12.25,124.93,28,1.5,012 km S 48° E of Silvino Lobos (Northern Samar),Ms,TECTONIC
551,2025-01-20 18:19:02+00:00,13.96,120.47,84,2.1,022 km N 51° W of Calatagan (Batangas),Ms,TECTONIC
552,2025-01-20 18:18:06+00:00,13.81,120.06,33,1.4,008 km S 50° W of Lubang (Occidental Mindoro),Ms,TECTONIC
553,2025-01-20 18:06:15+00:00,10.99,124.79,1,3.0,011 km N 82° W of Burauen (Leyte),Ms,TECTONIC
554,2025-01-20 17:59:32+00:00,13.8,120.14,30,1.8,007 km S 13° E of Lubang (Occidental Mindoro),Ms,TECTONIC
555,2025-01-20 17:43:46+00:00,13.82,120.05,32,1.4,009 km S 61° W of Lubang (Occidental Mindoro),Ms,TECTONIC
556,2025-01-20 17:28:29+00:00,5.56,123.96,25,2.3,081 km S 47° W of Maitum (Sarangani),Ms,TECTONIC
557,2025-01-20 17:23:04+00:00,13.93,120.42,78,1.6,026 km N 66° W of Calatagan (Batangas),Ms,TECTONIC
558,2025-01-20 17:18:48+00:00,11.0,124.79,5,2.9,012 km N 78° W of Burauen (Leyte),Ms,TECTONIC
559,2025-01-20 16:16:23+00:00,5.61,124.81,22,2.5,034 km S 36° W of Maasim (Sarangani),Ms,TECTONIC
560,2025-01-20 16:13:06+00:00,13.93,120.46,84,1.8,021 km N 60° W of Calatagan (Batangas),Ms,TECTONIC
561,2025-01-20 15:58:37+00:00,13.91,120.45,86,2.2,021 km N 66° W of Calatagan (Batangas),Ms,TECTONIC
562,2025-01-20 15:53:09+00:00,13.7,122.75,1,2.7,014 km S 20° W of Ragay (Camarines Sur),Ms,TECTONIC
563,2025-01-20 15:52:10+00:00,13.67,122.75,7,3.8,017 km S 16° W of Ragay (Camarines Sur),Ms,TECTONIC
564,2025-01-20 15:32:27+00:00,13.92,120.47,91,2.4,020 km N 62° W of Calatagan (Batangas),Ms,TECTONIC
565,2025-01-20 15:10:14+00:00,15.46,121.68,11,1.6,032 km N 75° E of Dingalan (Aurora),Ms,TECTONIC
566,2025-01-20 15:01:23+00:00,13.95,120.5,87,1.9,020 km N 48° W of Calatagan (Batangas),Ms,TECTONIC
567,2025-01-20 14:29:29+00:00,13.73,120.07,24,1.3,015 km S 21° W of Lubang (Occidental Mindoro),Ms,TECTONIC
568,2025-01-20 14:28:15+00:00,8.08,123.1,19,2.3,024 km N 76° W of Midsalip (Zamboanga Del Sur),Ms,TECTONIC
569,2025-01-20 14:16:01+00:00,13.79,120.08,33,1.6,009 km S 27° W of Lubang (Occidental Mindoro),Ms,TECTONIC
570,2025-01-20 14:12:18+00:00,13.8,120.13,26,1.8,006 km S 03° E of Lubang (Occidental Mindoro),Ms,TECTONIC
571,2025-01-20 13:46:00+00:00,9.52,125.9,29,2.0,013 km S 31° W of Socorro (Surigao Del Norte),Ms,TECTONIC
572,2025-01-20 13:40:11+00:00,13.91,120.28,65,1.6,018 km N 72° E of Lubang (Occidental Mindoro),Ms,TECTONIC
573,2025-01-20 13:34:11+00:00,13.94,120.48,88,1.8,020 km N 55° W of Calatagan (Batangas),Ms,TECTONIC
574,2025-01-20 13:26:51+00:00,11.16,124.72,28,2.1,008 km S 68° W of Jaro (Leyte),Ms,TECTONIC
575,2025-01-20 13:11:35+00:00,14.02,120.71,96,1.6,002 km N 79° W of Tuy (Batangas),Ms,TECTONIC
576,2025-01-20 12:49:16+00:00,9.97,125.65,33,1.9,006 km N 31° W of Cagdianao (Dinagat Islands),Ms,TECTONIC
577,2025-01-20 12:45:08+00:00,13.78,120.08,31,1.4,010 km S 31° W of Lubang (Occidental Mindoro),Ms,TECTONIC
578,2025-01-20 12:40:25+00:00,11.71,124.35,7,1.6,003 km N 14° W of Kawayan (Biliran),Ms,TECTONIC
579,2025-01-20 12:21:06+00:00,13.81,120.13,29,1.4,006 km S 09° E of Lubang (Occidental Mindoro),Ms,TECTONIC
580,2025-01-20 12:06:55+00:00,13.94,120.55,87,1.4,015 km N 37° W of Calatagan (Batangas),Ms,TECTONIC
581,2025-01-20 12:00:15+00:00,13.94,120.44,81,2.0,024 km N 62° W of Calatagan (Batangas),Ms,TECTONIC
582,2025-01-20 11:58:52+00:00,13.99,120.66,93,1.4,017 km N 11° E of Calatagan (Batangas),Ms,TECTONIC
583,2025-01-20 11:55:16+00:00,11.34,125.48,19,1.9,012 km N 33° W of General Macarthur (Eastern Samar),Ms,TECTONIC
584,2025-01-20 11:48:05+00:00,13.78,120.09,29,1.5,009 km S 26° W of Lubang (Occidental Mindoro),Ms,TECTONIC
585,2025-01-20 11:46:44+00:00,13.94,120.53,90,2.2,016 km N 42° W of Calatagan (Batangas),Ms,TECTONIC
586,2025-01-20 11:37:57+00:00,9.68,126.53,11,3.0,043 km S 74° E of General Luna (Surigao Del Norte),Ms,TECTONIC
587,2025-01-20 11:37:15+00:00,13.94,120.36,81,1.6,028 km N 26° E of Looc (Occidental Mindoro),Ms,TECTONIC
588,2025-01-20 11:29:53+00:00,9.34,126.16,23,1.7,008 km N 22° W of Cortes (Surigao Del Sur),Ms,TECTONIC
589,2025-01-20 11:27:33+00:00,13.95,120.49,84,1.7,020 km N 50° W of Calatagan (Batangas),Ms,TECTONIC
590,2025-01-20 11:18:05+00:00,6.06,127.13,158,2.9,133 km S 34° E of Tarragona (Davao Oriental),Ms,TECTONIC
591,2025-01-20 11:11:17+00:00,17.25,120.95,36,1.9,012 km N 43° W of Sadanga (Mountain Province),Ms,TECTONIC
592,2025-01-20 11:09:34+00:00,8.34,125.85,17,2.4,014 km S 31° E of Talacogon (Agusan Del Sur),Ms,TECTONIC
593,2025-01-20 11:06:04+00:00,13.89,120.32,72,1.6,020 km N 21° E of Looc (Occidental Mindoro),Ms,TECTONIC
594,2025-01-20 10:42:59+00:00,13.93,120.44,90,5.5,024 km N 64° W of Calatagan (Batangas),Mw,TECTONIC
595,2025-01-20 09:29:26+00:00,14.27,120.28,85,1.8,029 km S 51° W of Mariveles (Bataan),Ms,TECTONIC
596,2025-01-20 09:05:01+00:00,8.02,126.63,20,1.6,024 km S 85° E of Lingig (Surigao Del Sur),Ms,TECTONIC
597,2025-01-20 08:48:26+00:00,13.91,120.38,79,1.8,025 km N 33° E of Looc (Occidental Mindoro),Ms,TECTONIC
598,2025-01-20 08:00:48+00:00,12.84,124.72,11,1.8,036 km N 05° W of Mondragon (Northern Samar),Ms,TECTONIC
599,2025-01-20 07:34:09+00:00,10.81,122.77,22,1.5,006 km S 81° E of Dumangas (Iloilo),Ms,TECTONIC
600,2025-01-20 07:15:17+00:00,17.79,120.81,1,2.2,008 km N 12° W of Tineg (Abra),Ms,TECTONIC
601,2025-01-20 06:41:15+00:00,12.85,124.65,12,1.9,037 km N 58° E of Biri (Northern Samar),Ms,TECTONIC
602,2025-01-20 05:48:31+00:00,16.2,120.52,25,1.6,003 km N 26° E of Sison (Pangasinan),Ms,TECTONIC
603,2025-01-20 05:22:10+00:00,9.1,125.86,97,2.4,022 km S 49° W of Carmen (Surigao Del Sur),Ms,TECTONIC
604,2025-01-20 04:48:21+00:00,15.79,120.59,29,2.4,002 km S 44° W of San Manuel (Tarlac),Ms,TECTONIC
605,2025-01-20 04:09:35+00:00,7.79,126.09,4,3.2,005 km S 41° E of Monkayo (Davao De Oro),Ms,TECTONIC
606,2025-01-20 03:46:55+00:00,5.79,126.6,27,4.7,112 km S 31° E of Governor Generoso (Davao Oriental),Mw,TECTONIC
607,2025-01-20 03:46:06+00:00,9.85,125.86,52,2.5,012 km S 80° W of Del Carmen (Surigao Del Norte),Ms,TECTONIC
608,2025-01-20 03:43:17+00:00,9.88,122.52,11,1.8,016 km N 39° E of City Of Sipalay (Negros Occidental),Ms,TECTONIC
609,2025-01-20 03:03:43+00:00,13.69,120.58,95,1.8,017 km S 22° W of Calatagan (Batangas),Ms,TECTONIC
610,2025-01-20 02:00:37+00:00,11.6,125.18,91,2.0,018 km S 83° E of Calbiga (Samar),Ms,TECTONIC
611,2025-01-20 00:39:12+00:00,14.93,120.02,25,2.4,008 km S 74° W of San Antonio (Zambales),Ms,TECTONIC
612,2025-01-20 00:39:10+00:00,6.46,123.89,1,3.5,021 km S 59° W of Kalamansig (Sultan Kudarat),Ms,TECTONIC
613,2025-01-19 23:58:23+00:00,8.01,127.07,18,2.9,073 km S 87° E of Lingig (Surigao Del Sur),Ms,TECTONIC
614,2025-01-19 23:56:10+00:00,12.46,124.99,23,2.1,009 km N 48° W of Catubig (Northern Samar),Ms,TECTONIC
615,2025-01-19 23:42:07+00:00,11.21,124.67,1,3.2,009 km S 15° E of Capoocan (Leyte),Ms,TECTONIC
616,2025-01-19 23:36:39+00:00,4.69,126.24,31,3.3,120 km S 49° E of Balut Island (Municipality Of Sarangani) (Davao Occidental),Ms,TECTONIC
617,2025-01-19 22:52:35+00:00,17.59,120.95,6,3.0,006 km N 65° E of Licuan - Baay (Abra),Ms,TECTONIC
618,2025-01-19 21:54:32+00:00,7.78,124.59,19,1.5,021 km N 42° W of Wao (Lanao Del Sur),Ms,TECTONIC
619,2025-01-19 21:28:55+00:00,11.74,125.72,5,2.5,029 km S 87° E of San Julian (Eastern Samar),Ms,TECTONIC
620,2025-01-19 20:59:30+00:00,11.46,124.44,5,2.3,012 km S 19° E of Naval (Biliran),Ms,TECTONIC
621,2025-01-19 20:48:17+00:00,9.07,122.65,23,2.7,037 km S 38° W of Santa Catalina (Negros Oriental),Ms,TECTONIC
622,2025-01-19 20:27:54+00:00,18.51,120.97,1,3.0,006 km S 21° W of Santa Praxedes (Cagayan),Ms,TECTONIC
623,2025-01-19 20:21:04+00:00,11.71,125.08,85,2.4,001 km N 68° E of Hinabangan (Samar),Ms,TECTONIC
624,2025-01-19 19:50:31+00:00,9.81,125.78,33,2.1,018 km S 41° E of Cagdianao (Dinagat Islands),Ms,TECTONIC
625,2025-01-19 19:12:32+00:00,9.17,126.18,84,2.6,010 km N 07° E of City Of Tandag (Surigao Del Sur),Ms,TECTONIC
626,2025-01-19 18:38:14+00:00,10.69,122.63,84,2.0,002 km S 54° W of Buenavista (Guimaras),Ms,TECTONIC
627,2025-01-19 18:33:54+00:00,18.07,120.52,18,2.8,001 km North of Paoay (Ilocos Norte),Ms,TECTONIC
628,2025-01-19 18:25:06+00:00,16.83,121.47,11,2.4,009 km N 50° W of Ramon (Isabela),Ms,TECTONIC
629,2025-01-19 18:06:13+00:00,9.52,125.83,1,1.6,012 km S 63° E of Claver (Surigao Del Norte),Ms,TECTONIC
630,2025-01-19 17:54:01+00:00,10.92,121.97,22,2.7,003 km N 67° W of Patnongon (Antique),Ms,TECTONIC
631,2025-01-19 17:51:03+00:00,14.03,123.66,21,1.8,016 km N 17° W of Garchitorena (Camarines Sur),Ms,TECTONIC
632,2025-01-19 17:17:08+00:00,13.76,120.4,81,1.9,026 km S 72° W of Calatagan (Batangas),Ms,TECTONIC
633,2025-01-19 17:12:51+00:00,6.33,126.42,62,3.7,052 km S 47° E of Governor Generoso (Davao Oriental),Ms,TECTONIC
634,2025-01-19 17:01:07+00:00,10.35,125.18,1,2.3,006 km S 26° W of Hinunangan (Southern Leyte),Ms,TECTONIC
635,2025-01-19 16:59:47+00:00,8.26,125.91,32,1.9,011 km N 36° E of Loreto (Agusan Del Sur),Ms,TECTONIC
636,2025-01-19 16:20:13+00:00,10.13,126.23,3,2.5,021 km N 56° E of Burgos (Surigao Del Norte),Ms,TECTONIC
637,2025-01-19 16:18:00+00:00,5.98,124.54,1,2.0,009 km S 87° W of Kiamba (Sarangani),Ms,TECTONIC
638,2025-01-19 14:55:34+00:00,6.38,126.33,28,1.9,042 km S 43° E of Governor Generoso (Davao Oriental),Ms,TECTONIC
639,2025-01-19 14:23:34+00:00,8.09,126.71,16,1.6,033 km N 80° E of Lingig (Surigao Del Sur),Ms,TECTONIC
640,2025-01-19 14:08:20+00:00,12.2,125.51,23,2.4,002 km N 03° W of San Policarpo (Eastern Samar),Ms,TECTONIC
641,2025-01-19 13:34:13+00:00,8.87,126.53,29,2.2,026 km S 77° E of Cagwait (Surigao Del Sur),Ms,TECTONIC
642,2025-01-19 13:09:27+00:00,13.77,120.29,5,1.8,007 km N 38° E of Looc (Occidental Mindoro),Ms,TECTONIC
643,2025-01-19 12:27:29+00:00,7.51,122.97,16,2.1,003 km N 74° E of Alicia (Zamboanga Sibugay),Ms,TECTONIC
644,2025-01-19 11:28:24+00:00,7.21,125.9,19,2.3,009 km N 01° E of Pantukan (Davao De Oro),Ms,TECTONIC
645,2025-01-19 11:03:42+00:00,13.96,120.21,60,1.5,015 km N 41° E of Lubang (Occidental Mindoro),Ms,TECTONIC
646,2025-01-19 09:54:21+00:00,12.35,123.76,6,2.0,008 km S 20° W of Batuan (Masbate),Ms,TECTONIC
647,2025-01-19 08:58:20+00:00,9.75,123.86,7,2.3,004 km N 36° W of Cortes (Bohol),Ms,TECTONIC
648,2025-01-19 07:30:31+00:00,17.28,121.52,29,1.5,009 km S 71° W of Quezon (Isabela),Ms,TECTONIC
649,2025-01-19 06:51:47+00:00,5.95,124.87,23,2.2,017 km N 56° W of Maasim (Sarangani),Ms,TECTONIC
650,2025-01-19 06:14:06+00:00,15.46,121.93,17,2.2,052 km S 50° E of Baler (Aurora),Ms,TECTONIC
651,2025-01-19 05:23:00+00:00,14.06,120.35,111,2.1,031 km S 86° W of Nasugbu (Batangas),Ms,TECTONIC
652,2025-01-19 05:08:54+00:00,7.57,126.11,6,2.7,003 km N 50° W of New Bataan (Davao De Oro),Ms,TECTONIC
653,2025-01-19 03:20:00+00:00,10.26,125.96,32,2.0,028 km N 19° W of Santa Monica (Surigao Del Norte),Ms,TECTONIC
654,2025-01-19 02:19:47+00:00,11.52,124.38,7,2.7,005 km S 21° W of Naval (Biliran),Ms,TECTONIC
655,2025-01-19 01:55:37+00:00,6.98,126.33,9,2.0,013 km N 74° E of City Of Mati (Davao Oriental),Ms,TECTONIC
656,2025-01-19 01:18:37+00:00,11.63,124.39,20,1.4,002 km N 47° E of Almeria (Biliran),Ms,TECTONIC
657,2025-01-19 01:10:13+00:00,11.51,124.42,3,2.3,006 km S 15° E of Naval (Biliran),Ms,TECTONIC
658,2025-01-19 00:53:14+00:00,12.71,123.59,2,2.4,011 km N 46° W of Monreal (Masbate),Ms,TECTONIC
659,2025-01-19 00:28:20+00:00,12.67,123.55,3,2.8,013 km N 75° W of Monreal (Masbate),Ms,TECTONIC
660,2025-01-19 00:20:47+00:00,14.09,123.65,11,2.5,023 km N 14° W of Garchitorena (Camarines Sur),Ms,TECTONIC
661,2025-01-19 00:05:03+00:00,8.75,126.38,28,2.0,011 km S 61° E of Marihatag (Surigao Del Sur),Ms,TECTONIC
662,2025-01-18 23:47:33+00:00,5.57,125.25,3,2.0,026 km N 47° W of Balut Island (Municipality Of Sarangani) (Davao Occidental),Ms,TECTONIC
663,2025-01-18 23:23:11+00:00,16.3,120.15,21,2.3,022 km N 88° E of Anda (Pangasinan),Ms,TECTONIC
664,2025-01-18 22:03:09+00:00,14.02,120.21,49,2.0,020 km N 27° E of Lubang (Occidental Mindoro),Ms,TECTONIC
665,2025-01-18 21:53:11+00:00,15.48,122.84,33,2.2,102 km N 32° E of Jomalig (Quezon),Ms,TECTONIC
666,2025-01-18 21:15:56+00:00,11.7,125.27,22,2.8,020 km N 61° W of City Of Borongan (Eastern Samar),Ms,TECTONIC
667,2025-01-18 20:15:02+00:00,5.79,125.28,43,1.6,009 km S 64° E of Glan (Sarangani),Ms,TECTONIC
668,2025-01-18 19:35:31+00:00,7.66,126.57,32,1.7,009 km N 07° E of Baganga (Davao Oriental),Ms,TECTONIC
669,2025-01-18 17:05:10+00:00,12.31,125.0,29,2.0,005 km S 45° W of Las Navas (Northern Samar),Ms,TECTONIC
670,2025-01-18 17:00:56+00:00,9.73,125.33,31,2.6,011 km S 64° W of San Francisco (Surigao Del Norte),Ms,TECTONIC
671,2025-01-18 15:52:58+00:00,8.29,125.94,3,2.3,012 km S 32° W of Rosario (Agusan Del Sur),Ms,TECTONIC
672,2025-01-18 15:52:46+00:00,11.27,124.6,7,2.4,010 km S 69° W of Carigara (Leyte),Ms,TECTONIC
673,2025-01-18 15:51:25+00:00,8.3,125.95,32,2.1,011 km S 34° W of Rosario (Agusan Del Sur),Ms,TECTONIC
674,2025-01-18 15:42:04+00:00,11.28,125.58,29,3.0,006 km N 45° E of General Macarthur (Eastern Samar),Ms,TECTONIC
675,2025-01-18 15:28:15+00:00,8.35,125.97,32,2.2,005 km S 40° W of Rosario (Agusan Del Sur),Ms,TECTONIC
676,2025-01-18 14:22:02+00:00,17.51,121.1,1,1.9,011 km N 85° W of Balbalan (Kalinga),Ms,TECTONIC
677,2025-01-18 14:07:21+00:00,7.57,124.78,8,1.9,010 km S 40° E of Wao (Lanao Del Sur),Ms,TECTONIC
678,2025-01-18 13:30:30+00:00,8.14,125.98,18,2.1,005 km S 23° W of Bunawan (Agusan Del Sur),Ms,TECTONIC
679,2025-01-18 11:25:54+00:00,17.59,121.12,15,2.9,013 km N 80° E of Malibcong (Abra),Ms,TECTONIC
680,2025-01-18 11:08:17+00:00,7.96,126.96,8,3.3,059 km N 71° E of Cateel (Davao Oriental),Ms,TECTONIC
681,2025-01-18 10:39:01+00:00,16.46,121.03,3,2.3,008 km South of Ambaguio (Nueva Vizcaya),Ms,TECTONIC
682,2025-01-18 10:14:10+00:00,8.64,124.78,7,2.9,003 km S 68° E of Jasaan (Misamis Oriental),Ms,TECTONIC
683,2025-01-18 09:52:21+00:00,13.68,119.87,200,2.2,034 km S 54° W of Lubang (Occidental Mindoro),Ms,TECTONIC
684,2025-01-18 09:32:18+00:00,16.58,120.49,20,2.3,007 km N 28° E of Burgos (La Union),Ms,TECTONIC
685,2025-01-18 07:36:11+00:00,14.85,119.97,49,1.9,017 km S 47° W of San Antonio (Zambales),Ms,TECTONIC
686,2025-01-18 07:09:36+00:00,13.65,120.98,8,2.3,012 km S 22° E of Mabini (Batangas),Ms,TECTONIC
687,2025-01-18 04:48:45+00:00,6.59,126.43,24,2.9,040 km S 81° E of Governor Generoso (Davao Oriental),Ms,TECTONIC
688,2025-01-18 04:26:32+00:00,9.26,123.11,4,2.6,015 km S 82° W of Valencia (Negros Oriental),Ms,TECTONIC
689,2025-01-18 03:20:59+00:00,6.57,123.75,21,2.0,033 km N 87° W of Kalamansig (Sultan Kudarat),Ms,TECTONIC
690,2025-01-18 02:02:38+00:00,8.0,126.96,12,2.3,060 km S 86° E of Lingig (Surigao Del Sur),Ms,TECTONIC
691,2025-01-18 01:48:44+00:00,8.97,126.43,23,3.3,015 km N 69° E of Cagwait (Surigao Del Sur),Ms,TECTONIC
692,2025-01-18 01:38:27+00:00,8.4,126.91,10,2.3,063 km N 87° E of Hinatuan (Surigao Del Sur),Ms,TECTONIC
693,2025-01-18 00:29:25+00:00,10.97,124.75,1,2.7,008 km N 44° E of Albuera (Leyte),Ms,TECTONIC
694,2025-01-17 22:39:46+00:00,8.45,122.65,10,3.6,036 km N 05° W of Liloy (Zamboanga Del Norte),Ms,TECTONIC
695,2025-01-17 21:50:13+00:00,8.6,126.41,7,1.5,026 km S 31° E of Marihatag (Surigao Del Sur),Ms,TECTONIC
696,2025-01-17 21:03:44+00:00,8.43,125.89,17,4.0,012 km S 80° E of Talacogon (Agusan Del Sur),Ms,TECTONIC
697,2025-01-17 20:51:17+00:00,11.16,124.67,33,1.6,012 km S 75° E of Kananga (Leyte),Ms,TECTONIC
698,2025-01-17 20:18:48+00:00,16.25,119.74,21,2.0,015 km N 60° W of Bani (Pangasinan),Ms,TECTONIC
699,2025-01-17 20:02:32+00:00,8.67,126.43,26,3.0,021 km S 46° E of Marihatag (Surigao Del Sur),Ms,TECTONIC
700,2025-01-17 19:28:02+00:00,13.2,124.06,9,4.1,007 km N 78° W of Rapu-rapu (Albay),Ms,TECTONIC
701,2025-01-17 18:56:12+00:00,15.59,119.97,30,1.6,006 km S 50° E of Candelaria (Zambales),Ms,TECTONIC
702,2025-01-17 18:23:31+00:00,17.75,120.64,6,2.0,008 km N 64° W of Lagayan (Abra),Ms,TECTONIC
703,2025-01-17 18:06:28+00:00,18.1,120.42,25,2.4,011 km N 38° W of Currimao (Ilocos Norte),Ms,TECTONIC
704,2025-01-17 18:03:17+00:00,13.86,120.55,156,2.2,009 km N 71° W of Calatagan (Batangas),Ms,TECTONIC
705,2025-01-17 17:54:06+00:00,12.67,125.0,18,2.2,011 km N 08° W of Laoang (Northern Samar),Ms,TECTONIC
706,2025-01-17 17:26:36+00:00,11.43,125.06,18,1.8,014 km S 79° E of Santa Rita (Samar),Ms,TECTONIC
707,2025-01-17 17:23:30+00:00,9.13,126.41,16,1.8,022 km N 37° E of Bayabas (Surigao Del Sur),Ms,TECTONIC
708,2025-01-17 17:01:00+00:00,5.26,127.04,74,2.9,171 km S 65° E of Jose Abad Santos (Davao Occidental),Ms,TECTONIC
709,2025-01-17 16:55:32+00:00,8.14,126.55,29,1.9,019 km N 53° E of Lingig (Surigao Del Sur),Ms,TECTONIC
710,2025-01-17 14:27:59+00:00,11.01,124.77,11,1.6,013 km N 41° E of Albuera (Leyte),Ms,TECTONIC
711,2025-01-17 14:26:48+00:00,10.4,126.29,25,2.1,049 km N 29° E of Burgos (Surigao Del Norte),Ms,TECTONIC
712,2025-01-17 14:25:25+00:00,6.75,126.77,85,2.7,049 km S 47° E of Tarragona (Davao Oriental),Ms,TECTONIC
713,2025-01-17 13:34:36+00:00,7.14,126.69,147,2.5,025 km S 33° E of Caraga (Davao Oriental),Ms,TECTONIC
714,2025-01-17 12:41:52+00:00,19.0,121.05,2,3.0,020 km S 55° W of Dalupiri Island (Calayan) (Cagayan),Ms,TECTONIC
715,2025-01-17 12:36:38+00:00,10.38,125.19,2,2.1,002 km S 31° W of Hinunangan (Southern Leyte),Ms,TECTONIC
716,2025-01-17 11:48:03+00:00,8.45,126.27,117,2.1,012 km N 37° W of Hinatuan (Surigao Del Sur),Ms,TECTONIC
717,2025-01-17 10:13:37+00:00,13.94,120.32,193,2.6,037 km S 66° W of Nasugbu (Batangas),Ms,TECTONIC
718,2025-01-17 10:06:42+00:00,9.68,126.2,30,2.0,013 km S 21° E of General Luna (Surigao Del Norte),Ms,TECTONIC
719,2025-01-17 10:00:24+00:00,5.9,125.9,145,3.6,028 km S 87° E of Jose Abad Santos (Davao Occidental),Ms,TECTONIC
720,2025-01-17 09:14:04+00:00,9.19,125.71,33,1.8,019 km S 63° E of Santiago (Agusan Del Norte),Ms,TECTONIC
721,2025-01-17 09:09:40+00:00,10.69,122.95,34,1.9,007 km S 31° W of City Of Talisay (Negros Occidental),Ms,TECTONIC
722,2025-01-17 08:55:53+00:00,8.43,125.86,15,4.8,009 km S 74° E of Talacogon (Agusan Del Sur),Mw,TECTONIC
723,2025-01-17 07:33:47+00:00,11.01,124.77,10,2.8,014 km N 74° W of Burauen (Leyte),Ms,TECTONIC
724,2025-01-17 06:52:49+00:00,11.19,125.55,21,3.4,013 km N 68° W of Salcedo (Eastern Samar),Ms,TECTONIC
725,2025-01-17 06:38:25+00:00,11.97,125.11,34,2.2,013 km S 44° E of San Jose De Buan (Samar),Ms,TECTONIC
726,2025-01-17 04:34:25+00:00,14.67,122.6,23,2.5,029 km S 85° E of Jomalig (Quezon),Ms,TECTONIC
727,2025-01-17 04:10:53+00:00,15.44,120.12,47,1.6,019 km N 33° E of Botolan (Zambales),Ms,TECTONIC
728,2025-01-17 02:51:48+00:00,11.01,124.79,6,2.4,011 km N 73° W of Burauen (Leyte),Ms,TECTONIC
729,2025-01-17 02:47:09+00:00,11.86,124.18,15,2.4,014 km S 79° E of Pio V. Corpus (Masbate),Ms,TECTONIC
730,2025-01-17 02:22:00+00:00,13.8,120.62,144,2.7,004 km S 15° W of Calatagan (Batangas),Ms,TECTONIC
731,2025-01-17 02:11:44+00:00,10.99,125.0,33,1.6,004 km N 66° E of Julita (Leyte),Ms,TECTONIC
732,2025-01-17 02:09:10+00:00,10.98,124.78,3,3.4,012 km N 52° E of Albuera (Leyte),Ms,TECTONIC
733,2025-01-17 02:05:52+00:00,11.0,124.81,8,3.4,016 km N 52° E of Albuera (Leyte),Ms,TECTONIC
734,2025-01-17 01:25:42+00:00,11.0,124.85,32,3.1,005 km N 59° W of Burauen (Leyte),Ms,TECTONIC
735,2025-01-16 23:18:06+00:00,9.92,124.11,9,2.1,002 km N 67° E of Sagbayan (Bohol),Ms,TECTONIC
736,2025-01-16 22:33:10+00:00,18.7,120.19,10,3.4,052 km N 67° W of Burgos (Ilocos Norte),Ms,TECTONIC
737,2025-01-16 22:12:46+00:00,14.14,120.27,89,1.7,036 km N 27° E of Lubang (Occidental Mindoro),Ms,TECTONIC
738,2025-01-16 20:57:51+00:00,16.78,122.62,33,2.5,038 km S 33° E of Palanan (Isabela),Ms,TECTONIC
739,2025-01-16 20:55:50+00:00,5.91,124.37,32,2.2,022 km S 39° W of Maitum (Sarangani),Ms,TECTONIC
740,2025-01-16 20:50:45+00:00,11.86,125.29,1,2.0,015 km S 70° W of Taft (Eastern Samar),Ms,TECTONIC
741,2025-01-16 20:49:49+00:00,17.56,120.13,12,2.6,026 km S 83° W of Santa Catalina (Ilocos Sur),Ms,TECTONIC
742,2025-01-16 20:42:31+00:00,5.99,125.54,64,4.1,014 km N 54° W of Jose Abad Santos (Davao Occidental),Ms,TECTONIC
743,2025-01-16 20:20:40+00:00,7.25,124.78,7,1.9,006 km N 16° W of Carmen (Cotabato),Ms,TECTONIC
744,2025-01-16 19:57:39+00:00,4.58,126.18,103,3.2,124 km S 42° E of Balut Island (Municipality Of Sarangani) (Davao Occidental),Ms,TECTONIC
745,2025-01-16 19:51:37+00:00,19.37,121.14,8,3.0,030 km N 13° W of Dalupiri Island (Calayan) (Cagayan),Ms,TECTONIC
746,2025-01-16 19:27:03+00:00,10.69,125.18,13,2.5,018 km N 05° E of Silago (Southern Leyte),Ms,TECTONIC
747,2025-01-16 18:15:50+00:00,9.14,125.94,27,1.8,013 km S 41° W of Carmen (Surigao Del Sur),Ms,TECTONIC
748,2025-01-16 17:54:35+00:00,12.67,120.91,33,1.4,011 km N 20° W of Calintaan (Occidental Mindoro),Ms,TECTONIC
749,2025-01-16 17:50:35+00:00,9.39,126.57,10,2.9,043 km N 73° E of Cortes (Surigao Del Sur),Ms,TECTONIC
750,2025-01-16 17:45:11+00:00,9.36,126.6,7,2.5,046 km N 78° E of Cortes (Surigao Del Sur),Ms,TECTONIC
751,2025-01-16 17:38:16+00:00,11.18,125.6,18,2.2,008 km N 65° W of Salcedo (Eastern Samar),Ms,TECTONIC
752,2025-01-16 17:26:26+00:00,13.92,124.11,5,2.5,007 km S 23° W of Caramoran (Catanduanes),Ms,TECTONIC
753,2025-01-16 16:56:59+00:00,5.68,126.42,64,2.9,090 km S 73° E of Jose Abad Santos (Davao Occidental),Ms,TECTONIC
754,2025-01-16 16:10:46+00:00,9.48,125.9,3,2.4,013 km N 24° W of Carrascal (Surigao Del Sur),Ms,TECTONIC
755,2025-01-16 15:21:24+00:00,14.83,119.77,27,1.9,037 km S 68° W of San Antonio (Zambales),Ms,TECTONIC
756,2025-01-16 14:59:36+00:00,11.81,126.03,4,3.3,063 km N 85° E of San Julian (Eastern Samar),Ms,TECTONIC
757,2025-01-16 14:30:22+00:00,8.27,126.6,36,1.7,032 km N 79° E of City Of Bislig (Surigao Del Sur),Ms,TECTONIC
758,2025-01-16 14:16:12+00:00,9.94,126.17,21,2.0,009 km N 87° E of San Isidro (Surigao Del Norte),Ms,TECTONIC
759,2025-01-16 11:21:06+00:00,18.43,120.8,8,2.4,010 km S 05° W of Dumalneg (Ilocos Norte),Ms,TECTONIC
760,2025-01-16 11:16:56+00:00,4.44,126.54,46,3.4,164 km S 49° E of Balut Island (Municipality Of Sarangani) (Davao Occidental),Ms,TECTONIC
761,2025-01-16 10:52:21+00:00,11.44,124.43,11,1.6,001 km S 37° E of Calubian (Leyte),Ms,TECTONIC
762,2025-01-16 10:48:40+00:00,12.94,125.04,6,3.2,041 km N 05° E of Laoang (Northern Samar),Ms,TECTONIC
763,2025-01-16 10:08:52+00:00,11.5,124.43,6,2.1,006 km N 47° W of Biliran (Biliran),Ms,TECTONIC
764,2025-01-16 09:56:00+00:00,9.4,126.22,27,2.7,014 km N 12° E of Cortes (Surigao Del Sur),Ms,TECTONIC
765,2025-01-16 09:04:21+00:00,8.02,122.49,49,3.4,006 km S 43° W of Labason (Zamboanga Del Norte),Ms,TECTONIC
766,2025-01-16 08:14:22+00:00,16.45,120.98,2,2.3,010 km S 30° W of Ambaguio (Nueva Vizcaya),Ms,TECTONIC
767,2025-01-16 07:35:05+00:00,7.27,126.78,113,2.1,025 km S 75° E of Caraga (Davao Oriental),Ms,TECTONIC
768,2025-01-16 07:33:46+00:00,7.77,127.04,10,2.3,058 km N 67° E of Baganga (Davao Oriental),Ms,TECTONIC
769,2025-01-16 06:48:38+00:00,8.61,127.11,19,2.7,089 km N 73° E of Hinatuan (Surigao Del Sur),Ms,TECTONIC
770,2025-01-16 06:14:17+00:00,10.12,126.19,9,4.0,017 km N 50° E of Burgos (Surigao Del Norte),Ms,TECTONIC
771,2025-01-16 05:25:31+00:00,8.16,127.0,8,3.3,066 km N 78° E of Lingig (Surigao Del Sur),Ms,TECTONIC
772,2025-01-16 05:05:25+00:00,16.6,120.46,25,3.8,003 km S 67° E of Bagulin (La Union),Ms,TECTONIC
773,2025-01-16 03:41:50+00:00,10.44,125.15,5,2.6,008 km N 46° W of Hinunangan (Southern Leyte),Ms,TECTONIC
774,2025-01-16 03:36:08+00:00,10.45,125.11,1,2.6,004 km N 63° W of Hinunangan (Southern Leyte),Ms,TECTONIC
775,2025-01-16 03:09:29+00:00,10.45,125.11,1,4.0,011 km N 58° W of Hinunangan (Southern Leyte),Ms,TECTONIC
776,2025-01-16 01:57:53+00:00,7.95,126.65,16,2.0,027 km N 51° E of Cateel (Davao Oriental),Ms,TECTONIC
777,2025-01-16 01:52:08+00:00,20.04,121.55,25,2.8,046 km S 46° W of Sabtang (Batanes),Ms,TECTONIC
778,2025-01-16 00:21:31+00:00,13.92,120.4,80,2.4,027 km N 68° W of Calatagan (Batangas),Ms,TECTONIC
779,2025-01-16 00:09:40+00:00,8.64,126.34,21,1.8,017 km S 49° E of San Agustin (Surigao Del Sur),Ms,TECTONIC
780,2025-01-15 23:24:23+00:00,9.58,126.09,25,2.4,015 km S 73° E of Socorro (Surigao Del Norte),Ms,TECTONIC
781,2025-01-15 23:17:55+00:00,8.75,125.81,21,2.5,008 km N 56° E of City Of Bayugan (Agusan Del Sur),Ms,TECTONIC
782,2025-01-15 21:54:13+00:00,3.99,126.43,96,2.9,192 km S 35° E of Balut Island (Municipality Of Sarangani) (Davao Occidental),Ms,TECTONIC
783,2025-01-15 21:15:36+00:00,6.03,126.8,133,2.4,106 km S 50° E of Governor Generoso (Davao Oriental),Ms,TECTONIC
784,2025-01-15 21:14:02+00:00,7.96,127.06,9,2.8,070 km N 52° E of Baganga (Davao Oriental),Ms,TECTONIC
785,2025-01-15 20:32:41+00:00,8.15,124.81,5,3.1,029 km N 54° W of Lantapan (Bukidnon),Ms,TECTONIC
786,2025-01-15 19:16:45+00:00,13.1,124.13,11,4.0,009 km N 46° W of Prieto Diaz (Sorsogon),Ms,TECTONIC
787,2025-01-15 18:59:03+00:00,10.39,125.48,123,3.7,012 km N 77° W of Loreto (Dinagat Islands),Ms,TECTONIC
788,2025-01-15 18:55:05+00:00,5.26,124.91,48,2.2,059 km S 73° W of Balut Island (Municipality Of Sarangani) (Davao Occidental),Ms,TECTONIC
789,2025-01-15 18:49:12+00:00,8.77,125.8,1,3.2,008 km N 38° E of City Of Bayugan (Agusan Del Sur),Ms,TECTONIC
790,2025-01-15 18:44:51+00:00,16.48,121.0,10,2.6,007 km S 22° W of Ambaguio (Nueva Vizcaya),Ms,TECTONIC
791,2025-01-15 18:17:05+00:00,11.53,124.42,6,1.9,004 km S 28° E of Naval (Biliran),Ms,TECTONIC
792,2025-01-15 18:03:21+00:00,11.5,124.4,7,4.7,006 km N 25° W of Calubian (Leyte),Mw,TECTONIC
793,2025-01-15 17:09:14+00:00,8.44,126.2,95,2.4,005 km S 64° E of Tagbina (Surigao Del Sur),Ms,TECTONIC
794,2025-01-15 16:51:40+00:00,9.88,122.9,23,2.1,016 km N 10° W of Mabinay (Negros Oriental),Ms,TECTONIC
795,2025-01-15 16:05:35+00:00,18.11,120.34,33,2.0,018 km N 58° W of Currimao (Ilocos Norte),Ms,TECTONIC
796,2025-01-15 15:12:57+00:00,8.63,126.62,13,3.0,040 km S 62° E of Marihatag (Surigao Del Sur),Ms,TECTONIC
797,2025-01-15 14:41:10+00:00,6.82,126.73,117,2.6,040 km S 50° E of Tarragona (Davao Oriental),Ms,TECTONIC
798,2025-01-15 14:21:00+00:00,9.83,122.93,11,2.4,011 km N 05° E of Mabinay (Negros Oriental),Ms,TECTONIC
799,2025-01-15 12:40:54+00:00,8.8,125.76,5,2.7,008 km S 77° E of Sibagat (Agusan Del Sur),Ms,TECTONIC
800,2025-01-15 10:46:31+00:00,12.97,125.04,7,2.5,044 km N 04° E of Laoang (Northern Samar),Ms,TECTONIC
801,2025-01-15 10:13:46+00:00,6.06,126.17,146,2.7,055 km S 74° E of Don Marcelino (Davao Occidental),Ms,TECTONIC
802,2025-01-15 07:40:06+00:00,8.63,126.24,23,2.3,017 km N 51° E of Barobo (Surigao Del Sur),Ms,TECTONIC
803,2025-01-15 06:40:38+00:00,20.16,121.29,31,3.0,064 km S 72° W of Sabtang (Batanes),Ms,TECTONIC
804,2025-01-15 06:14:59+00:00,7.67,122.75,29,1.6,011 km N 33° W of Payao (Zamboanga Sibugay),Ms,TECTONIC
805,2025-01-15 04:23:51+00:00,8.13,126.87,10,2.4,052 km N 78° E of Lingig (Surigao Del Sur),Ms,TECTONIC
806,2025-01-15 03:54:58+00:00,18.81,121.09,2,2.8,023 km N 01° E of Claveria (Cagayan),Ms,TECTONIC
807,2025-01-15 03:52:38+00:00,17.35,119.3,1,2.9,117 km S 79° W of Caoayan (Ilocos Sur),Ms,TECTONIC
808,2025-01-15 03:12:10+00:00,5.53,125.12,10,2.6,033 km S 15° W of Glan (Sarangani),Ms,TECTONIC
809,2025-01-14 23:59:44+00:00,10.4,125.12,1,2.5,008 km N 83° W of Hinunangan (Southern Leyte),Ms,TECTONIC
810,2025-01-14 23:33:22+00:00,10.41,125.13,1,3.4,008 km N 81° W of Hinunangan (Southern Leyte),Ms,TECTONIC
811,2025-01-14 22:04:10+00:00,8.07,126.94,16,1.8,058 km N 87° E of Lingig (Surigao Del Sur),Ms,TECTONIC
812,2025-01-14 22:00:44+00:00,17.76,120.98,8,1.7,011 km N 18° E of Lacub (Abra),Ms,TECTONIC
813,2025-01-14 21:37:26+00:00,17.9,120.17,15,2.6,032 km S 86° W of Badoc (Ilocos Norte),Ms,TECTONIC
814,2025-01-14 21:05:43+00:00,18.72,120.81,22,2.5,017 km N 07° E of Pagudpud (Ilocos Norte),Ms,TECTONIC
815,2025-01-14 20:51:49+00:00,5.79,126.75,57,4.6,123 km S 83° E of Jose Abad Santos (Davao Occidental),Mw,TECTONIC
816,2025-01-14 20:46:59+00:00,16.54,120.87,1,2.3,006 km N 36° E of Bokod (Benguet),Ms,TECTONIC
817,2025-01-14 20:29:08+00:00,9.02,126.78,9,2.5,055 km N 84° E of Bayabas (Surigao Del Sur),Ms,TECTONIC
818,2025-01-14 19:40:31+00:00,7.98,126.77,18,1.6,040 km S 80° E of Lingig (Surigao Del Sur),Ms,TECTONIC
819,2025-01-14 19:39:32+00:00,8.1,127.06,1,2.2,070 km N 84° E of Lingig (Surigao Del Sur),Ms,TECTONIC
820,2025-01-14 19:24:38+00:00,7.8,122.66,33,2.1,004 km N 85° W of Naga (Zamboanga Sibugay),Ms,TECTONIC
821,2025-01-14 19:22:21+00:00,9.35,123.11,30,1.9,013 km S 06° W of Pamplona (Negros Oriental),Ms,TECTONIC
822,2025-01-14 19:12:10+00:00,10.4,125.1,6,3.1,013 km N 81° E of Sogod (Southern Leyte),Ms,TECTONIC
823,2025-01-14 19:07:56+00:00,17.46,120.54,33,1.8,007 km S 88° W of San Isidro (Abra),Ms,TECTONIC
824,2025-01-14 18:56:57+00:00,10.41,125.05,7,2.2,007 km N 72° E of Sogod (Southern Leyte),Ms,TECTONIC
825,2025-01-14 18:19:06+00:00,12.44,123.62,8,1.9,008 km N 03° W of City Of Masbate (Masbate),Ms,TECTONIC
826,2025-01-14 17:56:42+00:00,13.96,121.95,33,2.1,005 km S 35° E of Atimonan (Quezon),Ms,TECTONIC
827,2025-01-14 17:36:47+00:00,18.49,120.71,33,1.5,008 km S 45° W of Bangui (Ilocos Norte),Ms,TECTONIC
828,2025-01-14 17:22:29+00:00,10.44,125.12,1,2.9,010 km N 61° W of Hinunangan (Southern Leyte),Ms,TECTONIC
829,2025-01-14 15:57:24+00:00,17.41,120.44,69,2.1,009 km N 03° W of San Esteban (Ilocos Sur),Ms,TECTONIC
830,2025-01-14 15:53:52+00:00,7.52,125.51,16,2.6,014 km S 28° W of Talaingod (Davao Del Norte),Ms,TECTONIC
831,2025-01-14 14:11:51+00:00,8.33,126.6,23,2.1,029 km S 82° E of Hinatuan (Surigao Del Sur),Ms,TECTONIC
832,2025-01-14 13:52:37+00:00,8.11,126.89,8,2.2,053 km N 82° E of Lingig (Surigao Del Sur),Ms,TECTONIC
833,2025-01-14 13:51:45+00:00,8.03,126.82,12,1.6,045 km S 89° E of Lingig (Surigao Del Sur),Ms,TECTONIC
834,2025-01-14 13:12:19+00:00,8.09,127.0,6,3.2,065 km N 85° E of Lingig (Surigao Del Sur),Ms,TECTONIC
835,2025-01-14 12:53:09+00:00,7.58,124.71,17,2.0,007 km S 09° W of Wao (Lanao Del Sur),Ms,TECTONIC
836,2025-01-14 12:46:07+00:00,8.06,127.13,4,2.6,079 km N 89° E of Lingig (Surigao Del Sur),Ms,TECTONIC
837,2025-01-14 12:23:05+00:00,18.98,120.96,2,3.1,030 km S 61° W of Dalupiri Island (Calayan) (Cagayan),Ms,TECTONIC
838,2025-01-14 11:44:27+00:00,8.57,125.81,32,1.7,014 km N 12° E of Talacogon (Agusan Del Sur),Ms,TECTONIC
839,2025-01-14 11:27:19+00:00,18.81,121.2,36,1.9,019 km S 76° W of Fuga Island (Aparri) (Cagayan),Ms,TECTONIC
840,2025-01-14 11:06:53+00:00,13.15,121.04,11,2.3,024 km S 14° W of Baco (Oriental Mindoro),Ms,TECTONIC
841,2025-01-14 10:57:25+00:00,7.71,124.67,19,1.6,009 km S 66° W of Kalilangan (Bukidnon),Ms,TECTONIC
842,2025-01-14 10:52:54+00:00,8.21,126.71,22,1.8,038 km N 59° E of Lingig (Surigao Del Sur),Ms,TECTONIC
843,2025-01-14 10:32:03+00:00,8.06,126.84,13,2.0,048 km N 87° E of Lingig (Surigao Del Sur),Ms,TECTONIC
844,2025-01-14 09:44:19+00:00,8.0,126.64,23,2.2,025 km S 81° E of Lingig (Surigao Del Sur),Ms,TECTONIC
845,2025-01-14 09:39:04+00:00,8.0,126.95,5,3.8,060 km S 86° E of Lingig (Surigao Del Sur),Ms,TECTONIC
846,2025-01-14 08:22:14+00:00,8.15,127.1,1,3.0,077 km N 81° E of Lingig (Surigao Del Sur),Ms,TECTONIC
847,2025-01-14 08:16:02+00:00,8.07,127.1,1,3.5,076 km N 88° E of Lingig (Surigao Del Sur),Ms,TECTONIC
848,2025-01-14 07:40:09+00:00,17.91,120.95,32,1.5,027 km N 02° E of Lacub (Abra),Ms,TECTONIC
849,2025-01-14 05:26:41+00:00,13.75,120.21,38,1.8,006 km N 59° W of Looc (Occidental Mindoro),Ms,TECTONIC
850,2025-01-14 03:07:39+00:00,15.02,119.39,1,2.1,072 km S 51° W of Palauig (Zambales),Ms,TECTONIC
851,2025-01-14 02:45:07+00:00,14.46,119.65,19,1.8,072 km S 42° W of San Antonio (Zambales),Ms,TECTONIC
852,2025-01-14 01:20:31+00:00,15.11,119.23,14,2.5,081 km S 64° W of Palauig (Zambales),Ms,TECTONIC
853,2025-01-14 01:09:56+00:00,6.05,126.05,131,2.6,043 km S 67° E of Don Marcelino (Davao Occidental),Ms,TECTONIC
854,2025-01-14 00:55:00+00:00,15.57,119.96,26,1.5,005 km N 01° W of Masinloc (Zambales),Ms,TECTONIC
855,2025-01-14 00:16:47+00:00,10.24,126.5,7,2.8,053 km N 62° E of Burgos (Surigao Del Norte),Ms,TECTONIC
856,2025-01-14 00:12:20+00:00,10.24,126.06,12,2.9,024 km N 03° W of Burgos (Surigao Del Norte),Ms,TECTONIC
857,2025-01-13 22:50:59+00:00,12.79,125.03,10,2.4,025 km N 04° E of Laoang (Northern Samar),Ms,TECTONIC
858,2025-01-13 22:28:13+00:00,8.06,126.83,1,2.9,046 km N 87° E of Lingig (Surigao Del Sur),Ms,TECTONIC
859,2025-01-13 22:05:45+00:00,6.95,125.6,33,2.3,019 km S 39° W of Island Garden City Of Samal (Davao Del Norte),Ms,TECTONIC
860,2025-01-13 20:52:41+00:00,9.4,126.09,26,2.3,015 km N 61° E of Cantilan (Surigao Del Sur),Ms,TECTONIC
861,2025-01-13 20:38:16+00:00,19.64,119.96,13,3.1,143 km N 66° W of Dalupiri Island (Calayan) (Cagayan),Ms,TECTONIC
862,2025-01-13 20:23:58+00:00,5.43,125.13,32,2.9,032 km N 87° W of Balut Island (Municipality Of Sarangani) (Davao Occidental),Ms,TECTONIC
863,2025-01-13 19:45:20+00:00,13.67,120.55,104,2.3,020 km S 25° W of Calatagan (Batangas),Ms,TECTONIC
864,2025-01-13 17:38:20+00:00,9.25,125.59,7,2.4,004 km S 62° E of Santiago (Agusan Del Norte),Ms,TECTONIC
865,2025-01-13 17:30:31+00:00,13.4,120.25,7,2.0,023 km S 85° W of Paluan (Occidental Mindoro),Ms,TECTONIC
866,2025-01-13 15:26:43+00:00,8.75,126.37,22,2.2,010 km S 54° E of Marihatag (Surigao Del Sur),Ms,TECTONIC
867,2025-01-13 15:16:37+00:00,14.08,120.32,107,2.0,032 km N 43° E of Lubang (Occidental Mindoro),Ms,TECTONIC
868,2025-01-13 14:52:14+00:00,10.34,126.2,33,2.1,038 km N 22° E of Burgos (Surigao Del Norte),Ms,TECTONIC
869,2025-01-13 14:49:39+00:00,10.35,126.19,33,1.7,039 km N 19° E of Burgos (Surigao Del Norte),Ms,TECTONIC
870,2025-01-13 14:16:33+00:00,7.97,126.81,10,3.3,044 km S 79° E of Lingig (Surigao Del Sur),Ms,TECTONIC
871,2025-01-13 13:35:37+00:00,8.05,126.7,16,2.3,032 km N 88° E of Lingig (Surigao Del Sur),Ms,TECTONIC
872,2025-01-13 13:23:28+00:00,14.46,123.06,3,2.4,013 km S 82° E of Tinaga Island (Vinzons) (Camarines Norte),Ms,TECTONIC
873,2025-01-13 11:41:07+00:00,5.37,125.19,32,4.8,026 km S 81° W of Balut Island (Municipality Of Sarangani) (Davao Occidental),Mw,TECTONIC
874,2025-01-13 10:59:42+00:00,9.42,125.94,20,1.8,005 km N 14° W of Carrascal (Surigao Del Sur),Ms,TECTONIC
875,2025-01-13 07:33:21+00:00,7.81,127.03,9,2.1,058 km N 63° E of Baganga (Davao Oriental),Ms,TECTONIC
876,2025-01-13 07:07:25+00:00,4.91,125.97,16,3.8,083 km S 41° E of Sarangani Island (Municipality Of Sarangani) (Davao Occidental),Ms,TECTONIC
877,2025-01-13 05:24:02+00:00,7.87,126.88,12,2.0,047 km N 79° E of Cateel (Davao Oriental),Ms,TECTONIC
878,2025-01-13 04:37:29+00:00,4.81,126.54,28,3.7,139 km S 58° E of Sarangani Island (Municipality Of Sarangani) (Davao Occidental),Ms,TECTONIC
879,2025-01-13 04:34:00+00:00,15.41,121.9,5,2.2,053 km S 43° E of Baler (Aurora),Ms,TECTONIC
880,2025-01-13 04:11:05+00:00,17.95,120.22,22,2.0,027 km N 84° W of Badoc (Ilocos Norte),Ms,TECTONIC
881,2025-01-13 01:26:08+00:00,10.05,125.14,44,2.0,002 km S 78° W of San Francisco (Southern Leyte),Ms,TECTONIC
882,2025-01-13 01:26:53+00:00,15.67,119.9,43,1.7,006 km N 39° W of Candelaria (Zambales),Ms,TECTONIC
883,2025-01-13 00:51:04+00:00,10.5,125.2,1,2.4,005 km S 50° E of Silago (Southern Leyte),Ms,TECTONIC
884,2025-01-13 00:46:22+00:00,10.89,124.81,2,2.5,013 km S 77° E of Albuera (Leyte),Ms,TECTONIC
885,2025-01-13 00:27:11+00:00,6.8,123.86,527,3.3,034 km N 38° W of Kalamansig (Sultan Kudarat),Ms,TECTONIC
886,2025-01-13 00:19:41+00:00,6.48,124.05,596,5.1,008 km S 02° E of Kalamansig (Sultan Kudarat),Ms,TECTONIC
887,2025-01-12 23:28:21+00:00,8.16,126.6,34,1.6,025 km N 58° E of Lingig (Surigao Del Sur),Ms,TECTONIC
888,2025-01-12 22:30:38+00:00,4.53,125.87,164,4.7,109 km S 27° E of Balut Island (Municipality Of Sarangani) (Davao Occidental),Ms,TECTONIC
889,2025-01-12 21:43:57+00:00,8.26,123.35,18,3.3,012 km N 03° E of Dumingag (Zamboanga Del Sur),Ms,TECTONIC
890,2025-01-12 20:10:49+00:00,8.78,126.31,29,2.4,003 km S 30° E of Marihatag (Surigao Del Sur),Ms,TECTONIC
891,2025-01-12 18:46:55+00:00,10.03,126.09,12,3.1,002 km N 55° E of Burgos (Surigao Del Norte),Ms,TECTONIC
892,2025-01-12 18:31:36+00:00,9.67,125.63,12,3.3,003 km N 55° E of Placer (Surigao Del Norte),Ms,TECTONIC
893,2025-01-12 18:00:08+00:00,20.78,121.88,16,3.3,004 km S 80° E of Itbayat (Batanes),Ms,TECTONIC
894,2025-01-12 17:56:52+00:00,7.51,126.16,33,1.4,005 km S 27° E of New Bataan (Davao De Oro),Ms,TECTONIC
895,2025-01-12 17:54:46+00:00,7.65,126.99,2,3.2,048 km N 80° E of Baganga (Davao Oriental),Ms,TECTONIC
896,2025-01-12 17:46:50+00:00,8.25,123.15,3,1.9,004 km S 80° E of Siayan (Zamboanga Del Norte),Ms,TECTONIC
897,2025-01-12 17:42:52+00:00,6.74,125.08,13,2.0,009 km S 77° W of Magsaysay (Davao Del Sur),Ms,TECTONIC
898,2025-01-12 16:48:52+00:00,17.52,122.04,12,2.9,026 km N 55° W of Maconacon (Isabela),Ms,TECTONIC
899,2025-01-12 15:09:16+00:00,17.35,122.59,5,2.9,031 km N 86° E of Divilacan (Isabela),Ms,TECTONIC
900,2025-01-12 13:29:28+00:00,12.45,124.47,32,2.1,009 km S 10° W of San Jose (Northern Samar),Ms,TECTONIC
901,2025-01-12 13:14:42+00:00,9.88,122.45,22,1.9,012 km N 11° E of City Of Sipalay (Negros Occidental),Ms,TECTONIC
902,2025-01-12 10:38:43+00:00,5.26,126.33,8,2.5,098 km S 76° E of Sarangani Island (Municipality Of Sarangani) (Davao Occidental),Ms,TECTONIC
903,2025-01-12 10:24:14+00:00,15.64,119.97,31,1.5,005 km N 75° E of Candelaria (Zambales),Ms,TECTONIC
904,2025-01-12 09:55:02+00:00,7.18,123.53,23,3.9,034 km S 22° E of Tabina (Zamboanga Del Sur),Ms,TECTONIC
905,2025-01-12 07:53:29+00:00,9.59,125.52,29,2.0,005 km N 01° E of Mainit (Surigao Del Norte),Ms,TECTONIC
906,2025-01-12 07:13:13+00:00,13.54,120.03,28,1.5,031 km S 50° W of Looc (Occidental Mindoro),Ms,TECTONIC
907,2025-01-12 07:11:09+00:00,11.77,125.87,13,2.4,045 km N 88° E of San Julian (Eastern Samar),Ms,TECTONIC
908,2025-01-12 06:16:35+00:00,8.0,126.53,2,1.9,014 km S 72° E of Lingig (Surigao Del Sur),Ms,TECTONIC
909,2025-01-12 05:34:48+00:00,8.25,125.9,7,2.0,013 km N 55° W of Bunawan (Agusan Del Sur),Ms,TECTONIC
910,2025-01-12 04:55:33+00:00,14.94,122.6,4,1.8,040 km N 47° E of Jomalig (Quezon),Ms,TECTONIC
911,2025-01-12 03:33:57+00:00,8.12,125.99,12,2.4,007 km S 02° W of Bunawan (Agusan Del Sur),Ms,TECTONIC
912,2025-01-12 02:00:50+00:00,9.14,126.39,24,2.5,022 km N 51° E of Tago (Surigao Del Sur),Ms,TECTONIC
913,2025-01-12 01:11:19+00:00,18.73,121.06,6,2.0,014 km N 11° W of Claveria (Cagayan),Ms,TECTONIC
914,2025-01-12 01:07:10+00:00,6.48,126.38,32,2.6,039 km S 61° E of Governor Generoso (Davao Oriental),Ms,TECTONIC
915,2025-01-12 00:45:45+00:00,12.31,121.82,33,1.2,013 km S 79° W of Ferrol (Romblon),Ms,TECTONIC
916,2025-01-12 00:05:33+00:00,8.35,126.71,10,2.5,041 km S 87° E of Hinatuan (Surigao Del Sur),Ms,TECTONIC
917,2025-01-12 00:00:05+00:00,7.07,126.7,12,3.0,023 km S 48° E of Manay (Davao Oriental),Ms,TECTONIC
918,2025-01-11 22:49:00+00:00,10.23,125.05,3,3.0,011 km N 42° W of Liloan (Southern Leyte),Ms,TECTONIC
919,2025-01-11 21:43:44+00:00,9.3,126.5,11,2.3,034 km N 85° E of Cortes (Surigao Del Sur),Ms,TECTONIC
920,2025-01-11 21:03:02+00:00,11.51,124.51,1,1.8,006 km N 39° E of Biliran (Biliran),Ms,TECTONIC
921,2025-01-11 20:53:27+00:00,11.78,125.92,10,3.9,051 km N 87° E of San Julian (Eastern Samar),Ms,TECTONIC
922,2025-01-11 20:43:37+00:00,11.76,125.75,3,2.7,033 km N 90° E of San Julian (Eastern Samar),Ms,TECTONIC
923,2025-01-11 20:31:44+00:00,11.77,125.77,6,4.2,035 km N 87° E of San Julian (Eastern Samar),Ms,TECTONIC
924,2025-01-11 20:30:41+00:00,11.72,125.85,12,2.0,043 km S 85° E of San Julian (Eastern Samar),Ms,TECTONIC
925,2025-01-11 20:28:28+00:00,6.94,126.25,48,3.0,004 km S 68° E of City Of Mati (Davao Oriental),Ms,TECTONIC
926,2025-01-11 19:04:33+00:00,6.31,126.14,67,3.4,039 km S 11° E of Governor Generoso (Davao Oriental),Ms,TECTONIC
927,2025-01-11 18:17:21+00:00,7.67,126.99,5,3.0,049 km N 77° E of Baganga (Davao Oriental),Ms,TECTONIC
928,2025-01-11 17:48:25+00:00,7.79,127.26,1,4.4,081 km N 73° E of Baganga (Davao Oriental),Mw,TECTONIC
929,2025-01-11 16:23:31+00:00,5.69,126.24,90,2.9,070 km S 70° E of Jose Abad Santos (Davao Occidental),Ms,TECTONIC
930,2025-01-11 15:47:30+00:00,8.74,126.53,13,2.1,026 km S 75° E of Marihatag (Surigao Del Sur),Ms,TECTONIC
931,2025-01-11 15:15:32+00:00,16.48,119.63,17,2.4,030 km N 71° W of Bolinao (Pangasinan),Ms,TECTONIC
932,2025-01-11 15:06:58+00:00,15.29,122.75,1,2.8,080 km N 35° E of Jomalig (Quezon),Ms,TECTONIC
933,2025-01-11 14:24:19+00:00,19.04,121.05,2,2.6,018 km S 65° W of Dalupiri Island (Calayan) (Cagayan),Ms,TECTONIC
934,2025-01-11 14:14:45+00:00,10.4,125.22,2,2.2,002 km N 84° E of Hinunangan (Southern Leyte),Ms,TECTONIC
935,2025-01-11 13:14:08+00:00,10.44,125.11,1,2.7,019 km N 58° W of Hinundayan (Southern Leyte),Ms,TECTONIC
936,2025-01-11 12:03:52+00:00,9.38,122.25,12,2.8,035 km S 44° W of Hinoba-an (Negros Occidental),Ms,TECTONIC
937,2025-01-11 11:35:40+00:00,7.89,126.24,6,1.7,015 km N 81° W of Boston (Davao Oriental),Ms,TECTONIC
938,2025-01-11 11:35:21+00:00,8.3,123.24,31,1.7,015 km N 70° E of Siayan (Zamboanga Del Norte),Ms,TECTONIC
939,2025-01-11 10:46:19+00:00,18.58,121.03,20,2.8,006 km S 62° W of Claveria (Cagayan),Ms,TECTONIC
940,2025-01-11 10:36:19+00:00,9.27,123.2,2,2.1,005 km S 71° W of Valencia (Negros Oriental),Ms,TECTONIC
941,2025-01-11 08:14:09+00:00,9.08,126.21,29,1.7,005 km N 80° E of City Of Tandag (Surigao Del Sur),Ms,TECTONIC
942,2025-01-11 07:36:43+00:00,10.54,125.19,3,3.6,003 km N 65° E of Silago (Southern Leyte),Ms,TECTONIC
943,2025-01-11 05:29:19+00:00,13.72,120.53,92,1.8,017 km S 42° W of Calatagan (Batangas),Ms,TECTONIC
944,2025-01-11 04:51:56+00:00,11.3,124.58,17,2.4,007 km N 86° W of Capoocan (Leyte),Ms,TECTONIC
945,2025-01-11 04:18:40+00:00,8.08,123.65,6,1.9,006 km N 52° E of Bonifacio (Misamis Occidental),Ms,TECTONIC
946,2025-01-11 03:16:38+00:00,7.91,126.75,33,1.6,035 km N 68° E of Cateel (Davao Oriental),Ms,TECTONIC
947,2025-01-11 00:16:58+00:00,11.79,125.87,9,3.4,046 km N 85° E of San Julian (Eastern Samar),Ms,TECTONIC
948,2025-01-10 21:26:38+00:00,16.78,120.4,2,2.0,005 km S 09° W of Balaoan (La Union),Ms,TECTONIC
949,2025-01-10 21:18:40+00:00,16.87,120.35,17,2.2,004 km N 58° W of Luna (La Union),Ms,TECTONIC
950,2025-01-10 21:04:05+00:00,10.08,122.52,11,2.5,016 km N 45° W of Cauayan (Negros Occidental),Ms,TECTONIC
951,2025-01-10 20:01:57+00:00,11.78,125.85,7,2.7,043 km N 86° E of San Julian (Eastern Samar),Ms,TECTONIC
952,2025-01-10 19:56:53+00:00,9.88,126.0,1,1.8,004 km N 68° E of Del Carmen (Surigao Del Norte),Ms,TECTONIC
953,2025-01-10 19:41:10+00:00,3.43,125.65,110,4.4,220 km S 07° E of Balut Island (Municipality Of Sarangani) (Davao Occidental),Ms,TECTONIC
954,2025-01-10 19:39:03+00:00,7.87,124.65,6,1.8,010 km N 21° W of Amai Manabilang (Lanao Del Sur),Ms,TECTONIC
955,2025-01-10 19:24:38+00:00,11.82,125.73,7,2.4,031 km N 77° E of San Julian (Eastern Samar),Ms,TECTONIC
956,2025-01-10 18:49:42+00:00,11.75,125.87,6,2.4,045 km S 89° E of San Julian (Eastern Samar),Ms,TECTONIC
957,2025-01-10 18:48:46+00:00,11.79,125.69,4,1.8,026 km N 81° E of San Julian (Eastern Samar),Ms,TECTONIC
958,2025-01-10 18:47:48+00:00,11.77,125.72,7,2.8,029 km N 86° E of San Julian (Eastern Samar),Ms,TECTONIC
959,2025-01-10 18:35:24+00:00,11.8,125.91,10,3.0,049 km N 84° E of San Julian (Eastern Samar),Ms,TECTONIC
960,2025-01-10 18:10:53+00:00,10.43,125.08,2,2.3,014 km N 72° W of Hinunangan (Southern Leyte),Ms,TECTONIC
961,2025-01-10 18:10:20+00:00,6.19,126.64,27,2.1,080 km S 51° E of Governor Generoso (Davao Oriental),Ms,TECTONIC
962,2025-01-10 17:43:39+00:00,14.94,119.85,35,1.6,026 km S 72° W of San Narciso (Zambales),Ms,TECTONIC
963,2025-01-10 17:40:31+00:00,12.88,124.68,15,1.6,041 km N 57° E of Biri (Northern Samar),Ms,TECTONIC
964,2025-01-10 17:37:44+00:00,8.99,126.2,89,1.7,005 km S 49° W of Tago (Surigao Del Sur),Ms,TECTONIC
965,2025-01-10 17:10:08+00:00,10.34,125.2,25,2.4,006 km S 02° E of Hinunangan (Southern Leyte),Ms,TECTONIC
966,2025-01-10 16:50:28+00:00,15.39,119.78,18,2.4,015 km S 70° W of Palauig (Zambales),Ms,TECTONIC
967,2025-01-10 16:10:45+00:00,9.19,126.32,33,2.3,017 km S 56° E of Cortes (Surigao Del Sur),Ms,TECTONIC
968,2025-01-10 15:44:28+00:00,10.21,125.31,44,2.1,009 km S 42° E of Anahawan (Southern Leyte),Ms,TECTONIC
969,2025-01-10 15:32:36+00:00,9.39,125.92,91,3.7,004 km N 49° W of Carrascal (Surigao Del Sur),Ms,TECTONIC
970,2025-01-10 15:03:52+00:00,9.75,122.4,13,2.5,004 km S 58° W of City Of Sipalay (Negros Occidental),Ms,TECTONIC
971,2025-01-10 14:39:01+00:00,10.42,122.75,32,2.1,009 km S 61° W of Valladolid (Negros Occidental),Ms,TECTONIC
972,2025-01-10 14:27:21+00:00,13.61,120.29,70,1.5,012 km S 19° E of Looc (Occidental Mindoro),Ms,TECTONIC
973,2025-01-10 14:04:53+00:00,18.33,120.75,19,2.2,013 km S 89° E of Pasuquin (Ilocos Norte),Ms,TECTONIC
974,2025-01-10 13:55:22+00:00,7.34,126.56,15,2.7,001 km N 07° W of Caraga (Davao Oriental),Ms,TECTONIC
975,2025-01-10 12:54:22+00:00,7.18,126.98,22,3.5,048 km S 71° E of Caraga (Davao Oriental),Ms,TECTONIC
976,2025-01-10 12:50:45+00:00,8.82,126.37,33,1.6,008 km N 74° E of Marihatag (Surigao Del Sur),Ms,TECTONIC
977,2025-01-10 12:36:48+00:00,8.41,126.5,25,3.5,019 km N 77° E of Hinatuan (Surigao Del Sur),Ms,TECTONIC
978,2025-01-10 12:36:03+00:00,10.04,126.22,27,2.0,016 km N 80° E of Burgos (Surigao Del Norte),Ms,TECTONIC
979,2025-01-10 11:24:45+00:00,7.95,126.69,18,1.8,031 km N 55° E of Cateel (Davao Oriental),Ms,TECTONIC
980,2025-01-10 11:19:20+00:00,9.0,126.92,6,2.2,069 km N 82° E of Cagwait (Surigao Del Sur),Ms,TECTONIC
981,2025-01-10 11:08:26+00:00,8.75,126.87,13,2.0,063 km S 85° E of Marihatag (Surigao Del Sur),Ms,TECTONIC
982,2025-01-10 10:33:03+00:00,8.34,123.39,19,1.5,012 km S 47° W of Mutia (Zamboanga Del Norte),Ms,TECTONIC
983,2025-01-10 09:15:01+00:00,10.08,126.16,18,2.3,015 km N 63° E of Santa Monica (Surigao Del Norte),Ms,TECTONIC
984,2025-01-10 08:23:03+00:00,12.25,125.33,3,2.4,005 km S 62° W of Arteche (Eastern Samar),Ms,TECTONIC
985,2025-01-10 08:07:54+00:00,7.6,122.59,45,1.8,015 km S 66° E of Roseller Lim (Zamboanga Sibugay),Ms,TECTONIC
986,2025-01-10 07:06:53+00:00,10.4,125.12,1,3.5,008 km N 87° W of Hinunangan (Southern Leyte),Ms,TECTONIC
987,2025-01-10 06:37:18+00:00,9.64,125.77,24,1.4,009 km N 30° E of Claver (Surigao Del Norte),Ms,TECTONIC
988,2025-01-10 06:08:00+00:00,5.74,125.73,50,3.1,022 km S 27° E of Jose Abad Santos (Davao Occidental),Ms,TECTONIC
989,2025-01-10 05:49:43+00:00,8.42,126.58,27,4.6,028 km N 77° E of Hinatuan (Surigao Del Sur),Mw,TECTONIC
990,2025-01-10 05:26:02+00:00,9.1,126.56,33,1.9,034 km N 64° E of Bayabas (Surigao Del Sur),Ms,TECTONIC
991,2025-01-10 05:24:20+00:00,13.58,120.81,13,1.8,011 km S 37° W of Tingloy (Batangas),Ms,TECTONIC
992,2025-01-10 05:09:27+00:00,13.97,121.34,95,1.9,002 km N 54° E of Tiaong (Quezon),Ms,TECTONIC
993,2025-01-10 03:43:28+00:00,2.99,126.0,112,3.9,276 km S 14° E of Balut Island (Municipality Of Sarangani) (Davao Occidental),Ms,TECTONIC
994,2025-01-10 03:10:21+00:00,14.02,120.33,110,2.4,033 km S 80° W of Nasugbu (Batangas),Ms,TECTONIC
995,2025-01-10 02:15:04+00:00,8.63,125.65,28,2.2,006 km S 04° E of Esperanza (Agusan Del Sur),Ms,TECTONIC
996,2025-01-09 22:42:19+00:00,10.19,124.73,28,1.4,013 km N 63° W of City Of Maasin (Southern Leyte),Ms,TECTONIC
997,2025-01-09 21:57:32+00:00,8.7,122.02,85,2.1,086 km N 39° W of Labason (Zamboanga Del Norte),Ms,TECTONIC
998,2025-01-09 21:13:27+00:00,11.27,125.52,38,2.1,004 km N 36° W of General Macarthur (Eastern Samar),Ms,TECTONIC
999,2025-01-09 20:39:57+00:00,11.15,125.7,14,2.0,004 km N 85° E of Salcedo (Eastern Samar),Ms,TECTONIC
1000,2025-01-09 20:39:23+00:00,13.58,120.55,87,1.7,020 km N 27° E of Paluan (Occidental Mindoro),Ms,TECTONIC
1001,2025-01-09 20:39:03+00:00,9.09,127.08,1,2.6,088 km N 77° E of Cagwait (Surigao Del Sur),Ms,TECTONIC
1002,2025-01-09 20:13:47+00:00,8.5,124.34,3,3.1,004 km N 89° E of Initao (Misamis Oriental),Ms,TECTONIC
1003,2025-01-09 19:53:26+00:00,16.49,122.45,21,2.9,020 km S 79° E of Dinapigue (Isabela),Ms,TECTONIC
1004,2025-01-09 19:37:28+00:00,13.72,120.6,105,1.8,013 km S 17° W of Calatagan (Batangas),Ms,TECTONIC
1005,2025-01-09 19:23:37+00:00,10.45,125.18,1,2.7,006 km N 16° W of Hinunangan (Southern Leyte),Ms,TECTONIC
1006,2025-01-09 19:11:09+00:00,5.68,126.51,158,4.5,099 km S 75° E of Jose Abad Santos (Davao Occidental),Ms,TECTONIC
1007,2025-01-09 19:00:06+00:00,5.54,125.61,223,2.8,018 km N 62° E of Sarangani Island (Municipality Of Sarangani) (Davao Occidental),Ms,TECTONIC
1008,2025-01-09 18:36:40+00:00,16.75,119.99,24,2.0,038 km N 67° W of City Of San Fernando (La Union),Ms,TECTONIC
1009,2025-01-09 18:29:10+00:00,8.0,126.56,24,2.2,017 km S 74° E of Lingig (Surigao Del Sur),Ms,TECTONIC
1010,2025-01-09 17:59:39+00:00,17.85,121.62,35,1.8,006 km S 55° E of Santo Niño (Cagayan),Ms,TECTONIC
1011,2025-01-09 17:58:03+00:00,5.47,125.06,38,2.2,041 km N 81° W of Balut Island (Municipality Of Sarangani) (Davao Occidental),Ms,TECTONIC
1012,2025-01-09 17:53:36+00:00,11.84,125.31,29,2.3,014 km S 59° W of Taft (Eastern Samar),Ms,TECTONIC
1013,2025-01-09 17:46:07+00:00,5.67,126.12,111,2.3,062 km S 63° E of Jose Abad Santos (Davao Occidental),Ms,TECTONIC
1014,2025-01-09 16:59:39+00:00,13.73,120.45,69,2.5,022 km N 86° E of Looc (Occidental Mindoro),Ms,TECTONIC
1015,2025-01-09 16:26:04+00:00,10.08,124.74,37,1.7,012 km S 62° W of City Of Maasin (Southern Leyte),Ms,TECTONIC
1016,2025-01-09 16:08:47+00:00,17.38,120.46,53,2.5,002 km N 60° W of Santa Maria (Ilocos Sur),Ms,TECTONIC
1017,2025-01-09 15:36:50+00:00,7.81,126.99,15,2.2,054 km N 61° E of Baganga (Davao Oriental),Ms,TECTONIC
1018,2025-01-09 15:16:29+00:00,11.6,125.64,17,2.1,028 km N 06° E of Hernani (Eastern Samar),Ms,TECTONIC
1019,2025-01-09 15:13:19+00:00,17.58,122.25,21,1.8,022 km N 04° E of Maconacon (Isabela),Ms,TECTONIC
1020,2025-01-09 15:08:50+00:00,8.84,126.44,18,1.9,016 km N 73° E of Marihatag (Surigao Del Sur),Ms,TECTONIC
1021,2025-01-09 15:00:03+00:00,10.29,122.5,34,1.9,026 km S 11° W of Nueva Valencia (Guimaras),Ms,TECTONIC
1022,2025-01-09 14:42:34+00:00,18.25,120.69,4,2.9,005 km N 68° E of Vintar (Ilocos Norte),Ms,TECTONIC
1023,2025-01-09 14:37:16+00:00,5.55,125.51,139,2.6,009 km N 26° E of Sarangani Island (Municipality Of Sarangani) (Davao Occidental),Ms,TECTONIC
1024,2025-01-09 14:36:32+00:00,19.28,120.2,15,2.9,098 km N 29° W of Burgos (Ilocos Norte),Ms,TECTONIC
1025,2025-01-09 14:17:21+00:00,13.61,120.4,79,2.1,020 km S 54° E of Looc (Occidental Mindoro),Ms,TECTONIC
1026,2025-01-09 13:49:57+00:00,8.56,126.49,24,3.0,027 km N 40° E of Hinatuan (Surigao Del Sur),Ms,TECTONIC
1027,2025-01-09 12:47:03+00:00,6.04,126.22,118,2.4,061 km S 73° E of Don Marcelino (Davao Occidental),Ms,TECTONIC
1028,2025-01-09 12:33:28+00:00,11.8,126.06,1,3.5,067 km N 86° E of San Julian (Eastern Samar),Ms,TECTONIC
1029,2025-01-09 12:13:51+00:00,10.39,124.93,34,1.9,006 km N 51° W of Bontoc (Southern Leyte),Ms,TECTONIC
1030,2025-01-09 11:36:44+00:00,10.4,125.18,2,2.4,002 km N 74° W of Hinunangan (Southern Leyte),Ms,TECTONIC
1031,2025-01-09 11:15:59+00:00,7.99,126.76,22,1.7,039 km S 82° E of Lingig (Surigao Del Sur),Ms,TECTONIC
1032,2025-01-09 11:15:48+00:00,7.98,122.14,1,1.8,018 km N 03° W of Baliguian (Zamboanga Del Norte),Ms,TECTONIC
1033,2025-01-09 11:02:18+00:00,10.45,125.99,20,3.2,043 km S 42° E of Homonhon Island (Guiuan) (Eastern Samar),Ms,TECTONIC
1034,2025-01-09 10:51:37+00:00,16.26,121.99,35,2.0,015 km S 82° W of Casiguran (Aurora),Ms,TECTONIC
1035,2025-01-09 10:14:27+00:00,8.19,123.05,23,2.2,007 km S 49° E of Sindangan (Zamboanga Del Norte),Ms,TECTONIC
1036,2025-01-09 10:12:44+00:00,10.01,126.03,6,2.6,002 km S 42° W of Santa Monica (Surigao Del Norte),Ms,TECTONIC
1037,2025-01-09 10:08:31+00:00,12.29,123.83,1,1.7,008 km N 35° E of Uson (Masbate),Ms,TECTONIC
1038,2025-01-09 10:03:01+00:00,9.99,126.07,7,1.6,003 km S 15° W of Burgos (Surigao Del Norte),Ms,TECTONIC
1039,2025-01-09 09:54:17+00:00,18.51,120.87,7,2.7,006 km N 32° W of Adams (Ilocos Norte),Ms,TECTONIC
1040,2025-01-09 09:41:10+00:00,5.64,125.13,28,2.0,022 km S 24° W of Glan (Sarangani),Ms,TECTONIC
1041,2025-01-09 09:38:35+00:00,13.83,119.84,26,2.2,031 km S 85° W of Lubang (Occidental Mindoro),Ms,TECTONIC
1042,2025-01-09 07:54:20+00:00,8.28,123.34,33,1.6,014 km N 04° W of Dumingag (Zamboanga Del Sur),Ms,TECTONIC
1043,2025-01-09 07:04:22+00:00,4.79,126.0,2,3.0,094 km S 43° E of Balut Island (Municipality Of Sarangani) (Davao Occidental),Ms,TECTONIC
1044,2025-01-09 05:44:22+00:00,11.06,124.71,1,1.7,016 km N 07° E of Albuera (Leyte),Ms,TECTONIC
1045,2025-01-09 04:08:49+00:00,2.18,121.62,33,4.3,355 km S 25° E of Sapa-sapa (Tawi-tawi),Ms,TECTONIC
1046,2025-01-09 03:58:42+00:00,17.77,120.54,33,1.8,009 km S 73° E of Cabugao (Ilocos Sur),Ms,TECTONIC
1047,2025-01-09 02:58:38+00:00,17.89,120.12,13,3.5,036 km N 85° W of Sinait (Ilocos Sur),Ms,TECTONIC
1048,2025-01-09 02:19:16+00:00,12.74,123.29,33,1.7,018 km S 14° E of Claveria (Masbate),Ms,TECTONIC
1049,2025-01-09 02:18:44+00:00,9.33,123.89,32,1.9,028 km N 78° E of Enrique Villanueva (Siquijor),Ms,TECTONIC
1050,2025-01-09 00:59:55+00:00,5.98,126.25,119,2.3,066 km S 69° E of Don Marcelino (Davao Occidental),Ms,TECTONIC
1051,2025-01-09 00:30:20+00:00,15.52,120.35,32,1.5,012 km S 13° W of Mayantoc (Tarlac),Ms,TECTONIC
1052,2025-01-09 00:15:38+00:00,15.24,119.93,25,3.6,010 km S 26° W of Iba (Zambales),Ms,TECTONIC
1053,2025-01-08 23:56:04+00:00,8.53,126.79,8,2.2,053 km N 70° E of Hinatuan (Surigao Del Sur),Ms,TECTONIC
1054,2025-01-08 21:58:47+00:00,7.3,124.79,9,1.8,011 km N 05° W of Carmen (Cotabato),Ms,TECTONIC
1055,2025-01-08 21:23:24+00:00,4.49,125.82,146,2.5,111 km S 23° E of Balut Island (Municipality Of Sarangani) (Davao Occidental),Ms,TECTONIC
1056,2025-01-08 21:02:36+00:00,10.4,125.2,1,3.0,001 km N 59° E of Hinunangan (Southern Leyte),Ms,TECTONIC
1057,2025-01-08 20:47:21+00:00,10.33,125.27,34,2.1,003 km S 27° E of Hinundayan (Southern Leyte),Ms,TECTONIC
1058,2025-01-08 20:19:03+00:00,10.4,125.02,1,2.0,004 km N 69° E of Sogod (Southern Leyte),Ms,TECTONIC
1059,2025-01-08 19:57:25+00:00,10.45,125.16,1,2.6,007 km N 35° W of Hinunangan (Southern Leyte),Ms,TECTONIC
1060,2025-01-08 19:25:59+00:00,6.65,126.19,43,2.6,013 km East of Governor Generoso (Davao Oriental),Ms,TECTONIC
1061,2025-01-08 19:12:32+00:00,10.43,125.09,2,4.3,013 km N 73° W of Hinunangan (Southern Leyte),Mw,TECTONIC
1062,2025-01-08 19:05:02+00:00,6.36,126.27,22,3.2,039 km S 34° E of Governor Generoso (Davao Oriental),Ms,TECTONIC
1063,2025-01-08 18:27:12+00:00,13.58,120.25,1,2.3,015 km S 01° W of Looc (Occidental Mindoro),Ms,TECTONIC
1064,2025-01-08 16:54:26+00:00,15.48,119.99,18,2.2,010 km N 59° E of Palauig (Zambales),Ms,TECTONIC
1065,2025-01-08 16:43:07+00:00,10.35,125.24,1,2.7,002 km N 84° W of Hinundayan (Southern Leyte),Ms,TECTONIC
1066,2025-01-08 16:31:28+00:00,18.42,120.75,38,2.3,013 km S 07° W of Bangui (Ilocos Norte),Ms,TECTONIC
1067,2025-01-08 16:04:48+00:00,7.64,126.52,22,1.7,009 km N 30° W of Baganga (Davao Oriental),Ms,TECTONIC
1068,2025-01-08 15:45:32+00:00,12.57,124.79,24,2.1,008 km N 35° E of Mondragon (Northern Samar),Ms,TECTONIC
1069,2025-01-08 14:15:18+00:00,8.37,126.52,19,2.5,020 km N 89° E of Hinatuan (Surigao Del Sur),Ms,TECTONIC
1070,2025-01-08 13:50:55+00:00,17.87,121.22,26,2.1,014 km N 54° W of Conner (Apayao),Ms,TECTONIC
1071,2025-01-08 13:38:57+00:00,5.91,127.06,102,2.9,137 km S 53° E of Governor Generoso (Davao Oriental),Ms,TECTONIC
1072,2025-01-08 12:27:51+00:00,8.47,126.91,4,2.3,064 km N 80° E of Hinatuan (Surigao Del Sur),Ms,TECTONIC
1073,2025-01-08 11:54:59+00:00,11.32,121.94,1,2.5,010 km N 72° W of Tibiao (Antique),Ms,TECTONIC
1074,2025-01-08 11:43:28+00:00,11.37,121.86,1,2.4,022 km N 64° W of Tibiao (Antique),Ms,TECTONIC
1075,2025-01-08 11:37:52+00:00,10.97,125.34,11,2.6,016 km S 18° W of Balangiga (Eastern Samar),Ms,TECTONIC
1076,2025-01-08 11:35:48+00:00,9.6,126.1,30,2.5,015 km S 82° E of Socorro (Surigao Del Norte),Ms,TECTONIC
1077,2025-01-08 10:34:04+00:00,18.5,120.88,7,1.3,005 km N 31° W of Adams (Ilocos Norte),Ms,TECTONIC
1078,2025-01-08 09:57:38+00:00,15.36,120.1,30,1.5,011 km N 45° E of Botolan (Zambales),Ms,TECTONIC
1079,2025-01-08 09:26:47+00:00,9.0,126.87,13,1.8,063 km N 82° E of Cagwait (Surigao Del Sur),Ms,TECTONIC
1080,2025-01-08 08:30:56+00:00,7.99,125.75,28,2.3,020 km N 15° W of Laak (Davao De Oro),Ms,TECTONIC
1081,2025-01-08 07:56:56+00:00,13.7,120.48,11,2.5,022 km S 48° W of Calatagan (Batangas),Ms,TECTONIC
1082,2025-01-08 07:53:37+00:00,7.95,126.67,18,1.9,030 km S 72° E of Lingig (Surigao Del Sur),Ms,TECTONIC
1083,2025-01-08 07:42:24+00:00,13.95,120.07,33,2.1,012 km N 27° W of Lubang (Occidental Mindoro),Ms,TECTONIC
1084,2025-01-08 07:00:18+00:00,10.36,126.31,10,2.0,046 km N 34° E of Burgos (Surigao Del Norte),Ms,TECTONIC
1085,2025-01-08 05:35:27+00:00,6.29,125.81,1,1.8,017 km N 52° E of Don Marcelino (Davao Occidental),Ms,TECTONIC
1086,2025-01-08 05:27:42+00:00,6.74,126.21,9,1.8,018 km N 60° E of Governor Generoso (Davao Oriental),Ms,TECTONIC
1087,2025-01-08 04:25:13+00:00,15.77,122.78,23,2.6,090 km S 51° E of Casiguran (Aurora),Ms,TECTONIC
1088,2025-01-08 04:14:45+00:00,7.35,126.31,36,1.7,021 km N 79° E of Maragusan (Davao De Oro),Ms,TECTONIC
1089,2025-01-08 01:24:32+00:00,18.36,121.02,6,2.0,011 km N 11° W of Calanasan (Apayao),Ms,TECTONIC
1090,2025-01-08 00:59:45+00:00,8.25,126.27,32,2.0,007 km N 52° W of City Of Bislig (Surigao Del Sur),Ms,TECTONIC
1091,2025-01-07 23:28:20+00:00,9.38,125.57,1,2.5,007 km N 55° E of Jabonga (Agusan Del Norte),Ms,TECTONIC
1092,2025-01-07 21:51:20+00:00,5.87,126.19,21,3.1,060 km S 86° E of Jose Abad Santos (Davao Occidental),Ms,TECTONIC
1093,2025-01-07 20:15:09+00:00,13.24,120.01,81,2.4,063 km N 89° W of Mamburao (Occidental Mindoro),Ms,TECTONIC
1094,2025-01-07 20:08:16+00:00,7.24,123.53,26,1.7,028 km S 27° E of Tabina (Zamboanga Del Sur),Ms,TECTONIC
1095,2025-01-07 18:28:49+00:00,6.56,126.73,33,2.6,063 km S 30° E of Tarragona (Davao Oriental),Ms,TECTONIC
1096,2025-01-07 18:23:24+00:00,9.63,123.58,25,2.0,011 km N 87° E of Boljoon (Cebu),Ms,TECTONIC
1097,2025-01-07 18:15:12+00:00,13.99,120.42,117,2.4,025 km S 67° W of Nasugbu (Batangas),Ms,TECTONIC
1098,2025-01-07 18:13:00+00:00,10.66,125.94,43,3.3,025 km S 69° E of Homonhon Island (Guiuan) (Eastern Samar),Ms,TECTONIC
1099,2025-01-07 17:20:52+00:00,10.25,123.22,9,3.0,015 km S 51° W of Vallehermoso (Negros Oriental),Ms,TECTONIC
1100,2025-01-07 16:34:25+00:00,17.7,119.3,15,2.5,114 km N 84° W of Santa Catalina (Ilocos Sur),Ms,TECTONIC
1101,2025-01-07 15:22:31+00:00,18.34,120.85,2,3.4,015 km S 22° W of Adams (Ilocos Norte),Ms,TECTONIC
1102,2025-01-07 14:51:47+00:00,10.26,123.31,1,2.6,009 km S 10° W of Vallehermoso (Negros Oriental),Ms,TECTONIC
1103,2025-01-07 12:54:05+00:00,11.16,125.62,36,3.5,005 km N 82° W of Salcedo (Eastern Samar),Ms,TECTONIC
1104,2025-01-07 11:47:27+00:00,13.62,120.47,78,2.6,023 km N 02° E of Paluan (Occidental Mindoro),Ms,TECTONIC
1105,2025-01-07 11:44:32+00:00,19.07,121.06,13,2.7,016 km S 74° W of Dalupiri Island (Calayan) (Cagayan),Ms,TECTONIC
1106,2025-01-07 11:22:09+00:00,16.34,121.45,19,2.4,017 km N 80° E of Kasibu (Nueva Vizcaya),Ms,TECTONIC
1107,2025-01-07 11:03:26+00:00,13.6,120.61,98,2.6,021 km N 37° W of Abra De Ilog (Occidental Mindoro),Ms,TECTONIC
1108,2025-01-07 09:52:23+00:00,11.36,124.53,1,3.5,005 km S 71° E of Leyte (Leyte),Ms,TECTONIC
1109,2025-01-07 09:39:52+00:00,9.15,125.72,21,2.7,018 km N 57° E of Remedios T. Romualdez (Agusan Del Norte),Ms,TECTONIC
1110,2025-01-07 09:19:03+00:00,9.89,126.3,15,4.1,020 km N 53° E of General Luna (Surigao Del Norte),Ms,TECTONIC
1111,2025-01-07 07:35:16+00:00,15.9,120.87,24,2.4,003 km N 48° W of Lupao (Nueva Ecija),Ms,TECTONIC
1112,2025-01-07 07:07:10+00:00,17.04,120.72,104,2.2,005 km N 17° W of Cervantes (Ilocos Sur),Ms,TECTONIC
1113,2025-01-07 06:32:26+00:00,9.41,126.17,32,2.3,015 km N 08° W of Cortes (Surigao Del Sur),Ms,TECTONIC
1114,2025-01-07 02:54:56+00:00,8.98,126.31,19,2.7,003 km N 71° E of Bayabas (Surigao Del Sur),Ms,TECTONIC
1115,2025-01-07 02:53:02+00:00,7.68,126.27,34,1.6,021 km N 85° E of Compostela (Davao De Oro),Ms,TECTONIC
1116,2025-01-07 02:02:53+00:00,6.66,126.19,33,2.0,013 km N 87° E of Governor Generoso (Davao Oriental),Ms,TECTONIC
1117,2025-01-06 23:04:55+00:00,8.96,126.3,31,1.8,005 km N 05° W of Cagwait (Surigao Del Sur),Ms,TECTONIC
1118,2025-01-06 21:53:30+00:00,8.78,126.5,23,3.1,022 km S 85° E of Marihatag (Surigao Del Sur),Ms,TECTONIC
1119,2025-01-06 21:44:54+00:00,9.36,126.2,35,1.5,010 km N 08° E of Cortes (Surigao Del Sur),Ms,TECTONIC
1120,2025-01-06 21:22:03+00:00,18.59,121.6,114,1.8,021 km N 24° E of Ballesteros (Cagayan),Ms,TECTONIC
1121,2025-01-06 20:21:37+00:00,9.05,126.28,21,2.9,007 km N 55° E of Tago (Surigao Del Sur),Ms,TECTONIC
1122,2025-01-06 19:58:46+00:00,10.05,126.26,12,1.6,020 km N 81° E of Burgos (Surigao Del Norte),Ms,TECTONIC
1123,2025-01-06 19:46:02+00:00,5.92,126.23,129,2.9,065 km N 89° E of Jose Abad Santos (Davao Occidental),Ms,TECTONIC
1124,2025-01-06 19:44:42+00:00,5.75,126.28,23,2.6,073 km S 76° E of Jose Abad Santos (Davao Occidental),Ms,TECTONIC
1125,2025-01-06 19:19:37+00:00,9.68,126.71,10,1.6,061 km S 79° E of General Luna (Surigao Del Norte),Ms,TECTONIC
1126,2025-01-06 19:09:36+00:00,8.79,126.6,13,2.6,036 km S 67° E of Cagwait (Surigao Del Sur),Ms,TECTONIC
1127,2025-01-06 18:57:55+00:00,6.55,122.63,52,2.2,040 km S 75° E of Hadji Mohammad Ajul (Basilan),Ms,TECTONIC
1128,2025-01-06 17:33:33+00:00,17.0,121.56,33,2.3,008 km N 81° W of Aurora (Isabela),Ms,TECTONIC
1129,2025-01-06 17:33:17+00:00,17.12,121.49,26,2.6,012 km S 53° E of Paracelis (Mountain Province),Ms,TECTONIC
1130,2025-01-06 16:41:17+00:00,5.17,125.78,129,3.0,048 km S 55° E of Balut Island (Municipality Of Sarangani) (Davao Occidental),Ms,TECTONIC
1131,2025-01-06 15:07:00+00:00,10.48,124.34,6,2.4,018 km S 24° W of Poro (Cebu),Ms,TECTONIC
1132,2025-01-06 14:58:06+00:00,8.21,123.2,1,1.5,011 km S 62° E of Siayan (Zamboanga Del Norte),Ms,TECTONIC
1133,2025-01-06 14:57:57+00:00,9.79,126.18,39,1.4,003 km N 74° E of General Luna (Surigao Del Norte),Ms,TECTONIC
1134,2025-01-06 13:52:20+00:00,9.8,126.05,30,1.5,004 km N 03° W of Dapa (Surigao Del Norte),Ms,TECTONIC
1135,2025-01-06 13:01:49+00:00,6.48,126.67,19,2.9,067 km S 21° E of Tarragona (Davao Oriental),Ms,TECTONIC
1136,2025-01-06 12:18:02+00:00,17.41,120.69,31,1.5,003 km S 27° W of Manabo (Abra),Ms,TECTONIC
1137,2025-01-06 11:39:46+00:00,7.68,126.8,23,3.7,029 km N 67° E of Baganga (Davao Oriental),Ms,TECTONIC
1138,2025-01-06 11:25:58+00:00,7.39,126.2,1,2.0,011 km N 47° E of Maragusan (Davao De Oro),Ms,TECTONIC
1139,2025-01-06 11:01:21+00:00,5.59,126.69,65,3.5,121 km S 73° E of Jose Abad Santos (Davao Occidental),Ms,TECTONIC
1140,2025-01-06 09:38:42+00:00,17.89,120.8,32,1.6,015 km S 79° E of Nueva Era (Ilocos Norte),Ms,TECTONIC
1141,2025-01-06 09:30:23+00:00,13.11,124.54,4,2.0,038 km N 79° E of Prieto Diaz (Sorsogon),Ms,TECTONIC
1142,2025-01-06 08:25:20+00:00,7.93,126.38,17,2.2,007 km N 05° E of Boston (Davao Oriental),Ms,TECTONIC
1143,2025-01-06 07:51:09+00:00,18.9,121.21,14,3.4,023 km S 01° E of Dalupiri Island (Calayan) (Cagayan),Ms,TECTONIC
1144,2025-01-06 04:44:44+00:00,8.39,125.85,14,2.0,010 km S 50° E of Talacogon (Agusan Del Sur),Ms,TECTONIC
1145,2025-01-06 04:28:21+00:00,9.31,126.21,28,2.7,004 km N 34° E of Cortes (Surigao Del Sur),Ms,TECTONIC
1146,2025-01-06 03:27:51+00:00,3.88,126.21,119,3.5,190 km S 27° E of Balut Island (Municipality Of Sarangani) (Davao Occidental),Ms,TECTONIC
1147,2025-01-06 02:09:39+00:00,8.27,126.65,22,1.9,037 km S 72° E of Hinatuan (Surigao Del Sur),Ms,TECTONIC
1148,2025-01-06 02:01:44+00:00,12.99,122.79,19,4.0,025 km S 52° W of San Pascual (Masbate),Ms,TECTONIC
1149,2025-01-06 00:44:56+00:00,8.4,125.89,10,2.5,013 km N 78° W of Rosario (Agusan Del Sur),Ms,TECTONIC
1150,2025-01-06 00:11:47+00:00,9.08,126.48,24,2.1,024 km N 61° E of Bayabas (Surigao Del Sur),Ms,TECTONIC
1151,2025-01-05 22:59:27+00:00,16.91,120.26,23,1.8,014 km N 65° W of Luna (La Union),Ms,TECTONIC
1152,2025-01-05 22:34:31+00:00,12.95,122.78,5,2.5,029 km S 47° W of San Pascual (Masbate),Ms,TECTONIC
1153,2025-01-05 21:56:35+00:00,10.45,124.34,6,2.0,021 km S 19° W of Poro (Cebu),Ms,TECTONIC
1154,2025-01-05 21:44:41+00:00,17.62,120.58,13,1.8,005 km N 50° W of Bangued (Abra),Ms,TECTONIC
1155,2025-01-05 21:22:56+00:00,9.75,122.38,25,2.6,006 km S 69° W of City Of Sipalay (Negros Occidental),Ms,TECTONIC
1156,2025-01-05 20:58:33+00:00,18.1,120.38,5,2.0,014 km N 52° W of Currimao (Ilocos Norte),Ms,TECTONIC
1157,2025-01-05 20:51:51+00:00,18.31,120.74,2,2.2,013 km S 78° E of Pasuquin (Ilocos Norte),Ms,TECTONIC
1158,2025-01-05 20:17:40+00:00,9.48,126.23,29,2.2,023 km N 10° E of Cortes (Surigao Del Sur),Ms,TECTONIC
1159,2025-01-05 20:16:47+00:00,8.09,126.75,24,1.8,038 km N 82° E of Lingig (Surigao Del Sur),Ms,TECTONIC
1160,2025-01-05 19:59:06+00:00,16.88,120.36,7,2.5,003 km N 30° W of Luna (La Union),Ms,TECTONIC
1161,2025-01-05 19:07:07+00:00,9.94,126.26,28,1.8,019 km N 64° E of Pilar (Surigao Del Norte),Ms,TECTONIC
1162,2025-01-05 18:57:45+00:00,12.98,122.75,6,2.1,030 km S 57° W of San Pascual (Masbate),Ms,TECTONIC
1163,2025-01-05 18:56:41+00:00,12.12,125.09,33,1.9,010 km N 40° E of San Jose De Buan (Samar),Ms,TECTONIC
1164,2025-01-05 18:54:42+00:00,11.75,125.8,9,3.3,037 km East of San Julian (Eastern Samar),Ms,TECTONIC
1165,2025-01-05 18:49:00+00:00,13.44,123.58,25,1.8,007 km N 83° E of Buhi (Camarines Sur),Ms,TECTONIC
1166,2025-01-05 18:47:32+00:00,13.4,123.57,28,1.8,006 km S 57° E of Buhi (Camarines Sur),Ms,TECTONIC
1167,2025-01-05 18:44:49+00:00,18.14,120.74,46,2.8,004 km S 33° E of Piddig (Ilocos Norte),Ms,TECTONIC
1168,2025-01-05 18:25:44+00:00,5.59,126.22,83,2.8,073 km S 60° E of Jose Abad Santos (Davao Occidental),Ms,TECTONIC
1169,2025-01-05 17:28:51+00:00,13.52,121.48,7,2.3,029 km N 43° E of Naujan (Oriental Mindoro),Ms,TECTONIC
1170,2025-01-05 17:15:36+00:00,16.81,120.39,1,2.0,005 km S 21° E of Luna (La Union),Ms,TECTONIC
1171,2025-01-05 16:52:34+00:00,16.84,120.38,5,2.9,002 km S 10° E of Luna (La Union),Ms,TECTONIC
1172,2025-01-05 16:48:22+00:00,10.56,125.38,8,2.5,024 km N 81° E of Silago (Southern Leyte),Ms,TECTONIC
1173,2025-01-05 16:45:05+00:00,11.76,125.82,3,3.4,040 km N 89° E of San Julian (Eastern Samar),Ms,TECTONIC
1174,2025-01-05 16:17:38+00:00,18.2,120.56,6,2.4,003 km N 88° W of City Of Laoag (Ilocos Norte),Ms,TECTONIC
1175,2025-01-05 15:57:47+00:00,17.83,120.04,27,2.4,044 km S 85° W of Sinait (Ilocos Sur),Ms,TECTONIC
1176,2025-01-05 15:56:35+00:00,7.2,122.26,1,2.9,024 km S 65° E of Sibuco (Zamboanga Del Norte),Ms,TECTONIC
1177,2025-01-05 14:26:41+00:00,9.82,122.17,43,3.8,029 km N 80° W of City Of Sipalay (Negros Occidental),Ms,TECTONIC
1178,2025-01-05 13:52:14+00:00,13.22,120.76,25,2.2,015 km N 17° E of Santa Cruz (Occidental Mindoro),Ms,TECTONIC
1179,2025-01-05 12:51:27+00:00,13.74,120.5,45,1.9,018 km S 56° W of Calatagan (Batangas),Ms,TECTONIC
1180,2025-01-05 12:37:35+00:00,9.64,126.04,1,2.9,021 km S 40° W of General Luna (Surigao Del Norte),Ms,TECTONIC
1181,2025-01-05 12:36:08+00:00,14.77,119.2,29,2.3,098 km S 78° W of San Antonio (Zambales),Ms,TECTONIC
1182,2025-01-05 09:16:39+00:00,6.5,126.69,120,5.2,066 km S 24° E of Tarragona (Davao Oriental),Mw,TECTONIC
1183,2025-01-05 09:13:19+00:00,14.93,120.1,75,2.0,002 km S 24° E of San Antonio (Zambales),Ms,TECTONIC
1184,2025-01-05 09:11:36+00:00,17.47,120.74,1,1.4,003 km N 51° W of Sallapadan (Abra),Ms,TECTONIC
1185,2025-01-05 08:50:37+00:00,18.7,121.16,18,2.0,013 km N 39° E of Claveria (Cagayan),Ms,TECTONIC
1186,2025-01-05 08:15:26+00:00,8.45,125.88,12,2.5,011 km N 87° E of Talacogon (Agusan Del Sur),Ms,TECTONIC
1187,2025-01-05 07:02:30+00:00,13.57,120.83,10,1.9,011 km S 25° W of Tingloy (Batangas),Ms,TECTONIC
1188,2025-01-05 06:12:49+00:00,9.59,126.11,1,2.4,016 km S 80° E of Socorro (Surigao Del Norte),Ms,TECTONIC
1189,2025-01-05 05:58:46+00:00,8.98,126.33,26,1.9,006 km N 76° E of Bayabas (Surigao Del Sur),Ms,TECTONIC
1190,2025-01-05 05:40:38+00:00,15.51,120.04,56,1.4,009 km S 71° E of Masinloc (Zambales),Ms,TECTONIC
1191,2025-01-05 05:37:01+00:00,10.04,126.5,15,2.8,046 km N 87° E of Burgos (Surigao Del Norte),Ms,TECTONIC
1192,2025-01-05 04:26:31+00:00,18.71,120.52,33,2.5,025 km N 31° W of Burgos (Ilocos Norte),Ms,TECTONIC
1193,2025-01-05 04:12:18+00:00,10.44,123.15,21,2.1,017 km S 27° W of Salvador Benedicto (Negros Occidental),Ms,TECTONIC
1194,2025-01-05 02:57:04+00:00,12.38,123.77,6,3.1,005 km S 19° W of Batuan (Masbate),Ms,TECTONIC
1195,2025-01-05 02:20:12+00:00,9.61,126.35,13,2.3,029 km S 49° E of General Luna (Surigao Del Norte),Ms,TECTONIC
1196,2025-01-05 02:01:13+00:00,9.68,126.49,18,1.7,038 km S 74° E of General Luna (Surigao Del Norte),Ms,TECTONIC
1197,2025-01-05 01:59:52+00:00,9.67,126.47,9,2.9,036 km S 69° E of General Luna (Surigao Del Norte),Ms,TECTONIC
1198,2025-01-05 01:06:19+00:00,6.86,125.03,13,2.0,012 km S 30° W of Makilala (Cotabato),Ms,TECTONIC
1199,2025-01-04 22:40:36+00:00,13.51,120.49,3,1.7,011 km N 15° E of Paluan (Occidental Mindoro),Ms,TECTONIC
1200,2025-01-04 22:05:02+00:00,9.55,122.51,10,2.6,007 km S 39° E of Hinoba-an (Negros Occidental),Ms,TECTONIC
1201,2025-01-04 21:56:26+00:00,6.12,124.25,15,2.2,012 km S 33° E of Palimbang (Sultan Kudarat),Ms,TECTONIC
1202,2025-01-04 20:31:07+00:00,12.49,120.66,6,2.6,032 km S 74° W of Calintaan (Occidental Mindoro),Ms,TECTONIC
1203,2025-01-04 20:18:50+00:00,7.72,122.34,12,1.3,016 km N 64° W of Roseller Lim (Zamboanga Sibugay),Ms,TECTONIC
1204,2025-01-04 19:55:02+00:00,11.76,125.93,13,3.3,051 km N 89° E of San Julian (Eastern Samar),Ms,TECTONIC
1205,2025-01-04 19:32:51+00:00,11.77,125.67,4,2.2,023 km N 86° E of San Julian (Eastern Samar),Ms,TECTONIC
1206,2025-01-04 19:31:06+00:00,11.74,125.94,12,3.8,053 km S 88° E of San Julian (Eastern Samar),Ms,TECTONIC
1207,2025-01-04 19:22:48+00:00,7.8,122.6,30,1.5,002 km N 47° E of Ipil (Zamboanga Sibugay),Ms,TECTONIC
1208,2025-01-04 19:22:31+00:00,8.97,126.42,17,2.1,014 km N 68° E of Cagwait (Surigao Del Sur),Ms,TECTONIC
1209,2025-01-04 19:01:25+00:00,11.71,125.71,9,2.8,028 km S 81° E of San Julian (Eastern Samar),Ms,TECTONIC
1210,2025-01-04 17:48:51+00:00,11.37,122.06,2,3.3,006 km S 05° E of Culasi (Antique),Ms,TECTONIC
1211,2025-01-04 16:43:34+00:00,17.62,122.3,24,2.0,027 km N 15° E of Maconacon (Isabela),Ms,TECTONIC
1212,2025-01-04 16:36:02+00:00,8.04,123.86,11,2.2,006 km N 84° W of Magsaysay (Lanao Del Norte),Ms,TECTONIC
1213,2025-01-04 13:57:29+00:00,4.36,126.3,14,4.4,151 km S 40° E of Balut Island (Municipality Of Sarangani) (Davao Occidental),Ms,TECTONIC
1214,2025-01-04 13:09:56+00:00,10.51,124.61,3,2.1,014 km N 85° W of Inopacan (Leyte),Ms,TECTONIC
1215,2025-01-04 11:30:09+00:00,5.72,126.32,24,3.0,077 km S 74° E of Jose Abad Santos (Davao Occidental),Ms,TECTONIC
1216,2025-01-04 10:24:40+00:00,9.86,122.42,12,2.0,010 km N 06° W of City Of Sipalay (Negros Occidental),Ms,TECTONIC
1217,2025-01-04 06:20:32+00:00,9.41,126.26,24,1.9,017 km N 27° E of Cortes (Surigao Del Sur),Ms,TECTONIC
1218,2025-01-04 06:11:03+00:00,13.33,124.24,34,1.4,020 km N 37° E of Rapu-rapu (Albay),Ms,TECTONIC
1219,2025-01-04 05:42:59+00:00,7.36,123.76,9,4.0,030 km N 86° W of Bongo Island (Parang) (Maguindanao Del Norte),Ms,TECTONIC
1220,2025-01-04 05:35:44+00:00,9.81,126.07,13,3.1,006 km S 26° W of Pilar (Surigao Del Norte),Ms,TECTONIC
1221,2025-01-04 05:28:23+00:00,8.5,127.22,63,1.7,098 km N 82° E of Hinatuan (Surigao Del Sur),Ms,TECTONIC
1222,2025-01-04 05:24:49+00:00,11.87,124.19,1,2.1,012 km S 69° W of Almagro (Samar),Ms,TECTONIC
1223,2025-01-04 04:59:13+00:00,11.71,125.69,7,2.7,027 km S 79° E of San Julian (Eastern Samar),Ms,TECTONIC
1224,2025-01-04 04:31:20+00:00,16.82,120.27,19,2.0,012 km S 70° W of Luna (La Union),Ms,TECTONIC
1225,2025-01-04 04:04:25+00:00,11.82,125.61,1,2.3,018 km N 67° E of San Julian (Eastern Samar),Ms,TECTONIC
1226,2025-01-04 03:04:49+00:00,7.95,126.51,64,2.1,015 km S 45° E of Lingig (Surigao Del Sur),Ms,TECTONIC
1227,2025-01-04 02:39:57+00:00,11.72,125.7,3,3.2,027 km S 83° E of San Julian (Eastern Samar),Ms,TECTONIC
1228,2025-01-04 02:35:55+00:00,11.78,125.67,9,2.0,024 km N 82° E of San Julian (Eastern Samar),Ms,TECTONIC
1229,2025-01-04 02:20:08+00:00,11.7,125.94,1,3.5,052 km N 42° E of Hernani (Eastern Samar),Ms,TECTONIC
1230,2025-01-04 02:18:48+00:00,11.61,126.03,8,2.5,053 km N 57° E of Hernani (Eastern Samar),Ms,TECTONIC
1231,2025-01-04 01:17:35+00:00,11.81,125.66,10,3.2,023 km N 74° E of San Julian (Eastern Samar),Ms,TECTONIC
1232,2025-01-04 00:05:01+00:00,11.78,125.82,11,1.8,040 km N 86° E of San Julian (Eastern Samar),Ms,TECTONIC
1233,2025-01-03 23:40:12+00:00,11.77,125.76,5,2.4,034 km N 87° E of San Julian (Eastern Samar),Ms,TECTONIC
1234,2025-01-03 23:39:05+00:00,11.69,126.07,1,3.9,068 km S 84° E of San Julian (Eastern Samar),Ms,TECTONIC
1235,2025-01-03 22:00:43+00:00,7.99,126.21,35,1.5,016 km S 73° E of Trento (Agusan Del Sur),Ms,TECTONIC
1236,2025-01-03 21:52:31+00:00,9.89,126.1,34,1.5,003 km N 08° W of Pilar (Surigao Del Norte),Ms,TECTONIC
1237,2025-01-03 21:51:18+00:00,8.75,126.42,33,1.6,015 km S 68° E of Marihatag (Surigao Del Sur),Ms,TECTONIC
1238,2025-01-03 20:10:07+00:00,11.73,125.73,1,2.7,031 km S 88° E of San Julian (Eastern Samar),Ms,TECTONIC
1239,2025-01-03 19:56:34+00:00,8.78,126.0,121,2.7,019 km S 14° W of San Miguel (Surigao Del Sur),Ms,TECTONIC
1240,2025-01-03 19:48:27+00:00,9.88,126.1,16,2.2,002 km N 12° E of Pilar (Surigao Del Norte),Ms,TECTONIC
1241,2025-01-03 19:15:47+00:00,13.13,124.14,5,2.7,006 km S 16° E of Rapu-rapu (Albay),Ms,TECTONIC
1242,2025-01-03 19:07:11+00:00,13.15,124.17,9,2.7,006 km S 50° E of Rapu-rapu (Albay),Ms,TECTONIC
1243,2025-01-03 19:05:50+00:00,9.05,126.48,22,2.5,024 km N 67° E of Bayabas (Surigao Del Sur),Ms,TECTONIC
1244,2025-01-03 19:01:48+00:00,8.62,126.57,28,3.0,038 km N 41° E of Hinatuan (Surigao Del Sur),Ms,TECTONIC
1245,2025-01-03 18:37:57+00:00,7.59,123.04,2,1.8,005 km S 25° E of Malangas (Zamboanga Sibugay),Ms,TECTONIC
1246,2025-01-03 18:28:48+00:00,15.48,121.76,9,1.9,037 km S 44° E of San Luis (Aurora),Ms,TECTONIC
1247,2025-01-03 18:25:26+00:00,8.42,125.87,9,2.8,010 km S 70° E of Talacogon (Agusan Del Sur),Ms,TECTONIC
1248,2025-01-03 18:19:08+00:00,11.77,126.09,5,3.5,069 km N 48° E of Hernani (Eastern Samar),Ms,TECTONIC
1249,2025-01-03 18:17:09+00:00,11.83,126.13,1,2.8,075 km N 83° E of San Julian (Eastern Samar),Ms,TECTONIC
1250,2025-01-03 17:59:55+00:00,2.7,128.1,237,4.3,422 km S 45° E of Balut Island (Municipality Of Sarangani) (Davao Occidental),Ms,TECTONIC
1251,2025-01-03 17:55:28+00:00,12.94,121.09,32,1.8,033 km S 38° W of Victoria (Oriental Mindoro),Ms,TECTONIC
1252,2025-01-03 17:32:12+00:00,12.94,120.93,4,2.1,019 km N 57° E of Sablayan (Occidental Mindoro),Ms,TECTONIC
1253,2025-01-03 17:22:59+00:00,13.25,122.18,5,2.1,013 km S 55° E of Torrijos (Marinduque),Ms,TECTONIC
1254,2025-01-03 17:04:17+00:00,14.54,119.55,9,2.9,073 km S 52° W of San Antonio (Zambales),Ms,TECTONIC
1255,2025-01-03 17:00:24+00:00,9.59,126.45,43,1.5,039 km S 57° E of General Luna (Surigao Del Norte),Ms,TECTONIC
1256,2025-01-03 16:52:38+00:00,6.93,125.14,7,2.7,006 km S 59° E of Makilala (Cotabato),Ms,TECTONIC
1257,2025-01-03 16:44:23+00:00,7.2,126.66,34,1.8,014 km S 87° E of Manay (Davao Oriental),Ms,TECTONIC
1258,2025-01-03 16:26:27+00:00,12.79,124.77,20,2.2,030 km N 03° E of Mondragon (Northern Samar),Ms,TECTONIC
1259,2025-01-03 15:59:06+00:00,15.16,121.43,28,1.6,025 km S 09° E of Dingalan (Aurora),Ms,TECTONIC
1260,2025-01-03 15:46:45+00:00,12.14,120.63,32,1.5,049 km N 71° E of Coron (Palawan),Ms,TECTONIC
1261,2025-01-03 15:35:56+00:00,15.4,120.48,33,1.8,008 km S 16° E of San Jose (Tarlac),Ms,TECTONIC
1262,2025-01-03 15:27:06+00:00,17.84,120.9,8,3.0,015 km N 31° E of Tineg (Abra),Ms,TECTONIC
1263,2025-01-03 15:04:14+00:00,11.22,125.64,1,2.4,008 km N 17° W of Salcedo (Eastern Samar),Ms,TECTONIC
1264,2025-01-03 14:50:03+00:00,13.53,120.1,26,1.7,027 km S 39° W of Looc (Occidental Mindoro),Ms,TECTONIC
1265,2025-01-03 13:33:48+00:00,11.76,125.88,13,2.4,047 km N 89° E of San Julian (Eastern Samar),Ms,TECTONIC
1266,2025-01-03 13:31:48+00:00,11.75,125.75,11,2.1,032 km N 90° E of San Julian (Eastern Samar),Ms,TECTONIC
1267,2025-01-03 13:31:01+00:00,11.73,126.06,1,3.1,066 km S 87° E of San Julian (Eastern Samar),Ms,TECTONIC
1268,2025-01-03 13:24:57+00:00,13.54,120.69,92,1.7,012 km N 22° W of Abra De Ilog (Occidental Mindoro),Ms,TECTONIC
1269,2025-01-03 13:21:47+00:00,8.53,126.57,10,2.0,032 km N 55° E of Hinatuan (Surigao Del Sur),Ms,TECTONIC
1270,2025-01-03 12:20:39+00:00,6.48,127.1,153,3.3,095 km S 49° E of Tarragona (Davao Oriental),Ms,TECTONIC
1271,2025-01-03 12:00:55+00:00,14.86,119.66,10,3.6,047 km S 77° W of San Antonio (Zambales),Ms,TECTONIC
1272,2025-01-03 10:12:15+00:00,12.73,124.65,25,1.9,025 km N 23° E of Bobon (Northern Samar),Ms,TECTONIC
1273,2025-01-03 08:19:28+00:00,8.02,126.86,1,2.3,049 km S 87° E of Lingig (Surigao Del Sur),Ms,TECTONIC
1274,2025-01-03 06:50:53+00:00,9.3,126.06,32,2.0,007 km N 04° E of Lanuza (Surigao Del Sur),Ms,TECTONIC
1275,2025-01-03 06:10:06+00:00,11.75,125.71,6,2.9,028 km East of San Julian (Eastern Samar),Ms,TECTONIC
1276,2025-01-03 06:07:26+00:00,13.82,123.95,19,2.6,011 km N 64° E of Caramoan (Camarines Sur),Ms,TECTONIC
1277,2025-01-03 05:45:09+00:00,5.2,126.27,62,2.8,093 km S 71° E of Sarangani Island (Municipality Of Sarangani) (Davao Occidental),Ms,TECTONIC
1278,2025-01-03 05:08:01+00:00,14.03,120.35,81,2.0,031 km N 53° E of Lubang (Occidental Mindoro),Ms,TECTONIC
1279,2025-01-03 04:47:28+00:00,11.77,124.22,7,2.1,014 km S 86° W of Maripipi (Biliran),Ms,TECTONIC
1280,2025-01-03 03:53:27+00:00,15.78,119.34,6,3.2,061 km S 85° W of Infanta (Pangasinan),Ms,TECTONIC
1281,2025-01-03 03:38:56+00:00,13.53,125.45,34,2.3,115 km N 18° E of Palapag (Northern Samar),Ms,TECTONIC
1282,2025-01-03 03:01:49+00:00,19.01,119.98,15,2.9,090 km N 52° W of Burgos (Ilocos Norte),Ms,TECTONIC
1283,2025-01-02 23:56:09+00:00,7.76,127.03,14,1.8,055 km N 68° E of Baganga (Davao Oriental),Ms,TECTONIC
1284,2025-01-02 23:53:27+00:00,17.47,120.01,1,2.5,040 km S 71° W of Santa Catalina (Ilocos Sur),Ms,TECTONIC
1285,2025-01-02 23:33:25+00:00,17.55,120.2,6,2.3,018 km S 76° W of Santa Catalina (Ilocos Sur),Ms,TECTONIC
1286,2025-01-02 21:38:25+00:00,9.68,122.31,7,2.3,017 km S 53° W of City Of Sipalay (Negros Occidental),Ms,TECTONIC
1287,2025-01-02 21:28:36+00:00,11.78,125.81,14,2.5,039 km N 86° E of San Julian (Eastern Samar),Ms,TECTONIC
1288,2025-01-02 21:09:09+00:00,11.95,124.86,22,1.5,009 km S 40° E of Gandara (Samar),Ms,TECTONIC
1289,2025-01-02 21:04:05+00:00,6.48,127.25,3,2.7,108 km S 54° E of Tarragona (Davao Oriental),Ms,TECTONIC
1290,2025-01-02 20:52:34+00:00,9.75,126.29,20,2.8,016 km S 78° E of General Luna (Surigao Del Norte),Ms,TECTONIC
1291,2025-01-02 20:50:16+00:00,5.83,126.23,115,2.6,065 km S 82° E of Jose Abad Santos (Davao Occidental),Ms,TECTONIC
1292,2025-01-02 20:34:29+00:00,9.81,123.95,7,2.7,006 km S 06° W of San Isidro (Bohol),Ms,TECTONIC
1293,2025-01-02 20:20:37+00:00,7.81,127.11,14,3.2,066 km N 67° E of Baganga (Davao Oriental),Ms,TECTONIC
1294,2025-01-02 20:17:14+00:00,18.52,120.74,2,1.8,004 km S 56° W of Bangui (Ilocos Norte),Ms,TECTONIC
1295,2025-01-02 19:51:51+00:00,8.64,126.63,22,2.1,041 km S 65° E of Marihatag (Surigao Del Sur),Ms,TECTONIC
1296,2025-01-02 19:40:59+00:00,6.81,125.97,45,2.9,011 km S 23° W of Lupon (Davao Oriental),Ms,TECTONIC
1297,2025-01-02 19:35:23+00:00,13.44,120.28,32,1.8,020 km N 81° W of Paluan (Occidental Mindoro),Ms,TECTONIC
1298,2025-01-02 18:32:14+00:00,8.79,126.58,17,2.8,031 km S 87° E of Marihatag (Surigao Del Sur),Ms,TECTONIC
1299,2025-01-02 18:23:24+00:00,13.05,122.59,5,2.8,032 km S 17° W of San Andres (Quezon),Ms,TECTONIC
1300,2025-01-02 18:11:14+00:00,9.36,122.45,21,2.3,021 km S 75° W of Basay (Negros Oriental),Ms,TECTONIC
1301,2025-01-02 18:07:31+00:00,9.37,126.59,8,1.5,045 km N 77° E of Cortes (Surigao Del Sur),Ms,TECTONIC
1302,2025-01-02 17:41:50+00:00,13.86,121.56,24,1.7,012 km S 22° E of Sariaya (Quezon),Ms,TECTONIC
1303,2025-01-02 17:16:32+00:00,16.14,119.62,30,3.5,020 km N 83° W of Agno (Pangasinan),Ms,TECTONIC
1304,2025-01-02 16:37:54+00:00,14.84,123.05,5,2.1,041 km N 16° E of Tinaga Island (Vinzons) (Camarines Norte),Ms,TECTONIC
1305,2025-01-02 16:30:18+00:00,9.87,124.61,5,1.6,015 km N 16° E of Anda (Bohol),Ms,TECTONIC
1306,2025-01-02 15:31:55+00:00,14.97,122.67,3,2.1,047 km N 50° E of Jomalig (Quezon),Ms,TECTONIC
1307,2025-01-02 15:18:35+00:00,8.44,125.83,38,1.6,005 km S 77° E of Talacogon (Agusan Del Sur),Ms,TECTONIC
1308,2025-01-02 14:43:47+00:00,9.86,125.4,9,3.1,009 km N 16° W of San Francisco (Surigao Del Norte),Ms,TECTONIC
1309,2025-01-02 14:22:43+00:00,9.41,126.52,24,1.9,039 km N 68° E of Cortes (Surigao Del Sur),Ms,TECTONIC
1310,2025-01-02 14:09:12+00:00,8.49,126.47,2,2.3,020 km N 46° E of Hinatuan (Surigao Del Sur),Ms,TECTONIC
1311,2025-01-02 13:45:33+00:00,17.21,120.29,18,1.8,017 km N 73° W of City Of Candon (Ilocos Sur),Ms,TECTONIC
1312,2025-01-02 13:25:33+00:00,2.06,127.0,67,4.8,410 km S 25° E of Balut Island (Municipality Of Sarangani) (Davao Occidental),Ms,TECTONIC
1313,2025-01-02 13:10:36+00:00,18.68,120.75,10,2.2,014 km N 18° W of Pagudpud (Ilocos Norte),Ms,TECTONIC
1314,2025-01-02 12:44:39+00:00,9.97,122.06,16,2.1,047 km N 61° W of City Of Sipalay (Negros Occidental),Ms,TECTONIC
1315,2025-01-02 11:50:26+00:00,8.73,126.51,33,1.7,024 km S 71° E of Marihatag (Surigao Del Sur),Ms,TECTONIC
1316,2025-01-02 11:41:32+00:00,9.5,126.01,2,2.0,014 km S 22° E of Socorro (Surigao Del Norte),Ms,TECTONIC
1317,2025-01-02 11:12:08+00:00,18.25,120.53,8,4.0,014 km S 45° W of Pasuquin (Ilocos Norte),Ms,TECTONIC
1318,2025-01-02 10:37:13+00:00,7.96,127.02,5,3.2,066 km N 50° E of Baganga (Davao Oriental),Ms,TECTONIC
1319,2025-01-02 10:23:30+00:00,12.69,120.68,1,3.0,020 km S 33° W of Sablayan (Occidental Mindoro),Ms,TECTONIC
1320,2025-01-02 10:22:05+00:00,13.51,120.9,5,2.4,006 km N 86° W of Puerto Galera (Oriental Mindoro),Ms,TECTONIC
1321,2025-01-02 10:06:51+00:00,12.86,123.12,7,1.4,015 km S 73° W of Claveria (Masbate),Ms,TECTONIC
1322,2025-01-02 09:23:57+00:00,9.1,125.25,33,1.8,012 km N 38° E of Magsaysay (Misamis Oriental),Ms,TECTONIC
1323,2025-01-02 07:02:08+00:00,7.28,126.28,23,2.0,018 km S 78° E of Maragusan (Davao De Oro),Ms,TECTONIC
1324,2025-01-02 05:47:01+00:00,11.78,125.75,7,2.5,033 km N 85° E of San Julian (Eastern Samar),Ms,TECTONIC
1325,2025-01-02 05:33:26+00:00,10.24,125.19,13,2.0,003 km S 33° E of San Juan (Southern Leyte),Ms,TECTONIC
1326,2025-01-02 05:28:18+00:00,10.43,125.06,7,1.7,015 km N 04° E of Libagon (Southern Leyte),Ms,TECTONIC
1327,2025-01-02 04:34:55+00:00,11.77,126.09,5,3.5,069 km N 89° E of San Julian (Eastern Samar),Ms,TECTONIC
1328,2025-01-02 03:37:04+00:00,13.29,124.76,9,2.5,058 km S 45° E of Baras (Catanduanes),Ms,TECTONIC
1329,2025-01-02 00:46:03+00:00,8.5,126.61,2,2.2,033 km N 63° E of Hinatuan (Surigao Del Sur),Ms,TECTONIC
1330,2025-01-02 00:35:14+00:00,13.01,121.21,30,2.0,020 km S 22° W of Victoria (Oriental Mindoro),Ms,TECTONIC
1331,2025-01-02 00:16:31+00:00,11.8,125.64,9,2.6,021 km N 76° E of San Julian (Eastern Samar),Ms,TECTONIC
1332,2025-01-02 00:00:22+00:00,7.88,127.29,7,2.8,088 km N 67° E of Baganga (Davao Oriental),Ms,TECTONIC
1333,2025-01-01 23:11:56+00:00,13.0,121.21,28,2.6,021 km S 23° W of Victoria (Oriental Mindoro),Ms,TECTONIC
1334,2025-01-01 23:02:20+00:00,15.62,121.66,20,1.8,018 km S 34° E of Baler (Aurora),Ms,TECTONIC
1335,2025-01-01 23:00:45+00:00,11.78,125.76,5,2.6,033 km N 86° E of San Julian (Eastern Samar),Ms,TECTONIC
1336,2025-01-01 22:08:07+00:00,18.8,120.78,15,2.4,027 km N 01° W of Pagudpud (Ilocos Norte),Ms,TECTONIC
1337,2025-01-01 22:07:48+00:00,16.41,121.44,33,1.5,015 km S 40° W of Cabarroguis (Quirino),Ms,TECTONIC
1338,2025-01-01 21:38:24+00:00,11.72,125.73,2,2.7,030 km S 84° E of San Julian (Eastern Samar),Ms,TECTONIC
1339,2025-01-01 21:16:52+00:00,14.29,118.93,16,2.9,145 km S 60° W of San Antonio (Zambales),Ms,TECTONIC
1340,2025-01-01 20:27:56+00:00,15.61,121.37,59,2.0,017 km N 13° E of Gabaldon (Nueva Ecija),Ms,TECTONIC
1341,2025-01-01 20:25:03+00:00,13.78,120.49,97,1.8,016 km S 69° W of Calatagan (Batangas),Ms,TECTONIC
1342,2025-01-01 20:03:11+00:00,6.53,126.51,28,2.7,050 km S 74° E of Governor Generoso (Davao Oriental),Ms,TECTONIC
1343,2025-01-01 19:47:41+00:00,12.77,120.95,1,2.2,020 km S 66° E of Sablayan (Occidental Mindoro),Ms,TECTONIC
1344,2025-01-01 19:43:20+00:00,8.85,126.51,28,2.3,024 km S 70° E of Cagwait (Surigao Del Sur),Ms,TECTONIC
1345,2025-01-01 19:41:53+00:00,5.95,125.85,141,2.6,023 km N 80° E of Jose Abad Santos (Davao Occidental),Ms,TECTONIC
1346,2025-01-01 19:33:18+00:00,14.85,122.83,34,1.5,043 km N 17° W of Tinaga Island (Vinzons) (Camarines Norte),Ms,TECTONIC
1347,2025-01-01 19:22:19+00:00,21.37,121.87,20,3.6,065 km N 02° E of Itbayat (Batanes),Ms,TECTONIC
1348,2025-01-01 19:16:55+00:00,8.33,126.47,33,1.4,015 km S 74° E of Hinatuan (Surigao Del Sur),Ms,TECTONIC
1349,2025-01-01 19:15:24+00:00,15.19,120.04,27,2.5,003 km N 26° W of Cabangan (Zambales),Ms,TECTONIC
1350,2025-01-01 18:59:41+00:00,17.57,119.61,3,2.1,101 km N 87° W of Santa Catalina (Ilocos Sur),Ms,TECTONIC
1351,2025-01-01 18:52:28+00:00,13.53,120.01,26,1.6,034 km S 51° W of Looc (Occidental Mindoro),Ms,TECTONIC
1352,2025-01-01 18:46:36+00:00,11.81,125.86,7,2.6,044 km S 89° E of Sulat (Eastern Samar),Ms,TECTONIC
1353,2025-01-01 18:45:51+00:00,6.81,126.33,32,2.0,020 km S 38° E of City Of Mati (Davao Oriental),Ms,TECTONIC
1354,2025-01-01 18:45:32+00:00,12.0,120.18,21,2.1,003 km West of Coron (Palawan),Ms,TECTONIC
1355,2025-01-01 18:43:15+00:00,13.45,123.61,40,1.6,008 km S 82° W of Tiwi (Albay),Ms,TECTONIC
1356,2025-01-01 18:39:33+00:00,11.75,126.04,7,4.4,064 km S 84° E of Sulat (Eastern Samar),Ms,TECTONIC
1357,2025-01-01 18:30:48+00:00,12.13,126.39,65,3.3,096 km S 87° E of San Policarpo (Eastern Samar),Ms,TECTONIC
1358,2025-01-01 17:54:31+00:00,16.09,119.87,35,1.5,004 km N 16° E of Burgos (Pangasinan),Ms,TECTONIC
1359,2025-01-01 17:26:10+00:00,10.69,125.55,8,2.5,020 km S 72° W of Homonhon Island (Guiuan) (Eastern Samar),Ms,TECTONIC
1360,2025-01-01 17:04:13+00:00,7.85,126.63,33,1.6,021 km N 72° E of Cateel (Davao Oriental),Ms,TECTONIC
1361,2025-01-01 16:34:07+00:00,19.03,121.25,14,3.0,010 km S 25° E of Dalupiri Island (Calayan) (Cagayan),Ms,TECTONIC
1362,2025-01-01 16:19:36+00:00,7.77,125.71,18,1.4,003 km N 23° W of San Isidro (Davao Del Norte),Ms,TECTONIC
1363,2025-01-01 16:17:36+00:00,6.0,124.83,5,2.1,023 km N 87° E of Kiamba (Sarangani),Ms,TECTONIC
1364,2025-01-01 16:13:43+00:00,8.77,126.54,15,2.1,027 km S 82° E of Marihatag (Surigao Del Sur),Ms,TECTONIC
1365,2025-01-01 16:02:54+00:00,17.82,120.75,1,3.0,012 km N 25° E of Lagayan (Abra),Ms,TECTONIC
1366,2025-01-01 15:15:11+00:00,5.22,125.23,58,3.9,030 km S 46° W of Balut Island (Municipality Of Sarangani) (Davao Occidental),Ms,TECTONIC
1367,2025-01-01 14:57:13+00:00,9.44,125.55,7,2.3,003 km S 68° W of Kitcharao (Agusan Del Norte),Ms,TECTONIC
1368,2025-01-01 14:46:01+00:00,13.26,120.37,24,2.5,020 km S 31° W of Paluan (Occidental Mindoro),Ms,TECTONIC
1369,2025-01-01 14:29:21+00:00,12.97,124.49,31,2.5,033 km S 77° E of Prieto Diaz (Sorsogon),Ms,TECTONIC
1370,2025-01-01 14:27:05+00:00,13.68,123.24,18,1.6,004 km S 42° E of Calabanga (Camarines Sur),Ms,TECTONIC
1371,2025-01-01 14:26:02+00:00,12.11,123.91,1,1.6,004 km S 26° W of Palanas (Masbate),Ms,TECTONIC
1372,2025-01-01 14:20:49+00:00,14.08,120.42,110,2.1,023 km N 88° W of Nasugbu (Batangas),Ms,TECTONIC
1373,2025-01-01 14:20:25+00:00,12.12,123.91,2,2.0,003 km S 15° W of Palanas (Masbate),Ms,TECTONIC
1374,2025-01-01 13:59:53+00:00,10.11,125.95,25,3.2,015 km N 44° W of Santa Monica (Surigao Del Norte),Ms,TECTONIC
1375,2025-01-01 13:45:04+00:00,9.62,126.18,23,1.7,018 km S 06° E of General Luna (Surigao Del Norte),Ms,TECTONIC
1376,2025-01-01 13:38:31+00:00,17.46,119.76,21,3.1,066 km S 77° W of Santa Catalina (Ilocos Sur),Ms,TECTONIC
1377,2025-01-01 13:36:57+00:00,7.79,122.53,33,1.5,006 km N 83° W of Ipil (Zamboanga Sibugay),Ms,TECTONIC
1378,2025-01-01 13:14:25+00:00,18.38,120.79,15,3.3,018 km S 09° E of Bangui (Ilocos Norte),Ms,TECTONIC
1379,2025-01-01 12:26:23+00:00,17.84,120.67,27,2.4,009 km S 04° E of Nueva Era (Ilocos Norte),Ms,TECTONIC
1380,2025-01-01 12:17:37+00:00,14.54,122.35,10,2.0,017 km S 06° E of Jomalig (Quezon),Ms,TECTONIC
1381,2025-01-01 12:11:34+00:00,8.25,125.94,11,2.8,009 km N 40° W of Bunawan (Agusan Del Sur),Ms,TECTONIC
1382,2025-01-01 12:09:42+00:00,4.64,124.32,22,2.6,149 km S 55° W of Balut Island (Municipality Of Sarangani) (Davao Occidental),Ms,TECTONIC
1383,2025-01-01 11:48:09+00:00,11.8,125.65,2,2.6,021 km S 86° E of Sulat (Eastern Samar),Ms,TECTONIC
1384,2025-01-01 11:09:21+00:00,9.41,126.2,19,2.6,015 km N 05° E of Cortes (Surigao Del Sur),Ms,TECTONIC
1385,2025-01-01 10:47:10+00:00,9.55,123.91,7,2.0,008 km S 35° W of Alburquerque (Bohol),Ms,TECTONIC
1386,2025-01-01 10:37:28+00:00,16.2,122.04,25,1.7,011 km N 54° E of Dinalungan (Aurora),Ms,TECTONIC
1387,2025-01-01 10:19:44+00:00,12.36,124.59,33,1.6,008 km N 27° W of Lope De Vega (Northern Samar),Ms,TECTONIC
1388,2025-01-01 10:16:00+00:00,11.74,125.86,14,2.7,044 km S 88° E of San Julian (Eastern Samar),Ms,TECTONIC
1389,2025-01-01 09:09:17+00:00,11.06,124.41,6,2.2,003 km N 74° E of Palompon (Leyte),Ms,TECTONIC
1390,2025-01-01 09:09:08+00:00,17.51,120.07,4,2.5,033 km S 73° W of Santa Catalina (Ilocos Sur),Ms,TECTONIC
1391,2025-01-01 08:39:10+00:00,15.26,118.99,53,1.6,100 km S 79° W of Palauig (Zambales),Ms,TECTONIC
1392,2025-01-01 08:23:23+00:00,11.0,124.84,16,1.6,007 km N 63° W of Burauen (Leyte),Ms,TECTONIC
1393,2025-01-01 08:15:00+00:00,11.97,126.18,28,2.3,076 km S 84° E of Dolores (Eastern Samar),Ms,TECTONIC
1394,2025-01-01 08:05:18+00:00,11.36,125.86,4,2.4,027 km N 87° E of Hernani (Eastern Samar),Ms,TECTONIC
1395,2025-01-01 07:57:39+00:00,10.91,125.13,13,2.6,012 km S 65° E of Dulag (Leyte),Ms,TECTONIC
1396,2025-01-01 07:39:54+00:00,7.17,126.79,11,3.3,028 km S 81° E of Manay (Davao Oriental),Ms,TECTONIC
1397,2025-01-01 07:09:12+00:00,11.76,125.82,22,2.5,039 km N 90° E of San Julian (Eastern Samar),Ms,TECTONIC
1398,2025-01-01 06:26:56+00:00,11.78,126.15,1,3.9,076 km N 88° E of San Julian (Eastern Samar),Ms,TECTONIC
1399,2025-01-01 06:21:11+00:00,11.74,125.61,7,3.0,017 km S 83° E of San Julian (Eastern Samar),Ms,TECTONIC
1400,2025-01-01 06:17:47+00:00,11.75,125.94,6,3.0,053 km S 89° E of San Julian (Eastern Samar),Ms,TECTONIC
1401,2025-01-01 06:12:30+00:00,8.61,122.32,35,1.5,065 km N 20° W of Labason (Zamboanga Del Norte),Ms,TECTONIC
1402,2025-01-01 06:06:46+00:00,6.85,125.69,45,2.2,026 km S 06° W of Island Garden City Of Samal (Davao Del Norte),Ms,TECTONIC
1403,2025-01-01 05:29:45+00:00,10.45,124.42,9,1.7,020 km S 02° E of Poro (Cebu),Ms,TECTONIC
1404,2025-01-01 04:53:09+00:00,15.92,120.07,33,1.3,014 km S 35° W of Labrador (Pangasinan),Ms,TECTONIC
1405,2025-01-01 04:47:40+00:00,13.27,125.4,23,2.7,086 km N 21° E of Palapag (Northern Samar),Ms,TECTONIC
1406,2025-01-01 03:49:11+00:00,15.97,120.07,36,1.3,010 km S 52° W of Labrador (Pangasinan),Ms,TECTONIC
1407,2025-01-01 03:45:05+00:00,8.53,126.28,30,1.5,015 km N 57° E of Tagbina (Surigao Del Sur),Ms,TECTONIC
1408,2025-01-01 03:26:21+00:00,14.38,123.89,1,2.3,048 km N 40° W of Pandan (Catanduanes),Ms,TECTONIC
1409,2025-01-01 03:08:13+00:00,11.53,124.4,2,2.0,003 km S 06° E of Naval (Biliran),Ms,TECTONIC
1410,2025-01-01 03:06:58+00:00,15.88,120.05,18,2.1,017 km N 68° E of Infanta (Pangasinan),Ms,TECTONIC
1411,2025-01-01 02:53:06+00:00,15.47,120.02,27,2.1,012 km N 71° E of Palauig (Zambales),Ms,TECTONIC
1412,2025-01-01 02:02:05+00:00,9.54,125.53,30,2.0,001 km S 65° E of Mainit (Surigao Del Norte),Ms,TECTONIC
1413,2025-01-01 01:37:19+00:00,18.4,121.35,2,2.5,007 km N 07° W of Luna (Apayao),Ms,TECTONIC
1414,2025-01-01 01:09:00+00:00,13.69,120.54,91,1.9,019 km S 34° W of Calatagan (Batangas),Ms,TECTONIC
1415,2025-01-01 00:59:23+00:00,15.88,120.1,33,1.6,017 km S 16° W of Labrador (Pangasinan),Ms,TECTONIC
1416,2025-01-01 00:53:35+00:00,9.91,125.98,28,2.3,005 km N 09° E of Del Carmen (Surigao Del Norte),Ms,TECTONIC
1417,2025-01-01 00:33:02+00:00,15.97,120.12,33,1.4,006 km S 22° W of Labrador (Pangasinan),Ms,TECTONIC
1418,2024-12-31 23:40:25+00:00,8.81,126.33,6,2.4,004 km N 75° E of Marihatag (Surigao Del Sur),Ms,TECTONIC
1419,2024-12-31 22:56:04+00:00,8.12,126.84,7,2.3,047 km N 80° E of Lingig (Surigao Del Sur),Ms,TECTONIC
1420,2024-12-31 22:32:02+00:00,7.85,127.35,5,4.5,092 km N 71° E of Baganga (Davao Oriental),Mw,TECTONIC
1421,2024-12-31 21:57:32+00:00,9.67,122.26,12,2.7,022 km S 60° W of City Of Sipalay (Negros Occidental),Ms,TECTONIC
1422,2024-12-31 21:47:08+00:00,8.95,126.33,33,2.3,004 km N 45° E of Cagwait (Surigao Del Sur),Ms,TECTONIC
1423,2024-12-31 21:28:47+00:00,6.81,123.77,1,2.7,040 km S 43° W of Datu Blah T. Sinsuat (Maguindanao Del Norte),Ms,TECTONIC
1424,2024-12-31 21:22:09+00:00,16.17,119.95,28,1.9,003 km N 64° W of City Of Alaminos (Pangasinan),Ms,TECTONIC
1425,2024-12-31 21:06:21+00:00,14.8,121.47,22,2.0,017 km N 74° W of General Nakar (Quezon),Ms,TECTONIC
1426,2024-12-31 21:02:44+00:00,9.55,126.4,10,2.1,036 km S 46° E of General Luna (Surigao Del Norte),Ms,TECTONIC
1427,2024-12-31 20:57:54+00:00,8.36,126.94,3,2.9,066 km S 89° E of Hinatuan (Surigao Del Sur),Ms,TECTONIC
1428,2024-12-31 20:54:08+00:00,7.81,126.92,8,2.6,051 km N 88° E of Cateel (Davao Oriental),Ms,TECTONIC
1429,2024-12-31 20:36:50+00:00,9.34,126.32,20,1.8,016 km N 64° E of Cortes (Surigao Del Sur),Ms,TECTONIC
1430,2024-12-31 20:23:00+00:00,9.37,125.58,6,2.9,011 km S 01° E of Alegria (Surigao Del Norte),Ms,TECTONIC
1431,2024-12-31 19:38:33+00:00,8.52,123.06,9,2.3,003 km N 79° W of Manukan (Zamboanga Del Norte),Ms,TECTONIC
1432,2024-12-31 18:14:24+00:00,8.45,123.08,8,2.8,006 km N 82° E of Jose Dalman (Zamboanga Del Norte),Ms,TECTONIC
1433,2024-12-31 18:03:08+00:00,14.03,120.43,112,2.5,023 km S 77° W of Nasugbu (Batangas),Ms,TECTONIC
1434,2024-12-31 17:36:14+00:00,9.45,125.6,12,2.5,002 km S 82° E of Kitcharao (Agusan Del Norte),Ms,TECTONIC
1435,2024-12-31 17:31:20+00:00,12.96,121.41,30,1.6,007 km S 77° W of Gloria (Oriental Mindoro),Ms,TECTONIC
1436,2024-12-31 17:12:07+00:00,15.74,119.94,41,1.7,004 km S 56° E of Santa Cruz (Zambales),Ms,TECTONIC
1437,2024-12-31 17:08:17+00:00,17.58,122.5,4,3.0,035 km N 38° E of Divilacan (Isabela),Ms,TECTONIC
1438,2024-12-31 16:44:05+00:00,9.42,125.55,9,3.7,005 km S 49° W of Kitcharao (Agusan Del Norte),Ms,TECTONIC
1439,2024-12-31 16:39:09+00:00,9.88,124.24,32,1.9,008 km N 35° E of Carmen (Bohol),Ms,TECTONIC
1440,2024-12-31 16:08:59+00:00,11.77,125.74,2,2.7,032 km N 86° E of San Julian (Eastern Samar),Ms,TECTONIC
