,datetime,lat,lon,depth_km,mag,location,mag_type,event_type
0,2025-06-30 15:25:12+00:00,20.52,121.89,74,2.1,020 km N 06° E of Sabtang (Batanes),Ms,TECTONIC
1,2025-06-30 14:47:31+00:00,10.26,125.85,29,1.6,034 km N 37° W of Santa Monica (Surigao Del Norte),Ms,TECTONIC
2,2025-06-30 14:19:51+00:00,9.05,126.41,24,2.3,016 km N 58° E of Bayabas (Surigao Del Sur),Ms,TECTONIC
3,2025-06-30 13:48:46+00:00,17.39,120.27,12,2.1,021 km S 34° W of Caoayan (Ilocos Sur),Ms,TECTONIC
4,2025-06-30 13:40:51+00:00,8.54,127.14,17,2.2,091 km N 78° E of Hinatuan (Surigao Del Sur),Ms,TECTONIC
5,2025-06-30 13:18:34+00:00,13.79,124.31,15,1.9,008 km N 83° W of Gigmoto (Catanduanes),Ms,TECTONIC
6,2025-06-30 13:01:19+00:00,5.69,125.95,108,2.1,042 km S 54° E of Jose Abad Santos (Davao Occidental),Ms,TECTONIC
7,2025-06-30 12:54:42+00:00,5.78,126.87,36,2.6,131 km S 42° E of Governor Generoso (Davao Oriental),Ms,TECTONIC
8,2025-06-30 12:01:11+00:00,14.59,119.08,23,1.9,116 km S 70° W of San Antonio (Zambales),Ms,TECTONIC
9,2025-06-30 10:53:31+00:00,8.03,122.53,35,1.5,003 km S 09° E of Labason (Zamboanga Del Norte),Ms,TECTONIC
10,2025-06-30 10:21:03+00:00,10.21,125.98,22,2.2,022 km N 18° W of Santa Monica (Surigao Del Norte),Ms,TECTONIC
11,2025-06-30 10:15:27+00:00,13.56,120.73,94,1.8,013 km N 01° E of Abra De Ilog (Occidental Mindoro),Ms,TECTONIC
12,2025-06-30 08:24:38+00:00,11.13,124.64,22,1.8,010 km S 56° E of Kananga (Leyte),Ms,TECTONIC
13,2025-06-30 07:43:39+00:00,9.04,125.94,25,1.9,016 km N 46° W of San Miguel (Surigao Del Sur),Ms,TECTONIC
14,2025-06-30 07:25:29+00:00,17.51,121.37,33,1.8,011 km N 66° W of City Of Tabuk (Kalinga),Ms,TECTONIC
15,2025-06-30 07:13:38+00:00,15.27,122.1,20,2.0,048 km N 39° E of Panukulan (Quezon),Ms,TECTONIC
16,2025-06-30 05:58:07+00:00,5.64,125.17,60,2.8,021 km S 10° W of Glan (Sarangani),Ms,TECTONIC
17,2025-06-30 05:43:23+00:00,13.0,121.07,25,1.8,029 km S 50° W of Victoria (Oriental Mindoro),Ms,TECTONIC
18,2025-06-30 04:40:08+00:00,7.98,126.28,6,1.5,016 km N 43° W of Boston (Davao Oriental),Ms,TECTONIC
19,2025-06-30 04:11:30+00:00,13.88,120.51,89,3.4,014 km N 69° W of Calatagan (Batangas),Ms,TECTONIC
20,2025-06-30 03:46:04+00:00,6.31,126.55,3,2.3,065 km S 54° E of Governor Generoso (Davao Oriental),Ms,TECTONIC
21,2025-06-30 03:42:47+00:00,5.3,125.79,20,2.5,042 km S 61° E of Sarangani Island (Municipality Of Sarangani) (Davao Occidental),Ms,TECTONIC
22,2025-06-30 03:27:33+00:00,13.11,121.58,44,1.7,013 km N 52° E of Pinamalayan (Oriental Mindoro),Ms,TECTONIC
23,2025-06-30 03:01:26+00:00,8.14,127.08,4,2.6,074 km N 82° E of Lingig (Surigao Del Sur),Ms,TECTONIC
24,2025-06-30 02:52:48+00:00,7.2,123.58,33,2.2,034 km S 32° E of Tabina (Zamboanga Del Sur),Ms,TECTONIC
25,2025-06-30 02:32:23+00:00,7.05,122.13,33,1.6,027 km S 15° E of Sibuco (Zamboanga Del Norte),Ms,TECTONIC
26,2025-06-30 01:52:37+00:00,5.56,125.43,19,2.7,011 km N 28° W of Sarangani Island (Municipality Of Sarangani) (Davao Occidental),Ms,TECTONIC
27,2025-06-30 01:33:25+00:00,7.78,122.16,19,1.8,003 km S 33° E of Baliguian (Zamboanga Del Norte),Ms,TECTONIC
28,2025-06-30 00:40:50+00:00,5.15,125.1,18,3.2,046 km S 51° W of Balut Island (Municipality Of Sarangani) (Davao Occidental),Ms,TECTONIC
29,2025-06-29 23:41:46+00:00,16.65,122.52,39,2.2,031 km N 64° E of Dinapigue (Isabela),Ms,TECTONIC
30,2025-06-29 23:24:50+00:00,17.39,120.4,11,1.6,008 km N 36° W of San Esteban (Ilocos Sur),Ms,TECTONIC
31,2025-06-29 23:19:38+00:00,5.94,125.12,30,2.4,016 km N 36° W of Glan (Sarangani),Ms,TECTONIC
32,2025-06-29 22:22:11+00:00,8.45,126.23,26,2.2,008 km S 85° E of Tagbina (Surigao Del Sur),Ms,TECTONIC
33,2025-06-29 21:45:47+00:00,5.14,126.15,34,3.1,084 km S 64° E of Sarangani Island (Municipality Of Sarangani) (Davao Occidental),Ms,TECTONIC
34,2025-06-29 21:28:41+00:00,7.96,126.78,17,1.6,041 km N 63° E of Cateel (Davao Oriental),Ms,TECTONIC
35,2025-06-29 20:10:00+00:00,20.17,120.89,12,2.2,104 km S 80° W of Sabtang (Batanes),Ms,TECTONIC
36,2025-06-29 19:59:37+00:00,13.02,123.29,27,1.7,013 km N 21° E of Claveria (Masbate),Ms,TECTONIC
37,2025-06-29 19:52:14+00:00,12.72,123.37,25,1.7,024 km S 33° E of Claveria (Masbate),Ms,TECTONIC
38,2025-06-29 19:49:45+00:00,8.39,126.46,27,1.8,014 km N 80° E of Hinatuan (Surigao Del Sur),Ms,TECTONIC
39,2025-06-29 19:44:39+00:00,8.92,126.53,21,2.0,026 km S 89° E of Cagwait (Surigao Del Sur),Ms,TECTONIC
40,2025-06-29 19:33:44+00:00,8.76,126.59,9,1.6,032 km S 83° E of Marihatag (Surigao Del Sur),Ms,TECTONIC
41,2025-06-29 19:18:29+00:00,14.18,124.87,3,2.3,068 km N 67° E of Bagamanoc (Catanduanes),Ms,TECTONIC
42,2025-06-29 19:04:28+00:00,16.97,120.75,2,2.2,002 km S 38° E of Cervantes (Ilocos Sur),Ms,TECTONIC
43,2025-06-29 18:56:46+00:00,17.56,120.65,9,2.6,000 km East of Peñarrubia (Abra),Ms,TECTONIC
44,2025-06-29 18:51:38+00:00,18.33,121.16,31,1.5,015 km N 58° E of Calanasan (Apayao),Ms,TECTONIC
45,2025-06-29 18:47:04+00:00,14.1,121.56,60,1.7,002 km S 14° E of Lucban (Quezon),Ms,TECTONIC
46,2025-06-29 18:35:55+00:00,5.09,126.1,32,2.8,082 km S 59° E of Sarangani Island (Municipality Of Sarangani) (Davao Occidental),Ms,TECTONIC
47,2025-06-29 18:07:41+00:00,16.88,121.05,31,1.7,004 km S 22° W of Banaue (Ifugao),Ms,TECTONIC
48,2025-06-29 17:52:18+00:00,13.4,124.28,2,2.8,020 km S 16° E of Virac (Catanduanes),Ms,TECTONIC
49,2025-06-29 17:47:30+00:00,10.05,125.65,29,2.4,006 km S 75° E of Basilisa (Dinagat Islands),Ms,TECTONIC
50,2025-06-29 17:31:06+00:00,7.25,123.5,18,2.2,025 km S 23° E of Tabina (Zamboanga Del Sur),Ms,TECTONIC
51,2025-06-29 17:10:21+00:00,4.56,125.94,108,3.5,113 km S 27° E of Sarangani Island (Municipality Of Sarangani) (Davao Occidental),Ms,TECTONIC
52,2025-06-29 16:59:12+00:00,16.55,120.72,30,2.0,010 km S 33° W of Atok (Benguet),Ms,TECTONIC
53,2025-06-29 16:38:03+00:00,18.44,120.67,19,1.9,009 km S 20° E of Burgos (Ilocos Norte),Ms,TECTONIC
54,2025-06-29 16:35:49+00:00,5.1,126.13,35,2.5,084 km S 60° E of Sarangani Island (Municipality Of Sarangani) (Davao Occidental),Ms,TECTONIC
55,2025-06-29 16:09:50+00:00,16.44,122.06,21,2.0,017 km N 74° W of Dilasag (Aurora),Ms,TECTONIC
56,2025-06-29 15:27:44+00:00,9.83,122.22,22,2.1,025 km N 73° W of City Of Sipalay (Negros Occidental),Ms,TECTONIC
57,2025-06-29 15:24:14+00:00,7.89,126.87,12,2.8,047 km N 76° E of Cateel (Davao Oriental),Ms,TECTONIC
58,2025-06-29 15:21:36+00:00,7.86,126.54,32,1.4,012 km N 50° E of Cateel (Davao Oriental),Ms,TECTONIC
59,2025-06-29 15:10:01+00:00,5.09,126.16,33,3.0,087 km S 61° E of Sarangani Island (Municipality Of Sarangani) (Davao Occidental),Ms,TECTONIC
60,2025-06-29 14:41:35+00:00,5.3,124.36,43,2.6,082 km S 21° W of Kiamba (Sarangani),Ms,TECTONIC
61,2025-06-29 14:27:46+00:00,8.06,126.55,29,1.6,015 km N 82° E of Lingig (Surigao Del Sur),Ms,TECTONIC
62,2025-06-29 14:14:19+00:00,11.8,125.5,18,3.4,007 km N 43° E of San Julian (Eastern Samar),Ms,TECTONIC
63,2025-06-29 13:53:49+00:00,11.82,125.49,23,3.8,004 km N 76° E of Sulat (Eastern Samar),Ms,TECTONIC
64,2025-06-29 13:32:54+00:00,17.6,120.45,6,2.2,007 km N 75° E of Bantay (Ilocos Sur),Ms,TECTONIC
65,2025-06-29 13:24:13+00:00,10.75,126.42,14,3.2,076 km N 89° E of Homonhon Island (Guiuan) (Eastern Samar),Ms,TECTONIC
66,2025-06-29 13:15:05+00:00,17.13,121.44,30,1.6,007 km S 31° E of Paracelis (Mountain Province),Ms,TECTONIC
67,2025-06-29 13:11:14+00:00,10.74,126.38,3,2.6,071 km S 89° E of Homonhon Island (Guiuan) (Eastern Samar),Ms,TECTONIC
68,2025-06-29 13:01:03+00:00,17.11,121.44,24,1.5,009 km S 30° E of Paracelis (Mountain Province),Ms,TECTONIC
69,2025-06-29 12:42:23+00:00,12.62,125.22,36,1.8,014 km N 53° E of Palapag (Northern Samar),Ms,TECTONIC
70,2025-06-29 11:35:25+00:00,18.77,120.47,9,3.2,034 km N 33° W of Burgos (Ilocos Norte),Ms,TECTONIC
71,2025-06-29 10:18:00+00:00,10.97,123.05,16,1.6,008 km N 15° W of City Of Victorias (Negros Occidental),Ms,TECTONIC
72,2025-06-29 09:51:37+00:00,16.22,121.8,97,2.1,019 km N 61° W of Dinalungan (Aurora),Ms,TECTONIC
73,2025-06-29 09:45:48+00:00,8.86,126.4,24,1.4,013 km S 60° E of Cagwait (Surigao Del Sur),Ms,TECTONIC
74,2025-06-29 09:37:47+00:00,17.06,121.3,32,1.8,009 km N 21° W of Aguinaldo (Ifugao),Ms,TECTONIC
75,2025-06-29 09:34:07+00:00,17.02,121.34,40,1.5,005 km N 19° E of Aguinaldo (Ifugao),Ms,TECTONIC
76,2025-06-29 09:24:17+00:00,11.19,126.48,15,3.0,085 km N 79° E of Guiuan (Eastern Samar),Ms,TECTONIC
77,2025-06-29 09:19:01+00:00,16.58,120.53,33,1.7,008 km N 84° W of Kapangan (Benguet),Ms,TECTONIC
78,2025-06-29 09:18:44+00:00,6.64,126.5,29,2.4,047 km S 42° E of City Of Mati (Davao Oriental),Ms,TECTONIC
79,2025-06-29 09:02:10+00:00,9.91,122.49,12,2.4,017 km N 24° E of City Of Sipalay (Negros Occidental),Ms,TECTONIC
80,2025-06-29 08:58:06+00:00,10.05,126.14,25,2.2,008 km N 65° E of Burgos (Surigao Del Norte),Ms,TECTONIC
81,2025-06-29 08:34:29+00:00,7.58,126.47,22,2.0,010 km N 87° W of Baganga (Davao Oriental),Ms,TECTONIC
82,2025-06-29 08:32:13+00:00,11.15,122.13,6,2.8,012 km S 66° E of Barbaza (Antique),Ms,TECTONIC
83,2025-06-29 07:31:38+00:00,8.85,123.18,7,1.5,028 km S 04° W of Zamboanguita (Negros Oriental),Ms,TECTONIC
84,2025-06-29 07:02:41+00:00,8.87,126.39,32,2.4,011 km S 63° E of Cagwait (Surigao Del Sur),Ms,TECTONIC
85,2025-06-29 06:50:55+00:00,9.57,123.82,30,1.6,007 km S 83° E of Panglao (Bohol),Ms,TECTONIC
86,2025-06-29 06:47:53+00:00,9.85,123.14,9,1.9,001 km S 11° E of Ayungon (Negros Oriental),Ms,TECTONIC
87,2025-06-29 05:46:49+00:00,9.41,126.24,34,2.3,015 km N 18° E of Cortes (Surigao Del Sur),Ms,TECTONIC
88,2025-06-29 04:22:00+00:00,7.86,127.62,19,4.1,121 km N 75° E of Baganga (Davao Oriental),Ms,TECTONIC
89,2025-06-29 04:03:30+00:00,18.96,120.94,21,2.0,032 km S 60° W of Dalupiri Island (Calayan) (Cagayan),Ms,TECTONIC
90,2025-06-29 02:34:06+00:00,18.75,120.73,17,2.8,022 km N 15° W of Pagudpud (Ilocos Norte),Ms,TECTONIC
91,2025-06-29 01:56:36+00:00,9.27,122.63,21,2.6,015 km S 05° W of Basay (Negros Oriental),Ms,TECTONIC
92,2025-06-29 00:50:16+00:00,5.2,126.15,35,3.1,081 km S 68° E of Sarangani Island (Municipality Of Sarangani) (Davao Occidental),Ms,TECTONIC
93,2025-06-28 23:10:20+00:00,10.42,125.1,29,1.8,011 km N 78° W of Hinunangan (Southern Leyte),Ms,TECTONIC
94,2025-06-28 23:07:57+00:00,4.27,125.74,143,2.8,131 km S 15° E of Balut Island (Municipality Of Sarangani) (Davao Occidental),Ms,TECTONIC
95,2025-06-28 22:56:00+00:00,8.54,126.66,28,1.5,040 km N 62° E of Hinatuan (Surigao Del Sur),Ms,TECTONIC
96,2025-06-28 22:53:04+00:00,12.2,125.04,34,1.6,015 km S 05° E of Las Navas (Northern Samar),Ms,TECTONIC
97,2025-06-28 21:54:42+00:00,8.83,123.24,8,2.4,029 km N 43° W of City Of Dapitan (Zamboanga Del Norte),Ms,TECTONIC
98,2025-06-28 21:40:04+00:00,12.84,121.0,32,1.8,024 km S 89° E of Sablayan (Occidental Mindoro),Ms,TECTONIC
99,2025-06-28 21:39:22+00:00,8.07,126.82,17,1.6,045 km N 86° E of Lingig (Surigao Del Sur),Ms,TECTONIC
100,2025-06-28 21:38:37+00:00,13.76,120.87,2,1.8,008 km N 76° W of Mabini (Batangas),Ms,TECTONIC
101,2025-06-28 21:26:48+00:00,9.33,123.27,3,2.6,003 km S 25° W of Sibulan (Negros Oriental),Ms,TECTONIC
102,2025-06-28 20:50:29+00:00,16.74,121.01,19,2.0,006 km N 68° W of Asipulo (Ifugao),Ms,TECTONIC
103,2025-06-28 20:41:00+00:00,8.1,126.95,13,2.8,059 km N 84° E of Lingig (Surigao Del Sur),Ms,TECTONIC
104,2025-06-28 20:28:11+00:00,8.05,127.11,11,2.2,077 km N 89° E of Lingig (Surigao Del Sur),Ms,TECTONIC
105,2025-06-28 20:25:52+00:00,17.08,121.62,23,2.9,006 km N 12° W of San Manuel (Isabela),Ms,TECTONIC
106,2025-06-28 20:22:57+00:00,18.75,120.99,11,2.0,018 km N 32° W of Claveria (Cagayan),Ms,TECTONIC
107,2025-06-28 20:21:01+00:00,19.06,121.07,5,1.8,015 km S 72° W of Dalupiri Island (Calayan) (Cagayan),Ms,TECTONIC
108,2025-06-28 20:10:08+00:00,13.7,120.6,87,1.9,016 km S 12° W of Calatagan (Batangas),Ms,TECTONIC
109,2025-06-28 19:47:39+00:00,5.31,125.69,131,3.2,030 km S 53° E of Sarangani Island (Municipality Of Sarangani) (Davao Occidental),Ms,TECTONIC
110,2025-06-28 19:38:10+00:00,8.26,126.79,17,2.7,048 km N 59° E of Lingig (Surigao Del Sur),Ms,TECTONIC
111,2025-06-28 19:11:43+00:00,13.7,120.67,135,1.4,016 km S 15° E of Calatagan (Batangas),Ms,TECTONIC
112,2025-06-28 19:09:42+00:00,17.85,119.64,1,2.4,082 km N 70° W of Santa Catalina (Ilocos Sur),Ms,TECTONIC
113,2025-06-28 19:00:30+00:00,15.54,119.97,50,1.6,001 km N 58° E of Masinloc (Zambales),Ms,TECTONIC
114,2025-06-28 18:54:10+00:00,6.66,125.59,25,2.2,017 km N 46° E of Santa Maria (Davao Occidental),Ms,TECTONIC
115,2025-06-28 18:51:21+00:00,9.31,126.33,33,1.6,016 km N 75° E of Cortes (Surigao Del Sur),Ms,TECTONIC
116,2025-06-28 18:48:15+00:00,6.2,126.01,26,2.1,034 km N 90° E of Don Marcelino (Davao Occidental),Ms,TECTONIC
117,2025-06-28 18:02:44+00:00,12.78,123.08,8,2.3,023 km S 53° W of Claveria (Masbate),Ms,TECTONIC
118,2025-06-28 17:02:27+00:00,16.27,120.64,14,2.8,011 km S 20° W of Itogon (Benguet),Ms,TECTONIC
119,2025-06-28 17:00:42+00:00,16.42,121.04,35,1.8,007 km N 62° W of Bambang (Nueva Vizcaya),Ms,TECTONIC
120,2025-06-28 16:19:09+00:00,6.03,127.78,3,2.6,186 km S 53° E of Tarragona (Davao Oriental),Ms,TECTONIC
121,2025-06-28 16:05:21+00:00,13.11,124.13,3,2.6,008 km S 02° W of Rapu-rapu (Albay),Ms,TECTONIC
122,2025-06-28 16:09:02+00:00,10.15,125.79,25,1.7,024 km N 66° E of Basilisa (Dinagat Islands),Ms,TECTONIC
123,2025-06-28 15:30:55+00:00,5.19,127.47,111,3.5,224 km S 44° E of Governor Generoso (Davao Oriental),Ms,TECTONIC
124,2025-06-28 15:27:45+00:00,7.71,122.15,11,1.6,001 km N 72° E of Siocon (Zamboanga Del Norte),Ms,TECTONIC
125,2025-06-28 15:27:20+00:00,7.57,124.84,34,1.4,008 km S 69° W of Kadingilan (Bukidnon),Ms,TECTONIC
126,2025-06-28 15:12:52+00:00,20.04,121.58,40,2.2,045 km S 43° W of Sabtang (Batanes),Ms,TECTONIC
127,2025-06-28 15:11:17+00:00,6.28,126.5,25,3.0,062 km S 49° E of Governor Generoso (Davao Oriental),Ms,TECTONIC
128,2025-06-28 15:02:12+00:00,13.92,120.61,122,1.5,010 km N 17° W of Calatagan (Batangas),Ms,TECTONIC
129,2025-06-28 14:35:48+00:00,8.17,126.52,34,1.5,018 km N 39° E of Lingig (Surigao Del Sur),Ms,TECTONIC
130,2025-06-28 14:20:49+00:00,8.45,127.18,12,1.8,093 km N 85° E of Hinatuan (Surigao Del Sur),Ms,TECTONIC
131,2025-06-28 13:54:58+00:00,6.39,126.7,20,2.4,075 km S 67° E of Governor Generoso (Davao Oriental),Ms,TECTONIC
132,2025-06-28 13:11:54+00:00,13.67,120.09,24,1.5,018 km S 71° W of Looc (Occidental Mindoro),Ms,TECTONIC
133,2025-06-28 13:07:03+00:00,13.54,120.07,19,3.7,027 km S 45° W of Looc (Occidental Mindoro),Ms,TECTONIC
134,2025-06-28 13:04:43+00:00,7.7,127.04,20,2.8,055 km N 75° E of Baganga (Davao Oriental),Ms,TECTONIC
135,2025-06-28 12:59:17+00:00,18.78,120.8,1,2.2,024 km N 02° E of Pagudpud (Ilocos Norte),Ms,TECTONIC
136,2025-06-28 12:40:45+00:00,2.68,126.77,126,5.1,338 km S 26° E of Balut Island (Municipality Of Sarangani) (Davao Occidental),Ms,TECTONIC
137,2025-06-28 12:23:29+00:00,7.97,126.64,17,1.6,026 km S 73° E of Lingig (Surigao Del Sur),Ms,TECTONIC
138,2025-06-28 11:54:14+00:00,8.22,126.52,31,2.0,023 km N 32° E of Lingig (Surigao Del Sur),Ms,TECTONIC
139,2025-06-28 11:50:18+00:00,2.5,126.95,98,4.7,364 km S 28° E of Balut Island (Municipality Of Sarangani) (Davao Occidental),Ms,TECTONIC
140,2025-06-28 11:52:20+00:00,12.15,125.09,29,4.2,013 km N 33° E of San Jose De Buan (Samar),Ms,TECTONIC
141,2025-06-28 11:12:45+00:00,19.05,121.23,15,4.1,007 km S 23° E of Dalupiri Island (Calayan) (Cagayan),Ms,TECTONIC
142,2025-06-28 11:11:54+00:00,12.71,124.93,21,2.9,017 km N 02° E of Pambujan (Northern Samar),Ms,TECTONIC
143,2025-06-28 10:51:33+00:00,10.96,125.39,11,1.6,016 km S 02° E of Balangiga (Eastern Samar),Ms,TECTONIC
144,2025-06-28 09:57:42+00:00,12.84,120.95,3,3.5,019 km S 89° E of Sablayan (Occidental Mindoro),Ms,TECTONIC
145,2025-06-28 09:29:21+00:00,4.93,126.08,50,3.8,090 km S 48° E of Sarangani Island (Municipality Of Sarangani) (Davao Occidental),Ms,TECTONIC
146,2025-06-28 09:15:55+00:00,6.6,127.09,25,2.7,086 km S 55° E of Tarragona (Davao Oriental),Ms,TECTONIC
147,2025-06-28 08:28:32+00:00,8.9,126.28,41,4.1,003 km S 50° W of Cagwait (Surigao Del Sur),Ms,TECTONIC
148,2025-06-28 07:19:35+00:00,6.65,125.24,13,2.6,004 km N 27° W of Kiblawan (Davao Del Sur),Ms,TECTONIC
149,2025-06-28 06:52:26+00:00,5.16,126.02,19,2.5,070 km S 61° E of Sarangani Island (Municipality Of Sarangani) (Davao Occidental),Ms,TECTONIC
150,2025-06-28 06:44:28+00:00,6.46,127.0,33,2.0,089 km S 43° E of Tarragona (Davao Oriental),Ms,TECTONIC
151,2025-06-28 06:43:33+00:00,7.04,125.46,34,1.6,023 km N 12° E of Santa Cruz (Davao Del Sur),Ms,TECTONIC
152,2025-06-28 06:15:03+00:00,5.1,126.1,28,2.8,081 km S 59° E of Sarangani Island (Municipality Of Sarangani) (Davao Occidental),Ms,TECTONIC
153,2025-06-28 05:59:46+00:00,9.77,124.76,34,1.8,020 km N 80° E of Anda (Bohol),Ms,TECTONIC
154,2025-06-28 05:33:21+00:00,5.7,126.44,46,3.3,091 km S 75° E of Jose Abad Santos (Davao Occidental),Ms,TECTONIC
155,2025-06-28 05:30:52+00:00,5.15,126.16,66,3.6,084 km S 65° E of Sarangani Island (Municipality Of Sarangani) (Davao Occidental),Ms,TECTONIC
156,2025-06-28 03:14:40+00:00,16.48,121.07,35,2.5,007 km S 40° E of Ambaguio (Nueva Vizcaya),Ms,TECTONIC
157,2025-06-28 02:18:33+00:00,5.38,125.09,33,2.6,036 km S 84° W of Balut Island (Municipality Of Sarangani) (Davao Occidental),Ms,TECTONIC
158,2025-06-28 02:05:30+00:00,5.22,126.26,47,3.0,092 km S 72° E of Sarangani Island (Municipality Of Sarangani) (Davao Occidental),Ms,TECTONIC
159,2025-06-28 01:50:11+00:00,14.11,120.36,100,2.3,030 km N 82° W of Nasugbu (Batangas),Ms,TECTONIC
160,2025-06-28 01:25:14+00:00,13.33,120.1,16,2.5,041 km S 76° W of Paluan (Occidental Mindoro),Ms,TECTONIC
161,2025-06-28 01:08:35+00:00,9.27,126.52,23,3.5,036 km S 90° E of Cortes (Surigao Del Sur),Ms,TECTONIC
162,2025-06-28 00:11:11+00:00,5.19,125.97,24,2.6,063 km S 61° E of Sarangani Island (Municipality Of Sarangani) (Davao Occidental),Ms,TECTONIC
163,2025-06-27 23:41:42+00:00,5.28,126.01,77,5.2,063 km S 71° E of Sarangani Island (Municipality Of Sarangani) (Davao Occidental),Ms,TECTONIC
164,2025-06-27 23:34:21+00:00,5.11,126.19,49,2.9,090 km S 63° E of Sarangani Island (Municipality Of Sarangani) (Davao Occidental),Ms,TECTONIC
165,2025-06-27 23:07:07+00:00,5.09,126.22,85,6.1,093 km S 63° E of Sarangani Island (Municipality Of Sarangani) (Davao Occidental),Mw,TECTONIC
166,2025-06-27 22:43:50+00:00,10.08,125.74,38,1.5,015 km N 82° E of Basilisa (Dinagat Islands),Ms,TECTONIC
167,2025-06-27 22:24:09+00:00,7.87,126.57,18,1.8,015 km N 54° E of Cateel (Davao Oriental),Ms,TECTONIC
168,2025-06-27 21:57:39+00:00,10.12,125.76,34,1.4,019 km N 73° E of Basilisa (Dinagat Islands),Ms,TECTONIC
169,2025-06-27 21:15:55+00:00,9.47,126.29,18,2.3,024 km N 27° E of Cortes (Surigao Del Sur),Ms,TECTONIC
170,2025-06-27 20:38:45+00:00,8.83,126.34,27,2.0,006 km N 57° E of Marihatag (Surigao Del Sur),Ms,TECTONIC
171,2025-06-27 20:06:31+00:00,17.66,122.27,27,2.9,030 km N 07° E of Maconacon (Isabela),Ms,TECTONIC
172,2025-06-27 18:16:14+00:00,8.99,122.8,33,1.5,026 km S 73° W of Siaton (Negros Oriental),Ms,TECTONIC
173,2025-06-27 17:46:09+00:00,5.98,127.33,30,3.0,153 km S 39° E of Tarragona (Davao Oriental),Ms,TECTONIC
174,2025-06-27 17:01:26+00:00,10.5,126.01,19,2.8,041 km S 50° E of Homonhon Island (Guiuan) (Eastern Samar),Ms,TECTONIC
175,2025-06-27 16:24:58+00:00,7.02,127.12,32,3.3,068 km S 72° E of Manay (Davao Oriental),Ms,TECTONIC
176,2025-06-27 16:22:58+00:00,19.11,121.12,1,2.4,009 km West of Dalupiri Island (Calayan) (Cagayan),Ms,TECTONIC
177,2025-06-27 15:34:14+00:00,9.33,125.11,26,2.3,036 km N 12° W of Magsaysay (Misamis Oriental),Ms,TECTONIC
178,2025-06-27 14:54:19+00:00,7.33,125.29,33,2.3,018 km S 81° E of Arakan (Cotabato),Ms,TECTONIC
179,2025-06-27 14:53:49+00:00,7.2,127.06,15,1.8,057 km S 76° E of Caraga (Davao Oriental),Ms,TECTONIC
180,2025-06-27 14:26:50+00:00,10.16,125.01,8,3.6,001 km N 66° E of Malitbog (Southern Leyte),Ms,TECTONIC
181,2025-06-27 14:12:16+00:00,13.31,121.61,32,2.1,026 km S 87° W of Gasan (Marinduque),Ms,TECTONIC
182,2025-06-27 13:10:48+00:00,9.25,125.73,30,1.9,019 km S 84° E of Santiago (Agusan Del Norte),Ms,TECTONIC
183,2025-06-27 11:37:18+00:00,7.39,125.3,2,2.8,019 km N 76° E of Arakan (Cotabato),Ms,TECTONIC
184,2025-06-27 11:30:44+00:00,10.84,123.3,35,1.7,012 km S 71° W of City Of Sagay (Negros Occidental),Ms,TECTONIC
185,2025-06-27 10:50:08+00:00,7.4,125.3,7,1.6,019 km N 75° E of Arakan (Cotabato),Ms,TECTONIC
186,2025-06-27 10:37:18+00:00,12.5,124.75,46,1.6,002 km S 03° E of Mondragon (Northern Samar),Ms,TECTONIC
187,2025-06-27 09:09:42+00:00,6.29,125.52,68,2.2,017 km S 37° W of Malita (Davao Occidental),Ms,TECTONIC
188,2025-06-27 08:06:56+00:00,7.36,126.33,8,2.2,023 km N 78° E of Maragusan (Davao De Oro),Ms,TECTONIC
189,2025-06-27 07:16:15+00:00,17.83,120.79,13,2.3,013 km N 14° W of Tineg (Abra),Ms,TECTONIC
190,2025-06-27 06:30:01+00:00,8.14,126.63,24,3.0,026 km N 65° E of Lingig (Surigao Del Sur),Ms,TECTONIC
191,2025-06-27 05:57:42+00:00,8.02,126.66,18,1.8,027 km S 85° E of Lingig (Surigao Del Sur),Ms,TECTONIC
192,2025-06-27 05:31:46+00:00,8.29,126.49,34,1.8,019 km S 64° E of Hinatuan (Surigao Del Sur),Ms,TECTONIC
193,2025-06-27 05:19:14+00:00,8.96,125.95,32,1.9,010 km N 81° W of San Miguel (Surigao Del Sur),Ms,TECTONIC
194,2025-06-27 05:17:03+00:00,10.44,126.17,30,2.1,048 km N 13° E of Burgos (Surigao Del Norte),Ms,TECTONIC
195,2025-06-27 04:54:46+00:00,11.83,125.28,32,1.6,017 km S 62° W of Taft (Eastern Samar),Ms,TECTONIC
196,2025-06-27 04:02:20+00:00,17.95,120.29,18,3.4,019 km N 81° W of Badoc (Ilocos Norte),Ms,TECTONIC
197,2025-06-27 01:39:59+00:00,8.69,126.24,30,1.4,006 km S 12° E of San Agustin (Surigao Del Sur),Ms,TECTONIC
198,2025-06-27 01:04:15+00:00,13.91,125.29,39,2.9,098 km N 82° E of Gigmoto (Catanduanes),Ms,TECTONIC
199,2025-06-26 22:19:05+00:00,6.12,126.37,63,2.1,067 km S 30° E of Governor Generoso (Davao Oriental),Ms,TECTONIC
200,2025-06-26 21:22:51+00:00,11.09,124.2,32,1.9,020 km N 77° W of Palompon (Leyte),Ms,TECTONIC
201,2025-06-26 20:42:12+00:00,15.77,120.14,12,1.9,017 km S 40° W of Aguilar (Pangasinan),Ms,TECTONIC
202,2025-06-26 20:37:10+00:00,6.04,126.48,68,4.1,081 km S 34° E of Governor Generoso (Davao Oriental),Ms,TECTONIC
203,2025-06-26 19:45:58+00:00,6.24,126.65,32,2.3,078 km S 54° E of Governor Generoso (Davao Oriental),Ms,TECTONIC
204,2025-06-26 19:24:06+00:00,6.32,126.47,60,4.5,058 km S 50° E of Governor Generoso (Davao Oriental),Ms,TECTONIC
205,2025-06-26 19:19:34+00:00,8.41,125.54,53,2.1,027 km S 82° W of Talacogon (Agusan Del Sur),Ms,TECTONIC
206,2025-06-26 19:02:29+00:00,7.27,124.5,48,1.4,003 km N 27° W of Libungan (Cotabato),Ms,TECTONIC
207,2025-06-26 18:58:30+00:00,13.93,120.3,37,1.6,021 km N 67° E of Lubang (Occidental Mindoro),Ms,TECTONIC
208,2025-06-26 18:08:26+00:00,8.4,125.89,31,2.0,013 km N 78° W of Rosario (Agusan Del Sur),Ms,TECTONIC
209,2025-06-26 17:55:25+00:00,6.73,126.31,27,2.0,027 km S 22° E of City Of Mati (Davao Oriental),Ms,TECTONIC
210,2025-06-26 17:52:17+00:00,8.28,126.66,30,3.4,036 km S 75° E of Hinatuan (Surigao Del Sur),Ms,TECTONIC
211,2025-06-26 17:50:27+00:00,13.12,121.11,33,1.4,020 km S 72° W of Victoria (Oriental Mindoro),Ms,TECTONIC
212,2025-06-26 17:48:43+00:00,8.11,126.0,32,1.6,006 km N 48° E of Veruela (Agusan Del Sur),Ms,TECTONIC
213,2025-06-26 17:23:45+00:00,4.84,124.25,39,2.5,134 km S 18° W of Kiamba (Sarangani),Ms,TECTONIC
214,2025-06-26 17:18:45+00:00,13.2,121.18,9,2.0,011 km N 77° W of Victoria (Oriental Mindoro),Ms,TECTONIC
215,2025-06-26 16:19:40+00:00,13.34,120.34,33,1.4,016 km S 59° W of Paluan (Occidental Mindoro),Ms,TECTONIC
216,2025-06-26 15:57:27+00:00,13.66,120.64,111,1.7,020 km S 01° E of Calatagan (Batangas),Ms,TECTONIC
217,2025-06-26 15:53:12+00:00,16.34,120.14,19,2.5,021 km N 74° E of Anda (Pangasinan),Ms,TECTONIC
218,2025-06-26 15:39:48+00:00,17.61,120.77,7,2.0,004 km S 84° E of Lagangilang (Abra),Ms,TECTONIC
219,2025-06-26 15:38:48+00:00,12.48,124.58,21,2.1,005 km S 17° E of Bobon (Northern Samar),Ms,TECTONIC
220,2025-06-26 14:49:06+00:00,13.76,120.33,10,1.6,010 km N 59° E of Looc (Occidental Mindoro),Ms,TECTONIC
221,2025-06-26 14:21:44+00:00,14.21,119.89,12,3.3,046 km N 33° W of Lubang (Occidental Mindoro),Ms,TECTONIC
222,2025-06-26 13:39:00+00:00,13.69,120.67,106,1.5,017 km S 13° E of Calatagan (Batangas),Ms,TECTONIC
223,2025-06-26 13:10:09+00:00,16.7,120.59,31,1.6,007 km N 81° W of Kibungan (Benguet),Ms,TECTONIC
224,2025-06-26 12:50:16+00:00,4.87,124.21,16,4.5,132 km S 21° W of Kiamba (Sarangani),Ms,TECTONIC
225,2025-06-26 12:36:00+00:00,13.99,120.47,87,2.6,020 km S 62° W of Nasugbu (Batangas),Ms,TECTONIC
226,2025-06-26 12:29:34+00:00,9.0,126.53,27,2.2,026 km N 70° E of Cagwait (Surigao Del Sur),Ms,TECTONIC
227,2025-06-26 12:19:39+00:00,4.92,125.25,16,3.1,058 km S 20° W of Balut Island (Municipality Of Sarangani) (Davao Occidental),Ms,TECTONIC
228,2025-06-26 11:15:39+00:00,9.1,126.11,32,1.5,007 km N 71° W of City Of Tandag (Surigao Del Sur),Ms,TECTONIC
229,2025-06-26 10:25:25+00:00,8.57,122.12,27,2.5,072 km N 26° W of Gutalac (Zamboanga Del Norte),Ms,TECTONIC
230,2025-06-26 10:11:17+00:00,9.59,126.28,31,2.7,026 km S 33° E of General Luna (Surigao Del Norte),Ms,TECTONIC
231,2025-06-26 08:51:30+00:00,9.7,126.2,29,1.4,010 km S 26° E of General Luna (Surigao Del Norte),Ms,TECTONIC
232,2025-06-26 07:06:32+00:00,8.62,126.76,8,1.8,054 km N 59° E of Hinatuan (Surigao Del Sur),Ms,TECTONIC
233,2025-06-26 06:37:08+00:00,7.11,126.83,26,2.2,034 km S 72° E of Manay (Davao Oriental),Ms,TECTONIC
234,2025-06-26 04:29:47+00:00,9.21,125.61,11,2.9,008 km S 44° E of Santiago (Agusan Del Norte),Ms,TECTONIC
235,2025-06-26 04:24:18+00:00,8.71,126.66,22,1.9,041 km S 77° E of Marihatag (Surigao Del Sur),Ms,TECTONIC
236,2025-06-26 03:52:37+00:00,20.75,122.15,18,2.7,032 km S 82° E of Itbayat (Batanes),Ms,TECTONIC
237,2025-06-26 02:02:49+00:00,5.43,125.6,244,2.7,015 km S 70° E of Sarangani Island (Municipality Of Sarangani) (Davao Occidental),Ms,TECTONIC
238,2025-06-25 23:43:50+00:00,8.18,126.76,8,2.7,041 km N 68° E of Lingig (Surigao Del Sur),Ms,TECTONIC
239,2025-06-25 23:19:17+00:00,9.68,125.96,18,2.7,007 km N 09° W of Socorro (Surigao Del Norte),Ms,TECTONIC
240,2025-06-25 23:13:53+00:00,6.38,126.0,1,2.5,032 km S 16° W of Governor Generoso (Davao Oriental),Ms,TECTONIC
241,2025-06-25 22:59:16+00:00,18.63,120.61,23,1.8,014 km N 15° W of Burgos (Ilocos Norte),Ms,TECTONIC
242,2025-06-25 21:13:18+00:00,8.29,126.94,22,1.7,065 km N 65° E of Lingig (Surigao Del Sur),Ms,TECTONIC
243,2025-06-25 20:51:47+00:00,11.56,125.61,11,2.6,013 km N 59° E of Maydolong (Eastern Samar),Ms,TECTONIC
244,2025-06-25 20:40:19+00:00,19.17,121.08,1,2.9,014 km N 63° W of Dalupiri Island (Calayan) (Cagayan),Ms,TECTONIC
245,2025-06-25 20:19:05+00:00,8.97,126.53,17,2.3,025 km N 77° E of Cagwait (Surigao Del Sur),Ms,TECTONIC
246,2025-06-25 19:40:13+00:00,9.16,126.18,28,1.4,009 km N 07° E of City Of Tandag (Surigao Del Sur),Ms,TECTONIC
247,2025-06-25 19:28:26+00:00,7.35,124.22,26,1.9,006 km S 64° W of Parang (Maguindanao Del Norte),Ms,TECTONIC
248,2025-06-25 19:09:48+00:00,17.41,120.25,33,3.0,020 km S 42° W of Caoayan (Ilocos Sur),Ms,TECTONIC
249,2025-06-25 18:48:49+00:00,13.06,124.5,14,2.2,034 km N 87° E of Prieto Diaz (Sorsogon),Ms,TECTONIC
250,2025-06-25 17:59:04+00:00,7.76,126.73,20,3.9,030 km S 83° E of Cateel (Davao Oriental),Ms,TECTONIC
251,2025-06-25 17:35:55+00:00,13.55,121.42,6,3.2,025 km S 66° E of Lobo (Batangas),Ms,TECTONIC
252,2025-06-25 17:18:45+00:00,5.54,126.39,99,2.7,093 km S 64° E of Jose Abad Santos (Davao Occidental),Ms,TECTONIC
253,2025-06-25 16:17:00+00:00,4.89,127.67,72,3.0,251 km S 63° E of Jose Abad Santos (Davao Occidental),Ms,TECTONIC
254,2025-06-25 15:53:17+00:00,17.25,120.63,5,1.8,006 km N 74° E of San Emilio (Ilocos Sur),Ms,TECTONIC
255,2025-06-25 15:41:40+00:00,17.21,120.64,19,2.3,007 km S 66° E of San Emilio (Ilocos Sur),Ms,TECTONIC
256,2025-06-25 15:41:22+00:00,8.12,125.28,24,1.7,006 km N 26° W of Cabanglasan (Bukidnon),Ms,TECTONIC
257,2025-06-25 15:29:48+00:00,5.54,125.3,2,2.4,019 km N 43° W of Balut Island (Municipality Of Sarangani) (Davao Occidental),Ms,TECTONIC
258,2025-06-25 15:05:34+00:00,6.02,125.2,74,1.9,011 km N 61° W of Malapatan (Sarangani),Ms,TECTONIC
259,2025-06-25 14:39:03+00:00,16.93,121.37,34,2.0,007 km S 39° E of Aguinaldo (Ifugao),Ms,TECTONIC
260,2025-06-25 13:36:07+00:00,8.48,124.32,10,2.1,003 km S 25° E of Initao (Misamis Oriental),Ms,TECTONIC
261,2025-06-25 12:55:37+00:00,14.71,119.93,28,3.5,032 km S 34° W of San Antonio (Zambales),Ms,TECTONIC
262,2025-06-25 12:49:04+00:00,13.62,120.62,10,2.2,023 km N 31° W of Abra De Ilog (Occidental Mindoro),Ms,TECTONIC
263,2025-06-25 12:00:58+00:00,13.87,120.49,81,2.6,016 km N 75° W of Calatagan (Batangas),Ms,TECTONIC
264,2025-06-25 11:23:21+00:00,9.32,126.25,23,1.6,008 km N 50° E of Cortes (Surigao Del Sur),Ms,TECTONIC
265,2025-06-25 11:11:27+00:00,12.78,125.12,5,2.2,026 km N 28° E of Laoang (Northern Samar),Ms,TECTONIC
266,2025-06-25 10:40:40+00:00,15.16,120.05,58,1.9,001 km N 58° W of Cabangan (Zambales),Ms,TECTONIC
267,2025-06-25 09:39:13+00:00,12.71,124.07,5,2.6,004 km N 84° E of Irosin (Sorsogon),ML,VOLCANO-TECTONIC
268,2025-06-25 09:33:59+00:00,9.46,126.96,1,2.5,086 km N 76° E of Cortes (Surigao Del Sur),Ms,TECTONIC
269,2025-06-25 07:55:45+00:00,9.5,126.86,9,2.7,078 km N 71° E of Cortes (Surigao Del Sur),Ms,TECTONIC
270,2025-06-25 07:31:11+00:00,2.79,125.88,40,3.7,294 km S 10° E of Balut Island (Municipality Of Sarangani) (Davao Occidental),Ms,TECTONIC
271,2025-06-25 06:59:00+00:00,7.91,126.79,27,3.6,040 km N 70° E of Cateel (Davao Oriental),Ms,TECTONIC
272,2025-06-25 06:43:12+00:00,9.42,126.2,19,1.6,016 km N 04° E of Cortes (Surigao Del Sur),Ms,TECTONIC
273,2025-06-25 06:32:12+00:00,8.53,122.57,21,3.0,046 km N 14° W of Liloy (Zamboanga Del Norte),Ms,TECTONIC
274,2025-06-25 06:28:03+00:00,9.45,126.92,4,3.8,082 km N 77° E of Cortes (Surigao Del Sur),Ms,TECTONIC
275,2025-06-25 04:55:58+00:00,8.28,123.42,25,2.1,010 km S 80° W of Sergio Osmeña Sr. (Zamboanga Del Norte),Ms,TECTONIC
276,2025-06-25 04:41:18+00:00,8.95,126.28,34,2.6,002 km S 22° W of Bayabas (Surigao Del Sur),Ms,TECTONIC
277,2025-06-25 02:53:23+00:00,8.01,126.27,23,1.9,016 km S 80° W of Lingig (Surigao Del Sur),Ms,TECTONIC
278,2025-06-25 02:33:18+00:00,12.52,123.59,6,2.1,011 km N 64° E of Baleno (Masbate),Ms,TECTONIC
279,2025-06-25 01:01:59+00:00,13.23,123.81,11,2.6,004 km S 77° E of Santo Domingo (Albay),ML,VOLCANO-TECTONIC
280,2025-06-24 22:24:07+00:00,12.85,120.99,2,4.0,023 km N 89° E of Sablayan (Occidental Mindoro),Ms,TECTONIC
281,2025-06-24 22:22:42+00:00,12.33,123.81,4,2.6,012 km N 15° E of Uson (Masbate),Ms,TECTONIC
282,2025-06-24 22:21:58+00:00,8.64,126.51,23,2.1,029 km S 52° E of Marihatag (Surigao Del Sur),Ms,TECTONIC
283,2025-06-24 22:14:24+00:00,15.14,119.89,32,2.1,018 km S 82° W of Cabangan (Zambales),Ms,TECTONIC
284,2025-06-24 21:59:02+00:00,17.78,120.98,15,2.5,013 km N 20° E of Lacub (Abra),Ms,TECTONIC
285,2025-06-24 21:58:55+00:00,11.28,121.33,38,1.9,077 km S 89° W of Tibiao (Antique),Ms,TECTONIC
286,2025-06-24 21:58:22+00:00,11.27,124.1,37,2.1,012 km N 77° E of Daanbantayan (Cebu),Ms,TECTONIC
287,2025-06-24 21:28:47+00:00,7.93,126.77,31,4.3,042 km S 73° E of Lingig (Surigao Del Sur),Ms,TECTONIC
288,2025-06-24 21:17:30+00:00,7.32,126.3,35,1.8,020 km N 88° E of Maragusan (Davao De Oro),Ms,TECTONIC
289,2025-06-24 21:17:05+00:00,5.96,124.67,7,1.7,006 km S 60° E of Kiamba (Sarangani),Ms,TECTONIC
290,2025-06-24 20:46:16+00:00,11.35,125.76,9,2.8,015 km N 89° E of Hernani (Eastern Samar),Ms,TECTONIC
291,2025-06-24 20:43:32+00:00,10.91,126.51,15,2.7,088 km S 81° E of Guiuan (Eastern Samar),Ms,TECTONIC
292,2025-06-24 20:36:18+00:00,11.33,125.74,10,2.6,013 km S 83° E of Hernani (Eastern Samar),Ms,TECTONIC
293,2025-06-24 20:16:58+00:00,18.86,119.43,14,2.4,134 km N 74° W of Burgos (Ilocos Norte),Ms,TECTONIC
294,2025-06-24 20:08:58+00:00,12.91,120.9,28,1.5,015 km N 61° E of Sablayan (Occidental Mindoro),Ms,TECTONIC
295,2025-06-24 19:43:00+00:00,14.05,120.5,120,2.4,015 km S 81° W of Nasugbu (Batangas),Ms,TECTONIC
296,2025-06-24 18:47:14+00:00,8.49,126.7,33,2.4,042 km N 71° E of Hinatuan (Surigao Del Sur),Ms,TECTONIC
297,2025-06-24 18:08:49+00:00,17.89,120.85,34,1.5,019 km N 10° E of Tineg (Abra),Ms,TECTONIC
298,2025-06-24 17:39:48+00:00,4.85,126.36,131,3.2,120 km S 55° E of Sarangani Island (Municipality Of Sarangani) (Davao Occidental),Ms,TECTONIC
299,2025-06-24 17:16:49+00:00,6.63,126.18,28,3.0,012 km S 75° E of Governor Generoso (Davao Oriental),Ms,TECTONIC
300,2025-06-24 16:59:43+00:00,18.3,120.72,19,2.3,012 km S 72° E of Pasuquin (Ilocos Norte),Ms,TECTONIC
301,2025-06-24 16:56:16+00:00,4.5,127.75,148,3.2,275 km S 67° E of Sarangani Island (Municipality Of Sarangani) (Davao Occidental),Ms,TECTONIC
302,2025-06-24 16:23:27+00:00,5.58,126.21,72,2.2,073 km S 59° E of Jose Abad Santos (Davao Occidental),Ms,TECTONIC
303,2025-06-24 16:18:02+00:00,8.93,126.35,21,1.6,006 km N 72° E of Cagwait (Surigao Del Sur),Ms,TECTONIC
304,2025-06-24 16:04:28+00:00,10.82,125.28,2,1.8,031 km N 74° E of Abuyog (Leyte),Ms,TECTONIC
305,2025-06-24 15:56:43+00:00,9.84,126.26,19,2.3,013 km N 58° E of General Luna (Surigao Del Norte),Ms,TECTONIC
306,2025-06-24 15:47:06+00:00,7.82,125.25,4,2.5,014 km S 37° W of San Fernando (Bukidnon),Ms,TECTONIC
307,2025-06-24 15:44:16+00:00,18.45,120.97,8,2.3,008 km S 84° E of Adams (Ilocos Norte),Ms,TECTONIC
308,2025-06-24 15:43:10+00:00,8.89,126.79,3,2.0,054 km S 87° E of Cagwait (Surigao Del Sur),Ms,TECTONIC
309,2025-06-24 15:40:01+00:00,18.55,120.88,2,2.1,008 km N 68° E of Dumalneg (Ilocos Norte),Ms,TECTONIC
310,2025-06-24 15:39:01+00:00,11.1,122.33,8,3.0,017 km N 74° W of Lambunao (Iloilo),Ms,TECTONIC
311,2025-06-24 15:26:07+00:00,9.69,126.13,23,1.6,010 km S 15° W of General Luna (Surigao Del Norte),Ms,TECTONIC
312,2025-06-24 15:18:54+00:00,17.7,120.65,23,1.6,002 km N 75° W of Danglas (Abra),Ms,TECTONIC
313,2025-06-24 15:09:53+00:00,14.58,121.71,33,1.5,016 km S 51° E of Real (Quezon),Ms,TECTONIC
314,2025-06-24 15:09:17+00:00,16.1,122.04,32,1.5,010 km S 62° E of Dinalungan (Aurora),Ms,TECTONIC
315,2025-06-24 15:08:22+00:00,17.68,120.67,32,1.7,001 km South of Danglas (Abra),Ms,TECTONIC
316,2025-06-24 14:54:54+00:00,17.55,120.63,25,2.0,002 km S 56° W of Peñarrubia (Abra),Ms,TECTONIC
317,2025-06-24 14:40:48+00:00,13.67,120.59,115,2.7,019 km S 14° W of Calatagan (Batangas),Ms,TECTONIC
318,2025-06-24 14:15:17+00:00,10.13,126.04,4,1.6,012 km N 01° W of Santa Monica (Surigao Del Norte),Ms,TECTONIC
319,2025-06-24 14:08:20+00:00,15.68,121.66,2,1.4,013 km S 48° E of Baler (Aurora),Ms,TECTONIC
320,2025-06-24 13:50:45+00:00,5.76,124.62,33,3.3,026 km S 01° W of Kiamba (Sarangani),Ms,TECTONIC
321,2025-06-24 13:47:46+00:00,9.67,126.19,34,1.8,013 km S 14° E of General Luna (Surigao Del Norte),Ms,TECTONIC
322,2025-06-24 13:26:12+00:00,9.81,126.19,21,2.0,005 km N 50° E of General Luna (Surigao Del Norte),Ms,TECTONIC
323,2025-06-24 12:42:21+00:00,5.62,125.2,1,1.8,022 km S 01° W of Glan (Sarangani),Ms,TECTONIC
324,2025-06-24 11:59:26+00:00,10.08,125.2,4,3.3,006 km N 59° E of San Francisco (Southern Leyte),Ms,TECTONIC
325,2025-06-24 11:38:22+00:00,13.7,119.85,12,2.8,034 km S 59° W of Lubang (Occidental Mindoro),Ms,TECTONIC
326,2025-06-24 10:10:36+00:00,12.51,123.57,5,1.9,009 km N 59° E of Baleno (Masbate),Ms,TECTONIC
327,2025-06-24 10:10:28+00:00,10.74,122.96,36,2.1,002 km S 82° W of City Of Talisay (Negros Occidental),Ms,TECTONIC
328,2025-06-24 10:01:07+00:00,12.48,123.54,5,2.4,005 km N 73° E of Baleno (Masbate),Ms,TECTONIC
329,2025-06-24 08:24:20+00:00,11.17,126.45,21,3.3,081 km N 79° E of Guiuan (Eastern Samar),Ms,TECTONIC
330,2025-06-24 08:14:58+00:00,8.96,126.44,18,2.6,016 km N 75° E of Cagwait (Surigao Del Sur),Ms,TECTONIC
331,2025-06-24 07:21:23+00:00,5.9,127.03,64,2.8,135 km S 52° E of Governor Generoso (Davao Oriental),Ms,TECTONIC
332,2025-06-24 06:44:22+00:00,7.86,125.24,3,2.5,011 km S 60° W of San Fernando (Bukidnon),Ms,TECTONIC
333,2025-06-24 06:37:04+00:00,8.86,126.42,33,1.8,014 km S 61° E of Cagwait (Surigao Del Sur),Ms,TECTONIC
334,2025-06-24 06:28:06+00:00,9.12,126.49,15,2.6,029 km N 54° E of Bayabas (Surigao Del Sur),Ms,TECTONIC
335,2025-06-24 06:24:32+00:00,4.18,126.6,46,4.8,189 km S 44° E of Balut Island (Municipality Of Sarangani) (Davao Occidental),Mw,TECTONIC
336,2025-06-24 06:24:42+00:00,8.65,126.26,31,1.4,012 km S 20° E of San Agustin (Surigao Del Sur),Ms,TECTONIC
337,2025-06-24 05:32:43+00:00,5.95,127.89,55,3.2,201 km S 53° E of Tarragona (Davao Oriental),Ms,TECTONIC
338,2025-06-24 05:19:07+00:00,11.21,124.73,2,3.1,005 km S 28° W of Tunga (Leyte),Ms,TECTONIC
339,2025-06-24 04:31:54+00:00,13.72,120.55,79,2.0,015 km S 36° W of Calatagan (Batangas),Ms,TECTONIC
340,2025-06-24 04:02:51+00:00,12.75,123.45,33,1.8,023 km S 42° W of Donsol (Sorsogon),Ms,TECTONIC
341,2025-06-24 03:55:58+00:00,5.91,125.99,158,2.5,038 km S 89° E of Jose Abad Santos (Davao Occidental),Ms,TECTONIC
342,2025-06-24 02:59:15+00:00,12.81,123.57,3,1.9,011 km S 14° W of Donsol (Sorsogon),Ms,TECTONIC
343,2025-06-24 01:58:09+00:00,8.15,129.77,34,6.3,360 km N 80° E of Baganga (Davao Oriental),Mw,TECTONIC
344,2025-06-24 01:48:31+00:00,8.0,126.28,9,2.8,015 km S 73° W of Lingig (Surigao Del Sur),Ms,TECTONIC
345,2025-06-24 01:34:05+00:00,9.78,126.21,22,2.2,006 km S 87° E of General Luna (Surigao Del Norte),Ms,TECTONIC
346,2025-06-24 01:13:26+00:00,17.51,120.66,4,2.5,006 km S 05° E of Peñarrubia (Abra),Ms,TECTONIC
347,2025-06-24 01:02:38+00:00,8.58,126.63,28,1.9,040 km N 54° E of Hinatuan (Surigao Del Sur),Ms,TECTONIC
348,2025-06-24 00:44:03+00:00,6.15,124.4,7,2.3,014 km N 48° W of Maitum (Sarangani),Ms,TECTONIC
349,2025-06-24 00:29:52+00:00,8.39,126.67,32,2.3,037 km N 86° E of Hinatuan (Surigao Del Sur),Ms,TECTONIC
350,2025-06-23 23:50:10+00:00,18.43,120.75,30,1.8,012 km S 06° W of Bangui (Ilocos Norte),Ms,TECTONIC
351,2025-06-23 22:39:06+00:00,11.57,125.58,13,2.4,012 km N 48° E of Maydolong (Eastern Samar),Ms,TECTONIC
352,2025-06-23 22:17:09+00:00,13.71,120.61,113,1.6,014 km S 12° W of Calatagan (Batangas),Ms,TECTONIC
353,2025-06-23 21:32:20+00:00,10.14,125.34,35,2.4,023 km S 73° W of Libjo (Dinagat Islands),Ms,TECTONIC
354,2025-06-23 21:21:40+00:00,10.35,125.2,2,2.5,006 km N 88° W of Hinundayan (Southern Leyte),Ms,TECTONIC
355,2025-06-23 21:04:35+00:00,6.25,125.33,94,3.3,017 km N 16° E of Alabel (Sarangani),Ms,TECTONIC
356,2025-06-23 20:18:33+00:00,7.58,125.93,32,2.2,006 km S 60° W of Nabunturan (Davao De Oro),Ms,TECTONIC
357,2025-06-23 20:07:35+00:00,7.82,125.28,3,3.0,013 km S 27° W of San Fernando (Bukidnon),Ms,TECTONIC
358,2025-06-23 19:57:12+00:00,9.17,126.0,114,2.7,007 km S 14° W of Carmen (Surigao Del Sur),Ms,TECTONIC
359,2025-06-23 19:55:46+00:00,8.67,126.47,23,2.1,024 km S 54° E of Marihatag (Surigao Del Sur),Ms,TECTONIC
360,2025-06-23 19:46:09+00:00,8.94,126.36,28,3.0,007 km N 70° E of Cagwait (Surigao Del Sur),Ms,TECTONIC
361,2025-06-23 19:27:36+00:00,11.19,124.67,9,2.8,011 km S 53° W of Tunga (Leyte),Ms,TECTONIC
362,2025-06-23 19:18:27+00:00,7.09,123.73,29,2.5,032 km N 86° W of Datu Blah T. Sinsuat (Maguindanao Del Norte),Ms,TECTONIC
363,2025-06-23 19:16:30+00:00,12.82,120.98,5,2.9,022 km S 83° E of Sablayan (Occidental Mindoro),Ms,TECTONIC
364,2025-06-23 18:39:55+00:00,11.55,125.59,24,2.5,011 km N 63° E of Maydolong (Eastern Samar),Ms,TECTONIC
365,2025-06-23 18:04:00+00:00,14.22,119.67,4,2.7,063 km N 51° W of Lubang (Occidental Mindoro),Ms,TECTONIC
366,2025-06-23 17:22:13+00:00,8.31,125.97,34,1.6,008 km S 27° W of Rosario (Agusan Del Sur),Ms,TECTONIC
367,2025-06-23 17:20:06+00:00,9.95,126.34,15,2.3,030 km S 75° E of Burgos (Surigao Del Norte),Ms,TECTONIC
368,2025-06-23 17:20:07+00:00,18.77,121.94,11,2.6,056 km N 35° E of Aparri (Cagayan),Ms,TECTONIC
369,2025-06-23 17:16:34+00:00,10.01,126.35,18,2.2,030 km S 87° E of Burgos (Surigao Del Norte),Ms,TECTONIC
370,2025-06-23 16:55:28+00:00,10.28,126.3,18,1.7,038 km N 41° E of Burgos (Surigao Del Norte),Ms,TECTONIC
371,2025-06-23 16:20:43+00:00,13.55,120.07,29,2.0,027 km S 46° W of Looc (Occidental Mindoro),Ms,TECTONIC
372,2025-06-23 15:55:35+00:00,17.87,120.2,20,2.1,027 km N 88° W of Sinait (Ilocos Sur),Ms,TECTONIC
373,2025-06-23 15:53:15+00:00,7.92,124.48,2,1.6,012 km S 73° E of Buadiposo-buntong (Lanao Del Sur),Ms,TECTONIC
374,2025-06-23 15:37:52+00:00,7.72,126.33,5,2.1,016 km S 59° W of Cateel (Davao Oriental),Ms,TECTONIC
375,2025-06-23 15:35:46+00:00,15.18,120.04,20,1.8,003 km N 40° W of Cabangan (Zambales),Ms,TECTONIC
376,2025-06-23 15:15:10+00:00,15.43,121.71,15,1.6,035 km N 82° E of Dingalan (Aurora),Ms,TECTONIC
377,2025-06-23 15:00:55+00:00,6.41,126.06,49,2.3,027 km S 02° W of Governor Generoso (Davao Oriental),Ms,TECTONIC
378,2025-06-23 14:43:40+00:00,13.48,120.74,30,1.5,004 km N 25° E of Abra De Ilog (Occidental Mindoro),Ms,TECTONIC
379,2025-06-23 14:42:59+00:00,19.08,121.03,10,2.2,019 km S 80° W of Dalupiri Island (Calayan) (Cagayan),Ms,TECTONIC
380,2025-06-23 14:37:14+00:00,12.84,120.98,2,3.0,021 km East of Sablayan (Occidental Mindoro),Ms,TECTONIC
381,2025-06-23 14:33:44+00:00,8.54,126.62,32,2.3,036 km N 57° E of Hinatuan (Surigao Del Sur),Ms,TECTONIC
382,2025-06-23 14:20:41+00:00,9.71,122.7,32,1.8,028 km N 64° E of Hinoba-an (Negros Occidental),Ms,TECTONIC
383,2025-06-23 14:14:13+00:00,8.9,126.36,36,1.6,007 km S 70° E of Cagwait (Surigao Del Sur),Ms,TECTONIC
384,2025-06-23 14:03:59+00:00,13.47,120.42,32,1.4,007 km N 42° W of Paluan (Occidental Mindoro),Ms,TECTONIC
385,2025-06-23 13:49:47+00:00,9.59,126.08,10,2.5,023 km S 22° W of General Luna (Surigao Del Norte),Ms,TECTONIC
386,2025-06-23 13:13:12+00:00,9.74,126.06,19,1.9,003 km S 27° E of Dapa (Surigao Del Norte),Ms,TECTONIC
387,2025-06-23 11:43:12+00:00,4.49,126.83,100,3.7,186 km S 57° E of Balut Island (Municipality Of Sarangani) (Davao Occidental),Ms,TECTONIC
388,2025-06-23 11:28:41+00:00,15.45,120.01,20,1.2,011 km S 31° E of Masinloc (Zambales),Ms,TECTONIC
389,2025-06-23 09:12:20+00:00,19.1,121.13,13,2.5,008 km S 82° W of Dalupiri Island (Calayan) (Cagayan),Ms,TECTONIC
390,2025-06-23 08:46:56+00:00,8.03,126.24,3,2.0,019 km S 89° E of Trento (Agusan Del Sur),Ms,TECTONIC
391,2025-06-23 08:27:28+00:00,12.85,121.03,5,2.1,027 km N 89° E of Sablayan (Occidental Mindoro),Ms,TECTONIC
392,2025-06-23 08:14:15+00:00,16.75,119.02,48,2.1,101 km N 67° W of Bolinao (Pangasinan),Ms,TECTONIC
393,2025-06-23 06:38:12+00:00,14.58,120.45,146,1.9,006 km S 57° E of Bagac (Bataan),Ms,TECTONIC
394,2025-06-23 05:57:03+00:00,19.12,121.28,14,2.7,008 km N 79° E of Dalupiri Island (Calayan) (Cagayan),Ms,TECTONIC
395,2025-06-23 05:19:32+00:00,17.06,121.57,26,2.0,009 km S 37° W of Roxas (Isabela),Ms,TECTONIC
396,2025-06-23 04:59:53+00:00,9.91,126.01,25,1.8,005 km S 02° W of San Benito (Surigao Del Norte),Ms,TECTONIC
397,2025-06-23 04:54:30+00:00,11.7,124.27,8,2.9,010 km N 77° W of Kawayan (Biliran),Ms,TECTONIC
398,2025-06-23 04:18:59+00:00,6.62,125.52,106,2.1,009 km N 36° E of Santa Maria (Davao Occidental),Ms,TECTONIC
399,2025-06-23 03:53:04+00:00,13.75,120.61,100,1.9,009 km S 15° W of Calatagan (Batangas),Ms,TECTONIC
400,2025-06-23 03:17:32+00:00,6.94,122.34,46,1.5,033 km N 13° E of Hadji Mohammad Ajul (Basilan),Ms,TECTONIC
401,2025-06-23 02:19:01+00:00,5.59,126.46,2,3.3,098 km S 68° E of Jose Abad Santos (Davao Occidental),Ms,TECTONIC
402,2025-06-23 19:46:00+00:00,11.6,125.22,23,2.0,020 km S 56° E of Hinabangan (Samar),Ms,TECTONIC
403,2025-06-23 01:51:09+00:00,4.99,125.76,9,2.7,059 km S 39° E of Balut Island (Municipality Of Sarangani) (Davao Occidental),Ms,TECTONIC
404,2025-06-23 01:27:14+00:00,11.61,125.21,11,3.4,019 km S 58° E of Hinabangan (Samar),Ms,TECTONIC
405,2025-06-23 01:25:25+00:00,13.45,120.81,32,1.2,010 km N 89° E of Abra De Ilog (Occidental Mindoro),Ms,TECTONIC
406,2025-06-23 00:46:46+00:00,6.36,125.79,110,2.7,021 km N 32° E of Don Marcelino (Davao Occidental),Ms,TECTONIC
407,2025-06-23 00:46:06+00:00,9.4,126.15,21,2.5,015 km N 21° W of Cortes (Surigao Del Sur),Ms,TECTONIC
408,2025-06-22 23:34:26+00:00,6.07,126.39,68,4.8,073 km S 28° E of Governor Generoso (Davao Oriental),Mw,TECTONIC
409,2025-06-22 22:51:18+00:00,13.84,120.52,156,3.0,012 km N 86° W of Calatagan (Batangas),Ms,TECTONIC
410,2025-06-22 22:24:38+00:00,9.34,126.16,21,4.0,008 km N 25° W of Cortes (Surigao Del Sur),Ms,TECTONIC
411,2025-06-22 22:00:47+00:00,21.13,121.02,45,2.4,093 km N 66° W of Itbayat (Batanes),Ms,TECTONIC
412,2025-06-22 20:37:10+00:00,17.52,120.76,35,1.5,004 km S 63° E of Bucay (Abra),Ms,TECTONIC
413,2025-06-22 20:19:44+00:00,9.25,126.25,20,2.0,007 km S 62° E of Cortes (Surigao Del Sur),Ms,TECTONIC
414,2025-06-22 19:55:33+00:00,15.72,121.89,21,2.0,035 km S 84° E of Baler (Aurora),Ms,TECTONIC
415,2025-06-22 19:49:42+00:00,7.96,124.93,3,2.5,011 km S 67° W of Lantapan (Bukidnon),Ms,TECTONIC
416,2025-06-22 19:27:03+00:00,7.9,126.32,33,1.2,007 km N 58° W of Boston (Davao Oriental),Ms,TECTONIC
417,2025-06-22 19:23:07+00:00,11.01,125.26,11,2.0,012 km S 27° E of Marabut (Samar),Ms,TECTONIC
418,2025-06-22 18:14:13+00:00,13.76,120.6,93,1.5,009 km S 27° W of Calatagan (Batangas),Ms,TECTONIC
419,2025-06-22 18:01:17+00:00,16.22,121.86,22,1.5,014 km N 52° W of Dinalungan (Aurora),Ms,TECTONIC
420,2025-06-22 17:19:55+00:00,9.01,126.51,19,1.5,026 km N 66° E of Cagwait (Surigao Del Sur),Ms,TECTONIC
421,2025-06-22 17:15:14+00:00,9.49,122.39,31,2.2,015 km S 37° W of Hinoba-an (Negros Occidental),Ms,TECTONIC
422,2025-06-22 17:08:09+00:00,8.26,124.1,3,2.9,008 km N 10° E of Kauswagan (Lanao Del Norte),Ms,TECTONIC
423,2025-06-22 17:03:37+00:00,12.81,124.47,34,1.5,019 km N 40° E of Biri (Northern Samar),Ms,TECTONIC
424,2025-06-22 16:46:55+00:00,11.44,124.93,127,2.4,001 km S 37° W of Santa Rita (Samar),Ms,TECTONIC
425,2025-06-22 16:25:58+00:00,19.24,121.17,30,2.4,015 km N 16° W of Dalupiri Island (Calayan) (Cagayan),Ms,TECTONIC
426,2025-06-22 16:03:22+00:00,17.48,120.06,26,1.8,034 km S 69° W of Santa Catalina (Ilocos Sur),Ms,TECTONIC
427,2025-06-22 15:57:41+00:00,15.08,119.16,14,2.2,093 km S 72° W of Iba (Zambales),Ms,TECTONIC
428,2025-06-22 15:49:28+00:00,8.23,127.42,33,2.0,113 km N 79° E of Lingig (Surigao Del Sur),Ms,TECTONIC
429,2025-06-22 15:33:46+00:00,12.31,125.04,47,1.5,003 km S 12° E of Las Navas (Northern Samar),Ms,TECTONIC
430,2025-06-22 15:26:00+00:00,9.74,125.79,35,1.6,018 km N 32° E of Gigaquit (Surigao Del Norte),Ms,TECTONIC
431,2025-06-22 15:25:44+00:00,9.86,122.85,28,1.3,016 km N 32° W of Mabinay (Negros Oriental),Ms,TECTONIC
432,2025-06-22 15:15:23+00:00,10.85,125.36,28,2.1,029 km S 07° W of Balangiga (Eastern Samar),Ms,TECTONIC
433,2025-06-22 15:03:34+00:00,12.8,120.94,13,2.6,019 km S 73° E of Sablayan (Occidental Mindoro),Ms,TECTONIC
434,2025-06-22 14:58:26+00:00,17.87,121.21,25,2.0,015 km N 54° W of Conner (Apayao),Ms,TECTONIC
435,2025-06-22 14:58:09+00:00,9.02,126.7,11,2.2,046 km N 83° E of Bayabas (Surigao Del Sur),Ms,TECTONIC
436,2025-06-22 14:46:45+00:00,13.23,123.93,30,1.9,014 km N 32° E of Manito (Albay),Ms,TECTONIC
437,2025-06-22 14:34:20+00:00,11.26,125.57,20,2.5,004 km N 68° E of General Macarthur (Eastern Samar),Ms,TECTONIC
438,2025-06-22 14:23:07+00:00,11.84,124.12,9,2.1,009 km S 58° E of Pio V. Corpus (Masbate),Ms,TECTONIC
439,2025-06-22 13:31:45+00:00,5.54,126.28,29,2.6,082 km S 60° E of Jose Abad Santos (Davao Occidental),Ms,TECTONIC
440,2025-06-22 13:29:59+00:00,14.42,123.5,17,2.4,051 km N 31° E of Siruma (Camarines Sur),Ms,TECTONIC
441,2025-06-22 13:27:42+00:00,8.05,126.3,35,1.7,013 km N 83° W of Lingig (Surigao Del Sur),Ms,TECTONIC
442,2025-06-22 13:05:38+00:00,19.02,121.4,28,2.0,019 km N 09° E of Fuga Island (Aparri) (Cagayan),Ms,TECTONIC
443,2025-06-22 13:04:17+00:00,13.86,120.52,57,2.0,013 km N 77° W of Calatagan (Batangas),Ms,TECTONIC
444,2025-06-22 12:22:09+00:00,10.82,125.27,2,2.4,030 km N 74° E of Abuyog (Leyte),Ms,TECTONIC
445,2025-06-22 12:06:50+00:00,15.23,120.38,137,1.7,020 km S 84° W of Mabalacat City (Pampanga),Ms,TECTONIC
446,2025-06-22 11:28:58+00:00,7.97,122.48,32,1.6,008 km S 82° E of Gutalac (Zamboanga Del Norte),Ms,TECTONIC
447,2025-06-22 11:09:09+00:00,7.89,126.48,6,2.9,012 km N 78° E of Boston (Davao Oriental),Ms,TECTONIC
448,2025-06-22 10:56:26+00:00,19.65,121.34,58,2.2,046 km N 19° W of Calayan (Cagayan),Ms,TECTONIC
449,2025-06-22 10:48:57+00:00,13.89,120.53,80,1.5,012 km N 61° W of Calatagan (Batangas),Ms,TECTONIC
450,2025-06-22 10:37:53+00:00,8.51,126.59,29,1.8,032 km N 60° E of Hinatuan (Surigao Del Sur),Ms,TECTONIC
451,2025-06-22 10:33:32+00:00,13.53,120.55,2,1.8,016 km N 38° E of Paluan (Occidental Mindoro),Ms,TECTONIC
452,2025-06-22 08:39:34+00:00,9.16,127.04,2,3.6,086 km N 76° E of Bayabas (Surigao Del Sur),Ms,TECTONIC
453,2025-06-22 07:13:25+00:00,12.83,123.46,35,1.4,017 km S 62° W of Donsol (Sorsogon),Ms,TECTONIC
454,2025-06-22 07:01:32+00:00,8.97,126.45,31,1.9,017 km N 71° E of Cagwait (Surigao Del Sur),Ms,TECTONIC
455,2025-06-22 06:57:47+00:00,6.42,126.18,7,2.3,029 km S 26° E of Governor Generoso (Davao Oriental),Ms,TECTONIC
456,2025-06-22 06:37:13+00:00,16.48,120.6,23,1.8,015 km N 32° W of Itogon (Benguet),Ms,TECTONIC
457,2025-06-22 05:39:10+00:00,9.14,126.25,26,2.0,012 km N 50° E of City Of Tandag (Surigao Del Sur),Ms,TECTONIC
458,2025-06-22 03:35:33+00:00,7.77,126.89,21,2.8,043 km N 59° E of Baganga (Davao Oriental),Ms,TECTONIC
459,2025-06-22 01:50:48+00:00,7.81,124.64,2,2.0,005 km N 63° W of Amai Manabilang (Lanao Del Sur),Ms,TECTONIC
460,2025-06-22 00:21:24+00:00,19.71,121.56,31,2.5,043 km N 60° W of Babuyan Island (Calayan) (Cagayan),Ms,TECTONIC
461,2025-06-21 23:40:13+00:00,12.58,124.97,14,2.5,004 km N 78° W of Laoang (Northern Samar),Ms,TECTONIC
462,2025-06-21 23:08:58+00:00,8.03,126.28,35,1.6,015 km S 88° W of Lingig (Surigao Del Sur),Ms,TECTONIC
463,2025-06-21 22:38:56+00:00,8.3,123.23,19,1.7,014 km N 65° E of Siayan (Zamboanga Del Norte),Ms,TECTONIC
464,2025-06-21 20:30:32+00:00,13.73,120.62,94,1.6,012 km S 08° W of Calatagan (Batangas),Ms,TECTONIC
465,2025-06-21 20:19:28+00:00,8.07,126.39,23,1.5,004 km N 33° W of Lingig (Surigao Del Sur),Ms,TECTONIC
466,2025-06-21 20:11:33+00:00,8.82,126.82,33,1.7,058 km N 88° E of Marihatag (Surigao Del Sur),Ms,TECTONIC
467,2025-06-21 20:07:05+00:00,6.76,126.8,146,2.6,050 km S 50° E of Tarragona (Davao Oriental),Ms,TECTONIC
468,2025-06-21 19:51:57+00:00,5.57,126.57,33,2.7,109 km S 70° E of Jose Abad Santos (Davao Occidental),Ms,TECTONIC
469,2025-06-21 19:40:36+00:00,7.87,127.71,12,3.6,131 km N 76° E of Baganga (Davao Oriental),Ms,TECTONIC
470,2025-06-21 19:36:09+00:00,7.88,127.76,14,4.1,137 km N 76° E of Baganga (Davao Oriental),Ms,TECTONIC
471,2025-06-21 19:35:11+00:00,9.29,126.41,31,1.8,024 km N 85° E of Cortes (Surigao Del Sur),Ms,TECTONIC
472,2025-06-21 19:22:51+00:00,7.89,122.49,35,1.5,004 km S 69° W of Kalawit (Zamboanga Del Norte),Ms,TECTONIC
473,2025-06-21 19:18:43+00:00,11.27,122.4,9,2.8,015 km N 87° W of Tapaz (Capiz),Ms,TECTONIC
474,2025-06-21 18:03:06+00:00,8.75,126.64,27,1.9,038 km S 81° E of Marihatag (Surigao Del Sur),Ms,TECTONIC
475,2025-06-21 17:01:48+00:00,8.08,124.29,32,1.4,004 km N 60° E of Pantar (Lanao Del Norte),Ms,TECTONIC
476,2025-06-21 16:17:37+00:00,9.32,122.62,52,2.0,009 km S 10° W of Basay (Negros Oriental),Ms,TECTONIC
477,2025-06-21 16:08:45+00:00,7.95,126.69,17,1.4,031 km N 55° E of Cateel (Davao Oriental),Ms,TECTONIC
478,2025-06-21 15:25:28+00:00,18.86,120.83,28,2.5,033 km N 08° E of Pagudpud (Ilocos Norte),Ms,TECTONIC
479,2025-06-21 14:57:28+00:00,14.63,123.27,20,3.3,039 km N 64° E of Tinaga Island (Vinzons) (Camarines Norte),Ms,TECTONIC
480,2025-06-21 14:53:50+00:00,11.11,121.66,14,1.7,042 km S 77° W of Barbaza (Antique),Ms,TECTONIC
481,2025-06-21 14:48:30+00:00,9.61,125.94,19,2.2,003 km S 63° W of Socorro (Surigao Del Norte),Ms,TECTONIC
482,2025-06-21 14:36:02+00:00,17.8,120.73,31,1.7,009 km N 18° E of Lagayan (Abra),Ms,TECTONIC
483,2025-06-21 13:33:57+00:00,11.73,125.29,29,2.5,018 km S 82° W of San Julian (Eastern Samar),Ms,TECTONIC
484,2025-06-21 12:57:48+00:00,12.84,120.96,5,2.5,030 km N 05° E of Calintaan (Occidental Mindoro),Ms,TECTONIC
485,2025-06-21 12:20:58+00:00,12.7,120.87,7,4.2,018 km S 30° E of Sablayan (Occidental Mindoro),Ms,TECTONIC
486,2025-06-21 12:20:17+00:00,13.75,120.37,4,1.5,013 km N 75° E of Looc (Occidental Mindoro),Ms,TECTONIC
487,2025-06-21 12:17:14+00:00,12.31,124.8,57,2.1,006 km S 71° W of Silvino Lobos (Northern Samar),Ms,TECTONIC
488,2025-06-21 12:08:27+00:00,7.47,126.97,8,2.5,047 km S 76° E of Baganga (Davao Oriental),Ms,TECTONIC
489,2025-06-21 11:32:08+00:00,6.52,127.18,33,3.0,100 km S 54° E of Tarragona (Davao Oriental),Ms,TECTONIC
490,2025-06-21 10:33:23+00:00,12.59,123.46,7,2.2,011 km N 35° E of Aroroy (Masbate),Ms,TECTONIC
491,2025-06-21 09:38:42+00:00,4.8,128.42,55,3.2,331 km S 68° E of Jose Abad Santos (Davao Occidental),Ms,TECTONIC
492,2025-06-21 09:04:46+00:00,6.27,126.08,7,2.9,042 km S 02° E of Governor Generoso (Davao Oriental),Ms,TECTONIC
493,2025-06-21 08:07:16+00:00,7.28,126.63,113,2.6,009 km S 53° E of Caraga (Davao Oriental),Ms,TECTONIC
494,2025-06-21 07:44:32+00:00,6.1,127.11,33,2.7,128 km S 35° E of Tarragona (Davao Oriental),Ms,TECTONIC
495,2025-06-21 07:34:35+00:00,13.48,120.94,35,1.5,003 km S 35° W of Puerto Galera (Oriental Mindoro),Ms,TECTONIC
496,2025-06-21 07:11:48+00:00,5.97,126.58,12,2.8,094 km S 37° E of Governor Generoso (Davao Oriental),Ms,TECTONIC
497,2025-06-21 06:31:30+00:00,16.85,120.41,75,2.4,003 km N 24° E of Balaoan (La Union),Ms,TECTONIC
498,2025-06-21 05:21:13+00:00,9.26,125.98,37,2.1,001 km S 75° E of Madrid (Surigao Del Sur),Ms,TECTONIC
499,2025-06-21 05:02:14+00:00,17.87,120.7,3,3.6,006 km S 34° E of Nueva Era (Ilocos Norte),Ms,TECTONIC
500,2025-06-21 04:46:00+00:00,19.14,121.23,20,3.3,004 km N 30° E of Dalupiri Island (Calayan) (Cagayan),Ms,TECTONIC
501,2025-06-21 04:21:46+00:00,7.86,126.36,15,2.3,003 km S 56° W of Boston (Davao Oriental),Ms,TECTONIC
502,2025-06-21 03:42:27+00:00,14.1,120.46,115,1.9,019 km N 80° W of Nasugbu (Batangas),Ms,TECTONIC
503,2025-06-21 02:02:01+00:00,8.07,126.76,37,1.4,039 km N 85° E of Lingig (Surigao Del Sur),Ms,TECTONIC
504,2025-06-21 01:26:20+00:00,10.14,122.31,34,2.0,039 km N 63° W of Cauayan (Negros Occidental),Ms,TECTONIC
505,2025-06-21 00:28:19+00:00,13.61,120.67,84,1.5,019 km N 19° W of Abra De Ilog (Occidental Mindoro),Ms,TECTONIC
506,2025-06-21 00:10:53+00:00,7.9,124.8,32,1.7,008 km N 18° W of Pangantucan (Bukidnon),Ms,TECTONIC
507,2025-06-20 23:10:23+00:00,5.81,126.58,24,3.7,104 km S 83° E of Jose Abad Santos (Davao Occidental),Ms,TECTONIC
508,2025-06-20 23:01:44+00:00,14.86,120.02,40,3.3,012 km S 37° W of San Antonio (Zambales),Ms,TECTONIC
509,2025-06-20 23:01:05+00:00,5.97,126.42,11,3.4,084 km S 73° E of Don Marcelino (Davao Occidental),Ms,TECTONIC
510,2025-06-20 22:56:58+00:00,16.6,120.92,31,1.7,009 km S 72° E of Kabayan (Benguet),Ms,TECTONIC
511,2025-06-20 22:55:19+00:00,12.07,125.48,33,2.3,004 km N 11° W of Dolores (Eastern Samar),Ms,TECTONIC
512,2025-06-20 22:46:07+00:00,15.67,119.85,15,3.0,010 km N 63° W of Candelaria (Zambales),Ms,TECTONIC
513,2025-06-20 21:32:36+00:00,18.08,121.36,35,1.5,016 km S 21° W of Flora (Apayao),Ms,TECTONIC
514,2025-06-20 21:21:28+00:00,7.87,124.69,35,2.2,010 km N 03° E of Amai Manabilang (Lanao Del Sur),Ms,TECTONIC
515,2025-06-20 21:00:21+00:00,6.6,126.77,187,3.8,061 km S 35° E of Tarragona (Davao Oriental),Ms,TECTONIC
516,2025-06-20 20:24:40+00:00,13.65,120.5,102,3.2,025 km S 36° W of Calatagan (Batangas),Ms,TECTONIC
517,2025-06-20 20:15:51+00:00,7.94,126.73,30,2.2,035 km N 61° E of Cateel (Davao Oriental),Ms,TECTONIC
518,2025-06-20 19:58:35+00:00,17.28,120.36,10,2.2,009 km S 81° W of Santiago (Ilocos Sur),Ms,TECTONIC
519,2025-06-20 19:56:46+00:00,6.83,125.61,19,2.1,022 km S 88° E of Santa Cruz (Davao Del Sur),Ms,TECTONIC
520,2025-06-20 19:52:18+00:00,11.95,121.5,3,2.5,006 km N 67° W of Caluya (Antique),Ms,TECTONIC
521,2025-06-20 19:34:47+00:00,18.93,121.21,12,1.7,019 km South of Dalupiri Island (Calayan) (Cagayan),Ms,TECTONIC
522,2025-06-20 19:21:18+00:00,18.9,121.24,13,2.6,015 km N 68° W of Fuga Island (Aparri) (Cagayan),Ms,TECTONIC
523,2025-06-20 19:20:00+00:00,18.42,120.92,8,2.0,005 km S 22° E of Adams (Ilocos Norte),Ms,TECTONIC
524,2025-06-20 19:17:48+00:00,16.42,122.24,25,2.7,004 km N 40° E of Dilasag (Aurora),Ms,TECTONIC
525,2025-06-20 19:08:10+00:00,16.54,120.97,28,2.0,007 km N 79° W of Ambaguio (Nueva Vizcaya),Ms,TECTONIC
526,2025-06-20 18:37:23+00:00,11.81,125.03,27,1.5,004 km N 15° E of Paranas (Samar),Ms,TECTONIC
527,2025-06-20 18:31:08+00:00,13.66,120.63,106,1.8,018 km S 02° W of Calatagan (Batangas),Ms,TECTONIC
528,2025-06-20 18:21:44+00:00,5.49,126.67,100,3.9,123 km S 67° E of Jose Abad Santos (Davao Occidental),Ms,TECTONIC
529,2025-06-20 18:14:43+00:00,11.79,125.05,34,1.6,003 km N 60° E of Paranas (Samar),Ms,TECTONIC
530,2025-06-20 17:39:01+00:00,12.93,122.71,6,2.3,037 km S 53° W of San Pascual (Masbate),Ms,TECTONIC
531,2025-06-20 17:38:59+00:00,15.93,121.97,3,1.8,024 km S 03° E of Dinalungan (Aurora),Ms,TECTONIC
532,2025-06-20 17:15:28+00:00,9.68,126.04,2,2.0,009 km S 13° W of Dapa (Surigao Del Norte),Ms,TECTONIC
533,2025-06-20 16:57:56+00:00,17.95,122.28,16,1.3,044 km N 81° E of Baggao (Cagayan),Ms,TECTONIC
534,2025-06-20 16:55:33+00:00,18.38,120.77,8,2.4,016 km S 14° W of Dumalneg (Ilocos Norte),Ms,TECTONIC
535,2025-06-20 16:51:57+00:00,11.16,124.46,9,1.9,002 km N 62° W of Matag-ob (Leyte),Ms,TECTONIC
536,2025-06-20 16:45:20+00:00,8.08,126.31,35,1.2,013 km N 68° W of Lingig (Surigao Del Sur),Ms,TECTONIC
537,2025-06-20 16:44:15+00:00,8.73,126.7,30,1.5,045 km S 80° E of Marihatag (Surigao Del Sur),Ms,TECTONIC
538,2025-06-20 16:36:26+00:00,14.09,120.48,112,1.3,013 km S 58° W of Lian (Batangas),Ms,TECTONIC
539,2025-06-20 16:36:16+00:00,16.03,120.8,33,1.6,001 km S 28° E of Natividad (Pangasinan),Ms,TECTONIC
540,2025-06-20 16:35:42+00:00,15.64,121.58,19,1.5,011 km S 37° E of San Luis (Aurora),Ms,TECTONIC
541,2025-06-20 16:35:11+00:00,2.16,126.35,77,3.7,374 km S 16° E of Balut Island (Municipality Of Sarangani) (Davao Occidental),Ms,TECTONIC
542,2025-06-20 16:02:53+00:00,8.26,126.57,31,2.8,028 km N 79° E of City Of Bislig (Surigao Del Sur),Ms,TECTONIC
543,2025-06-20 14:25:22+00:00,12.19,124.31,18,2.3,022 km S 05° W of San Isidro (Northern Samar),Ms,TECTONIC
544,2025-06-20 13:41:51+00:00,8.4,125.46,7,1.7,012 km S 25° W of Rosario (Agusan Del Sur),Ms,TECTONIC
545,2025-06-20 13:34:17+00:00,9.49,122.63,15,2.0,009 km N 10° W of Basay (Negros Oriental),Ms,TECTONIC
546,2025-06-20 13:11:40+00:00,6.03,126.06,43,3.5,045 km S 65° E of Don Marcelino (Davao Occidental),Ms,TECTONIC
547,2025-06-20 12:48:42+00:00,18.43,122.8,29,2.0,069 km S 87° E of Santa Ana (Cagayan),Ms,TECTONIC
548,2025-06-20 12:25:21+00:00,19.19,121.4,5,1.9,011 km S 43° W of Calayan (Cagayan),Ms,TECTONIC
549,2025-06-20 12:14:47+00:00,13.53,120.95,32,1.3,003 km N 13° W of Puerto Galera (Oriental Mindoro),Ms,TECTONIC
550,2025-06-20 11:59:49+00:00,9.02,123.84,7,2.8,026 km S 62° E of Lazi (Siquijor),Ms,TECTONIC
551,2025-06-20 11:13:08+00:00,11.27,124.59,6,2.8,006 km S 66° W of Capoocan (Leyte),Ms,TECTONIC
552,2025-06-20 11:04:54+00:00,12.35,125.06,26,1.9,003 km N 69° E of Las Navas (Northern Samar),Ms,TECTONIC
553,2025-06-20 10:44:43+00:00,16.98,121.59,26,1.5,006 km S 73° W of Aurora (Isabela),Ms,TECTONIC
554,2025-06-20 10:25:35+00:00,7.81,126.75,30,2.2,033 km N 39° E of Baganga (Davao Oriental),Ms,TECTONIC
555,2025-06-20 10:21:25+00:00,8.1,127.04,21,2.2,070 km N 84° E of Lingig (Surigao Del Sur),Ms,TECTONIC
556,2025-06-20 09:16:33+00:00,13.51,120.75,31,1.5,008 km N 18° E of Abra De Ilog (Occidental Mindoro),Ms,TECTONIC
557,2025-06-20 09:13:20+00:00,9.01,123.74,28,1.9,018 km S 43° E of Lazi (Siquijor),Ms,TECTONIC
558,2025-06-20 08:47:30+00:00,10.39,126.06,21,2.1,041 km N 02° W of Burgos (Surigao Del Norte),Ms,TECTONIC
559,2025-06-20 08:31:05+00:00,8.76,126.19,11,1.9,003 km N 66° W of San Agustin (Surigao Del Sur),Ms,TECTONIC
560,2025-06-20 08:08:47+00:00,9.04,123.86,7,3.6,026 km S 67° E of Lazi (Siquijor),Ms,TECTONIC
561,2025-06-20 07:51:12+00:00,5.55,125.49,82,2.0,009 km N 01° W of Sarangani Island (Municipality Of Sarangani) (Davao Occidental),Ms,TECTONIC
562,2025-06-20 07:40:38+00:00,10.79,122.97,32,2.0,001 km S 15° W of City Of Silay (Negros Occidental),Ms,TECTONIC
563,2025-06-20 06:36:52+00:00,5.94,126.09,107,2.5,049 km N 87° E of Jose Abad Santos (Davao Occidental),Ms,TECTONIC
564,2025-06-20 06:03:40+00:00,15.22,122.96,25,2.6,082 km N 01° E of Tinaga Island (Vinzons) (Camarines Norte),Ms,TECTONIC
565,2025-06-20 03:19:59+00:00,9.41,126.13,33,1.8,017 km N 23° W of Cortes (Surigao Del Sur),Ms,TECTONIC
566,2025-06-20 03:04:26+00:00,5.46,125.51,195,2.4,005 km S 72° E of Sarangani Island (Municipality Of Sarangani) (Davao Occidental),Ms,TECTONIC
567,2025-06-20 02:01:03+00:00,7.31,123.6,30,2.1,027 km S 52° E of Tabina (Zamboanga Del Sur),Ms,TECTONIC
568,2025-06-20 01:43:00+00:00,9.57,124.73,21,2.1,026 km S 41° E of Anda (Bohol),unspecified,unspecified
569,2025-06-20 01:03:00+00:00,7.7,126.66,50,3.9,018 km N 38° E of Baganga (Davao Oriental),unspecified,unspecified
570,2025-06-20 00:36:59+00:00,5.41,126.29,46,2.9,091 km S 85° E of Sarangani Island (Municipality Of Sarangani) (Davao Occidental),Ms,TECTONIC
571,2025-06-20 00:07:27+00:00,8.54,126.54,18,2.2,029 km N 48° E of Hinatuan (Surigao Del Sur),Ms,TECTONIC
572,2025-06-19 22:44:51+00:00,17.56,122.61,3,3.4,042 km N 51° E of Divilacan (Isabela),Ms,TECTONIC
573,2025-06-19 21:33:47+00:00,8.31,123.27,24,1.7,019 km N 68° E of Siayan (Zamboanga Del Norte),Ms,TECTONIC
574,2025-06-19 21:28:42+00:00,4.99,125.18,33,3.3,054 km S 30° W of Balut Island (Municipality Of Sarangani) (Davao Occidental),Ms,TECTONIC
575,2025-06-19 21:24:01+00:00,8.34,123.21,9,3.1,015 km N 48° E of Siayan (Zamboanga Del Norte),Ms,TECTONIC
576,2025-06-19 21:02:15+00:00,17.17,122.43,3,2.2,012 km N 01° W of Palanan (Isabela),Ms,TECTONIC
577,2025-06-19 20:37:49+00:00,7.16,125.35,10,2.2,025 km N 75° E of Magpet (Cotabato),Ms,TECTONIC
578,2025-06-19 20:18:38+00:00,21.74,119.95,32,4.7,223 km N 62° W of Itbayat (Batanes),Mw,TECTONIC
579,2025-06-19 20:10:31+00:00,6.09,126.1,127,2.3,046 km S 75° E of Don Marcelino (Davao Occidental),Ms,TECTONIC
580,2025-06-19 20:06:05+00:00,13.72,120.59,70,1.7,013 km S 20° W of Calatagan (Batangas),Ms,TECTONIC
581,2025-06-19 19:50:47+00:00,8.06,126.27,33,1.4,016 km N 80° W of Lingig (Surigao Del Sur),Ms,TECTONIC
582,2025-06-19 19:41:30+00:00,7.66,123.57,22,1.7,012 km N 86° E of San Pablo (Zamboanga Del Sur),Ms,TECTONIC
583,2025-06-19 19:37:13+00:00,9.41,125.89,113,2.8,008 km N 56° W of Carrascal (Surigao Del Sur),Ms,TECTONIC
584,2025-06-19 19:31:42+00:00,6.9,124.32,32,1.6,003 km S 02° E of Datu Anggal Midtimbang (Maguindanao Del Sur),Ms,TECTONIC
585,2025-06-19 19:29:06+00:00,16.98,119.99,11,1.9,044 km N 71° W of Luna (La Union),Ms,TECTONIC
586,2025-06-19 19:15:37+00:00,18.11,120.67,14,2.4,003 km N 71° W of Dingras (Ilocos Norte),Ms,TECTONIC
587,2025-06-19 18:46:37+00:00,9.31,126.41,25,1.9,024 km N 82° E of Cortes (Surigao Del Sur),Ms,TECTONIC
588,2025-06-19 18:33:58+00:00,18.72,120.68,22,1.6,021 km N 31° W of Pagudpud (Ilocos Norte),Ms,TECTONIC
589,2025-06-19 17:52:35+00:00,8.82,126.34,27,1.9,005 km N 67° E of Marihatag (Surigao Del Sur),Ms,TECTONIC
590,2025-06-19 17:34:08+00:00,8.42,126.33,132,2.5,006 km N 06° W of Hinatuan (Surigao Del Sur),Ms,TECTONIC
591,2025-06-19 17:31:43+00:00,7.69,124.86,6,2.1,012 km N 27° W of Kadingilan (Bukidnon),Ms,TECTONIC
592,2025-06-19 17:25:06+00:00,13.58,121.15,2,1.8,010 km N 61° E of Verde Island (Batangas City) (Batangas),Ms,TECTONIC
593,2025-06-19 17:19:22+00:00,17.4,119.6,33,1.8,084 km S 76° W of Santa Catalina (Ilocos Sur),Ms,TECTONIC
594,2025-06-19 16:13:41+00:00,6.37,126.58,37,3.4,064 km S 61° E of Governor Generoso (Davao Oriental),Ms,TECTONIC
595,2025-06-19 16:05:50+00:00,6.37,125.33,25,2.4,006 km S 87° E of Malungon (Sarangani),Ms,TECTONIC
596,2025-06-19 15:56:06+00:00,10.66,122.57,27,2.0,004 km S 12° W of City Of Iloilo (Iloilo),Ms,TECTONIC
597,2025-06-19 15:50:39+00:00,13.69,120.68,114,1.9,016 km S 19° E of Calatagan (Batangas),Ms,TECTONIC
598,2025-06-19 15:23:08+00:00,18.71,120.89,11,2.5,020 km N 34° W of Santa Praxedes (Cagayan),Ms,TECTONIC
599,2025-06-19 15:22:31+00:00,8.93,126.32,42,2.1,003 km N 59° E of Cagwait (Surigao Del Sur),Ms,TECTONIC
600,2025-06-19 15:10:53+00:00,10.71,126.07,22,1.8,038 km S 85° E of Homonhon Island (Guiuan) (Eastern Samar),Ms,TECTONIC
601,2025-06-19 15:00:35+00:00,9.27,126.81,10,3.4,066 km N 60° E of Bayabas (Surigao Del Sur),Ms,TECTONIC
602,2025-06-19 14:58:15+00:00,10.97,126.28,8,3.8,061 km S 84° E of Guiuan (Eastern Samar),Ms,TECTONIC
603,2025-06-19 14:49:17+00:00,7.56,124.6,35,1.6,012 km N 62° W of Banisilan (Cotabato),Ms,TECTONIC
604,2025-06-19 14:27:00+00:00,14.6,125.3,39,3.0,131 km N 56° E of Bagamanoc (Catanduanes),Ms,TECTONIC
605,2025-06-19 14:09:45+00:00,12.57,123.69,2,3.0,004 km S 83° W of San Jacinto (Masbate),Ms,TECTONIC
606,2025-06-19 14:06:29+00:00,9.73,126.17,22,1.7,006 km S 14° E of General Luna (Surigao Del Norte),Ms,TECTONIC
607,2025-06-19 13:43:29+00:00,13.62,120.54,34,1.4,025 km N 20° E of Paluan (Occidental Mindoro),Ms,TECTONIC
608,2025-06-19 13:13:07+00:00,11.17,126.43,3,3.1,078 km N 79° E of Guiuan (Eastern Samar),Ms,TECTONIC
609,2025-06-19 12:34:17+00:00,12.32,121.78,27,1.9,017 km S 83° W of Ferrol (Romblon),Ms,TECTONIC
610,2025-06-19 12:04:21+00:00,14.05,120.46,117,2.7,019 km S 81° W of Nasugbu (Batangas),Ms,TECTONIC
611,2025-06-19 10:20:12+00:00,9.32,126.05,22,3.2,008 km S 74° E of Cantilan (Surigao Del Sur),Ms,TECTONIC
612,2025-06-19 10:14:01+00:00,9.63,126.02,33,1.5,007 km N 82° E of Socorro (Surigao Del Norte),Ms,TECTONIC
613,2025-06-19 09:48:37+00:00,9.88,125.57,31,1.6,009 km S 25° W of Dinagat (Dinagat Islands),Ms,TECTONIC
614,2025-06-19 09:18:15+00:00,15.29,120.43,16,3.6,015 km West of Bamban (Tarlac),ML,VOLCANO-TECTONIC
615,2025-06-19 08:16:47+00:00,8.74,126.27,26,3.8,007 km S 27° W of Marihatag (Surigao Del Sur),Ms,TECTONIC
616,2025-06-19 07:54:23+00:00,5.08,127.57,11,3.0,237 km S 79° E of Sarangani Island (Municipality Of Sarangani) (Davao Occidental),Ms,TECTONIC
617,2025-06-19 07:49:38+00:00,8.64,127.54,31,3.0,136 km N 77° E of Hinatuan (Surigao Del Sur),Ms,TECTONIC
618,2025-06-19 06:14:25+00:00,18.07,121.79,17,2.2,015 km N 84° E of Gattaran (Cagayan),Ms,TECTONIC
619,2025-06-19 06:02:38+00:00,9.34,122.55,24,2.4,013 km S 50° W of Basay (Negros Oriental),Ms,TECTONIC
620,2025-06-19 05:26:55+00:00,11.17,124.44,5,2.0,004 km N 57° W of Matag-ob (Leyte),Ms,TECTONIC
621,2025-06-19 05:08:47+00:00,9.31,126.36,19,1.5,019 km N 77° E of Cortes (Surigao Del Sur),Ms,TECTONIC
622,2025-06-19 04:15:44+00:00,13.61,120.66,25,1.9,019 km N 21° W of Abra De Ilog (Occidental Mindoro),Ms,TECTONIC
623,2025-06-19 03:45:38+00:00,8.39,125.77,30,1.9,007 km S 09° W of Talacogon (Agusan Del Sur),Ms,TECTONIC
624,2025-06-19 03:18:59+00:00,8.3,125.83,12,2.2,004 km N 54° E of La Paz (Agusan Del Sur),Ms,TECTONIC
625,2025-06-19 03:08:51+00:00,13.53,120.83,34,1.2,013 km N 78° W of Puerto Galera (Oriental Mindoro),Ms,TECTONIC
626,2025-06-19 02:40:02+00:00,9.22,125.66,33,2.0,013 km S 65° E of Santiago (Agusan Del Norte),Ms,TECTONIC
627,2025-06-19 00:52:34+00:00,6.53,125.32,18,2.6,008 km S 20° W of Sulop (Davao Del Sur),Ms,TECTONIC
628,2025-06-19 00:42:39+00:00,6.51,125.28,6,2.5,012 km S 15° E of Kiblawan (Davao Del Sur),Ms,TECTONIC
629,2025-06-19 00:31:13+00:00,9.39,126.18,20,2.4,013 km N 07° W of Cortes (Surigao Del Sur),Ms,TECTONIC
630,2025-06-18 23:10:54+00:00,12.57,125.76,22,3.9,051 km N 33° E of San Policarpo (Eastern Samar),Ms,TECTONIC
631,2025-06-18 23:02:34+00:00,18.66,121.03,10,1.9,008 km N 47° W of Claveria (Cagayan),Ms,TECTONIC
632,2025-06-18 22:39:57+00:00,8.06,126.26,33,1.8,017 km N 82° W of Lingig (Surigao Del Sur),Ms,TECTONIC
633,2025-06-18 21:16:54+00:00,7.8,126.96,10,1.9,051 km N 60° E of Baganga (Davao Oriental),Ms,TECTONIC
634,2025-06-18 21:15:28+00:00,12.44,121.99,2,3.3,004 km N 15° E of Odiongan (Romblon),Ms,TECTONIC
635,2025-06-18 21:01:37+00:00,6.75,125.09,9,2.0,007 km S 88° W of Magsaysay (Davao Del Sur),Ms,TECTONIC
636,2025-06-18 20:51:35+00:00,18.75,120.94,4,3.8,022 km N 44° W of Claveria (Cagayan),Ms,TECTONIC
637,2025-06-18 19:46:36+00:00,19.22,121.28,32,2.2,015 km N 30° E of Dalupiri Island (Calayan) (Cagayan),Ms,TECTONIC
638,2025-06-18 19:35:04+00:00,7.66,126.68,48,2.1,016 km N 53° E of Baganga (Davao Oriental),Ms,TECTONIC
639,2025-06-18 19:04:42+00:00,13.7,120.58,107,2.0,015 km S 20° W of Calatagan (Batangas),Ms,TECTONIC
640,2025-06-18 18:51:10+00:00,19.13,121.12,51,1.6,010 km N 76° W of Dalupiri Island (Calayan) (Cagayan),Ms,TECTONIC
641,2025-06-18 18:49:56+00:00,12.56,123.64,2,2.2,010 km S 16° W of Monreal (Masbate),Ms,TECTONIC
642,2025-06-18 18:49:04+00:00,12.62,123.62,20,1.4,005 km S 58° W of Monreal (Masbate),Ms,TECTONIC
643,2025-06-18 18:30:55+00:00,17.37,120.77,23,2.0,006 km S 85° W of Boliney (Abra),Ms,TECTONIC
644,2025-06-18 18:19:20+00:00,11.55,124.61,20,1.8,004 km S 56° E of Caibiran (Biliran),Ms,TECTONIC
645,2025-06-18 18:08:50+00:00,11.04,125.92,80,2.0,022 km N 88° E of Guiuan (Eastern Samar),Ms,TECTONIC
646,2025-06-18 17:25:03+00:00,13.69,120.66,201,4.3,016 km S 10° E of Calatagan (Batangas),Ms,TECTONIC
647,2025-06-18 17:18:51+00:00,8.21,125.89,6,2.5,005 km N 48° E of Loreto (Agusan Del Sur),Ms,TECTONIC
648,2025-06-18 17:06:42+00:00,8.2,125.89,9,2.4,005 km N 55° E of Loreto (Agusan Del Sur),Ms,TECTONIC
649,2025-06-18 16:41:14+00:00,13.87,120.55,76,1.7,010 km N 67° W of Calatagan (Batangas),Ms,TECTONIC
650,2025-06-18 16:22:43+00:00,17.34,121.12,10,2.4,006 km S 74° W of Lubuagan (Kalinga),Ms,TECTONIC
651,2025-06-18 16:17:56+00:00,16.82,121.3,10,2.6,018 km S 08° W of Aguinaldo (Ifugao),Ms,TECTONIC
652,2025-06-18 15:49:40+00:00,18.78,120.81,11,4.4,024 km N 07° E of Pagudpud (Ilocos Norte),Ms,TECTONIC
653,2025-06-18 15:48:12+00:00,13.82,120.56,73,1.7,008 km S 78° W of Calatagan (Batangas),Ms,TECTONIC
654,2025-06-18 15:47:59+00:00,9.93,125.7,80,1.8,004 km N 76° E of Cagdianao (Dinagat Islands),Ms,TECTONIC
655,2025-06-18 15:27:56+00:00,19.06,121.15,6,2.4,008 km S 47° W of Dalupiri Island (Calayan) (Cagayan),Ms,TECTONIC
656,2025-06-18 15:09:26+00:00,18.4,121.03,23,2.2,015 km S 63° E of Adams (Ilocos Norte),Ms,TECTONIC
657,2025-06-18 14:29:05+00:00,11.13,126.22,19,2.5,055 km N 79° E of Guiuan (Eastern Samar),Ms,TECTONIC
658,2025-06-18 14:16:01+00:00,13.71,120.58,96,1.8,014 km S 21° W of Calatagan (Batangas),Ms,TECTONIC
659,2025-06-18 13:47:37+00:00,12.84,123.52,6,4.3,010 km S 59 W of Donsol (Sorsogon),Ms,TECTONIC
660,2025-06-18 13:44:26+00:00,8.03,126.25,8,2.4,018 km S 87° W of Lingig (Surigao Del Sur),Ms,TECTONIC
661,2025-06-18 13:26:33+00:00,9.94,122.27,30,2.9,026 km N 44° W of City Of Sipalay (Negros Occidental),Ms,TECTONIC
662,2025-06-18 13:14:01+00:00,17.64,120.54,12,2.0,007 km N 19° W of Langiden (Abra),Ms,TECTONIC
663,2025-06-18 13:04:44+00:00,16.32,120.41,2,2.4,003 km S 12° W of Tubao (La Union),Ms,TECTONIC
664,2025-06-18 12:32:25+00:00,8.41,124.48,9,3.2,016 km S 40° W of Opol (Misamis Oriental),Ms,TECTONIC
665,2025-06-18 12:01:50+00:00,10.32,125.22,2,3.1,005 km S 47° W of Hinundayan (Southern Leyte),Ms,TECTONIC
666,2025-06-18 11:37:43+00:00,17.64,120.26,29,2.2,013 km N 64° W of Santa Catalina (Ilocos Sur),Ms,TECTONIC
667,2025-06-18 10:22:17+00:00,10.91,122.15,11,2.5,010 km S 13° E of Valderrama (Antique),Ms,TECTONIC
668,2025-06-18 08:03:53+00:00,12.0,121.85,10,3.9,013 km N 33° W of Malay (Aklan),Ms,TECTONIC
669,2025-06-18 06:52:57+00:00,8.33,125.91,4,2.7,012 km S 59° W of Rosario (Agusan Del Sur),Ms,TECTONIC
670,2025-06-18 06:44:39+00:00,8.32,125.9,4,2.5,012 km N 66° E of La Paz (Agusan Del Sur),Ms,TECTONIC
671,2025-06-18 05:18:20+00:00,6.73,126.8,197,3.2,053 km S 48° E of Tarragona (Davao Oriental),Ms,TECTONIC
672,2025-06-18 05:13:00+00:00,8.33,125.91,2,2.9,012 km N 65° E of La Paz (Agusan Del Sur),Ms,TECTONIC
673,2025-06-18 04:59:54+00:00,13.48,120.81,32,2.0,010 km N 67° E of Abra De Ilog (Occidental Mindoro),Ms,TECTONIC
674,2025-06-18 04:45:53+00:00,15.91,121.92,16,2.1,025 km S 10° W of Dinalungan (Aurora),Ms,TECTONIC
675,2025-06-18 04:40:04+00:00,11.69,125.58,13,2.3,015 km S 64° E of San Julian (Eastern Samar),Ms,TECTONIC
676,2025-06-18 04:31:42+00:00,3.59,126.68,77,4.2,246 km S 35° E of Balut Island (Municipality Of Sarangani) (Davao Occidental),Ms,TECTONIC
677,2025-06-18 04:18:38+00:00,3.64,126.76,113,4.2,246 km S 37° E of Balut Island (Municipality Of Sarangani) (Davao Occidental),Ms,TECTONIC
678,2025-06-18 04:15:59+00:00,13.51,120.76,9,2.5,008 km N 27° E of Abra De Ilog (Occidental Mindoro),Ms,TECTONIC
679,2025-06-18 02:41:21+00:00,9.18,126.15,34,2.2,011 km N 09° W of City Of Tandag (Surigao Del Sur),Ms,TECTONIC
680,2025-06-18 01:51:20+00:00,8.44,125.71,34,1.7,008 km S 21° W of San Luis (Agusan Del Sur),Ms,TECTONIC
681,2025-06-18 01:45:39+00:00,11.04,122.06,30,2.2,001 km S 50° W of Bugasong (Antique),Ms,TECTONIC
682,2025-06-18 01:42:22+00:00,13.49,120.77,10,2.6,007 km N 40° E of Abra De Ilog (Occidental Mindoro),Ms,TECTONIC
683,2025-06-18 00:55:04+00:00,13.11,124.12,9,4.0,008 km S 04° W of Rapu-rapu (Albay),Ms,TECTONIC
684,2025-06-17 23:28:33+00:00,13.78,120.58,94,1.4,009 km S 43° W of Calatagan (Batangas),Ms,TECTONIC
685,2025-06-17 22:02:38+00:00,13.57,120.39,6,1.7,019 km N 25° W of Paluan (Occidental Mindoro),Ms,TECTONIC
686,2025-06-17 21:58:57+00:00,18.41,120.85,2,1.7,010 km S 28° W of Adams (Ilocos Norte),Ms,TECTONIC
687,2025-06-17 21:01:38+00:00,13.67,120.62,96,1.5,018 km S 05° W of Calatagan (Batangas),Ms,TECTONIC
688,2025-06-17 20:40:48+00:00,17.57,122.61,15,3.2,043 km N 52° E of Divilacan (Isabela),Ms,TECTONIC
689,2025-06-17 20:27:19+00:00,8.65,125.61,28,1.8,005 km S 57° W of Esperanza (Agusan Del Sur),Ms,TECTONIC
690,2025-06-17 19:49:03+00:00,5.74,125.72,50,4.4,021 km S 24° E of Jose Abad Santos (Davao Occidental),Mw,TECTONIC
691,2025-06-17 19:20:55+00:00,3.44,125.78,124,4.0,222 km S 10° E of Balut Island (Municipality Of Sarangani) (Davao Occidental),Ms,TECTONIC
692,2025-06-17 17:51:39+00:00,7.9,126.84,46,3.1,044 km N 74° E of Cateel (Davao Oriental),Ms,TECTONIC
693,2025-06-17 17:46:08+00:00,9.44,125.99,1,1.4,009 km N 27° E of Carrascal (Surigao Del Sur),Ms,TECTONIC
694,2025-06-17 17:45:07+00:00,17.04,121.55,28,1.5,008 km N 83° W of San Manuel (Isabela),Ms,TECTONIC
695,2025-06-17 17:25:13+00:00,9.92,126.1,31,1.5,002 km S 45° E of San Isidro (Surigao Del Norte),Ms,TECTONIC
696,2025-06-17 16:56:39+00:00,17.72,121.15,33,1.6,020 km S 65° W of Conner (Apayao),Ms,TECTONIC
697,2025-06-17 15:58:29+00:00,8.51,126.66,20,2.2,039 km N 66° E of Hinatuan (Surigao Del Sur),Ms,TECTONIC
698,2025-06-17 15:54:50+00:00,7.17,127.13,7,3.3,065 km S 74° E of Caraga (Davao Oriental),Ms,TECTONIC
699,2025-06-17 14:50:17+00:00,13.56,120.99,28,1.3,007 km N 27° E of Puerto Galera (Oriental Mindoro),Ms,TECTONIC
700,2025-06-17 14:49:39+00:00,17.8,120.7,5,2.1,009 km N 04° W of Lagayan (Abra),Ms,TECTONIC
701,2025-06-17 14:42:43+00:00,6.42,126.46,130,3.5,050 km S 59° E of Governor Generoso (Davao Oriental),Ms,TECTONIC
702,2025-06-17 14:10:25+00:00,9.56,125.95,8,2.6,006 km S 19° W of Socorro (Surigao Del Norte),Ms,TECTONIC
703,2025-06-17 14:01:42+00:00,8.0,126.92,25,2.0,057 km N 66° E of Cateel (Davao Oriental),Ms,TECTONIC
704,2025-06-17 13:52:55+00:00,11.96,126.24,14,4.4,083 km S 84° E of Dolores (Eastern Samar),Ms,TECTONIC
705,2025-06-17 13:44:29+00:00,9.53,125.9,6,3.2,012 km S 35° W of Socorro (Surigao Del Norte),Ms,TECTONIC
706,2025-06-17 13:24:05+00:00,19.77,121.75,16,2.3,034 km N 30° W of Babuyan Island (Calayan) (Cagayan),Ms,TECTONIC
707,2025-06-17 13:02:40+00:00,9.17,125.81,105,1.8,020 km S 60° W of Madrid (Surigao Del Sur),Ms,TECTONIC
708,2025-06-17 12:02:03+00:00,13.68,120.63,88,1.8,017 km South of Calatagan (Batangas),Ms,TECTONIC
709,2025-06-17 10:35:22+00:00,19.05,121.13,2,2.7,011 km S 48° W of Dalupiri Island (Calayan) (Cagayan),Ms,TECTONIC
710,2025-06-17 10:20:20+00:00,6.03,125.57,62,1.7,016 km N 33° W of Jose Abad Santos (Davao Occidental),Ms,TECTONIC
711,2025-06-17 10:12:37+00:00,13.28,120.76,41,1.6,018 km S 11° E of Abra De Ilog (Occidental Mindoro),Ms,TECTONIC
712,2025-06-17 09:56:16+00:00,7.75,126.6,28,2.2,016 km S 74° E of Cateel (Davao Oriental),Ms,TECTONIC
713,2025-06-17 08:56:08+00:00,15.49,119.85,24,2.5,009 km N 46° W of Palauig (Zambales),Ms,TECTONIC
714,2025-06-17 08:47:59+00:00,8.02,126.77,32,1.8,039 km S 87° E of Lingig (Surigao Del Sur),Ms,TECTONIC
715,2025-06-17 08:36:23+00:00,8.09,126.73,26,5.4,036 km N 81° E of Lingig (Surigao Del Sur),Mw,TECTONIC
716,2025-06-17 08:26:53+00:00,5.82,126.61,43,3.3,107 km S 84° E of Jose Abad Santos (Davao Occidental),Ms,TECTONIC
717,2025-06-17 06:35:30+00:00,6.29,124.54,24,1.4,020 km N 69° W of Lake Sebu (South Cotabato),Ms,TECTONIC
718,2025-06-17 06:25:34+00:00,2.17,126.35,28,5.1,372 km S 16° E of Balut Island (Municipality Of Sarangani) (Davao Occidental),Mw,TECTONIC
719,2025-06-17 06:11:12+00:00,13.6,120.61,103,1.4,021 km N 36° W of Abra De Ilog (Occidental Mindoro),Ms,TECTONIC
720,2025-06-17 05:37:19+00:00,6.8,123.56,28,2.2,059 km S 60° W of Datu Blah T. Sinsuat (Maguindanao Del Norte),Ms,TECTONIC
721,2025-06-17 04:16:46+00:00,18.05,120.67,6,1.9,001 km N 74° W of Marcos (Ilocos Norte),Ms,TECTONIC
722,2025-06-17 03:39:48+00:00,16.95,120.3,3,1.9,015 km N 63° W of Bangar (La Union),Ms,TECTONIC
723,2025-06-17 03:39:38+00:00,9.69,122.56,24,2.2,014 km N 48° E of Hinoba-an (Negros Occidental),Ms,TECTONIC
724,2025-06-17 01:19:31+00:00,9.01,126.53,23,2.2,027 km N 80° E of Bayabas (Surigao Del Sur),Ms,TECTONIC
725,2025-06-17 00:13:10+00:00,10.42,123.15,3,2.1,008 km N 63° W of City Of Canlaon (Negros Oriental),ML,VOLCANO-TECTONIC
726,2025-06-16 23:53:55+00:00,12.42,125.56,15,2.8,026 km N 50° E of Arteche (Eastern Samar),Ms,TECTONIC
727,2025-06-16 23:51:04+00:00,10.53,122.86,10,2.5,003 km S 67° E of City Of Bago (Negros Occidental),Ms,TECTONIC
728,2025-06-16 23:35:00+00:00,12.27,125.41,17,1.9,004 km S 84° E of Arteche (Eastern Samar),unspecified,unspecified
729,2025-06-16 23:30:09+00:00,12.16,125.1,32,2.0,015 km N 35° E of San Jose De Buan (Samar),Ms,TECTONIC
730,2025-06-16 22:18:08+00:00,9.93,125.84,111,2.6,016 km N 65° W of Del Carmen (Surigao Del Norte),Ms,TECTONIC
731,2025-06-16 21:27:58+00:00,10.42,123.17,6,2.0,006 km N 53° W of City Of Canlaon (Negros Oriental),ML,VOLCANO-TECTONIC
732,2025-06-16 21:23:52+00:00,19.13,121.21,7,2.2,002 km N 08° E of Dalupiri Island (Calayan) (Cagayan),Ms,TECTONIC
733,2025-06-16 20:42:35+00:00,11.97,125.45,11,2.7,003 km S 09° E of Can-avid (Eastern Samar),Ms,TECTONIC
734,2025-06-16 20:40:52+00:00,11.99,125.71,16,2.5,025 km S 78° E of Dolores (Eastern Samar),Ms,TECTONIC
735,2025-06-16 20:26:59+00:00,18.65,120.74,32,2.2,011 km N 27° W of Pagudpud (Ilocos Norte),Ms,TECTONIC
736,2025-06-16 19:52:11+00:00,5.68,125.43,35,2.0,023 km N 11° W of Sarangani Island (Municipality Of Sarangani) (Davao Occidental),Ms,TECTONIC
737,2025-06-16 19:15:55+00:00,9.3,126.08,14,1.8,008 km N 17° E of Lanuza (Surigao Del Sur),Ms,TECTONIC
738,2025-06-16 18:47:20+00:00,9.89,126.08,10,2.7,003 km N 41° W of Pilar (Surigao Del Norte),Ms,TECTONIC
739,2025-06-16 18:45:14+00:00,13.72,120.59,134,2.5,014 km S 22° W of Calatagan (Batangas),Ms,TECTONIC
740,2025-06-16 18:34:26+00:00,9.91,125.9,39,1.9,008 km N 61° W of Del Carmen (Surigao Del Norte),Ms,TECTONIC
741,2025-06-16 18:23:16+00:00,7.7,124.85,4,2.1,012 km S 68° E of Kalilangan (Bukidnon),Ms,TECTONIC
742,2025-06-16 17:45:22+00:00,18.54,120.8,12,4.0,002 km N 13° W of Dumalneg (Ilocos Norte),Ms,TECTONIC
743,2025-06-16 16:39:01+00:00,6.12,127.08,67,3.6,125 km S 34° E of Tarragona (Davao Oriental),Ms,TECTONIC
744,2025-06-16 15:51:54+00:00,8.49,126.31,32,1.9,014 km N 14° W of Hinatuan (Surigao Del Sur),Ms,TECTONIC
745,2025-06-16 15:29:08+00:00,6.13,124.86,362,3.7,010 km S 23° E of T'boli (South Cotabato),Ms,TECTONIC
746,2025-06-16 15:19:39+00:00,13.53,120.66,104,3.2,012 km N 40° W of Abra De Ilog (Occidental Mindoro),Ms,TECTONIC
747,2025-06-16 15:10:10+00:00,9.41,127.09,11,2.3,099 km N 81° E of Cortes (Surigao Del Sur),Ms,TECTONIC
748,2025-06-16 14:59:03+00:00,10.0,125.25,21,1.9,007 km North of Pintuyan (Southern Leyte),Ms,TECTONIC
749,2025-06-16 13:26:25+00:00,9.91,123.01,3,2.6,016 km N 68° W of Ayungon (Negros Oriental),Ms,TECTONIC
750,2025-06-16 13:24:41+00:00,7.35,124.85,3,2.0,017 km S 31° W of Damulog (Bukidnon),Ms,TECTONIC
751,2025-06-16 13:23:06+00:00,8.62,124.44,4,2.0,005 km N 53° E of Gitagum (Misamis Oriental),Ms,TECTONIC
752,2025-06-16 12:28:21+00:00,9.62,126.77,5,2.3,069 km S 74° E of General Luna (Surigao Del Norte),Ms,TECTONIC
753,2025-06-16 11:56:11+00:00,9.69,126.36,33,2.2,024 km S 64° E of General Luna (Surigao Del Norte),Ms,TECTONIC
754,2025-06-16 11:54:21+00:00,9.88,126.12,27,2.3,003 km N 51° E of Pilar (Surigao Del Norte),Ms,TECTONIC
755,2025-06-16 11:42:40+00:00,10.83,125.49,22,2.1,028 km N 70° W of Homonhon Island (Guiuan) (Eastern Samar),Ms,TECTONIC
756,2025-06-16 10:48:51+00:00,9.17,126.07,24,2.2,008 km S 25° E of Lanuza (Surigao Del Sur),Ms,TECTONIC
757,2025-06-16 10:30:59+00:00,21.53,119.83,13,3.8,225 km N 69° W of Itbayat (Batanes),Ms,TECTONIC
758,2025-06-16 10:01:44+00:00,9.3,126.01,17,2.5,005 km S 40° E of Cantilan (Surigao Del Sur),Ms,TECTONIC
759,2025-06-16 08:35:10+00:00,5.58,126.83,16,2.3,137 km S 74° E of Jose Abad Santos (Davao Occidental),Ms,TECTONIC
760,2025-06-16 07:06:27+00:00,13.65,120.57,92,1.8,021 km S 17° W of Calatagan (Batangas),Ms,TECTONIC
761,2025-06-16 05:11:47+00:00,9.94,122.62,19,2.5,012 km N 14° W of Candoni (Negros Occidental),Ms,TECTONIC
762,2025-06-16 02:21:46+00:00,15.59,119.91,30,1.7,005 km S 23° W of Candelaria (Zambales),Ms,TECTONIC
763,2025-06-16 00:32:51+00:00,7.82,127.04,10,2.2,059 km N 62° E of Baganga (Davao Oriental),Ms,TECTONIC
764,2025-06-16 00:20:30+00:00,9.36,125.68,16,1.9,017 km S 45° E of Alegria (Surigao Del Norte),Ms,TECTONIC
765,2025-06-15 22:04:09+00:00,10.12,125.21,10,2.4,009 km N 42° E of San Francisco (Southern Leyte),Ms,TECTONIC
766,2025-06-15 21:50:09+00:00,12.39,120.77,35,1.4,022 km S 69° W of Rizal (Occidental Mindoro),Ms,TECTONIC
767,2025-06-15 21:19:08+00:00,13.35,120.53,15,1.8,010 km S 45° E of Paluan (Occidental Mindoro),Ms,TECTONIC
768,2025-06-15 20:35:30+00:00,13.51,120.84,35,1.5,012 km N 87° W of Puerto Galera (Oriental Mindoro),Ms,TECTONIC
769,2025-06-15 19:29:37+00:00,14.73,121.42,37,1.6,022 km S 82° W of General Nakar (Quezon),Ms,TECTONIC
770,2025-06-15 19:03:55+00:00,9.06,126.57,2,2.4,033 km N 71° E of Bayabas (Surigao Del Sur),Ms,TECTONIC
771,2025-06-15 18:22:21+00:00,17.8,120.76,22,2.0,010 km N 31° E of Lagayan (Abra),Ms,TECTONIC
772,2025-06-15 17:58:04+00:00,17.82,120.72,27,1.7,011 km N 07° E of Lagayan (Abra),Ms,TECTONIC
773,2025-06-15 17:51:32+00:00,8.76,122.94,27,1.6,035 km S 17° W of Siaton (Negros Oriental),Ms,TECTONIC
774,2025-06-15 17:23:57+00:00,14.94,121.46,35,1.6,026 km N 41° W of General Nakar (Quezon),Ms,TECTONIC
775,2025-06-15 17:13:37+00:00,14.94,121.46,33,1.5,027 km N 41° W of General Nakar (Quezon),Ms,TECTONIC
776,2025-06-15 16:55:40+00:00,17.83,120.72,25,1.7,012 km N 10° E of Lagayan (Abra),Ms,TECTONIC
777,2025-06-15 16:48:18+00:00,17.8,120.81,11,2.1,009 km N 11° W of Tineg (Abra),Ms,TECTONIC
778,2025-06-15 16:36:57+00:00,18.16,120.87,67,1.8,005 km N 67° E of Carasi (Ilocos Norte),Ms,TECTONIC
779,2025-06-15 16:26:45+00:00,6.6,123.84,32,2.2,025 km S 80° W of Lebak (Sultan Kudarat),Ms,TECTONIC
780,2025-06-15 15:55:48+00:00,5.83,127.24,105,3.0,158 km S 55° E of Governor Generoso (Davao Oriental),Ms,TECTONIC
781,2025-06-15 15:48:48+00:00,7.72,126.93,9,2.6,044 km N 68° E of Baganga (Davao Oriental),Ms,TECTONIC
782,2025-06-15 14:53:39+00:00,8.92,122.96,7,3.1,018 km S 28° W of Siaton (Negros Oriental),Ms,TECTONIC
783,2025-06-15 13:12:49+00:00,10.8,123.12,3,3.0,012 km S 23° E of City Of Victorias (Negros Occidental),Ms,TECTONIC
784,2025-06-15 12:31:26+00:00,6.24,126.49,37,4.4,065 km S 45° E of Governor Generoso (Davao Oriental),Ms,TECTONIC
785,2025-06-15 12:22:06+00:00,16.35,119.61,31,2.5,031 km S 82° W of Bolinao (Pangasinan),Ms,TECTONIC
786,2025-06-15 11:48:24+00:00,6.82,123.79,11,2.6,037 km N 56° W of Lebak (Sultan Kudarat),Ms,TECTONIC
787,2025-06-15 11:43:33+00:00,13.73,120.43,34,1.5,019 km N 87° E of Looc (Occidental Mindoro),Ms,TECTONIC
788,2025-06-15 11:40:54+00:00,10.85,123.04,12,2.2,009 km N 54° E of City Of Silay (Negros Occidental),Ms,TECTONIC
789,2025-06-15 10:28:26+00:00,13.66,120.57,80,2.0,020 km S 20° W of Calatagan (Batangas),Ms,TECTONIC
790,2025-06-15 10:22:26+00:00,6.52,125.3,8,3.0,010 km S 29° W of Sulop (Davao Del Sur),Ms,TECTONIC
791,2025-06-15 10:15:40+00:00,9.02,126.03,20,2.0,009 km N 04° W of San Miguel (Surigao Del Sur),Ms,TECTONIC
792,2025-06-15 08:08:33+00:00,9.63,126.8,9,4.0,072 km S 76° E of General Luna (Surigao Del Norte),Ms,TECTONIC
793,2025-06-15 08:04:11+00:00,13.47,121.49,9,2.7,026 km N 51° E of Naujan (Oriental Mindoro),Ms,TECTONIC
794,2025-06-15 07:55:22+00:00,13.02,120.89,7,2.0,020 km S 68° E of Santa Cruz (Occidental Mindoro),Ms,TECTONIC
795,2025-06-15 07:37:52+00:00,5.08,126.99,48,3.9,174 km S 75° E of Sarangani Island (Municipality Of Sarangani) (Davao Occidental),Ms,TECTONIC
796,2025-06-15 06:55:18+00:00,13.06,120.87,2,2.0,017 km S 80° E of Santa Cruz (Occidental Mindoro),Ms,TECTONIC
797,2025-06-15 06:49:48+00:00,13.05,120.9,2,2.6,020 km S 80° E of Santa Cruz (Occidental Mindoro),Ms,TECTONIC
798,2025-06-15 06:22:57+00:00,8.97,126.2,34,1.8,009 km N 87° W of Bayabas (Surigao Del Sur),Ms,TECTONIC
799,2025-06-15 05:56:28+00:00,8.15,126.79,10,2.6,044 km N 73° E of Lingig (Surigao Del Sur),Ms,TECTONIC
800,2025-06-15 04:05:19+00:00,13.53,120.85,33,1.6,012 km N 74° W of Puerto Galera (Oriental Mindoro),Ms,TECTONIC
801,2025-06-15 03:13:48+00:00,13.57,120.58,2,3.0,021 km N 49° W of Abra De Ilog (Occidental Mindoro),Ms,TECTONIC
802,2025-06-15 00:06:14+00:00,13.63,120.69,99,1.3,020 km S 80° W of Tingloy (Batangas),Ms,TECTONIC
803,2025-06-14 22:20:09+00:00,15.42,121.26,27,1.6,009 km S 68° W of Gabaldon (Nueva Ecija),Ms,TECTONIC
804,2025-06-14 22:12:06+00:00,13.22,121.02,18,1.7,018 km S 27° W of Baco (Oriental Mindoro),Ms,TECTONIC
805,2025-06-14 21:58:41+00:00,12.82,123.03,10,2.5,026 km S 68° W of Claveria (Masbate),Ms,TECTONIC
806,2025-06-14 21:12:20+00:00,13.64,120.6,102,1.9,021 km S 09° W of Calatagan (Batangas),Ms,TECTONIC
807,2025-06-14 21:12:22+00:00,18.06,120.83,2,2.4,007 km S 60° E of Solsona (Ilocos Norte),Ms,TECTONIC
808,2025-06-14 21:08:28+00:00,5.76,125.43,97,2.1,026 km S 75° E of Glan (Sarangani),Ms,TECTONIC
809,2025-06-14 20:34:41+00:00,7.29,126.44,11,2.5,015 km S 75° W of Caraga (Davao Oriental),Ms,TECTONIC
810,2025-06-14 20:02:03+00:00,13.65,120.61,100,1.6,020 km S 07° W of Calatagan (Batangas),Ms,TECTONIC
811,2025-06-14 19:57:22+00:00,7.35,126.0,6,2.2,015 km S 82° E of Maco (Davao De Oro),Ms,TECTONIC
812,2025-06-14 19:46:02+00:00,13.25,122.15,7,2.3,010 km S 41° E of Torrijos (Marinduque),Ms,TECTONIC
813,2025-06-14 18:33:04+00:00,18.84,120.59,15,4.1,037 km N 34° W of Pagudpud (Ilocos Norte),Ms,TECTONIC
814,2025-06-14 18:00:35+00:00,16.41,122.19,14,2.4,003 km N 63° W of Dilasag (Aurora),Ms,TECTONIC
815,2025-06-14 17:27:43+00:00,10.31,122.21,4,2.0,032 km S 13° E of San Joaquin (Iloilo),Ms,TECTONIC
816,2025-06-14 16:56:22+00:00,18.0,120.39,14,2.1,010 km S 78° W of Currimao (Ilocos Norte),Ms,TECTONIC
817,2025-06-14 16:44:38+00:00,13.58,120.6,5,2.5,021 km N 42° W of Abra De Ilog (Occidental Mindoro),Ms,TECTONIC
818,2025-06-14 16:16:04+00:00,12.67,121.3,10,2.0,022 km S 68° W of Bongabong (Oriental Mindoro),Ms,TECTONIC
819,2025-06-14 16:09:54+00:00,13.47,120.68,53,2.1,006 km N 55° W of Abra De Ilog (Occidental Mindoro),Ms,TECTONIC
820,2025-06-14 15:41:42+00:00,5.4,125.5,24,3.1,009 km S 78° E of Balut Island (Municipality Of Sarangani) (Davao Occidental),Ms,TECTONIC
821,2025-06-14 15:12:28+00:00,4.61,126.32,83,3.7,134 km S 48° E of Balut Island (Municipality Of Sarangani) (Davao Occidental),Ms,TECTONIC
822,2025-06-14 15:06:28+00:00,11.29,125.9,2,2.4,029 km N 42° E of Mercedes (Eastern Samar),Ms,TECTONIC
823,2025-06-14 15:04:16+00:00,8.54,126.55,8,2.4,031 km N 51° E of Hinatuan (Surigao Del Sur),Ms,TECTONIC
824,2025-06-14 14:47:14+00:00,4.73,125.82,72,3.3,087 km S 30° E of Balut Island (Municipality Of Sarangani) (Davao Occidental),Ms,TECTONIC
825,2025-06-14 14:37:37+00:00,5.07,125.34,37,3.0,038 km S 14° W of Balut Island (Municipality Of Sarangani) (Davao Occidental),Ms,TECTONIC
826,2025-06-14 14:20:03+00:00,19.08,121.06,4,2.9,016 km S 81° W of Dalupiri Island (Calayan) (Cagayan),Ms,TECTONIC
827,2025-06-14 12:33:24+00:00,10.3,123.11,14,2.0,011 km S 74° E of La Castellana (Negros Occidental),ML,VOLCANO-TECTONIC
828,2025-06-14 11:56:53+00:00,6.19,126.78,130,3.0,094 km S 57° E of Governor Generoso (Davao Oriental),Ms,TECTONIC
829,2025-06-14 11:44:34+00:00,19.04,121.07,17,2.2,016 km S 65° W of Dalupiri Island (Calayan) (Cagayan),Ms,TECTONIC
830,2025-06-14 11:21:25+00:00,5.09,125.24,60,3.0,041 km S 29° W of Balut Island (Municipality Of Sarangani) (Davao Occidental),Ms,TECTONIC
831,2025-06-14 11:02:42+00:00,9.37,126.28,38,2.3,015 km N 42° E of Cortes (Surigao Del Sur),Ms,TECTONIC
832,2025-06-14 10:42:04+00:00,19.04,120.99,13,2.1,024 km S 71° W of Dalupiri Island (Calayan) (Cagayan),Ms,TECTONIC
833,2025-06-14 10:30:01+00:00,7.07,127.06,6,2.8,059 km S 75° E of Manay (Davao Oriental),Ms,TECTONIC
834,2025-06-14 10:05:00+00:00,19.17,120.85,22,2.4,038 km N 80° W of Dalupiri Island (Calayan) (Cagayan),Ms,TECTONIC
835,2025-06-14 09:54:19+00:00,13.5,120.75,104,1.7,006 km N 22° E of Abra De Ilog (Occidental Mindoro),Ms,TECTONIC
836,2025-06-14 09:37:13+00:00,4.39,124.91,15,3.2,126 km S 26° W of Balut Island (Municipality Of Sarangani) (Davao Occidental),Ms,TECTONIC
837,2025-06-14 09:30:40+00:00,19.11,121.12,13,2.7,009 km N 86° W of Dalupiri Island (Calayan) (Cagayan),Ms,TECTONIC
838,2025-06-14 09:27:43+00:00,19.1,121.08,3,4.8,014 km S 80° W of Dalupiri Island (Calayan) (Cagayan),Mw,TECTONIC
839,2025-06-14 06:01:17+00:00,13.14,121.02,21,1.7,025 km S 19° W of Baco (Oriental Mindoro),Ms,TECTONIC
840,2025-06-14 05:09:01+00:00,11.4,125.75,6,3.0,016 km N 66° E of Hernani (Eastern Samar),Ms,TECTONIC
841,2025-06-14 04:50:15+00:00,10.02,125.99,14,2.6,005 km N 83° W of Santa Monica (Surigao Del Norte),Ms,TECTONIC
842,2025-06-14 04:37:55+00:00,10.09,126.04,11,2.8,008 km N 26° W of Burgos (Surigao Del Norte),Ms,TECTONIC
843,2025-06-14 04:11:27+00:00,11.49,124.42,3,2.4,006 km N 56° W of Biliran (Biliran),Ms,TECTONIC
844,2025-06-14 03:45:14+00:00,10.37,126.18,35,1.5,041 km N 16° E of Burgos (Surigao Del Norte),Ms,TECTONIC
845,2025-06-14 03:22:44+00:00,19.37,121.11,6,2.4,031 km N 19° W of Dalupiri Island (Calayan) (Cagayan),Ms,TECTONIC
846,2025-06-14 02:35:37+00:00,11.19,124.66,5,3.2,011 km N 84° E of Kananga (Leyte),Ms,TECTONIC
847,2025-06-14 02:35:20+00:00,5.54,126.35,86,3.1,088 km S 62° E of Jose Abad Santos (Davao Occidental),Ms,TECTONIC
848,2025-06-14 01:13:19+00:00,11.13,124.81,32,1.8,007 km S 28° E of Jaro (Leyte),Ms,TECTONIC
849,2025-06-13 23:59:10+00:00,19.05,121.26,14,3.4,009 km S 44° E of Dalupiri Island (Calayan) (Cagayan),Ms,TECTONIC
850,2025-06-13 23:48:50+00:00,9.22,126.24,18,1.5,008 km S 43° E of Cortes (Surigao Del Sur),Ms,TECTONIC
851,2025-06-13 23:01:29+00:00,8.5,125.77,26,2.8,006 km N 20° W of Talacogon (Agusan Del Sur),Ms,TECTONIC
852,2025-06-13 22:32:16+00:00,8.93,122.4,25,2.1,059 km S 26° W of Basay (Negros Oriental),Ms,TECTONIC
853,2025-06-13 22:22:43+00:00,6.46,126.9,21,2.8,082 km S 37° E of Tarragona (Davao Oriental),Ms,TECTONIC
854,2025-06-13 21:14:04+00:00,9.55,126.24,24,1.4,027 km S 20° E of General Luna (Surigao Del Norte),Ms,TECTONIC
855,2025-06-13 20:24:23+00:00,6.87,121.35,24,3.2,035 km N 48° W of Hadji Muhtamad (Basilan),Ms,TECTONIC
856,2025-06-13 20:19:40+00:00,5.69,125.25,7,1.9,016 km S 18° E of Glan (Sarangani),Ms,TECTONIC
857,2025-06-13 20:16:32+00:00,9.12,126.31,22,2.2,014 km N 38° E of Tago (Surigao Del Sur),Ms,TECTONIC
858,2025-06-13 18:51:30+00:00,7.12,125.1,37,1.5,003 km N 59° W of Magpet (Cotabato),Ms,TECTONIC
859,2025-06-13 18:51:30+00:00,8.17,126.95,21,2.4,061 km N 77° E of Lingig (Surigao Del Sur),Ms,TECTONIC
860,2025-06-13 18:42:34+00:00,11.87,124.91,233,3.5,010 km N 14° E of City Of Catbalogan (Samar),Ms,TECTONIC
861,2025-06-13 18:35:04+00:00,12.22,125.39,8,2.6,006 km S 14° E of Arteche (Eastern Samar),Ms,TECTONIC
862,2025-06-13 18:34:19+00:00,12.25,125.44,15,1.9,007 km S 74° E of Arteche (Eastern Samar),Ms,TECTONIC
863,2025-06-13 18:17:41+00:00,12.33,125.65,14,3.7,023 km N 42° E of San Policarpo (Eastern Samar),Ms,TECTONIC
864,2025-06-13 18:12:06+00:00,18.78,120.86,3,3.4,026 km N 18° E of Pagudpud (Ilocos Norte),Ms,TECTONIC
865,2025-06-13 17:45:27+00:00,7.98,126.28,4,2.2,016 km N 43° W of Boston (Davao Oriental),Ms,TECTONIC
866,2025-06-13 17:45:04+00:00,7.87,126.24,31,1.2,015 km N 89° W of Boston (Davao Oriental),Ms,TECTONIC
867,2025-06-13 17:34:36+00:00,7.11,126.68,37,2.2,019 km S 54° E of Manay (Davao Oriental),Ms,TECTONIC
868,2025-06-13 16:34:35+00:00,6.55,126.36,70,2.0,034 km S 70° E of Governor Generoso (Davao Oriental),Ms,TECTONIC
869,2025-06-13 16:29:42+00:00,10.03,124.16,6,2.5,007 km S 43° E of Buenavista (Bohol),Ms,TECTONIC
870,2025-06-13 16:04:27+00:00,7.62,122.16,12,3.1,005 km N 25° E of Sirawai (Zamboanga Del Norte),Ms,TECTONIC
871,2025-06-13 16:00:46+00:00,10.4,125.11,1,2.7,010 km N 89° W of Hinunangan (Southern Leyte),Ms,TECTONIC
872,2025-06-13 15:46:32+00:00,5.4,125.31,17,2.0,012 km S 86° W of Balut Island (Municipality Of Sarangani) (Davao Occidental),Ms,TECTONIC
873,2025-06-13 15:41:48+00:00,18.98,121.09,27,1.9,019 km S 41° W of Dalupiri Island (Calayan) (Cagayan),Ms,TECTONIC
874,2025-06-13 15:01:34+00:00,11.73,125.62,6,2.7,018 km S 82° E of San Julian (Eastern Samar),Ms,TECTONIC
875,2025-06-13 14:46:23+00:00,8.16,126.77,5,2.7,042 km N 72° E of Lingig (Surigao Del Sur),Ms,TECTONIC
876,2025-06-13 14:16:52+00:00,8.12,127.13,8,3.9,080 km N 84° E of Lingig (Surigao Del Sur),Ms,TECTONIC
877,2025-06-13 09:43:45+00:00,10.06,124.14,5,2.3,004 km S 50° E of Buenavista (Bohol),Ms,TECTONIC
878,2025-06-13 08:13:14+00:00,4.6,125.56,16,3.8,091 km S 10° E of Balut Island (Municipality Of Sarangani) (Davao Occidental),Ms,TECTONIC
879,2025-06-13 07:00:36+00:00,12.55,123.63,25,2.3,011 km S 20° W of Monreal (Masbate),Ms,TECTONIC
880,2025-06-13 06:54:40+00:00,10.05,124.17,8,2.6,007 km S 61° E of Buenavista (Bohol),Ms,TECTONIC
881,2025-06-13 06:48:28+00:00,4.37,126.11,108,3.3,138 km S 34° E of Balut Island (Municipality Of Sarangani) (Davao Occidental),Ms,TECTONIC
882,2025-06-13 06:23:51+00:00,10.03,121.85,7,2.6,045 km S 11° W of Anini-y (Antique),Ms,TECTONIC
883,2025-06-13 05:15:26+00:00,9.65,122.65,11,1.6,019 km S 02° W of Candoni (Negros Occidental),Ms,TECTONIC
884,2025-06-13 04:19:55+00:00,15.49,123.05,33,1.6,112 km N 06° E of Tinaga Island (Vinzons) (Camarines Norte),Ms,TECTONIC
885,2025-06-13 03:30:57+00:00,8.02,126.26,6,3.2,021 km N 36° W of Boston (Davao Oriental),Ms,TECTONIC
886,2025-06-13 03:20:00+00:00,10.3,125.98,33,1.9,032 km N 11° W of Santa Monica (Surigao Del Norte),Ms,TECTONIC
887,2025-06-13 02:01:18+00:00,13.72,120.4,98,2.2,016 km S 88° E of Looc (Occidental Mindoro),Ms,TECTONIC
888,2025-06-13 01:24:01+00:00,10.25,126.07,12,2.6,025 km N 02° W of Burgos (Surigao Del Norte),Ms,TECTONIC
889,2025-06-13 00:39:49+00:00,9.53,126.1,32,2.1,018 km S 56° E of Socorro (Surigao Del Norte),Ms,TECTONIC
890,2025-06-13 00:39:14+00:00,6.02,126.63,58,2.0,094 km S 42° E of Governor Generoso (Davao Oriental),Ms,TECTONIC
891,2025-06-12 22:10:04+00:00,9.99,122.23,2,2.2,033 km N 42° W of City Of Sipalay (Negros Occidental),Ms,TECTONIC
892,2025-06-12 21:48:01+00:00,10.18,122.03,17,2.3,029 km S 23° E of Anini-y (Antique),Ms,TECTONIC
893,2025-06-12 21:41:44+00:00,13.56,120.66,113,2.0,015 km N 28° W of Abra De Ilog (Occidental Mindoro),Ms,TECTONIC
894,2025-06-12 21:30:35+00:00,15.11,122.94,5,2.1,079 km N 55° E of Jomalig (Quezon),Ms,TECTONIC
895,2025-06-12 21:16:43+00:00,7.93,126.27,34,1.7,014 km N 63° W of Boston (Davao Oriental),Ms,TECTONIC
896,2025-06-12 21:00:19+00:00,5.22,125.01,22,2.9,050 km S 66° W of Balut Island (Municipality Of Sarangani) (Davao Occidental),Ms,TECTONIC
897,2025-06-12 20:54:43+00:00,9.92,126.08,33,2.0,002 km S 11° W of San Isidro (Surigao Del Norte),Ms,TECTONIC
898,2025-06-12 20:51:55+00:00,4.89,125.3,34,3.8,059 km S 13° W of Balut Island (Municipality Of Sarangani) (Davao Occidental),Ms,TECTONIC
899,2025-06-12 20:46:31+00:00,7.6,122.51,31,1.8,008 km S 40° E of Roseller Lim (Zamboanga Sibugay),Ms,TECTONIC
900,2025-06-12 19:52:58+00:00,4.88,125.32,23,3.0,060 km S 10° W of Balut Island (Municipality Of Sarangani) (Davao Occidental),Ms,TECTONIC
901,2025-06-12 19:23:06+00:00,4.94,125.26,19,4.1,055 km S 19° W of Balut Island (Municipality Of Sarangani) (Davao Occidental),Ms,TECTONIC
902,2025-06-12 19:21:44+00:00,16.09,120.47,132,2.4,004 km N 51° E of San Jacinto (Pangasinan),Ms,TECTONIC
903,2025-06-12 19:03:49+00:00,8.1,123.4,30,2.4,005 km S 45° W of Mahayag (Zamboanga Del Sur),Ms,TECTONIC
904,2025-06-12 18:55:04+00:00,4.98,125.3,38,4.4,049 km S 16° W of Balut Island (Municipality Of Sarangani) (Davao Occidental),Ms,TECTONIC
905,2025-06-12 18:46:46+00:00,14.72,120.01,35,2.1,026 km S 18° W of San Antonio (Zambales),Ms,TECTONIC
906,2025-06-12 18:44:22+00:00,9.27,125.98,23,2.0,002 km N 50° E of Madrid (Surigao Del Sur),Ms,TECTONIC
907,2025-06-12 18:15:38+00:00,8.46,124.4,12,3.8,011 km S 68° E of Initao (Misamis Oriental),Ms,TECTONIC
908,2025-06-12 17:31:07+00:00,9.33,122.47,41,3.0,020 km S 64° W of Basay (Negros Oriental),Ms,TECTONIC
909,2025-06-12 17:17:34+00:00,7.1,126.79,17,2.4,031 km S 66° E of Manay (Davao Oriental),Ms,TECTONIC
910,2025-06-12 17:05:16+00:00,4.86,125.3,24,3.1,062 km S 12° W of Balut Island (Municipality Of Sarangani) (Davao Occidental),Ms,TECTONIC
911,2025-06-12 17:01:18+00:00,8.61,127.12,33,2.4,090 km N 73° E of Hinatuan (Surigao Del Sur),Ms,TECTONIC
912,2025-06-12 16:44:12+00:00,7.72,122.2,9,2.0,007 km N 76° E of Siocon (Zamboanga Del Norte),Ms,TECTONIC
913,2025-06-12 15:35:22+00:00,14.93,123.04,54,1.5,051 km N 12° E of Tinaga Island (Vinzons) (Camarines Norte),Ms,TECTONIC
914,2025-06-12 15:29:03+00:00,5.11,125.38,43,3.3,034 km S 07° W of Balut Island (Municipality Of Sarangani) (Davao Occidental),Ms,TECTONIC
915,2025-06-12 15:24:28+00:00,6.99,122.88,200,2.0,036 km S 06° E of Olutanga (Zamboanga Sibugay),Ms,TECTONIC
916,2025-06-12 15:10:32+00:00,9.49,125.6,33,2.0,004 km N 42° E of Alegria (Surigao Del Norte),Ms,TECTONIC
917,2025-06-12 15:09:56+00:00,15.09,122.95,2,4.2,067 km N 01° E of Tinaga Island (Vinzons) (Camarines Norte),Ms,TECTONIC
918,2025-06-12 14:46:48+00:00,5.22,125.37,17,3.1,022 km S 16° W of Balut Island (Municipality Of Sarangani) (Davao Occidental),Ms,TECTONIC
919,2025-06-12 14:38:21+00:00,4.75,125.46,33,4.8,073 km S 03° E of Balut Island (Municipality Of Sarangani) (Davao Occidental),Mw,TECTONIC
920,2025-06-12 14:01:02+00:00,9.83,123.89,2,2.5,005 km N 10° W of Antequera (Bohol),Ms,TECTONIC
921,2025-06-12 12:35:32+00:00,15.43,122.56,26,2.1,085 km N 17° E of Jomalig (Quezon),Ms,TECTONIC
922,2025-06-12 12:14:42+00:00,9.13,126.2,22,1.8,007 km N 33° E of City Of Tandag (Surigao Del Sur),Ms,TECTONIC
923,2025-06-12 12:12:36+00:00,8.89,126.21,28,2.3,010 km S 69° W of Cagwait (Surigao Del Sur),Ms,TECTONIC
924,2025-06-12 10:17:12+00:00,5.7,124.03,520,4.5,059 km S 18° W of Palimbang (Sultan Kudarat),Ms,TECTONIC
925,2025-06-12 08:47:29+00:00,13.55,121.21,26,2.1,011 km S 02° E of Lobo (Batangas),Ms,TECTONIC
926,2025-06-12 08:41:43+00:00,9.23,126.51,8,2.6,035 km S 81° E of Cortes (Surigao Del Sur),Ms,TECTONIC
927,2025-06-12 08:11:37+00:00,12.37,120.62,6,2.6,039 km S 76° W of Rizal (Occidental Mindoro),Ms,TECTONIC
928,2025-06-12 07:45:47+00:00,8.1,127.12,12,2.9,078 km N 85° E of Lingig (Surigao Del Sur),Ms,TECTONIC
929,2025-06-12 04:56:57+00:00,9.52,125.96,18,2.0,011 km S 01° W of Socorro (Surigao Del Norte),Ms,TECTONIC
930,2025-06-12 02:04:32+00:00,13.73,120.6,101,2.1,011 km S 17° W of Calatagan (Batangas),Ms,TECTONIC
931,2025-06-12 02:03:28+00:00,7.27,126.3,33,1.6,020 km S 76° E of Maragusan (Davao De Oro),Ms,TECTONIC
932,2025-06-11 23:28:09+00:00,9.57,126.11,9,2.4,022 km S 17° E of Dapa (Surigao Del Norte),Ms,TECTONIC
933,2025-06-11 23:18:35+00:00,6.1,126.43,85,2.6,074 km S 33° E of Governor Generoso (Davao Oriental),Ms,TECTONIC
934,2025-06-11 23:04:55+00:00,9.53,126.24,25,2.2,030 km S 17° E of General Luna (Surigao Del Norte),Ms,TECTONIC
935,2025-06-11 22:24:06+00:00,16.88,121.36,34,1.7,011 km S 18° E of Aguinaldo (Ifugao),Ms,TECTONIC
936,2025-06-11 22:22:16+00:00,17.0,121.46,16,1.4,014 km N 80° E of Aguinaldo (Ifugao),Ms,TECTONIC
937,2025-06-11 22:21:16+00:00,16.8,121.26,33,1.5,021 km S 19° W of Aguinaldo (Ifugao),Ms,TECTONIC
938,2025-06-11 22:19:27+00:00,16.84,121.3,33,1.5,016 km S 12° W of Aguinaldo (Ifugao),Ms,TECTONIC
939,2025-06-11 20:52:12+00:00,11.93,125.64,5,2.3,021 km S 55° E of Dolores (Eastern Samar),Ms,TECTONIC
940,2025-06-11 20:45:55+00:00,7.96,126.42,30,1.8,011 km N 29° E of Boston (Davao Oriental),Ms,TECTONIC
941,2025-06-11 20:33:38+00:00,8.0,126.22,19,2.4,023 km N 50° W of Boston (Davao Oriental),Ms,TECTONIC
942,2025-06-11 20:03:45+00:00,17.1,120.45,25,1.9,002 km N 20° W of Santa Cruz (Ilocos Sur),Ms,TECTONIC
943,2025-06-11 19:13:01+00:00,8.98,126.37,30,2.0,010 km N 49° E of Cagwait (Surigao Del Sur),Ms,TECTONIC
944,2025-06-11 19:07:31+00:00,7.69,126.46,16,1.8,011 km S 05° E of Cateel (Davao Oriental),Ms,TECTONIC
945,2025-06-11 19:06:03+00:00,6.25,126.96,66,2.0,105 km S 33° E of Tarragona (Davao Oriental),Ms,TECTONIC
946,2025-06-11 18:55:28+00:00,16.4,122.51,27,2.9,030 km S 61° E of Dinapigue (Isabela),Ms,TECTONIC
947,2025-06-11 18:46:06+00:00,7.63,126.26,33,1.6,030 km S 27° W of Boston (Davao Oriental),Ms,TECTONIC
948,2025-06-11 18:20:59+00:00,7.81,126.25,35,1.7,015 km S 64° W of Boston (Davao Oriental),Ms,TECTONIC
949,2025-06-11 17:51:18+00:00,7.95,126.27,33,1.6,015 km N 51° W of Boston (Davao Oriental),Ms,TECTONIC
950,2025-06-11 17:35:47+00:00,7.95,126.78,29,2.2,040 km N 64° E of Cateel (Davao Oriental),Ms,TECTONIC
951,2025-06-11 17:22:45+00:00,7.93,126.27,32,1.9,014 km N 61° W of Boston (Davao Oriental),Ms,TECTONIC
952,2025-06-11 17:18:24+00:00,8.78,126.42,28,1.8,013 km S 79° E of Marihatag (Surigao Del Sur),Ms,TECTONIC
953,2025-06-11 17:15:27+00:00,10.45,123.44,16,1.8,006 km S 30° E of City Of San Carlos (Negros Occidental),ML,VOLCANO-TECTONIC
954,2025-06-11 17:10:31+00:00,7.89,126.26,32,1.8,013 km N 82° W of Boston (Davao Oriental),Ms,TECTONIC
955,2025-06-11 17:00:37+00:00,7.93,126.28,35,1.6,013 km N 61° W of Boston (Davao Oriental),Ms,TECTONIC
956,2025-06-11 16:16:52+00:00,9.68,126.34,33,2.0,024 km S 60° E of General Luna (Surigao Del Norte),Ms,TECTONIC
957,2025-06-11 16:07:56+00:00,9.69,126.19,32,1.5,011 km S 21° E of General Luna (Surigao Del Norte),Ms,TECTONIC
958,2025-06-11 15:45:31+00:00,7.83,126.24,31,2.1,016 km S 75° W of Boston (Davao Oriental),Ms,TECTONIC
959,2025-06-11 15:43:27+00:00,8.02,126.24,7,2.6,019 km S 85° E of Trento (Agusan Del Sur),Ms,TECTONIC
960,2025-06-11 15:01:38+00:00,7.5,126.18,2,2.8,007 km S 44° E of New Bataan (Davao De Oro),Ms,TECTONIC
961,2025-06-11 14:30:30+00:00,8.12,126.29,3,2.3,016 km N 55° W of Lingig (Surigao Del Sur),Ms,TECTONIC
962,2025-06-11 12:39:05+00:00,14.77,121.39,3,2.0,025 km N 87° W of General Nakar (Quezon),Ms,TECTONIC
963,2025-06-11 12:17:46+00:00,6.77,127.33,115,2.6,100 km S 61° E of Manay (Davao Oriental),Ms,TECTONIC
964,2025-06-11 12:14:17+00:00,8.04,126.28,11,2.8,015 km N 88° W of Lingig (Surigao Del Sur),Ms,TECTONIC
965,2025-06-11 11:46:09+00:00,8.07,126.24,2,2.5,018 km S 29° W of City Of Bislig (Surigao Del Sur),Ms,TECTONIC
966,2025-06-11 11:24:35+00:00,6.88,126.88,9,3.0,051 km S 69° E of Tarragona (Davao Oriental),Ms,TECTONIC
967,2025-06-11 09:38:45+00:00,13.61,120.93,33,1.5,008 km S 52° E of Tingloy (Batangas),Ms,TECTONIC
968,2025-06-11 09:25:48+00:00,19.26,121.23,28,2.0,017 km N 08° E of Dalupiri Island (Calayan) (Cagayan),Ms,TECTONIC
969,2025-06-11 09:24:37+00:00,8.29,126.7,32,1.7,040 km S 78° E of Hinatuan (Surigao Del Sur),Ms,TECTONIC
970,2025-06-11 08:53:50+00:00,8.08,126.27,5,4.4,017 km N 74° W of Lingig (Surigao Del Sur),Mw,TECTONIC
971,2025-06-11 07:51:18+00:00,4.61,125.89,154,3.5,103 km S 31° E of Balut Island (Municipality Of Sarangani) (Davao Occidental),Ms,TECTONIC
972,2025-06-11 07:47:38+00:00,13.71,120.59,150,2.7,015 km S 18° W of Calatagan (Batangas),Ms,TECTONIC
973,2025-06-11 05:23:38+00:00,12.77,124.79,27,3.2,027 km N 34° W of Pambujan (Northern Samar),Ms,TECTONIC
974,2025-06-11 05:10:56+00:00,16.81,120.12,28,1.8,027 km N 68° W of Bacnotan (La Union),Ms,TECTONIC
975,2025-06-11 04:59:28+00:00,7.39,126.29,14,3.8,020 km N 65° E of Maragusan (Davao De Oro),Ms,TECTONIC
976,2025-06-11 04:19:22+00:00,9.13,126.58,14,2.7,037 km N 61° E of Bayabas (Surigao Del Sur),Ms,TECTONIC
977,2025-06-11 04:06:23+00:00,9.0,126.23,49,3.9,002 km S 14° W of Tago (Surigao Del Sur),Ms,TECTONIC
978,2025-06-11 03:39:32+00:00,8.22,126.9,3,3.1,058 km N 69° E of Lingig (Surigao Del Sur),Ms,TECTONIC
979,2025-06-11 03:08:43+00:00,5.23,124.68,4,3.0,095 km S 30° W of Maasim (Sarangani),Ms,TECTONIC
980,2025-06-11 02:02:01+00:00,11.78,120.45,41,2.2,036 km S 48° E of Coron (Palawan),Ms,TECTONIC
981,2025-06-11 00:46:39+00:00,8.05,125.68,13,2.5,029 km N 27° W of Laak (Davao De Oro),Ms,TECTONIC
982,2025-06-11 00:16:30+00:00,8.31,126.62,28,3.1,035 km N 72° E of City Of Bislig (Surigao Del Sur),Ms,TECTONIC
983,2025-06-10 22:54:33+00:00,10.07,123.18,8,2.2,012 km S 60° W of City Of Guihulngan (Negros Oriental),Ms,TECTONIC
984,2025-06-10 22:31:10+00:00,10.43,125.95,33,1.8,041 km N 80° E of Loreto (Dinagat Islands),Ms,TECTONIC
985,2025-06-10 22:06:16+00:00,9.9,125.23,10,2.1,005 km S 74° W of San Ricardo (Southern Leyte),Ms,TECTONIC
986,2025-06-10 21:51:50+00:00,6.53,123.7,23,2.1,039 km S 86° W of Kalamansig (Sultan Kudarat),Ms,TECTONIC
987,2025-06-10 21:28:36+00:00,15.53,119.82,27,1.7,014 km West of Masinloc (Zambales),Ms,TECTONIC
988,2025-06-10 21:05:41+00:00,8.27,126.63,34,2.5,034 km S 71° E of Hinatuan (Surigao Del Sur),Ms,TECTONIC
989,2025-06-10 20:39:48+00:00,10.72,124.99,3,2.3,004 km S 34° W of Abuyog (Leyte),Ms,TECTONIC
990,2025-06-10 20:29:48+00:00,9.95,125.87,117,1.7,014 km N 53° W of Del Carmen (Surigao Del Norte),Ms,TECTONIC
991,2025-06-10 20:26:31+00:00,6.74,126.65,153,2.3,041 km S 34° E of Tarragona (Davao Oriental),Ms,TECTONIC
992,2025-06-10 20:02:36+00:00,12.15,125.16,29,2.1,010 km S 83° W of Maslog (Eastern Samar),Ms,TECTONIC
993,2025-06-10 19:46:14+00:00,10.92,126.44,27,2.4,080 km S 80° E of Guiuan (Eastern Samar),Ms,TECTONIC
994,2025-06-10 19:38:26+00:00,8.7,126.38,22,2.1,014 km S 39° E of Marihatag (Surigao Del Sur),Ms,TECTONIC
995,2025-06-10 18:32:52+00:00,9.5,125.45,34,1.9,009 km S 60° W of Mainit (Surigao Del Norte),Ms,TECTONIC
996,2025-06-10 18:22:48+00:00,13.55,120.85,5,2.0,012 km S 13° W of Tingloy (Batangas),Ms,TECTONIC
997,2025-06-10 18:21:08+00:00,18.81,121.15,51,1.7,023 km N 17° E of Claveria (Cagayan),Ms,TECTONIC
998,2025-06-10 18:15:54+00:00,16.33,122.08,45,2.0,007 km N 40° W of Casiguran (Aurora),Ms,TECTONIC
999,2025-06-10 18:15:40+00:00,9.16,125.84,15,2.1,018 km S 50° W of Madrid (Surigao Del Sur),Ms,TECTONIC
1000,2025-06-10 17:28:33+00:00,5.85,125.93,126,2.9,032 km S 78° E of Jose Abad Santos (Davao Occidental),Ms,TECTONIC
1001,2025-06-10 15:58:41+00:00,7.8,125.92,32,1.9,013 km N 37° W of Montevista (Davao De Oro),Ms,TECTONIC
1002,2025-06-10 15:55:09+00:00,17.33,121.28,33,1.5,008 km N 47° E of Tanudan (Kalinga),Ms,TECTONIC
1003,2025-06-10 15:53:01+00:00,8.3,126.54,21,3.5,024 km S 71° E of Hinatuan (Surigao Del Sur),Ms,TECTONIC
1004,2025-06-10 14:13:15+00:00,12.96,120.86,2,2.8,016 km N 35° E of Sablayan (Occidental Mindoro),Ms,TECTONIC
1005,2025-06-10 14:11:21+00:00,14.32,120.4,122,2.2,016 km S 38° W of Mariveles (Bataan),Ms,TECTONIC
1006,2025-06-10 14:04:47+00:00,12.97,120.96,23,2.0,024 km N 54° E of Sablayan (Occidental Mindoro),Ms,TECTONIC
1007,2025-06-10 14:02:49+00:00,13.32,124.06,20,1.6,016 km N 26° W of Rapu-rapu (Albay),Ms,TECTONIC
1008,2025-06-10 13:24:17+00:00,10.54,125.71,57,2.7,022 km S 05° W of Homonhon Island (Guiuan) (Eastern Samar),Ms,TECTONIC
1009,2025-06-10 13:14:44+00:00,8.72,126.24,30,1.6,003 km S 28° E of San Agustin (Surigao Del Sur),Ms,TECTONIC
1010,2025-06-10 13:04:00+00:00,14.06,120.45,73,1.6,020 km S 86° W of Nasugbu (Batangas),Ms,TECTONIC
1011,2025-06-10 12:57:48+00:00,17.87,120.79,42,1.6,017 km N 12° W of Tineg (Abra),Ms,TECTONIC
1012,2025-06-10 12:47:26+00:00,19.31,121.21,29,2.1,022 km N 01° E of Dalupiri Island (Calayan) (Cagayan),Ms,TECTONIC
1013,2025-06-10 12:47:10+00:00,9.17,126.59,34,1.8,041 km N 56° E of Bayabas (Surigao Del Sur),Ms,TECTONIC
1014,2025-06-10 12:44:17+00:00,12.88,125.11,9,3.0,036 km N 17° E of Laoang (Northern Samar),Ms,TECTONIC
1015,2025-06-10 12:25:06+00:00,9.77,122.18,48,2.6,027 km N 89° W of City Of Sipalay (Negros Occidental),Ms,TECTONIC
1016,2025-06-10 11:16:54+00:00,13.04,125.19,20,3.9,055 km N 08° E of Palapag (Northern Samar),Mw,TECTONIC
1017,2025-06-10 10:43:10+00:00,8.45,127.44,18,4.2,121 km N 86° E of Hinatuan (Surigao Del Sur),Mw,TECTONIC
1018,2025-06-10 09:53:14+00:00,8.7,126.94,25,2.7,071 km S 81° E of Marihatag (Surigao Del Sur),Ms,TECTONIC
1019,2025-06-10 06:49:07+00:00,9.8,126.13,22,2.0,003 km N 65° W of General Luna (Surigao Del Norte),Ms,TECTONIC
1020,2025-06-10 05:17:34+00:00,12.97,125.15,10,2.4,046 km N 19° E of Laoang (Northern Samar),Ms,TECTONIC
1021,2025-06-10 04:41:42+00:00,8.78,126.61,52,2.6,035 km S 87° E of Marihatag (Surigao Del Sur),Ms,TECTONIC
1022,2025-06-10 03:01:38+00:00,7.46,124.63,11,2.4,009 km S 55° W of Banisilan (Cotabato),Ms,TECTONIC
1023,2025-06-10 02:58:27+00:00,13.62,120.61,99,1.9,023 km N 34° W of Abra De Ilog (Occidental Mindoro),Ms,TECTONIC
1024,2025-06-10 02:33:10+00:00,8.12,126.74,17,2.7,037 km N 76° E of Lingig (Surigao Del Sur),Ms,TECTONIC
1025,2025-06-10 00:06:56+00:00,12.12,125.47,25,2.2,003 km S 55° E of Oras (Eastern Samar),Ms,TECTONIC
1026,2025-06-09 23:45:20+00:00,8.84,126.15,33,1.8,013 km N 39° W of San Agustin (Surigao Del Sur),Ms,TECTONIC
1027,2025-06-09 23:45:08+00:00,12.5,123.6,6,3.0,012 km N 72° E of Baleno (Masbate),Ms,TECTONIC
1028,2025-06-09 22:50:33+00:00,9.05,126.3,27,2.2,008 km N 65° E of Tago (Surigao Del Sur),Ms,TECTONIC
1029,2025-06-09 22:32:32+00:00,13.75,120.54,156,1.8,014 km S 51° W of Calatagan (Batangas),Ms,TECTONIC
1030,2025-06-09 22:21:41+00:00,12.5,123.65,11,2.1,017 km N 79° E of Baleno (Masbate),Ms,TECTONIC
1031,2025-06-09 22:02:23+00:00,12.42,123.49,7,1.5,005 km S 05° W of Baleno (Masbate),Ms,TECTONIC
1032,2025-06-09 22:01:33+00:00,12.5,123.61,4,1.9,013 km N 76° E of Baleno (Masbate),Ms,TECTONIC
1033,2025-06-09 21:50:13+00:00,13.69,120.64,111,1.9,016 km S 04° E of Calatagan (Batangas),Ms,TECTONIC
1034,2025-06-09 21:06:32+00:00,12.51,123.62,2,2.1,014 km N 72° E of Baleno (Masbate),Ms,TECTONIC
1035,2025-06-09 20:48:25+00:00,15.31,120.54,159,2.1,004 km N 55° W of Bamban (Tarlac),Ms,TECTONIC
1036,2025-06-09 20:46:11+00:00,12.51,123.62,4,2.0,014 km N 73° E of Baleno (Masbate),Ms,TECTONIC
1037,2025-06-09 20:41:00+00:00,12.49,123.58,8,1.6,009 km N 75° E of Baleno (Masbate),Ms,TECTONIC
1038,2025-06-09 20:39:44+00:00,12.52,123.62,5,2.7,015 km N 67° E of Baleno (Masbate),Ms,TECTONIC
1039,2025-06-09 19:37:05+00:00,16.75,120.42,71,1.9,008 km N 62° E of Bacnotan (La Union),Ms,TECTONIC
1040,2025-06-09 19:29:17+00:00,16.74,120.28,60,2.1,008 km N 73° W of Bacnotan (La Union),Ms,TECTONIC
1041,2025-06-09 19:20:51+00:00,12.98,125.04,22,1.9,045 km N 04° E of Laoang (Northern Samar),Ms,TECTONIC
1042,2025-06-09 19:05:41+00:00,12.38,124.88,30,2.0,007 km N 30° E of Silvino Lobos (Northern Samar),Ms,TECTONIC
1043,2025-06-09 19:03:04+00:00,7.44,124.77,19,1.4,011 km S 51° E of Banisilan (Cotabato),Ms,TECTONIC
1044,2025-06-09 18:12:43+00:00,4.52,126.3,42,4.5,140 km S 41° E of Sarangani Island (Municipality Of Sarangani) (Davao Occidental),Ms,TECTONIC
1045,2025-06-09 17:46:47+00:00,12.94,125.03,19,2.7,041 km N 03° E of Laoang (Northern Samar),Ms,TECTONIC
1046,2025-06-09 17:38:03+00:00,7.4,124.72,22,1.4,012 km S 16° E of Banisilan (Cotabato),Ms,TECTONIC
1047,2025-06-09 17:35:32+00:00,7.68,124.73,33,1.5,005 km N 15° E of Wao (Lanao Del Sur),Ms,TECTONIC
1048,2025-06-09 17:21:20+00:00,17.06,121.59,34,1.6,008 km S 25° W of Roxas (Isabela),Ms,TECTONIC
1049,2025-06-09 17:10:31+00:00,13.68,120.65,143,2.0,016 km S 05° E of Calatagan (Batangas),Ms,TECTONIC
1050,2025-06-09 16:50:51+00:00,7.24,126.62,11,1.9,010 km N 67° E of Manay (Davao Oriental),Ms,TECTONIC
1051,2025-06-09 16:23:56+00:00,13.7,120.29,6,2.0,005 km S 59° E of Looc (Occidental Mindoro),Ms,TECTONIC
1052,2025-06-09 16:13:35+00:00,13.74,120.6,148,2.3,011 km S 20° W of Calatagan (Batangas),Ms,TECTONIC
1053,2025-06-09 16:10:29+00:00,13.08,125.27,4,3.3,062 km N 16° E of Palapag (Northern Samar),Ms,TECTONIC
1054,2025-06-09 16:04:59+00:00,13.67,120.52,159,5.1,022 km S 35° W of Calatagan (Batangas),Mw,TECTONIC
1055,2025-06-09 15:54:55+00:00,18.77,121.91,6,2.5,016 km S 18° E of Camiguin Island (Calayan) (Cagayan),Ms,TECTONIC
1056,2025-06-09 15:39:25+00:00,19.06,121.34,9,2.3,015 km S 69° E of Dalupiri Island (Calayan) (Cagayan),Ms,TECTONIC
1057,2025-06-09 15:36:28+00:00,12.43,125.51,15,2.1,023 km N 42° E of Arteche (Eastern Samar),Ms,TECTONIC
1058,2025-06-09 15:17:18+00:00,19.02,121.16,2,3.1,011 km S 27° W of Dalupiri Island (Calayan) (Cagayan),Ms,TECTONIC
1059,2025-06-09 15:09:06+00:00,9.1,125.66,2,2.4,009 km N 57° E of Remedios T. Romualdez (Agusan Del Norte),Ms,TECTONIC
1060,2025-06-09 15:03:43+00:00,13.18,120.82,45,2.3,015 km N 45° E of Santa Cruz (Occidental Mindoro),Ms,TECTONIC
1061,2025-06-09 15:02:45+00:00,14.79,119.55,10,3.2,061 km S 73° W of San Antonio (Zambales),Ms,TECTONIC
1062,2025-06-09 14:40:22+00:00,13.97,120.24,69,3.5,018 km N 45° E of Lubang (Occidental Mindoro),Ms,TECTONIC
1063,2025-06-09 14:33:55+00:00,6.4,124.55,12,1.8,015 km S 06° W of Bagumbayan (Sultan Kudarat),Ms,TECTONIC
1064,2025-06-09 14:25:01+00:00,9.16,125.98,2,1.5,009 km S 31° W of Carmen (Surigao Del Sur),Ms,TECTONIC
1065,2025-06-09 14:11:06+00:00,17.85,120.71,25,1.6,015 km N 02° E of Lagayan (Abra),Ms,TECTONIC
1066,2025-06-09 14:02:05+00:00,16.43,122.27,14,2.1,011 km S 07° E of Dinapigue (Isabela),Ms,TECTONIC
1067,2025-06-09 13:47:42+00:00,16.42,122.43,14,3.5,021 km S 58° E of Dinapigue (Isabela),Ms,TECTONIC
1068,2025-06-09 13:39:19+00:00,16.41,122.47,6,2.8,025 km S 61° E of Dinapigue (Isabela),Ms,TECTONIC
1069,2025-06-09 13:35:46+00:00,8.95,125.99,33,1.4,006 km N 89° W of San Miguel (Surigao Del Sur),Ms,TECTONIC
1070,2025-06-09 13:35:25+00:00,13.13,125.43,34,2.7,073 km N 28° E of Palapag (Northern Samar),Ms,TECTONIC
1071,2025-06-09 13:00:19+00:00,8.07,126.9,13,3.1,054 km N 87° E of Lingig (Surigao Del Sur),Ms,TECTONIC
1072,2025-06-09 12:43:20+00:00,9.96,126.15,33,2.0,008 km N 68° E of San Isidro (Surigao Del Norte),Ms,TECTONIC
1073,2025-06-09 12:26:17+00:00,14.74,121.41,33,1.5,022 km S 86° W of General Nakar (Quezon),Ms,TECTONIC
1074,2025-06-09 12:05:44+00:00,9.14,122.97,3,2.3,011 km N 40° W of Siaton (Negros Oriental),Ms,TECTONIC
1075,2025-06-09 11:55:21+00:00,12.43,124.58,32,1.6,009 km S 40° W of Catarman (Northern Samar),Ms,TECTONIC
1076,2025-06-09 11:15:28+00:00,13.67,120.86,6,1.9,002 km N 50° W of Tingloy (Batangas),Ms,TECTONIC
1077,2025-06-09 11:14:45+00:00,9.03,126.19,46,2.2,005 km N 80° W of Tago (Surigao Del Sur),Ms,TECTONIC
1078,2025-06-09 10:50:05+00:00,8.56,126.79,64,2.3,060 km S 64° E of Marihatag (Surigao Del Sur),Ms,TECTONIC
1079,2025-06-09 10:30:47+00:00,14.04,120.49,114,1.8,015 km S 77° W of Nasugbu (Batangas),Ms,TECTONIC
1080,2025-06-09 10:21:16+00:00,4.33,125.83,143,3.2,128 km S 21° E of Balut Island (Municipality Of Sarangani) (Davao Occidental),Ms,TECTONIC
1081,2025-06-09 09:55:55+00:00,9.7,126.34,15,2.5,022 km S 66° E of General Luna (Surigao Del Norte),Ms,TECTONIC
1082,2025-06-09 08:46:22+00:00,9.87,124.01,2,2.2,001 km N 31° E of Catigbian (Bohol),Ms,TECTONIC
1083,2025-06-09 05:55:46+00:00,8.79,126.48,26,2.3,020 km S 86° E of Marihatag (Surigao Del Sur),Ms,TECTONIC
1084,2025-06-09 04:30:27+00:00,11.19,124.68,6,2.1,012 km S 18° E of Capoocan (Leyte),Ms,TECTONIC
1085,2025-06-09 04:28:08+00:00,13.0,120.98,45,2.0,028 km N 50° E of Sablayan (Occidental Mindoro),Ms,TECTONIC
1086,2025-06-09 04:25:25+00:00,9.94,124.19,15,2.3,004 km S 78° W of Danao (Bohol),Ms,TECTONIC
1087,2025-06-09 04:16:16+00:00,13.77,124.22,33,1.6,015 km S 39° W of Viga (Catanduanes),Ms,TECTONIC
1088,2025-06-09 03:48:12+00:00,12.4,125.36,7,3.7,010 km N 81° E of Gamay (Northern Samar),Ms,TECTONIC
1089,2025-06-09 03:44:53+00:00,12.99,120.98,25,1.8,027 km N 55° E of Sablayan (Occidental Mindoro),Ms,TECTONIC
1090,2025-06-09 02:49:25+00:00,6.29,126.09,60,2.9,040 km S 02° E of Governor Generoso (Davao Oriental),Ms,TECTONIC
1091,2025-06-09 01:55:32+00:00,6.39,125.26,44,2.2,002 km N 61° W of Malungon (Sarangani),Ms,TECTONIC
1092,2025-06-09 01:42:15+00:00,6.06,124.47,12,2.5,002 km N 85° W of Maitum (Sarangani),Ms,TECTONIC
1093,2025-06-09 00:57:17+00:00,14.11,119.71,22,3.1,053 km N 58° W of Lubang (Occidental Mindoro),Ms,TECTONIC
1094,2025-06-08 23:02:24+00:00,8.66,126.23,8,2.8,009 km S 06° E of San Agustin (Surigao Del Sur),Ms,TECTONIC
1095,2025-06-08 22:57:00+00:00,9.15,126.92,7,3.4,073 km N 74° E of Bayabas (Surigao Del Sur),Ms,TECTONIC
1096,2025-06-08 21:58:02+00:00,13.72,120.62,167,2.9,013 km S 06° W of Calatagan (Batangas),Ms,TECTONIC
1097,2025-06-08 20:05:30+00:00,15.43,121.67,9,2.3,031 km N 82° E of Dingalan (Aurora),Ms,TECTONIC
1098,2025-06-08 19:37:01+00:00,8.83,126.68,6,3.0,042 km N 86° E of Marihatag (Surigao Del Sur),Ms,TECTONIC
1099,2025-06-08 16:40:40+00:00,8.72,126.61,22,2.3,035 km S 75° E of Marihatag (Surigao Del Sur),Ms,TECTONIC
1100,2025-06-08 15:27:41+00:00,6.25,124.09,5,2.7,012 km N 71° W of Palimbang (Sultan Kudarat),Ms,TECTONIC
1101,2025-06-08 15:22:10+00:00,15.01,119.82,9,2.5,028 km S 77° W of San Felipe (Zambales),Ms,TECTONIC
1102,2025-06-08 14:36:42+00:00,18.92,119.83,28,3.0,097 km N 62° W of Burgos (Ilocos Norte),Ms,TECTONIC
1103,2025-06-08 13:29:13+00:00,9.72,126.54,5,2.4,042 km S 80° E of General Luna (Surigao Del Norte),Ms,TECTONIC
1104,2025-06-08 13:18:26+00:00,9.76,126.47,12,2.7,034 km S 86° E of General Luna (Surigao Del Norte),Ms,TECTONIC
1105,2025-06-08 12:53:03+00:00,10.08,125.2,24,2.0,005 km N 63° E of San Francisco (Southern Leyte),Ms,TECTONIC
1106,2025-06-08 11:11:04+00:00,15.27,119.93,23,2.2,008 km S 40° W of Iba (Zambales),Ms,TECTONIC
1107,2025-06-08 10:10:42+00:00,5.82,124.27,7,3.4,036 km S 43° W of Maitum (Sarangani),Ms,TECTONIC
1108,2025-06-08 08:53:22+00:00,5.76,125.05,20,1.9,012 km S 27° E of Maasim (Sarangani),Ms,TECTONIC
1109,2025-06-08 08:13:12+00:00,9.25,126.35,21,2.3,017 km S 79° E of Cortes (Surigao Del Sur),Ms,TECTONIC
1110,2025-06-08 07:49:26+00:00,8.71,125.48,1,2.0,013 km S 79° W of Las Nieves (Agusan Del Norte),Ms,TECTONIC
1111,2025-06-08 06:52:05+00:00,11.85,125.41,33,1.9,006 km N 54° W of Sulat (Eastern Samar),Ms,TECTONIC
1112,2025-06-08 05:37:45+00:00,17.93,120.14,20,3.1,035 km N 78° W of Sinait (Ilocos Sur),Ms,TECTONIC
1113,2025-06-08 05:23:04+00:00,8.79,125.55,21,1.9,008 km N 39° W of Las Nieves (Agusan Del Norte),Ms,TECTONIC
1114,2025-06-08 05:08:29+00:00,5.37,126.26,88,2.6,088 km S 83° E of Sarangani Island (Municipality Of Sarangani) (Davao Occidental),Ms,TECTONIC
1115,2025-06-08 03:31:03+00:00,8.79,126.74,11,2.3,049 km S 89° E of Marihatag (Surigao Del Sur),Ms,TECTONIC
1116,2025-06-08 03:14:33+00:00,8.14,126.56,23,2.1,019 km N 55° E of Lingig (Surigao Del Sur),Ms,TECTONIC
1117,2025-06-08 03:01:37+00:00,10.92,122.52,15,2.0,004 km S 26° E of Janiuay (Iloilo),Ms,TECTONIC
1118,2025-06-08 02:20:02+00:00,12.52,123.63,5,2.1,013 km S 63° W of San Jacinto (Masbate),Ms,TECTONIC
1119,2025-06-08 02:12:10+00:00,16.33,120.52,22,1.8,006 km N 78° E of Pugo (La Union),Ms,TECTONIC
1120,2025-06-08 01:20:24+00:00,15.59,122.14,18,2.2,065 km S 73° E of Baler (Aurora),Ms,TECTONIC
1121,2025-06-08 01:04:21+00:00,9.75,126.45,11,3.3,033 km S 84° E of General Luna (Surigao Del Norte),Ms,TECTONIC
1122,2025-06-08 00:27:10+00:00,5.61,126.44,29,3.2,094 km S 69° E of Jose Abad Santos (Davao Occidental),Ms,TECTONIC
1123,2025-06-07 23:42:59+00:00,11.56,125.67,9,2.4,019 km N 62° E of Balangkayan (Eastern Samar),Ms,TECTONIC
1124,2025-06-07 23:34:00+00:00,18.04,120.52,28,2.5,002 km S 03° W of Paoay (Ilocos Norte),Ms,TECTONIC
1125,2025-06-07 23:33:41+00:00,9.16,126.31,23,1.9,017 km N 59° E of City Of Tandag (Surigao Del Sur),Ms,TECTONIC
1126,2025-06-07 22:32:02+00:00,5.52,126.63,64,3.5,117 km S 68° E of Jose Abad Santos (Davao Occidental),Ms,TECTONIC
1127,2025-06-07 22:03:22+00:00,7.36,127.47,3,4.0,100 km N 88° E of Caraga (Davao Oriental),Ms,TECTONIC
1128,2025-06-07 21:45:59+00:00,11.13,125.39,12,1.6,003 km N 14° E of Balangiga (Eastern Samar),Ms,TECTONIC
1129,2025-06-07 20:43:18+00:00,8.63,126.26,108,1.9,013 km S 18° E of San Agustin (Surigao Del Sur),Ms,TECTONIC
1130,2025-06-07 19:56:19+00:00,7.75,126.89,12,2.8,041 km N 62° E of Baganga (Davao Oriental),Ms,TECTONIC
1131,2025-06-07 19:29:37+00:00,16.93,120.96,33,1.4,009 km S 22° E of Sabangan (Mountain Province),Ms,TECTONIC
1132,2025-06-07 19:06:27+00:00,6.29,126.26,20,2.5,045 km S 28° E of Governor Generoso (Davao Oriental),Ms,TECTONIC
1133,2025-06-07 18:59:02+00:00,9.88,124.02,6,2.5,003 km N 28° E of Catigbian (Bohol),Ms,TECTONIC
1134,2025-06-07 18:51:56+00:00,6.75,126.54,100,1.7,035 km S 16° E of Tarragona (Davao Oriental),Ms,TECTONIC
1135,2025-06-07 18:49:45+00:00,10.79,125.59,41,2.0,016 km N 72° W of Homonhon Island (Guiuan) (Eastern Samar),Ms,TECTONIC
1136,2025-06-07 18:45:45+00:00,10.0,125.82,33,2.4,018 km N 62° E of Cagdianao (Dinagat Islands),Ms,TECTONIC
1137,2025-06-07 18:41:27+00:00,16.15,120.71,4,2.2,010 km N 23° E of San Manuel (Pangasinan),Ms,TECTONIC
1138,2025-06-07 17:59:42+00:00,8.4,122.68,34,1.8,031 km N 01° E of Liloy (Zamboanga Del Norte),Ms,TECTONIC
1139,2025-06-07 17:51:51+00:00,16.13,119.57,9,2.9,025 km N 87° W of Agno (Pangasinan),Ms,TECTONIC
1140,2025-06-07 17:34:57+00:00,18.86,120.58,8,3.0,039 km N 10° W of Burgos (Ilocos Norte),Ms,TECTONIC
1141,2025-06-07 17:21:05+00:00,7.35,123.26,14,1.9,013 km S 25° W of Pitogo (Zamboanga Del Sur),Ms,TECTONIC
1142,2025-06-07 17:05:35+00:00,13.66,120.68,102,1.7,020 km S 15° E of Calatagan (Batangas),Ms,TECTONIC
1143,2025-06-07 16:45:39+00:00,13.93,120.38,59,2.0,027 km N 32° E of Looc (Occidental Mindoro),Ms,TECTONIC
1144,2025-06-07 16:29:31+00:00,9.53,125.98,28,2.6,010 km S 07° E of Socorro (Surigao Del Norte),Ms,TECTONIC
1145,2025-06-07 16:21:45+00:00,13.19,124.14,8,2.7,002 km N 82° E of Rapu-rapu (Albay),Ms,TECTONIC
1146,2025-06-07 16:21:10+00:00,13.67,120.19,33,1.6,009 km S 51° W of Looc (Occidental Mindoro),Ms,TECTONIC
1147,2025-06-07 16:10:09+00:00,8.02,126.92,35,1.6,056 km S 88° E of Lingig (Surigao Del Sur),Ms,TECTONIC
1148,2025-06-07 16:01:22+00:00,5.44,124.24,34,2.4,074 km S 35° W of Kiamba (Sarangani),Ms,TECTONIC
1149,2025-06-07 15:45:51+00:00,17.12,121.52,31,1.7,010 km S 89° W of Roxas (Isabela),Ms,TECTONIC
1150,2025-06-07 15:39:34+00:00,12.64,123.5,5,2.7,018 km N 38° E of Aroroy (Masbate),Ms,TECTONIC
1151,2025-06-07 15:27:27+00:00,8.8,126.82,40,1.4,057 km S 90° E of Marihatag (Surigao Del Sur),Ms,TECTONIC
1152,2025-06-07 14:46:37+00:00,15.36,120.28,32,1.3,023 km S 58° W of San Jose (Tarlac),Ms,TECTONIC
1153,2025-06-07 14:37:32+00:00,8.04,126.88,24,1.6,051 km N 89° E of Lingig (Surigao Del Sur),Ms,TECTONIC
1154,2025-06-07 13:33:22+00:00,17.02,121.55,35,1.6,009 km S 86° W of San Manuel (Isabela),Ms,TECTONIC
1155,2025-06-07 11:10:58+00:00,15.32,122.83,36,1.6,087 km N 38° E of Jomalig (Quezon),Ms,TECTONIC
1156,2025-06-07 10:54:47+00:00,9.49,125.61,28,1.5,005 km N 41° E of Kitcharao (Agusan Del Norte),Ms,TECTONIC
1157,2025-06-07 10:53:48+00:00,9.35,125.6,4,2.3,010 km N 83° E of Jabonga (Agusan Del Norte),Ms,TECTONIC
1158,2025-06-07 10:38:06+00:00,6.21,126.61,40,2.0,077 km S 51° E of Governor Generoso (Davao Oriental),Ms,TECTONIC
1159,2025-06-07 10:20:44+00:00,9.79,122.6,34,1.1,006 km S 46° W of Candoni (Negros Occidental),Ms,TECTONIC
1160,2025-06-07 10:19:57+00:00,6.14,125.78,117,2.3,011 km S 57° E of Don Marcelino (Davao Occidental),Ms,TECTONIC
1161,2025-06-07 10:04:54+00:00,8.0,122.54,33,1.7,007 km S 13° E of Labason (Zamboanga Del Norte),Ms,TECTONIC
1162,2025-06-07 09:38:44+00:00,10.14,126.07,15,2.3,014 km North of Burgos (Surigao Del Norte),Ms,TECTONIC
1163,2025-06-07 08:54:25+00:00,12.71,124.07,6,2.9,004 km N 70° E of Irosin (Sorsogon),ML,VOLCANO-TECTONIC
1164,2025-06-07 08:34:16+00:00,9.94,125.83,15,1.8,017 km N 65° W of Del Carmen (Surigao Del Norte),Ms,TECTONIC
1165,2025-06-07 07:37:38+00:00,10.08,122.72,34,1.6,009 km N 40° W of Ilog (Negros Occidental),Ms,TECTONIC
1166,2025-06-07 06:45:54+00:00,9.99,125.19,25,2.5,008 km S 28° E of San Francisco (Southern Leyte),Ms,TECTONIC
1167,2025-06-07 06:44:13+00:00,8.64,126.38,30,1.6,019 km S 28° E of Marihatag (Surigao Del Sur),Ms,TECTONIC
1168,2025-06-07 05:46:26+00:00,8.12,123.62,1,2.0,008 km N 04° E of Bonifacio (Misamis Occidental),Ms,TECTONIC
1169,2025-06-07 03:52:00+00:00,6.04,126.27,41,2.0,066 km S 75° E of Don Marcelino (Davao Occidental),Ms,TECTONIC
1170,2025-06-07 03:41:26+00:00,12.81,119.71,34,2.2,079 km N 18° W of Busuanga (Palawan),Ms,TECTONIC
1171,2025-06-07 02:31:33+00:00,19.32,121.15,34,2.4,024 km N 15° W of Dalupiri Island (Calayan) (Cagayan),Ms,TECTONIC
1172,2025-06-07 01:57:55+00:00,10.71,125.67,14,2.2,007 km S 62° W of Homonhon Island (Guiuan) (Eastern Samar),Ms,TECTONIC
1173,2025-06-07 01:36:24+00:00,10.39,126.16,27,1.8,042 km N 12° E of Burgos (Surigao Del Norte),Ms,TECTONIC
1174,2025-06-07 00:47:45+00:00,4.63,125.95,135,2.5,105 km S 34° E of Balut Island (Municipality Of Sarangani) (Davao Occidental),Ms,TECTONIC
1175,2025-06-07 00:34:10+00:00,9.01,126.08,31,1.9,008 km N 36° E of San Miguel (Surigao Del Sur),Ms,TECTONIC
1176,2025-06-07 00:18:26+00:00,9.49,125.37,25,2.4,015 km S 15° W of Malimono (Surigao Del Norte),Ms,TECTONIC
1177,2025-06-06 23:55:28+00:00,17.47,121.07,5,1.9,015 km N 84° E of Daguioman (Abra),Ms,TECTONIC
1178,2025-06-06 23:35:11+00:00,9.34,125.67,18,2.6,015 km N 56° E of Santiago (Agusan Del Norte),Ms,TECTONIC
1179,2025-06-06 23:34:12+00:00,8.21,126.7,33,1.8,037 km N 59° E of Lingig (Surigao Del Sur),Ms,TECTONIC
1180,2025-06-06 21:49:48+00:00,9.69,125.59,10,1.8,001 km S 45° E of Taganaan (Surigao Del Norte),Ms,TECTONIC
1181,2025-06-06 21:09:49+00:00,15.53,122.0,11,2.4,053 km S 61° E of Baler (Aurora),Ms,TECTONIC
1182,2025-06-06 20:44:24+00:00,8.42,125.66,61,3.1,012 km S 44° W of San Luis (Agusan Del Sur),Ms,TECTONIC
1183,2025-06-06 20:38:34+00:00,15.22,119.91,51,2.0,014 km S 32° W of Iba (Zambales),Ms,TECTONIC
1184,2025-06-06 20:36:47+00:00,10.96,124.79,3,2.3,010 km S 78° W of Burauen (Leyte),Ms,TECTONIC
1185,2025-06-06 20:29:33+00:00,6.46,126.18,115,1.9,024 km S 30° E of Governor Generoso (Davao Oriental),Ms,TECTONIC
1186,2025-06-06 20:27:27+00:00,6.04,126.2,39,3.0,059 km S 73° E of Don Marcelino (Davao Occidental),Ms,TECTONIC
1187,2025-06-06 20:26:35+00:00,21.62,121.59,67,3.0,096 km N 16° W of Itbayat (Batanes),Ms,TECTONIC
1188,2025-06-06 20:23:29+00:00,13.57,123.56,32,2.0,005 km S 49° E of Sagñay (Camarines Sur),Ms,TECTONIC
1189,2025-06-06 19:21:35+00:00,6.04,126.22,37,3.6,061 km S 73° E of Don Marcelino (Davao Occidental),Ms,TECTONIC
1190,2025-06-06 19:18:29+00:00,10.74,126.33,14,3.0,066 km S 90° E of Homonhon Island (Guiuan) (Eastern Samar),Ms,TECTONIC
1191,2025-06-06 19:15:26+00:00,18.55,121.0,25,2.0,002 km S 30° E of Santa Praxedes (Cagayan),Ms,TECTONIC
1192,2025-06-06 19:08:16+00:00,8.29,126.46,17,2.5,015 km S 58° E of Hinatuan (Surigao Del Sur),Ms,TECTONIC
1193,2025-06-06 19:05:32+00:00,12.1,124.85,32,1.7,007 km S 36° W of Matuguinao (Samar),Ms,TECTONIC
1194,2025-06-06 18:46:27+00:00,12.26,125.45,19,2.0,008 km S 82° E of Arteche (Eastern Samar),Ms,TECTONIC
1195,2025-06-06 18:45:06+00:00,19.37,121.86,10,3.4,017 km S 18° W of Babuyan Island (Calayan) (Cagayan),Ms,TECTONIC
1196,2025-06-06 18:21:24+00:00,8.63,126.52,27,2.0,030 km S 53° E of Marihatag (Surigao Del Sur),Ms,TECTONIC
1197,2025-06-06 17:53:50+00:00,8.76,126.39,18,1.5,010 km S 68° E of Marihatag (Surigao Del Sur),Ms,TECTONIC
1198,2025-06-06 17:52:50+00:00,8.92,126.28,27,2.5,002 km S 87° W of Cagwait (Surigao Del Sur),Ms,TECTONIC
1199,2025-06-06 17:18:49+00:00,17.0,120.65,33,2.0,009 km N 85° W of Cervantes (Ilocos Sur),Ms,TECTONIC
1200,2025-06-06 16:23:32+00:00,17.06,121.54,26,2.1,010 km S 52° W of Roxas (Isabela),Ms,TECTONIC
1201,2025-06-06 16:17:30+00:00,17.02,121.57,22,1.7,007 km S 78° W of San Manuel (Isabela),Ms,TECTONIC
1202,2025-06-06 16:14:03+00:00,9.15,126.49,14,2.0,030 km N 49° E of Bayabas (Surigao Del Sur),Ms,TECTONIC
1203,2025-06-06 15:42:25+00:00,11.86,125.46,2,2.0,004 km N 06° E of Sulat (Eastern Samar),Ms,TECTONIC
1204,2025-06-06 15:26:06+00:00,20.15,121.15,30,2.6,078 km S 74° W of Sabtang (Batanes),Ms,TECTONIC
1205,2025-06-06 14:50:34+00:00,13.12,123.99,26,1.7,013 km N 90° E of Manito (Albay),Ms,TECTONIC
1206,2025-06-06 14:49:14+00:00,16.62,119.25,24,2.1,073 km N 70° W of Bolinao (Pangasinan),Ms,TECTONIC
1207,2025-06-06 14:40:45+00:00,9.08,126.31,29,1.7,011 km N 49° E of Tago (Surigao Del Sur),Ms,TECTONIC
1208,2025-06-06 14:33:01+00:00,12.17,125.1,26,3.3,015 km N 33° E of San Jose De Buan (Samar),Ms,TECTONIC
1209,2025-06-06 14:21:23+00:00,6.49,126.59,33,2.8,060 km S 73° E of Governor Generoso (Davao Oriental),Ms,TECTONIC
1210,2025-06-06 14:12:08+00:00,3.68,126.12,46,3.8,206 km S 22° E of Balut Island (Municipality Of Sarangani) (Davao Occidental),Ms,TECTONIC
1211,2025-06-06 12:38:26+00:00,9.41,126.56,2,1.9,042 km N 69° E of Cortes (Surigao Del Sur),Ms,TECTONIC
1212,2025-06-06 12:36:55+00:00,17.1,121.55,25,2.2,008 km S 74° W of Roxas (Isabela),Ms,TECTONIC
1213,2025-06-06 11:59:49+00:00,13.04,125.56,26,2.8,071 km N 28° E of Mapanas (Northern Samar),Ms,TECTONIC
1214,2025-06-06 11:38:23+00:00,6.31,126.79,33,2.5,088 km S 64° E of Governor Generoso (Davao Oriental),Ms,TECTONIC
1215,2025-06-06 11:28:49+00:00,17.08,121.48,32,1.7,015 km S 75° W of Roxas (Isabela),Ms,TECTONIC
1216,2025-06-06 11:18:43+00:00,17.08,121.6,38,1.8,005 km S 32° W of Roxas (Isabela),Ms,TECTONIC
1217,2025-06-06 11:07:45+00:00,20.2,121.86,44,1.7,014 km S 05° W of Sabtang (Batanes),Ms,TECTONIC
1218,2025-06-06 10:27:26+00:00,12.59,125.55,25,2.3,035 km N 68° E of Mapanas (Northern Samar),Ms,TECTONIC
1219,2025-06-06 09:12:35+00:00,18.59,120.09,10,2.3,059 km N 82° W of Burgos (Ilocos Norte),Ms,TECTONIC
1220,2025-06-06 09:06:35+00:00,13.89,122.95,2,2.2,012 km N 19° E of Lupi (Camarines Sur),Ms,TECTONIC
1221,2025-06-06 07:46:21+00:00,9.26,123.2,5,3.1,006 km S 68° W of Valencia (Negros Oriental),Ms,TECTONIC
1222,2025-06-06 05:15:29+00:00,14.01,120.25,76,2.0,021 km N 39° E of Lubang (Occidental Mindoro),Ms,TECTONIC
1223,2025-06-06 00:16:53+00:00,7.35,127.15,13,2.6,065 km N 88° E of Caraga (Davao Oriental),Ms,TECTONIC
1224,2025-06-06 00:04:58+00:00,7.36,127.33,8,3.8,084 km N 88° E of Caraga (Davao Oriental),Ms,TECTONIC
1225,2025-06-05 23:53:58+00:00,5.68,127.0,98,2.7,149 km S 44° E of Governor Generoso (Davao Oriental),Ms,TECTONIC
1226,2025-06-05 23:39:40+00:00,13.66,120.61,133,2.3,019 km S 09° W of Calatagan (Batangas),Ms,TECTONIC
1227,2025-06-05 23:25:47+00:00,5.76,125.59,50,2.3,018 km S 18° W of Jose Abad Santos (Davao Occidental),Ms,TECTONIC
1228,2025-06-05 23:03:30+00:00,13.11,124.13,7,2.9,008 km S 04° E of Rapu-rapu (Albay),Ms,TECTONIC
1229,2025-06-05 22:33:34+00:00,11.61,125.69,7,2.3,024 km N 58° E of Maydolong (Eastern Samar),Ms,TECTONIC
1230,2025-06-05 22:24:18+00:00,9.19,126.69,26,1.9,052 km N 60° E of Bayabas (Surigao Del Sur),Ms,TECTONIC
1231,2025-06-05 21:01:03+00:00,19.44,121.22,32,2.5,034 km N 55° W of Calayan (Cagayan),Ms,TECTONIC
1232,2025-06-05 20:48:57+00:00,11.58,124.89,30,1.8,004 km N 68° W of Villareal (Samar),Ms,TECTONIC
1233,2025-06-05 19:32:07+00:00,16.64,119.24,18,2.3,075 km N 68° W of Bolinao (Pangasinan),Ms,TECTONIC
1234,2025-06-05 19:30:36+00:00,16.64,119.25,20,2.7,073 km N 68° W of Bolinao (Pangasinan),Ms,TECTONIC
1235,2025-06-05 19:09:31+00:00,11.68,124.97,16,2.2,006 km S 55° W of San Sebastian (Samar),Ms,TECTONIC
1236,2025-06-05 18:50:01+00:00,17.09,121.44,42,2.2,011 km S 21° E of Paracelis (Mountain Province),Ms,TECTONIC
1237,2025-06-05 18:49:33+00:00,15.85,119.73,22,2.0,022 km N 64° W of Santa Cruz (Zambales),Ms,TECTONIC
1238,2025-06-05 18:12:47+00:00,10.76,125.25,33,1.5,026 km N 87° E of Abuyog (Leyte),Ms,TECTONIC
1239,2025-06-05 17:37:31+00:00,17.58,120.43,12,1.7,004 km S 89° E of Bantay (Ilocos Sur),Ms,TECTONIC
1240,2025-06-05 17:34:29+00:00,17.09,121.5,31,1.5,013 km S 74° W of Roxas (Isabela),Ms,TECTONIC
1241,2025-06-05 17:31:14+00:00,17.02,121.49,33,2.1,018 km S 50° W of Roxas (Isabela),Ms,TECTONIC
1242,2025-06-05 17:03:21+00:00,17.1,121.58,20,2.4,005 km S 60° W of Roxas (Isabela),Ms,TECTONIC
1243,2025-06-05 17:02:21+00:00,17.09,121.55,16,2.3,008 km S 62° W of Roxas (Isabela),Ms,TECTONIC
1244,2025-06-05 16:51:25+00:00,16.26,120.21,27,2.1,018 km S 66° W of Agoo (La Union),Ms,TECTONIC
1245,2025-06-05 16:15:54+00:00,9.06,125.91,22,1.6,019 km N 49° W of San Miguel (Surigao Del Sur),Ms,TECTONIC
1246,2025-06-05 15:54:13+00:00,7.85,127.08,10,2.9,065 km N 62° E of Baganga (Davao Oriental),Ms,TECTONIC
1247,2025-06-05 15:11:07+00:00,17.57,120.81,2,1.8,009 km S 62° E of Lagangilang (Abra),Ms,TECTONIC
1248,2025-06-05 15:01:08+00:00,10.23,126.06,12,1.8,023 km N 03° W of Burgos (Surigao Del Norte),Ms,TECTONIC
1249,2025-06-05 14:50:38+00:00,17.52,120.64,3,2.2,007 km N 32° E of San Isidro (Abra),Ms,TECTONIC
1250,2025-06-05 14:44:53+00:00,12.71,122.56,6,2.0,024 km N 12° E of Magdiwang (Romblon),Ms,TECTONIC
1251,2025-06-05 14:44:53+00:00,17.1,121.53,11,3.3,010 km S 75° W of Roxas (Isabela),Ms,TECTONIC
1252,2025-06-05 14:37:27+00:00,6.09,126.1,107,2.0,046 km S 75° E of Don Marcelino (Davao Occidental),Ms,TECTONIC
1253,2025-06-05 14:20:31+00:00,6.37,126.4,21,4.0,048 km S 49° E of Governor Generoso (Davao Oriental),Ms,TECTONIC
1254,2025-06-05 14:02:35+00:00,8.45,126.01,115,2.1,007 km N 07° E of Rosario (Agusan Del Sur),Ms,TECTONIC
1255,2025-06-05 13:57:35+00:00,16.17,121.99,10,1.9,019 km S 49° W of Casiguran (Aurora),Ms,TECTONIC
1256,2025-06-05 13:36:04+00:00,13.17,123.98,32,1.7,016 km S 83° W of Rapu-rapu (Albay),Ms,TECTONIC
1257,2025-06-05 13:35:45+00:00,5.91,124.4,37,2.5,019 km S 32° W of Maitum (Sarangani),Ms,TECTONIC
1258,2025-06-05 13:25:44+00:00,9.37,125.4,26,2.2,013 km N 79° W of Jabonga (Agusan Del Norte),Ms,TECTONIC
1259,2025-06-05 13:17:53+00:00,13.13,124.1,10,4.4,007 km S 28° W of Rapu-rapu (Albay),Mw,TECTONIC
1260,2025-06-05 13:03:18+00:00,12.36,124.48,18,2.0,016 km S 78° E of San Isidro (Northern Samar),Ms,TECTONIC
1261,2025-06-05 12:55:10+00:00,4.01,126.42,124,3.1,191 km S 36° E of Balut Island (Municipality Of Sarangani) (Davao Occidental),Ms,TECTONIC
1262,2025-06-05 12:50:58+00:00,19.16,121.11,33,1.7,011 km N 61° W of Dalupiri Island (Calayan) (Cagayan),Ms,TECTONIC
1263,2025-06-05 12:25:37+00:00,8.55,126.26,29,1.4,015 km N 49° E of Tagbina (Surigao Del Sur),Ms,TECTONIC
1264,2025-06-05 12:24:05+00:00,9.04,126.23,50,1.8,003 km North of Tago (Surigao Del Sur),Ms,TECTONIC
1265,2025-06-05 12:04:22+00:00,6.38,124.33,27,2.0,009 km S 07° E of Senator Ninoy Aquino (Sultan Kudarat),Ms,TECTONIC
1266,2025-06-05 11:58:18+00:00,7.89,126.04,26,1.7,007 km N 08° W of Monkayo (Davao De Oro),Ms,TECTONIC
1267,2025-06-05 11:34:19+00:00,9.12,126.22,54,2.1,008 km N 47° E of City Of Tandag (Surigao Del Sur),Ms,TECTONIC
1268,2025-06-05 11:22:21+00:00,13.12,124.14,5,3.8,008 km S 13° E of Rapu-rapu (Albay),Mw,TECTONIC
1269,2025-06-05 11:11:46+00:00,13.87,123.72,70,4.4,002 km S 41° E of Garchitorena (Camarines Sur),Mw,TECTONIC
1270,2025-06-05 10:21:32+00:00,8.37,125.98,12,2.2,003 km S 52° W of Rosario (Agusan Del Sur),Ms,TECTONIC
1271,2025-06-05 10:05:08+00:00,4.26,125.71,81,4.1,131 km S 14° E of Balut Island (Municipality Of Sarangani) (Davao Occidental),Ms,TECTONIC
1272,2025-06-05 09:35:07+00:00,9.49,125.35,24,2.1,016 km S 22° W of Malimono (Surigao Del Norte),Ms,TECTONIC
1273,2025-06-05 09:00:47+00:00,11.63,121.24,22,2.1,047 km S 45° W of Caluya (Antique),Ms,TECTONIC
1274,2025-06-05 08:19:12+00:00,6.14,125.98,138,2.5,032 km S 78° E of Don Marcelino (Davao Occidental),Ms,TECTONIC
1275,2025-06-05 05:01:00+00:00,8.89,126.37,31,1.9,008 km S 70° E of Cagwait (Surigao Del Sur),Ms,TECTONIC
1276,2025-06-05 05:00:11+00:00,17.2,121.51,34,2.0,011 km S 81° W of Mallig (Isabela),Ms,TECTONIC
1277,2025-06-05 04:13:58+00:00,17.11,121.66,20,2.3,005 km S 74° E of Roxas (Isabela),Ms,TECTONIC
1278,2025-06-05 03:57:31+00:00,17.17,121.49,35,2.0,009 km S 79° E of Paracelis (Mountain Province),Ms,TECTONIC
1279,2025-06-05 03:56:39+00:00,17.0,121.36,33,1.7,005 km N 61° E of Aguinaldo (Ifugao),Ms,TECTONIC
1280,2025-06-05 03:56:14+00:00,17.06,121.44,30,1.4,014 km S 16° E of Paracelis (Mountain Province),Ms,TECTONIC
1281,2025-06-05 03:55:35+00:00,10.13,126.16,17,3.0,015 km N 40° E of Burgos (Surigao Del Norte),Ms,TECTONIC
1282,2025-06-05 03:55:07+00:00,17.05,121.47,30,2.0,015 km N 08° W of Alfonso Lista (Ifugao),Ms,TECTONIC
1283,2025-06-05 03:39:02+00:00,6.33,125.78,131,3.4,017 km N 34° E of Don Marcelino (Davao Occidental),Ms,TECTONIC
1284,2025-06-05 03:34:06+00:00,13.65,120.6,113,2.3,021 km S 09° W of Calatagan (Batangas),Ms,TECTONIC
1285,2025-06-05 03:06:36+00:00,6.38,124.13,36,2.0,020 km N 19° W of Palimbang (Sultan Kudarat),Ms,TECTONIC
1286,2025-06-04 23:25:38+00:00,16.18,122.03,15,1.9,009 km N 64° E of Dinalungan (Aurora),Ms,TECTONIC
1287,2025-06-04 22:57:02+00:00,17.05,121.57,23,2.4,009 km S 34° W of Roxas (Isabela),Ms,TECTONIC
1288,2025-06-04 22:00:54+00:00,17.07,121.57,26,2.8,008 km S 46° W of Roxas (Isabela),Ms,TECTONIC
1289,2025-06-04 21:59:34+00:00,17.07,121.57,26,2.6,008 km S 48° W of Roxas (Isabela),Ms,TECTONIC
1290,2025-06-04 21:31:37+00:00,16.72,120.31,70,2.6,005 km N 83° W of Bacnotan (La Union),Ms,TECTONIC
1291,2025-06-04 21:03:06+00:00,9.1,126.03,111,3.6,016 km N 80° W of City Of Tandag (Surigao Del Sur),Ms,TECTONIC
1292,2025-06-04 20:20:15+00:00,15.25,122.55,7,3.0,066 km N 21° E of Jomalig (Quezon),Ms,TECTONIC
1293,2025-06-04 19:58:00+00:00,13.62,120.39,3,2.3,018 km S 53° E of Looc (Occidental Mindoro),Ms,TECTONIC
1294,2025-06-04 19:53:36+00:00,10.54,125.35,20,2.4,023 km N 45° E of Hinunangan (Southern Leyte),Ms,TECTONIC
1295,2025-06-04 19:44:29+00:00,17.04,121.64,33,2.1,001 km N 35° E of San Manuel (Isabela),Ms,TECTONIC
1296,2025-06-04 19:30:38+00:00,9.28,126.31,18,2.5,013 km N 88° E of Cortes (Surigao Del Sur),Ms,TECTONIC
1297,2025-06-04 19:22:53+00:00,12.63,123.39,25,2.4,013 km N 04° W of Aroroy (Masbate),Ms,TECTONIC
1298,2025-06-04 19:21:34+00:00,17.06,121.56,18,2.4,009 km S 44° W of Roxas (Isabela),Ms,TECTONIC
1299,2025-06-04 19:14:37+00:00,6.08,126.96,33,3.5,117 km S 57° E of Governor Generoso (Davao Oriental),Ms,TECTONIC
1300,2025-06-04 19:04:37+00:00,10.83,124.53,36,1.8,004 km N 57° W of Pilar (Cebu),Ms,TECTONIC
1301,2025-06-04 18:47:59+00:00,9.02,126.13,28,1.9,007 km S 35° W of City Of Tandag (Surigao Del Sur),Ms,TECTONIC
1302,2025-06-04 18:36:51+00:00,5.77,126.59,49,2.4,106 km S 81° E of Jose Abad Santos (Davao Occidental),Ms,TECTONIC
1303,2025-06-04 18:02:51+00:00,7.99,124.05,19,1.7,010 km S 04° W of Munai (Lanao Del Norte),Ms,TECTONIC
1304,2025-06-04 17:58:05+00:00,9.51,126.09,32,1.8,019 km S 50° E of Socorro (Surigao Del Norte),Ms,TECTONIC
1305,2025-06-04 17:54:54+00:00,4.84,126.58,68,2.8,141 km S 60° E of Sarangani Island (Municipality Of Sarangani) (Davao Occidental),Ms,TECTONIC
1306,2025-06-04 17:38:01+00:00,15.08,122.8,9,1.9,066 km N 50° E of Jomalig (Quezon),Ms,TECTONIC
1307,2025-06-04 17:25:33+00:00,13.15,124.02,31,2.6,012 km S 69° W of Rapu-rapu (Albay),Ms,TECTONIC
1308,2025-06-04 17:10:40+00:00,13.07,124.34,35,1.6,016 km N 80° E of Prieto Diaz (Sorsogon),Ms,TECTONIC
1309,2025-06-04 17:02:43+00:00,17.05,121.55,24,2.3,011 km S 41° W of Roxas (Isabela),Ms,TECTONIC
1310,2025-06-04 16:55:45+00:00,17.77,120.6,3,2.5,011 km N 41° W of Danglas (Abra),Ms,TECTONIC
1311,2025-06-04 16:55:05+00:00,9.32,122.29,29,2.9,037 km S 32° W of Hinoba-an (Negros Occidental),Ms,TECTONIC
1312,2025-06-04 16:28:25+00:00,15.16,119.95,23,2.6,011 km S 89° W of Cabangan (Zambales),Ms,TECTONIC
1313,2025-06-04 15:56:40+00:00,10.46,122.56,48,1.7,007 km S 15° E of Nueva Valencia (Guimaras),Ms,TECTONIC
1314,2025-06-04 15:31:34+00:00,11.59,124.36,4,2.2,004 km S 39° W of Almeria (Biliran),Ms,TECTONIC
1315,2025-06-04 15:26:32+00:00,15.67,120.12,10,2.1,021 km N 76° E of Candelaria (Zambales),Ms,TECTONIC
1316,2025-06-04 15:18:39+00:00,14.3,123.57,32,1.7,046 km N 47° E of Siruma (Camarines Sur),Ms,TECTONIC
1317,2025-06-04 15:09:26+00:00,10.18,126.07,14,3.4,018 km N 03° W of Burgos (Surigao Del Norte),Ms,TECTONIC
1318,2025-06-04 14:34:27+00:00,14.25,123.97,2,1.9,032 km N 44° W of Pandan (Catanduanes),Ms,TECTONIC
1319,2025-06-04 14:13:58+00:00,5.75,125.1,24,2.5,014 km S 54° W of Glan (Sarangani),Ms,TECTONIC
1320,2025-06-04 13:52:39+00:00,16.71,119.26,9,3.0,077 km N 62° W of Bolinao (Pangasinan),Ms,TECTONIC
1321,2025-06-04 13:46:53+00:00,9.37,125.65,2,2.0,012 km S 40° E of Kitcharao (Agusan Del Norte),Ms,TECTONIC
1322,2025-06-04 13:40:56+00:00,10.72,125.74,7,2.5,003 km S 39° E of Homonhon Island (Guiuan) (Eastern Samar),Ms,TECTONIC
1323,2025-06-04 13:30:13+00:00,10.71,125.58,19,2.4,016 km S 78° W of Homonhon Island (Guiuan) (Eastern Samar),Ms,TECTONIC
1324,2025-06-04 13:28:36+00:00,16.84,119.17,7,2.8,092 km N 57° W of Bolinao (Pangasinan),Ms,TECTONIC
1325,2025-06-04 13:22:48+00:00,16.72,119.14,8,2.8,088 km N 65° W of Bolinao (Pangasinan),Ms,TECTONIC
1326,2025-06-04 13:13:38+00:00,13.45,121.52,31,1.9,027 km N 59° E of Naujan (Oriental Mindoro),Ms,TECTONIC
1327,2025-06-04 13:07:43+00:00,10.43,125.12,1,3.2,016 km N 71° E of Sogod (Southern Leyte),Ms,TECTONIC
1328,2025-06-04 12:43:55+00:00,17.1,121.57,19,2.8,005 km S 66° W of Roxas (Isabela),Ms,TECTONIC
1329,2025-06-04 12:23:44+00:00,6.51,126.34,27,2.1,034 km S 61° E of Governor Generoso (Davao Oriental),Ms,TECTONIC
1330,2025-06-04 12:15:12+00:00,8.04,126.76,4,2.7,038 km S 89° E of Lingig (Surigao Del Sur),Ms,TECTONIC
1331,2025-06-04 10:52:43+00:00,9.92,124.1,9,2.1,001 km N 53° E of Sagbayan (Bohol),Ms,TECTONIC
1332,2025-06-04 10:41:21+00:00,3.15,127.47,156,4.5,338 km S 42° E of Balut Island (Municipality Of Sarangani) (Davao Occidental),Ms,TECTONIC
1333,2025-06-04 10:20:12+00:00,13.73,120.92,34,1.7,003 km S 56° W of Mabini (Batangas),Ms,TECTONIC
1334,2025-06-04 08:27:41+00:00,17.04,121.54,24,2.6,010 km N 81° W of San Manuel (Isabela),Ms,TECTONIC
1335,2025-06-04 08:01:30+00:00,18.18,120.93,22,2.4,013 km N 68° E of Carasi (Ilocos Norte),Ms,TECTONIC
1336,2025-06-04 07:08:37+00:00,17.03,121.49,33,1.9,015 km West of San Manuel (Isabela),Ms,TECTONIC
1337,2025-06-04 06:50:46+00:00,5.7,127.19,81,2.9,163 km S 49° E of Governor Generoso (Davao Oriental),Ms,TECTONIC
1338,2025-06-04 05:56:13+00:00,7.3,126.4,19,3.2,019 km S 80° W of Caraga (Davao Oriental),Ms,TECTONIC
1339,2025-06-04 04:59:00+00:00,7.99,126.04,12,2.4,002 km N 50° E of Santa Josefa (Agusan Del Sur),Ms,TECTONIC
1340,2025-06-04 04:58:48+00:00,16.26,120.27,19,3.0,012 km S 57° W of Agoo (La Union),Ms,TECTONIC
1341,2025-06-04 04:02:20+00:00,17.09,121.57,16,2.0,006 km S 51° W of Roxas (Isabela),Ms,TECTONIC
1342,2025-06-04 03:38:01+00:00,16.22,121.9,24,1.7,011 km N 35° W of Dinalungan (Aurora),Ms,TECTONIC
1343,2025-06-04 02:33:52+00:00,10.59,126.39,20,3.5,072 km N 29° E of Burgos (Surigao Del Norte),Ms,TECTONIC
1344,2025-06-04 02:12:44+00:00,17.05,121.54,28,1.8,010 km N 79° W of San Manuel (Isabela),Ms,TECTONIC
1345,2025-06-04 02:11:53+00:00,17.1,121.55,18,1.7,008 km S 73° W of Roxas (Isabela),Ms,TECTONIC
1346,2025-06-04 01:20:01+00:00,7.73,122.93,20,2.3,007 km N 72° E of Siay (Zamboanga Sibugay),Ms,TECTONIC
1347,2025-06-04 00:22:05+00:00,16.98,121.48,24,1.5,007 km N 11° W of Alfonso Lista (Ifugao),Ms,TECTONIC
1348,2025-06-03 23:46:40+00:00,17.1,121.59,21,2.2,004 km S 46° W of Roxas (Isabela),Ms,TECTONIC
1349,2025-06-03 23:22:58+00:00,17.1,121.45,33,1.2,010 km S 30° E of Paracelis (Mountain Province),Ms,TECTONIC
1350,2025-06-03 23:04:04+00:00,17.0,121.42,19,1.6,010 km N 79° E of Aguinaldo (Ifugao),Ms,TECTONIC
1351,2025-06-03 23:03:34+00:00,17.1,121.53,23,1.3,010 km S 76° W of Roxas (Isabela),Ms,TECTONIC
1352,2025-06-03 22:56:10+00:00,17.08,121.52,20,2.1,012 km S 66° W of Roxas (Isabela),Ms,TECTONIC
1353,2025-06-03 22:54:46+00:00,17.11,121.55,10,2.2,007 km S 83° W of Roxas (Isabela),Ms,TECTONIC
1354,2025-06-03 22:48:14+00:00,17.11,121.52,20,2.3,011 km S 85° W of Roxas (Isabela),Ms,TECTONIC
1355,2025-06-03 22:46:06+00:00,17.1,121.43,37,1.4,009 km S 18° E of Paracelis (Mountain Province),Ms,TECTONIC
1356,2025-06-03 22:18:56+00:00,17.11,121.38,6,1.8,008 km S 20° W of Paracelis (Mountain Province),Ms,TECTONIC
1357,2025-06-03 22:08:44+00:00,17.05,121.56,27,1.5,008 km N 69° W of San Manuel (Isabela),Ms,TECTONIC
1358,2025-06-03 22:01:36+00:00,17.09,121.59,19,1.7,005 km S 40° W of Roxas (Isabela),Ms,TECTONIC
1359,2025-06-03 21:53:13+00:00,17.1,121.57,14,3.0,006 km S 68° W of Roxas (Isabela),Ms,TECTONIC
1360,2025-06-03 21:29:23+00:00,17.1,121.53,21,1.7,010 km S 78° W of Roxas (Isabela),Ms,TECTONIC
1361,2025-06-03 21:27:11+00:00,17.11,121.62,10,3.2,001 km S 13° W of Roxas (Isabela),Ms,TECTONIC
1362,2025-06-03 21:21:40+00:00,3.7,126.17,28,2.8,207 km S 24° E of Balut Island (Municipality Of Sarangani) (Davao Occidental),Ms,TECTONIC
1363,2025-06-03 21:13:12+00:00,16.91,119.09,5,2.0,104 km N 56° W of Bolinao (Pangasinan),Ms,TECTONIC
1364,2025-06-03 21:10:31+00:00,16.75,118.89,31,2.4,114 km N 69° W of Bolinao (Pangasinan),Ms,TECTONIC
1365,2025-06-03 21:03:20+00:00,17.14,121.59,29,2.0,004 km N 48° W of Roxas (Isabela),Ms,TECTONIC
1366,2025-06-03 20:47:24+00:00,17.11,121.48,35,1.4,012 km S 47° E of Paracelis (Mountain Province),Ms,TECTONIC
1367,2025-06-03 20:41:15+00:00,17.07,121.58,28,1.5,007 km S 37° W of Roxas (Isabela),Ms,TECTONIC
1368,2025-06-03 20:39:38+00:00,9.95,122.38,13,2.5,021 km N 16° W of City Of Sipalay (Negros Occidental),Ms,TECTONIC
1369,2025-06-03 20:34:18+00:00,13.21,124.09,7,1.9,005 km N 61° W of Rapu-rapu (Albay),Ms,TECTONIC
1370,2025-06-03 20:28:51+00:00,17.09,121.67,4,2.8,006 km S 55° E of Roxas (Isabela),Ms,TECTONIC
1371,2025-06-03 20:24:24+00:00,17.11,121.6,15,1.6,002 km S 71° W of Roxas (Isabela),Ms,TECTONIC
1372,2025-06-03 20:18:20+00:00,10.76,125.74,6,3.0,003 km N 33° E of Homonhon Island (Guiuan) (Eastern Samar),Ms,TECTONIC
1373,2025-06-03 20:10:53+00:00,17.13,121.45,33,1.7,007 km S 41° E of Paracelis (Mountain Province),Ms,TECTONIC
1374,2025-06-03 20:08:59+00:00,17.03,121.5,29,2.1,012 km N 07° E of Alfonso Lista (Ifugao),Ms,TECTONIC
1375,2025-06-03 20:04:35+00:00,17.16,121.42,37,1.4,003 km S 31° E of Paracelis (Mountain Province),Ms,TECTONIC
1376,2025-06-03 20:03:26+00:00,17.15,121.49,35,1.3,010 km S 66° E of Paracelis (Mountain Province),Ms,TECTONIC
1377,2025-06-03 19:53:40+00:00,8.94,126.11,101,3.5,008 km S 82° E of San Miguel (Surigao Del Sur),Ms,TECTONIC
1378,2025-06-03 19:48:13+00:00,17.05,121.55,27,2.1,009 km N 75° W of San Manuel (Isabela),Ms,TECTONIC
1379,2025-06-03 19:47:24+00:00,11.79,122.04,10,2.3,007 km S 55° W of Nabas (Aklan),Ms,TECTONIC
1380,2025-06-03 19:46:13+00:00,17.11,121.59,16,2.5,003 km S 77° W of Roxas (Isabela),Ms,TECTONIC
1381,2025-06-03 19:44:56+00:00,9.18,126.04,5,1.9,006 km S 25° W of Lanuza (Surigao Del Sur),Ms,TECTONIC
1382,2025-06-03 19:39:26+00:00,6.43,127.33,109,2.3,119 km S 55° E of Tarragona (Davao Oriental),Ms,TECTONIC
1383,2025-06-03 19:38:49+00:00,9.16,126.75,29,2.4,055 km N 67° E of Bayabas (Surigao Del Sur),Ms,TECTONIC
1384,2025-06-03 19:38:04+00:00,17.15,121.49,34,1.5,010 km S 70° E of Paracelis (Mountain Province),Ms,TECTONIC
1385,2025-06-03 19:33:34+00:00,17.04,121.57,24,1.8,006 km N 75° W of San Manuel (Isabela),Ms,TECTONIC
1386,2025-06-03 19:26:08+00:00,17.03,121.53,27,2.0,010 km N 86° W of San Manuel (Isabela),Ms,TECTONIC
1387,2025-06-03 19:25:45+00:00,16.95,121.54,24,1.4,006 km N 57° E of Alfonso Lista (Ifugao),Ms,TECTONIC
1388,2025-06-03 19:23:54+00:00,17.1,121.57,14,2.7,006 km S 63° W of Roxas (Isabela),Ms,TECTONIC
1389,2025-06-03 19:20:52+00:00,6.28,127.18,2,2.8,116 km S 43° E of Tarragona (Davao Oriental),Ms,TECTONIC
1390,2025-06-03 19:15:29+00:00,9.16,126.43,17,2.1,027 km N 37° E of Bayabas (Surigao Del Sur),Ms,TECTONIC
1391,2025-06-03 19:13:34+00:00,17.04,121.56,24,1.8,007 km N 79° W of San Manuel (Isabela),Ms,TECTONIC
1392,2025-06-03 19:10:01+00:00,10.91,123.15,9,2.5,006 km S 24° E of Manapla (Negros Occidental),Ms,TECTONIC
1393,2025-06-03 18:48:24+00:00,10.19,126.99,30,2.4,101 km N 64° E of General Luna (Surigao Del Norte),Ms,TECTONIC
1394,2025-06-03 18:33:13+00:00,6.32,126.78,2,2.6,086 km S 65° E of Governor Generoso (Davao Oriental),Ms,TECTONIC
1395,2025-06-03 18:14:41+00:00,14.84,121.72,25,1.5,014 km N 52° E of General Nakar (Quezon),Ms,TECTONIC
1396,2025-06-03 18:05:43+00:00,17.16,121.39,32,1.7,002 km S 29° W of Paracelis (Mountain Province),Ms,TECTONIC
1397,2025-06-03 18:01:22+00:00,17.04,121.55,27,1.4,009 km N 79° W of San Manuel (Isabela),Ms,TECTONIC
1398,2025-06-03 18:00:00+00:00,5.95,126.35,127,2.6,078 km S 69° E of Don Marcelino (Davao Occidental),Ms,TECTONIC
1399,2025-06-03 17:46:45+00:00,17.1,121.56,25,1.3,006 km S 67° W of Roxas (Isabela),Ms,TECTONIC
1400,2025-06-03 17:39:33+00:00,5.86,126.44,12,2.7,089 km S 86° E of Jose Abad Santos (Davao Occidental),Ms,TECTONIC
1401,2025-06-03 17:39:21+00:00,17.08,121.6,35,1.7,005 km S 30° W of Roxas (Isabela),Ms,TECTONIC
1402,2025-06-03 17:18:59+00:00,16.92,121.4,8,2.1,009 km West of Alfonso Lista (Ifugao),Ms,TECTONIC
1403,2025-06-03 17:03:22+00:00,15.88,120.86,35,1.6,006 km S 25° E of Umingan (Pangasinan),Ms,TECTONIC
1404,2025-06-03 17:00:34+00:00,6.37,127.21,18,3.1,113 km S 48° E of Tarragona (Davao Oriental),Ms,TECTONIC
1405,2025-06-03 16:55:58+00:00,17.04,121.56,28,1.8,007 km N 81° W of San Manuel (Isabela),Ms,TECTONIC
1406,2025-06-03 16:52:00+00:00,17.04,121.55,27,3.0,008 km N 83° W of San Manuel (Isabela),Ms,TECTONIC
1407,2025-06-03 16:47:07+00:00,17.06,121.57,26,1.7,007 km N 65° W of San Manuel (Isabela),Ms,TECTONIC
1408,2025-06-03 16:46:18+00:00,17.06,121.54,26,1.6,010 km N 71° W of San Manuel (Isabela),Ms,TECTONIC
1409,2025-06-03 16:44:25+00:00,16.96,121.45,25,1.3,006 km N 43° W of Alfonso Lista (Ifugao),Ms,TECTONIC
1410,2025-06-03 16:43:17+00:00,17.05,121.56,26,1.9,008 km N 70° W of San Manuel (Isabela),Ms,TECTONIC
1411,2025-06-03 16:43:01+00:00,9.47,126.04,33,1.7,015 km N 42° E of Carrascal (Surigao Del Sur),Ms,TECTONIC
1412,2025-06-03 16:41:36+00:00,17.14,121.43,32,1.5,006 km S 30° E of Paracelis (Mountain Province),Ms,TECTONIC
1413,2025-06-03 16:39:56+00:00,17.05,121.53,25,1.5,011 km N 77° W of San Manuel (Isabela),Ms,TECTONIC
1414,2025-06-03 16:38:59+00:00,17.08,121.57,18,1.5,007 km S 45° W of Roxas (Isabela),Ms,TECTONIC
1415,2025-06-03 16:27:19+00:00,17.06,121.48,40,1.5,015 km N 05° W of Alfonso Lista (Ifugao),Ms,TECTONIC
1416,2025-06-03 16:05:28+00:00,17.05,121.53,25,1.4,010 km N 75° W of San Manuel (Isabela),Ms,TECTONIC
1417,2025-06-03 16:03:12+00:00,17.04,121.56,25,1.5,007 km N 77° W of San Manuel (Isabela),Ms,TECTONIC
1418,2025-06-03 16:00:00+00:00,17.05,121.54,27,2.7,009 km N 72° W of San Manuel (Isabela),Ms,TECTONIC
1419,2025-06-03 15:57:40+00:00,17.15,121.51,33,1.8,012 km N 74° W of Roxas (Isabela),Ms,TECTONIC
1420,2025-06-03 15:52:31+00:00,17.06,121.56,23,3.0,008 km N 65° W of San Manuel (Isabela),Ms,TECTONIC
1421,2025-06-03 15:48:11+00:00,17.02,121.54,27,1.6,010 km S 85° W of San Manuel (Isabela),Ms,TECTONIC
1422,2025-06-03 15:37:01+00:00,17.11,121.55,16,2.9,007 km S 81° W of Roxas (Isabela),Ms,TECTONIC
1423,2025-06-03 15:32:29+00:00,17.14,121.5,34,1.4,013 km N 79° W of Roxas (Isabela),Ms,TECTONIC
1424,2025-06-03 15:31:47+00:00,17.05,121.56,25,1.6,007 km N 68° W of San Manuel (Isabela),Ms,TECTONIC
1425,2025-06-03 15:30:14+00:00,17.08,121.56,27,1.5,008 km S 51° W of Roxas (Isabela),Ms,TECTONIC
1426,2025-06-03 15:27:40+00:00,17.04,121.55,26,2.1,009 km N 80° W of San Manuel (Isabela),Ms,TECTONIC
1427,2025-06-03 15:27:21+00:00,17.09,121.58,18,2.7,006 km S 49° W of Roxas (Isabela),Ms,TECTONIC
1428,2025-06-03 15:24:52+00:00,17.06,121.56,26,1.8,008 km N 67° W of San Manuel (Isabela),Ms,TECTONIC
1429,2025-06-03 15:23:57+00:00,17.04,121.54,28,1.7,009 km N 83° W of San Manuel (Isabela),Ms,TECTONIC
1430,2025-06-03 15:18:06+00:00,16.98,121.23,29,1.5,010 km S 88° W of Aguinaldo (Ifugao),Ms,TECTONIC
1431,2025-06-03 15:12:33+00:00,17.17,121.5,33,1.8,010 km S 83° E of Paracelis (Mountain Province),Ms,TECTONIC
1432,2025-06-03 15:10:04+00:00,17.15,121.51,34,2.1,012 km N 77° W of Roxas (Isabela),Ms,TECTONIC
1433,2025-06-03 15:08:16+00:00,17.1,121.59,14,3.6,004 km S 08° W of Roxas (Isabela),Ms,TECTONIC
1434,2025-06-03 15:06:37+00:00,16.63,119.14,23,2.4,084 km N 72° W of Bolinao (Pangasinan),Ms,TECTONIC
1435,2025-06-03 14:57:37+00:00,16.77,121.26,19,1.7,014 km N 20° E of Lamut (Ifugao),Ms,TECTONIC
1436,2025-06-03 14:44:00+00:00,17.04,121.56,25,2.2,008 km N 79° W of San Manuel (Isabela),Ms,TECTONIC
1437,2025-06-03 14:41:43+00:00,17.1,121.5,33,1.5,013 km S 81° W of Roxas (Isabela),Ms,TECTONIC
1438,2025-06-03 14:39:11+00:00,17.25,121.53,34,1.5,010 km N 64° W of Mallig (Isabela),Ms,TECTONIC
1439,2025-06-03 14:36:09+00:00,17.06,121.49,32,2.2,015 km S 65° W of Roxas (Isabela),Ms,TECTONIC
1440,2025-06-03 14:34:12+00:00,17.13,121.5,34,1.4,012 km N 85° W of Roxas (Isabela),Ms,TECTONIC
1441,2025-06-03 14:32:24+00:00,17.05,121.57,20,2.3,007 km N 70° W of San Manuel (Isabela),Ms,TECTONIC
1442,2025-06-03 14:26:59+00:00,17.08,121.6,21,3.1,021 km N 34° E of Alfonso Lista (Ifugao),Ms,TECTONIC
1443,2025-06-03 14:26:14+00:00,17.06,121.57,26,1.3,008 km N 61° W of San Manuel (Isabela),Ms,TECTONIC
1444,2025-06-03 14:25:14+00:00,17.06,121.55,26,1.4,009 km N 68° W of San Manuel (Isabela),Ms,TECTONIC
1445,2025-06-03 14:23:30+00:00,17.05,121.49,32,2.4,015 km N 81° W of San Manuel (Isabela),Ms,TECTONIC
1446,2025-06-03 14:21:56+00:00,17.06,121.48,31,2.3,016 km S 64° W of Roxas (Isabela),Ms,TECTONIC
1447,2025-06-03 14:18:45+00:00,17.06,121.56,23,1.6,008 km N 63° W of San Manuel (Isabela),Ms,TECTONIC
1448,2025-06-03 14:15:00+00:00,16.83,119.02,24,2.4,105 km N 62° W of Bolinao (Pangasinan),Ms,TECTONIC
1449,2025-06-03 14:11:48+00:00,6.56,125.05,4,2.1,017 km S 35° E of Columbio (Sultan Kudarat),Ms,TECTONIC
1450,2025-06-03 14:11:22+00:00,17.05,121.49,32,2.6,014 km North of Alfonso Lista (Ifugao),Ms,TECTONIC
1451,2025-06-03 14:09:57+00:00,16.77,118.91,26,2.7,113 km N 68° W of Bolinao (Pangasinan),Ms,TECTONIC
1452,2025-06-03 14:09:34+00:00,17.04,121.56,27,2.0,008 km N 78° W of San Manuel (Isabela),Ms,TECTONIC
1453,2025-06-03 14:06:12+00:00,17.12,121.56,12,3.1,007 km N 86° W of Roxas (Isabela),Ms,TECTONIC
1454,2025-06-03 14:03:57+00:00,17.05,121.54,27,1.6,009 km N 75° W of San Manuel (Isabela),Ms,TECTONIC
1455,2025-06-03 14:02:40+00:00,17.06,121.56,26,1.9,008 km N 66° W of San Manuel (Isabela),Ms,TECTONIC
1456,2025-06-03 14:00:28+00:00,13.96,120.49,110,1.5,019 km S 63° W of Lian (Batangas),Ms,TECTONIC
1457,2025-06-03 13:57:55+00:00,17.04,121.58,20,1.6,006 km N 75° W of San Manuel (Isabela),Ms,TECTONIC
1458,2025-06-03 13:52:25+00:00,17.02,121.55,26,1.8,008 km S 84° W of San Manuel (Isabela),Ms,TECTONIC
1459,2025-06-03 13:49:34+00:00,17.01,121.45,27,2.0,011 km N 26° W of Alfonso Lista (Ifugao),Ms,TECTONIC
1460,2025-06-03 13:49:11+00:00,17.08,121.47,30,1.8,017 km N 07° W of Alfonso Lista (Ifugao),Ms,TECTONIC
1461,2025-06-03 13:47:36+00:00,17.06,121.58,19,2.2,006 km N 54° W of San Manuel (Isabela),Ms,TECTONIC
1462,2025-06-03 13:44:09+00:00,17.09,121.59,19,2.7,005 km S 34° W of Roxas (Isabela),Ms,TECTONIC
1463,2025-06-03 13:43:14+00:00,17.04,121.64,28,2.1,002 km N 58° E of San Manuel (Isabela),Ms,TECTONIC
1464,2025-06-03 13:42:33+00:00,17.1,121.65,27,2.4,004 km S 59° E of Roxas (Isabela),Ms,TECTONIC
1465,2025-06-03 13:40:10+00:00,17.04,121.54,25,2.2,012 km S 41° W of Roxas (Isabela),Ms,TECTONIC
1466,2025-06-03 13:37:35+00:00,17.05,121.55,27,2.2,011 km S 43° W of Roxas (Isabela),Ms,TECTONIC
1467,2025-06-03 13:09:40+00:00,17.01,121.39,29,1.4,007 km N 64° E of Aguinaldo (Ifugao),Ms,TECTONIC
1468,2025-06-03 13:07:48+00:00,17.06,121.55,27,2.1,009 km S 47° W of Roxas (Isabela),Ms,TECTONIC
1469,2025-06-03 13:06:13+00:00,17.12,121.67,6,2.7,006 km S 84° E of Roxas (Isabela),Ms,TECTONIC
1470,2025-06-03 12:37:44+00:00,17.07,121.55,23,2.4,010 km S 52° W of Roxas (Isabela),Ms,TECTONIC
1471,2025-06-03 12:22:15+00:00,17.02,121.52,23,1.6,012 km S 84° W of San Manuel (Isabela),Ms,TECTONIC
1472,2025-06-03 11:59:53+00:00,11.96,121.61,5,1.8,008 km N 63° E of Caluya (Antique),Ms,TECTONIC
1473,2025-06-03 11:58:16+00:00,8.99,125.7,19,1.8,014 km S 61° E of Remedios T. Romualdez (Agusan Del Norte),Ms,TECTONIC
1474,2025-06-03 11:35:40+00:00,9.83,125.23,33,1.3,011 km S 28° W of San Ricardo (Southern Leyte),Ms,TECTONIC
1475,2025-06-03 11:35:23+00:00,17.12,121.43,33,1.4,007 km S 22° E of Paracelis (Mountain Province),Ms,TECTONIC
1476,2025-06-03 11:11:43+00:00,17.08,121.58,18,1.9,007 km S 43° W of Roxas (Isabela),Ms,TECTONIC
1477,2025-06-03 10:24:19+00:00,17.12,121.52,21,1.6,011 km S 88° W of Roxas (Isabela),Ms,TECTONIC
1478,2025-06-03 09:11:52+00:00,17.13,121.52,17,2.2,010 km N 81° W of Roxas (Isabela),Ms,TECTONIC
1479,2025-06-03 08:04:22+00:00,13.16,120.13,22,2.8,046 km S 52° W of Paluan (Occidental Mindoro),Ms,TECTONIC
1480,2025-06-03 08:01:14+00:00,17.12,121.56,16,3.0,006 km S 89° W of Roxas (Isabela),Ms,TECTONIC
1481,2025-06-03 07:27:58+00:00,8.88,127.64,18,2.7,147 km S 88° E of Cagwait (Surigao Del Sur),Ms,TECTONIC
1482,2025-06-03 06:45:14+00:00,8.92,126.19,44,1.5,012 km S 67° W of Bayabas (Surigao Del Sur),Ms,TECTONIC
1483,2025-06-03 06:38:29+00:00,17.21,121.44,17,2.2,006 km N 52° E of Paracelis (Mountain Province),Ms,TECTONIC
1484,2025-06-03 06:27:19+00:00,15.9,120.69,34,1.3,002 km N 68° E of Balungao (Pangasinan),Ms,TECTONIC
1485,2025-06-03 06:14:28+00:00,17.03,121.45,27,1.6,017 km S 16° E of Paracelis (Mountain Province),Ms,TECTONIC
1486,2025-06-03 05:57:02+00:00,17.13,121.45,19,2.7,018 km N 87° W of Roxas (Isabela),Ms,TECTONIC
1487,2025-06-03 05:49:21+00:00,7.59,122.93,34,1.6,006 km S 04° W of Imelda (Zamboanga Sibugay),Ms,TECTONIC
1488,2025-06-03 05:18:49+00:00,17.08,121.55,15,2.6,009 km S 58° W of Roxas (Isabela),Ms,TECTONIC
1489,2025-06-03 05:08:32+00:00,10.02,126.07,13,3.5,000 km North of Burgos (Surigao Del Norte),Ms,TECTONIC
1490,2025-06-03 04:50:43+00:00,6.8,125.7,32,2.2,031 km S 02° W of Island Garden City Of Samal (Davao Del Norte),Ms,TECTONIC
1491,2025-06-03 04:36:55+00:00,17.11,121.58,16,3.3,004 km S 81° W of Roxas (Isabela),Ms,TECTONIC
1492,2025-06-03 04:28:14+00:00,17.12,121.56,14,3.5,006 km S 89° W of Roxas (Isabela),Ms,TECTONIC
1493,2025-06-03 03:24:19+00:00,17.11,121.57,18,2.3,006 km S 83° W of Roxas (Isabela),Ms,TECTONIC
1494,2025-06-03 03:16:12+00:00,17.07,121.55,19,1.9,009 km S 52° W of Roxas (Isabela),Ms,TECTONIC
1495,2025-06-03 03:16:11+00:00,10.08,123.15,6,3.2,013 km N 26° W of Jimalalud (Negros Oriental),Ms,TECTONIC
1496,2025-06-03 03:11:56+00:00,5.59,123.96,32,2.5,073 km S 20° W of Palimbang (Sultan Kudarat),Ms,TECTONIC
1497,2025-06-03 02:59:05+00:00,11.98,121.39,33,1.5,017 km N 72° W of Caluya (Antique),Ms,TECTONIC
1498,2025-06-03 02:22:01+00:00,8.9,126.06,16,1.6,006 km S 26° E of San Miguel (Surigao Del Sur),Ms,TECTONIC
1499,2025-06-03 00:11:03+00:00,14.18,120.38,224,2.8,030 km N 68° W of Nasugbu (Batangas),Ms,TECTONIC
1500,2025-06-03 00:00:51+00:00,8.42,126.15,132,2.1,005 km S 10° W of Tagbina (Surigao Del Sur),Ms,TECTONIC
1501,2025-06-02 23:54:24+00:00,12.76,120.95,15,2.0,021 km N 04° E of Calintaan (Occidental Mindoro),Ms,TECTONIC
1502,2025-06-02 22:27:56+00:00,9.03,125.5,28,1.9,003 km N 57° W of Magallanes (Agusan Del Norte),Ms,TECTONIC
1503,2025-06-02 22:16:28+00:00,19.05,121.24,17,3.2,007 km S 26° E of Dalupiri Island (Calayan) (Cagayan),Ms,TECTONIC
1504,2025-06-02 22:11:34+00:00,8.26,126.62,31,2.4,033 km S 69° E of Hinatuan (Surigao Del Sur),Ms,TECTONIC
1505,2025-06-02 21:34:33+00:00,19.05,121.17,8,2.5,009 km S 31° W of Dalupiri Island (Calayan) (Cagayan),Ms,TECTONIC
1506,2025-06-02 20:52:54+00:00,8.76,126.5,34,3.1,023 km S 79° E of Marihatag (Surigao Del Sur),Ms,TECTONIC
1507,2025-06-02 20:46:44+00:00,11.47,125.77,11,3.1,022 km N 51° E of Hernani (Eastern Samar),Ms,TECTONIC
1508,2025-06-02 20:42:34+00:00,10.39,122.44,30,2.0,019 km S 38° W of Nueva Valencia (Guimaras),Ms,TECTONIC
1509,2025-06-02 20:22:44+00:00,12.56,124.7,24,2.6,008 km N 47° W of Mondragon (Northern Samar),Ms,TECTONIC
1510,2025-06-02 20:08:44+00:00,10.02,122.2,18,2.5,038 km N 42° W of City Of Sipalay (Negros Occidental),Ms,TECTONIC
1511,2025-06-02 19:12:33+00:00,9.66,123.66,12,1.6,013 km N 52° W of Panglao (Bohol),Ms,TECTONIC
1512,2025-06-02 17:55:26+00:00,18.48,120.85,16,2.2,005 km N 77° W of Adams (Ilocos Norte),Ms,TECTONIC
1513,2025-06-02 17:47:01+00:00,17.11,121.62,19,2.3,002 km S 07° W of Roxas (Isabela),Ms,TECTONIC
1514,2025-06-02 17:41:22+00:00,6.94,126.72,169,2.4,033 km S 68° E of Tarragona (Davao Oriental),Ms,TECTONIC
1515,2025-06-02 17:35:36+00:00,17.1,121.6,20,2.2,003 km S 39° W of Roxas (Isabela),Ms,TECTONIC
1516,2025-06-02 17:26:09+00:00,10.02,126.44,14,2.3,040 km N 90° E of Burgos (Surigao Del Norte),Ms,TECTONIC
1517,2025-06-02 17:22:52+00:00,10.14,126.66,4,4.0,066 km N 78° E of Burgos (Surigao Del Norte),Ms,TECTONIC
1518,2025-06-02 17:01:54+00:00,17.1,121.47,32,2.0,012 km S 39° E of Paracelis (Mountain Province),Ms,TECTONIC
1519,2025-06-02 16:59:47+00:00,17.09,121.57,35,1.5,006 km S 57° W of Roxas (Isabela),Ms,TECTONIC
1520,2025-06-02 16:46:31+00:00,9.96,125.18,10,1.9,008 km N 75° W of Pintuyan (Southern Leyte),Ms,TECTONIC
1521,2025-06-02 16:45:32+00:00,17.1,121.64,8,2.8,003 km S 40° E of Roxas (Isabela),Ms,TECTONIC
1522,2025-06-02 16:40:40+00:00,17.07,121.58,21,2.1,007 km S 35° W of Roxas (Isabela),Ms,TECTONIC
1523,2025-06-02 16:37:06+00:00,10.06,123.1,7,2.4,015 km N 52° W of Jimalalud (Negros Oriental),Ms,TECTONIC
1524,2025-06-02 16:33:26+00:00,17.08,121.62,33,1.3,004 km S 06° W of Roxas (Isabela),Ms,TECTONIC
1525,2025-06-02 16:07:26+00:00,17.08,121.57,18,1.9,007 km S 49° W of Roxas (Isabela),Ms,TECTONIC
1526,2025-06-02 15:58:46+00:00,8.43,127.34,15,3.2,111 km N 86° E of Hinatuan (Surigao Del Sur),Ms,TECTONIC
1527,2025-06-02 15:39:24+00:00,17.07,121.57,25,1.8,008 km S 42° W of Roxas (Isabela),Ms,TECTONIC
1528,2025-06-02 15:25:15+00:00,17.07,121.59,18,1.9,006 km N 47° W of San Manuel (Isabela),Ms,TECTONIC
1529,2025-06-02 15:16:56+00:00,17.12,121.45,33,1.4,018 km S 90° W of Roxas (Isabela),Ms,TECTONIC
1530,2025-06-02 15:16:19+00:00,17.03,121.56,20,1.5,007 km N 87° W of San Manuel (Isabela),Ms,TECTONIC
1531,2025-06-02 15:14:56+00:00,10.36,125.19,3,2.4,004 km S 23° W of Hinunangan (Southern Leyte),Ms,TECTONIC
1532,2025-06-02 15:12:28+00:00,17.06,121.58,22,1.8,006 km N 58° W of San Manuel (Isabela),Ms,TECTONIC
1533,2025-06-02 15:02:00+00:00,8.63,126.64,27,2.2,042 km S 64° E of Marihatag (Surigao Del Sur),Ms,TECTONIC
1534,2025-06-02 14:59:04+00:00,8.15,125.99,9,2.6,004 km S 17° W of Bunawan (Agusan Del Sur),Ms,TECTONIC
1535,2025-06-02 14:30:21+00:00,5.95,127.03,2,2.2,130 km S 54° E of Governor Generoso (Davao Oriental),Ms,TECTONIC
1536,2025-06-02 14:28:19+00:00,13.44,124.68,9,2.0,041 km S 53° E of Baras (Catanduanes),Ms,TECTONIC
1537,2025-06-02 13:42:54+00:00,17.1,121.57,18,2.2,006 km S 67° W of Roxas (Isabela),Ms,TECTONIC
1538,2025-06-02 13:33:30+00:00,12.6,122.36,25,1.8,010 km N 71° E of Romblon (Romblon),Ms,TECTONIC
1539,2025-06-02 13:32:22+00:00,9.26,125.6,6,3.1,004 km S 83° E of Santiago (Agusan Del Norte),Ms,TECTONIC
1540,2025-06-02 13:10:22+00:00,17.11,121.55,19,1.9,008 km S 79° W of Roxas (Isabela),Ms,TECTONIC
1541,2025-06-02 12:07:09+00:00,17.1,121.64,6,3.3,003 km S 47° E of Roxas (Isabela),Ms,TECTONIC
1542,2025-06-02 11:49:02+00:00,6.76,126.27,31,2.2,022 km S 16° E of City Of Mati (Davao Oriental),Ms,TECTONIC
1543,2025-06-02 11:34:40+00:00,12.81,121.9,57,1.8,016 km N 81° W of Corcuera (Romblon),Ms,TECTONIC
1544,2025-06-02 11:10:52+00:00,9.95,126.1,34,2.2,002 km N 40° E of San Isidro (Surigao Del Norte),Ms,TECTONIC
1545,2025-06-02 10:12:04+00:00,17.09,121.75,2,2.2,005 km N 86° E of Burgos (Isabela),Ms,TECTONIC
1546,2025-06-02 10:10:05+00:00,17.06,121.66,9,1.6,008 km S 32° E of Roxas (Isabela),Ms,TECTONIC
1547,2025-06-02 09:47:29+00:00,10.66,125.8,19,2.1,013 km S 42° E of Homonhon Island (Guiuan) (Eastern Samar),Ms,TECTONIC
1548,2025-06-02 09:30:52+00:00,10.19,123.22,33,2.0,010 km N 39° W of City Of Guihulngan (Negros Oriental),Ms,TECTONIC
1549,2025-06-02 08:33:13+00:00,9.46,126.32,3,3.7,025 km N 34° E of Cortes (Surigao Del Sur),Ms,TECTONIC
1550,2025-06-02 07:37:13+00:00,6.95,123.66,18,2.5,042 km S 72° W of Datu Blah T. Sinsuat (Maguindanao Del Norte),Ms,TECTONIC
1551,2025-06-02 07:01:33+00:00,6.12,127.09,94,3.3,126 km S 35° E of Tarragona (Davao Oriental),Ms,TECTONIC
1552,2025-06-02 05:32:11+00:00,16.72,119.19,14,3.5,083 km N 64° W of Bolinao (Pangasinan),Ms,TECTONIC
1553,2025-06-02 05:21:37+00:00,9.92,126.12,31,2.2,004 km S 66° E of San Isidro (Surigao Del Norte),Ms,TECTONIC
1554,2025-06-02 04:24:17+00:00,17.11,121.56,24,1.7,006 km S 76° W of Roxas (Isabela),Ms,TECTONIC
1555,2025-06-02 03:00:30+00:00,16.1,119.81,21,2.9,002 km S 36° E of Agno (Pangasinan),Ms,TECTONIC
1556,2025-06-02 02:35:15+00:00,8.47,125.95,12,1.7,006 km S 35° W of San Francisco (Agusan Del Sur),Ms,TECTONIC
1557,2025-06-02 00:18:13+00:00,17.12,121.51,30,2.4,013 km S 58° E of Paracelis (Mountain Province),Ms,TECTONIC
1558,2025-06-01 23:24:57+00:00,17.06,121.43,37,1.7,013 km S 11° E of Paracelis (Mountain Province),Ms,TECTONIC
1559,2025-06-01 23:07:15+00:00,16.94,121.47,33,2.4,003 km N 52° W of Alfonso Lista (Ifugao),Ms,TECTONIC
1560,2025-06-01 23:06:12+00:00,17.08,121.63,4,2.1,005 km S 13° E of Roxas (Isabela),Ms,TECTONIC
1561,2025-06-01 22:56:58+00:00,17.05,121.55,24,1.5,009 km N 77° W of San Manuel (Isabela),Ms,TECTONIC
1562,2025-06-01 22:30:13+00:00,17.11,121.48,33,2.5,011 km S 49° E of Paracelis (Mountain Province),Ms,TECTONIC
1563,2025-06-01 22:24:40+00:00,17.11,121.55,17,2.5,007 km S 79° W of Roxas (Isabela),Ms,TECTONIC
1564,2025-06-01 22:16:45+00:00,9.39,126.64,2,2.8,050 km N 76° E of Cortes (Surigao Del Sur),Ms,TECTONIC
1565,2025-06-01 21:49:51+00:00,16.86,122.96,20,2.1,061 km S 68° E of Palanan (Isabela),Ms,TECTONIC
1566,2025-06-01 20:29:38+00:00,17.08,121.63,5,2.4,004 km S 15° E of Roxas (Isabela),Ms,TECTONIC
1567,2025-06-01 20:18:54+00:00,7.59,126.5,28,2.2,007 km N 77° W of Baganga (Davao Oriental),Ms,TECTONIC
1568,2025-06-01 20:13:29+00:00,9.17,126.23,28,1.8,012 km N 32° E of City Of Tandag (Surigao Del Sur),Ms,TECTONIC
1569,2025-06-01 20:02:56+00:00,9.26,123.15,5,2.9,011 km S 75° W of Valencia (Negros Oriental),Ms,TECTONIC
1570,2025-06-01 19:29:01+00:00,8.0,127.01,8,2.5,066 km N 70° E of Cateel (Davao Oriental),Ms,TECTONIC
1571,2025-06-01 19:16:03+00:00,17.05,121.57,23,2.2,006 km N 69° W of San Manuel (Isabela),Ms,TECTONIC
1572,2025-06-01 18:52:04+00:00,17.05,121.55,25,1.7,009 km N 77° W of San Manuel (Isabela),Ms,TECTONIC
1573,2025-06-01 18:26:09+00:00,5.82,126.42,25,2.6,086 km S 83° E of Jose Abad Santos (Davao Occidental),Ms,TECTONIC
1574,2025-06-01 18:23:26+00:00,4.27,126.32,103,3.2,160 km S 38° E of Balut Island (Municipality Of Sarangani) (Davao Occidental),Ms,TECTONIC
1575,2025-06-01 17:53:45+00:00,17.11,121.63,12,2.6,002 km S 46° E of Roxas (Isabela),Ms,TECTONIC
1576,2025-06-01 17:45:23+00:00,17.01,121.42,37,1.8,019 km S 04° E of Paracelis (Mountain Province),Ms,TECTONIC
1577,2025-06-01 17:39:18+00:00,6.75,126.25,38,3.1,022 km N 62° E of Governor Generoso (Davao Oriental),Ms,TECTONIC
1578,2025-06-01 17:18:18+00:00,7.07,126.5,15,1.3,006 km N 68° E of Tarragona (Davao Oriental),Ms,TECTONIC
1579,2025-06-01 17:13:23+00:00,11.19,125.69,13,3.3,006 km N 33° E of Salcedo (Eastern Samar),Ms,TECTONIC
1580,2025-06-01 17:01:20+00:00,9.89,122.27,31,1.9,022 km N 53° W of City Of Sipalay (Negros Occidental),Ms,TECTONIC
1581,2025-06-01 17:00:36+00:00,13.58,120.57,80,2.4,021 km N 34° E of Paluan (Occidental Mindoro),Ms,TECTONIC
1582,2025-06-01 16:58:28+00:00,10.35,126.06,23,1.6,037 km N 02° W of Burgos (Surigao Del Norte),Ms,TECTONIC
1583,2025-06-01 16:46:11+00:00,10.45,126.12,12,2.7,048 km N 06° E of Burgos (Surigao Del Norte),Ms,TECTONIC
1584,2025-06-01 16:28:53+00:00,9.44,126.22,5,2.7,018 km N 11° E of Cortes (Surigao Del Sur),Ms,TECTONIC
1585,2025-06-01 16:28:04+00:00,13.63,120.8,53,1.6,009 km S 67° W of Tingloy (Batangas),Ms,TECTONIC
1586,2025-06-01 16:27:27+00:00,6.26,125.23,69,2.1,014 km S 18° W of Malungon (Sarangani),Ms,TECTONIC
1587,2025-06-01 16:12:39+00:00,9.53,122.54,15,2.4,029 km S 24° E of City Of Sipalay (Negros Occidental),Ms,TECTONIC
1588,2025-06-01 16:03:23+00:00,6.38,125.42,28,2.8,016 km N 89° E of Malungon (Sarangani),Ms,TECTONIC
1589,2025-06-01 15:51:18+00:00,9.44,126.21,2,3.8,018 km N 06° E of Cortes (Surigao Del Sur),Ms,TECTONIC
1590,2025-06-01 15:48:44+00:00,10.79,125.4,3,2.6,035 km S 02° E of Balangiga (Eastern Samar),Ms,TECTONIC
1591,2025-06-01 15:35:29+00:00,9.43,126.18,2,3.4,019 km N 04° E of Cortes (Surigao Del Sur),Ms,TECTONIC
1592,2025-06-01 14:35:14+00:00,11.74,125.43,29,1.6,003 km S 68° W of San Julian (Eastern Samar),Ms,TECTONIC
1593,2025-06-01 14:23:22+00:00,6.2,125.88,107,2.7,020 km East of Don Marcelino (Davao Occidental),Ms,TECTONIC
1594,2025-06-01 14:11:39+00:00,17.11,121.57,28,1.8,005 km S 76° W of Roxas (Isabela),Ms,TECTONIC
1595,2025-06-01 14:08:56+00:00,17.08,121.44,32,2.0,012 km S 20° E of Paracelis (Mountain Province),Ms,TECTONIC
1596,2025-06-01 13:55:54+00:00,12.66,124.9,10,2.2,011 km N 14° W of Pambujan (Northern Samar),Ms,TECTONIC
1597,2025-06-01 13:15:43+00:00,8.88,126.4,45,2.8,012 km S 71° E of Cagwait (Surigao Del Sur),Ms,TECTONIC
1598,2025-06-01 13:12:51+00:00,7.73,126.58,31,2.3,016 km S 64° E of Cateel (Davao Oriental),Ms,TECTONIC
1599,2025-06-01 12:53:05+00:00,11.92,125.5,33,2.3,009 km N 80° E of Taft (Eastern Samar),Ms,TECTONIC
1600,2025-06-01 12:33:47+00:00,6.86,125.12,1,2.5,011 km S 16° E of Makilala (Cotabato),Ms,TECTONIC
1601,2025-06-01 11:40:08+00:00,9.55,125.07,29,2.3,037 km S 79° W of Malimono (Surigao Del Norte),Ms,TECTONIC
1602,2025-06-01 11:06:08+00:00,12.53,125.6,22,2.5,036 km N 64° E of Gamay (Northern Samar),Ms,TECTONIC
1603,2025-06-01 11:04:31+00:00,15.09,119.64,36,2.2,045 km S 80° W of Cabangan (Zambales),Ms,TECTONIC
1604,2025-06-01 10:13:29+00:00,12.13,123.93,1,2.1,002 km S 19° E of Palanas (Masbate),Ms,TECTONIC
1605,2025-06-01 09:23:46+00:00,17.23,120.6,88,2.0,002 km S 67° E of San Emilio (Ilocos Sur),Ms,TECTONIC
1606,2025-06-01 09:12:02+00:00,11.66,125.33,26,2.0,012 km N 63° W of City Of Borongan (Eastern Samar),Ms,TECTONIC
1607,2025-06-01 08:53:52+00:00,16.93,120.37,23,2.1,008 km N 07° W of Luna (La Union),Ms,TECTONIC
1608,2025-06-01 07:59:07+00:00,10.29,125.16,13,1.9,003 km N 55° E of Saint Bernard (Southern Leyte),Ms,TECTONIC
1609,2025-06-01 07:46:05+00:00,9.35,126.44,27,2.3,029 km N 72° E of Cortes (Surigao Del Sur),Ms,TECTONIC
1610,2025-06-01 07:32:38+00:00,13.55,120.66,93,2.6,014 km N 32° W of Abra De Ilog (Occidental Mindoro),Ms,TECTONIC
1611,2025-06-01 07:21:24+00:00,9.64,126.1,29,1.8,014 km S 21° E of Dapa (Surigao Del Norte),Ms,TECTONIC
1612,2025-06-01 04:19:48+00:00,9.55,126.11,23,2.4,018 km S 64° E of Socorro (Surigao Del Norte),Ms,TECTONIC
1613,2025-06-01 04:09:09+00:00,13.65,120.6,94,1.4,020 km S 10° W of Calatagan (Batangas),Ms,TECTONIC
1614,2025-06-01 03:33:03+00:00,9.73,125.46,8,2.4,007 km S 33° E of San Francisco (Surigao Del Norte),Ms,TECTONIC
1615,2025-06-01 03:29:22+00:00,11.72,124.91,30,1.8,011 km S 57° W of Motiong (Samar),Ms,TECTONIC
1616,2025-06-01 02:01:03+00:00,2.48,125.46,145,3.9,324 km S 01° E of Balut Island (Municipality Of Sarangani) (Davao Occidental),Ms,TECTONIC
1617,2025-06-01 01:28:40+00:00,6.55,125.21,5,2.2,009 km S 32° W of Kiblawan (Davao Del Sur),Ms,TECTONIC
1618,2025-06-01 01:09:20+00:00,9.94,125.5,165,2.2,011 km S 83° W of Dinagat (Dinagat Islands),Ms,TECTONIC
1619,2025-05-31 23:46:10+00:00,9.39,125.69,31,1.4,014 km S 63° E of Kitcharao (Agusan Del Norte),Ms,TECTONIC
1620,2025-05-31 23:42:29+00:00,7.16,123.59,30,3.1,039 km S 30° E of Tabina (Zamboanga Del Sur),Ms,TECTONIC
1621,2025-05-31 23:42:26+00:00,13.48,120.65,95,2.4,009 km N 67° W of Abra De Ilog (Occidental Mindoro),Ms,TECTONIC
1622,2025-05-31 22:48:06+00:00,20.5,122.16,13,3.4,021 km N 74° E of Basco (Batanes),Ms,TECTONIC
1623,2025-05-31 22:25:30+00:00,7.02,123.44,44,1.8,049 km S 16° E of Pitogo (Zamboanga Del Sur),Ms,TECTONIC
1624,2025-05-31 22:11:47+00:00,8.31,125.86,63,2.2,007 km N 61° E of La Paz (Agusan Del Sur),Ms,TECTONIC
1625,2025-05-31 21:24:56+00:00,9.03,125.68,10,2.3,011 km S 76° E of Remedios T. Romualdez (Agusan Del Norte),Ms,TECTONIC
1626,2025-05-31 21:20:55+00:00,6.22,126.4,120,2.4,060 km S 37° E of Governor Generoso (Davao Oriental),Ms,TECTONIC
1627,2025-05-31 20:53:18+00:00,10.41,123.08,32,2.0,012 km N 34° E of La Castellana (Negros Occidental),Ms,TECTONIC
1628,2025-05-31 20:21:10+00:00,9.53,126.21,30,1.8,029 km S 12° E of General Luna (Surigao Del Norte),Ms,TECTONIC
1629,2025-05-31 19:14:47+00:00,6.46,125.93,24,2.8,026 km S 37° W of Governor Generoso (Davao Oriental),Ms,TECTONIC
1630,2025-05-31 19:14:07+00:00,17.27,121.21,3,2.3,003 km S 53° W of Tanudan (Kalinga),Ms,TECTONIC
1631,2025-05-31 19:00:27+00:00,7.68,126.53,59,2.3,012 km N 19° W of Baganga (Davao Oriental),Ms,TECTONIC
1632,2025-05-31 18:26:48+00:00,6.18,126.23,119,2.6,055 km S 18° E of Governor Generoso (Davao Oriental),Ms,TECTONIC
1633,2025-05-31 18:18:36+00:00,13.17,122.56,2,2.4,020 km S 11° E of San Francisco (Quezon),Ms,TECTONIC
1634,2025-05-31 17:31:29+00:00,8.81,126.27,26,2.3,003 km N 73° W of Marihatag (Surigao Del Sur),Ms,TECTONIC
1635,2025-05-31 16:56:59+00:00,11.01,123.15,2,3.1,006 km N 26° E of Manapla (Negros Occidental),Ms,TECTONIC
1636,2025-05-31 16:18:26+00:00,8.74,127.15,9,3.3,093 km S 86° E of Marihatag (Surigao Del Sur),Ms,TECTONIC
