,datetime,lat,lon,depth_km,mag,location,mag_type,event_type
0,2025-04-30 15:53:46+00:00,4.47,126.36,19.0,4.4,147 km S 45° E of Balut Island (Municipality Of Sarangani) (Davao Occidental),Ms,TECTONIC
1,2025-04-30 15:48:14+00:00,9.94,126.07,33.0,2.0,006 km S 31° E of San Benito (Surigao Del Norte),Ms,TECTONIC
2,2025-04-30 14:44:22+00:00,7.43,127.24,23.0,3.0,076 km N 82° E of Caraga (Davao Oriental),Ms,TECTONIC
3,2025-04-30 12:49:37+00:00,9.43,122.18,24.0,2.6,037 km S 59° W of Hinoba-an (Negros Occidental),Ms,TECTONIC
4,2025-04-30 12:10:11+00:00,8.97,126.11,71.0,2.5,009 km N 74° E of San Miguel (Surigao Del Sur),Ms,TECTONIC
5,2025-04-30 11:56:18+00:00,11.61,124.5,26.0,3.0,007 km S 43° W of Culaba (Biliran),Ms,TECTONIC
6,2025-04-30 11:32:34+00:00,10.83,122.94,32.0,1.0,005 km N 51° W of City Of Silay (Negros Occidental),Ms,TECTONIC
7,2025-04-30 11:04:17+00:00,12.72,124.87,8.0,2.6,018 km N 20° W of Pambujan (Northern Samar),Ms,TECTONIC
8,2025-04-30 10:24:59+00:00,2.66,126.81,148.0,4.4,341 km S 27° E of Balut Island (Municipality Of Sarangani) (Davao Occidental),Ms,TECTONIC
9,2025-04-30 09:03:22+00:00,8.37,125.88,2.0,2.4,014 km S 83° W of Rosario (Agusan Del Sur),Ms,TECTONIC
10,2025-04-30 08:43:05+00:00,8.86,126.49,22.0,2.4,021 km S 73° E of Cagwait (Surigao Del Sur),Ms,TECTONIC
11,2025-04-30 07:54:10+00:00,7.39,127.01,12.0,2.6,049 km N 82° E of Caraga (Davao Oriental),Ms,TECTONIC
12,2025-04-30 07:48:30+00:00,4.56,125.08,16.0,3.5,102 km S 22° W of Balut Island (Municipality Of Sarangani) (Davao Occidental),Ms,TECTONIC
13,2025-04-30 07:12:20+00:00,9.82,126.17,34.0,1.6,004 km N 16° E of General Luna (Surigao Del Norte),Ms,TECTONIC
14,2025-04-30 06:29:21+00:00,13.41,120.45,17.0,1.9,002 km S 62° W of Paluan (Occidental Mindoro),Ms,TECTONIC
15,2025-04-30 06:04:36+00:00,13.05,123.97,1.0,2.1,010 km N 39° W of City Of Sorsogon (Sorsogon),Ms,TECTONIC
16,2025-04-30 05:58:06+00:00,10.4,125.19,7.0,2.7,008 km N 52° W of Hinundayan (Southern Leyte),Ms,TECTONIC
17,2025-04-30 05:56:04+00:00,19.19,121.41,23.0,1.8,010 km S 43° W of Calayan (Cagayan),Ms,TECTONIC
18,2025-04-30 05:24:41+00:00,2.73,125.89,95.0,4.4,301 km S 10° E of Balut Island (Municipality Of Sarangani) (Davao Occidental),Ms,TECTONIC
19,2025-04-30 05:01:09+00:00,7.79,124.11,12.0,2.1,003 km N 49° E of Pagayawan (Lanao Del Sur),Ms,TECTONIC
20,2025-04-30 03:09:35+00:00,7.84,125.78,26.0,1.8,003 km N 18° W of Laak (Davao De Oro),Ms,TECTONIC
21,2025-04-30 02:56:43+00:00,9.65,125.32,33.0,1.7,009 km N 66° W of Malimono (Surigao Del Norte),Ms,TECTONIC
22,2025-04-30 00:28:10+00:00,10.19,126.06,13.0,1.9,020 km N 04° W of Burgos (Surigao Del Norte),Ms,TECTONIC
23,2025-04-29 23:43:32+00:00,11.62,124.69,21.0,1.8,012 km S 82° W of Daram (Samar),Ms,TECTONIC
24,2025-04-29 23:39:10+00:00,12.52,125.12,12.0,2.2,003 km S 02° E of Palapag (Northern Samar),Ms,TECTONIC
25,2025-04-29 21:53:54+00:00,11.28,124.59,6.0,2.2,006 km S 70° W of Capoocan (Leyte),Ms,TECTONIC
26,2025-04-29 20:32:33+00:00,10.43,125.74,32.0,1.6,019 km N 67° E of Loreto (Dinagat Islands),Ms,TECTONIC
27,2025-04-29 20:25:57+00:00,19.16,121.39,28.0,3.1,020 km N 73° E of Dalupiri Island (Calayan) (Cagayan),Ms,TECTONIC
28,2025-04-29 20:11:00+00:00,13.97,120.52,95.0,1.4,016 km S 62° W of Lian (Batangas),Ms,TECTONIC
29,2025-04-29 19:44:24+00:00,11.87,126.16,15.0,2.9,076 km S 76° E of Dolores (Eastern Samar),Ms,TECTONIC
30,2025-04-29 19:27:31+00:00,5.96,125.94,143.0,2.5,033 km N 81° E of Jose Abad Santos (Davao Occidental),Ms,TECTONIC
31,2025-04-29 19:23:21+00:00,10.29,125.19,24.0,2.0,003 km N 35° E of San Juan (Southern Leyte),Ms,TECTONIC
32,2025-04-29 18:58:46+00:00,6.28,126.12,107.0,2.0,041 km S 08° E of Governor Generoso (Davao Oriental),Ms,TECTONIC
33,2025-04-29 18:40:42+00:00,17.63,120.62,34.0,1.8,004 km N 05° W of Bangued (Abra),Ms,TECTONIC
34,2025-04-29 18:33:21+00:00,17.5,120.64,11.0,3.3,005 km N 45° E of San Isidro (Abra),Ms,TECTONIC
35,2025-04-29 17:48:32+00:00,18.3,120.79,9.0,2.2,016 km N 29° E of Piddig (Ilocos Norte),Ms,TECTONIC
36,2025-04-29 16:13:05+00:00,9.9,126.0,33.0,1.6,005 km N 52° E of Del Carmen (Surigao Del Norte),Ms,TECTONIC
37,2025-04-29 16:07:15+00:00,18.02,120.66,1.0,3.3,003 km S 47° W of Marcos (Ilocos Norte),Ms,TECTONIC
38,2025-04-29 15:38:58+00:00,9.81,123.89,8.0,3.4,004 km N 12° W of Antequera (Bohol),Ms,TECTONIC
39,2025-04-29 15:38:09+00:00,7.28,126.96,18.0,2.4,044 km S 83° E of Caraga (Davao Oriental),Ms,TECTONIC
40,2025-04-29 15:32:29+00:00,10.75,122.26,33.0,1.5,003 km N 09° W of Igbaras (Iloilo),Ms,TECTONIC
41,2025-04-29 15:22:29+00:00,16.15,119.86,24.0,1.5,004 km S 08° W of Bani (Pangasinan),Ms,TECTONIC
42,2025-04-29 13:51:39+00:00,19.8,121.57,22.0,2.7,048 km N 49° W of Babuyan Island (Calayan) (Cagayan),Ms,TECTONIC
43,2025-04-29 13:26:54+00:00,10.68,124.97,5.0,3.8,009 km S 33° W of Abuyog (Leyte),Ms,TECTONIC
44,2025-04-29 13:02:47+00:00,17.5,121.83,29.0,1.2,007 km N 35° E of San Pablo (Isabela),Ms,TECTONIC
45,2025-04-29 12:54:34+00:00,5.3,126.06,101.0,3.4,068 km S 73° E of Sarangani Island (Municipality Of Sarangani) (Davao Occidental),Ms,TECTONIC
46,2025-04-29 12:30:09+00:00,5.94,126.23,141.0,2.7,065 km N 87° E of Jose Abad Santos (Davao Occidental),Ms,TECTONIC
47,2025-04-29 11:46:54+00:00,11.51,125.33,38.0,1.6,016 km S 46° W of City Of Borongan (Eastern Samar),Ms,TECTONIC
48,2025-04-29 11:30:24+00:00,9.76,126.46,29.0,1.7,034 km S 85° E of General Luna (Surigao Del Norte),Ms,TECTONIC
49,2025-04-29 10:58:45+00:00,5.43,125.3,19.0,1.6,013 km N 83° W of Balut Island (Municipality Of Sarangani) (Davao Occidental),Ms,TECTONIC
50,2025-04-29 10:33:56+00:00,12.49,126.09,16.0,3.2,072 km N 61° E of San Policarpo (Eastern Samar),Ms,TECTONIC
51,2025-04-29 10:25:36+00:00,14.13,122.15,11.0,1.4,014 km N 14° W of Quezon (Quezon),Ms,TECTONIC
52,2025-04-29 07:55:57+00:00,6.43,124.81,2.0,2.8,004 km N 79° E of Banga (South Cotabato),Ms,TECTONIC
53,2025-04-29 05:54:00+00:00,19.26,121.51,27.0,2.3,003 km S 86° E of Calayan (Cagayan),unspecified,unspecified
54,2025-04-29 03:31:01+00:00,8.41,125.55,25.0,1.8,010 km S 52° W of San Luis (Agusan Del Sur),Ms,TECTONIC
55,2025-04-29 01:33:05+00:00,8.6,122.73,28.0,2.5,037 km N 61° W of Jose Dalman (Zamboanga Del Norte),Ms,TECTONIC
56,2025-04-29 00:51:46+00:00,10.62,125.99,15.0,2.2,032 km S 66° E of Homonhon Island (Guiuan) (Eastern Samar),Ms,TECTONIC
57,2025-04-28 23:53:50+00:00,13.39,120.5,33.0,1.2,005 km S 53° E of Paluan (Occidental Mindoro),Ms,TECTONIC
58,2025-04-28 23:44:36+00:00,18.55,120.83,48.0,2.2,004 km N 38° E of Dumalneg (Ilocos Norte),Ms,TECTONIC
59,2025-04-28 23:40:55+00:00,7.77,126.53,30.0,2.4,008 km S 77° E of Cateel (Davao Oriental),Ms,TECTONIC
60,2025-04-28 23:19:10+00:00,16.89,120.34,89.0,2.9,006 km N 48° W of Luna (La Union),Ms,TECTONIC
61,2025-04-28 23:13:48+00:00,10.34,126.47,4.0,2.6,056 km N 51° E of Burgos (Surigao Del Norte),Ms,TECTONIC
62,2025-04-28 23:06:03+00:00,10.25,126.35,2.0,2.8,039 km N 50° E of Burgos (Surigao Del Norte),Ms,TECTONIC
63,2025-04-28 21:03:18+00:00,5.82,126.81,100.0,2.3,123 km S 41° E of Governor Generoso (Davao Oriental),Ms,TECTONIC
64,2025-04-28 19:58:19+00:00,14.72,122.21,5.0,2.2,004 km S 11° W of Patnanungan (Quezon),Ms,TECTONIC
65,2025-04-28 19:40:56+00:00,5.38,126.34,21.0,2.1,062 km S 73° E of Don Marcelino (Davao Occidental),Ms,TECTONIC
66,2025-04-28 19:32:11+00:00,5.28,125.91,52.0,3.6,053 km S 66° E of Sarangani Island (Municipality Of Sarangani) (Davao Occidental),Ms,TECTONIC
67,2025-04-28 19:25:45+00:00,19.08,121.46,21.0,1.9,020 km S 06° W of Calayan (Cagayan),Ms,TECTONIC
68,2025-04-28 19:15:31+00:00,15.56,119.83,33.0,2.0,013 km S 55° W of Candelaria (Zambales),Ms,TECTONIC
69,2025-04-28 18:51:20+00:00,14.69,122.21,28.0,1.7,013 km S 87° W of Jomalig (Quezon),Ms,TECTONIC
70,2025-04-28 18:37:16+00:00,8.05,124.59,2.0,2.5,020 km S 05° W of Talakag (Bukidnon),Ms,TECTONIC
71,2025-04-28 18:28:22+00:00,19.09,121.46,25.0,1.7,026 km S 85° E of Dalupiri Island (Calayan) (Cagayan),Ms,TECTONIC
72,2025-04-28 18:07:24+00:00,7.46,125.62,11.0,2.0,008 km N 77° W of Braulio E. Dujali (Davao Del Norte),Ms,TECTONIC
73,2025-04-28 17:05:55+00:00,19.13,121.35,51.0,1.8,016 km N 80° E of Dalupiri Island (Calayan) (Cagayan),Ms,TECTONIC
74,2025-04-28 16:45:37+00:00,14.75,122.28,4.0,2.2,007 km N 43° W of Jomalig (Quezon),Ms,TECTONIC
75,2025-04-28 16:44:42+00:00,5.88,125.87,145.0,2.9,025 km S 82° E of Jose Abad Santos (Davao Occidental),Ms,TECTONIC
76,2025-04-28 16:43:33+00:00,17.25,121.34,33.0,1.6,010 km N 44° W of Paracelis (Mountain Province),Ms,TECTONIC
77,2025-04-28 16:26:40+00:00,12.54,120.75,33.0,1.8,021 km S 81° W of Calintaan (Occidental Mindoro),Ms,TECTONIC
78,2025-04-28 16:03:13+00:00,8.0,126.67,33.0,1.6,029 km S 81° E of Lingig (Surigao Del Sur),Ms,TECTONIC
79,2025-04-28 15:41:15+00:00,6.53,126.99,5.0,2.9,082 km S 46° E of Tarragona (Davao Oriental),Ms,TECTONIC
80,2025-04-28 15:21:35+00:00,7.87,127.53,15.0,3.8,111 km N 73° E of Baganga (Davao Oriental),Ms,TECTONIC
81,2025-04-28 15:05:39+00:00,13.76,120.45,82.0,2.2,022 km S 69° W of Calatagan (Batangas),Ms,TECTONIC
82,2025-04-28 14:09:36+00:00,13.56,120.69,99.0,2.4,013 km N 19° W of Abra De Ilog (Occidental Mindoro),Ms,TECTONIC
83,2025-04-28 14:00:27+00:00,14.44,122.2,2.0,1.7,018 km N 83° E of Balesin Island (Polillo) (Quezon),Ms,TECTONIC
84,2025-04-28 13:29:30+00:00,9.55,126.05,31.0,2.8,012 km S 51° E of Socorro (Surigao Del Norte),Ms,TECTONIC
85,2025-04-28 12:51:19+00:00,8.9,126.31,25.0,2.1,002 km S 28° E of Cagwait (Surigao Del Sur),Ms,TECTONIC
86,2025-04-28 11:57:15+00:00,19.01,121.43,6.0,1.3,019 km N 20° E of Fuga Island (Aparri) (Cagayan),Ms,TECTONIC
87,2025-04-28 11:44:22+00:00,18.15,120.89,16.0,1.8,007 km N 82° E of Carasi (Ilocos Norte),Ms,TECTONIC
88,2025-04-28 11:35:49+00:00,8.2,126.21,1.0,1.4,012 km S 84° W of City Of Bislig (Surigao Del Sur),Ms,TECTONIC
89,2025-04-28 11:20:23+00:00,19.08,121.21,10.0,2.7,003 km S 06° E of Dalupiri Island (Calayan) (Cagayan),Ms,TECTONIC
90,2025-04-28 10:56:20+00:00,13.78,120.53,106.0,2.0,013 km S 60° W of Calatagan (Batangas),Ms,TECTONIC
91,2025-04-28 10:33:26+00:00,19.09,121.45,25.0,2.1,019 km S 08° W of Calayan (Cagayan),Ms,TECTONIC
92,2025-04-28 09:50:49+00:00,17.93,120.8,34.0,1.5,014 km N 85° E of Nueva Era (Ilocos Norte),Ms,TECTONIC
93,2025-04-28 06:44:32+00:00,13.88,120.57,76.0,1.9,009 km N 50° W of Calatagan (Batangas),Ms,TECTONIC
94,2025-04-28 05:25:34+00:00,11.7,124.26,27.0,1.8,011 km N 79° W of Kawayan (Biliran),Ms,TECTONIC
95,2025-04-28 04:51:09+00:00,9.61,126.25,32.0,1.5,021 km S 29° E of General Luna (Surigao Del Norte),Ms,TECTONIC
96,2025-04-28 04:48:12+00:00,7.89,127.19,11.0,2.3,078 km N 64° E of Baganga (Davao Oriental),Ms,TECTONIC
97,2025-04-28 04:26:15+00:00,7.24,126.95,1.0,2.2,043 km S 76° E of Caraga (Davao Oriental),Ms,TECTONIC
98,2025-04-28 03:01:11+00:00,6.87,125.42,48.0,2.1,005 km N 01° E of Santa Cruz (Davao Del Sur),Ms,TECTONIC
99,2025-04-28 02:36:25+00:00,8.91,126.25,26.0,1.5,006 km S 79° W of Cagwait (Surigao Del Sur),Ms,TECTONIC
100,2025-04-28 02:18:53+00:00,6.78,126.12,32.0,1.9,007 km S 37° E of San Isidro (Davao Oriental),Ms,TECTONIC
101,2025-04-28 01:54:24+00:00,19.48,121.18,35.0,3.2,041 km N 03° W of Dalupiri Island (Calayan) (Cagayan),Ms,TECTONIC
102,2025-04-28 01:24:15+00:00,19.42,121.28,40.0,2.7,027 km N 49° W of Calayan (Cagayan),Ms,TECTONIC
103,2025-04-28 01:17:29+00:00,12.13,123.92,2.0,2.5,002 km S 12° W of Palanas (Masbate),Ms,TECTONIC
104,2025-04-28 00:22:57+00:00,8.03,126.57,31.0,1.7,018 km S 86° E of Lingig (Surigao Del Sur),Ms,TECTONIC
105,2025-04-27 22:56:48+00:00,13.66,120.65,88.0,1.6,019 km S 05° E of Calatagan (Batangas),Ms,TECTONIC
106,2025-04-27 22:37:00+00:00,6.0,126.9,41.0,2.4,117 km S 52° E of Governor Generoso (Davao Oriental),Ms,TECTONIC
107,2025-04-27 22:35:43+00:00,8.1,126.62,29.0,3.4,024 km N 75° E of Lingig (Surigao Del Sur),Ms,TECTONIC
108,2025-04-27 22:35:21+00:00,19.13,121.43,24.0,2.8,016 km S 18° W of Calayan (Cagayan),Ms,TECTONIC
109,2025-04-27 21:57:25+00:00,15.57,120.05,20.0,1.9,011 km N 67° E of Masinloc (Zambales),Ms,TECTONIC
110,2025-04-27 21:24:23+00:00,19.3,121.2,29.0,2.7,021 km N 01° W of Dalupiri Island (Calayan) (Cagayan),Ms,TECTONIC
111,2025-04-27 21:19:01+00:00,13.94,120.5,85.0,2.0,018 km N 51° W of Calatagan (Batangas),Ms,TECTONIC
112,2025-04-27 21:15:47+00:00,19.09,121.59,25.0,2.1,023 km S 33° E of Calayan (Cagayan),Ms,TECTONIC
113,2025-04-27 21:09:38+00:00,5.68,126.32,4.0,2.8,079 km S 71° E of Jose Abad Santos (Davao Occidental),Ms,TECTONIC
114,2025-04-27 21:03:49+00:00,19.34,121.26,29.0,2.0,024 km N 70° W of Calayan (Cagayan),Ms,TECTONIC
115,2025-04-27 20:30:30+00:00,9.72,125.5,33.0,2.3,007 km N 22° W of Sison (Surigao Del Norte),Ms,TECTONIC
116,2025-04-27 20:28:13+00:00,19.46,121.34,34.0,2.6,026 km N 32° W of Calayan (Cagayan),Ms,TECTONIC
117,2025-04-27 19:55:45+00:00,13.96,120.51,90.0,1.8,019 km N 44° W of Calatagan (Batangas),Ms,TECTONIC
118,2025-04-27 19:42:06+00:00,12.04,120.84,42.0,1.4,043 km S 36° W of San Jose (Occidental Mindoro),Ms,TECTONIC
119,2025-04-27 19:13:17+00:00,8.68,126.06,129.0,2.0,007 km N 31° W of Lianga (Surigao Del Sur),Ms,TECTONIC
120,2025-04-27 18:58:36+00:00,19.14,121.47,29.0,2.2,013 km S 02° W of Calayan (Cagayan),Ms,TECTONIC
121,2025-04-27 18:51:35+00:00,19.17,121.19,16.0,2.5,007 km N 13° W of Dalupiri Island (Calayan) (Cagayan),Ms,TECTONIC
122,2025-04-27 18:39:13+00:00,5.7,124.69,20.0,2.9,033 km S 12° E of Kiamba (Sarangani),Ms,TECTONIC
123,2025-04-27 18:38:55+00:00,12.68,124.96,7.0,2.2,014 km N 26° W of Laoang (Northern Samar),Ms,TECTONIC
124,2025-04-27 18:11:27+00:00,19.41,121.2,40.0,2.2,034 km N 01° W of Dalupiri Island (Calayan) (Cagayan),Ms,TECTONIC
125,2025-04-27 17:59:36+00:00,8.21,126.86,1.0,2.8,052 km N 68° E of Lingig (Surigao Del Sur),Ms,TECTONIC
126,2025-04-27 17:59:05+00:00,12.41,124.66,34.0,1.5,010 km S 12° E of Catarman (Northern Samar),Ms,TECTONIC
127,2025-04-27 17:58:13+00:00,7.41,123.6,17.0,1.8,022 km S 74° E of Tabina (Zamboanga Del Sur),Ms,TECTONIC
128,2025-04-27 17:53:18+00:00,19.13,121.25,14.0,2.6,005 km N 63° E of Dalupiri Island (Calayan) (Cagayan),Ms,TECTONIC
129,2025-04-27 17:48:47+00:00,19.18,121.72,31.0,1.8,027 km S 71° E of Calayan (Cagayan),Ms,TECTONIC
130,2025-04-27 17:40:35+00:00,19.08,121.18,8.0,2.3,004 km S 42° W of Dalupiri Island (Calayan) (Cagayan),Ms,TECTONIC
131,2025-04-27 17:38:36+00:00,19.25,121.2,27.0,1.8,016 km N 04° W of Dalupiri Island (Calayan) (Cagayan),Ms,TECTONIC
132,2025-04-27 17:34:20+00:00,19.31,121.17,30.0,2.1,023 km N 09° W of Dalupiri Island (Calayan) (Cagayan),Ms,TECTONIC
133,2025-04-27 17:33:26+00:00,9.57,126.2,31.0,1.8,024 km S 12° E of General Luna (Surigao Del Norte),Ms,TECTONIC
134,2025-04-27 17:30:38+00:00,19.39,121.22,33.0,1.8,031 km N 02° E of Dalupiri Island (Calayan) (Cagayan),Ms,TECTONIC
135,2025-04-27 17:18:23+00:00,19.74,120.96,66.0,5.8,075 km N 20° W of Dalupiri Island (Calayan) (Cagayan),Mw,TECTONIC
136,2025-04-27 17:09:37+00:00,12.04,120.85,20.0,1.7,042 km S 34° W of San Jose (Occidental Mindoro),Ms,TECTONIC
137,2025-04-27 17:01:36+00:00,19.17,121.37,23.0,1.8,018 km N 67° E of Dalupiri Island (Calayan) (Cagayan),Ms,TECTONIC
138,2025-04-27 16:54:25+00:00,19.43,121.16,41.0,5.5,036 km N 08° W of Dalupiri Island (Calayan) (Cagayan),Mw,TECTONIC
139,2025-04-27 16:40:01+00:00,8.67,126.46,22.0,2.2,022 km S 51° E of Marihatag (Surigao Del Sur),Ms,TECTONIC
140,2025-04-27 16:20:08+00:00,9.4,126.14,24.0,2.7,015 km N 20° W of Cortes (Surigao Del Sur),Ms,TECTONIC
141,2025-04-27 16:08:56+00:00,5.79,126.25,60.0,2.7,068 km S 79° E of Jose Abad Santos (Davao Occidental),Ms,TECTONIC
142,2025-04-27 16:07:04+00:00,10.48,125.27,24.0,2.1,013 km S 68° E of Silago (Southern Leyte),Ms,TECTONIC
143,2025-04-27 15:07:45+00:00,9.58,126.03,12.0,2.6,009 km S 59° E of Socorro (Surigao Del Norte),Ms,TECTONIC
144,2025-04-27 14:44:32+00:00,6.18,124.5,4.0,1.7,013 km N 04° E of Maitum (Sarangani),Ms,TECTONIC
145,2025-04-27 12:57:20+00:00,11.57,124.4,3.0,2.1,001 km N 33° W of Naval (Biliran),Ms,TECTONIC
146,2025-04-27 12:57:02+00:00,9.45,126.21,26.0,2.5,019 km N 06° E of Cortes (Surigao Del Sur),Ms,TECTONIC
147,2025-04-27 12:50:40+00:00,9.41,126.13,24.0,2.6,016 km N 23° W of Cortes (Surigao Del Sur),Ms,TECTONIC
148,2025-04-27 11:48:16+00:00,19.82,121.24,6.0,3.0,067 km N 22° W of Calayan (Cagayan),Ms,TECTONIC
149,2025-04-27 11:47:30+00:00,5.71,125.96,97.0,3.3,042 km S 57° E of Jose Abad Santos (Davao Occidental),Ms,TECTONIC
150,2025-04-27 11:35:52+00:00,6.56,123.74,32.0,2.1,034 km N 89° W of Kalamansig (Sultan Kudarat),Ms,TECTONIC
151,2025-04-27 10:06:24+00:00,6.06,126.28,130.0,3.0,066 km S 76° E of Don Marcelino (Davao Occidental),Ms,TECTONIC
152,2025-04-27 09:02:48+00:00,11.62,124.38,22.0,2.0,000 km S 14° E of Almeria (Biliran),Ms,TECTONIC
153,2025-04-27 07:52:45+00:00,11.61,124.3,6.0,1.9,008 km S 84° W of Almeria (Biliran),Ms,TECTONIC
154,2025-04-27 06:34:18+00:00,7.58,126.39,99.0,2.8,019 km N 89° W of Baganga (Davao Oriental),Ms,TECTONIC
155,2025-04-27 05:21:22+00:00,7.63,126.15,9.0,1.6,008 km S 61° E of Compostela (Davao De Oro),Ms,TECTONIC
156,2025-04-27 03:56:55+00:00,9.67,126.18,20.0,2.9,012 km S 12° E of General Luna (Surigao Del Norte),Ms,TECTONIC
157,2025-04-27 03:05:00+00:00,6.0,127.65,16.0,3.3,176 km S 49° E of Tarragona (Davao Oriental),Ms,TECTONIC
158,2025-04-27 02:39:40+00:00,11.62,126.02,18.0,2.6,053 km N 56° E of Hernani (Eastern Samar),Ms,TECTONIC
159,2025-04-27 02:23:18+00:00,10.8,124.55,36.0,1.7,001 km S 75° W of Pilar (Cebu),Ms,TECTONIC
160,2025-04-27 01:42:41+00:00,10.97,126.36,20.0,2.2,070 km S 84° E of Guiuan (Eastern Samar),Ms,TECTONIC
161,2025-04-27 01:20:36+00:00,6.47,126.22,27.0,2.4,026 km S 40° E of Governor Generoso (Davao Oriental),Ms,TECTONIC
162,2025-04-27 01:20:29+00:00,16.37,122.37,11.0,3.9,017 km S 83° E of Dilasag (Aurora),Ms,TECTONIC
163,2025-04-27 00:45:58+00:00,8.38,127.19,17.0,3.1,094 km N 89° E of Hinatuan (Surigao Del Sur),Ms,TECTONIC
164,2025-04-27 00:23:10+00:00,4.61,125.63,9.0,3.2,092 km S 14° E of Balut Island (Municipality Of Sarangani) (Davao Occidental),Ms,TECTONIC
165,2025-04-27 00:05:42+00:00,8.12,124.54,9.0,2.8,014 km S 30° W of Talakag (Bukidnon),Ms,TECTONIC
166,2025-04-26 23:51:06+00:00,12.88,121.49,33.0,1.9,004 km N 62° E of Bansud (Oriental Mindoro),Ms,TECTONIC
167,2025-04-26 22:23:36+00:00,7.79,125.97,15.0,2.1,009 km N 14° W of Montevista (Davao De Oro),Ms,TECTONIC
168,2025-04-26 21:34:26+00:00,20.17,120.96,15.0,3.3,098 km S 79° W of Sabtang (Batanes),Ms,TECTONIC
169,2025-04-26 21:04:48+00:00,5.61,126.34,48.0,2.7,084 km S 67° E of Jose Abad Santos (Davao Occidental),Ms,TECTONIC
170,2025-04-26 19:36:50+00:00,10.11,125.84,13.0,1.7,024 km N 65° W of Santa Monica (Surigao Del Norte),Ms,TECTONIC
171,2025-04-26 19:30:56+00:00,6.57,126.44,55.0,2.2,042 km S 77° E of Governor Generoso (Davao Oriental),Ms,TECTONIC
172,2025-04-26 19:26:43+00:00,15.47,119.99,23.0,2.2,008 km S 23° E of Masinloc (Zambales),Ms,TECTONIC
173,2025-04-26 18:10:33+00:00,8.63,126.8,17.0,2.2,059 km N 60° E of Hinatuan (Surigao Del Sur),Ms,TECTONIC
174,2025-04-26 18:07:45+00:00,16.08,120.48,133.0,2.3,004 km N 16° W of Manaoag (Pangasinan),Ms,TECTONIC
175,2025-04-26 17:15:03+00:00,8.71,126.6,15.0,2.5,035 km S 73° E of Marihatag (Surigao Del Sur),Ms,TECTONIC
176,2025-04-26 16:50:08+00:00,10.22,126.03,6.0,2.4,022 km N 02° W of Santa Monica (Surigao Del Norte),Ms,TECTONIC
177,2025-04-26 16:42:03+00:00,14.23,122.41,1.0,2.0,006 km N 28° E of Santa Elena (Camarines Norte),Ms,TECTONIC
178,2025-04-26 16:24:47+00:00,10.27,126.06,15.0,2.0,028 km N 03° W of Burgos (Surigao Del Norte),Ms,TECTONIC
179,2025-04-26 16:17:05+00:00,7.74,123.35,122.0,2.0,004 km N 66° E of Guipos (Zamboanga Del Sur),Ms,TECTONIC
180,2025-04-26 15:36:26+00:00,8.51,126.72,6.0,2.5,045 km N 70° E of Hinatuan (Surigao Del Sur),Ms,TECTONIC
181,2025-04-26 15:02:41+00:00,7.95,126.83,17.0,1.7,045 km N 67° E of Cateel (Davao Oriental),Ms,TECTONIC
182,2025-04-26 14:10:36+00:00,13.76,120.53,77.0,2.3,014 km S 57° W of Calatagan (Batangas),Ms,TECTONIC
183,2025-04-26 13:24:28+00:00,15.7,121.13,8.0,2.7,003 km S 76° E of Rizal (Nueva Ecija),Ms,TECTONIC
184,2025-04-26 13:09:07+00:00,8.98,125.64,22.0,2.3,010 km S 33° E of Remedios T. Romualdez (Agusan Del Norte),Ms,TECTONIC
185,2025-04-26 13:00:42+00:00,8.87,125.61,27.0,2.3,011 km N 57° W of Sibagat (Agusan Del Sur),Ms,TECTONIC
186,2025-04-26 11:43:21+00:00,6.55,124.51,34.0,2.0,006 km N 72° W of Bagumbayan (Sultan Kudarat),Ms,TECTONIC
187,2025-04-26 11:03:33+00:00,8.76,126.38,24.0,2.5,010 km S 65° E of Marihatag (Surigao Del Sur),Ms,TECTONIC
188,2025-04-26 10:32:44+00:00,9.46,122.57,14.0,2.3,010 km N 52° W of Basay (Negros Oriental),Ms,TECTONIC
189,2025-04-26 09:24:59+00:00,14.76,121.69,1.0,2.0,005 km N 68° E of Infanta (Quezon),Ms,TECTONIC
190,2025-04-26 09:10:23+00:00,7.24,126.74,44.0,2.7,021 km S 64° E of Caraga (Davao Oriental),Ms,TECTONIC
191,2025-04-26 09:06:01+00:00,11.26,125.54,24.0,2.5,002 km N 23° E of General Macarthur (Eastern Samar),Ms,TECTONIC
192,2025-04-26 07:13:57+00:00,16.44,122.25,15.0,2.1,007 km N 36° E of Dilasag (Aurora),Ms,TECTONIC
193,2025-04-26 06:20:11+00:00,8.9,127.09,24.0,2.8,087 km S 88° E of Cagwait (Surigao Del Sur),Ms,TECTONIC
194,2025-04-26 06:17:20+00:00,10.01,125.24,16.0,2.3,008 km N 06° W of Pintuyan (Southern Leyte),Ms,TECTONIC
195,2025-04-26 05:03:09+00:00,13.48,120.7,48.0,1.6,005 km N 35° W of Abra De Ilog (Occidental Mindoro),Ms,TECTONIC
196,2025-04-26 02:28:58+00:00,10.68,126.13,14.0,2.7,045 km S 82° E of Homonhon Island (Guiuan) (Eastern Samar),Ms,TECTONIC
197,2025-04-26 02:23:35+00:00,7.8,126.71,34.0,2.1,029 km N 88° E of Cateel (Davao Oriental),Ms,TECTONIC
198,2025-04-26 01:22:21+00:00,14.3,120.38,166.0,2.9,019 km S 38° W of Mariveles (Bataan),Ms,TECTONIC
199,2025-04-26 00:57:48+00:00,16.37,120.6,18.0,2.1,005 km S 61° E of Tuba (Benguet),Ms,TECTONIC
200,2025-04-26 00:47:17+00:00,7.76,126.29,34.0,1.5,016 km S 39° W of Boston (Davao Oriental),Ms,TECTONIC
201,2025-04-25 23:55:54+00:00,11.86,124.11,1.0,2.1,007 km S 66° E of Pio V. Corpus (Masbate),Ms,TECTONIC
202,2025-04-25 23:27:28+00:00,7.72,124.82,3.0,1.7,008 km S 75° E of Kalilangan (Bukidnon),Ms,TECTONIC
203,2025-04-25 23:16:25+00:00,6.66,123.76,26.0,1.8,034 km N 86° W of Lebak (Sultan Kudarat),Ms,TECTONIC
204,2025-04-25 22:54:24+00:00,8.95,126.52,18.0,2.2,025 km N 83° E of Cagwait (Surigao Del Sur),Ms,TECTONIC
205,2025-04-25 22:13:40+00:00,8.51,122.54,3.0,2.4,045 km N 19° W of Liloy (Zamboanga Del Norte),Ms,TECTONIC
206,2025-04-25 21:07:27+00:00,17.49,120.19,1.0,2.7,022 km S 59° W of Santa Catalina (Ilocos Sur),Ms,TECTONIC
207,2025-04-25 21:01:22+00:00,7.22,127.03,6.0,3.6,052 km S 77° E of Caraga (Davao Oriental),Ms,TECTONIC
208,2025-04-25 20:52:16+00:00,8.43,126.65,33.0,1.8,035 km N 78° E of Hinatuan (Surigao Del Sur),Ms,TECTONIC
209,2025-04-25 20:47:43+00:00,6.76,123.81,12.0,4.4,031 km N 63° W of Lebak (Sultan Kudarat),Mw,TECTONIC
210,2025-04-25 20:19:17+00:00,14.77,121.71,7.0,2.6,007 km N 71° E of Infanta (Quezon),Ms,TECTONIC
211,2025-04-25 20:05:37+00:00,17.51,121.53,33.0,2.7,006 km N 84° W of Rizal (Kalinga),Ms,TECTONIC
212,2025-04-25 19:14:13+00:00,17.75,119.79,1.0,3.3,064 km N 74° W of Santa Catalina (Ilocos Sur),Ms,TECTONIC
213,2025-04-25 18:35:50+00:00,8.67,126.55,25.0,1.8,031 km S 63° E of Marihatag (Surigao Del Sur),Ms,TECTONIC
214,2025-04-25 18:12:17+00:00,10.05,125.98,33.0,2.0,007 km N 61° W of Santa Monica (Surigao Del Norte),Ms,TECTONIC
215,2025-04-25 17:51:49+00:00,10.66,126.5,1.0,3.1,085 km N 33° E of Burgos (Surigao Del Norte),Ms,TECTONIC
216,2025-04-25 17:49:59+00:00,7.65,126.89,30.0,2.4,037 km N 78° E of Baganga (Davao Oriental),Ms,TECTONIC
217,2025-04-25 17:46:25+00:00,3.82,128.15,255.0,3.9,349 km S 58° E of Sarangani Island (Municipality Of Sarangani) (Davao Occidental),Ms,TECTONIC
218,2025-04-25 17:18:04+00:00,9.27,126.29,33.0,1.9,010 km S 86° E of Cortes (Surigao Del Sur),Ms,TECTONIC
219,2025-04-25 16:50:45+00:00,12.53,125.06,2.0,1.8,006 km S 71° W of Palapag (Northern Samar),Ms,TECTONIC
220,2025-04-25 16:47:44+00:00,11.89,120.79,1.0,2.3,059 km S 30° W of San Jose (Occidental Mindoro),Ms,TECTONIC
221,2025-04-25 16:40:11+00:00,7.73,124.81,7.0,2.0,007 km S 82° E of Kalilangan (Bukidnon),Ms,TECTONIC
222,2025-04-25 16:36:33+00:00,12.06,120.68,33.0,1.8,052 km N 82° E of Coron (Palawan),Ms,TECTONIC
223,2025-04-25 16:23:43+00:00,17.46,122.17,33.0,1.7,011 km N 44° W of Maconacon (Isabela),Ms,TECTONIC
224,2025-04-25 14:56:47+00:00,6.93,125.15,1.0,3.0,011 km S 39° E of City Of Kidapawan (Cotabato),Ms,TECTONIC
225,2025-04-25 14:50:17+00:00,13.83,120.87,32.0,1.5,005 km S 63° W of San Luis (Batangas),Ms,TECTONIC
226,2025-04-25 14:48:19+00:00,8.48,125.56,51.0,2.1,020 km S 85° W of San Luis (Agusan Del Sur),Ms,TECTONIC
227,2025-04-25 14:38:01+00:00,15.61,121.92,17.0,2.4,042 km S 67° E of Baler (Aurora),Ms,TECTONIC
228,2025-04-25 14:10:15+00:00,12.86,122.92,8.0,2.4,031 km S 12° W of San Pascual (Masbate),Ms,TECTONIC
229,2025-04-25 13:28:17+00:00,8.62,125.6,23.0,2.8,009 km S 38° W of Esperanza (Agusan Del Sur),Ms,TECTONIC
230,2025-04-25 13:24:14+00:00,8.98,123.15,2.0,2.4,015 km S 23° W of Zamboanguita (Negros Oriental),Ms,TECTONIC
231,2025-04-25 13:07:45+00:00,13.72,120.55,94.0,2.1,015 km S 37° W of Calatagan (Batangas),Ms,TECTONIC
232,2025-04-25 12:37:36+00:00,9.9,124.09,32.0,1.5,002 km S 07° W of Sagbayan (Bohol),Ms,TECTONIC
233,2025-04-25 11:54:39+00:00,9.89,123.98,33.0,1.8,004 km N 31° W of Catigbian (Bohol),Ms,TECTONIC
234,2025-04-25 10:14:24+00:00,10.48,124.96,3.0,2.5,010 km N 15° W of Sogod (Southern Leyte),Ms,TECTONIC
235,2025-04-25 09:37:44+00:00,13.72,120.41,120.0,2.2,027 km S 63° W of Calatagan (Batangas),Ms,TECTONIC
236,2025-04-25 09:33:37+00:00,15.69,120.12,21.0,1.6,021 km N 71° E of Candelaria (Zambales),Ms,TECTONIC
237,2025-04-25 09:04:12+00:00,12.85,122.98,10.0,2.0,030 km S 79° W of Claveria (Masbate),Ms,TECTONIC
238,2025-04-25 07:48:25+00:00,13.76,120.5,90.0,2.2,016 km S 62° W of Calatagan (Batangas),Ms,TECTONIC
239,2025-04-25 07:45:25+00:00,4.93,127.02,10.0,3.4,179 km S 71° E of Sarangani Island (Municipality Of Sarangani) (Davao Occidental),Ms,TECTONIC
240,2025-04-25 07:41:34+00:00,12.79,122.92,10.0,2.2,037 km S 71° W of Claveria (Masbate),Ms,TECTONIC
241,2025-04-25 07:27:13+00:00,5.74,126.83,129.0,2.7,131 km S 40° E of Governor Generoso (Davao Oriental),Ms,TECTONIC
242,2025-04-25 07:01:13+00:00,7.57,123.57,32.0,1.6,015 km S 54° E of San Pablo (Zamboanga Del Sur),Ms,TECTONIC
243,2025-04-25 04:30:01+00:00,10.38,125.15,1.0,2.6,006 km S 69° W of Hinunangan (Southern Leyte),Ms,TECTONIC
244,2025-04-25 04:07:32+00:00,5.78,127.28,72.0,3.1,165 km S 54° E of Governor Generoso (Davao Oriental),Ms,TECTONIC
245,2025-04-25 03:47:39+00:00,12.84,122.94,16.0,4.2,032 km S 07° W of San Pascual (Masbate),Ms,TECTONIC
246,2025-04-25 02:38:00+00:00,10.38,125.17,3.0,3.2,004 km S 70° W of Hinunangan (Southern Leyte),Ms,TECTONIC
247,2025-04-25 02:03:56+00:00,18.61,120.86,17.0,2.4,010 km N 52° E of Pagudpud (Ilocos Norte),Ms,TECTONIC
248,2025-04-25 01:53:28+00:00,12.77,124.51,61.0,2.6,019 km N 58° E of Biri (Northern Samar),Ms,TECTONIC
249,2025-04-25 01:47:06+00:00,8.94,126.27,32.0,2.0,003 km S 29° W of Bayabas (Surigao Del Sur),Ms,TECTONIC
250,2025-04-25 01:37:12+00:00,14.05,120.43,111.0,3.4,022 km S 82° W of Nasugbu (Batangas),Ms,TECTONIC
251,2025-04-25 01:27:57+00:00,9.48,125.3,7.0,1.9,019 km S 38° W of Malimono (Surigao Del Norte),Ms,TECTONIC
252,2025-04-25 01:21:45+00:00,10.23,125.84,20.0,2.2,031 km S 64° E of Loreto (Dinagat Islands),Ms,TECTONIC
253,2025-04-25 00:46:14+00:00,8.15,126.64,15.0,2.4,028 km N 64° E of Lingig (Surigao Del Sur),Ms,TECTONIC
254,2025-04-24 22:53:21+00:00,13.77,120.6,100.0,2.0,008 km S 25° W of Calatagan (Batangas),Ms,TECTONIC
255,2025-04-24 22:38:29+00:00,16.03,119.53,12.0,3.1,030 km S 72° W of Agno (Pangasinan),Ms,TECTONIC
256,2025-04-24 22:01:46+00:00,10.49,123.08,3.0,2.4,027 km S 78° E of City Of Bago (Negros Occidental),ML,VOLCANO-TECTONIC
257,2025-04-24 20:59:02+00:00,8.04,127.06,19.0,2.1,071 km S 90° E of Lingig (Surigao Del Sur),Ms,TECTONIC
258,2025-04-24 20:56:22+00:00,16.85,120.48,82.0,2.0,003 km N 82° W of Sugpon (Ilocos Sur),Ms,TECTONIC
259,2025-04-24 20:52:51+00:00,12.1,125.02,48.0,2.4,005 km N 04° W of San Jose De Buan (Samar),Ms,TECTONIC
260,2025-04-24 20:23:35+00:00,13.59,120.43,10.0,1.8,019 km N 10° W of Paluan (Occidental Mindoro),Ms,TECTONIC
261,2025-04-24 19:28:47+00:00,10.63,125.57,24.0,2.0,021 km S 53° W of Homonhon Island (Guiuan) (Eastern Samar),Ms,TECTONIC
262,2025-04-24 19:06:53+00:00,9.98,125.18,19.0,1.8,008 km N 62° W of Pintuyan (Southern Leyte),Ms,TECTONIC
263,2025-04-24 18:40:40+00:00,9.34,126.67,12.0,2.8,053 km N 83° E of Cortes (Surigao Del Sur),Ms,TECTONIC
264,2025-04-24 18:12:50+00:00,9.14,122.45,26.0,1.5,036 km S 35° W of Basay (Negros Oriental),Ms,TECTONIC
265,2025-04-24 18:11:02+00:00,10.25,125.14,23.0,2.0,003 km S 05° E of Saint Bernard (Southern Leyte),Ms,TECTONIC
266,2025-04-24 18:09:15+00:00,8.64,126.58,27.0,2.7,036 km S 61° E of Marihatag (Surigao Del Sur),Ms,TECTONIC
267,2025-04-24 18:05:18+00:00,11.75,124.29,15.0,2.4,008 km S 66° W of Maripipi (Biliran),Ms,TECTONIC
268,2025-04-24 18:01:42+00:00,17.35,120.9,10.0,1.5,009 km S 67° E of Boliney (Abra),Ms,TECTONIC
269,2025-04-24 17:56:27+00:00,8.72,126.49,27.0,1.7,023 km S 67° E of Marihatag (Surigao Del Sur),Ms,TECTONIC
270,2025-04-24 17:15:40+00:00,14.15,123.72,31.0,1.5,030 km N 05° E of Garchitorena (Camarines Sur),Ms,TECTONIC
271,2025-04-24 16:38:29+00:00,11.65,125.9,5.0,2.4,046 km N 43° E of Hernani (Eastern Samar),Ms,TECTONIC
272,2025-04-24 16:35:08+00:00,13.2,120.04,20.0,2.5,052 km S 62° W of Paluan (Occidental Mindoro),Ms,TECTONIC
273,2025-04-24 16:33:59+00:00,7.67,126.03,12.0,2.1,006 km N 88° W of Compostela (Davao De Oro),Ms,TECTONIC
274,2025-04-24 16:30:54+00:00,10.74,124.94,33.0,1.5,006 km S 01° E of Javier (Leyte),Ms,TECTONIC
275,2025-04-24 16:06:45+00:00,8.15,126.73,33.0,2.0,038 km N 71° E of Lingig (Surigao Del Sur),Ms,TECTONIC
276,2025-04-24 16:01:46+00:00,17.39,120.41,18.0,2.0,007 km N 31° W of San Esteban (Ilocos Sur),Ms,TECTONIC
277,2025-04-24 15:36:07+00:00,9.87,124.19,7.0,2.2,006 km N 09° W of Carmen (Bohol),Ms,TECTONIC
278,2025-04-24 15:18:46+00:00,9.22,126.27,19.0,3.6,011 km S 53° E of Cortes (Surigao Del Sur),Ms,TECTONIC
279,2025-04-24 15:16:56+00:00,12.18,124.27,20.0,2.2,021 km S 60° E of San Vicente (Northern Samar),Ms,TECTONIC
280,2025-04-24 15:03:18+00:00,8.86,125.56,19.0,2.3,015 km N 19° W of Las Nieves (Agusan Del Norte),Ms,TECTONIC
281,2025-04-24 14:52:13+00:00,11.86,124.13,6.0,2.0,009 km S 73° E of Pio V. Corpus (Masbate),Ms,TECTONIC
282,2025-04-24 14:15:57+00:00,12.34,124.49,33.0,2.7,019 km S 73° E of San Isidro (Northern Samar),Ms,TECTONIC
283,2025-04-24 14:06:29+00:00,19.09,120.72,3.0,2.4,051 km S 87° W of Dalupiri Island (Calayan) (Cagayan),Ms,TECTONIC
284,2025-04-24 13:43:40+00:00,17.87,120.93,19.0,1.4,020 km N 34° E of Tineg (Abra),Ms,TECTONIC
285,2025-04-24 13:31:30+00:00,13.85,120.52,91.0,2.8,013 km N 83° W of Calatagan (Batangas),Ms,TECTONIC
286,2025-04-24 13:00:57+00:00,8.69,126.02,92.0,2.1,010 km N 51° W of Lianga (Surigao Del Sur),Ms,TECTONIC
287,2025-04-24 12:37:28+00:00,17.96,119.56,28.0,3.2,095 km N 64° W of Santa Catalina (Ilocos Sur),Ms,TECTONIC
288,2025-04-24 12:36:23+00:00,17.77,119.81,17.0,2.7,062 km N 72° W of Santa Catalina (Ilocos Sur),Ms,TECTONIC
289,2025-04-24 12:19:53+00:00,7.42,125.9,34.0,1.5,007 km N 42° E of Maco (Davao De Oro),Ms,TECTONIC
290,2025-04-24 12:14:01+00:00,17.5,120.2,3.0,3.3,020 km S 59° W of Santa Catalina (Ilocos Sur),Ms,TECTONIC
291,2025-04-24 12:10:52+00:00,17.71,119.77,2.0,3.5,064 km N 78° W of Santa Catalina (Ilocos Sur),Ms,TECTONIC
292,2025-04-24 11:55:54+00:00,12.26,119.1,80.0,2.3,093 km N 81° W of Busuanga (Palawan),Ms,TECTONIC
293,2025-04-24 11:23:08+00:00,17.79,119.67,13.0,3.2,077 km N 73° W of Santa Catalina (Ilocos Sur),Ms,TECTONIC
294,2025-04-24 09:55:19+00:00,5.96,125.17,33.0,3.0,013 km S 84° W of Malapatan (Sarangani),Ms,TECTONIC
295,2025-04-24 09:25:05+00:00,9.26,126.05,59.0,2.2,003 km N 10° W of Lanuza (Surigao Del Sur),Ms,TECTONIC
296,2025-04-24 08:46:03+00:00,9.65,125.83,39.0,2.1,013 km N 52° E of Claver (Surigao Del Norte),Ms,TECTONIC
297,2025-04-24 08:41:06+00:00,16.54,122.52,3.0,2.4,027 km N 88° E of Dinapigue (Isabela),Ms,TECTONIC
298,2025-04-24 08:38:24+00:00,9.63,126.02,28.0,1.6,006 km N 80° E of Socorro (Surigao Del Norte),Ms,TECTONIC
299,2025-04-24 05:40:01+00:00,15.85,119.87,34.0,1.4,005 km N 47° W of Infanta (Pangasinan),Ms,TECTONIC
300,2025-04-24 03:28:20+00:00,15.42,120.17,24.0,2.1,021 km N 46° E of Botolan (Zambales),Ms,TECTONIC
301,2025-04-24 02:32:36+00:00,6.0,123.92,11.0,2.4,038 km S 51° W of Palimbang (Sultan Kudarat),Ms,TECTONIC
302,2025-04-24 02:16:55+00:00,13.16,125.26,41.0,2.3,069 km N 13° E of Palapag (Northern Samar),Ms,TECTONIC
303,2025-04-24 02:08:54+00:00,10.97,122.82,19.0,2.0,003 km S 09° E of Banate (Iloilo),Ms,TECTONIC
304,2025-04-23 22:11:04+00:00,9.69,126.28,34.0,1.7,017 km S 54° E of General Luna (Surigao Del Norte),Ms,TECTONIC
305,2025-04-23 21:49:34+00:00,12.89,124.41,33.0,2.2,024 km N 13° E of Biri (Northern Samar),Ms,TECTONIC
306,2025-04-23 21:38:30+00:00,10.42,123.16,3.0,2.2,008 km N 57° W of City Of Canlaon (Negros Oriental),ML,VOLCANO-TECTONIC
307,2025-04-23 20:57:49+00:00,19.86,121.69,9.0,3.3,045 km N 31° W of Babuyan Island (Calayan) (Cagayan),Ms,TECTONIC
308,2025-04-23 20:52:32+00:00,12.66,124.66,49.0,3.4,018 km N 37° E of Bobon (Northern Samar),Ms,TECTONIC
309,2025-04-23 20:20:30+00:00,5.99,124.01,3.0,2.5,031 km S 39° W of Palimbang (Sultan Kudarat),Ms,TECTONIC
310,2025-04-23 20:00:32+00:00,13.61,120.65,95.0,1.7,024 km S 04° E of Calatagan (Batangas),Ms,TECTONIC
311,2025-04-23 19:59:28+00:00,13.59,120.14,15.0,2.2,018 km S 39° W of Looc (Occidental Mindoro),Ms,TECTONIC
312,2025-04-23 19:37:28+00:00,12.94,123.07,7.0,2.2,020 km N 79° W of Claveria (Masbate),Ms,TECTONIC
313,2025-04-23 19:35:38+00:00,12.6,120.37,4.0,2.3,053 km S 59° W of Sablayan (Occidental Mindoro),Ms,TECTONIC
314,2025-04-23 19:28:44+00:00,9.01,126.35,26.0,1.7,021 km S 71° E of City Of Tandag (Surigao Del Sur),Ms,TECTONIC
315,2025-04-23 18:57:10+00:00,10.32,125.98,28.0,2.2,033 km N 10° W of Santa Monica (Surigao Del Norte),Ms,TECTONIC
316,2025-04-23 18:43:56+00:00,18.93,121.11,78.0,2.2,022 km S 28° W of Dalupiri Island (Calayan) (Cagayan),Ms,TECTONIC
317,2025-04-23 18:35:35+00:00,5.56,126.18,164.0,3.5,071 km S 57° E of Jose Abad Santos (Davao Occidental),Ms,TECTONIC
318,2025-04-23 18:17:55+00:00,6.86,125.66,45.0,2.3,025 km S 14° W of Island Garden City Of Samal (Davao Del Norte),Ms,TECTONIC
319,2025-04-23 18:07:17+00:00,16.67,119.71,23.0,2.7,036 km N 32° W of Bolinao (Pangasinan),Ms,TECTONIC
320,2025-04-23 18:00:57+00:00,6.08,126.82,20.0,2.9,104 km S 52° E of Governor Generoso (Davao Oriental),Ms,TECTONIC
321,2025-04-23 17:48:27+00:00,6.95,126.64,22.0,2.1,024 km S 62° E of Tarragona (Davao Oriental),Ms,TECTONIC
322,2025-04-23 17:44:30+00:00,10.29,125.19,22.0,1.8,003 km N 38° E of San Juan (Southern Leyte),Ms,TECTONIC
323,2025-04-23 17:35:39+00:00,9.37,125.59,12.0,2.7,009 km N 73° E of Jabonga (Agusan Del Norte),Ms,TECTONIC
324,2025-04-23 17:14:46+00:00,13.64,120.59,129.0,1.8,021 km S 12° W of Calatagan (Batangas),Ms,TECTONIC
325,2025-04-23 16:49:15+00:00,21.29,121.88,29.0,3.6,056 km N 04° E of Itbayat (Batanes),Ms,TECTONIC
326,2025-04-23 16:14:57+00:00,15.49,120.37,32.0,1.4,010 km N 85° W of San Jose (Tarlac),Ms,TECTONIC
327,2025-04-23 16:08:29+00:00,10.0,125.73,34.0,1.5,011 km N 35° E of Cagdianao (Dinagat Islands),Ms,TECTONIC
328,2025-04-23 15:56:28+00:00,9.67,125.75,117.0,2.7,017 km N 85° E of Placer (Surigao Del Norte),Ms,TECTONIC
329,2025-04-23 15:53:52+00:00,5.64,125.69,191.0,2.9,030 km S 10° E of Jose Abad Santos (Davao Occidental),Ms,TECTONIC
330,2025-04-23 15:51:14+00:00,10.69,124.37,33.0,1.8,005 km N 15° W of San Francisco (Cebu),Ms,TECTONIC
331,2025-04-23 15:44:17+00:00,13.63,120.63,100.0,2.7,023 km S 02° W of Calatagan (Batangas),Ms,TECTONIC
332,2025-04-23 15:44:07+00:00,9.63,126.18,31.0,1.3,017 km S 09° E of General Luna (Surigao Del Norte),Ms,TECTONIC
333,2025-04-23 15:39:19+00:00,8.45,126.56,28.0,1.9,027 km N 69° E of Hinatuan (Surigao Del Sur),Ms,TECTONIC
334,2025-04-23 15:08:24+00:00,7.23,125.89,28.0,1.9,010 km S 25° E of Mabini (Davao De Oro),Ms,TECTONIC
335,2025-04-23 14:16:11+00:00,13.67,120.56,88.0,2.8,020 km S 24° W of Calatagan (Batangas),Ms,TECTONIC
336,2025-04-23 13:15:03+00:00,11.97,121.51,7.0,2.0,006 km N 42° W of Caluya (Antique),Ms,TECTONIC
337,2025-04-23 13:02:31+00:00,11.94,121.56,10.0,2.2,001 km N 58° E of Caluya (Antique),Ms,TECTONIC
338,2025-04-23 12:53:47+00:00,10.72,122.41,20.0,1.6,006 km N 43° E of Tigbauan (Iloilo),Ms,TECTONIC
339,2025-04-23 12:42:25+00:00,7.12,124.99,1.0,1.9,008 km S 57° W of President Roxas (Cotabato),Ms,TECTONIC
340,2025-04-23 12:05:10+00:00,11.99,125.41,5.0,2.7,018 km S 17° W of Oras (Eastern Samar),Ms,TECTONIC
341,2025-04-23 11:47:04+00:00,13.64,120.62,95.0,1.2,021 km S 02° W of Calatagan (Batangas),Ms,TECTONIC
342,2025-04-23 11:06:05+00:00,10.06,123.42,33.0,1.8,001 km N 77° W of Dumanjug (Cebu),Ms,TECTONIC
343,2025-04-23 10:57:40+00:00,11.77,126.06,9.0,2.4,066 km N 89° E of San Julian (Eastern Samar),Ms,TECTONIC
344,2025-04-23 10:42:32+00:00,10.83,124.36,23.0,1.6,014 km S 37° W of Isabel (Leyte),Ms,TECTONIC
345,2025-04-23 08:54:49+00:00,18.71,120.47,26.0,2.8,029 km N 40° W of Burgos (Ilocos Norte),Ms,TECTONIC
346,2025-04-23 08:48:51+00:00,16.78,119.95,29.0,1.8,043 km N 08° E of Bolinao (Pangasinan),Ms,TECTONIC
347,2025-04-23 04:37:19+00:00,15.78,121.31,1.0,2.4,001 km S 41° E of Alfonso Castañeda (Nueva Vizcaya),Ms,TECTONIC
348,2025-04-23 03:23:58+00:00,11.96,120.75,3.0,2.5,059 km S 86° E of Coron (Palawan),Ms,TECTONIC
349,2025-04-22 22:38:12+00:00,5.95,126.44,159.0,3.2,086 km S 72° E of Don Marcelino (Davao Occidental),Ms,TECTONIC
350,2025-04-22 22:10:19+00:00,12.0,125.46,10.0,4.4,005 km S 31° W of Dolores (Eastern Samar),Mw,TECTONIC
351,2025-04-22 21:19:36+00:00,13.88,120.57,92.0,1.5,008 km N 50° W of Calatagan (Batangas),Ms,TECTONIC
352,2025-04-22 21:14:38+00:00,9.05,126.54,30.0,2.2,030 km N 73° E of Bayabas (Surigao Del Sur),Ms,TECTONIC
353,2025-04-22 20:41:02+00:00,8.74,126.29,24.0,2.5,007 km S 11° W of Marihatag (Surigao Del Sur),Ms,TECTONIC
354,2025-04-22 18:58:53+00:00,10.28,125.18,23.0,2.0,003 km N 07° E of San Juan (Southern Leyte),Ms,TECTONIC
355,2025-04-22 18:33:51+00:00,8.76,126.66,17.0,1.8,040 km S 84° E of Marihatag (Surigao Del Sur),Ms,TECTONIC
356,2025-04-22 17:57:23+00:00,12.37,125.8,28.0,1.9,038 km N 57° E of San Policarpo (Eastern Samar),Ms,TECTONIC
357,2025-04-22 17:45:05+00:00,11.6,125.27,55.0,2.0,018 km S 88° W of City Of Borongan (Eastern Samar),Ms,TECTONIC
358,2025-04-22 17:24:10+00:00,13.85,120.44,61.0,2.0,021 km N 85° W of Calatagan (Batangas),Ms,TECTONIC
359,2025-04-22 17:21:01+00:00,8.27,125.86,32.0,1.7,006 km S 75° E of La Paz (Agusan Del Sur),Ms,TECTONIC
360,2025-04-22 17:12:41+00:00,6.03,126.76,98.0,3.4,103 km S 48° E of Governor Generoso (Davao Oriental),Ms,TECTONIC
361,2025-04-22 16:39:23+00:00,8.75,126.78,19.0,2.2,053 km S 84° E of Marihatag (Surigao Del Sur),Ms,TECTONIC
362,2025-04-22 16:11:43+00:00,6.53,124.42,3.0,2.5,013 km N 56° E of Senator Ninoy Aquino (Sultan Kudarat),Ms,TECTONIC
363,2025-04-22 15:56:06+00:00,12.87,122.96,11.0,2.2,029 km S 04° W of San Pascual (Masbate),Ms,TECTONIC
364,2025-04-22 15:42:49+00:00,16.75,120.43,7.0,3.5,009 km S 19° E of Balaoan (La Union),Ms,TECTONIC
365,2025-04-22 15:39:00+00:00,9.26,126.99,44.0,2.1,085 km N 68° E of Bayabas (Surigao Del Sur),Ms,TECTONIC
366,2025-04-22 15:32:05+00:00,8.62,126.74,27.0,1.9,053 km N 58° E of Hinatuan (Surigao Del Sur),Ms,TECTONIC
367,2025-04-22 15:21:44+00:00,12.86,122.95,11.0,2.2,029 km S 05° W of San Pascual (Masbate),Ms,TECTONIC
368,2025-04-22 15:09:21+00:00,10.24,126.05,34.0,2.0,025 km N 07° W of Burgos (Surigao Del Norte),Ms,TECTONIC
369,2025-04-22 15:05:00+00:00,7.6,124.72,3.0,3.2,004 km S 04° W of Wao (Lanao Del Sur),Ms,TECTONIC
370,2025-04-22 15:05:20+00:00,16.86,120.11,18.0,2.4,028 km N 90° W of Luna (La Union),Ms,TECTONIC
371,2025-04-22 15:04:00+00:00,10.33,125.26,6.0,2.4,002 km S 06° E of Hinundayan (Southern Leyte),Ms,TECTONIC
372,2025-04-22 14:46:44+00:00,7.71,124.82,8.0,2.5,009 km S 71° E of Kalilangan (Bukidnon),Ms,TECTONIC
373,2025-04-22 14:45:05+00:00,19.23,120.91,14.0,3.5,034 km N 67° W of Dalupiri Island (Calayan) (Cagayan),Ms,TECTONIC
374,2025-04-22 14:01:25+00:00,6.08,124.19,29.0,2.2,014 km S 01° W of Palimbang (Sultan Kudarat),Ms,TECTONIC
375,2025-04-22 13:59:55+00:00,11.86,125.33,8.0,2.0,011 km S 63° W of Taft (Eastern Samar),Ms,TECTONIC
376,2025-04-22 13:35:05+00:00,16.66,122.96,35.0,2.4,072 km S 51° E of Palanan (Isabela),Ms,TECTONIC
377,2025-04-22 13:16:28+00:00,10.35,125.28,1.0,2.2,003 km S 80° E of Hinundayan (Southern Leyte),Ms,TECTONIC
378,2025-04-22 13:10:04+00:00,13.54,121.29,9.0,2.6,015 km S 38° E of Lobo (Batangas),Ms,TECTONIC
379,2025-04-22 12:18:52+00:00,13.91,124.09,11.0,2.4,009 km S 27° W of Caramoran (Catanduanes),Ms,TECTONIC
380,2025-04-22 11:25:30+00:00,19.15,120.89,2.0,3.7,033 km N 83° W of Dalupiri Island (Calayan) (Cagayan),Ms,TECTONIC
381,2025-04-22 10:17:11+00:00,4.49,127.87,134.0,6.3,287 km S 68° E of Sarangani Island (Municipality Of Sarangani) (Davao Occidental),Mw,TECTONIC
382,2025-04-22 10:08:51+00:00,8.3,127.7,32.0,1.8,145 km N 78° E of Lingig (Surigao Del Sur),Ms,TECTONIC
383,2025-04-22 10:04:25+00:00,6.19,124.99,26.0,2.1,008 km S 65° W of Polomolok (South Cotabato),Ms,TECTONIC
384,2025-04-22 10:01:08+00:00,14.62,119.79,21.0,2.8,049 km S 41° W of San Antonio (Zambales),Ms,TECTONIC
385,2025-04-22 09:56:25+00:00,10.72,124.15,1.0,2.1,015 km S 87° E of Catmon (Cebu),Ms,TECTONIC
386,2025-04-22 09:20:24+00:00,4.47,126.28,33.0,3.8,142 km S 42° E of Balut Island (Municipality Of Sarangani) (Davao Occidental),Ms,TECTONIC
387,2025-04-22 09:16:37+00:00,6.43,124.83,3.0,2.9,004 km S 80° W of City Of Koronadal (South Cotabato),Ms,TECTONIC
388,2025-04-22 08:17:25+00:00,6.42,124.84,1.0,2.9,007 km S 87° E of Banga (South Cotabato),Ms,TECTONIC
389,2025-04-22 06:58:22+00:00,15.99,120.08,24.0,1.7,008 km S 63° W of Labrador (Pangasinan),Ms,TECTONIC
390,2025-04-22 04:26:00+00:00,9.45,126.68,8.0,1.4,057 km N 70° E of Cortes (Surigao Del Sur),Ms,TECTONIC
391,2025-04-22 04:09:06+00:00,4.42,124.83,318.0,3.5,127 km S 33° W of Balut Island (Municipality Of Sarangani) (Davao Occidental),Ms,TECTONIC
392,2025-04-22 04:05:19+00:00,6.86,126.24,29.0,2.2,010 km S 15° E of City Of Mati (Davao Oriental),Ms,TECTONIC
393,2025-04-22 03:51:58+00:00,9.21,125.59,11.0,3.4,007 km S 34° E of Santiago (Agusan Del Norte),Ms,TECTONIC
394,2025-04-22 02:50:40+00:00,10.77,124.21,1.0,2.3,022 km N 77° E of Catmon (Cebu),Ms,TECTONIC
395,2025-04-22 00:45:07+00:00,9.93,126.26,19.0,2.2,018 km N 68° E of Pilar (Surigao Del Norte),Ms,TECTONIC
396,2025-04-21 21:28:17+00:00,9.84,123.99,35.0,1.4,003 km S 34° W of Catigbian (Bohol),Ms,TECTONIC
397,2025-04-21 21:20:44+00:00,10.76,124.19,10.0,2.4,019 km S 65° E of Borbon (Cebu),Ms,TECTONIC
398,2025-04-21 21:15:29+00:00,17.81,121.03,7.0,1.4,018 km N 29° E of Lacub (Abra),Ms,TECTONIC
399,2025-04-21 20:06:47+00:00,7.76,126.62,26.0,3.4,018 km S 80° E of Cateel (Davao Oriental),Ms,TECTONIC
400,2025-04-21 20:05:47+00:00,8.42,125.9,60.0,4.2,014 km S 75° E of Talacogon (Agusan Del Sur),Ms,TECTONIC
401,2025-04-21 20:04:27+00:00,6.08,124.07,21.0,2.6,019 km S 42° W of Palimbang (Sultan Kudarat),Ms,TECTONIC
402,2025-04-21 19:38:41+00:00,8.43,125.74,62.0,1.8,006 km S 63° W of Talacogon (Agusan Del Sur),Ms,TECTONIC
403,2025-04-21 19:18:21+00:00,13.66,120.57,102.0,2.5,020 km S 19° W of Calatagan (Batangas),Ms,TECTONIC
404,2025-04-21 19:00:22+00:00,10.77,124.22,7.0,2.5,022 km N 53° W of San Francisco (Cebu),Ms,TECTONIC
405,2025-04-21 18:50:51+00:00,10.76,124.2,2.0,3.7,020 km S 66° E of Borbon (Cebu),Mw,TECTONIC
406,2025-04-21 18:49:47+00:00,5.96,124.51,11.0,2.3,013 km S 74° W of Kiamba (Sarangani),Ms,TECTONIC
407,2025-04-21 18:33:23+00:00,12.66,121.18,1.0,1.9,027 km N 70° E of Calintaan (Occidental Mindoro),Ms,TECTONIC
408,2025-04-21 18:17:18+00:00,18.55,120.64,20.0,2.3,004 km N 03° W of Burgos (Ilocos Norte),Ms,TECTONIC
409,2025-04-21 17:52:56+00:00,20.84,120.45,30.0,3.6,145 km N 88° W of Itbayat (Batanes),Ms,TECTONIC
410,2025-04-21 17:46:34+00:00,18.52,120.62,31.0,4.5,003 km N 80° W of Burgos (Ilocos Norte),Mw,TECTONIC
411,2025-04-21 17:11:27+00:00,5.88,124.0,15.0,3.2,041 km S 29° W of Palimbang (Sultan Kudarat),Ms,TECTONIC
412,2025-04-21 17:10:25+00:00,6.08,124.02,10.0,1.7,024 km S 53° W of Palimbang (Sultan Kudarat),Ms,TECTONIC
413,2025-04-21 17:00:50+00:00,6.01,123.94,16.0,1.8,036 km S 51° W of Palimbang (Sultan Kudarat),Ms,TECTONIC
414,2025-04-21 16:51:47+00:00,9.13,126.3,16.0,1.4,014 km N 31° E of Tago (Surigao Del Sur),Ms,TECTONIC
415,2025-04-21 16:49:35+00:00,16.83,120.12,29.0,1.8,027 km N 63° W of Bacnotan (La Union),Ms,TECTONIC
416,2025-04-21 16:43:15+00:00,18.5,120.05,18.0,3.3,063 km S 89° W of Burgos (Ilocos Norte),Ms,TECTONIC
417,2025-04-21 16:36:36+00:00,10.18,124.8,35.0,1.5,006 km N 38° W of City Of Maasin (Southern Leyte),Ms,TECTONIC
418,2025-04-21 16:25:39+00:00,13.34,120.31,1.0,2.1,019 km S 63° W of Paluan (Occidental Mindoro),Ms,TECTONIC
419,2025-04-21 15:54:57+00:00,11.99,125.17,35.0,1.2,017 km S 67° E of San Jose De Buan (Samar),Ms,TECTONIC
420,2025-04-21 15:35:19+00:00,13.53,120.16,34.0,2.1,023 km S 24° W of Looc (Occidental Mindoro),Ms,TECTONIC
421,2025-04-21 15:26:00+00:00,19.34,120.87,28.0,2.4,044 km N 55° W of Dalupiri Island (Calayan) (Cagayan),unspecified,unspecified
422,2025-04-21 15:02:41+00:00,15.26,119.94,38.0,1.2,009 km S 28° W of Iba (Zambales),Ms,TECTONIC
423,2025-04-21 14:40:46+00:00,13.52,120.37,34.0,1.6,015 km N 41° W of Paluan (Occidental Mindoro),Ms,TECTONIC
424,2025-04-21 14:29:35+00:00,6.0,126.36,53.0,2.4,077 km S 74° E of Don Marcelino (Davao Occidental),Ms,TECTONIC
425,2025-04-21 13:07:41+00:00,15.59,121.06,31.0,1.7,001 km S 50° E of General Mamerto Natividad (Nueva Ecija),Ms,TECTONIC
426,2025-04-21 12:14:51+00:00,13.33,120.26,3.0,2.5,024 km S 67° W of Paluan (Occidental Mindoro),Ms,TECTONIC
427,2025-04-21 10:29:19+00:00,15.45,120.49,19.0,2.5,004 km S 42° E of San Jose (Tarlac),Ms,TECTONIC
428,2025-04-21 09:03:00+00:00,15.52,121.66,10.0,1.8,027 km S 34° E of San Luis (Aurora),Ms,TECTONIC
429,2025-04-21 08:26:00+00:00,8.74,126.59,14.0,3.8,032 km S 79° E of Marihatag (Surigao Del Sur),unspecified,unspecified
430,2025-04-21 08:10:44+00:00,10.37,125.14,10.0,2.1,007 km S 67° W of Hinunangan (Southern Leyte),Ms,TECTONIC
431,2025-04-21 07:40:43+00:00,5.91,124.04,27.0,2.6,037 km S 26° W of Palimbang (Sultan Kudarat),Ms,TECTONIC
432,2025-04-21 07:01:00+00:00,13.94,120.5,101.0,2.5,018 km N 51° W of Calatagan (Batangas),unspecified,unspecified
433,2025-04-21 06:12:30+00:00,8.57,124.54,9.0,2.2,002 km N 58° E of City Of El Salvador (Misamis Oriental),Ms,TECTONIC
434,2025-04-21 05:56:46+00:00,6.71,126.28,41.0,4.0,024 km N 75° E of Governor Generoso (Davao Oriental),Ms,TECTONIC
435,2025-04-21 03:56:10+00:00,5.12,125.33,33.0,2.8,033 km S 17° W of Balut Island (Municipality Of Sarangani) (Davao Occidental),Ms,TECTONIC
436,2025-04-21 02:30:24+00:00,6.27,124.07,3.0,1.6,015 km N 62° W of Palimbang (Sultan Kudarat),Ms,TECTONIC
437,2025-04-21 02:00:00+00:00,6.26,124.4,12.0,2.3,034 km N 84° W of Lake Sebu (South Cotabato),unspecified,unspecified
438,2025-04-21 01:41:29+00:00,10.77,126.27,33.0,2.5,062 km N 87° E of Homonhon Island (Guiuan) (Eastern Samar),Ms,TECTONIC
439,2025-04-21 00:58:07+00:00,12.33,125.0,30.0,2.1,004 km S 70° W of Las Navas (Northern Samar),Ms,TECTONIC
440,2025-04-21 00:30:48+00:00,8.15,126.74,13.0,1.8,038 km N 70° E of Lingig (Surigao Del Sur),Ms,TECTONIC
441,2025-04-21 00:26:38+00:00,5.84,124.13,20.0,3.3,041 km S 09° W of Palimbang (Sultan Kudarat),Ms,TECTONIC
442,2025-04-21 00:18:14+00:00,9.27,125.64,20.0,2.3,009 km N 86° E of Santiago (Agusan Del Norte),Ms,TECTONIC
443,2025-04-20 22:27:40+00:00,8.57,126.91,134.0,2.3,067 km N 70° E of Hinatuan (Surigao Del Sur),Ms,TECTONIC
444,2025-04-20 20:55:12+00:00,11.28,124.61,15.0,2.1,004 km S 73° W of Capoocan (Leyte),Ms,TECTONIC
445,2025-04-20 20:01:54+00:00,17.41,121.44,34.0,1.7,008 km S 26° W of City Of Tabuk (Kalinga),Ms,TECTONIC
446,2025-04-20 19:58:28+00:00,17.44,121.46,32.0,1.6,004 km S 10° W of City Of Tabuk (Kalinga),Ms,TECTONIC
447,2025-04-20 19:42:32+00:00,18.01,120.69,26.0,1.3,003 km S 14° E of Marcos (Ilocos Norte),Ms,TECTONIC
448,2025-04-20 19:40:48+00:00,19.15,121.16,24.0,2.5,007 km N 50° W of Dalupiri Island (Calayan) (Cagayan),Ms,TECTONIC
449,2025-04-20 19:39:08+00:00,12.91,124.11,33.0,1.8,001 km S 67° W of Gubat (Sorsogon),Ms,TECTONIC
450,2025-04-20 19:37:02+00:00,15.32,120.05,28.0,1.6,005 km N 41° E of Botolan (Zambales),Ms,TECTONIC
451,2025-04-20 19:29:15+00:00,15.36,122.03,2.0,2.6,052 km N 26° E of Panukulan (Quezon),Ms,TECTONIC
452,2025-04-20 18:59:23+00:00,8.0,126.35,14.0,1.8,008 km S 57° W of Lingig (Surigao Del Sur),Ms,TECTONIC
453,2025-04-20 18:52:51+00:00,5.89,124.09,32.0,2.4,037 km S 18° W of Palimbang (Sultan Kudarat),Ms,TECTONIC
454,2025-04-20 18:13:38+00:00,10.76,124.92,24.0,1.9,004 km S 17° W of Javier (Leyte),Ms,TECTONIC
455,2025-04-20 17:58:05+00:00,13.67,120.59,103.0,1.7,018 km S 16° W of Calatagan (Batangas),Ms,TECTONIC
456,2025-04-20 17:45:54+00:00,7.56,125.45,4.0,2.4,016 km S 59° W of Talaingod (Davao Del Norte),Ms,TECTONIC
457,2025-04-20 17:44:30+00:00,7.59,125.42,4.0,2.7,018 km S 74° W of Talaingod (Davao Del Norte),Ms,TECTONIC
458,2025-04-20 17:28:02+00:00,5.92,124.6,25.0,2.1,008 km S 18° W of Kiamba (Sarangani),Ms,TECTONIC
459,2025-04-20 17:27:20+00:00,7.45,122.76,2.0,1.9,006 km N 60° W of Talusan (Zamboanga Sibugay),Ms,TECTONIC
460,2025-04-20 17:17:03+00:00,13.35,120.38,4.0,1.8,010 km S 68° W of Paluan (Occidental Mindoro),Ms,TECTONIC
461,2025-04-20 17:02:40+00:00,9.0,126.47,33.0,2.0,021 km N 79° E of Bayabas (Surigao Del Sur),Ms,TECTONIC
462,2025-04-20 16:43:34+00:00,5.14,126.5,22.0,3.2,120 km S 72° E of Sarangani Island (Municipality Of Sarangani) (Davao Occidental),Ms,TECTONIC
463,2025-04-20 16:31:25+00:00,12.51,120.78,22.0,1.6,019 km S 68° W of Calintaan (Occidental Mindoro),Ms,TECTONIC
464,2025-04-20 15:39:42+00:00,6.47,124.59,7.0,1.5,008 km S 20° E of Bagumbayan (Sultan Kudarat),Ms,TECTONIC
465,2025-04-20 15:18:53+00:00,19.91,120.34,9.0,3.0,127 km N 46° W of Dalupiri Island (Calayan) (Cagayan),Ms,TECTONIC
466,2025-04-20 14:43:44+00:00,15.43,121.82,4.0,2.2,046 km S 37° E of Baler (Aurora),Ms,TECTONIC
467,2025-04-20 14:30:40+00:00,11.92,125.58,11.0,2.4,017 km S 37° E of Dolores (Eastern Samar),Ms,TECTONIC
468,2025-04-20 14:18:11+00:00,9.63,122.1,8.0,2.1,040 km S 67° W of City Of Sipalay (Negros Occidental),Ms,TECTONIC
469,2025-04-20 13:50:42+00:00,11.15,124.65,8.0,2.2,010 km S 70° E of Kananga (Leyte),Ms,TECTONIC
470,2025-04-20 12:57:47+00:00,10.73,124.99,5.0,2.4,003 km S 53° W of Abuyog (Leyte),Ms,TECTONIC
471,2025-04-20 12:09:14+00:00,6.02,124.13,20.0,2.5,022 km S 18° W of Palimbang (Sultan Kudarat),Ms,TECTONIC
472,2025-04-20 12:00:35+00:00,8.75,127.44,37.0,2.1,126 km S 87° E of Marihatag (Surigao Del Sur),Ms,TECTONIC
473,2025-04-20 11:32:25+00:00,12.79,124.54,32.0,1.7,023 km N 57° E of Biri (Northern Samar),Ms,TECTONIC
474,2025-04-20 11:25:53+00:00,6.09,124.22,15.0,2.7,014 km S 14° E of Palimbang (Sultan Kudarat),Ms,TECTONIC
475,2025-04-20 10:31:01+00:00,5.82,124.06,22.0,3.2,045 km S 18° W of Palimbang (Sultan Kudarat),Ms,TECTONIC
476,2025-04-20 10:13:26+00:00,5.52,126.65,28.0,2.4,119 km S 69° E of Jose Abad Santos (Davao Occidental),Ms,TECTONIC
477,2025-04-20 09:45:33+00:00,9.97,124.64,6.0,2.0,018 km N 49° E of Mabini (Bohol),Ms,TECTONIC
478,2025-04-20 09:25:11+00:00,8.32,125.83,13.0,1.9,006 km N 26° E of La Paz (Agusan Del Sur),Ms,TECTONIC
479,2025-04-20 09:18:22+00:00,10.02,125.18,29.0,2.0,005 km S 32° E of San Francisco (Southern Leyte),Ms,TECTONIC
480,2025-04-20 08:14:07+00:00,8.26,125.97,6.0,2.4,009 km N 20° W of Bunawan (Agusan Del Sur),Ms,TECTONIC
481,2025-04-20 07:41:17+00:00,6.04,124.17,11.0,3.7,019 km S 08° W of Palimbang (Sultan Kudarat),Ms,TECTONIC
482,2025-04-20 06:42:33+00:00,6.18,124.19,22.0,2.3,003 km S 02° E of Palimbang (Sultan Kudarat),Ms,TECTONIC
483,2025-04-20 06:29:23+00:00,12.81,121.21,34.0,1.8,027 km S 77° W of Bansud (Oriental Mindoro),Ms,TECTONIC
484,2025-04-20 06:06:15+00:00,5.83,124.04,1.0,3.3,046 km S 22° W of Palimbang (Sultan Kudarat),Ms,TECTONIC
485,2025-04-20 06:03:42+00:00,14.32,120.37,109.0,1.7,019 km S 44° W of Mariveles (Bataan),Ms,TECTONIC
486,2025-04-20 05:30:36+00:00,16.74,121.0,32.0,1.5,008 km N 71° W of Asipulo (Ifugao),Ms,TECTONIC
487,2025-04-20 05:08:48+00:00,6.29,127.36,25.0,3.2,131 km S 50° E of Tarragona (Davao Oriental),Ms,TECTONIC
488,2025-04-20 04:55:41+00:00,13.92,120.52,87.0,2.9,015 km N 51° W of Calatagan (Batangas),Ml,TECTONIC
489,2025-04-20 04:54:22+00:00,6.34,127.25,19.0,3.3,118 km S 48° E of Tarragona (Davao Oriental),Ms,TECTONIC
490,2025-04-20 04:54:00+00:00,16.79,121.01,35.0,1.8,006 km S 10° E of Hungduan (Ifugao),Ms,TECTONIC
491,2025-04-20 04:50:52+00:00,5.94,127.74,38.0,3.9,189 km S 49° E of Tarragona (Davao Oriental),Ms,TECTONIC
492,2025-04-20 03:21:37+00:00,8.2,125.97,1.0,1.8,004 km N 47° W of Bunawan (Agusan Del Sur),Ms,TECTONIC
493,2025-04-20 03:14:50+00:00,12.59,121.39,33.0,1.5,010 km N 38° W of Mansalay (Oriental Mindoro),Ms,TECTONIC
494,2025-04-20 02:25:09+00:00,8.26,125.97,4.0,3.2,009 km N 17° W of Bunawan (Agusan Del Sur),Ms,TECTONIC
495,2025-04-20 02:03:33+00:00,16.77,121.02,32.0,1.9,008 km N 49° W of Asipulo (Ifugao),Ms,TECTONIC
496,2025-04-20 01:33:13+00:00,11.21,125.55,22.0,3.8,004 km S 20° E of General Macarthur (Eastern Samar),Ms,TECTONIC
497,2025-04-20 01:12:17+00:00,5.9,124.14,30.0,2.2,035 km S 08° W of Palimbang (Sultan Kudarat),Ms,TECTONIC
498,2025-04-20 01:09:57+00:00,6.02,124.06,27.0,3.9,026 km S 34° W of Palimbang (Sultan Kudarat),Ms,TECTONIC
499,2025-04-20 01:01:50+00:00,6.56,126.68,33.0,2.0,060 km S 26° E of Tarragona (Davao Oriental),Ms,TECTONIC
500,2025-04-20 00:05:30+00:00,12.87,124.85,34.0,3.3,035 km N 14° W of Pambujan (Northern Samar),Ms,TECTONIC
501,2025-04-19 23:37:40+00:00,5.88,124.09,14.0,2.7,038 km S 16° W of Palimbang (Sultan Kudarat),Ms,TECTONIC
502,2025-04-19 23:30:33+00:00,9.84,126.57,3.0,2.5,045 km N 81° E of General Luna (Surigao Del Norte),Ms,TECTONIC
503,2025-04-19 23:20:14+00:00,5.77,123.98,23.0,4.3,053 km S 25° W of Palimbang (Sultan Kudarat),Ms,TECTONIC
504,2025-04-19 23:14:54+00:00,5.78,123.76,25.0,2.5,067 km S 45° W of Palimbang (Sultan Kudarat),Ms,TECTONIC
505,2025-04-19 23:06:51+00:00,2.32,128.8,128.0,4.8,508 km S 48° E of Balut Island (Municipality Of Sarangani) (Davao Occidental),Ms,TECTONIC
506,2025-04-19 22:42:15+00:00,15.37,121.89,6.0,1.9,049 km N 09° E of Panukulan (Quezon),Ms,TECTONIC
507,2025-04-19 21:52:19+00:00,5.84,124.12,17.0,2.4,042 km S 11° W of Palimbang (Sultan Kudarat),Ms,TECTONIC
508,2025-04-19 21:38:39+00:00,12.07,124.24,12.0,1.6,009 km N 79° E of Tagapul-an (Samar),Ms,TECTONIC
509,2025-04-19 21:37:22+00:00,15.33,121.95,13.0,2.0,046 km N 18° E of Panukulan (Quezon),Ms,TECTONIC
510,2025-04-19 21:26:28+00:00,5.84,124.14,1.0,4.3,042 km S 08° W of Palimbang (Sultan Kudarat),Ms,TECTONIC
511,2025-04-19 20:58:32+00:00,16.72,121.01,6.0,2.0,007 km West of Asipulo (Ifugao),Ms,TECTONIC
512,2025-04-19 20:20:22+00:00,9.91,126.6,25.0,2.1,051 km N 74° E of General Luna (Surigao Del Norte),Ms,TECTONIC
513,2025-04-19 20:11:03+00:00,12.87,123.52,1.0,2.4,010 km S 66° W of Donsol (Sorsogon),Ms,TECTONIC
514,2025-04-19 20:00:55+00:00,6.36,124.68,26.0,1.8,007 km S 77° W of Surallah (South Cotabato),Ms,TECTONIC
515,2025-04-19 19:46:56+00:00,9.9,124.06,10.0,2.3,004 km S 73° W of Sagbayan (Bohol),Ms,TECTONIC
516,2025-04-19 19:09:51+00:00,18.09,122.19,12.0,2.5,028 km S 47° E of Gonzaga (Cagayan),Ms,TECTONIC
517,2025-04-19 18:40:07+00:00,9.34,125.59,10.0,3.4,008 km S 86° E of Jabonga (Agusan Del Norte),Ms,TECTONIC
518,2025-04-19 18:31:48+00:00,13.68,120.61,146.0,1.8,017 km S 10° W of Calatagan (Batangas),Ms,TECTONIC
519,2025-04-19 18:19:28+00:00,10.41,123.23,8.0,2.6,003 km N 42° E of City Of Canlaon (Negros Oriental),Ms,TECTONIC
520,2025-04-19 18:02:18+00:00,9.31,126.25,14.0,2.0,007 km N 60° E of Cortes (Surigao Del Sur),Ms,TECTONIC
521,2025-04-19 17:51:58+00:00,10.39,123.21,10.0,3.7,001 km N 22° W of City Of Canlaon (Negros Oriental),Ms,TECTONIC
522,2025-04-19 17:38:18+00:00,6.08,124.31,7.0,1.6,020 km S 44° E of Palimbang (Sultan Kudarat),Ms,TECTONIC
523,2025-04-19 17:37:09+00:00,5.82,124.06,12.0,5.4,046 km S 18° W of Palimbang (Sultan Kudarat),Mw,TECTONIC
524,2025-04-19 17:35:12+00:00,9.88,122.4,6.0,2.2,013 km N 18° W of City Of Sipalay (Negros Occidental),Ms,TECTONIC
525,2025-04-19 17:25:44+00:00,5.91,124.0,23.0,2.1,039 km S 32° W of Palimbang (Sultan Kudarat),Ms,TECTONIC
526,2025-04-19 17:18:17+00:00,6.04,124.11,12.0,2.6,020 km S 24° W of Palimbang (Sultan Kudarat),Ms,TECTONIC
527,2025-04-19 17:15:03+00:00,8.28,126.41,32.0,2.3,012 km S 43° E of Hinatuan (Surigao Del Sur),Ms,TECTONIC
528,2025-04-19 17:10:18+00:00,6.02,124.12,22.0,4.3,023 km S 21° W of Palimbang (Sultan Kudarat),Ms,TECTONIC
529,2025-04-19 17:06:38+00:00,16.93,120.69,24.0,1.9,008 km S 40° W of Cervantes (Ilocos Sur),Ms,TECTONIC
530,2025-04-19 17:06:07+00:00,13.82,120.44,42.0,1.7,020 km S 87° W of Calatagan (Batangas),Ms,TECTONIC
531,2025-04-19 16:50:46+00:00,5.84,124.09,10.0,5.1,042 km S 15° W of Palimbang (Sultan Kudarat),Mw,TECTONIC
532,2025-04-19 16:46:32+00:00,5.94,124.16,19.0,2.4,030 km S 06° W of Palimbang (Sultan Kudarat),Ms,TECTONIC
533,2025-04-19 16:46:24+00:00,10.43,123.16,6.0,1.9,007 km N 53° W of City Of Canlaon (Negros Oriental),ML,VOLCANO-TECTONIC
534,2025-04-19 16:46:12+00:00,5.89,124.08,33.0,1.6,037 km S 19° W of Palimbang (Sultan Kudarat),Ms,TECTONIC
535,2025-04-19 16:42:06+00:00,5.98,124.13,13.0,4.0,028 km S 15° W of Palimbang (Sultan Kudarat),Ms,TECTONIC
536,2025-04-19 16:37:18+00:00,5.79,124.03,25.0,2.0,049 km S 21° W of Palimbang (Sultan Kudarat),Ms,TECTONIC
537,2025-04-19 16:27:57+00:00,5.84,124.13,24.0,4.0,041 km S 09° W of Palimbang (Sultan Kudarat),Ms,TECTONIC
538,2025-04-19 16:14:27+00:00,6.92,124.41,24.0,1.4,001 km S 66° W of Datu Saudi Ampatuan (Maguindanao Del Sur),Ms,TECTONIC
539,2025-04-19 16:11:16+00:00,5.94,124.1,10.0,5.9,031 km S 18° W of Palimbang (Sultan Kudarat),Mw,TECTONIC
540,2025-04-19 16:01:46+00:00,15.59,121.86,19.0,2.0,037 km S 59° E of Baler (Aurora),Ms,TECTONIC
541,2025-04-19 15:57:41+00:00,9.81,125.49,21.0,2.0,002 km N 12° W of City Of Surigao (Surigao Del Norte),Ms,TECTONIC
542,2025-04-19 15:42:26+00:00,6.43,124.24,1.0,2.7,010 km S 72° W of Senator Ninoy Aquino (Sultan Kudarat),Ms,TECTONIC
543,2025-04-19 15:09:48+00:00,6.18,126.07,125.0,2.4,042 km S 87° E of Don Marcelino (Davao Occidental),Ms,TECTONIC
544,2025-04-19 14:46:17+00:00,8.58,127.33,33.0,2.0,112 km N 78° E of Hinatuan (Surigao Del Sur),Ms,TECTONIC
545,2025-04-19 14:37:02+00:00,16.72,120.96,4.0,2.3,005 km N 31° E of Tinoc (Ifugao),Ms,TECTONIC
546,2025-04-19 14:12:46+00:00,11.21,124.61,9.0,2.3,006 km N 59° E of Kananga (Leyte),Ms,TECTONIC
547,2025-04-19 12:54:52+00:00,5.55,125.71,10.0,2.0,041 km S 10° E of Jose Abad Santos (Davao Occidental),Ms,TECTONIC
548,2025-04-19 10:50:21+00:00,6.91,126.52,17.0,1.6,017 km S 27° E of Tarragona (Davao Oriental),Ms,TECTONIC
549,2025-04-19 09:21:16+00:00,12.48,123.69,21.0,2.1,007 km S 86° W of San Fernando (Masbate),Ms,TECTONIC
550,2025-04-19 09:19:47+00:00,10.07,125.88,57.0,1.7,019 km N 51° W of San Benito (Surigao Del Norte),Ms,TECTONIC
551,2025-04-19 07:44:15+00:00,5.29,126.65,81.0,4.3,131 km S 58° E of Jose Abad Santos (Davao Occidental),Ms,TECTONIC
552,2025-04-19 06:36:59+00:00,15.24,122.3,9.0,2.0,054 km N 09° E of Patnanungan (Quezon),Ms,TECTONIC
553,2025-04-19 06:24:10+00:00,9.31,125.62,60.0,1.3,009 km N 54° E of Santiago (Agusan Del Norte),Ms,TECTONIC
554,2025-04-19 06:00:07+00:00,9.16,126.76,10.0,2.1,057 km N 68° E of Bayabas (Surigao Del Sur),Ms,TECTONIC
555,2025-04-19 05:53:51+00:00,9.74,122.33,12.0,2.3,012 km S 73° W of City Of Sipalay (Negros Occidental),Ms,TECTONIC
556,2025-04-19 05:10:25+00:00,11.5,125.31,27.0,2.3,017 km S 48° W of City Of Borongan (Eastern Samar),Ms,TECTONIC
557,2025-04-19 04:57:10+00:00,6.17,126.34,112.0,2.4,061 km S 29° E of Governor Generoso (Davao Oriental),Ms,TECTONIC
558,2025-04-19 03:41:39+00:00,7.77,126.6,30.0,3.2,016 km S 82° E of Cateel (Davao Oriental),Ms,TECTONIC
559,2025-04-19 03:27:55+00:00,11.9,124.05,8.0,1.9,002 km N 22° W of Pio V. Corpus (Masbate),Ms,TECTONIC
560,2025-04-19 02:56:37+00:00,11.54,125.81,9.0,3.4,031 km N 44° E of Hernani (Eastern Samar),Ms,TECTONIC
561,2025-04-19 02:18:41+00:00,11.51,125.74,13.0,2.3,023 km N 37° E of Hernani (Eastern Samar),Ms,TECTONIC
562,2025-04-19 01:56:23+00:00,11.53,125.89,11.0,3.7,036 km N 55° E of Hernani (Eastern Samar),Ms,TECTONIC
563,2025-04-19 01:15:20+00:00,13.69,119.57,1.0,2.7,063 km S 73° W of Lubang (Occidental Mindoro),Ms,TECTONIC
564,2025-04-19 01:13:12+00:00,10.4,125.08,9.0,2.2,011 km N 79° E of Sogod (Southern Leyte),Ms,TECTONIC
565,2025-04-19 00:30:33+00:00,16.77,121.01,33.0,1.7,008 km S 01° E of Hungduan (Ifugao),Ms,TECTONIC
566,2025-04-19 00:20:46+00:00,18.01,120.02,1.0,3.4,049 km N 79° W of Badoc (Ilocos Norte),Ms,TECTONIC
567,2025-04-19 00:04:42+00:00,9.56,126.29,16.0,2.1,029 km S 32° E of General Luna (Surigao Del Norte),Ms,TECTONIC
568,2025-04-18 23:33:04+00:00,14.96,119.83,18.0,4.4,028 km S 76° W of San Narciso (Zambales),Ms,TECTONIC
569,2025-04-18 23:20:04+00:00,15.03,119.91,32.0,1.7,018 km S 81° W of San Felipe (Zambales),Ms,TECTONIC
570,2025-04-18 22:17:59+00:00,8.17,127.15,6.0,2.7,082 km N 80° E of Lingig (Surigao Del Sur),Ms,TECTONIC
571,2025-04-18 22:12:43+00:00,11.44,126.22,24.0,3.0,067 km N 81° E of Hernani (Eastern Samar),Ms,TECTONIC
572,2025-04-18 21:08:14+00:00,10.8,125.32,22.0,2.0,034 km N 80° E of Abuyog (Leyte),Ms,TECTONIC
573,2025-04-18 20:36:08+00:00,19.26,122.08,17.0,3.2,033 km S 33° E of Babuyan Island (Calayan) (Cagayan),Ms,TECTONIC
574,2025-04-18 20:06:58+00:00,6.41,125.85,154.0,2.5,029 km N 36° E of Don Marcelino (Davao Occidental),Ms,TECTONIC
575,2025-04-18 20:05:36+00:00,13.68,120.9,2.0,1.5,004 km N 61° E of Tingloy (Batangas),Ms,TECTONIC
576,2025-04-18 20:01:15+00:00,18.7,121.84,24.0,2.4,023 km S 08° W of Camiguin Island (Calayan) (Cagayan),Ms,TECTONIC
577,2025-04-18 19:51:18+00:00,20.98,120.4,33.0,3.9,151 km N 82° W of Itbayat (Batanes),Ms,TECTONIC
578,2025-04-18 19:39:52+00:00,21.17,120.67,42.0,3.6,129 km N 71° W of Itbayat (Batanes),Ms,TECTONIC
579,2025-04-18 19:34:20+00:00,10.36,125.16,1.0,2.7,006 km S 48° W of Hinunangan (Southern Leyte),Ms,TECTONIC
580,2025-04-18 19:10:33+00:00,11.51,124.46,2.0,2.1,005 km N 22° W of Biliran (Biliran),Ms,TECTONIC
581,2025-04-18 18:31:52+00:00,17.54,120.49,1.0,2.4,004 km N 88° W of San Quintin (Abra),Ms,TECTONIC
582,2025-04-18 18:31:30+00:00,6.37,124.15,34.0,1.8,019 km N 12° W of Palimbang (Sultan Kudarat),Ms,TECTONIC
583,2025-04-18 18:23:20+00:00,10.19,122.5,32.0,1.4,028 km N 30° W of Cauayan (Negros Occidental),Ms,TECTONIC
584,2025-04-18 18:18:25+00:00,13.75,120.54,168.0,2.8,013 km S 48° W of Calatagan (Batangas),Ms,TECTONIC
585,2025-04-18 18:18:17+00:00,10.0,126.09,34.0,1.8,003 km S 33° E of Burgos (Surigao Del Norte),Ms,TECTONIC
586,2025-04-18 18:09:52+00:00,7.85,122.9,21.0,1.8,015 km N 89° W of Bayog (Zamboanga Del Sur),Ms,TECTONIC
587,2025-04-18 18:09:44+00:00,9.05,126.21,45.0,1.8,004 km N 38° W of Tago (Surigao Del Sur),Ms,TECTONIC
588,2025-04-18 17:55:19+00:00,8.29,125.97,6.0,2.5,011 km S 22° W of Rosario (Agusan Del Sur),Ms,TECTONIC
589,2025-04-18 17:47:20+00:00,16.06,122.14,1.0,1.8,022 km S 67° E of Dinalungan (Aurora),Ms,TECTONIC
590,2025-04-18 17:33:54+00:00,11.96,120.81,1.0,2.0,051 km S 33° W of San Jose (Occidental Mindoro),Ms,TECTONIC
591,2025-04-18 16:49:18+00:00,14.1,120.4,109.0,2.0,025 km N 84° W of Nasugbu (Batangas),Ms,TECTONIC
592,2025-04-18 16:27:57+00:00,16.0,120.33,98.0,2.2,003 km S 78° W of Calasiao (Pangasinan),Ms,TECTONIC
593,2025-04-18 16:24:27+00:00,9.81,125.75,17.0,2.3,016 km S 34° E of Cagdianao (Dinagat Islands),Ms,TECTONIC
594,2025-04-18 16:24:08+00:00,15.9,119.52,12.0,3.0,038 km S 52° W of Agno (Pangasinan),Ms,TECTONIC
595,2025-04-18 15:18:43+00:00,8.79,126.32,29.0,2.2,002 km S 59° E of Marihatag (Surigao Del Sur),Ms,TECTONIC
596,2025-04-18 14:50:37+00:00,14.72,120.05,28.0,1.8,024 km N 78° W of Morong (Bataan),Ms,TECTONIC
597,2025-04-18 14:50:07+00:00,9.68,125.77,33.0,1.6,012 km N 20° E of Claver (Surigao Del Norte),Ms,TECTONIC
598,2025-04-18 14:32:42+00:00,11.59,125.82,13.0,2.5,034 km N 39° E of Hernani (Eastern Samar),Ms,TECTONIC
599,2025-04-18 14:09:55+00:00,4.12,127.8,171.0,3.4,298 km S 60° E of Sarangani Island (Municipality Of Sarangani) (Davao Occidental),Ms,TECTONIC
600,2025-04-18 14:03:27+00:00,18.88,120.81,37.0,2.6,035 km N 05° E of Pagudpud (Ilocos Norte),Ms,TECTONIC
601,2025-04-18 13:46:53+00:00,9.78,122.24,22.0,2.4,021 km N 86° W of City Of Sipalay (Negros Occidental),Ms,TECTONIC
602,2025-04-18 13:30:46+00:00,9.08,125.92,21.0,2.0,020 km S 34° W of Carmen (Surigao Del Sur),Ms,TECTONIC
603,2025-04-18 12:28:48+00:00,14.65,119.2,15.0,2.7,101 km S 71° W of San Antonio (Zambales),Ms,TECTONIC
604,2025-04-18 12:24:24+00:00,18.29,119.24,18.0,2.4,135 km N 77° W of Currimao (Ilocos Norte),Ms,TECTONIC
605,2025-04-18 10:45:42+00:00,11.0,125.55,5.0,2.4,017 km S 37° E of Giporlos (Eastern Samar),Ms,TECTONIC
606,2025-04-18 08:58:15+00:00,11.61,125.49,5.0,2.2,006 km East of City Of Borongan (Eastern Samar),Ms,TECTONIC
607,2025-04-18 08:51:21+00:00,10.34,122.1,1.0,2.3,021 km S 63° E of Anini-y (Antique),Ms,TECTONIC
608,2025-04-18 08:36:22+00:00,9.76,126.15,26.0,1.7,003 km S 14° W of General Luna (Surigao Del Norte),Ms,TECTONIC
609,2025-04-18 08:36:18+00:00,13.99,120.42,67.0,1.4,024 km S 68° W of Nasugbu (Batangas),Ms,TECTONIC
610,2025-04-18 08:00:59+00:00,7.95,127.24,6.0,3.5,086 km N 61° E of Baganga (Davao Oriental),Ms,TECTONIC
611,2025-04-18 07:36:56+00:00,15.07,119.96,12.0,2.4,012 km N 83° W of San Felipe (Zambales),Ms,TECTONIC
612,2025-04-18 07:34:37+00:00,17.49,120.57,1.0,2.8,005 km N 48° W of San Isidro (Abra),Ms,TECTONIC
613,2025-04-18 06:41:31+00:00,7.77,123.1,25.0,2.2,006 km N 69° W of Kumalarang (Zamboanga Del Sur),Ms,TECTONIC
614,2025-04-18 06:14:31+00:00,15.17,122.82,12.0,3.1,074 km N 45° E of Jomalig (Quezon),Ms,TECTONIC
615,2025-04-18 05:10:03+00:00,15.86,119.21,15.0,3.0,069 km S 66° W of Agno (Pangasinan),Ms,TECTONIC
616,2025-04-18 04:35:25+00:00,7.4,123.72,59.0,2.2,035 km N 79° W of Bongo Island (Parang) (Maguindanao Del Norte),Ms,TECTONIC
617,2025-04-18 03:37:26+00:00,15.37,120.11,25.0,1.5,015 km N 72° E of Iba (Zambales),Ms,TECTONIC
618,2025-04-18 03:36:05+00:00,13.9,120.5,100.0,2.0,016 km N 62° W of Calatagan (Batangas),Ms,TECTONIC
619,2025-04-18 02:54:44+00:00,14.78,119.04,13.0,2.2,115 km S 80° W of San Antonio (Zambales),Ms,TECTONIC
620,2025-04-18 02:48:56+00:00,9.15,126.67,19.0,2.6,046 km N 65° E of Bayabas (Surigao Del Sur),Ms,TECTONIC
621,2025-04-18 01:47:43+00:00,10.27,125.3,27.0,2.0,004 km S 87° E of Anahawan (Southern Leyte),Ms,TECTONIC
622,2025-04-18 00:12:26+00:00,12.41,123.72,8.0,2.1,007 km S 82° W of Batuan (Masbate),Ms,TECTONIC
623,2025-04-18 00:11:07+00:00,12.44,123.69,9.0,3.2,009 km S 56° W of San Fernando (Masbate),Ms,TECTONIC
624,2025-04-17 22:28:42+00:00,10.7,124.94,6.0,2.1,011 km S 05° E of Javier (Leyte),Ms,TECTONIC
625,2025-04-17 21:27:53+00:00,6.01,126.33,20.0,2.6,072 km S 73° E of Don Marcelino (Davao Occidental),Ms,TECTONIC
626,2025-04-17 21:13:48+00:00,9.94,126.02,10.0,1.8,002 km S 41° E of San Benito (Surigao Del Norte),Ms,TECTONIC
627,2025-04-17 21:06:10+00:00,10.69,124.95,1.0,2.2,009 km N 10° W of Mahaplag (Leyte),Ms,TECTONIC
628,2025-04-17 20:50:14+00:00,10.14,124.88,34.0,1.5,004 km N 80° E of City Of Maasin (Southern Leyte),Ms,TECTONIC
629,2025-04-17 20:34:48+00:00,14.39,120.4,116.0,1.5,011 km S 66° W of Mariveles (Bataan),Ms,TECTONIC
630,2025-04-17 20:33:38+00:00,15.22,119.9,32.0,1.9,015 km S 35° W of Iba (Zambales),Ms,TECTONIC
631,2025-04-17 19:20:27+00:00,6.65,123.89,1.0,2.1,020 km N 85° W of Lebak (Sultan Kudarat),Ms,TECTONIC
632,2025-04-17 19:12:47+00:00,9.18,125.89,33.0,1.6,013 km S 42° W of Madrid (Surigao Del Sur),Ms,TECTONIC
633,2025-04-17 18:59:37+00:00,8.67,124.35,10.0,1.6,010 km N 35° W of Gitagum (Misamis Oriental),Ms,TECTONIC
634,2025-04-17 18:48:54+00:00,18.28,120.97,20.0,2.3,008 km N 67° W of Calanasan (Apayao),Ms,TECTONIC
635,2025-04-17 17:39:15+00:00,13.44,123.15,1.0,2.0,014 km S 76° W of Bula (Camarines Sur),Ms,TECTONIC
636,2025-04-17 17:02:52+00:00,6.35,127.13,8.0,3.2,108 km S 44° E of Tarragona (Davao Oriental),Ms,TECTONIC
637,2025-04-17 16:38:48+00:00,8.87,126.92,18.0,2.3,069 km S 86° E of Cagwait (Surigao Del Sur),Ms,TECTONIC
638,2025-04-17 15:00:58+00:00,9.36,126.24,16.0,2.3,011 km N 30° E of Cortes (Surigao Del Sur),Ms,TECTONIC
639,2025-04-17 13:56:55+00:00,7.94,126.99,10.0,2.2,061 km N 75° E of Cateel (Davao Oriental),Ms,TECTONIC
640,2025-04-17 13:10:30+00:00,10.69,122.47,32.0,1.6,001 km S 74° W of Oton (Iloilo),Ms,TECTONIC
641,2025-04-17 12:51:49+00:00,14.1,120.43,137.0,2.1,022 km N 84° W of Nasugbu (Batangas),Ms,TECTONIC
642,2025-04-17 12:28:27+00:00,13.26,122.15,11.0,1.9,009 km S 45° E of Torrijos (Marinduque),Ms,TECTONIC
643,2025-04-17 12:17:49+00:00,8.53,126.83,1.0,2.5,057 km N 72° E of Hinatuan (Surigao Del Sur),Ms,TECTONIC
644,2025-04-17 11:28:26+00:00,13.0,124.57,9.0,3.8,041 km S 84° E of Prieto Diaz (Sorsogon),Ms,TECTONIC
645,2025-04-17 11:17:46+00:00,16.14,119.82,29.0,2.3,003 km N 43° E of Agno (Pangasinan),Ms,TECTONIC
646,2025-04-17 11:17:18+00:00,10.09,125.77,33.0,1.5,019 km N 81° E of Basilisa (Dinagat Islands),Ms,TECTONIC
647,2025-04-17 11:07:47+00:00,13.84,120.66,144.0,2.4,003 km N 83° E of Calatagan (Batangas),Ms,TECTONIC
648,2025-04-17 10:54:11+00:00,8.96,122.86,5.0,2.2,022 km S 58° W of Siaton (Negros Oriental),Ms,TECTONIC
649,2025-04-17 10:30:50+00:00,6.11,125.91,150.0,2.2,023 km S 67° E of Don Marcelino (Davao Occidental),Ms,TECTONIC
650,2025-04-17 10:19:01+00:00,11.74,124.24,6.0,2.4,012 km S 69° W of Maripipi (Biliran),Ms,TECTONIC
651,2025-04-17 10:11:53+00:00,10.5,126.0,20.0,2.6,040 km S 49° E of Homonhon Island (Guiuan) (Eastern Samar),Ms,TECTONIC
652,2025-04-17 09:20:55+00:00,13.18,124.14,20.0,2.2,002 km S 58° E of Rapu-rapu (Albay),Ms,TECTONIC
653,2025-04-17 09:19:19+00:00,9.6,126.96,1.0,2.8,091 km S 77° E of General Luna (Surigao Del Norte),Ms,TECTONIC
654,2025-04-17 08:56:36+00:00,9.93,123.21,6.0,1.9,004 km N 74° E of Tayasan (Negros Oriental),Ms,TECTONIC
655,2025-04-17 08:42:54+00:00,13.21,120.88,128.0,2.1,022 km N 52° E of Santa Cruz (Occidental Mindoro),Ms,TECTONIC
656,2025-04-17 08:40:41+00:00,15.03,119.69,10.0,3.1,041 km S 85° W of San Felipe (Zambales),Ms,TECTONIC
657,2025-04-17 07:23:57+00:00,15.05,120.26,32.0,1.3,013 km N 53° E of San Marcelino (Zambales),Ms,TECTONIC
658,2025-04-17 07:14:21+00:00,10.49,126.37,9.0,2.4,061 km N 32° E of Burgos (Surigao Del Norte),Ms,TECTONIC
659,2025-04-17 07:05:50+00:00,10.58,126.77,21.0,3.3,098 km N 51° E of Burgos (Surigao Del Norte),Ms,TECTONIC
660,2025-04-17 07:03:14+00:00,7.99,125.67,10.0,2.4,028 km N 11° W of San Isidro (Davao Del Norte),Ms,TECTONIC
661,2025-04-17 06:34:51+00:00,15.49,119.93,26.0,1.8,006 km S 35° W of Masinloc (Zambales),Ms,TECTONIC
662,2025-04-17 06:01:04+00:00,10.6,126.55,1.0,3.4,083 km N 39° E of Burgos (Surigao Del Norte),Ms,TECTONIC
663,2025-04-17 05:30:39+00:00,8.05,126.6,12.0,2.0,033 km N 30° E of Cateel (Davao Oriental),Ms,TECTONIC
664,2025-04-17 04:20:00+00:00,14.93,122.55,1.0,1.8,034 km N 43° E of Jomalig (Quezon),Ms,TECTONIC
665,2025-04-17 03:58:13+00:00,8.62,126.76,3.0,2.1,054 km N 58° E of Hinatuan (Surigao Del Sur),Ms,TECTONIC
666,2025-04-17 03:40:10+00:00,8.69,126.5,113.0,2.1,025 km S 62° E of Marihatag (Surigao Del Sur),Ms,TECTONIC
667,2025-04-17 02:07:12+00:00,11.74,124.28,2.0,2.4,009 km S 60° W of Maripipi (Biliran),Ms,TECTONIC
668,2025-04-17 00:41:57+00:00,13.98,120.46,110.0,3.0,021 km S 61° W of Nasugbu (Batangas),Ms,TECTONIC
669,2025-04-17 00:02:53+00:00,13.56,125.18,1.0,3.1,088 km S 83° E of Baras (Catanduanes),Ms,TECTONIC
670,2025-04-16 22:34:33+00:00,13.43,120.41,16.0,2.2,006 km N 72° W of Paluan (Occidental Mindoro),Ms,TECTONIC
671,2025-04-16 21:52:18+00:00,6.43,126.2,16.0,2.6,028 km S 29° E of Governor Generoso (Davao Oriental),Ms,TECTONIC
672,2025-04-16 20:13:10+00:00,11.84,125.27,33.0,1.5,017 km S 65° W of Taft (Eastern Samar),Ms,TECTONIC
673,2025-04-16 20:03:02+00:00,9.58,126.03,28.0,2.1,008 km S 60° E of Socorro (Surigao Del Norte),Ms,TECTONIC
674,2025-04-16 19:31:08+00:00,11.77,125.36,31.0,1.7,010 km N 82° W of San Julian (Eastern Samar),Ms,TECTONIC
675,2025-04-16 19:28:45+00:00,17.81,122.44,34.0,2.3,052 km N 24° E of Maconacon (Isabela),Ms,TECTONIC
676,2025-04-16 18:49:52+00:00,16.42,120.04,32.0,1.7,016 km N 79° E of Bolinao (Pangasinan),Ms,TECTONIC
677,2025-04-16 18:46:15+00:00,7.75,122.36,4.0,2.1,015 km N 48° W of Roseller Lim (Zamboanga Sibugay),Ms,TECTONIC
678,2025-04-16 18:41:15+00:00,17.99,120.63,43.0,1.9,003 km N 56° W of Banna (Ilocos Norte),Ms,TECTONIC
679,2025-04-16 18:32:30+00:00,10.31,124.77,1.0,2.2,003 km N 37° W of Matalom (Leyte),Ms,TECTONIC
680,2025-04-16 18:09:22+00:00,11.51,124.41,5.0,2.4,006 km S 13° E of Naval (Biliran),Ms,TECTONIC
681,2025-04-16 18:02:01+00:00,10.31,124.76,1.0,2.7,004 km S 54° W of Bato (Leyte),Ms,TECTONIC
682,2025-04-16 17:35:40+00:00,9.43,125.92,57.0,2.3,007 km N 27° W of Carrascal (Surigao Del Sur),Ms,TECTONIC
683,2025-04-16 17:24:39+00:00,13.59,125.17,23.0,4.0,087 km S 85° E of Baras (Catanduanes),Ms,TECTONIC
684,2025-04-16 16:46:14+00:00,10.2,124.84,33.0,1.6,008 km N 04° E of City Of Maasin (Southern Leyte),Ms,TECTONIC
685,2025-04-16 15:59:23+00:00,6.4,124.9,2.0,3.0,009 km N 40° W of Tupi (South Cotabato),Ms,TECTONIC
686,2025-04-16 15:42:52+00:00,10.55,123.56,17.0,1.9,010 km S 62° E of Calatrava (Negros Occidental),Ms,TECTONIC
687,2025-04-16 15:21:48+00:00,18.15,120.82,16.0,2.5,001 km N 26° W of Carasi (Ilocos Norte),Ms,TECTONIC
688,2025-04-16 15:19:29+00:00,13.44,120.97,26.0,1.5,006 km N 84° W of San Teodoro (Oriental Mindoro),Ms,TECTONIC
689,2025-04-16 15:05:16+00:00,8.96,126.3,29.0,2.0,002 km S 79° E of Bayabas (Surigao Del Sur),Ms,TECTONIC
690,2025-04-16 14:56:57+00:00,8.78,126.87,9.0,2.0,063 km S 88° E of Marihatag (Surigao Del Sur),Ms,TECTONIC
691,2025-04-16 14:47:28+00:00,7.8,126.62,49.0,2.8,018 km N 86° E of Cateel (Davao Oriental),Ms,TECTONIC
692,2025-04-16 14:20:33+00:00,9.21,126.32,16.0,1.7,016 km S 65° E of Cortes (Surigao Del Sur),Ms,TECTONIC
693,2025-04-16 13:55:38+00:00,5.88,126.12,108.0,2.2,053 km S 86° E of Jose Abad Santos (Davao Occidental),Ms,TECTONIC
694,2025-04-16 12:53:57+00:00,10.17,122.15,5.0,3.1,038 km S 41° E of Anini-y (Antique),Ms,TECTONIC
695,2025-04-16 12:45:47+00:00,9.75,125.86,28.0,1.8,018 km S 41° W of Del Carmen (Surigao Del Norte),Ms,TECTONIC
696,2025-04-16 11:36:08+00:00,11.78,124.17,5.0,1.7,014 km N 73° E of Esperanza (Masbate),Ms,TECTONIC
697,2025-04-16 11:33:34+00:00,6.01,124.26,7.0,1.7,024 km S 20° E of Palimbang (Sultan Kudarat),Ms,TECTONIC
698,2025-04-16 09:16:02+00:00,13.63,120.64,123.0,2.2,023 km S 02° E of Calatagan (Batangas),Ms,TECTONIC
699,2025-04-16 08:20:06+00:00,7.96,125.7,15.0,1.9,018 km N 34° W of Laak (Davao De Oro),Ms,TECTONIC
700,2025-04-16 05:22:31+00:00,5.3,126.19,29.0,4.1,082 km S 76° E of Sarangani Island (Municipality Of Sarangani) (Davao Occidental),Ms,TECTONIC
701,2025-04-16 05:02:57+00:00,5.28,126.38,58.0,3.8,103 km S 78° E of Sarangani Island (Municipality Of Sarangani) (Davao Occidental),Ms,TECTONIC
702,2025-04-16 04:39:43+00:00,14.96,122.59,3.0,3.1,041 km N 44° E of Jomalig (Quezon),Ms,TECTONIC
703,2025-04-16 02:16:09+00:00,8.24,126.53,32.0,1.6,024 km N 82° E of City Of Bislig (Surigao Del Sur),Ms,TECTONIC
704,2025-04-16 01:04:49+00:00,9.0,126.23,51.0,2.8,006 km N 57° W of Bayabas (Surigao Del Sur),Ms,TECTONIC
705,2025-04-15 23:00:47+00:00,6.71,125.15,3.0,2.5,005 km S 02° W of Magsaysay (Davao Del Sur),Ms,TECTONIC
706,2025-04-15 22:37:13+00:00,5.79,124.2,1.0,2.8,044 km S 48° W of Maitum (Sarangani),Ms,TECTONIC
707,2025-04-15 22:11:11+00:00,5.8,124.12,1.0,3.0,051 km S 55° W of Maitum (Sarangani),Ms,TECTONIC
708,2025-04-15 21:42:41+00:00,5.73,124.15,2.0,5.7,052 km S 47° W of Maitum (Sarangani),Mw,TECTONIC
709,2025-04-15 20:24:17+00:00,9.79,124.15,33.0,1.5,001 km North of Batuan (Bohol),Ms,TECTONIC
710,2025-04-15 19:10:21+00:00,16.48,121.03,8.0,2.3,005 km S 02° W of Ambaguio (Nueva Vizcaya),Ms,TECTONIC
711,2025-04-15 19:05:24+00:00,5.27,127.23,136.0,3.7,190 km S 68° E of Jose Abad Santos (Davao Occidental),Ms,TECTONIC
712,2025-04-15 18:59:58+00:00,7.67,124.91,6.0,1.9,008 km N 02° W of Kadingilan (Bukidnon),Ms,TECTONIC
713,2025-04-15 18:09:35+00:00,10.48,122.51,27.0,2.7,006 km S 30° W of Nueva Valencia (Guimaras),Ms,TECTONIC
714,2025-04-15 17:58:13+00:00,17.31,120.03,7.0,2.7,044 km S 86° W of San Esteban (Ilocos Sur),Ms,TECTONIC
715,2025-04-15 17:50:13+00:00,11.98,120.71,21.0,1.7,057 km S 44° W of San Jose (Occidental Mindoro),Ms,TECTONIC
716,2025-04-15 16:37:57+00:00,6.52,124.7,33.0,1.5,004 km N 88° E of Norala (South Cotabato),Ms,TECTONIC
717,2025-04-15 16:31:46+00:00,10.45,123.08,,2.7,016 km N 65° W of City Of Canlaon (Negros Oriental),ML,VOLCANO-TECTONIC
718,2025-04-15 15:01:15+00:00,15.26,119.92,22.0,3.5,010 km S 38° W of Iba (Zambales),Ms,TECTONIC
719,2025-04-15 14:58:42+00:00,13.93,120.49,160.0,2.2,019 km N 53° W of Calatagan (Batangas),Ms,TECTONIC
720,2025-04-15 14:29:57+00:00,14.14,121.23,7.0,2.3,004 km S 14° E of Los Baños (Laguna),Ms,TECTONIC
721,2025-04-15 14:20:30+00:00,14.18,121.05,34.0,1.4,010 km N 20° E of Talisay (Batangas),Ms,TECTONIC
722,2025-04-15 14:17:02+00:00,13.22,124.14,32.0,1.8,004 km N 10° E of Rapu-rapu (Albay),Ms,TECTONIC
723,2025-04-15 14:00:22+00:00,7.28,125.92,31.0,1.7,008 km S 70° E of Mabini (Davao De Oro),Ms,TECTONIC
724,2025-04-15 13:18:54+00:00,7.96,126.88,12.0,3.3,050 km N 68° E of Cateel (Davao Oriental),Ms,TECTONIC
725,2025-04-15 13:05:57+00:00,13.0,125.08,11.0,3.0,048 km N 09° E of Laoang (Northern Samar),Ms,TECTONIC
726,2025-04-15 11:59:44+00:00,10.32,122.71,86.0,2.1,017 km N 72° W of Hinigaran (Negros Occidental),Ms,TECTONIC
727,2025-04-15 10:57:21+00:00,13.18,122.57,5.0,1.8,020 km S 35° W of San Andres (Quezon),Ms,TECTONIC
728,2025-04-15 10:12:27+00:00,5.69,124.2,22.0,2.5,053 km S 39° W of Maitum (Sarangani),Ms,TECTONIC
729,2025-04-15 09:44:46+00:00,7.68,124.76,1.0,2.4,006 km N 43° E of Wao (Lanao Del Sur),Ms,TECTONIC
730,2025-04-15 08:27:10+00:00,9.99,126.09,34.0,2.1,004 km S 28° E of Burgos (Surigao Del Norte),Ms,TECTONIC
731,2025-04-15 04:05:13+00:00,13.08,121.3,93.0,2.0,011 km S 12° E of Victoria (Oriental Mindoro),Ms,TECTONIC
732,2025-04-15 04:05:14+00:00,13.48,121.87,40.0,1.2,001 km N 56° E of Mogpog (Marinduque),Ms,TECTONIC
733,2025-04-15 03:57:32+00:00,14.9,122.54,1.0,2.1,032 km N 45° E of Jomalig (Quezon),Ms,TECTONIC
734,2025-04-15 03:53:52+00:00,13.47,121.86,41.0,1.5,001 km S 11° W of Mogpog (Marinduque),Ms,TECTONIC
735,2025-04-15 03:52:53+00:00,14.15,120.4,107.0,1.6,026 km N 73° W of Nasugbu (Batangas),Ms,TECTONIC
736,2025-04-15 01:53:30+00:00,8.29,125.7,12.0,2.6,012 km N 83° W of La Paz (Agusan Del Sur),Ms,TECTONIC
737,2025-04-15 00:56:47+00:00,13.52,120.67,1.0,2.0,011 km N 36° W of Abra De Ilog (Occidental Mindoro),Ms,TECTONIC
738,2025-04-15 00:24:43+00:00,14.03,120.61,1.0,1.4,022 km N 07° W of Calatagan (Batangas),Ms,TECTONIC
739,2025-04-14 22:21:36+00:00,10.8,122.43,31.0,1.5,001 km S 24° W of Alimodian (Iloilo),Ms,TECTONIC
740,2025-04-14 21:52:22+00:00,19.26,121.1,32.0,2.4,020 km N 33° W of Dalupiri Island (Calayan) (Cagayan),Ms,TECTONIC
741,2025-04-14 21:24:38+00:00,13.92,120.54,95.0,1.4,014 km N 44° W of Calatagan (Batangas),Ms,TECTONIC
742,2025-04-14 21:21:59+00:00,8.56,127.19,1.0,2.1,097 km N 77° E of Hinatuan (Surigao Del Sur),Ms,TECTONIC
743,2025-04-14 21:11:15+00:00,10.09,126.71,7.0,3.0,070 km N 83° E of Burgos (Surigao Del Norte),Ms,TECTONIC
744,2025-04-14 20:53:18+00:00,15.33,122.4,2.0,2.0,067 km N 17° E of Patnanungan (Quezon),Ms,TECTONIC
745,2025-04-14 19:58:16+00:00,16.42,122.25,18.0,2.4,005 km N 50° E of Dilasag (Aurora),Ms,TECTONIC
746,2025-04-14 19:51:42+00:00,17.55,120.36,20.0,2.4,003 km N 85° W of Caoayan (Ilocos Sur),Ms,TECTONIC
747,2025-04-14 19:49:56+00:00,15.23,122.33,1.0,2.8,055 km N 13° E of Patnanungan (Quezon),Ms,TECTONIC
748,2025-04-14 19:45:28+00:00,8.89,125.64,12.0,2.2,010 km N 36° W of Sibagat (Agusan Del Sur),Ms,TECTONIC
749,2025-04-14 19:36:46+00:00,6.71,124.98,3.0,2.4,003 km N 44° E of Columbio (Sultan Kudarat),Ms,TECTONIC
750,2025-04-14 19:26:11+00:00,11.73,125.29,25.0,1.8,019 km S 83° W of San Julian (Eastern Samar),Ms,TECTONIC
751,2025-04-14 19:12:16+00:00,13.81,120.61,109.0,1.6,004 km S 39° W of Calatagan (Batangas),Ms,TECTONIC
752,2025-04-14 19:00:45+00:00,11.8,124.2,12.0,2.3,016 km N 80° W of Maripipi (Biliran),Ms,TECTONIC
753,2025-04-14 18:57:36+00:00,8.83,126.36,31.0,1.7,008 km N 67° E of Marihatag (Surigao Del Sur),Ms,TECTONIC
754,2025-04-14 18:50:28+00:00,16.19,120.41,18.0,2.1,008 km N 02° E of San Fabian (Pangasinan),Ms,TECTONIC
755,2025-04-14 18:38:32+00:00,7.72,124.62,1.0,2.5,010 km S 43° W of Amai Manabilang (Lanao Del Sur),Ms,TECTONIC
756,2025-04-14 18:36:18+00:00,17.53,120.47,31.0,1.6,005 km S 70° W of San Quintin (Abra),Ms,TECTONIC
757,2025-04-14 18:29:50+00:00,13.65,120.66,98.0,1.4,020 km S 09° E of Calatagan (Batangas),Ms,TECTONIC
758,2025-04-14 18:13:00+00:00,7.72,124.59,2.0,2.1,013 km S 57° W of Amai Manabilang (Lanao Del Sur),Ms,TECTONIC
759,2025-04-14 18:09:23+00:00,8.79,126.5,26.0,1.8,022 km S 86° E of Marihatag (Surigao Del Sur),Ms,TECTONIC
760,2025-04-14 18:09:21+00:00,17.65,122.7,30.0,2.6,055 km N 50° E of Divilacan (Isabela),Ms,TECTONIC
761,2025-04-14 18:07:39+00:00,7.69,124.62,9.0,2.7,013 km S 34° W of Amai Manabilang (Lanao Del Sur),Ms,TECTONIC
762,2025-04-14 17:30:36+00:00,4.94,124.98,44.0,2.6,071 km S 43° W of Balut Island (Municipality Of Sarangani) (Davao Occidental),Ms,TECTONIC
763,2025-04-14 16:45:10+00:00,19.83,121.38,2.0,2.2,063 km N 09° W of Calayan (Cagayan),Ms,TECTONIC
764,2025-04-14 16:37:09+00:00,15.28,122.78,1.0,2.8,080 km N 37° E of Jomalig (Quezon),Ms,TECTONIC
765,2025-04-14 16:36:00+00:00,9.95,122.72,18.0,2.0,010 km S 31° W of Ilog (Negros Occidental),Ms,TECTONIC
766,2025-04-14 16:25:27+00:00,3.6,126.87,116.0,3.8,257 km S 39° E of Balut Island (Municipality Of Sarangani) (Davao Occidental),Ms,TECTONIC
767,2025-04-14 16:21:38+00:00,8.66,127.4,62.0,2.2,121 km N 74° E of Hinatuan (Surigao Del Sur),Ms,TECTONIC
768,2025-04-14 16:18:53+00:00,10.99,125.63,44.0,3.5,011 km S 66° W of Guiuan (Eastern Samar),Ms,TECTONIC
769,2025-04-14 16:06:53+00:00,14.1,120.43,106.0,1.8,022 km N 84° W of Nasugbu (Batangas),Ms,TECTONIC
770,2025-04-14 15:50:55+00:00,6.81,124.98,3.0,2.0,012 km S 78° E of Tulunan (Cotabato),Ms,TECTONIC
771,2025-04-14 15:40:43+00:00,11.83,124.09,1.0,2.3,007 km S 39° E of Pio V. Corpus (Masbate),Ms,TECTONIC
772,2025-04-14 15:24:01+00:00,10.27,122.22,32.0,2.0,037 km S 61° E of Anini-y (Antique),Ms,TECTONIC
773,2025-04-14 15:01:49+00:00,13.24,124.55,9.0,2.6,044 km N 60° E of Prieto Diaz (Sorsogon),Ms,TECTONIC
774,2025-04-14 14:40:14+00:00,8.02,126.87,13.0,3.0,050 km S 88° E of Lingig (Surigao Del Sur),Ms,TECTONIC
775,2025-04-14 14:36:45+00:00,13.24,124.11,32.0,1.7,006 km N 23° W of Rapu-rapu (Albay),Ms,TECTONIC
776,2025-04-14 14:36:00+00:00,10.09,124.24,39.0,1.9,011 km S 55° W of Talibon (Bohol),unspecified,unspecified
777,2025-04-14 13:23:25+00:00,13.33,121.81,17.0,1.7,004 km N 83° W of Gasan (Marinduque),Ms,TECTONIC
778,2025-04-14 13:22:58+00:00,8.14,126.63,26.0,1.8,027 km N 66° E of Lingig (Surigao Del Sur),Ms,TECTONIC
779,2025-04-14 11:26:50+00:00,5.81,127.58,14.0,3.3,186 km S 43° E of Tarragona (Davao Oriental),Ms,TECTONIC
780,2025-04-14 10:12:44+00:00,7.32,126.51,30.0,1.7,006 km S 82° W of Caraga (Davao Oriental),Ms,TECTONIC
781,2025-04-14 06:57:08+00:00,13.74,120.62,99.0,2.0,010 km S 09° W of Calatagan (Batangas),Ms,TECTONIC
782,2025-04-14 06:44:25+00:00,6.32,126.08,107.0,2.7,037 km S 01° E of Governor Generoso (Davao Oriental),Ms,TECTONIC
783,2025-04-14 05:41:13+00:00,8.3,126.46,24.0,3.0,016 km S 61° E of Hinatuan (Surigao Del Sur),Ms,TECTONIC
784,2025-04-14 05:12:48+00:00,9.45,126.59,9.0,2.2,048 km N 67° E of Cortes (Surigao Del Sur),Ms,TECTONIC
785,2025-04-14 04:38:24+00:00,14.03,120.41,79.0,1.6,024 km S 78° W of Nasugbu (Batangas),Ms,TECTONIC
786,2025-04-14 04:34:15+00:00,14.87,122.57,2.0,1.9,033 km N 53° E of Jomalig (Quezon),Ms,TECTONIC
787,2025-04-14 03:55:38+00:00,14.24,120.54,2.0,1.5,017 km S 17° W of Corregidor Island (City Of Cavite) (Cavite),Ms,TECTONIC
788,2025-04-14 03:08:08+00:00,16.36,120.92,24.0,1.7,004 km N 88° E of Kayapa (Nueva Vizcaya),Ms,TECTONIC
789,2025-04-14 01:45:53+00:00,18.05,121.42,4.0,1.9,018 km S 02° E of Flora (Apayao),Ms,TECTONIC
790,2025-04-14 01:33:28+00:00,13.72,120.54,96.0,1.6,016 km S 40° W of Calatagan (Batangas),Ms,TECTONIC
791,2025-04-14 01:12:25+00:00,7.93,126.54,30.0,2.4,018 km N 31° E of Cateel (Davao Oriental),Ms,TECTONIC
792,2025-04-14 00:30:47+00:00,5.35,125.9,50.0,3.3,049 km S 74° E of Sarangani Island (Municipality Of Sarangani) (Davao Occidental),Ms,TECTONIC
793,2025-04-14 00:16:18+00:00,13.29,121.98,8.0,2.7,005 km N 49° E of Buenavista (Marinduque),Ms,TECTONIC
794,2025-04-13 23:30:54+00:00,6.71,125.98,1.0,3.1,013 km N 58° W of Governor Generoso (Davao Oriental),Ms,TECTONIC
795,2025-04-13 21:17:25+00:00,13.26,121.93,8.0,2.9,002 km N 66° W of Buenavista (Marinduque),Ms,TECTONIC
796,2025-04-13 21:11:43+00:00,13.27,122.0,1.0,2.3,006 km N 71° E of Buenavista (Marinduque),Ms,TECTONIC
797,2025-04-13 20:22:08+00:00,13.29,121.99,3.0,2.6,006 km N 51° E of Buenavista (Marinduque),Ms,TECTONIC
798,2025-04-13 20:11:04+00:00,5.91,124.73,17.0,2.8,015 km S 52° E of Kiamba (Sarangani),Ms,TECTONIC
799,2025-04-13 20:00:09+00:00,13.3,121.95,7.0,2.3,005 km N 14° E of Buenavista (Marinduque),Ms,TECTONIC
800,2025-04-13 19:22:46+00:00,12.14,124.51,30.0,1.4,013 km N 50° W of City Of Calbayog (Samar),Ms,TECTONIC
801,2025-04-13 18:08:23+00:00,10.14,125.22,10.0,2.1,011 km S 80° E of Liloan (Southern Leyte),Ms,TECTONIC
802,2025-04-13 17:43:29+00:00,8.17,126.74,17.0,2.0,039 km N 69° E of Lingig (Surigao Del Sur),Ms,TECTONIC
803,2025-04-13 17:41:29+00:00,10.24,124.89,1.0,2.7,012 km S 70° E of Matalom (Leyte),Ms,TECTONIC
804,2025-04-13 17:29:55+00:00,15.48,119.72,30.0,1.6,028 km S 54° W of Candelaria (Zambales),Ms,TECTONIC
805,2025-04-13 17:19:47+00:00,7.92,122.15,12.0,1.5,012 km N 02° E of Baliguian (Zamboanga Del Norte),Ms,TECTONIC
806,2025-04-13 17:17:46+00:00,8.72,126.61,20.0,2.2,036 km S 75° E of Marihatag (Surigao Del Sur),Ms,TECTONIC
807,2025-04-13 17:15:35+00:00,14.52,119.34,1.0,2.6,094 km S 60° W of San Antonio (Zambales),Ms,TECTONIC
808,2025-04-13 17:12:46+00:00,15.42,121.94,18.0,1.4,055 km S 47° E of Baler (Aurora),Ms,TECTONIC
809,2025-04-13 17:01:56+00:00,14.37,121.46,32.0,1.3,002 km N 85° W of Paete (Laguna),Ms,TECTONIC
810,2025-04-13 16:54:01+00:00,18.76,121.35,25.0,1.7,011 km S 14° W of Fuga Island (Aparri) (Cagayan),Ms,TECTONIC
811,2025-04-13 16:30:58+00:00,8.28,127.47,20.0,2.1,119 km N 77° E of Lingig (Surigao Del Sur),Ms,TECTONIC
812,2025-04-13 14:50:49+00:00,10.38,125.66,9.0,3.1,009 km N 77° E of Loreto (Dinagat Islands),Ms,TECTONIC
813,2025-04-13 14:33:42+00:00,10.99,124.69,9.0,2.0,008 km North of Albuera (Leyte),Ms,TECTONIC
814,2025-04-13 14:20:17+00:00,9.21,125.67,17.0,2.8,013 km S 63° E of Santiago (Agusan Del Norte),Ms,TECTONIC
815,2025-04-13 12:12:24+00:00,19.55,121.92,14.0,3.0,004 km N 13° E of Babuyan Island (Calayan) (Cagayan),Ms,TECTONIC
816,2025-04-13 11:10:28+00:00,9.0,126.17,27.0,1.8,007 km S 76° W of Tago (Surigao Del Sur),Ms,TECTONIC
817,2025-04-13 11:00:56+00:00,15.44,121.38,33.0,1.7,005 km S 69° E of Gabaldon (Nueva Ecija),Ms,TECTONIC
818,2025-04-13 10:29:16+00:00,16.06,122.17,33.0,1.8,024 km S 12° E of Casiguran (Aurora),Ms,TECTONIC
819,2025-04-13 10:29:00+00:00,6.92,123.43,33.0,1.9,060 km S 13° E of Pitogo (Zamboanga Del Sur),Ms,TECTONIC
820,2025-04-13 08:48:14+00:00,15.54,120.83,33.0,1.7,002 km S 52° E of Quezon (Nueva Ecija),Ms,TECTONIC
821,2025-04-13 08:47:45+00:00,9.51,126.85,1.0,2.6,077 km N 70° E of Cortes (Surigao Del Sur),Ms,TECTONIC
822,2025-04-13 07:52:11+00:00,12.64,118.31,33.0,2.3,185 km N 73° W of Busuanga (Palawan),Ms,TECTONIC
823,2025-04-13 07:31:11+00:00,12.58,118.24,21.0,3.2,191 km N 75° W of Busuanga (Palawan),Ms,TECTONIC
824,2025-04-13 07:07:30+00:00,6.6,125.66,1.0,2.8,021 km N 74° E of Santa Maria (Davao Occidental),Ms,TECTONIC
825,2025-04-13 06:38:23+00:00,11.36,125.45,11.0,3.8,018 km N 84° W of Hernani (Eastern Samar),Ms,TECTONIC
826,2025-04-13 06:34:48+00:00,6.57,126.69,117.0,2.3,059 km S 27° E of Tarragona (Davao Oriental),Ms,TECTONIC
827,2025-04-13 05:37:06+00:00,8.34,126.63,21.0,2.5,033 km S 85° E of Hinatuan (Surigao Del Sur),Ms,TECTONIC
828,2025-04-13 04:32:49+00:00,5.34,126.19,108.0,3.3,080 km S 80° E of Sarangani Island (Municipality Of Sarangani) (Davao Occidental),Ms,TECTONIC
829,2025-04-13 04:11:51+00:00,14.64,123.47,1.0,2.0,059 km N 72° E of Tinaga Island (Vinzons) (Camarines Norte),Ms,TECTONIC
830,2025-04-13 03:02:28+00:00,9.86,126.15,33.0,1.9,005 km S 83° E of Pilar (Surigao Del Norte),Ms,TECTONIC
831,2025-04-13 02:15:56+00:00,12.17,123.88,1.0,2.6,003 km S 45° E of Dimasalang (Masbate),Ms,TECTONIC
832,2025-04-13 01:13:51+00:00,17.65,120.3,35.0,1.8,010 km N 54° W of San Vicente (Ilocos Sur),Ms,TECTONIC
833,2025-04-13 01:11:42+00:00,12.17,123.89,5.0,3.4,005 km N 51° W of Palanas (Masbate),Ms,TECTONIC
834,2025-04-13 00:04:12+00:00,19.27,121.48,22.0,2.1,001 km N 44° E of Calayan (Cagayan),Ms,TECTONIC
835,2025-04-12 23:42:12+00:00,5.5,126.06,13.0,2.8,065 km S 46° E of Jose Abad Santos (Davao Occidental),Ms,TECTONIC
836,2025-04-12 23:39:40+00:00,9.66,126.23,29.0,2.0,016 km S 31° E of General Luna (Surigao Del Norte),Ms,TECTONIC
837,2025-04-12 20:49:25+00:00,12.14,124.34,18.0,2.4,022 km N 64° E of Tagapul-an (Samar),Ms,TECTONIC
838,2025-04-12 18:58:10+00:00,17.7,120.88,21.0,2.4,006 km S 65° E of Tineg (Abra),Ms,TECTONIC
839,2025-04-12 17:17:44+00:00,7.22,127.54,13.0,2.6,104 km S 85° E of Caraga (Davao Oriental),Ms,TECTONIC
840,2025-04-12 16:33:20+00:00,7.94,126.86,22.0,2.0,047 km N 70° E of Cateel (Davao Oriental),Ms,TECTONIC
841,2025-04-12 16:29:06+00:00,12.18,125.34,1.0,2.1,010 km S 21° W of Arteche (Eastern Samar),Ms,TECTONIC
842,2025-04-12 16:18:21+00:00,8.42,126.71,48.0,2.2,041 km N 82° E of Hinatuan (Surigao Del Sur),Ms,TECTONIC
843,2025-04-12 16:18:00+00:00,5.62,124.41,31.0,2.6,047 km S 30° W of Kiamba (Sarangani),Ms,TECTONIC
844,2025-04-12 16:06:10+00:00,12.26,125.36,6.0,2.6,002 km S 54° W of Arteche (Eastern Samar),Ms,TECTONIC
845,2025-04-12 16:02:04+00:00,3.05,127.5,149.0,4.0,348 km S 41° E of Balut Island (Municipality Of Sarangani) (Davao Occidental),Ms,TECTONIC
846,2025-04-12 15:57:20+00:00,16.54,122.08,22.0,2.0,019 km N 86° W of Dinapigue (Isabela),Ms,TECTONIC
847,2025-04-12 15:46:21+00:00,18.19,120.82,18.0,1.5,005 km N 03° W of Carasi (Ilocos Norte),Ms,TECTONIC
848,2025-04-12 15:15:28+00:00,7.94,126.86,11.0,2.8,048 km N 70° E of Cateel (Davao Oriental),Ms,TECTONIC
849,2025-04-12 14:50:11+00:00,17.21,119.87,4.0,3.1,061 km N 85° W of City Of Candon (Ilocos Sur),Ms,TECTONIC
850,2025-04-12 13:48:57+00:00,10.26,126.01,56.0,1.8,027 km N 07° W of Santa Monica (Surigao Del Norte),Ms,TECTONIC
851,2025-04-12 13:07:28+00:00,8.63,125.67,23.0,2.2,006 km S 24° E of Esperanza (Agusan Del Sur),Ms,TECTONIC
852,2025-04-12 12:59:34+00:00,5.14,125.27,34.0,3.0,035 km S 29° W of Balut Island (Municipality Of Sarangani) (Davao Occidental),Ms,TECTONIC
853,2025-04-12 12:47:19+00:00,9.06,126.21,43.0,2.1,005 km S 78° E of City Of Tandag (Surigao Del Sur),Ms,TECTONIC
854,2025-04-12 11:53:32+00:00,7.88,126.79,22.0,2.3,039 km N 76° E of Cateel (Davao Oriental),Ms,TECTONIC
855,2025-04-12 11:28:27+00:00,15.17,119.87,18.0,2.3,020 km N 88° W of Cabangan (Zambales),Ms,TECTONIC
856,2025-04-12 10:36:30+00:00,11.76,125.24,34.0,1.3,020 km N 73° E of Hinabangan (Samar),Ms,TECTONIC
857,2025-04-12 10:24:53+00:00,9.7,126.11,23.0,2.2,009 km S 42° E of Dapa (Surigao Del Norte),Ms,TECTONIC
858,2025-04-12 10:10:30+00:00,8.2,125.89,45.0,2.0,004 km N 51° E of Loreto (Agusan Del Sur),Ms,TECTONIC
859,2025-04-12 08:51:43+00:00,9.31,125.98,36.0,1.8,003 km S 09° E of Cantilan (Surigao Del Sur),Ms,TECTONIC
860,2025-04-12 06:41:10+00:00,9.86,125.46,14.0,3.0,008 km N 27° W of City Of Surigao (Surigao Del Norte),Ms,TECTONIC
861,2025-04-12 06:32:49+00:00,10.16,126.54,1.0,2.4,054 km N 73° E of Burgos (Surigao Del Norte),Ms,TECTONIC
862,2025-04-12 05:11:16+00:00,15.27,122.83,23.0,2.0,083 km N 41° E of Jomalig (Quezon),Ms,TECTONIC
863,2025-04-12 03:47:01+00:00,8.33,127.19,1.0,1.7,091 km N 70° E of Lingig (Surigao Del Sur),Ms,TECTONIC
864,2025-04-12 03:26:54+00:00,15.3,122.84,14.0,3.1,086 km N 40° E of Jomalig (Quezon),Ms,TECTONIC
865,2025-04-12 02:09:32+00:00,10.24,126.12,11.0,2.8,025 km N 11° E of Burgos (Surigao Del Norte),Ms,TECTONIC
866,2025-04-12 02:02:28+00:00,4.89,125.02,13.0,2.0,073 km S 37° W of Balut Island (Municipality Of Sarangani) (Davao Occidental),Ms,TECTONIC
867,2025-04-12 01:58:53+00:00,10.29,126.15,12.0,3.9,031 km N 15° E of Burgos (Surigao Del Norte),Ms,TECTONIC
868,2025-04-12 00:55:02+00:00,11.77,124.18,34.0,1.5,016 km N 76° E of Esperanza (Masbate),Ms,TECTONIC
869,2025-04-12 00:16:10+00:00,12.38,124.87,34.0,1.6,007 km N 24° E of Silvino Lobos (Northern Samar),Ms,TECTONIC
870,2025-04-11 23:50:27+00:00,14.41,120.41,108.0,2.1,009 km S 75° W of Mariveles (Bataan),Ms,TECTONIC
871,2025-04-11 23:31:02+00:00,18.92,120.93,18.0,2.5,036 km S 55° W of Dalupiri Island (Calayan) (Cagayan),Ms,TECTONIC
872,2025-04-11 23:27:03+00:00,7.51,126.51,131.0,2.0,009 km S 36° W of Baganga (Davao Oriental),Ms,TECTONIC
873,2025-04-11 21:33:34+00:00,11.18,123.97,27.0,2.0,006 km N 07° E of Medellin (Cebu),Ms,TECTONIC
874,2025-04-11 20:16:49+00:00,8.12,126.82,24.0,2.5,046 km N 79° E of Lingig (Surigao Del Sur),Ms,TECTONIC
875,2025-04-11 19:54:16+00:00,7.74,126.43,29.0,1.8,006 km S 27° W of Cateel (Davao Oriental),Ms,TECTONIC
876,2025-04-11 19:50:52+00:00,12.24,122.22,46.0,2.4,018 km S 85° E of Alcantara (Romblon),Ms,TECTONIC
877,2025-04-11 19:19:09+00:00,5.74,126.23,25.0,2.6,067 km S 74° E of Jose Abad Santos (Davao Occidental),Ms,TECTONIC
878,2025-04-11 18:56:24+00:00,8.31,127.39,15.0,2.5,112 km N 74° E of Lingig (Surigao Del Sur),Ms,TECTONIC
879,2025-04-11 18:41:04+00:00,11.97,123.39,30.0,2.3,023 km S 70° E of Balud (Masbate),Ms,TECTONIC
880,2025-04-11 17:10:23+00:00,12.82,121.38,9.0,2.6,010 km S 58° W of Bansud (Oriental Mindoro),Ms,TECTONIC
881,2025-04-11 17:09:02+00:00,14.7,122.88,32.0,2.3,026 km N 17° W of Tinaga Island (Vinzons) (Camarines Norte),Ms,TECTONIC
882,2025-04-11 17:06:53+00:00,16.91,121.61,24.0,2.8,004 km N 42° E of San Mateo (Isabela),Ms,TECTONIC
883,2025-04-11 16:14:00+00:00,9.55,125.99,26.0,2.7,008 km S 20° E of Socorro (Surigao Del Norte),Ms,TECTONIC
884,2025-04-11 15:56:27+00:00,11.25,124.59,10.0,1.5,008 km S 56° W of Capoocan (Leyte),Ms,TECTONIC
885,2025-04-11 15:41:00+00:00,10.23,125.86,18.0,1.7,031 km N 41° W of Santa Monica (Surigao Del Norte),Ms,TECTONIC
886,2025-04-11 15:09:07+00:00,10.18,125.27,1.0,1.9,011 km S 06° E of Anahawan (Southern Leyte),Ms,TECTONIC
887,2025-04-11 14:55:28+00:00,5.43,124.9,33.0,1.5,049 km S 13° W of Maasim (Sarangani),Ms,TECTONIC
888,2025-04-11 14:50:22+00:00,10.16,122.12,10.0,1.7,036 km S 35° E of Anini-y (Antique),Ms,TECTONIC
889,2025-04-11 14:36:53+00:00,7.22,126.22,37.0,2.3,015 km S 47° E of Maragusan (Davao De Oro),Ms,TECTONIC
890,2025-04-11 13:49:45+00:00,9.54,126.25,26.0,1.6,028 km S 21° E of General Luna (Surigao Del Norte),Ms,TECTONIC
891,2025-04-11 13:35:27+00:00,11.49,125.88,26.0,2.0,033 km N 61° E of Hernani (Eastern Samar),Ms,TECTONIC
892,2025-04-11 13:29:08+00:00,13.94,119.97,5.0,3.9,018 km N 62° W of Lubang (Occidental Mindoro),Ms,TECTONIC
893,2025-04-11 13:22:50+00:00,8.32,125.14,1.0,2.7,021 km N 04° E of City Of Malaybalay (Bukidnon),Ms,TECTONIC
894,2025-04-11 13:08:35+00:00,12.89,124.51,34.0,1.6,028 km N 34° E of Biri (Northern Samar),Ms,TECTONIC
895,2025-04-11 12:59:00+00:00,13.01,124.63,11.0,3.1,047 km N 38° E of Biri (Northern Samar),Ms,TECTONIC
896,2025-04-11 12:54:26+00:00,12.97,124.63,6.0,3.3,043 km N 42° E of Biri (Northern Samar),Ms,TECTONIC
897,2025-04-11 12:51:56+00:00,9.64,125.38,31.0,1.5,004 km N 51° W of Malimono (Surigao Del Norte),Ms,TECTONIC
898,2025-04-11 12:07:26+00:00,14.96,122.64,5.0,2.5,045 km N 49° E of Jomalig (Quezon),Ms,TECTONIC
899,2025-04-11 11:40:57+00:00,12.11,124.17,1.0,2.4,008 km N 04° E of Tagapul-an (Samar),Ms,TECTONIC
900,2025-04-11 11:28:04+00:00,18.64,120.84,1.0,3.4,010 km N 31° E of Pagudpud (Ilocos Norte),Ms,TECTONIC
901,2025-04-11 11:06:11+00:00,19.21,121.46,20.0,1.4,005 km S 15° W of Calayan (Cagayan),Ms,TECTONIC
902,2025-04-11 10:45:31+00:00,12.54,124.84,21.0,1.4,003 km S 84° W of San Roque (Northern Samar),Ms,TECTONIC
903,2025-04-11 09:46:19+00:00,7.39,126.28,32.0,1.7,019 km N 67° E of Maragusan (Davao De Oro),Ms,TECTONIC
904,2025-04-11 09:28:09+00:00,11.88,125.77,26.0,2.1,035 km N 79° E of Sulat (Eastern Samar),Ms,TECTONIC
905,2025-04-11 05:51:07+00:00,6.54,125.54,65.0,2.2,007 km S 76° E of Santa Maria (Davao Occidental),Ms,TECTONIC
906,2025-04-11 05:46:29+00:00,13.73,120.65,105.0,1.7,011 km S 10° E of Calatagan (Batangas),Ms,TECTONIC
907,2025-04-11 03:05:41+00:00,18.87,120.72,3.0,3.0,036 km N 12° W of Pagudpud (Ilocos Norte),Ms,TECTONIC
908,2025-04-11 02:38:47+00:00,6.41,125.95,117.0,2.4,030 km S 27° W of Governor Generoso (Davao Oriental),Ms,TECTONIC
909,2025-04-10 23:58:46+00:00,9.3,126.29,33.0,1.4,011 km N 77° E of Cortes (Surigao Del Sur),Ms,TECTONIC
910,2025-04-10 21:55:44+00:00,2.82,126.59,1.0,4.4,315 km S 24° E of Balut Island (Municipality Of Sarangani) (Davao Occidental),Ms,TECTONIC
911,2025-04-10 21:13:55+00:00,18.11,120.89,12.0,1.7,008 km S 61° E of Carasi (Ilocos Norte),Ms,TECTONIC
912,2025-04-10 20:48:16+00:00,5.95,123.25,36.0,2.5,108 km S 74° W of Palimbang (Sultan Kudarat),Ms,TECTONIC
913,2025-04-10 20:05:17+00:00,10.6,122.6,24.0,1.8,007 km S 04° E of Jordan (Guimaras),Ms,TECTONIC
914,2025-04-10 19:30:45+00:00,13.79,120.67,146.0,1.9,006 km S 45° E of Calatagan (Batangas),Ms,TECTONIC
915,2025-04-10 19:28:27+00:00,8.18,125.71,33.0,1.6,015 km S 45° W of La Paz (Agusan Del Sur),Ms,TECTONIC
916,2025-04-10 19:13:43+00:00,17.79,120.73,6.0,1.6,009 km N 20° E of Lagayan (Abra),Ms,TECTONIC
917,2025-04-10 18:51:49+00:00,18.13,120.83,9.0,2.7,002 km S 46° E of Carasi (Ilocos Norte),Ms,TECTONIC
918,2025-04-10 18:43:12+00:00,8.74,127.06,1.0,2.3,084 km S 86° E of Marihatag (Surigao Del Sur),Ms,TECTONIC
919,2025-04-10 18:10:10+00:00,7.66,126.0,32.0,1.6,006 km S 17° E of Montevista (Davao De Oro),Ms,TECTONIC
920,2025-04-10 17:45:55+00:00,8.36,127.39,16.0,2.7,113 km N 72° E of Lingig (Surigao Del Sur),Ms,TECTONIC
921,2025-04-10 17:36:43+00:00,10.4,126.21,7.0,2.6,045 km N 19° E of Burgos (Surigao Del Norte),Ms,TECTONIC
922,2025-04-10 17:11:38+00:00,6.11,126.35,56.0,2.5,067 km S 27° E of Governor Generoso (Davao Oriental),Ms,TECTONIC
923,2025-04-10 16:38:25+00:00,8.89,126.24,23.0,1.5,007 km S 61° W of Cagwait (Surigao Del Sur),Ms,TECTONIC
924,2025-04-10 16:35:31+00:00,8.83,126.32,27.0,1.9,004 km N 31° E of Marihatag (Surigao Del Sur),Ms,TECTONIC
925,2025-04-10 13:55:55+00:00,10.02,125.72,15.0,1.6,012 km N 27° E of Cagdianao (Dinagat Islands),Ms,TECTONIC
926,2025-04-10 13:36:33+00:00,9.94,126.2,34.0,1.9,012 km N 89° E of San Isidro (Surigao Del Norte),Ms,TECTONIC
927,2025-04-10 13:35:48+00:00,8.7,126.67,12.0,1.7,042 km S 75° E of Marihatag (Surigao Del Sur),Ms,TECTONIC
928,2025-04-10 13:09:59+00:00,13.65,120.02,21.0,1.8,026 km S 26° W of Lubang (Occidental Mindoro),Ms,TECTONIC
929,2025-04-10 13:01:31+00:00,16.95,121.51,19.0,1.9,004 km N 35° E of Alfonso Lista (Ifugao),Ms,TECTONIC
930,2025-04-10 12:29:14+00:00,13.45,120.2,11.0,2.1,029 km N 84° W of Paluan (Occidental Mindoro),Ms,TECTONIC
931,2025-04-10 12:16:25+00:00,8.12,126.95,6.0,2.2,060 km N 81° E of Lingig (Surigao Del Sur),Ms,TECTONIC
932,2025-04-10 11:58:51+00:00,8.93,126.18,31.0,1.6,011 km S 31° W of Tago (Surigao Del Sur),Ms,TECTONIC
933,2025-04-10 11:19:53+00:00,10.13,125.82,22.0,1.7,026 km N 74° E of Basilisa (Dinagat Islands),Ms,TECTONIC
934,2025-04-10 09:19:23+00:00,13.7,120.6,91.0,2.4,015 km S 14° W of Calatagan (Batangas),Ms,TECTONIC
935,2025-04-10 09:03:20+00:00,10.88,124.85,174.0,2.1,011 km S 25° W of Burauen (Leyte),Ms,TECTONIC
936,2025-04-10 07:56:57+00:00,14.43,120.23,67.0,2.2,027 km S 44° W of Bagac (Bataan),Ms,TECTONIC
937,2025-04-10 07:50:35+00:00,16.37,121.35,1.0,2.3,008 km N 45° E of Kasibu (Nueva Vizcaya),Ms,TECTONIC
938,2025-04-10 07:38:47+00:00,12.2,124.42,8.0,2.2,023 km S 26° E of San Isidro (Northern Samar),Ms,TECTONIC
939,2025-04-10 07:31:21+00:00,6.59,125.24,3.0,2.1,004 km S 25° W of Kiblawan (Davao Del Sur),Ms,TECTONIC
940,2025-04-10 06:31:11+00:00,17.04,121.53,5.0,2.6,012 km N 61° W of Aurora (Isabela),Ms,TECTONIC
941,2025-04-10 06:21:05+00:00,15.34,119.94,17.0,3.1,005 km N 69° W of Iba (Zambales),Ms,TECTONIC
942,2025-04-10 06:17:59+00:00,12.19,124.32,12.0,2.0,022 km S 02° W of San Isidro (Northern Samar),Ms,TECTONIC
943,2025-04-10 05:05:42+00:00,17.12,121.65,28.0,2.6,003 km N 85° E of Roxas (Isabela),Ms,TECTONIC
944,2025-04-10 05:04:44+00:00,4.02,125.81,131.0,2.7,160 km S 16° E of Balut Island (Municipality Of Sarangani) (Davao Occidental),Ms,TECTONIC
945,2025-04-10 04:47:32+00:00,11.46,124.46,12.0,2.3,004 km N 75° E of Calubian (Leyte),Ms,TECTONIC
946,2025-04-10 00:47:28+00:00,10.3,123.12,13.0,2.5,014 km S 47° W of City Of Canlaon (Negros Oriental),ML,VOLCANO-TECTONIC
947,2025-04-10 00:04:50+00:00,16.92,121.55,16.0,3.0,006 km N 87° E of Alfonso Lista (Ifugao),Ms,TECTONIC
948,2025-04-10 00:00:58+00:00,17.0,121.56,34.0,1.8,008 km N 80° W of Aurora (Isabela),Ms,TECTONIC
949,2025-04-09 23:35:09+00:00,17.0,121.57,2.0,2.8,007 km N 80° W of Aurora (Isabela),Ms,TECTONIC
950,2025-04-09 23:30:39+00:00,16.97,121.62,6.0,3.0,003 km S 23° W of Aurora (Isabela),Ms,TECTONIC
951,2025-04-09 23:21:37+00:00,16.97,121.65,3.0,3.4,003 km S 37° E of Aurora (Isabela),Ms,TECTONIC
952,2025-04-09 22:26:12+00:00,6.56,125.3,8.0,2.0,006 km S 44° W of Sulop (Davao Del Sur),Ms,TECTONIC
953,2025-04-09 22:20:42+00:00,11.13,124.49,11.0,2.0,009 km S 55° W of Kananga (Leyte),Ms,TECTONIC
954,2025-04-09 21:50:21+00:00,18.04,120.5,31.0,2.5,002 km N 31° E of Currimao (Ilocos Norte),Ms,TECTONIC
955,2025-04-09 21:06:53+00:00,12.18,124.28,20.0,1.9,026 km S 01° W of San Antonio (Northern Samar),Ms,TECTONIC
956,2025-04-09 20:49:07+00:00,12.21,124.4,33.0,1.7,020 km S 21° E of San Isidro (Northern Samar),Ms,TECTONIC
957,2025-04-09 20:38:00+00:00,12.22,124.32,11.0,3.7,018 km S 04° W of San Isidro (Northern Samar),unspecified,unspecified
958,2025-04-09 20:38:39+00:00,12.21,124.31,13.0,4.1,019 km S 06° W of San Isidro (Northern Samar),Mw,TECTONIC
959,2025-04-09 20:23:06+00:00,8.52,127.65,33.0,3.0,145 km N 83° E of Hinatuan (Surigao Del Sur),Ms,TECTONIC
960,2025-04-09 20:17:32+00:00,15.01,119.84,21.0,2.1,026 km S 77° W of San Felipe (Zambales),Ms,TECTONIC
961,2025-04-09 19:42:13+00:00,8.99,123.1,7.0,2.2,010 km S 42° E of Siaton (Negros Oriental),Ms,TECTONIC
962,2025-04-09 19:02:37+00:00,6.47,126.34,132.0,3.0,036 km S 55° E of Governor Generoso (Davao Oriental),Ms,TECTONIC
963,2025-04-09 18:09:35+00:00,8.45,125.82,31.0,1.5,004 km N 84° E of Talacogon (Agusan Del Sur),Ms,TECTONIC
964,2025-04-09 17:46:16+00:00,9.5,122.79,26.0,1.7,013 km N 01° W of City Of Bayawan (Negros Oriental),Ms,TECTONIC
965,2025-04-09 17:30:43+00:00,5.86,126.94,92.0,2.4,131 km S 47° E of Governor Generoso (Davao Oriental),Ms,TECTONIC
966,2025-04-09 16:58:43+00:00,6.01,126.12,139.0,3.5,051 km S 67° E of Don Marcelino (Davao Occidental),Ms,TECTONIC
967,2025-04-09 16:44:42+00:00,9.25,126.67,13.0,1.9,052 km S 87° E of Cortes (Surigao Del Sur),Ms,TECTONIC
968,2025-04-09 16:00:03+00:00,6.57,125.34,5.0,3.0,004 km S 11° W of Sulop (Davao Del Sur),Ms,TECTONIC
969,2025-04-09 15:53:21+00:00,8.11,126.7,20.0,1.8,032 km N 76° E of Lingig (Surigao Del Sur),Ms,TECTONIC
970,2025-04-09 15:21:13+00:00,2.93,127.53,5.0,4.9,361 km S 40° E of Balut Island (Municipality Of Sarangani) (Davao Occidental),Ms,TECTONIC
971,2025-04-09 14:59:54+00:00,8.16,125.99,3.0,2.9,002 km S 18° W of Bunawan (Agusan Del Sur),Ms,TECTONIC
972,2025-04-09 13:51:33+00:00,6.82,125.62,42.0,2.4,023 km S 87° E of Santa Cruz (Davao Del Sur),Ms,TECTONIC
973,2025-04-09 13:29:12+00:00,8.38,126.59,25.0,2.7,027 km N 88° E of Hinatuan (Surigao Del Sur),Ms,TECTONIC
974,2025-04-09 13:05:51+00:00,8.65,123.27,14.0,2.3,011 km N 47° W of City Of Dipolog (Zamboanga Del Norte),Ms,TECTONIC
975,2025-04-09 11:25:35+00:00,9.34,127.03,2.0,2.4,091 km N 63° E of Bayabas (Surigao Del Sur),Ms,TECTONIC
976,2025-04-09 11:01:46+00:00,16.68,120.35,10.0,3.1,008 km N 26° E of City Of San Fernando (La Union),Ms,TECTONIC
977,2025-04-09 10:47:38+00:00,20.35,121.32,30.0,3.0,058 km N 89° W of Sabtang (Batanes),Ms,TECTONIC
978,2025-04-09 10:02:54+00:00,8.37,126.58,27.0,2.5,026 km East of Hinatuan (Surigao Del Sur),Ms,TECTONIC
979,2025-04-09 10:00:07+00:00,6.89,126.27,25.0,2.5,009 km S 44° E of City Of Mati (Davao Oriental),Ms,TECTONIC
980,2025-04-09 07:56:20+00:00,18.3,120.7,20.0,2.5,009 km N 38° E of Vintar (Ilocos Norte),Ms,TECTONIC
981,2025-04-09 07:25:08+00:00,2.89,127.07,33.0,4.3,333 km S 33° E of Balut Island (Municipality Of Sarangani) (Davao Occidental),Ms,TECTONIC
982,2025-04-09 06:08:27+00:00,8.28,126.62,24.0,1.8,033 km S 72° E of Hinatuan (Surigao Del Sur),Ms,TECTONIC
983,2025-04-09 05:37:22+00:00,12.66,124.47,12.0,2.6,015 km N 09° W of San Jose (Northern Samar),Ms,TECTONIC
984,2025-04-09 05:02:27+00:00,8.31,126.22,32.0,1.4,015 km S 66° W of Hinatuan (Surigao Del Sur),Ms,TECTONIC
985,2025-04-09 04:04:55+00:00,5.31,126.35,18.0,3.4,099 km S 80° E of Sarangani Island (Municipality Of Sarangani) (Davao Occidental),Ms,TECTONIC
986,2025-04-09 02:23:18+00:00,12.24,125.4,7.0,3.2,005 km S 41° E of Arteche (Eastern Samar),Ms,TECTONIC
987,2025-04-09 01:08:58+00:00,13.63,120.6,89.0,1.9,022 km S 09° W of Calatagan (Batangas),Ms,TECTONIC
988,2025-04-09 00:06:24+00:00,13.55,120.9,33.0,2.1,008 km N 50° W of Puerto Galera (Oriental Mindoro),Ms,TECTONIC
989,2025-04-08 23:40:11+00:00,9.81,125.4,6.0,3.4,004 km N 33° W of San Francisco (Surigao Del Norte),Ms,TECTONIC
990,2025-04-08 23:21:34+00:00,7.8,126.97,14.0,2.4,051 km N 61° E of Baganga (Davao Oriental),Ms,TECTONIC
991,2025-04-08 21:16:35+00:00,13.7,120.66,105.0,2.3,015 km S 11° E of Calatagan (Batangas),Ms,TECTONIC
992,2025-04-08 20:56:09+00:00,19.3,121.09,3.0,2.3,023 km N 32° W of Dalupiri Island (Calayan) (Cagayan),Ms,TECTONIC
993,2025-04-08 20:52:31+00:00,10.31,125.52,105.0,3.3,005 km S 64° W of Tubajon (Dinagat Islands),Ms,TECTONIC
994,2025-04-08 20:32:10+00:00,7.19,126.48,33.0,1.6,007 km S 70° W of Manay (Davao Oriental),Ms,TECTONIC
995,2025-04-08 20:19:22+00:00,13.65,120.81,9.0,1.6,006 km S 84° W of Tingloy (Batangas),Ms,TECTONIC
996,2025-04-08 20:05:18+00:00,11.58,124.38,33.0,2.1,003 km N 52° W of Naval (Biliran),Ms,TECTONIC
997,2025-04-08 19:38:11+00:00,4.65,124.96,16.0,3.8,099 km S 31° W of Balut Island (Municipality Of Sarangani) (Davao Occidental),Ms,TECTONIC
998,2025-04-08 19:25:51+00:00,4.25,125.25,33.0,5.2,130 km S 08° W of Balut Island (Municipality Of Sarangani) (Davao Occidental),Mw,TECTONIC
999,2025-04-08 17:56:24+00:00,6.49,126.16,122.0,2.5,021 km S 29° E of Governor Generoso (Davao Oriental),Ms,TECTONIC
1000,2025-04-08 16:47:34+00:00,8.37,127.11,9.0,2.3,085 km N 90° E of Hinatuan (Surigao Del Sur),Ms,TECTONIC
1001,2025-04-08 16:44:52+00:00,10.38,125.14,2.0,2.2,007 km S 76° W of Hinunangan (Southern Leyte),Ms,TECTONIC
1002,2025-04-08 16:28:44+00:00,5.23,126.68,59.0,4.0,137 km S 79° E of Sarangani Island (Municipality Of Sarangani) (Davao Occidental),Ms,TECTONIC
1003,2025-04-08 15:22:22+00:00,8.54,126.57,11.0,2.2,032 km N 54° E of Hinatuan (Surigao Del Sur),Ms,TECTONIC
1004,2025-04-08 15:17:51+00:00,15.62,120.25,96.0,2.0,014 km N 88° W of Mayantoc (Tarlac),Ms,TECTONIC
1005,2025-04-08 14:13:20+00:00,8.92,126.46,26.0,2.6,017 km N 89° E of Cagwait (Surigao Del Sur),Ms,TECTONIC
1006,2025-04-08 13:54:44+00:00,8.14,126.74,21.0,1.7,038 km N 73° E of Lingig (Surigao Del Sur),Ms,TECTONIC
1007,2025-04-08 13:50:44+00:00,18.69,120.56,22.0,2.7,021 km N 24° W of Burgos (Ilocos Norte),Ms,TECTONIC
1008,2025-04-08 12:58:43+00:00,11.97,124.0,1.0,2.4,003 km S 14° E of Cataingan (Masbate),Ms,TECTONIC
1009,2025-04-08 09:30:24+00:00,7.07,126.63,129.0,4.5,020 km N 85° E of Tarragona (Davao Oriental),Mw,TECTONIC
1010,2025-04-08 07:50:06+00:00,18.94,120.74,1.0,2.7,042 km N 07° W of Pagudpud (Ilocos Norte),Ms,TECTONIC
1011,2025-04-08 05:04:24+00:00,15.45,120.5,32.0,1.8,005 km S 56° E of San Jose (Tarlac),Ms,TECTONIC
1012,2025-04-08 04:19:09+00:00,16.78,120.03,7.0,2.6,035 km N 58° W of City Of San Fernando (La Union),Ms,TECTONIC
1013,2025-04-08 03:49:47+00:00,8.84,126.28,34.0,1.8,004 km N 21° W of Marihatag (Surigao Del Sur),Ms,TECTONIC
1014,2025-04-08 03:42:41+00:00,12.85,124.44,31.0,2.1,020 km N 23° E of Biri (Northern Samar),Ms,TECTONIC
1015,2025-04-08 02:53:35+00:00,8.79,126.36,33.0,1.4,007 km S 85° E of Marihatag (Surigao Del Sur),Ms,TECTONIC
1016,2025-04-08 00:28:39+00:00,6.51,126.51,30.0,2.4,051 km S 71° E of Governor Generoso (Davao Oriental),Ms,TECTONIC
1017,2025-04-08 00:17:41+00:00,15.5,120.0,71.0,3.0,006 km S 46° E of Masinloc (Zambales),Ms,TECTONIC
1018,2025-04-08 00:00:23+00:00,13.2,120.21,1.0,2.5,037 km S 49° W of Paluan (Occidental Mindoro),Ms,TECTONIC
1019,2025-04-07 23:42:24+00:00,7.68,124.74,9.0,2.5,005 km N 29° E of Wao (Lanao Del Sur),Ms,TECTONIC
1020,2025-04-07 23:36:48+00:00,7.65,124.72,9.0,2.7,002 km N 25° W of Wao (Lanao Del Sur),Ms,TECTONIC
1021,2025-04-07 23:25:31+00:00,13.32,120.36,1.0,2.0,015 km S 45° W of Paluan (Occidental Mindoro),Ms,TECTONIC
1022,2025-04-07 21:50:37+00:00,10.44,123.14,3.0,3.2,012 km S 57° W of City Of Canlaon (Negros Oriental),ML,VOLCANIC
1023,2025-04-07 22:12:27+00:00,13.22,120.19,7.0,3.5,036 km S 54° W of Paluan (Occidental Mindoro),Ms,TECTONIC
1024,2025-04-07 22:10:45+00:00,13.29,120.25,10.0,2.5,027 km S 60° W of Paluan (Occidental Mindoro),Ms,TECTONIC
1025,2025-04-07 21:45:32+00:00,11.73,124.26,6.0,3.6,012 km N 65° W of Kawayan (Biliran),Ms,TECTONIC
1026,2025-04-07 21:36:41+00:00,13.18,120.22,2.0,2.1,038 km S 45° W of Paluan (Occidental Mindoro),Ms,TECTONIC
1027,2025-04-07 21:31:15+00:00,13.18,120.19,3.0,3.0,040 km S 49° W of Paluan (Occidental Mindoro),Ms,TECTONIC
1028,2025-04-07 20:59:42+00:00,13.19,120.21,2.0,2.9,037 km S 48° W of Paluan (Occidental Mindoro),Ms,TECTONIC
1029,2025-04-07 20:48:24+00:00,9.34,122.58,45.0,2.1,010 km S 42° W of Basay (Negros Oriental),Ms,TECTONIC
1030,2025-04-07 20:03:17+00:00,18.03,120.69,15.0,2.7,001 km S 41° E of Marcos (Ilocos Norte),Ms,TECTONIC
1031,2025-04-07 19:43:31+00:00,11.3,124.61,1.0,2.1,004 km N 82° W of Capoocan (Leyte),Ms,TECTONIC
1032,2025-04-07 19:15:08+00:00,7.94,126.74,13.0,2.1,036 km N 63° E of Cateel (Davao Oriental),Ms,TECTONIC
1033,2025-04-07 18:21:55+00:00,18.23,122.09,6.0,2.5,010 km S 72° E of Gonzaga (Cagayan),Ms,TECTONIC
1034,2025-04-07 18:18:24+00:00,8.66,126.37,5.0,2.1,018 km S 28° E of Marihatag (Surigao Del Sur),Ms,TECTONIC
1035,2025-04-07 17:09:13+00:00,6.66,125.93,25.0,2.2,016 km N 89° W of Governor Generoso (Davao Oriental),Ms,TECTONIC
1036,2025-04-07 16:52:58+00:00,9.76,123.91,19.0,2.2,002 km S 18° E of Antequera (Bohol),Ms,TECTONIC
1037,2025-04-07 16:28:37+00:00,14.97,122.61,2.0,2.2,043 km N 44° E of Jomalig (Quezon),Ms,TECTONIC
1038,2025-04-07 16:17:12+00:00,7.94,125.28,24.0,2.3,006 km N 70° W of San Fernando (Bukidnon),Ms,TECTONIC
1039,2025-04-07 15:32:40+00:00,14.97,122.64,3.0,2.6,045 km N 49° E of Jomalig (Quezon),Ms,TECTONIC
1040,2025-04-07 14:49:59+00:00,7.12,126.94,1.0,1.9,042 km S 76° E of Manay (Davao Oriental),Ms,TECTONIC
1041,2025-04-07 14:39:41+00:00,8.1,126.71,17.0,2.0,034 km N 78° E of Lingig (Surigao Del Sur),Ms,TECTONIC
1042,2025-04-07 13:58:15+00:00,8.98,126.0,1.0,2.0,006 km N 42° W of San Miguel (Surigao Del Sur),Ms,TECTONIC
1043,2025-04-07 13:41:42+00:00,18.46,121.0,7.0,2.1,011 km N 88° E of Adams (Ilocos Norte),Ms,TECTONIC
1044,2025-04-07 13:29:06+00:00,8.22,126.35,71.0,2.3,004 km N 81° E of City Of Bislig (Surigao Del Sur),Ms,TECTONIC
1045,2025-04-07 12:22:59+00:00,13.8,120.63,98.0,1.7,004 km S 08° W of Calatagan (Batangas),Ms,TECTONIC
1046,2025-04-07 12:08:26+00:00,12.2,123.88,2.0,2.9,003 km N 81° E of Dimasalang (Masbate),Ms,TECTONIC
1047,2025-04-07 11:54:41+00:00,7.86,126.7,46.0,3.8,028 km N 73° E of Cateel (Davao Oriental),Ms,TECTONIC
1048,2025-04-07 10:59:51+00:00,17.34,121.24,13.0,2.5,006 km N 06° E of Tanudan (Kalinga),Ms,TECTONIC
1049,2025-04-07 09:19:33+00:00,9.58,126.89,4.0,3.5,083 km S 75° E of General Luna (Surigao Del Norte),Ms,TECTONIC
1050,2025-04-07 08:59:15+00:00,8.55,126.17,147.0,2.2,006 km N 62° E of Barobo (Surigao Del Sur),Ms,TECTONIC
1051,2025-04-07 08:29:24+00:00,10.81,125.3,13.0,2.5,035 km N 25° E of Silago (Southern Leyte),Ms,TECTONIC
1052,2025-04-07 08:20:30+00:00,15.85,120.83,32.0,1.8,008 km S 67° W of Lupao (Nueva Ecija),Ms,TECTONIC
1053,2025-04-07 08:13:34+00:00,9.8,126.19,26.0,2.5,004 km N 58° E of General Luna (Surigao Del Norte),Ms,TECTONIC
1054,2025-04-07 06:50:18+00:00,7.76,127.14,7.0,3.5,067 km N 73° E of Baganga (Davao Oriental),Ms,TECTONIC
1055,2025-04-07 03:59:56+00:00,9.49,126.0,28.0,2.3,014 km S 17° E of Socorro (Surigao Del Norte),Ms,TECTONIC
1056,2025-04-07 03:39:51+00:00,6.6,125.34,2.0,2.6,000 km N 76° W of Sulop (Davao Del Sur),Ms,TECTONIC
1057,2025-04-07 03:21:25+00:00,9.39,126.69,13.0,3.2,056 km N 76° E of Cortes (Surigao Del Sur),Ms,TECTONIC
1058,2025-04-07 02:56:53+00:00,8.07,126.48,4.0,1.6,008 km N 67° E of Lingig (Surigao Del Sur),Ms,TECTONIC
1059,2025-04-07 01:41:01+00:00,8.23,126.93,2.0,3.4,061 km N 70° E of Lingig (Surigao Del Sur),Ms,TECTONIC
1060,2025-04-07 00:50:31+00:00,8.29,125.91,17.0,2.4,011 km N 86° E of La Paz (Agusan Del Sur),Ms,TECTONIC
1061,2025-04-06 23:38:58+00:00,8.29,125.81,30.0,2.1,001 km N 04° W of La Paz (Agusan Del Sur),Ms,TECTONIC
1062,2025-04-06 23:31:50+00:00,11.44,124.45,4.0,2.9,004 km S 41° W of Biliran (Biliran),Ms,TECTONIC
1063,2025-04-06 23:11:59+00:00,10.1,126.15,33.0,1.4,012 km N 44° E of Burgos (Surigao Del Norte),Ms,TECTONIC
1064,2025-04-06 23:00:32+00:00,6.0,124.74,19.0,1.4,013 km N 85° E of Kiamba (Sarangani),Ms,TECTONIC
1065,2025-04-06 22:22:52+00:00,4.35,125.6,120.0,3.1,119 km S 10° E of Balut Island (Municipality Of Sarangani) (Davao Occidental),Ms,TECTONIC
1066,2025-04-06 22:10:54+00:00,18.24,122.96,26.0,2.3,090 km S 75° E of Santa Ana (Cagayan),Ms,TECTONIC
1067,2025-04-06 21:43:24+00:00,7.74,127.07,12.0,3.4,059 km N 71° E of Baganga (Davao Oriental),Ms,TECTONIC
1068,2025-04-06 21:40:43+00:00,7.75,126.99,20.0,2.7,051 km N 67° E of Baganga (Davao Oriental),Ms,TECTONIC
1069,2025-04-06 21:36:10+00:00,7.38,122.09,21.0,1.7,022 km N 49° W of Sibuco (Zamboanga Del Norte),Ms,TECTONIC
1070,2025-04-06 21:14:55+00:00,7.84,126.79,13.0,2.2,039 km N 41° E of Baganga (Davao Oriental),Ms,TECTONIC
1071,2025-04-06 21:11:45+00:00,7.7,127.22,2.0,3.7,074 km N 79° E of Baganga (Davao Oriental),Ms,TECTONIC
1072,2025-04-06 20:45:16+00:00,16.36,120.89,3.0,2.2,001 km N 44° E of Kayapa (Nueva Vizcaya),Ms,TECTONIC
1073,2025-04-06 20:18:19+00:00,9.79,125.51,32.0,2.0,005 km S 48° E of City Of Surigao (Surigao Del Norte),Ms,TECTONIC
1074,2025-04-06 20:16:50+00:00,11.84,124.09,2.0,2.8,007 km S 45° E of Pio V. Corpus (Masbate),Ms,TECTONIC
1075,2025-04-06 19:41:11+00:00,15.91,121.81,9.0,1.8,030 km N 77° E of Dipaculao (Aurora),Ms,TECTONIC
1076,2025-04-06 19:19:13+00:00,9.83,125.41,11.0,3.7,006 km N 14° W of San Francisco (Surigao Del Norte),Ms,TECTONIC
1077,2025-04-06 19:08:17+00:00,6.63,126.59,27.0,1.6,049 km S 19° E of Tarragona (Davao Oriental),Ms,TECTONIC
1078,2025-04-06 18:37:46+00:00,9.26,125.74,31.0,1.8,020 km S 88° E of Santiago (Agusan Del Norte),Ms,TECTONIC
1079,2025-04-06 18:34:59+00:00,10.3,126.02,25.0,2.1,032 km N 10° W of Burgos (Surigao Del Norte),Ms,TECTONIC
1080,2025-04-06 18:32:48+00:00,8.95,126.47,10.0,1.6,018 km N 80° E of Cagwait (Surigao Del Sur),Ms,TECTONIC
1081,2025-04-06 18:25:32+00:00,8.26,126.63,35.0,2.1,034 km S 69° E of Hinatuan (Surigao Del Sur),Ms,TECTONIC
1082,2025-04-06 18:25:23+00:00,13.61,120.64,73.0,1.7,020 km N 28° W of Abra De Ilog (Occidental Mindoro),Ms,TECTONIC
1083,2025-04-06 18:22:17+00:00,8.79,126.38,31.0,1.4,009 km S 85° E of Marihatag (Surigao Del Sur),Ms,TECTONIC
1084,2025-04-06 18:10:55+00:00,5.79,126.46,25.0,3.4,092 km S 81° E of Jose Abad Santos (Davao Occidental),Ms,TECTONIC
1085,2025-04-06 18:09:29+00:00,15.54,120.12,24.0,2.4,017 km N 86° E of Masinloc (Zambales),Ms,TECTONIC
1086,2025-04-06 17:40:32+00:00,15.48,121.23,30.0,1.8,012 km N 74° W of Gabaldon (Nueva Ecija),Ms,TECTONIC
1087,2025-04-06 16:43:08+00:00,8.63,126.58,12.0,2.4,036 km S 58° E of Marihatag (Surigao Del Sur),Ms,TECTONIC
1088,2025-04-06 16:33:07+00:00,17.8,121.15,19.0,1.9,019 km N 87° W of Conner (Apayao),Ms,TECTONIC
1089,2025-04-06 16:04:17+00:00,10.4,126.47,10.0,3.0,061 km N 46° E of Burgos (Surigao Del Norte),Ms,TECTONIC
1090,2025-04-06 15:51:39+00:00,6.99,125.81,60.0,2.6,014 km S 46° E of Island Garden City Of Samal (Davao Del Norte),Ms,TECTONIC
1091,2025-04-06 15:48:05+00:00,14.27,123.28,48.0,2.0,028 km N 04° E of Siruma (Camarines Sur),Ms,TECTONIC
1092,2025-04-06 15:36:44+00:00,6.89,125.39,15.0,2.2,006 km N 16° W of Santa Cruz (Davao Del Sur),Ms,TECTONIC
1093,2025-04-06 15:19:09+00:00,20.03,121.27,22.0,2.5,072 km S 62° W of Sabtang (Batanes),Ms,TECTONIC
1094,2025-04-06 14:59:20+00:00,14.61,123.74,33.0,2.1,080 km N 03° E of Garchitorena (Camarines Sur),Ms,TECTONIC
1095,2025-04-06 14:56:08+00:00,8.92,126.17,1.0,1.7,013 km S 67° W of Bayabas (Surigao Del Sur),Ms,TECTONIC
1096,2025-04-06 14:41:02+00:00,12.65,124.66,1.0,1.4,016 km N 08° E of Catarman (Northern Samar),Ms,TECTONIC
1097,2025-04-06 14:33:55+00:00,8.97,126.7,1.0,1.4,044 km N 83° E of Cagwait (Surigao Del Sur),Ms,TECTONIC
1098,2025-04-06 14:01:52+00:00,8.31,125.94,20.0,2.4,011 km S 40° W of Rosario (Agusan Del Sur),Ms,TECTONIC
1099,2025-04-06 13:51:42+00:00,9.36,126.13,28.0,1.5,012 km N 38° W of Cortes (Surigao Del Sur),Ms,TECTONIC
1100,2025-04-06 13:41:33+00:00,15.8,121.75,8.0,2.0,021 km N 78° E of Baler (Aurora),Ms,TECTONIC
1101,2025-04-06 13:23:41+00:00,8.3,125.89,9.0,2.5,010 km N 77° E of La Paz (Agusan Del Sur),Ms,TECTONIC
1102,2025-04-06 13:07:47+00:00,8.32,125.9,32.0,2.5,011 km N 63° E of La Paz (Agusan Del Sur),Ms,TECTONIC
1103,2025-04-06 11:44:17+00:00,8.31,127.1,9.0,3.5,081 km N 69° E of Lingig (Surigao Del Sur),Ms,TECTONIC
1104,2025-04-06 09:12:23+00:00,16.86,121.59,16.0,1.9,003 km S 15° E of San Mateo (Isabela),Ms,TECTONIC
1105,2025-04-06 08:38:51+00:00,8.22,125.93,14.0,2.9,009 km N 60° W of Bunawan (Agusan Del Sur),Ms,TECTONIC
1106,2025-04-06 08:19:43+00:00,11.82,125.32,32.0,1.6,014 km N 88° W of Sulat (Eastern Samar),Ms,TECTONIC
1107,2025-04-06 07:48:05+00:00,13.85,120.39,51.0,1.5,021 km N 47° E of Looc (Occidental Mindoro),Ms,TECTONIC
1108,2025-04-06 06:45:16+00:00,9.43,126.27,14.0,2.5,019 km N 27° E of Cortes (Surigao Del Sur),Ms,TECTONIC
1109,2025-04-06 04:14:24+00:00,9.62,122.01,5.0,2.6,049 km S 71° W of City Of Sipalay (Negros Occidental),Ms,TECTONIC
1110,2025-04-06 02:59:51+00:00,6.64,125.23,1.0,2.6,004 km N 53° W of Kiblawan (Davao Del Sur),Ms,TECTONIC
1111,2025-04-06 02:47:37+00:00,9.56,122.51,28.0,2.6,006 km S 46° E of Hinoba-an (Negros Occidental),Ms,TECTONIC
1112,2025-04-06 02:41:47+00:00,6.96,121.22,36.0,1.9,053 km N 50° W of Hadji Muhtamad (Basilan),Ms,TECTONIC
1113,2025-04-06 01:26:48+00:00,8.76,126.48,13.0,2.2,021 km S 77° E of Marihatag (Surigao Del Sur),Ms,TECTONIC
1114,2025-04-06 00:02:53+00:00,7.11,123.74,32.0,1.7,032 km N 82° W of Datu Blah T. Sinsuat (Maguindanao Del Norte),Ms,TECTONIC
1115,2025-04-06 00:01:29+00:00,7.1,123.72,21.0,2.3,033 km N 83° W of Datu Blah T. Sinsuat (Maguindanao Del Norte),Ms,TECTONIC
1116,2025-04-05 23:48:04+00:00,12.31,124.98,30.0,1.8,007 km S 58° W of Las Navas (Northern Samar),Ms,TECTONIC
1117,2025-04-05 23:24:38+00:00,12.4,123.79,14.0,2.2,002 km S 32° E of Batuan (Masbate),Ms,TECTONIC
1118,2025-04-05 23:12:13+00:00,11.26,124.61,6.0,3.3,005 km S 42° W of Capoocan (Leyte),Ms,TECTONIC
1119,2025-04-05 23:07:00+00:00,7.25,124.17,26.0,1.5,014 km S 79° W of Sultan Kudarat (Maguindanao Del Norte),Ms,TECTONIC
1120,2025-04-05 22:58:49+00:00,10.72,124.99,1.0,2.0,004 km S 51° W of Abuyog (Leyte),Ms,TECTONIC
1121,2025-04-05 22:17:57+00:00,17.16,121.95,29.0,2.2,007 km N 69° E of City Of Ilagan (Isabela),Ms,TECTONIC
1122,2025-04-05 21:06:05+00:00,10.4,125.18,1.0,2.4,003 km N 75° W of Hinunangan (Southern Leyte),Ms,TECTONIC
1123,2025-04-05 20:52:18+00:00,7.89,125.26,26.0,2.1,008 km S 71° W of San Fernando (Bukidnon),Ms,TECTONIC
1124,2025-04-05 20:44:38+00:00,9.88,122.5,33.0,2.0,014 km N 26° E of City Of Sipalay (Negros Occidental),Ms,TECTONIC
1125,2025-04-05 20:12:02+00:00,5.89,124.43,36.0,1.6,020 km S 20° W of Maitum (Sarangani),Ms,TECTONIC
1126,2025-04-05 20:09:06+00:00,7.89,125.26,27.0,2.5,009 km S 68° W of San Fernando (Bukidnon),Ms,TECTONIC
1127,2025-04-05 19:52:08+00:00,15.51,119.51,26.0,2.0,044 km N 79° W of Palauig (Zambales),Ms,TECTONIC
1128,2025-04-05 19:51:08+00:00,12.19,123.9,3.0,2.0,005 km N 87° E of Dimasalang (Masbate),Ms,TECTONIC
1129,2025-04-05 19:45:05+00:00,19.89,121.67,30.0,2.6,049 km N 32° W of Babuyan Island (Calayan) (Cagayan),Ms,TECTONIC
1130,2025-04-05 19:08:32+00:00,17.97,120.51,10.0,2.1,003 km N 39° W of Pinili (Ilocos Norte),Ms,TECTONIC
1131,2025-04-05 18:53:39+00:00,10.53,124.84,1.0,3.0,011 km N 72° E of Inopacan (Leyte),Ms,TECTONIC
1132,2025-04-05 18:44:14+00:00,5.61,125.0,1.0,2.0,028 km S 01° W of Maasim (Sarangani),Ms,TECTONIC
1133,2025-04-05 18:41:28+00:00,8.88,126.45,9.0,1.5,017 km S 76° E of Cagwait (Surigao Del Sur),Ms,TECTONIC
1134,2025-04-05 18:39:57+00:00,8.69,126.72,1.0,2.6,048 km S 75° E of Marihatag (Surigao Del Sur),Ms,TECTONIC
1135,2025-04-05 18:34:51+00:00,10.05,126.16,30.0,2.1,010 km N 71° E of Burgos (Surigao Del Norte),Ms,TECTONIC
1136,2025-04-05 18:10:45+00:00,8.88,127.26,15.0,3.5,106 km N 85° E of Marihatag (Surigao Del Sur),Ms,TECTONIC
1137,2025-04-05 17:50:01+00:00,13.55,124.04,33.0,1.4,008 km S 49° W of San Andres (Catanduanes),Ms,TECTONIC
1138,2025-04-05 17:35:23+00:00,3.67,127.95,122.0,3.1,339 km S 54° E of Sarangani Island (Municipality Of Sarangani) (Davao Occidental),Ms,TECTONIC
1139,2025-04-05 17:20:43+00:00,13.75,120.61,110.0,1.5,009 km S 13° W of Calatagan (Batangas),Ms,TECTONIC
1140,2025-04-05 16:59:45+00:00,10.19,125.24,10.0,1.7,010 km S 13° W of Anahawan (Southern Leyte),Ms,TECTONIC
1141,2025-04-05 16:40:01+00:00,5.49,127.4,11.0,3.0,196 km S 49° E of Governor Generoso (Davao Oriental),Ms,TECTONIC
1142,2025-04-05 16:21:55+00:00,10.42,125.71,10.0,1.9,016 km N 63° E of Loreto (Dinagat Islands),Ms,TECTONIC
1143,2025-04-05 15:38:08+00:00,6.78,123.81,30.0,1.9,032 km N 60° W of Lebak (Sultan Kudarat),Ms,TECTONIC
1144,2025-04-05 14:57:11+00:00,8.12,126.54,34.0,1.5,017 km N 57° E of Lingig (Surigao Del Sur),Ms,TECTONIC
1145,2025-04-05 12:16:10+00:00,13.44,119.27,29.0,3.1,103 km S 63° W of Lubang (Occidental Mindoro),Ms,TECTONIC
1146,2025-04-05 11:57:24+00:00,19.07,120.9,1.0,1.7,032 km S 83° W of Dalupiri Island (Calayan) (Cagayan),Ms,TECTONIC
1147,2025-04-05 11:47:47+00:00,7.81,126.07,33.0,2.0,002 km S 56° E of Monkayo (Davao De Oro),Ms,TECTONIC
1148,2025-04-05 11:33:54+00:00,2.77,126.46,9.0,3.7,311 km S 21° E of Balut Island (Municipality Of Sarangani) (Davao Occidental),Ms,TECTONIC
1149,2025-04-05 11:31:16+00:00,6.37,126.73,33.0,2.4,079 km S 67° E of Governor Generoso (Davao Oriental),Ms,TECTONIC
1150,2025-04-05 11:27:15+00:00,7.95,126.65,17.0,1.5,028 km N 51° E of Cateel (Davao Oriental),Ms,TECTONIC
1151,2025-04-05 11:24:40+00:00,9.07,126.31,31.0,2.0,011 km N 13° E of Bayabas (Surigao Del Sur),Ms,TECTONIC
1152,2025-04-05 11:17:20+00:00,12.51,124.63,26.0,1.7,001 km N 28° W of Catarman (Northern Samar),Ms,TECTONIC
1153,2025-04-05 08:50:24+00:00,13.34,120.78,55.0,1.5,013 km S 26° E of Abra De Ilog (Occidental Mindoro),Ms,TECTONIC
1154,2025-04-05 08:32:06+00:00,14.12,120.34,8.0,1.4,032 km N 81° W of Nasugbu (Batangas),Ms,TECTONIC
1155,2025-04-05 07:26:45+00:00,4.94,125.89,135.0,3.0,074 km S 44° E of Balut Island (Municipality Of Sarangani) (Davao Occidental),Ms,TECTONIC
1156,2025-04-05 07:15:27+00:00,10.38,125.2,1.0,2.1,001 km S 06° W of Hinunangan (Southern Leyte),Ms,TECTONIC
1157,2025-04-05 07:10:24+00:00,12.44,124.92,21.0,2.9,012 km S 23° E of San Roque (Northern Samar),Ms,TECTONIC
1158,2025-04-05 05:41:47+00:00,9.46,125.62,24.0,2.2,005 km N 75° E of Kitcharao (Agusan Del Norte),Ms,TECTONIC
1159,2025-04-05 03:44:56+00:00,9.2,126.19,19.0,3.9,009 km S 05° W of Cortes (Surigao Del Sur),Ms,TECTONIC
1160,2025-04-05 03:11:04+00:00,10.03,126.28,13.0,3.6,022 km N 88° E of Burgos (Surigao Del Norte),Ms,TECTONIC
1161,2025-04-05 02:21:24+00:00,15.46,121.66,9.0,2.4,030 km N 74° E of Dingalan (Aurora),Ms,TECTONIC
1162,2025-04-05 01:39:52+00:00,7.64,124.69,14.0,2.1,004 km West of Wao (Lanao Del Sur),Ms,TECTONIC
1163,2025-04-05 01:30:43+00:00,8.04,126.36,73.0,2.8,006 km S 89° W of Lingig (Surigao Del Sur),Ms,TECTONIC
1164,2025-04-05 00:09:52+00:00,8.05,126.99,20.0,3.3,063 km N 89° E of Lingig (Surigao Del Sur),Ms,TECTONIC
1165,2025-04-04 23:17:37+00:00,7.46,127.27,25.0,2.7,079 km N 79° E of Caraga (Davao Oriental),Ms,TECTONIC
1166,2025-04-04 22:25:31+00:00,7.63,124.71,9.0,2.5,002 km S 68° W of Wao (Lanao Del Sur),Ms,TECTONIC
1167,2025-04-04 22:11:20+00:00,15.07,119.21,16.0,2.6,086 km S 62° W of Palauig (Zambales),Ms,TECTONIC
1168,2025-04-04 21:53:47+00:00,17.88,122.63,26.0,3.0,069 km N 37° E of Maconacon (Isabela),Ms,TECTONIC
1169,2025-04-04 20:52:26+00:00,14.11,120.38,112.0,1.9,027 km N 81° W of Nasugbu (Batangas),Ms,TECTONIC
1170,2025-04-04 20:04:47+00:00,7.84,126.59,33.0,1.5,016 km N 70° E of Cateel (Davao Oriental),Ms,TECTONIC
1171,2025-04-04 16:04:38+00:00,5.8,124.72,19.0,2.4,032 km S 77° W of Maasim (Sarangani),Ms,TECTONIC
1172,2025-04-04 15:55:01+00:00,7.19,123.46,16.0,3.1,031 km S 09° E of Tabina (Zamboanga Del Sur),Ms,TECTONIC
1173,2025-04-04 15:47:21+00:00,6.79,125.46,7.0,3.2,007 km S 44° E of Santa Cruz (Davao Del Sur),Ms,TECTONIC
1174,2025-04-04 15:25:42+00:00,8.33,126.51,23.0,1.8,019 km S 79° E of Hinatuan (Surigao Del Sur),Ms,TECTONIC
1175,2025-04-04 13:54:01+00:00,9.73,126.59,10.0,3.7,048 km S 83° E of General Luna (Surigao Del Norte),Ms,TECTONIC
1176,2025-04-04 12:39:42+00:00,8.83,126.61,4.0,2.0,034 km N 84° E of Marihatag (Surigao Del Sur),Ms,TECTONIC
1177,2025-04-04 12:34:40+00:00,8.54,125.99,35.0,2.2,004 km N 26° E of San Francisco (Agusan Del Sur),Ms,TECTONIC
1178,2025-04-04 12:19:49+00:00,16.31,121.47,26.0,1.6,017 km N 57° W of Nagtipunan (Quirino),Ms,TECTONIC
1179,2025-04-04 11:01:06+00:00,18.44,120.78,32.0,2.0,010 km S 20° W of Dumalneg (Ilocos Norte),Ms,TECTONIC
1180,2025-04-04 10:59:55+00:00,5.71,127.31,69.0,2.7,172 km S 53° E of Governor Generoso (Davao Oriental),Ms,TECTONIC
1181,2025-04-04 10:54:56+00:00,9.62,126.48,15.0,3.0,040 km S 63° E of General Luna (Surigao Del Norte),Ms,TECTONIC
1182,2025-04-04 10:48:22+00:00,10.3,125.26,34.0,1.6,003 km N 15° E of Anahawan (Southern Leyte),Ms,TECTONIC
1183,2025-04-04 10:11:55+00:00,10.01,122.47,11.0,1.8,027 km N 09° E of City Of Sipalay (Negros Occidental),Ms,TECTONIC
1184,2025-04-04 10:01:30+00:00,9.47,122.79,7.0,3.3,010 km N 02° W of City Of Bayawan (Negros Oriental),Ms,TECTONIC
1185,2025-04-04 09:54:52+00:00,9.62,126.47,16.0,2.6,039 km S 63° E of General Luna (Surigao Del Norte),Ms,TECTONIC
1186,2025-04-04 09:43:00+00:00,9.59,126.51,15.0,3.3,044 km S 62° E of General Luna (Surigao Del Norte),Ms,TECTONIC
1187,2025-04-04 09:41:57+00:00,9.64,126.5,27.0,1.6,041 km S 68° E of General Luna (Surigao Del Norte),Ms,TECTONIC
1188,2025-04-04 09:39:34+00:00,9.67,126.6,13.0,3.7,050 km S 76° E of General Luna (Surigao Del Norte),Ms,TECTONIC
1189,2025-04-04 09:10:33+00:00,14.63,122.45,30.0,1.5,015 km S 62° E of Jomalig (Quezon),Ms,TECTONIC
1190,2025-04-04 08:47:48+00:00,8.04,125.79,19.0,2.1,018 km S 26° W of Loreto (Agusan Del Sur),Ms,TECTONIC
1191,2025-04-04 07:12:17+00:00,7.95,126.75,14.0,2.2,037 km N 62° E of Cateel (Davao Oriental),Ms,TECTONIC
1192,2025-04-04 06:10:05+00:00,8.83,126.55,1.0,1.8,028 km N 83° E of Marihatag (Surigao Del Sur),Ms,TECTONIC
1193,2025-04-04 03:36:12+00:00,8.43,127.34,12.0,2.6,111 km N 67° E of Lingig (Surigao Del Sur),Ms,TECTONIC
1194,2025-04-04 03:12:04+00:00,4.92,125.52,117.0,3.0,056 km S 12° E of Balut Island (Municipality Of Sarangani) (Davao Occidental),Ms,TECTONIC
1195,2025-04-03 23:24:52+00:00,7.38,127.18,31.0,2.1,068 km N 85° E of Caraga (Davao Oriental),Ms,TECTONIC
1196,2025-04-03 23:19:50+00:00,8.05,127.15,2.0,2.5,084 km N 51° E of Baganga (Davao Oriental),Ms,TECTONIC
1197,2025-04-03 22:30:22+00:00,8.0,124.58,2.0,1.6,020 km S 65° E of Tagoloan Ii (Lanao Del Sur),Ms,TECTONIC
1198,2025-04-03 22:05:30+00:00,12.9,121.08,56.0,1.5,033 km N 79° E of Sablayan (Occidental Mindoro),Ms,TECTONIC
1199,2025-04-03 21:54:45+00:00,14.9,121.34,7.0,2.2,034 km N 62° W of General Nakar (Quezon),Ms,TECTONIC
1200,2025-04-03 21:46:11+00:00,13.51,120.84,6.0,1.4,012 km N 83° W of Puerto Galera (Oriental Mindoro),Ms,TECTONIC
1201,2025-04-03 20:44:04+00:00,14.92,121.47,11.0,2.2,024 km N 42° W of General Nakar (Quezon),Ms,TECTONIC
1202,2025-04-03 20:17:24+00:00,16.85,120.0,11.0,2.1,042 km N 52° W of City Of San Fernando (La Union),Ms,TECTONIC
1203,2025-04-03 19:55:26+00:00,8.27,125.9,5.0,3.1,010 km S 86° E of La Paz (Agusan Del Sur),Ms,TECTONIC
1204,2025-04-03 19:47:06+00:00,8.35,126.1,38.0,1.6,011 km S 72° E of Rosario (Agusan Del Sur),Ms,TECTONIC
1205,2025-04-03 19:29:54+00:00,11.87,125.46,23.0,1.8,005 km S 53° E of Taft (Eastern Samar),Ms,TECTONIC
1206,2025-04-03 19:25:28+00:00,7.18,126.45,27.0,1.5,010 km S 73° W of Manay (Davao Oriental),Ms,TECTONIC
1207,2025-04-03 19:09:07+00:00,13.52,120.73,4.0,1.9,009 km N 06° E of Abra De Ilog (Occidental Mindoro),Ms,TECTONIC
1208,2025-04-03 19:08:17+00:00,9.25,125.83,63.0,1.9,014 km S 85° W of Madrid (Surigao Del Sur),Ms,TECTONIC
1209,2025-04-03 19:06:21+00:00,13.7,120.6,135.0,2.8,015 km S 13° W of Calatagan (Batangas),Ms,TECTONIC
1210,2025-04-03 18:33:59+00:00,17.81,120.45,10.0,2.4,007 km N 06° W of San Juan (Ilocos Sur),Ms,TECTONIC
1211,2025-04-03 18:32:19+00:00,7.55,122.38,1.0,1.6,007 km S 41° W of Tungawan (Zamboanga Sibugay),Ms,TECTONIC
1212,2025-04-03 18:18:23+00:00,8.53,126.81,1.0,1.8,055 km N 71° E of Hinatuan (Surigao Del Sur),Ms,TECTONIC
1213,2025-04-03 18:03:11+00:00,17.61,122.47,43.0,2.3,035 km N 46° E of Maconacon (Isabela),Ms,TECTONIC
1214,2025-04-03 16:45:25+00:00,10.29,123.11,12.0,2.1,005 km N 58° E of Moises Padilla (Negros Occidental),ML,VOLCANO-TECTONIC
1215,2025-04-03 16:27:56+00:00,9.29,123.18,8.0,1.8,007 km N 84° W of Valencia (Negros Oriental),Ms,TECTONIC
1216,2025-04-03 15:34:13+00:00,10.56,126.45,25.0,2.9,073 km N 35° E of Burgos (Surigao Del Norte),Ms,TECTONIC
1217,2025-04-03 15:04:39+00:00,6.37,126.15,17.0,2.6,033 km S 16° E of Governor Generoso (Davao Oriental),Ms,TECTONIC
1218,2025-04-03 14:35:24+00:00,10.22,125.28,32.0,1.5,021 km S 26° E of Hinunangan (Southern Leyte),Ms,TECTONIC
1219,2025-04-03 14:19:08+00:00,8.29,124.6,7.0,2.0,006 km N 01° W of Talakag (Bukidnon),Ms,TECTONIC
1220,2025-04-03 13:00:48+00:00,4.5,125.92,151.0,2.9,115 km S 29° E of Balut Island (Municipality Of Sarangani) (Davao Occidental),Ms,TECTONIC
1221,2025-04-03 12:36:26+00:00,10.27,125.16,32.0,1.7,002 km S 60° E of Saint Bernard (Southern Leyte),Ms,TECTONIC
1222,2025-04-03 11:49:36+00:00,13.85,123.05,12.0,2.2,012 km N 37° E of Sipocot (Camarines Sur),Ms,TECTONIC
1223,2025-04-03 10:44:34+00:00,8.88,125.36,1.0,2.2,011 km S 27° W of Buenavista (Agusan Del Norte),Ms,TECTONIC
1224,2025-04-03 10:16:20+00:00,8.0,125.65,16.0,2.2,026 km N 37° W of Laak (Davao De Oro),Ms,TECTONIC
1225,2025-04-03 08:11:34+00:00,6.65,126.4,26.0,2.5,037 km S 90° E of Governor Generoso (Davao Oriental),Ms,TECTONIC
1226,2025-04-03 07:19:17+00:00,7.98,126.4,13.0,2.7,007 km S 12° W of Lingig (Surigao Del Sur),Ms,TECTONIC
1227,2025-04-03 06:57:12+00:00,9.36,122.61,44.0,3.1,006 km S 30° W of Basay (Negros Oriental),Ms,TECTONIC
1228,2025-04-03 06:30:31+00:00,9.99,125.73,66.0,2.0,009 km N 41° E of Cagdianao (Dinagat Islands),Ms,TECTONIC
1229,2025-04-03 05:37:26+00:00,18.94,121.18,19.0,2.7,019 km S 08° W of Dalupiri Island (Calayan) (Cagayan),Ms,TECTONIC
1230,2025-04-03 04:46:54+00:00,10.65,126.46,9.0,3.6,081 km N 32° E of Burgos (Surigao Del Norte),Ms,TECTONIC
1231,2025-04-03 01:12:56+00:00,14.27,122.83,1.0,3.5,004 km S 80° E of Paracale (Camarines Norte),Ms,TECTONIC
1232,2025-04-03 00:55:05+00:00,7.21,123.64,33.0,2.1,038 km S 43° E of Tabina (Zamboanga Del Sur),Ms,TECTONIC
1233,2025-04-03 00:42:33+00:00,10.57,126.6,19.0,3.2,084 km N 43° E of Burgos (Surigao Del Norte),Ms,TECTONIC
1234,2025-04-03 00:28:23+00:00,14.28,122.85,1.0,3.7,006 km N 88° E of Paracale (Camarines Norte),Ms,TECTONIC
1235,2025-04-03 00:00:38+00:00,7.47,124.01,20.0,2.3,015 km S 26° W of Malabang (Lanao Del Sur),Ms,TECTONIC
1236,2025-04-02 23:36:24+00:00,8.85,122.86,2.0,2.4,030 km S 40° W of Siaton (Negros Oriental),Ms,TECTONIC
1237,2025-04-02 22:38:19+00:00,17.82,120.74,3.0,2.6,011 km N 17° E of Lagayan (Abra),Ms,TECTONIC
1238,2025-04-02 20:37:17+00:00,8.02,122.84,7.0,3.1,002 km North of Godod (Zamboanga Del Norte),Ms,TECTONIC
1239,2025-04-02 20:19:43+00:00,6.45,124.46,2.0,3.3,015 km S 53° W of Bagumbayan (Sultan Kudarat),Ms,TECTONIC
1240,2025-04-02 19:36:33+00:00,6.47,124.61,10.0,3.5,009 km S 36° E of Bagumbayan (Sultan Kudarat),Ms,TECTONIC
1241,2025-04-02 19:22:30+00:00,8.44,126.6,27.0,2.0,031 km N 74° E of Hinatuan (Surigao Del Sur),Ms,TECTONIC
1242,2025-04-02 18:01:52+00:00,8.9,126.48,5.0,1.7,020 km S 83° E of Cagwait (Surigao Del Sur),Ms,TECTONIC
1243,2025-04-02 17:43:34+00:00,13.19,124.62,13.0,3.0,049 km N 70° E of Prieto Diaz (Sorsogon),Ms,TECTONIC
1244,2025-04-02 17:24:52+00:00,9.55,126.48,13.0,2.3,044 km N 46° E of Cortes (Surigao Del Sur),Ms,TECTONIC
1245,2025-04-02 17:07:57+00:00,14.13,122.44,1.0,2.2,008 km S 47° E of Santa Elena (Camarines Norte),Ms,TECTONIC
1246,2025-04-02 17:07:11+00:00,7.82,126.04,22.0,1.4,001 km S 76° W of Monkayo (Davao De Oro),Ms,TECTONIC
1247,2025-04-02 16:21:48+00:00,10.92,120.3,25.0,1.8,053 km N 40° E of Araceli (Palawan),Ms,TECTONIC
1248,2025-04-02 16:15:45+00:00,7.7,126.75,10.0,2.2,026 km N 57° E of Baganga (Davao Oriental),Ms,TECTONIC
1249,2025-04-02 15:54:39+00:00,11.1,120.35,19.0,3.1,065 km S 85° W of Agutaya (Palawan),Ms,TECTONIC
1250,2025-04-02 15:33:38+00:00,10.03,126.05,14.0,3.0,003 km N 70° W of Burgos (Surigao Del Norte),Ms,TECTONIC
1251,2025-04-02 15:13:57+00:00,10.64,126.42,5.0,3.3,077 km S 82° E of Homonhon Island (Guiuan) (Eastern Samar),Ms,TECTONIC
1252,2025-04-02 14:40:54+00:00,18.39,120.93,18.0,2.4,008 km S 22° E of Adams (Ilocos Norte),Ms,TECTONIC
1253,2025-04-02 14:40:20+00:00,9.52,126.46,7.0,2.3,040 km N 48° E of Cortes (Surigao Del Sur),Ms,TECTONIC
1254,2025-04-02 13:48:24+00:00,19.64,121.54,33.0,3.3,042 km N 70° W of Babuyan Island (Calayan) (Cagayan),Ms,TECTONIC
1255,2025-04-02 13:08:05+00:00,16.31,122.03,41.0,3.4,011 km N 68° W of Casiguran (Aurora),Ms,TECTONIC
1256,2025-04-02 12:05:23+00:00,9.71,126.56,6.0,3.2,044 km S 80° E of General Luna (Surigao Del Norte),Ms,TECTONIC
1257,2025-04-02 11:44:56+00:00,8.66,125.99,22.0,1.4,011 km N 53° E of Prosperidad (Agusan Del Sur),Ms,TECTONIC
1258,2025-04-02 11:31:34+00:00,13.54,120.68,5.0,2.0,012 km N 25° W of Abra De Ilog (Occidental Mindoro),Ms,TECTONIC
1259,2025-04-02 10:07:13+00:00,17.64,120.61,1.0,1.6,005 km N 13° W of Bangued (Abra),Ms,TECTONIC
1260,2025-04-02 10:02:32+00:00,20.1,122.05,19.0,1.8,030 km S 23° E of Uyugan (Batanes),Ms,TECTONIC
1261,2025-04-02 05:40:05+00:00,5.85,125.47,18.0,2.1,020 km S 70° W of Jose Abad Santos (Davao Occidental),Ms,TECTONIC
1262,2025-04-02 05:38:13+00:00,11.27,124.6,5.0,2.6,005 km S 63° W of Capoocan (Leyte),Ms,TECTONIC
1263,2025-04-02 05:31:14+00:00,14.11,120.35,7.0,1.5,031 km N 83° W of Nasugbu (Batangas),Ms,TECTONIC
1264,2025-04-02 05:00:38+00:00,13.43,120.12,20.0,2.2,035 km S 24° W of Looc (Occidental Mindoro),Ms,TECTONIC
1265,2025-04-02 04:50:05+00:00,5.6,125.1,83.0,2.5,027 km S 26° W of Glan (Sarangani),Ms,TECTONIC
1266,2025-04-02 04:49:02+00:00,8.82,126.36,29.0,3.2,007 km N 71° E of Marihatag (Surigao Del Sur),Ms,TECTONIC
1267,2025-04-02 04:22:50+00:00,10.24,124.91,2.0,2.0,010 km S 49° W of Tomas Oppus (Southern Leyte),Ms,TECTONIC
1268,2025-04-02 03:49:33+00:00,10.39,122.49,12.0,2.7,016 km S 21° W of Nueva Valencia (Guimaras),Ms,TECTONIC
1269,2025-04-02 01:52:19+00:00,9.53,126.56,13.0,4.5,061 km S 66° E of Dapa (Surigao Del Norte),Ms,TECTONIC
1270,2025-04-02 01:21:02+00:00,18.46,120.91,8.0,1.7,000 km N 75° E of Adams (Ilocos Norte),Ms,TECTONIC
1271,2025-04-02 00:36:54+00:00,11.86,125.67,22.0,2.0,024 km N 77° E of Sulat (Eastern Samar),Ms,TECTONIC
1272,2025-04-01 23:04:12+00:00,5.68,125.67,206.0,3.4,026 km S 06° E of Jose Abad Santos (Davao Occidental),Ms,TECTONIC
1273,2025-04-01 22:43:35+00:00,9.92,125.04,20.0,2.1,004 km N 85° W of Limasawa (Southern Leyte),Ms,TECTONIC
1274,2025-04-01 22:00:07+00:00,5.91,126.0,111.0,2.5,040 km S 90° E of Jose Abad Santos (Davao Occidental),Ms,TECTONIC
1275,2025-04-01 20:19:31+00:00,17.8,120.3,31.0,2.0,016 km N 90° W of Cabugao (Ilocos Sur),Ms,TECTONIC
1276,2025-04-01 18:48:24+00:00,10.4,125.14,1.0,2.1,006 km N 87° W of Hinunangan (Southern Leyte),Ms,TECTONIC
1277,2025-04-01 18:44:49+00:00,10.39,125.15,1.0,2.3,005 km S 87° W of Hinunangan (Southern Leyte),Ms,TECTONIC
1278,2025-04-01 18:39:20+00:00,5.89,124.77,27.0,2.1,020 km S 55° E of Kiamba (Sarangani),Ms,TECTONIC
1279,2025-04-01 18:34:13+00:00,17.82,120.63,3.0,2.3,011 km S 18° W of Nueva Era (Ilocos Norte),Ms,TECTONIC
1280,2025-04-01 18:17:28+00:00,21.76,121.43,5.0,3.0,116 km N 22° W of Itbayat (Batanes),Ms,TECTONIC
1281,2025-04-01 18:14:32+00:00,13.87,124.08,23.0,1.7,014 km S 24° W of Caramoran (Catanduanes),Ms,TECTONIC
1282,2025-04-01 17:58:23+00:00,8.65,126.63,33.0,1.6,040 km S 65° E of Marihatag (Surigao Del Sur),Ms,TECTONIC
1283,2025-04-01 17:52:06+00:00,5.87,124.86,10.0,2.4,016 km N 86° W of Maasim (Sarangani),Ms,TECTONIC
1284,2025-04-01 16:36:42+00:00,9.86,122.27,9.0,2.0,020 km N 60° W of City Of Sipalay (Negros Occidental),Ms,TECTONIC
1285,2025-04-01 16:31:35+00:00,13.52,121.11,1.0,1.6,004 km S 62° E of Verde Island (Batangas City) (Batangas),Ms,TECTONIC
1286,2025-04-01 16:26:50+00:00,13.39,120.28,11.0,2.2,020 km S 81° W of Paluan (Occidental Mindoro),Ms,TECTONIC
1287,2025-04-01 16:19:18+00:00,12.68,123.33,6.0,1.4,020 km N 23° W of Aroroy (Masbate),Ms,TECTONIC
1288,2025-04-01 16:09:29+00:00,15.61,120.0,32.0,1.7,008 km S 75° E of Candelaria (Zambales),Ms,TECTONIC
1289,2025-04-01 15:58:33+00:00,12.92,124.94,18.0,1.9,039 km N 11° W of Laoang (Northern Samar),Ms,TECTONIC
1290,2025-04-01 15:56:49+00:00,8.34,125.89,62.0,2.0,011 km N 53° E of La Paz (Agusan Del Sur),Ms,TECTONIC
1291,2025-04-01 15:33:45+00:00,10.68,124.59,12.0,1.5,014 km S 10° E of Pilar (Cebu),Ms,TECTONIC
1292,2025-04-01 15:22:38+00:00,11.08,124.71,9.0,2.5,014 km S 33° W of Jaro (Leyte),Ms,TECTONIC
1293,2025-04-01 15:02:49+00:00,10.92,125.24,8.0,2.1,023 km S 80° E of Dulag (Leyte),Ms,TECTONIC
1294,2025-04-01 14:18:26+00:00,8.37,127.56,34.0,2.9,132 km N 74° E of Lingig (Surigao Del Sur),Ms,TECTONIC
1295,2025-04-01 14:11:47+00:00,8.34,127.54,7.0,3.0,128 km N 75° E of Lingig (Surigao Del Sur),Ms,TECTONIC
1296,2025-04-01 14:11:38+00:00,9.53,126.51,13.0,2.7,048 km S 54° E of General Luna (Surigao Del Norte),Ms,TECTONIC
1297,2025-04-01 14:09:30+00:00,12.98,121.11,33.0,1.5,028 km S 41° W of Victoria (Oriental Mindoro),Ms,TECTONIC
1298,2025-04-01 14:06:50+00:00,14.0,120.58,114.0,1.6,010 km S 31° W of Nasugbu (Batangas),Ms,TECTONIC
1299,2025-04-01 13:30:28+00:00,8.56,126.88,18.0,2.3,069 km S 68° E of Marihatag (Surigao Del Sur),Ms,TECTONIC
1300,2025-04-01 12:39:26+00:00,13.51,120.77,4.0,1.9,009 km N 32° E of Abra De Ilog (Occidental Mindoro),Ms,TECTONIC
1301,2025-04-01 11:44:14+00:00,13.8,120.58,89.0,1.7,006 km S 58° W of Calatagan (Batangas),Ms,TECTONIC
1302,2025-04-01 10:20:31+00:00,19.19,121.06,32.0,1.5,018 km N 61° W of Dalupiri Island (Calayan) (Cagayan),Ms,TECTONIC
1303,2025-04-01 09:25:52+00:00,13.63,120.55,136.0,5.0,024 km S 22° W of Calatagan (Batangas),Mw,TECTONIC
1304,2025-04-01 08:36:40+00:00,10.43,123.16,5.0,2.1,006 km N 60° W of City Of Canlaon (Negros Oriental),Ms,VOLCANO-TECTONIC
1305,2025-04-01 07:06:30+00:00,11.05,124.72,8.0,2.8,015 km N 09° E of Albuera (Leyte),Ms,TECTONIC
1306,2025-04-01 07:05:12+00:00,11.54,124.39,7.0,3.7,003 km S 29° W of Naval (Biliran),Ms,TECTONIC
1307,2025-04-01 06:43:09+00:00,11.1,124.6,33.0,1.4,011 km S 24° E of Kananga (Leyte),Ms,TECTONIC
1308,2025-04-01 06:32:14+00:00,11.25,124.61,1.0,2.3,006 km S 39° W of Capoocan (Leyte),Ms,TECTONIC
1309,2025-04-01 06:27:19+00:00,11.09,124.72,1.0,2.4,013 km S 33° W of Jaro (Leyte),Ms,TECTONIC
1310,2025-04-01 04:50:41+00:00,6.6,126.22,29.0,2.1,018 km S 71° E of Governor Generoso (Davao Oriental),Ms,TECTONIC
1311,2025-04-01 04:37:43+00:00,12.44,125.66,17.0,2.9,033 km N 29° E of San Policarpo (Eastern Samar),Ms,TECTONIC
1312,2025-04-01 03:59:35+00:00,10.24,122.25,33.0,1.6,040 km S 17° E of San Joaquin (Iloilo),Ms,TECTONIC
1313,2025-04-01 03:56:09+00:00,8.78,126.53,5.0,1.9,026 km S 85° E of Marihatag (Surigao Del Sur),Ms,TECTONIC
1314,2025-04-01 03:54:48+00:00,8.75,126.24,23.0,2.0,002 km N 52° E of San Agustin (Surigao Del Sur),Ms,TECTONIC
1315,2025-04-01 02:59:18+00:00,9.74,126.35,21.0,2.0,021 km S 78° E of General Luna (Surigao Del Norte),Ms,TECTONIC
1316,2025-04-01 02:13:05+00:00,15.45,121.87,10.0,2.3,047 km S 44° E of Baler (Aurora),Ms,TECTONIC
1317,2025-04-01 00:35:38+00:00,14.7,120.05,30.0,1.8,023 km N 83° W of Morong (Bataan),Ms,TECTONIC
1318,2025-04-01 00:34:40+00:00,13.78,120.57,76.0,1.5,009 km S 48° W of Calatagan (Batangas),Ms,TECTONIC
1319,2025-03-31 22:46:49+00:00,18.9,120.92,8.0,3.6,037 km N 27° W of Claveria (Cagayan),Ms,TECTONIC
1320,2025-03-31 20:54:17+00:00,9.68,125.95,42.0,2.5,007 km N 13° W of Socorro (Surigao Del Norte),Ms,TECTONIC
1321,2025-03-31 20:51:41+00:00,13.96,120.41,74.0,2.4,027 km S 62° W of Nasugbu (Batangas),Ms,TECTONIC
1322,2025-03-31 20:29:19+00:00,9.52,125.99,29.0,1.4,011 km S 14° E of Socorro (Surigao Del Norte),Ms,TECTONIC
1323,2025-03-31 20:24:57+00:00,13.83,120.61,100.0,2.1,003 km N 86° W of Calatagan (Batangas),Ms,TECTONIC
1324,2025-03-31 19:50:06+00:00,8.29,123.37,1.0,2.5,015 km N 09° E of Dumingag (Zamboanga Del Sur),Ms,TECTONIC
1325,2025-03-31 19:43:57+00:00,11.08,120.4,27.0,2.3,071 km N 69° W of Cuyo (Palawan),Ms,TECTONIC
1326,2025-03-31 18:42:51+00:00,18.25,120.85,46.0,2.0,013 km N 11° E of Carasi (Ilocos Norte),Ms,TECTONIC
1327,2025-03-31 18:26:31+00:00,12.44,124.69,26.0,2.3,008 km S 41° E of Catarman (Northern Samar),Ms,TECTONIC
1328,2025-03-31 18:11:52+00:00,20.05,121.38,8.0,2.5,060 km S 59° W of Sabtang (Batanes),Ms,TECTONIC
1329,2025-03-31 17:56:07+00:00,13.99,120.34,72.0,1.9,028 km N 58° E of Lubang (Occidental Mindoro),Ms,TECTONIC
1330,2025-03-31 16:42:15+00:00,17.82,120.77,9.0,2.1,013 km N 31° E of Lagayan (Abra),Ms,TECTONIC
1331,2025-03-31 16:07:37+00:00,4.39,124.39,19.0,3.1,161 km S 45° W of Balut Island (Municipality Of Sarangani) (Davao Occidental),Ms,TECTONIC
