,datetime,lat,lon,depth_km,mag,location,mag_type,event_type
0,2025-12-31 15:49:32+00:00,10.93,123.92,1,2.2,012 km S 84° W of Tabogon (Cebu),Ms,TECTONIC
1,2025-12-31 14:37:24+00:00,8.25,126.7,29,2.0,039 km N 53° E of Lingig (Surigao Del Sur),Ms,TECTONIC
2,2025-12-31 14:25:06+00:00,14.67,120.01,33,1.5,027 km S 89° W of Morong (Bataan),Ms,TECTONIC
3,2025-12-31 13:43:12+00:00,11.13,124.16,3,2.1,022 km N 65° E of City Of Bogo (Cebu),Ms,TECTONIC
4,2025-12-31 12:52:30+00:00,8.66,126.09,3,2.0,003 km N 04° W of Lianga (Surigao Del Sur),Ms,TECTONIC
5,2025-12-31 12:30:52+00:00,8.72,126.37,34,1.6,012 km S 40° E of Marihatag (Surigao Del Sur),Ms,TECTONIC
6,2025-12-31 12:18:14+00:00,2.62,127.37,70,4.3,377 km S 35° E of Balut Island (Municipality Of Sarangani) (Davao Occidental),Ms,TECTONIC
7,2025-12-31 12:16:29+00:00,10.89,123.79,3,2.4,026 km S 50° W of City Of Bogo (Cebu),Ms,TECTONIC
8,2025-12-31 12:16:18+00:00,6.03,124.55,21,2.6,007 km S 63° E of Maitum (Sarangani),Ms,TECTONIC
9,2025-12-31 12:11:52+00:00,12.71,123.42,2,2.2,028 km S 42° E of Claveria (Masbate),Ms,TECTONIC
10,2025-12-31 11:57:19+00:00,9.71,126.31,4,1.7,019 km S 66° E of General Luna (Surigao Del Norte),Ms,TECTONIC
11,2025-12-31 11:04:20+00:00,8.1,126.74,26,3.7,036 km N 79° E of Lingig (Surigao Del Sur),Ms,TECTONIC
12,2025-12-31 10:59:54+00:00,8.83,126.47,31,1.7,020 km N 78° E of Marihatag (Surigao Del Sur),Ms,TECTONIC
13,2025-12-31 10:57:46+00:00,16.93,119.84,18,3.2,058 km N 81° W of Luna (La Union),Ms,TECTONIC
14,2025-12-31 10:44:44+00:00,18.61,121.78,1,2.5,034 km S 16° W of Camiguin Island (Calayan) (Cagayan),Ms,TECTONIC
15,2025-12-31 09:23:30+00:00,10.92,124.02,6,1.6,014 km S 17° E of City Of Bogo (Cebu),Ms,TECTONIC
16,2025-12-31 08:34:24+00:00,7.82,126.37,30,1.4,006 km S 11° W of Boston (Davao Oriental),Ms,TECTONIC
17,2025-12-31 08:30:02+00:00,15.41,121.87,18,1.5,051 km S 40° E of Baler (Aurora),Ms,TECTONIC
18,2025-12-31 07:23:07+00:00,10.82,122.51,32,1.5,006 km N 33° W of Pavia (Iloilo),Ms,TECTONIC
19,2025-12-31 07:03:36+00:00,15.13,119.92,5,2.3,015 km S 77° W of Cabangan (Zambales),Ms,TECTONIC
20,2025-12-31 06:55:55+00:00,13.68,124.98,34,2.1,065 km S 80° E of Gigmoto (Catanduanes),Ms,TECTONIC
21,2025-12-31 05:18:35+00:00,11.14,124.53,34,1.5,006 km S 33° W of Kananga (Leyte),Ms,TECTONIC
22,2025-12-31 05:00:24+00:00,9.64,126.18,34,1.4,015 km S 10° E of General Luna (Surigao Del Norte),Ms,TECTONIC
23,2025-12-31 04:32:39+00:00,10.93,124.03,1,2.0,014 km S 23° E of City Of Bogo (Cebu),Ms,TECTONIC
24,2025-12-31 04:22:10+00:00,10.84,123.93,1,1.7,023 km S 14° W of City Of Bogo (Cebu),Ms,TECTONIC
25,2025-12-31 04:21:55+00:00,13.08,125.29,40,2.0,061 km N 18° E of Palapag (Northern Samar),Ms,TECTONIC
26,2025-12-31 03:38:03+00:00,11.12,124.07,33,1.5,012 km N 51° E of City Of Bogo (Cebu),Ms,TECTONIC
27,2025-12-31 03:36:56+00:00,15.24,120.17,68,2.0,015 km N 55° E of Cabangan (Zambales),Ms,TECTONIC
28,2025-12-31 03:13:56+00:00,10.9,125.27,94,2.3,026 km S 29° W of Balangiga (Eastern Samar),Ms,TECTONIC
29,2025-12-31 00:28:38+00:00,10.89,123.8,4,4.0,027 km S 49° W of City Of Bogo (Cebu),Ms,TECTONIC
30,2025-12-31 00:27:25+00:00,10.89,123.79,4,2.4,027 km S 50° W of City Of Bogo (Cebu),Ms,TECTONIC
31,2025-12-30 23:41:32+00:00,8.02,126.94,5,2.4,058 km S 88° E of Lingig (Surigao Del Sur),Ms,TECTONIC
32,2025-12-30 22:10:00+00:00,13.78,124.37,18,2.1,003 km West of Gigmoto (Catanduanes),Ms,TECTONIC
33,2025-12-30 21:51:01+00:00,10.99,123.95,7,2.2,008 km S 26° W of City Of Bogo (Cebu),Ms,TECTONIC
34,2025-12-30 21:32:57+00:00,9.69,126.05,25,1.6,015 km S 47° W of General Luna (Surigao Del Norte),Ms,TECTONIC
35,2025-12-30 20:00:59+00:00,7.88,122.51,35,1.4,014 km N 38° W of Ipil (Zamboanga Sibugay),Ms,TECTONIC
36,2025-12-30 19:47:13+00:00,10.92,123.96,9,2.8,014 km S 08° W of City Of Bogo (Cebu),Ms,TECTONIC
37,2025-12-30 19:11:46+00:00,10.82,125.31,7,2.0,034 km S 15° W of Balangiga (Eastern Samar),Ms,TECTONIC
38,2025-12-30 19:04:35+00:00,20.18,121.95,8,3.8,019 km S 25° E of Sabtang (Batanes),Ms,TECTONIC
39,2025-12-30 19:04:21+00:00,13.13,124.27,32,1.7,013 km N 39° E of Prieto Diaz (Sorsogon),Ms,TECTONIC
40,2025-12-30 18:07:05+00:00,9.75,126.14,24,1.9,004 km S 27° W of General Luna (Surigao Del Norte),Ms,TECTONIC
41,2025-12-30 17:37:50+00:00,5.98,126.85,14,2.6,113 km S 49° E of Governor Generoso (Davao Oriental),Ms,TECTONIC
42,2025-12-30 17:18:20+00:00,8.21,127.39,2,2.7,109 km N 80° E of Lingig (Surigao Del Sur),Ms,TECTONIC
43,2025-12-30 16:57:29+00:00,9.44,126.85,2,2.5,074 km N 76° E of Cortes (Surigao Del Sur),Ms,TECTONIC
44,2025-12-30 16:54:03+00:00,9.82,126.25,24,1.4,011 km N 66° E of General Luna (Surigao Del Norte),Ms,TECTONIC
45,2025-12-30 16:45:07+00:00,6.31,126.6,61,4.0,070 km S 57° E of Governor Generoso (Davao Oriental),Ms,TECTONIC
46,2025-12-30 16:19:55+00:00,16.89,120.14,20,2.0,026 km N 81° W of Luna (La Union),Ms,TECTONIC
47,2025-12-30 16:05:43+00:00,11.37,120.72,34,1.3,034 km N 45° W of Agutaya (Palawan),Ms,TECTONIC
48,2025-12-30 15:54:23+00:00,16.11,119.36,14,3.2,047 km S 90° W of Agno (Pangasinan),Ms,TECTONIC
49,2025-12-30 15:52:47+00:00,7.29,126.58,2,3.3,010 km N 22° E of Manay (Davao Oriental),Ms,TECTONIC
50,2025-12-30 15:29:40+00:00,15.37,119.88,33,1.4,007 km S 28° W of Palauig (Zambales),Ms,TECTONIC
51,2025-12-30 15:22:59+00:00,13.96,120.53,81,1.4,016 km S 58° W of Lian (Batangas),Ms,TECTONIC
52,2025-12-30 13:55:17+00:00,10.66,125.27,8,1.8,019 km N 38° E of Silago (Southern Leyte),Ms,TECTONIC
53,2025-12-30 13:46:55+00:00,9.68,126.11,25,1.9,013 km S 22° W of General Luna (Surigao Del Norte),Ms,TECTONIC
54,2025-12-30 13:40:01+00:00,10.8,125.36,6,4.1,035 km S 05° W of Balangiga (Eastern Samar),Ms,TECTONIC
55,2025-12-30 13:22:19+00:00,9.21,125.96,80,1.9,006 km S 06° W of Madrid (Surigao Del Sur),Ms,TECTONIC
56,2025-12-30 13:01:51+00:00,11.93,122.32,10,3.0,021 km N 55° E of Ibajay (Aklan),Ms,TECTONIC
57,2025-12-30 12:39:10+00:00,7.19,126.8,19,2.7,029 km S 85° E of Manay (Davao Oriental),Ms,TECTONIC
58,2025-12-30 11:10:08+00:00,11.96,122.32,17,4.2,023 km N 49° E of Ibajay (Aklan),Ms,TECTONIC
59,2025-12-30 11:02:12+00:00,9.69,126.24,28,1.4,014 km S 40° E of General Luna (Surigao Del Norte),Ms,TECTONIC
60,2025-12-30 09:58:30+00:00,17.77,120.45,24,2.2,002 km S 03° W of Cabugao (Ilocos Sur),Ms,TECTONIC
61,2025-12-30 08:49:05+00:00,9.99,126.06,18,2.5,004 km S 28° W of Burgos (Surigao Del Norte),Ms,TECTONIC
62,2025-12-30 07:27:53+00:00,6.42,126.69,17,3.9,073 km S 69° E of Governor Generoso (Davao Oriental),Ms,TECTONIC
63,2025-12-30 07:26:01+00:00,13.21,124.03,34,1.7,011 km N 75° W of Rapu-rapu (Albay),Ms,TECTONIC
64,2025-12-30 07:23:37+00:00,10.64,124.2,28,1.6,020 km S 89° W of San Francisco (Cebu),Ms,TECTONIC
65,2025-12-30 07:22:01+00:00,13.13,124.22,8,2.6,011 km N 17° E of Prieto Diaz (Sorsogon),Ms,TECTONIC
66,2025-12-30 06:00:35+00:00,14.12,120.46,124,1.3,019 km N 76° W of Nasugbu (Batangas),Ms,TECTONIC
67,2025-12-30 05:15:59+00:00,9.06,126.71,19,2.2,047 km N 71° E of Cagwait (Surigao Del Sur),Ms,TECTONIC
68,2025-12-30 05:04:40+00:00,8.95,126.46,13,1.8,019 km S 82° E of Bayabas (Surigao Del Sur),Ms,TECTONIC
69,2025-12-30 04:08:52+00:00,7.03,126.75,16,2.6,031 km S 48° E of Manay (Davao Oriental),Ms,TECTONIC
70,2025-12-30 04:04:03+00:00,10.9,123.9,7,1.9,018 km S 27° W of City Of Bogo (Cebu),Ms,TECTONIC
71,2025-12-30 03:37:15+00:00,13.59,120.64,74,1.6,018 km N 31° W of Abra De Ilog (Occidental Mindoro),Ms,TECTONIC
72,2025-12-30 02:25:32+00:00,9.63,126.09,17,3.0,018 km S 22° W of General Luna (Surigao Del Norte),Ms,TECTONIC
73,2025-12-30 02:03:55+00:00,12.95,123.12,32,1.8,015 km N 70° W of Claveria (Masbate),Ms,TECTONIC
74,2025-12-30 01:53:39+00:00,12.83,123.01,13,4.0,027 km S 72° W of Claveria (Masbate),Ms,TECTONIC
75,2025-12-30 01:13:40+00:00,9.74,125.49,26,1.7,006 km South of City Of Surigao (Surigao Del Norte),Ms,TECTONIC
76,2025-12-30 00:02:55+00:00,7.43,127.21,25,2.6,072 km N 81° E of Caraga (Davao Oriental),Ms,TECTONIC
77,2025-12-29 23:50:23+00:00,9.64,126.32,21,2.0,023 km S 49° E of General Luna (Surigao Del Norte),Ms,TECTONIC
78,2025-12-29 23:38:47+00:00,16.42,120.88,33,1.5,007 km N 01° W of Kayapa (Nueva Vizcaya),Ms,TECTONIC
79,2025-12-29 22:31:25+00:00,5.71,125.26,18,2.6,013 km S 27° E of Glan (Sarangani),Ms,TECTONIC
80,2025-12-29 22:12:53+00:00,14.94,122.63,16,1.7,042 km N 50° E of Jomalig (Quezon),Ms,TECTONIC
81,2025-12-29 22:04:24+00:00,13.15,124.58,10,2.0,044 km N 74° E of Prieto Diaz (Sorsogon),Ms,TECTONIC
82,2025-12-29 21:52:26+00:00,19.15,121.77,4,2.3,028 km N 22° W of Camiguin Island (Calayan) (Cagayan),Ms,TECTONIC
83,2025-12-29 21:30:48+00:00,17.62,120.53,3,1.9,006 km N 33° W of Langiden (Abra),Ms,TECTONIC
84,2025-12-29 21:10:28+00:00,7.03,125.7,48,1.8,005 km S 15° W of Island Garden City Of Samal (Davao Del Norte),Ms,TECTONIC
85,2025-12-29 20:47:28+00:00,11.11,123.95,12,1.9,008 km N 28° W of City Of Bogo (Cebu),Ms,TECTONIC
86,2025-12-29 20:37:36+00:00,14.07,120.38,79,2.2,027 km S 88° W of Nasugbu (Batangas),Ms,TECTONIC
87,2025-12-29 20:37:07+00:00,8.75,126.48,33,2.3,021 km S 76° E of Marihatag (Surigao Del Sur),Ms,TECTONIC
88,2025-12-29 20:02:19+00:00,10.87,123.95,3,2.2,019 km S 10° W of City Of Bogo (Cebu),Ms,TECTONIC
89,2025-12-29 19:45:54+00:00,15.86,119.72,27,2.3,020 km N 79° W of Infanta (Pangasinan),Ms,TECTONIC
90,2025-12-29 19:40:49+00:00,6.56,126.97,60,2.5,079 km S 47° E of Tarragona (Davao Oriental),Ms,TECTONIC
91,2025-12-29 19:35:05+00:00,8.4,127.11,15,2.0,086 km N 62° E of Lingig (Surigao Del Sur),Ms,TECTONIC
92,2025-12-29 18:35:36+00:00,15.86,119.96,35,1.5,007 km N 56° E of Infanta (Pangasinan),Ms,TECTONIC
93,2025-12-29 18:05:28+00:00,5.35,127.0,9,3.6,162 km S 68° E of Jose Abad Santos (Davao Occidental),Ms,TECTONIC
94,2025-12-29 17:54:18+00:00,9.25,126.57,17,2.9,045 km N 46° E of Bayabas (Surigao Del Sur),Ms,TECTONIC
95,2025-12-29 17:35:11+00:00,9.69,126.3,28,2.3,019 km S 57° E of General Luna (Surigao Del Norte),Ms,TECTONIC
96,2025-12-29 17:26:31+00:00,7.73,122.47,33,1.6,014 km S 66° W of Ipil (Zamboanga Sibugay),Ms,TECTONIC
97,2025-12-29 17:21:07+00:00,9.67,126.2,25,1.8,013 km S 19° E of General Luna (Surigao Del Norte),Ms,TECTONIC
98,2025-12-29 17:12:22+00:00,15.6,120.01,30,1.4,009 km S 69° E of Candelaria (Zambales),Ms,TECTONIC
99,2025-12-29 17:10:37+00:00,9.69,126.18,24,1.8,011 km S 16° E of General Luna (Surigao Del Norte),Ms,TECTONIC
100,2025-12-29 17:00:58+00:00,12.79,122.94,9,1.5,036 km S 70° W of Claveria (Masbate),Ms,TECTONIC
101,2025-12-29 16:53:21+00:00,10.34,125.18,4,1.9,007 km S 20° W of Hinunangan (Southern Leyte),Ms,TECTONIC
102,2025-12-29 16:51:27+00:00,11.07,124.06,7,1.7,010 km N 75° E of City Of Bogo (Cebu),Ms,TECTONIC
103,2025-12-29 16:48:38+00:00,12.98,121.29,33,1.5,015 km S 56° W of Socorro (Oriental Mindoro),Ms,TECTONIC
104,2025-12-29 16:43:08+00:00,5.0,126.11,35,3.4,089 km S 53° E of Sarangani Island (Municipality Of Sarangani) (Davao Occidental),Ms,TECTONIC
105,2025-12-29 16:29:18+00:00,11.23,123.83,30,1.6,026 km N 38° W of City Of Bogo (Cebu),Ms,TECTONIC
106,2025-12-29 15:52:28+00:00,6.15,124.13,20,4.0,009 km S 44° W of Palimbang (Sultan Kudarat),Ms,TECTONIC
107,2025-12-29 15:41:22+00:00,12.32,125.04,27,1.9,002 km S 27° E of Las Navas (Northern Samar),Ms,TECTONIC
108,2025-12-29 15:39:54+00:00,5.72,126.52,36,3.5,100 km S 78° E of Jose Abad Santos (Davao Occidental),Ms,TECTONIC
109,2025-12-29 15:32:42+00:00,6.79,126.99,7,2.5,068 km S 47° E of Manay (Davao Oriental),Ms,TECTONIC
110,2025-12-29 15:30:16+00:00,15.64,119.97,18,2.9,004 km N 63° E of Candelaria (Zambales),Ms,TECTONIC
111,2025-12-29 14:00:21+00:00,10.28,125.26,28,1.7,001 km N 60° E of Anahawan (Southern Leyte),Ms,TECTONIC
112,2025-12-29 13:41:59+00:00,12.77,123.04,6,2.4,027 km S 58° W of Claveria (Masbate),Ms,TECTONIC
113,2025-12-29 12:34:08+00:00,5.61,127.08,4,3.8,163 km S 78° E of Jose Abad Santos (Davao Occidental),Ms,TECTONIC
114,2025-12-29 11:32:51+00:00,5.81,126.33,44,2.6,082 km S 59° E of Don Marcelino (Davao Occidental),Ms,TECTONIC
115,2025-12-29 09:40:50+00:00,8.75,126.39,30,1.5,011 km S 61° E of Marihatag (Surigao Del Sur),Ms,TECTONIC
116,2025-12-29 09:01:17+00:00,5.31,126.45,84,3.4,111 km S 54° E of Jose Abad Santos (Davao Occidental),Ms,TECTONIC
117,2025-12-29 08:41:45+00:00,7.53,126.75,33,1.9,021 km S 77° E of Baganga (Davao Oriental),Ms,TECTONIC
118,2025-12-29 06:13:35+00:00,10.92,123.87,1,2.5,018 km S 39° W of City Of Bogo (Cebu),Ms,TECTONIC
119,2025-12-29 04:57:25+00:00,19.67,122.02,16,3.8,020 km N 33° E of Babuyan Island (Calayan) (Cagayan),Ms,TECTONIC
120,2025-12-29 04:43:45+00:00,13.74,120.53,70,1.5,015 km S 46° W of Calatagan (Batangas),Ms,TECTONIC
121,2025-12-29 03:38:08+00:00,10.09,125.07,24,2.0,009 km S 37° W of Liloan (Southern Leyte),Ms,TECTONIC
122,2025-12-29 03:14:58+00:00,8.14,126.6,28,2.3,023 km N 62° E of Lingig (Surigao Del Sur),Ms,TECTONIC
123,2025-12-29 02:42:53+00:00,8.34,126.4,55,3.6,008 km S 66° E of Hinatuan (Surigao Del Sur),Ms,TECTONIC
124,2025-12-29 01:53:42+00:00,19.55,121.23,8,4.1,049 km N 02° E of Dalupiri Island (Calayan) (Cagayan),Ms,TECTONIC
125,2025-12-29 01:29:11+00:00,11.11,124.15,5,2.4,020 km N 70° E of City Of Bogo (Cebu),Ms,TECTONIC
126,2025-12-29 01:17:35+00:00,15.5,119.87,32,1.7,009 km N 26° W of Palauig (Zambales),Ms,TECTONIC
127,2025-12-29 00:27:46+00:00,9.7,126.29,39,1.4,017 km S 59° E of General Luna (Surigao Del Norte),Ms,TECTONIC
128,2025-12-29 00:09:34+00:00,13.02,124.47,10,2.8,030 km S 86° E of Prieto Diaz (Sorsogon),Ms,TECTONIC
129,2025-12-28 21:38:56+00:00,5.6,125.48,209,2.8,135 km S 02° E of Sarangani Island (Municipality Of Sarangani) (Davao Occidental),Ms,TECTONIC
130,2025-12-28 20:56:18+00:00,5.35,126.37,8,2.7,102 km S 52° E of Jose Abad Santos (Davao Occidental),Ms,TECTONIC
131,2025-12-28 20:27:45+00:00,10.27,125.2,9,2.3,006 km S 81° W of Anahawan (Southern Leyte),Ms,TECTONIC
132,2025-12-28 19:59:08+00:00,10.2,126.11,19,2.5,021 km N 11° E of Burgos (Surigao Del Norte),Ms,TECTONIC
133,2025-12-28 19:49:07+00:00,8.29,125.2,34,1.7,020 km N 24° E of City Of Malaybalay (Bukidnon),Ms,TECTONIC
134,2025-12-28 19:32:26+00:00,12.84,123.01,8,3.5,026 km S 75° W of Claveria (Masbate),Ms,TECTONIC
135,2025-12-28 19:30:14+00:00,16.12,119.8,25,1.5,000 km N 44° W of Agno (Pangasinan),Ms,TECTONIC
136,2025-12-28 19:26:31+00:00,7.48,124.22,14,2.3,005 km N 70° W of Matanog (Maguindanao Del Norte),Ms,TECTONIC
137,2025-12-28 19:21:41+00:00,10.19,125.25,32,1.8,009 km S 03° W of Anahawan (Southern Leyte),Ms,TECTONIC
138,2025-12-28 18:56:18+00:00,10.88,124.19,25,2.0,030 km S 52° E of City Of Bogo (Cebu),Ms,TECTONIC
139,2025-12-28 18:51:47+00:00,10.31,125.16,22,1.7,011 km N 67° W of Anahawan (Southern Leyte),Ms,TECTONIC
140,2025-12-28 18:47:50+00:00,10.33,125.2,2,4.1,009 km N 45° W of Anahawan (Southern Leyte),Mw,TECTONIC
141,2025-12-28 18:38:40+00:00,8.5,127.04,3,2.3,086 km N 54° E of Lingig (Surigao Del Sur),Ms,TECTONIC
142,2025-12-28 18:16:26+00:00,18.31,120.86,24,2.5,026 km S 85° E of Pasuquin (Ilocos Norte),Ms,TECTONIC
143,2025-12-28 18:13:22+00:00,5.68,125.99,21,2.7,045 km S 56° E of Jose Abad Santos (Davao Occidental),Ms,TECTONIC
144,2025-12-28 17:55:50+00:00,11.96,125.37,5,1.9,008 km N 38° W of Taft (Eastern Samar),Ms,TECTONIC
145,2025-12-28 16:29:19+00:00,10.75,123.85,27,2.0,004 km N 46° E of Tuburan (Cebu),Ms,TECTONIC
146,2025-12-28 16:28:19+00:00,15.95,119.89,24,1.9,005 km S 14° E of Dasol (Pangasinan),Ms,TECTONIC
147,2025-12-28 15:47:53+00:00,12.87,123.02,7,2.3,025 km S 83° W of Claveria (Masbate),Ms,TECTONIC
148,2025-12-28 15:25:14+00:00,10.87,123.79,4,1.7,010 km N 62° W of Tabuelan (Cebu),Ms,TECTONIC
149,2025-12-28 15:17:20+00:00,13.44,120.83,35,1.4,012 km S 85° E of Abra De Ilog (Occidental Mindoro),Ms,TECTONIC
150,2025-12-28 13:50:13+00:00,15.57,121.23,17,1.6,006 km S 85° E of Laur (Nueva Ecija),Ms,TECTONIC
151,2025-12-28 11:48:09+00:00,10.92,123.91,6,3.1,016 km S 30° W of City Of Bogo (Cebu),Ms,TECTONIC
152,2025-12-28 11:45:16+00:00,7.4,126.73,9,1.8,027 km S 44° E of Baganga (Davao Oriental),Ms,TECTONIC
153,2025-12-28 11:27:07+00:00,7.37,126.78,12,2.6,032 km N 57° E of Manay (Davao Oriental),Ms,TECTONIC
154,2025-12-28 10:30:17+00:00,8.62,126.67,6,2.1,046 km N 52° E of Hinatuan (Surigao Del Sur),Ms,TECTONIC
155,2025-12-28 10:06:41+00:00,10.49,123.29,13,2.3,012 km S 39° E of Salvador Benedicto (Negros Occidental),ML,VOLCANO-TECTONIC
156,2025-12-28 10:05:15+00:00,7.89,126.46,37,1.5,010 km N 79° E of Boston (Davao Oriental),Ms,TECTONIC
157,2025-12-28 09:59:24+00:00,9.64,126.09,20,2.9,017 km S 24° W of General Luna (Surigao Del Norte),Ms,TECTONIC
158,2025-12-28 09:52:20+00:00,7.74,126.89,21,3.1,041 km N 64° E of Baganga (Davao Oriental),Ms,TECTONIC
159,2025-12-28 08:32:02+00:00,7.64,126.59,41,2.3,008 km N 23° E of Baganga (Davao Oriental),Ms,TECTONIC
160,2025-12-28 08:21:15+00:00,13.54,120.69,89,1.6,011 km N 21° W of Abra De Ilog (Occidental Mindoro),Ms,TECTONIC
161,2025-12-28 08:20:20+00:00,10.91,124.04,11,1.8,017 km S 25° E of City Of Bogo (Cebu),Ms,TECTONIC
162,2025-12-28 07:58:59+00:00,15.91,118.68,33,2.2,122 km S 79° W of Agno (Pangasinan),Ms,TECTONIC
163,2025-12-28 07:19:43+00:00,10.81,123.86,25,1.5,029 km S 28° W of City Of Bogo (Cebu),Ms,TECTONIC
164,2025-12-28 07:07:32+00:00,5.7,125.94,66,2.3,040 km S 54° E of Jose Abad Santos (Davao Occidental),Ms,TECTONIC
165,2025-12-28 06:45:20+00:00,13.0,123.09,5,1.7,020 km N 56° W of Claveria (Masbate),Ms,TECTONIC
166,2025-12-28 06:33:16+00:00,8.57,122.6,10,2.9,049 km N 73° W of Jose Dalman (Zamboanga Del Norte),Ms,TECTONIC
167,2025-12-28 05:59:25+00:00,15.91,120.07,33,2.0,015 km S 32° W of Labrador (Pangasinan),Ms,TECTONIC
168,2025-12-28 05:30:57+00:00,7.18,126.96,18,3.0,047 km S 86° E of Manay (Davao Oriental),Ms,TECTONIC
169,2025-12-28 04:42:12+00:00,14.73,120.01,33,1.8,026 km S 18° W of San Antonio (Zambales),Ms,TECTONIC
170,2025-12-28 02:33:52+00:00,20.17,121.33,6,3.3,060 km S 72° W of Sabtang (Batanes),Ms,TECTONIC
171,2025-12-28 01:33:07+00:00,18.58,121.19,18,2.2,012 km S 77° E of Claveria (Cagayan),Ms,TECTONIC
172,2025-12-28 01:03:24+00:00,11.91,125.21,33,1.9,026 km N 55° E of Paranas (Samar),Ms,TECTONIC
173,2025-12-28 00:42:59+00:00,11.06,124.36,33,1.5,003 km N 51° W of Palompon (Leyte),Ms,TECTONIC
174,2025-12-28 00:12:12+00:00,15.28,120.31,31,1.8,028 km S 89° W of Bamban (Tarlac),Ms,TECTONIC
175,2025-12-27 22:55:35+00:00,14.87,122.56,2,2.0,031 km N 52° E of Jomalig (Quezon),Ms,TECTONIC
176,2025-12-27 21:53:45+00:00,11.95,125.42,4,3.6,005 km N 03° W of Taft (Eastern Samar),Ms,TECTONIC
177,2025-12-27 21:05:16+00:00,8.74,126.5,20,1.4,023 km S 73° E of Marihatag (Surigao Del Sur),Ms,TECTONIC
178,2025-12-27 20:52:08+00:00,17.3,120.33,36,1.5,012 km S 76° W of San Esteban (Ilocos Sur),Ms,TECTONIC
179,2025-12-27 20:17:15+00:00,6.08,124.61,10,1.5,010 km N 07° W of Kiamba (Sarangani),Ms,TECTONIC
180,2025-12-27 20:00:17+00:00,10.79,123.85,3,1.9,032 km S 26° W of City Of Bogo (Cebu),Ms,TECTONIC
181,2025-12-27 19:53:18+00:00,8.08,124.54,6,1.6,014 km N 89° E of Tagoloan Ii (Lanao Del Sur),Ms,TECTONIC
182,2025-12-27 19:39:34+00:00,11.3,121.33,34,1.9,045 km N 68° E of Agutaya (Palawan),Ms,TECTONIC
183,2025-12-27 19:34:13+00:00,17.72,120.48,25,1.7,004 km S 38° E of San Juan (Ilocos Sur),Ms,TECTONIC
184,2025-12-27 19:22:55+00:00,15.45,120.13,23,1.5,021 km N 33° E of Botolan (Zambales),Ms,TECTONIC
185,2025-12-27 19:18:52+00:00,16.33,120.29,8,2.3,009 km N 82° W of Agoo (La Union),Ms,TECTONIC
186,2025-12-27 19:13:48+00:00,18.58,120.65,1,2.9,008 km N 08° E of Burgos (Ilocos Norte),Ms,TECTONIC
187,2025-12-27 18:55:51+00:00,13.76,120.55,90,1.5,012 km S 46° W of Calatagan (Batangas),Ms,TECTONIC
188,2025-12-27 18:26:22+00:00,15.46,119.76,48,4.6,017 km N 80° W of Palauig (Zambales),Mw,TECTONIC
189,2025-12-27 17:31:07+00:00,13.69,124.61,16,1.6,026 km N 83° E of Baras (Catanduanes),Ms,TECTONIC
190,2025-12-27 17:30:12+00:00,13.87,122.58,1,1.6,012 km S 21° E of Tagkawayan (Quezon),Ms,TECTONIC
191,2025-12-27 17:16:01+00:00,10.7,124.95,6,2.4,009 km S 52° W of Abuyog (Leyte),Ms,TECTONIC
192,2025-12-27 16:30:57+00:00,13.81,120.5,70,2.6,015 km S 82° W of Calatagan (Batangas),Ms,TECTONIC
193,2025-12-27 16:02:18+00:00,7.82,122.48,32,1.5,011 km S 29° W of Kalawit (Zamboanga Del Norte),Ms,TECTONIC
194,2025-12-27 15:57:00+00:00,14.16,121.2,33,2.3,003 km S 62° W of Los Baños (Laguna),Ms,TECTONIC
195,2025-12-27 15:50:45+00:00,13.62,120.56,91,1.9,025 km S 18° W of Calatagan (Batangas),Ms,TECTONIC
196,2025-12-27 15:05:00+00:00,24.65,122.04,68,6.6,429 km N 03° W of Itbayat (Batanes),unspecified,unspecified
197,2025-12-27 14:44:21+00:00,13.51,120.51,39,2.4,011 km N 24° E of Paluan (Occidental Mindoro),Ms,TECTONIC
198,2025-12-27 14:20:47+00:00,18.45,121.23,12,2.1,012 km S 82° W of Pamplona (Cagayan),Ms,TECTONIC
199,2025-12-27 12:37:27+00:00,12.51,123.58,7,2.5,010 km N 66° E of Baleno (Masbate),Ms,TECTONIC
200,2025-12-27 12:34:15+00:00,15.77,121.91,12,1.9,037 km N 87° E of Baler (Aurora),Ms,TECTONIC
201,2025-12-27 12:00:21+00:00,5.14,126.5,32,3.7,141 km S 64° E of Sarangani Island (Municipality Of Sarangani) (Davao Occidental),Ms,TECTONIC
202,2025-12-27 11:53:52+00:00,9.85,126.23,6,2.1,011 km N 49° E of General Luna (Surigao Del Norte),Ms,TECTONIC
203,2025-12-27 11:46:47+00:00,9.51,125.96,24,2.5,012 km S 04° W of Socorro (Surigao Del Norte),Ms,TECTONIC
204,2025-12-27 11:28:00+00:00,9.72,126.24,4,2.1,012 km S 51° E of General Luna (Surigao Del Norte),Ms,TECTONIC
205,2025-12-27 10:56:49+00:00,16.59,119.87,29,2.0,022 km N 07° W of Bolinao (Pangasinan),Ms,TECTONIC
206,2025-12-27 10:35:35+00:00,9.79,126.1,30,1.3,006 km N 80° W of General Luna (Surigao Del Norte),Ms,TECTONIC
207,2025-12-27 08:30:41+00:00,8.72,126.78,4,2.5,053 km S 80° E of Marihatag (Surigao Del Sur),Ms,TECTONIC
208,2025-12-27 08:08:33+00:00,8.49,127.42,19,2.9,120 km N 84° E of Hinatuan (Surigao Del Sur),Ms,TECTONIC
209,2025-12-27 06:21:57+00:00,9.5,126.46,30,1.5,045 km S 47° E of General Luna (Surigao Del Norte),Ms,TECTONIC
210,2025-12-27 03:28:16+00:00,13.82,120.56,100,1.3,008 km S 83° W of Calatagan (Batangas),Ms,TECTONIC
211,2025-12-27 02:29:15+00:00,5.35,126.66,3,3.9,129 km S 61° E of Jose Abad Santos (Davao Occidental),Ms,TECTONIC
212,2025-12-27 01:45:26+00:00,11.41,125.35,22,3.0,024 km S 21° W of City Of Borongan (Eastern Samar),Ms,TECTONIC
213,2025-12-27 01:37:50+00:00,7.1,126.98,10,3.4,050 km S 76° E of Manay (Davao Oriental),Ms,TECTONIC
214,2025-12-27 01:34:51+00:00,12.04,121.79,24,2.0,019 km S 81° W of San Jose (Romblon),Ms,TECTONIC
215,2025-12-26 23:54:48+00:00,7.55,124.77,33,1.7,010 km N 61° E of Banisilan (Cotabato),Ms,TECTONIC
216,2025-12-26 23:52:20+00:00,8.85,126.37,27,2.0,011 km S 44° E of Cagwait (Surigao Del Sur),Ms,TECTONIC
217,2025-12-26 22:57:48+00:00,6.11,126.19,9,2.8,055 km S 80° E of Don Marcelino (Davao Occidental),Ms,TECTONIC
218,2025-12-26 22:21:32+00:00,12.8,124.85,15,1.6,028 km N 17° W of Pambujan (Northern Samar),Ms,TECTONIC
219,2025-12-26 21:28:44+00:00,7.87,126.46,24,1.5,009 km N 89° E of Boston (Davao Oriental),Ms,TECTONIC
220,2025-12-26 20:00:13+00:00,8.8,126.53,33,1.7,025 km N 89° E of Marihatag (Surigao Del Sur),Ms,TECTONIC
221,2025-12-26 19:59:14+00:00,18.73,121.12,24,2.2,014 km N 18° E of Claveria (Cagayan),Ms,TECTONIC
222,2025-12-26 19:40:13+00:00,12.74,124.9,29,1.7,020 km N 09° W of Pambujan (Northern Samar),Ms,TECTONIC
223,2025-12-26 19:33:00+00:00,6.89,126.89,13,2.6,052 km S 48° E of Manay (Davao Oriental),Ms,TECTONIC
224,2025-12-26 18:58:45+00:00,10.97,123.99,19,2.7,008 km S 06° E of City Of Bogo (Cebu),Ms,TECTONIC
225,2025-12-26 18:46:38+00:00,15.57,121.03,30,1.6,005 km S 35° W of General Mamerto Natividad (Nueva Ecija),Ms,TECTONIC
226,2025-12-26 17:54:50+00:00,14.32,120.34,114,1.9,021 km S 52° W of Mariveles (Bataan),Ms,TECTONIC
227,2025-12-26 17:40:17+00:00,9.34,126.55,4,3.7,040 km N 80° E of Cortes (Surigao Del Sur),Ms,TECTONIC
228,2025-12-26 17:28:31+00:00,8.27,127.25,10,2.5,095 km N 75° E of Lingig (Surigao Del Sur),Ms,TECTONIC
229,2025-12-26 17:27:17+00:00,8.1,122.68,60,1.4,002 km S 08° E of Liloy (Zamboanga Del Norte),Ms,TECTONIC
230,2025-12-26 17:06:31+00:00,13.58,120.81,8,1.7,011 km S 35° W of Tingloy (Batangas),Ms,TECTONIC
231,2025-12-26 13:02:29+00:00,15.21,122.58,1,1.9,063 km N 25° E of Jomalig (Quezon),Ms,TECTONIC
232,2025-12-26 12:51:08+00:00,7.26,126.67,24,1.8,015 km N 69° E of Manay (Davao Oriental),Ms,TECTONIC
233,2025-12-26 12:40:44+00:00,10.07,122.2,16,2.3,042 km N 37° W of City Of Sipalay (Negros Occidental),Ms,TECTONIC
234,2025-12-26 12:06:40+00:00,11.01,124.07,7,2.0,011 km S 66° E of City Of Bogo (Cebu),Ms,TECTONIC
235,2025-12-26 11:34:31+00:00,8.02,125.94,18,1.9,006 km S 19° W of Veruela (Agusan Del Sur),Ms,TECTONIC
236,2025-12-26 11:25:53+00:00,9.8,125.49,28,1.9,001 km North of City Of Surigao (Surigao Del Norte),Ms,TECTONIC
237,2025-12-26 10:48:29+00:00,18.16,121.89,33,2.4,011 km S 09° W of Santa Teresita (Cagayan),Ms,TECTONIC
238,2025-12-26 09:25:57+00:00,13.87,120.73,173,2.4,012 km N 68° E of Calatagan (Batangas),Ms,TECTONIC
239,2025-12-26 09:03:11+00:00,18.46,120.88,22,2.3,002 km S 79° W of Adams (Ilocos Norte),Ms,TECTONIC
240,2025-12-26 08:12:46+00:00,11.69,125.49,28,2.4,011 km N 33° E of City Of Borongan (Eastern Samar),Ms,TECTONIC
241,2025-12-26 07:57:37+00:00,7.96,122.14,117,2.8,017 km N 01° W of Baliguian (Zamboanga Del Norte),Ms,TECTONIC
242,2025-12-26 06:21:11+00:00,7.09,125.66,51,4.0,006 km N 73° W of Island Garden City Of Samal (Davao Del Norte),Ms,TECTONIC
243,2025-12-26 06:06:16+00:00,7.5,126.57,13,2.6,008 km S 06° E of Baganga (Davao Oriental),Ms,TECTONIC
244,2025-12-26 05:51:33+00:00,10.5,125.71,28,2.0,021 km N 42° E of Loreto (Dinagat Islands),Ms,TECTONIC
245,2025-12-26 05:50:34+00:00,13.4,120.61,31,1.7,013 km S 70° W of Abra De Ilog (Occidental Mindoro),Ms,TECTONIC
246,2025-12-26 05:45:15+00:00,14.09,120.25,41,1.6,029 km N 29° E of Lubang (Occidental Mindoro),Ms,TECTONIC
247,2025-12-26 05:24:14+00:00,6.0,127.04,62,2.8,129 km S 56° E of Governor Generoso (Davao Oriental),Ms,TECTONIC
248,2025-12-26 05:05:29+00:00,11.09,124.07,8,2.7,011 km N 64° E of City Of Bogo (Cebu),Ms,TECTONIC
249,2025-12-26 04:08:11+00:00,7.35,126.71,26,2.2,016 km N 81° E of Caraga (Davao Oriental),Ms,TECTONIC
250,2025-12-26 02:11:25+00:00,13.61,120.72,9,1.8,018 km S 71° W of Tingloy (Batangas),Ms,TECTONIC
251,2025-12-26 00:52:14+00:00,8.84,126.47,28,2.5,019 km N 76° E of Marihatag (Surigao Del Sur),Ms,TECTONIC
252,2025-12-26 00:20:56+00:00,8.84,126.39,15,1.8,013 km S 48° E of Cagwait (Surigao Del Sur),Ms,TECTONIC
253,2025-12-26 00:19:03+00:00,8.73,126.86,5,2.6,062 km S 83° E of Marihatag (Surigao Del Sur),Ms,TECTONIC
254,2025-12-25 21:13:58+00:00,8.28,125.91,30,1.6,012 km N 89° E of La Paz (Agusan Del Sur),Ms,TECTONIC
255,2025-12-25 21:04:51+00:00,11.25,124.31,2,1.9,009 km S 47° W of Tabango (Leyte),Ms,TECTONIC
256,2025-12-25 20:10:38+00:00,12.92,123.04,9,1.9,023 km N 86° W of Claveria (Masbate),Ms,TECTONIC
257,2025-12-25 18:45:58+00:00,9.55,122.46,31,4.1,006 km S 02° W of Hinoba-an (Negros Occidental),Ms,TECTONIC
258,2025-12-25 18:16:04+00:00,13.08,124.21,33,1.7,004 km N 20° E of Prieto Diaz (Sorsogon),Ms,TECTONIC
259,2025-12-25 17:37:17+00:00,7.63,126.73,24,1.9,020 km N 73° E of Baganga (Davao Oriental),Ms,TECTONIC
260,2025-12-25 17:29:25+00:00,13.75,120.6,86,1.4,010 km S 18° W of Calatagan (Batangas),Ms,TECTONIC
261,2025-12-25 17:01:59+00:00,8.16,121.55,19,3.4,076 km N 60° W of Baliguian (Zamboanga Del Norte),Ms,TECTONIC
262,2025-12-25 16:35:04+00:00,9.57,126.09,30,1.7,015 km S 69° E of Socorro (Surigao Del Norte),Ms,TECTONIC
263,2025-12-25 16:26:54+00:00,8.46,127.41,21,3.6,118 km N 85° E of Hinatuan (Surigao Del Sur),Ms,TECTONIC
264,2025-12-25 16:15:45+00:00,16.53,120.86,12,1.7,005 km N 36° E of Bokod (Benguet),Ms,TECTONIC
265,2025-12-25 16:14:39+00:00,17.6,121.05,23,1.7,006 km N 57° E of Malibcong (Abra),Ms,TECTONIC
266,2025-12-25 16:12:58+00:00,16.67,122.42,12,2.3,023 km N 48° E of Dinapigue (Isabela),Ms,TECTONIC
267,2025-12-25 16:06:28+00:00,6.81,125.12,10,2.3,008 km N 33° W of Magsaysay (Davao Del Sur),Ms,TECTONIC
268,2025-12-25 16:00:38+00:00,13.16,124.26,33,1.9,015 km S 78° E of Rapu-rapu (Albay),Ms,TECTONIC
269,2025-12-25 15:45:15+00:00,8.49,126.38,3,2.2,014 km N 20° E of Hinatuan (Surigao Del Sur),Ms,TECTONIC
270,2025-12-25 15:35:00+00:00,19.05,120.93,5,2.7,029 km S 78° W of Dalupiri Island (Calayan) (Cagayan),Ms,TECTONIC
271,2025-12-25 15:01:02+00:00,8.83,122.67,8,2.0,047 km S 58° W of Siaton (Negros Oriental),Ms,TECTONIC
272,2025-12-25 14:57:55+00:00,15.45,120.09,57,1.5,019 km N 22° E of Botolan (Zambales),Ms,TECTONIC
273,2025-12-25 14:42:48+00:00,13.61,120.13,30,1.5,017 km S 47° W of Looc (Occidental Mindoro),Ms,TECTONIC
274,2025-12-25 14:25:50+00:00,11.05,123.94,3,2.9,004 km N 88° W of City Of Bogo (Cebu),Ms,TECTONIC
275,2025-12-25 13:48:00+00:00,13.37,120.24,17,2.1,025 km S 79° W of Paluan (Occidental Mindoro),Ms,TECTONIC
276,2025-12-25 13:25:24+00:00,13.27,121.18,33,1.4,013 km S 03° W of City Of Calapan (Oriental Mindoro),Ms,TECTONIC
277,2025-12-25 13:15:21+00:00,14.79,121.93,4,2.2,007 km S 32° W of Burdeos (Quezon),Ms,TECTONIC
278,2025-12-25 12:49:28+00:00,10.05,121.98,2,2.6,042 km S 08° E of Anini-y (Antique),Ms,TECTONIC
279,2025-12-25 12:29:34+00:00,11.29,124.57,8,3.4,013 km S 84° W of Carigara (Leyte),Ms,TECTONIC
280,2025-12-25 10:39:09+00:00,11.03,123.99,5,2.1,002 km S 37° E of City Of Bogo (Cebu),Ms,TECTONIC
281,2025-12-25 10:04:28+00:00,9.72,126.14,20,2.5,011 km S 66° E of Dapa (Surigao Del Norte),Ms,TECTONIC
282,2025-12-25 09:53:13+00:00,13.61,121.1,7,2.1,023 km S 47° E of Mabini (Batangas),Ms,TECTONIC
283,2025-12-25 09:13:13+00:00,9.64,126.11,19,2.6,017 km S 16° W of General Luna (Surigao Del Norte),Ms,TECTONIC
284,2025-12-25 07:59:23+00:00,9.65,126.14,33,1.8,015 km S 07° W of General Luna (Surigao Del Norte),Ms,TECTONIC
285,2025-12-25 06:37:12+00:00,14.36,120.69,20,2.1,009 km N 64° W of Naic (Cavite),Ms,TECTONIC
286,2025-12-25 06:36:37+00:00,11.0,123.97,7,2.4,005 km S 16° W of City Of Bogo (Cebu),Ms,TECTONIC
287,2025-12-25 06:12:09+00:00,17.55,122.33,26,3.5,020 km N 30° E of Maconacon (Isabela),Ms,TECTONIC
288,2025-12-25 05:58:29+00:00,9.63,126.06,15,2.4,020 km S 33° W of General Luna (Surigao Del Norte),Ms,TECTONIC
289,2025-12-25 05:47:11+00:00,18.9,121.08,9,2.6,027 km S 30° W of Dalupiri Island (Calayan) (Cagayan),Ms,TECTONIC
290,2025-12-25 05:31:42+00:00,9.6,122.86,130,2.0,017 km S 24° W of Mabinay (Negros Oriental),Ms,TECTONIC
291,2025-12-25 05:04:41+00:00,12.83,123.02,6,2.4,026 km S 73° W of Claveria (Masbate),Ms,TECTONIC
292,2025-12-25 04:55:58+00:00,12.91,123.06,2,2.2,021 km N 88° W of Claveria (Masbate),Ms,TECTONIC
293,2025-12-25 04:53:28+00:00,8.41,125.8,67,3.2,004 km S 25° E of Talacogon (Agusan Del Sur),Ms,TECTONIC
294,2025-12-25 04:41:12+00:00,9.75,126.58,9,2.8,047 km S 85° E of General Luna (Surigao Del Norte),Ms,TECTONIC
295,2025-12-25 03:01:31+00:00,12.85,123.0,3,2.1,027 km S 78° W of Claveria (Masbate),Ms,TECTONIC
296,2025-12-25 02:58:57+00:00,12.84,122.96,5,1.6,032 km S 77° W of Claveria (Masbate),Ms,TECTONIC
297,2025-12-25 02:48:04+00:00,3.09,125.93,150,4.2,263 km S 12° E of Balut Island (Municipality Of Sarangani) (Davao Occidental),Ms,TECTONIC
298,2025-12-25 02:43:15+00:00,15.58,121.51,18,2.2,015 km S 03° W of San Luis (Aurora),Ms,TECTONIC
299,2025-12-25 02:09:10+00:00,10.92,123.96,4,1.7,014 km S 07° W of City Of Bogo (Cebu),Ms,TECTONIC
300,2025-12-25 01:58:35+00:00,19.15,121.0,2,2.7,022 km N 77° W of Dalupiri Island (Calayan) (Cagayan),Ms,TECTONIC
301,2025-12-25 01:37:46+00:00,10.95,123.92,3,2.5,012 km S 32° W of City Of Bogo (Cebu),Ms,TECTONIC
302,2025-12-25 00:01:59+00:00,17.51,120.74,28,2.1,004 km S 32° E of Bucay (Abra),Ms,TECTONIC
303,2025-12-24 22:20:01+00:00,12.8,122.99,8,2.2,030 km S 69° W of Claveria (Masbate),Ms,TECTONIC
304,2025-12-24 22:06:09+00:00,9.71,126.21,13,2.6,010 km S 36° E of General Luna (Surigao Del Norte),Ms,TECTONIC
305,2025-12-24 21:30:36+00:00,16.24,122.12,38,1.5,004 km S 06° W of Casiguran (Aurora),Ms,TECTONIC
306,2025-12-24 21:29:29+00:00,16.18,120.74,20,2.2,013 km N 09° W of San Nicolas (Pangasinan),Ms,TECTONIC
307,2025-12-24 21:23:08+00:00,12.82,122.98,6,2.8,031 km S 73° W of Claveria (Masbate),Ms,TECTONIC
308,2025-12-24 21:17:48+00:00,8.59,126.27,32,1.5,018 km N 68° E of Barobo (Surigao Del Sur),Ms,TECTONIC
309,2025-12-24 21:05:12+00:00,6.42,123.98,561,3.7,016 km S 27° W of Kalamansig (Sultan Kudarat),Ms,TECTONIC
310,2025-12-24 20:56:16+00:00,8.53,122.56,25,2.8,047 km N 16° W of Liloy (Zamboanga Del Norte),Ms,TECTONIC
311,2025-12-24 20:50:58+00:00,10.39,125.11,1,3.1,009 km S 84° W of Hinunangan (Southern Leyte),Ms,TECTONIC
312,2025-12-24 20:48:03+00:00,11.14,124.01,18,2.6,011 km N 19° E of City Of Bogo (Cebu),Ms,TECTONIC
313,2025-12-24 20:01:03+00:00,12.86,120.92,2,2.7,016 km N 82° E of Sablayan (Occidental Mindoro),Ms,TECTONIC
314,2025-12-24 19:52:06+00:00,8.51,122.58,25,2.0,045 km N 13° W of Liloy (Zamboanga Del Norte),Ms,TECTONIC
315,2025-12-24 19:08:31+00:00,7.34,126.6,13,3.5,016 km N 27° E of Manay (Davao Oriental),Ms,TECTONIC
316,2025-12-24 17:58:50+00:00,10.81,124.33,25,1.6,017 km S 41° W of Isabel (Leyte),Ms,TECTONIC
317,2025-12-24 17:29:28+00:00,12.86,123.06,13,2.0,020 km S 78° W of Claveria (Masbate),Ms,TECTONIC
318,2025-12-24 17:25:24+00:00,15.77,122.0,3,2.1,041 km S 07° E of Dinalungan (Aurora),Ms,TECTONIC
319,2025-12-24 17:21:11+00:00,8.35,127.73,32,2.1,149 km N 77° E of Lingig (Surigao Del Sur),Ms,TECTONIC
320,2025-12-24 17:00:53+00:00,9.9,124.26,35,1.9,002 km N 30° W of Dagohoy (Bohol),Ms,TECTONIC
321,2025-12-24 16:49:02+00:00,12.82,123.02,16,2.3,026 km S 69° W of Claveria (Masbate),Ms,TECTONIC
322,2025-12-24 16:30:52+00:00,7.82,126.03,23,1.9,002 km S 81° W of Monkayo (Davao De Oro),Ms,TECTONIC
323,2025-12-24 16:08:25+00:00,7.62,124.96,7,2.5,005 km N 79° W of Dangcagan (Bukidnon),Ms,TECTONIC
324,2025-12-24 15:59:41+00:00,10.41,125.2,1,2.7,002 km N 11° W of Hinunangan (Southern Leyte),Ms,TECTONIC
325,2025-12-24 15:48:32+00:00,8.96,122.49,16,3.0,053 km S 18° W of Basay (Negros Oriental),Ms,TECTONIC
326,2025-12-24 15:08:57+00:00,12.98,123.2,2,1.9,010 km N 31° W of Claveria (Masbate),Ms,TECTONIC
327,2025-12-24 14:45:15+00:00,10.31,125.16,24,2.1,005 km N 34° E of Saint Bernard (Southern Leyte),Ms,TECTONIC
328,2025-12-24 14:36:53+00:00,12.88,123.21,27,2.1,007 km S 48° W of Claveria (Masbate),Ms,TECTONIC
329,2025-12-24 14:17:57+00:00,12.89,123.06,5,2.0,021 km S 87° W of Claveria (Masbate),Ms,TECTONIC
330,2025-12-24 14:06:48+00:00,11.15,124.13,7,2.7,021 km N 55° E of City Of Bogo (Cebu),Ms,TECTONIC
331,2025-12-24 12:33:25+00:00,11.09,121.01,15,2.4,010 km S 50° E of Agutaya (Palawan),Ms,TECTONIC
332,2025-12-24 12:30:24+00:00,12.75,123.02,2,2.0,029 km S 56° W of Claveria (Masbate),Ms,TECTONIC
333,2025-12-24 12:23:46+00:00,13.71,120.51,88,2.1,018 km S 45° W of Calatagan (Batangas),Ms,TECTONIC
334,2025-12-24 12:05:20+00:00,13.83,119.91,9,2.7,024 km S 83° W of Lubang (Occidental Mindoro),Ms,TECTONIC
335,2025-12-24 12:01:18+00:00,6.4,126.83,65,3.5,083 km S 30° E of Tarragona (Davao Oriental),Ms,TECTONIC
336,2025-12-24 10:43:36+00:00,4.95,127.23,15,3.2,205 km S 59° E of Jose Abad Santos (Davao Occidental),Ms,TECTONIC
337,2025-12-24 10:22:09+00:00,13.0,123.0,3,2.0,029 km N 68° W of Claveria (Masbate),Ms,TECTONIC
338,2025-12-24 10:14:37+00:00,9.48,126.16,57,2.0,026 km S 55° E of Socorro (Surigao Del Norte),Ms,TECTONIC
339,2025-12-24 10:09:43+00:00,12.92,123.12,8,1.8,013 km N 82° W of Claveria (Masbate),Ms,TECTONIC
340,2025-12-24 10:01:56+00:00,17.87,119.35,20,2.5,112 km N 74° W of Santa Catalina (Ilocos Sur),Ms,TECTONIC
341,2025-12-24 09:58:39+00:00,12.99,123.09,6,1.9,020 km N 62° W of Claveria (Masbate),Ms,TECTONIC
342,2025-12-24 09:51:46+00:00,12.84,122.99,5,2.0,028 km S 77° W of Claveria (Masbate),Ms,TECTONIC
343,2025-12-24 09:04:20+00:00,12.76,123.01,3,1.7,008 km S 26° W of Claveria (Masbate),Ms,TECTONIC
344,2025-12-24 09:01:35+00:00,12.73,123.07,2,2.1,027 km S 44° W of Claveria (Masbate),Ms,TECTONIC
345,2025-12-24 08:51:37+00:00,11.17,124.24,9,2.7,017 km S 76° W of Villaba (Leyte),Ms,TECTONIC
346,2025-12-24 08:34:07+00:00,11.02,124.06,2,2.6,009 km S 73° E of City Of Bogo (Cebu),Ms,TECTONIC
347,2025-12-24 08:13:11+00:00,7.13,126.9,19,2.4,040 km S 77° E of Manay (Davao Oriental),Ms,TECTONIC
348,2025-12-24 07:55:10+00:00,10.43,126.12,14,2.6,045 km N 06° E of Burgos (Surigao Del Norte),Ms,TECTONIC
349,2025-12-24 07:13:20+00:00,8.86,126.33,30,1.4,007 km S 30° E of Cagwait (Surigao Del Sur),Ms,TECTONIC
350,2025-12-24 06:43:22+00:00,12.89,123.06,11,2.0,021 km S 86° W of Claveria (Masbate),Ms,TECTONIC
351,2025-12-24 06:33:36+00:00,12.82,123.0,7,2.3,029 km S 71° W of Claveria (Masbate),Ms,TECTONIC
352,2025-12-24 06:29:53+00:00,15.01,119.69,34,1.9,041 km S 82° W of San Felipe (Zambales),Ms,TECTONIC
353,2025-12-24 06:22:47+00:00,12.91,123.06,9,1.8,020 km N 88° W of Claveria (Masbate),Ms,TECTONIC
354,2025-12-24 06:16:42+00:00,12.92,123.07,9,1.9,019 km N 83° W of Claveria (Masbate),Ms,TECTONIC
355,2025-12-24 05:58:23+00:00,7.71,126.53,23,2.1,013 km S 44° E of Cateel (Davao Oriental),Ms,TECTONIC
356,2025-12-24 05:50:52+00:00,8.41,127.5,16,4.2,128 km N 88° E of Hinatuan (Surigao Del Sur),Ms,TECTONIC
357,2025-12-24 05:27:08+00:00,12.71,122.14,9,2.3,012 km N 35° E of Calatrava (Romblon),Ms,TECTONIC
358,2025-12-24 05:21:13+00:00,12.81,123.02,7,2.1,027 km S 67° W of Claveria (Masbate),Ms,TECTONIC
359,2025-12-24 04:49:29+00:00,12.84,123.01,8,2.0,026 km S 75° W of Claveria (Masbate),Ms,TECTONIC
360,2025-12-24 04:18:04+00:00,12.87,123.02,10,2.8,025 km S 82° W of Claveria (Masbate),Ms,TECTONIC
361,2025-12-24 04:13:47+00:00,8.41,126.52,26,2.0,021 km N 76° E of Hinatuan (Surigao Del Sur),Ms,TECTONIC
362,2025-12-24 04:12:11+00:00,12.88,124.12,9,1.6,004 km N 51° W of Barcelona (Sorsogon),Ms,TECTONIC
363,2025-12-24 03:54:18+00:00,12.87,123.02,6,1.9,025 km S 82° W of Claveria (Masbate),Ms,TECTONIC
364,2025-12-24 03:28:23+00:00,12.9,123.02,5,2.2,024 km S 89° W of Claveria (Masbate),Ms,TECTONIC
365,2025-12-24 03:19:06+00:00,12.9,123.0,5,2.2,027 km S 89° W of Claveria (Masbate),Ms,TECTONIC
366,2025-12-24 03:09:40+00:00,6.77,125.1,5,2.6,006 km N 78° W of Magsaysay (Davao Del Sur),Ms,TECTONIC
367,2025-12-24 03:01:33+00:00,12.86,123.01,4,2.2,026 km S 81° W of Claveria (Masbate),Ms,TECTONIC
368,2025-12-24 02:58:58+00:00,12.85,123.01,7,2.0,027 km S 77° W of Claveria (Masbate),Ms,TECTONIC
369,2025-12-24 02:52:56+00:00,12.86,123.0,3,2.7,027 km S 79° W of Claveria (Masbate),Ms,TECTONIC
370,2025-12-24 02:50:34+00:00,12.85,122.99,10,3.1,028 km S 79° W of Claveria (Masbate),Ms,TECTONIC
371,2025-12-24 02:46:31+00:00,12.9,123.07,11,2.5,019 km S 89° W of Claveria (Masbate),Ms,TECTONIC
372,2025-12-24 02:02:33+00:00,7.25,123.55,8,2.6,028 km S 32° E of Tabina (Zamboanga Del Sur),Ms,TECTONIC
373,2025-12-24 01:26:13+00:00,9.62,126.21,32,1.7,019 km S 20° E of General Luna (Surigao Del Norte),Ms,TECTONIC
374,2025-12-24 01:22:52+00:00,12.91,123.05,7,2.5,021 km N 88° W of Claveria (Masbate),Ms,TECTONIC
375,2025-12-24 00:57:15+00:00,10.55,125.94,19,2.8,032 km S 48° E of Homonhon Island (Guiuan) (Eastern Samar),Ms,TECTONIC
376,2025-12-24 00:03:28+00:00,9.55,126.24,27,1.7,027 km S 19° E of General Luna (Surigao Del Norte),Ms,TECTONIC
377,2025-12-23 23:37:50+00:00,14.99,120.04,28,1.4,005 km S 56° W of San Narciso (Zambales),Ms,TECTONIC
378,2025-12-23 23:36:16+00:00,18.33,120.69,8,2.5,008 km S 83° E of Pasuquin (Ilocos Norte),Ms,TECTONIC
379,2025-12-23 23:28:05+00:00,8.5,123.32,31,2.0,006 km S 57° W of Polanco (Zamboanga Del Norte),Ms,TECTONIC
380,2025-12-23 22:59:18+00:00,9.24,125.77,9,1.9,022 km S 85° W of Madrid (Surigao Del Sur),Ms,TECTONIC
381,2025-12-23 22:48:39+00:00,8.82,126.69,15,2.0,043 km N 87° E of Marihatag (Surigao Del Sur),Ms,TECTONIC
382,2025-12-23 21:36:24+00:00,14.53,120.4,135,2.0,009 km S 02° E of Bagac (Bataan),Ms,TECTONIC
383,2025-12-23 20:24:16+00:00,13.62,123.11,2,2.3,004 km N 43° E of Pamplona (Camarines Sur),Ms,TECTONIC
384,2025-12-23 20:00:33+00:00,13.7,123.24,33,2.4,003 km S 78° E of Calabanga (Camarines Sur),Ms,TECTONIC
385,2025-12-23 19:27:38+00:00,12.27,122.44,19,2.8,018 km S 79° W of San Fernando (Romblon),Ms,TECTONIC
386,2025-12-23 18:02:17+00:00,15.1,122.02,8,2.5,029 km N 11° E of Burdeos (Quezon),Ms,TECTONIC
387,2025-12-23 17:45:46+00:00,10.27,125.11,19,2.1,004 km S 80° W of Saint Bernard (Southern Leyte),Ms,TECTONIC
388,2025-12-23 17:33:07+00:00,8.47,126.94,2,2.8,067 km N 80° E of Hinatuan (Surigao Del Sur),Ms,TECTONIC
389,2025-12-23 16:50:19+00:00,9.69,126.18,13,2.0,010 km S 16° E of General Luna (Surigao Del Norte),Ms,TECTONIC
390,2025-12-23 16:39:37+00:00,18.06,120.39,10,2.9,011 km N 68° W of Currimao (Ilocos Norte),Ms,TECTONIC
391,2025-12-23 16:07:23+00:00,6.45,126.52,80,2.5,054 km S 66° E of Governor Generoso (Davao Oriental),Ms,TECTONIC
392,2025-12-23 13:48:12+00:00,8.46,127.54,38,2.6,132 km N 70° E of Lingig (Surigao Del Sur),Ms,TECTONIC
393,2025-12-23 11:50:42+00:00,7.62,126.19,43,1.8,010 km N 38° E of New Bataan (Davao De Oro),Ms,TECTONIC
394,2025-12-23 09:56:44+00:00,9.82,123.89,1,1.6,005 km N 11° W of Antequera (Bohol),Ms,TECTONIC
395,2025-12-23 08:00:15+00:00,7.87,126.26,117,2.3,025 km S 42° W of Lingig (Surigao Del Sur),Ms,TECTONIC
396,2025-12-23 07:28:49+00:00,8.47,125.82,39,3.1,004 km N 56° E of Talacogon (Agusan Del Sur),Ms,TECTONIC
397,2025-12-23 07:01:21+00:00,11.09,123.93,9,2.1,007 km N 52° W of City Of Bogo (Cebu),Ms,TECTONIC
398,2025-12-23 06:39:10+00:00,11.0,123.93,1,2.2,008 km S 48° W of City Of Bogo (Cebu),Ms,TECTONIC
399,2025-12-23 05:41:32+00:00,8.51,126.56,14,2.8,030 km N 57° E of Hinatuan (Surigao Del Sur),Ms,TECTONIC
400,2025-12-23 05:28:40+00:00,9.0,126.21,39,1.8,004 km S 57° W of Tago (Surigao Del Sur),Ms,TECTONIC
401,2025-12-23 04:32:03+00:00,13.1,124.04,33,1.4,013 km S 44° W of Rapu-rapu (Albay),Ms,TECTONIC
402,2025-12-23 04:23:09+00:00,13.17,124.28,10,2.1,016 km S 83° E of Rapu-rapu (Albay),Ms,TECTONIC
403,2025-12-23 04:05:53+00:00,10.92,123.98,3,2.7,014 km S 01° W of City Of Bogo (Cebu),Ms,TECTONIC
404,2025-12-23 03:36:08+00:00,8.58,125.79,9,2.3,014 km S 80° W of Prosperidad (Agusan Del Sur),Ms,TECTONIC
405,2025-12-23 01:02:39+00:00,7.23,126.74,19,2.8,022 km N 85° E of Manay (Davao Oriental),Ms,TECTONIC
406,2025-12-23 00:52:27+00:00,8.68,126.4,17,3.4,017 km S 38° E of Marihatag (Surigao Del Sur),Ms,TECTONIC
407,2025-12-22 23:44:43+00:00,5.86,126.09,146,3.0,050 km S 84° E of Jose Abad Santos (Davao Occidental),Ms,TECTONIC
408,2025-12-22 21:53:04+00:00,8.58,126.62,17,3.0,039 km N 53° E of Hinatuan (Surigao Del Sur),Ms,TECTONIC
409,2025-12-22 21:25:00+00:00,13.5,119.93,30,1.7,042 km S 56° W of Looc (Occidental Mindoro),Ms,TECTONIC
410,2025-12-22 21:19:36+00:00,13.53,120.12,27,1.6,025 km S 35° W of Looc (Occidental Mindoro),Ms,TECTONIC
411,2025-12-22 20:56:18+00:00,14.15,120.04,37,1.7,034 km N 15° W of Lubang (Occidental Mindoro),Ms,TECTONIC
412,2025-12-22 16:41:47+00:00,7.27,126.73,13,2.2,022 km N 73° E of Manay (Davao Oriental),Ms,TECTONIC
413,2025-12-22 16:04:05+00:00,6.27,124.9,1,3.0,010 km N 54° E of T'boli (South Cotabato),Ms,TECTONIC
414,2025-12-22 15:42:40+00:00,9.29,123.17,4,4.2,009 km N 83° W of Valencia (Negros Oriental),Ms,TECTONIC
415,2025-12-22 15:19:09+00:00,13.88,120.31,47,1.7,019 km N 19° E of Looc (Occidental Mindoro),Ms,TECTONIC
416,2025-12-22 14:40:15+00:00,8.38,127.23,8,2.6,098 km N 89° E of Hinatuan (Surigao Del Sur),Ms,TECTONIC
417,2025-12-22 14:34:01+00:00,11.14,124.13,11,2.3,019 km N 59° E of City Of Bogo (Cebu),Ms,TECTONIC
418,2025-12-22 12:09:26+00:00,8.61,125.86,10,2.8,016 km S 46° E of City Of Bayugan (Agusan Del Sur),Ms,TECTONIC
419,2025-12-22 11:32:02+00:00,7.54,126.62,21,2.1,008 km S 59° E of Baganga (Davao Oriental),Ms,TECTONIC
420,2025-12-22 09:20:29+00:00,10.98,123.96,5,2.8,008 km S 15° W of City Of Bogo (Cebu),Ms,TECTONIC
421,2025-12-22 08:55:24+00:00,15.39,122.11,26,1.6,060 km N 33° E of Panukulan (Quezon),Ms,TECTONIC
422,2025-12-22 08:20:52+00:00,15.44,119.74,14,2.3,019 km N 89° W of Palauig (Zambales),Ms,TECTONIC
423,2025-12-22 07:25:27+00:00,16.24,119.81,16,3.3,014 km N 06° E of Agno (Pangasinan),Ms,TECTONIC
424,2025-12-22 07:11:07+00:00,9.67,126.13,34,1.5,012 km S 13° W of General Luna (Surigao Del Norte),Ms,TECTONIC
425,2025-12-22 06:59:43+00:00,16.59,120.27,23,2.1,006 km S 58° W of City Of San Fernando (La Union),Ms,TECTONIC
426,2025-12-22 04:47:31+00:00,9.52,124.02,8,2.9,008 km S 08° E of Loay (Bohol),Ms,TECTONIC
427,2025-12-22 04:15:35+00:00,18.31,122.19,10,2.9,017 km S 19° E of Santa Ana (Cagayan),Ms,TECTONIC
428,2025-12-22 04:11:00+00:00,11.1,123.88,29,2.0,012 km N 61° W of City Of Bogo (Cebu),Ms,TECTONIC
429,2025-12-22 04:08:44+00:00,11.11,124.08,8,3.3,013 km N 60° E of City Of Bogo (Cebu),Ms,TECTONIC
430,2025-12-22 03:01:43+00:00,7.82,126.45,18,1.5,003 km N 13° W of Cateel (Davao Oriental),Ms,TECTONIC
431,2025-12-22 02:25:48+00:00,4.78,126.84,5,3.1,170 km S 63° E of Sarangani Island (Municipality Of Sarangani) (Davao Occidental),Ms,TECTONIC
432,2025-12-22 02:14:45+00:00,8.02,124.86,10,1.5,018 km N 83° W of Lantapan (Bukidnon),Ms,TECTONIC
433,2025-12-22 01:14:15+00:00,8.48,127.42,31,4.0,120 km N 84° E of Hinatuan (Surigao Del Sur),Ms,TECTONIC
434,2025-12-21 23:11:21+00:00,7.0,126.63,25,3.6,026 km S 24° E of Manay (Davao Oriental),Ms,TECTONIC
435,2025-12-21 21:49:52+00:00,9.9,124.12,10,2.3,004 km S 63° E of Sagbayan (Bohol),Ms,TECTONIC
436,2025-12-21 21:42:12+00:00,6.3,126.79,2,2.3,089 km S 64° E of Governor Generoso (Davao Oriental),Ms,TECTONIC
437,2025-12-21 21:27:24+00:00,6.01,126.67,23,2.7,097 km S 43° E of Governor Generoso (Davao Oriental),Ms,TECTONIC
438,2025-12-21 21:08:36+00:00,7.95,126.66,14,2.1,029 km S 71° E of Lingig (Surigao Del Sur),Ms,TECTONIC
439,2025-12-21 21:07:48+00:00,8.4,127.31,15,2.0,107 km N 88° E of Hinatuan (Surigao Del Sur),Ms,TECTONIC
440,2025-12-21 20:58:08+00:00,8.37,127.63,11,2.6,142 km N 90° E of Hinatuan (Surigao Del Sur),Ms,TECTONIC
441,2025-12-21 20:29:56+00:00,9.09,122.69,17,2.4,033 km S 35° W of Santa Catalina (Negros Oriental),Ms,TECTONIC
442,2025-12-21 19:53:39+00:00,9.66,126.38,12,2.2,028 km S 60° E of General Luna (Surigao Del Norte),Ms,TECTONIC
443,2025-12-21 19:38:15+00:00,8.45,127.33,19,2.8,110 km N 85° E of Hinatuan (Surigao Del Sur),Ms,TECTONIC
444,2025-12-21 18:23:09+00:00,7.14,122.73,14,2.2,023 km S 35° W of Olutanga (Zamboanga Sibugay),Ms,TECTONIC
445,2025-12-21 18:10:46+00:00,8.35,127.22,35,2.4,097 km S 89° E of Hinatuan (Surigao Del Sur),Ms,TECTONIC
446,2025-12-21 18:10:15+00:00,8.32,127.25,26,2.3,100 km S 87° E of Hinatuan (Surigao Del Sur),Ms,TECTONIC
447,2025-12-21 17:53:58+00:00,8.48,127.47,28,5.8,126 km N 84° E of Hinatuan (Surigao Del Sur),Mw,TECTONIC
448,2025-12-21 17:40:12+00:00,9.02,126.33,26,3.9,012 km N 17° E of Cagwait (Surigao Del Sur),Ms,TECTONIC
449,2025-12-21 17:12:54+00:00,19.85,121.35,15,2.7,070 km N 58° W of Babuyan Island (Calayan) (Cagayan),Ms,TECTONIC
450,2025-12-21 16:14:58+00:00,8.54,125.92,10,3.3,007 km S 01° E of Prosperidad (Agusan Del Sur),Ms,TECTONIC
451,2025-12-21 16:04:14+00:00,7.51,126.76,32,2.6,023 km S 72° E of Baganga (Davao Oriental),Ms,TECTONIC
452,2025-12-21 16:02:36+00:00,6.79,127.29,23,2.4,094 km S 60° E of Manay (Davao Oriental),Ms,TECTONIC
453,2025-12-21 15:53:53+00:00,7.87,122.89,29,2.0,015 km S 22° E of Godod (Zamboanga Del Norte),Ms,TECTONIC
454,2025-12-21 13:05:44+00:00,9.71,126.16,23,2.6,008 km S 01° E of General Luna (Surigao Del Norte),Ms,TECTONIC
455,2025-12-21 11:32:13+00:00,7.53,126.74,25,3.2,042 km N 32° E of Manay (Davao Oriental),Ms,TECTONIC
456,2025-12-21 10:43:56+00:00,19.56,120.48,9,2.5,091 km N 57° W of Dalupiri Island (Calayan) (Cagayan),Ms,TECTONIC
457,2025-12-21 10:38:18+00:00,19.96,121.18,11,3.2,084 km S 61° W of Sabtang (Batanes),Ms,TECTONIC
458,2025-12-21 10:14:33+00:00,9.67,126.33,32,1.6,023 km S 56° E of General Luna (Surigao Del Norte),Ms,TECTONIC
459,2025-12-21 10:12:34+00:00,8.0,122.79,26,1.5,006 km S 87° W of Godod (Zamboanga Del Norte),Ms,TECTONIC
460,2025-12-21 09:44:48+00:00,8.47,123.38,8,2.0,007 km S 18° E of Polanco (Zamboanga Del Norte),Ms,TECTONIC
461,2025-12-21 07:33:56+00:00,20.07,121.19,12,3.5,077 km S 67° W of Sabtang (Batanes),Ms,TECTONIC
462,2025-12-21 07:00:15+00:00,8.08,126.39,99,2.1,005 km N 26° W of Lingig (Surigao Del Sur),Ms,TECTONIC
463,2025-12-21 04:17:15+00:00,11.03,124.0,35,1.5,003 km S 57° E of City Of Bogo (Cebu),Ms,TECTONIC
464,2025-12-21 03:47:35+00:00,7.71,126.11,33,2.0,005 km N 34° E of Compostela (Davao De Oro),Ms,TECTONIC
465,2025-12-21 03:28:37+00:00,13.54,121.28,3,2.4,014 km S 33° E of Lobo (Batangas),Ms,TECTONIC
466,2025-12-21 03:12:33+00:00,11.16,124.43,7,2.1,006 km S 36° E of Villaba (Leyte),Ms,TECTONIC
467,2025-12-21 02:55:39+00:00,11.01,123.98,12,1.9,004 km S 05° W of City Of Bogo (Cebu),Ms,TECTONIC
468,2025-12-21 02:49:08+00:00,13.29,125.77,53,3.5,106 km N 32° E of Mapanas (Northern Samar),Ms,TECTONIC
469,2025-12-21 02:41:35+00:00,19.82,121.4,9,3.1,062 km N 08° W of Calayan (Cagayan),Ms,TECTONIC
470,2025-12-21 02:38:48+00:00,8.49,123.17,7,2.3,008 km S 65° W of President Manuel A. Roxas (Zamboanga Del Norte),Ms,TECTONIC
471,2025-12-21 02:14:27+00:00,9.68,123.69,9,1.7,013 km N 34° W of Panglao (Bohol),Ms,TECTONIC
472,2025-12-21 02:09:40+00:00,13.41,120.17,3,3.2,031 km S 89° W of Paluan (Occidental Mindoro),Ms,TECTONIC
473,2025-12-21 00:01:02+00:00,8.51,126.96,3,3.6,070 km N 77° E of Hinatuan (Surigao Del Sur),Ms,TECTONIC
474,2025-12-20 23:46:51+00:00,10.94,123.87,3,2.0,017 km S 43° W of City Of Bogo (Cebu),Ms,TECTONIC
475,2025-12-20 22:24:39+00:00,7.12,127.04,16,2.3,057 km S 79° E of Manay (Davao Oriental),Ms,TECTONIC
476,2025-12-20 22:17:29+00:00,9.66,126.94,5,3.0,087 km S 81° E of General Luna (Surigao Del Norte),Ms,TECTONIC
477,2025-12-20 21:13:20+00:00,18.4,121.33,10,2.1,007 km S 09° W of Pamplona (Cagayan),Ms,TECTONIC
478,2025-12-20 21:10:37+00:00,12.79,120.88,1,2.3,012 km S 63° E of Sablayan (Occidental Mindoro),Ms,TECTONIC
479,2025-12-20 20:58:49+00:00,9.37,126.36,17,2.1,021 km N 59° E of Cortes (Surigao Del Sur),Ms,TECTONIC
480,2025-12-20 19:37:53+00:00,10.08,126.11,23,2.2,008 km N 31° E of Burgos (Surigao Del Norte),Ms,TECTONIC
481,2025-12-20 19:34:22+00:00,10.08,126.18,9,2.4,014 km N 60° E of Burgos (Surigao Del Norte),Ms,TECTONIC
482,2025-12-20 18:20:58+00:00,11.22,124.19,2,2.1,029 km N 48° W of Palompon (Leyte),Ms,TECTONIC
483,2025-12-20 17:27:45+00:00,9.23,125.7,11,2.3,016 km S 74° E of Santiago (Agusan Del Norte),Ms,TECTONIC
484,2025-12-20 16:45:48+00:00,7.76,126.63,38,1.5,020 km S 82° E of Cateel (Davao Oriental),Ms,TECTONIC
485,2025-12-20 16:22:16+00:00,8.62,122.57,34,2.0,056 km N 12° W of Liloy (Zamboanga Del Norte),Ms,TECTONIC
486,2025-12-20 16:05:04+00:00,14.16,120.41,110,1.4,026 km N 70° W of Nasugbu (Batangas),Ms,TECTONIC
487,2025-12-20 14:30:40+00:00,13.73,120.64,104,1.8,012 km S 03° E of Calatagan (Batangas),Ms,TECTONIC
488,2025-12-20 14:14:19+00:00,8.56,122.39,33,2.3,057 km N 15° W of Labason (Zamboanga Del Norte),Ms,TECTONIC
489,2025-12-20 14:03:55+00:00,15.09,122.0,20,2.0,027 km N 49° E of Panukulan (Quezon),Ms,TECTONIC
490,2025-12-20 11:43:34+00:00,17.53,120.86,10,2.6,006 km S 42° W of Licuan,Ms,TECTONIC
491,2025-12-20 11:34:35+00:00,16.01,121.5,21,1.7,018 km N 12° W of Dipaculao (Aurora),Ms,TECTONIC
492,2025-12-20 09:26:35+00:00,7.36,126.7,16,3.6,024 km N 48° E of Manay (Davao Oriental),Ms,TECTONIC
493,2025-12-20 09:19:34+00:00,11.37,125.57,1,2.8,017 km S 25° E of Maydolong (Eastern Samar),Ms,TECTONIC
494,2025-12-20 09:04:54+00:00,9.56,126.04,2,1.8,011 km S 49° E of Socorro (Surigao Del Norte),Ms,TECTONIC
495,2025-12-20 08:07:55+00:00,8.09,125.98,10,2.2,004 km N 55° E of Veruela (Agusan Del Sur),Ms,TECTONIC
496,2025-12-20 06:56:47+00:00,7.44,126.92,9,2.2,049 km N 59° E of Manay (Davao Oriental),Ms,TECTONIC
497,2025-12-20 06:07:04+00:00,13.64,120.6,90,1.7,021 km S 09° W of Calatagan (Batangas),Ms,TECTONIC
498,2025-12-20 05:52:33+00:00,10.3,126.35,19,3.9,044 km N 45° E of Burgos (Surigao Del Norte),Ms,TECTONIC
499,2025-12-20 05:51:35+00:00,17.55,120.33,12,1.8,005 km S 43° W of Santa Catalina (Ilocos Sur),Ms,TECTONIC
500,2025-12-20 04:59:04+00:00,11.04,120.32,24,2.3,065 km N 34° E of Araceli (Palawan),Ms,TECTONIC
501,2025-12-20 03:05:30+00:00,10.93,124.0,18,2.3,013 km S 10° E of City Of Bogo (Cebu),Ms,TECTONIC
502,2025-12-20 02:28:20+00:00,9.68,126.19,28,2.1,012 km S 20° E of General Luna (Surigao Del Norte),Ms,TECTONIC
503,2025-12-20 01:22:04+00:00,8.69,126.09,6,2.0,006 km N 07° W of Lianga (Surigao Del Sur),Ms,TECTONIC
504,2025-12-19 23:56:50+00:00,11.08,124.09,6,2.4,013 km N 74° E of City Of Bogo (Cebu),Ms,TECTONIC
505,2025-12-19 23:08:19+00:00,8.55,126.94,10,2.1,070 km N 73° E of Hinatuan (Surigao Del Sur),Ms,TECTONIC
506,2025-12-19 22:16:27+00:00,8.56,126.83,1,2.9,059 km N 68° E of Hinatuan (Surigao Del Sur),Ms,TECTONIC
507,2025-12-19 21:29:04+00:00,10.93,123.91,5,1.5,015 km S 30° W of City Of Bogo (Cebu),Ms,TECTONIC
508,2025-12-19 20:48:36+00:00,18.4,120.34,4,2.7,030 km N 75° W of Pasuquin (Ilocos Norte),Ms,TECTONIC
509,2025-12-19 20:30:10+00:00,10.23,126.25,18,2.0,030 km N 39° E of Burgos (Surigao Del Norte),Ms,TECTONIC
510,2025-12-19 20:12:26+00:00,10.26,126.21,11,3.3,031 km N 28° E of Burgos (Surigao Del Norte),Ms,TECTONIC
511,2025-12-19 20:08:38+00:00,8.56,126.87,2,2.6,062 km N 70° E of Hinatuan (Surigao Del Sur),Ms,TECTONIC
512,2025-12-19 19:53:14+00:00,14.59,120.09,20,2.4,022 km S 64° W of Morong (Bataan),Ms,TECTONIC
513,2025-12-19 19:05:36+00:00,11.44,124.49,3,2.4,003 km S 26° E of Biliran (Biliran),Ms,TECTONIC
514,2025-12-19 18:54:39+00:00,13.76,120.6,91,1.6,009 km S 23° W of Calatagan (Batangas),Ms,TECTONIC
515,2025-12-19 17:53:56+00:00,13.56,120.97,2,1.8,007 km N 13° E of Puerto Galera (Oriental Mindoro),Ms,TECTONIC
516,2025-12-19 17:25:38+00:00,9.36,125.66,3,2.5,013 km S 42° E of Kitcharao (Agusan Del Norte),Ms,TECTONIC
517,2025-12-19 17:14:04+00:00,8.65,127.13,1,3.2,093 km N 71° E of Hinatuan (Surigao Del Sur),Ms,TECTONIC
518,2025-12-19 17:08:16+00:00,10.03,125.23,34,1.4,008 km S 73° E of San Francisco (Southern Leyte),Ms,TECTONIC
519,2025-12-19 16:51:18+00:00,8.65,127.12,1,4.4,092 km N 70° E of Hinatuan (Surigao Del Sur),Ms,TECTONIC
520,2025-12-19 16:34:51+00:00,5.69,126.78,24,3.1,133 km S 36° E of Governor Generoso (Davao Oriental),Ms,TECTONIC
521,2025-12-19 15:43:23+00:00,9.18,126.33,23,3.0,021 km N 31° E of Tago (Surigao Del Sur),Ms,TECTONIC
522,2025-12-19 15:36:10+00:00,16.77,120.87,32,1.5,006 km S 54° E of Buguias (Benguet),Ms,TECTONIC
523,2025-12-19 14:51:35+00:00,7.49,126.68,23,3.9,016 km S 56° E of Baganga (Davao Oriental),Ms,TECTONIC
524,2025-12-19 14:39:06+00:00,9.23,126.79,13,2.8,063 km N 58° E of Cagwait (Surigao Del Sur),Ms,TECTONIC
525,2025-12-19 23:56:50+00:00,11.08,124.09,6,2.4,013 km N 74° E of City Of Bogo (Cebu),Ms,TECTONIC
526,2025-12-19 14:30:50+00:00,7.97,126.67,41,1.3,029 km S 74° E of Lingig (Surigao Del Sur),Ms,TECTONIC
527,2025-12-19 13:32:50+00:00,8.43,124.7,30,1.4,007 km N 09° E of Libona (Bukidnon),Ms,TECTONIC
528,2025-12-19 13:21:23+00:00,10.28,126.37,30,1.5,043 km N 47° E of Burgos (Surigao Del Norte),Ms,TECTONIC
529,2025-12-19 12:32:25+00:00,13.2,121.41,26,1.4,007 km N 29° W of Pola (Oriental Mindoro),Ms,TECTONIC
530,2025-12-19 12:19:43+00:00,11.11,123.95,12,1.5,008 km N 23° W of City Of Bogo (Cebu),Ms,TECTONIC
531,2025-12-19 12:09:01+00:00,9.62,122.68,18,2.0,024 km N 85° E of Hinoba-an (Negros Occidental),Ms,TECTONIC
532,2025-12-19 11:51:40+00:00,8.61,127.09,5,2.3,087 km N 72° E of Hinatuan (Surigao Del Sur),Ms,TECTONIC
533,2025-12-19 11:51:16+00:00,12.42,125.33,7,2.5,010 km S 52° E of Mapanas (Northern Samar),Ms,TECTONIC
534,2025-12-19 11:29:50+00:00,8.99,126.48,29,2.2,021 km N 68° E of Cagwait (Surigao Del Sur),Ms,TECTONIC
535,2025-12-19 11:15:16+00:00,8.6,127.16,1,3.1,094 km N 74° E of Hinatuan (Surigao Del Sur),Ms,TECTONIC
536,2025-12-19 10:47:52+00:00,8.65,126.9,1,3.5,070 km N 63° E of Hinatuan (Surigao Del Sur),Ms,TECTONIC
537,2025-12-19 10:25:32+00:00,8.31,123.41,26,1.4,011 km N 83° W of Sergio Osmeña Sr. (Zamboanga Del Norte),Ms,TECTONIC
538,2025-12-19 10:22:17+00:00,8.59,127.14,1,2.8,091 km N 75° E of Hinatuan (Surigao Del Sur),Ms,TECTONIC
539,2025-12-19 09:54:26+00:00,9.44,126.47,2,2.7,035 km N 59° E of Cortes (Surigao Del Sur),Ms,TECTONIC
540,2025-12-19 08:54:41+00:00,10.64,125.55,22,3.5,023 km S 59° W of Homonhon Island (Guiuan) (Eastern Samar),Ms,TECTONIC
541,2025-12-19 08:46:51+00:00,8.58,126.99,9,2.1,076 km N 72° E of Hinatuan (Surigao Del Sur),Ms,TECTONIC
542,2025-12-19 08:45:36+00:00,8.55,126.92,25,1.9,067 km N 73° E of Hinatuan (Surigao Del Sur),Ms,TECTONIC
543,2025-12-19 08:18:19+00:00,8.42,122.55,17,1.5,036 km N 22° W of Liloy (Zamboanga Del Norte),Ms,TECTONIC
544,2025-12-19 07:53:12+00:00,14.16,120.28,48,1.8,037 km N 26° E of Lubang (Occidental Mindoro),Ms,TECTONIC
545,2025-12-19 06:52:30+00:00,8.76,126.39,30,1.5,011 km S 64° E of Marihatag (Surigao Del Sur),Ms,TECTONIC
546,2025-12-19 06:36:35+00:00,8.37,126.16,33,1.9,010 km S 01° E of Tagbina (Surigao Del Sur),Ms,TECTONIC
547,2025-12-19 06:00:06+00:00,13.35,120.06,34,1.9,045 km S 27° W of Looc (Occidental Mindoro),Ms,TECTONIC
548,2025-12-19 05:33:24+00:00,19.52,120.76,4,4.2,066 km N 46° W of Dalupiri Island (Calayan) (Cagayan),Ms,TECTONIC
549,2025-12-19 05:32:01+00:00,8.82,126.38,44,3.1,009 km N 78° E of Marihatag (Surigao Del Sur),Ms,TECTONIC
550,2025-12-19 05:28:46+00:00,9.74,126.19,30,2.0,006 km S 39° E of General Luna (Surigao Del Norte),Ms,TECTONIC
551,2025-12-19 05:25:52+00:00,7.67,126.61,44,4.9,012 km N 25° E of Baganga (Davao Oriental),Ms,TECTONIC
552,2025-12-19 04:28:52+00:00,9.72,126.3,20,2.2,017 km S 67° E of General Luna (Surigao Del Norte),Ms,TECTONIC
553,2025-12-19 04:23:00+00:00,8.62,127.07,17,2.4,086 km N 71° E of Hinatuan (Surigao Del Sur),Ms,TECTONIC
554,2025-12-19 04:02:31+00:00,8.68,127.25,3,5.0,107 km N 71° E of Hinatuan (Surigao Del Sur),Mw,TECTONIC
555,2025-12-19 02:13:41+00:00,9.03,126.53,28,1.7,028 km N 65° E of Cagwait (Surigao Del Sur),Ms,TECTONIC
556,2025-12-19 01:29:43+00:00,11.17,124.19,29,2.4,027 km N 60° E of City Of Bogo (Cebu),Ms,TECTONIC
557,2025-12-18 23:43:05+00:00,15.95,118.91,19,3.4,088 km S 77° W of Agno (Pangasinan),Ms,TECTONIC
558,2025-12-18 23:37:47+00:00,6.78,127.12,2,2.8,081 km S 54° E of Manay (Davao Oriental),Ms,TECTONIC
559,2025-12-18 23:10:10+00:00,13.68,120.64,99,1.6,016 km S 03° E of Calatagan (Batangas),Ms,TECTONIC
560,2025-12-18 23:05:31+00:00,9.48,126.04,7,1.6,016 km N 37° E of Carrascal (Surigao Del Sur),Ms,TECTONIC
561,2025-12-18 21:32:14+00:00,6.86,127.1,3,3.4,073 km S 58° E of Manay (Davao Oriental),Ms,TECTONIC
562,2025-12-18 21:27:31+00:00,6.81,127.18,3,3.8,084 km S 58° E of Manay (Davao Oriental),Ms,TECTONIC
563,2025-12-18 21:20:30+00:00,6.9,126.47,22,3.4,017 km S 09° E of Tarragona (Davao Oriental),Ms,TECTONIC
564,2025-12-18 21:19:37+00:00,6.8,127.34,44,4.4,100 km S 63° E of Manay (Davao Oriental),Mw,TECTONIC
565,2025-12-18 20:29:58+00:00,18.97,121.11,20,4.1,018 km S 34° W of Dalupiri Island (Calayan) (Cagayan),Ms,TECTONIC
566,2025-12-18 20:27:41+00:00,6.95,127.25,16,3.6,083 km S 70° E of Manay (Davao Oriental),Ms,TECTONIC
567,2025-12-18 20:21:23+00:00,6.87,127.63,11,3.9,121 km S 72° E of Manay (Davao Oriental),Ms,TECTONIC
568,2025-12-18 20:11:27+00:00,15.07,119.88,23,2.3,021 km N 89° W of San Felipe (Zambales),Ms,TECTONIC
569,2025-12-18 20:01:16+00:00,7.96,124.3,8,2.5,005 km S 26° E of City Of Marawi (Lanao Del Sur),Ms,TECTONIC
570,2025-12-18 19:44:32+00:00,15.03,119.79,11,2.3,031 km S 84° W of San Felipe (Zambales),Ms,TECTONIC
571,2025-12-18 19:41:57+00:00,8.95,126.23,39,3.1,006 km S 68° W of Bayabas (Surigao Del Sur),Ms,TECTONIC
572,2025-12-18 19:32:53+00:00,5.24,127.11,34,4.3,184 km S 82° E of Sarangani Island (Municipality Of Sarangani) (Davao Occidental),Ms,TECTONIC
573,2025-12-18 19:25:50+00:00,8.52,126.52,12,2.6,026 km N 51° E of Hinatuan (Surigao Del Sur),Ms,TECTONIC
574,2025-12-18 19:24:29+00:00,8.2,126.61,41,2.3,028 km N 51° E of Lingig (Surigao Del Sur),Ms,TECTONIC
575,2025-12-18 19:16:04+00:00,5.6,125.06,45,1.8,029 km S 34° W of Glan (Sarangani),Ms,TECTONIC
576,2025-12-18 19:01:48+00:00,9.62,126.2,35,2.5,019 km S 15° E of General Luna (Surigao Del Norte),Ms,TECTONIC
577,2025-12-18 18:56:42+00:00,15.6,119.95,30,1.6,004 km S 30° E of Candelaria (Zambales),Ms,TECTONIC
578,2025-12-18 18:47:52+00:00,10.4,125.72,59,2.0,016 km N 72° E of Loreto (Dinagat Islands),Ms,TECTONIC
579,2025-12-18 18:27:15+00:00,15.0,119.83,8,3.1,026 km S 76° W of San Felipe (Zambales),Ms,TECTONIC
580,2025-12-18 18:18:26+00:00,10.97,123.95,4,2.5,010 km S 19° W of City Of Bogo (Cebu),Ms,TECTONIC
581,2025-12-18 18:18:05+00:00,18.49,120.8,3,2.0,004 km S 17° W of Dumalneg (Ilocos Norte),Ms,TECTONIC
582,2025-12-18 18:07:02+00:00,14.98,119.62,5,4.7,049 km S 79° W of San Felipe (Zambales),Mw,TECTONIC
583,2025-12-18 18:01:34+00:00,11.0,123.93,6,2.7,007 km S 49° W of City Of Bogo (Cebu),Ms,TECTONIC
584,2025-12-18 17:19:28+00:00,17.86,120.62,32,1.7,008 km S 39° W of Nueva Era (Ilocos Norte),Ms,TECTONIC
585,2025-12-18 17:02:31+00:00,9.65,126.48,10,2.2,038 km S 67° E of General Luna (Surigao Del Norte),Ms,TECTONIC
586,2025-12-18 16:58:59+00:00,4.13,126.12,106,3.5,161 km S 29° E of Balut Island (Municipality Of Sarangani) (Davao Occidental),Ms,TECTONIC
587,2025-12-18 16:56:19+00:00,15.0,119.78,10,3.0,032 km S 79° W of San Felipe (Zambales),Ms,TECTONIC
588,2025-12-18 16:51:38+00:00,9.44,125.93,14,2.1,008 km N 15° W of Carrascal (Surigao Del Sur),Ms,TECTONIC
589,2025-12-18 16:02:04+00:00,9.59,126.16,33,1.4,021 km S 01° W of General Luna (Surigao Del Norte),Ms,TECTONIC
590,2025-12-18 15:54:41+00:00,6.35,126.33,22,2.2,044 km S 40° E of Governor Generoso (Davao Oriental),Ms,TECTONIC
591,2025-12-18 15:44:09+00:00,7.69,126.61,20,2.0,013 km N 21° E of Baganga (Davao Oriental),Ms,TECTONIC
592,2025-12-18 15:20:14+00:00,15.04,119.86,10,1.9,023 km S 84° W of San Felipe (Zambales),Ms,TECTONIC
593,2025-12-18 13:21:12+00:00,6.03,126.48,1,3.6,085 km S 33° E of Governor Generoso (Davao Oriental),Ms,TECTONIC
594,2025-12-18 13:04:24+00:00,20.04,121.79,9,3.1,037 km S 12° W of Sabtang (Batanes),Ms,TECTONIC
595,2025-12-18 12:54:22+00:00,18.07,120.87,9,1.9,009 km S 34° E of Carasi (Ilocos Norte),Ms,TECTONIC
596,2025-12-18 12:45:10+00:00,17.19,120.19,23,2.6,027 km N 83° W of City Of Candon (Ilocos Sur),Ms,TECTONIC
597,2025-12-18 12:41:18+00:00,10.87,123.97,5,1.9,020 km S 02° W of City Of Bogo (Cebu),Ms,TECTONIC
598,2025-12-18 12:27:31+00:00,5.85,126.72,21,2.8,113 km S 39° E of Governor Generoso (Davao Oriental),Ms,TECTONIC
599,2025-12-18 12:09:17+00:00,5.99,126.53,3,3.3,089 km S 35° E of Governor Generoso (Davao Oriental),Ms,TECTONIC
600,2025-12-18 11:55:09+00:00,11.14,123.94,16,1.5,011 km N 25° W of City Of Bogo (Cebu),Ms,TECTONIC
601,2025-12-18 11:11:21+00:00,11.11,123.95,8,2.0,005 km N 05° W of City Of Bogo (Cebu),Ms,TECTONIC
602,2025-12-18 11:00:17+00:00,10.98,124.02,3,2.8,009 km S 28° E of City Of Bogo (Cebu),Ms,TECTONIC
603,2025-12-18 10:01:30+00:00,19.93,121.2,3,3.8,080 km N 21° W of Calayan (Cagayan),Ms,TECTONIC
604,2025-12-18 09:06:00+00:00,19.74,121.95,3,3.1,025 km N 08° E of Babuyan Island (Calayan) (Cagayan),Ms,TECTONIC
605,2025-12-18 08:52:11+00:00,13.45,120.3,4,2.0,019 km N 78° W of Paluan (Occidental Mindoro),Ms,TECTONIC
606,2025-12-18 08:38:54+00:00,19.64,120.58,10,3.3,103 km N 66° W of Calayan (Cagayan),Ms,TECTONIC
607,2025-12-18 07:36:39+00:00,10.03,125.78,23,1.6,017 km N 48° E of Cagdianao (Dinagat Islands),Ms,TECTONIC
608,2025-12-18 07:33:22+00:00,20.47,120.69,15,4.1,125 km S 74° W of Itbayat (Batanes),Ms,TECTONIC
609,2025-12-18 07:31:47+00:00,19.78,121.34,4,2.7,059 km N 14° W of Calayan (Cagayan),Ms,TECTONIC
610,2025-12-18 07:30:30+00:00,13.08,124.71,8,2.3,056 km N 86° E of Prieto Diaz (Sorsogon),Ms,TECTONIC
611,2025-12-18 07:27:42+00:00,20.15,121.32,15,5.5,100 km N 10° W of Calayan (Cagayan),Mw,TECTONIC
612,2025-12-18 07:06:16+00:00,7.69,127.24,94,1.8,076 km N 80° E of Baganga (Davao Oriental),Ms,TECTONIC
613,2025-12-18 05:57:42+00:00,13.25,124.62,20,2.6,053 km S 31° E of Baras (Catanduanes),Ms,TECTONIC
614,2025-12-18 05:50:21+00:00,8.73,126.31,24,2.0,008 km S 11° E of Marihatag (Surigao Del Sur),Ms,TECTONIC
615,2025-12-18 04:49:13+00:00,19.91,121.4,1,3.7,069 km N 51° W of Babuyan Island (Calayan) (Cagayan),Ms,TECTONIC
616,2025-12-18 04:19:00+00:00,7.53,126.47,19,2.0,011 km S 65° W of Baganga (Davao Oriental),Ms,TECTONIC
617,2025-12-18 04:11:38+00:00,9.37,126.5,20,2.3,035 km N 73° E of Cortes (Surigao Del Sur),Ms,TECTONIC
618,2025-12-18 03:56:53+00:00,9.42,126.76,13,2.7,065 km N 75° E of Cortes (Surigao Del Sur),Ms,TECTONIC
619,2025-12-18 03:02:08+00:00,8.61,127.19,1,3.3,098 km N 74° E of Hinatuan (Surigao Del Sur),Ms,TECTONIC
620,2025-12-18 02:49:38+00:00,9.33,125.62,10,3.5,010 km N 40° E of Santiago (Agusan Del Norte),Ms,TECTONIC
621,2025-12-18 02:28:15+00:00,7.84,126.38,20,1.9,004 km S 04° E of Boston (Davao Oriental),Ms,TECTONIC
622,2025-12-18 02:12:56+00:00,11.54,124.41,4,2.1,003 km S 19° E of Naval (Biliran),Ms,TECTONIC
623,2025-12-18 00:50:08+00:00,14.02,120.53,109,2.1,013 km S 59° W of Nasugbu (Batangas),Ms,TECTONIC
624,2025-12-18 00:36:16+00:00,11.13,124.11,31,1.6,017 km N 55° E of City Of Bogo (Cebu),Ms,TECTONIC
625,2025-12-18 00:12:32+00:00,11.99,126.12,16,3.3,070 km S 85° E of Dolores (Eastern Samar),Ms,TECTONIC
626,2025-12-17 21:53:13+00:00,7.39,126.71,33,1.6,027 km N 43° E of Manay (Davao Oriental),Ms,TECTONIC
627,2025-12-17 21:06:16+00:00,13.56,120.93,35,1.4,007 km N 18° W of Puerto Galera (Oriental Mindoro),Ms,TECTONIC
628,2025-12-17 20:37:32+00:00,7.59,126.75,29,1.8,021 km N 85° E of Baganga (Davao Oriental),Ms,TECTONIC
629,2025-12-17 19:05:39+00:00,12.9,124.64,17,2.0,039 km N 52° E of Biri (Northern Samar),Ms,TECTONIC
630,2025-12-17 17:10:31+00:00,10.96,124.0,2,1.8,010 km S 15° E of City Of Bogo (Cebu),Ms,TECTONIC
631,2025-12-17 15:28:17+00:00,6.52,126.05,36,1.7,015 km S 11° W of Governor Generoso (Davao Oriental),Ms,TECTONIC
632,2025-12-17 15:13:07+00:00,13.58,120.95,1,2.2,009 km N 01° W of Puerto Galera (Oriental Mindoro),Ms,TECTONIC
633,2025-12-17 14:53:26+00:00,12.55,125.26,16,2.4,008 km N 08° E of Mapanas (Northern Samar),Ms,TECTONIC
634,2025-12-17 12:52:29+00:00,8.47,126.68,32,2.0,039 km N 73° E of Hinatuan (Surigao Del Sur),Ms,TECTONIC
635,2025-12-17 11:54:53+00:00,9.34,125.64,15,2.3,013 km S 90° E of Jabonga (Agusan Del Norte),Ms,TECTONIC
636,2025-12-17 11:39:10+00:00,5.75,127.39,43,2.9,177 km S 55° E of Governor Generoso (Davao Oriental),Ms,TECTONIC
637,2025-12-17 11:23:43+00:00,9.4,125.6,3,3.0,006 km S 28° E of Kitcharao (Agusan Del Norte),Ms,TECTONIC
638,2025-12-17 11:00:31+00:00,7.19,126.7,13,2.0,018 km S 84° E of Manay (Davao Oriental),Ms,TECTONIC
639,2025-12-17 10:10:23+00:00,11.2,124.05,29,1.9,019 km N 24° E of City Of Bogo (Cebu),Ms,TECTONIC
640,2025-12-17 09:52:16+00:00,11.13,124.11,5,2.4,017 km N 57° E of City Of Bogo (Cebu),Ms,TECTONIC
641,2025-12-17 09:38:24+00:00,10.91,123.91,2,2.5,017 km S 28° W of City Of Bogo (Cebu),Ms,TECTONIC
642,2025-12-16 20:43:03+00:00,14.07,120.43,120,3.7,022 km West of Nasugbu (Batangas),Ms,TECTONIC
643,2025-12-17 06:43:44+00:00,11.06,124.09,6,2.5,012 km N 84° E of City Of Bogo (Cebu),Ms,TECTONIC
644,2025-12-17 03:32:51+00:00,12.74,122.06,3,2.9,005 km S 15° E of Corcuera (Romblon),Ms,TECTONIC
645,2025-12-17 03:31:58+00:00,7.75,126.42,5,2.4,006 km S 37° W of Cateel (Davao Oriental),Ms,TECTONIC
646,2025-12-17 02:55:18+00:00,7.47,126.55,125,3.1,012 km S 07° W of Baganga (Davao Oriental),Ms,TECTONIC
647,2025-12-17 02:08:45+00:00,19.57,121.25,14,3.4,042 km N 35° W of Calayan (Cagayan),Ms,TECTONIC
648,2025-12-17 01:49:42+00:00,6.64,126.59,193,2.7,048 km S 19° E of Tarragona (Davao Oriental),Ms,TECTONIC
649,2025-12-17 00:42:29+00:00,7.05,123.73,32,1.9,032 km S 86° W of Datu Blah T. Sinsuat (Maguindanao Del Norte),Ms,TECTONIC
650,2025-12-16 23:47:40+00:00,6.69,127.37,28,3.0,108 km S 58° E of Manay (Davao Oriental),Ms,TECTONIC
651,2025-12-16 23:11:57+00:00,14.11,120.44,112,1.5,021 km N 78° W of Nasugbu (Batangas),Ms,TECTONIC
652,2025-12-16 22:58:50+00:00,8.72,126.77,26,1.7,053 km S 80° E of Marihatag (Surigao Del Sur),Ms,TECTONIC
653,2025-12-16 22:44:10+00:00,19.67,122.08,12,2.9,025 km N 46° E of Babuyan Island (Calayan) (Cagayan),Ms,TECTONIC
654,2025-12-16 22:36:54+00:00,6.66,126.37,44,3.0,033 km N 89° E of Governor Generoso (Davao Oriental),Ms,TECTONIC
655,2025-12-16 22:29:42+00:00,2.21,126.74,16,3.7,383 km S 22° E of Balut Island (Municipality Of Sarangani) (Davao Occidental),Ms,TECTONIC
656,2025-12-16 22:17:22+00:00,7.26,126.84,22,2.7,034 km N 81° E of Manay (Davao Oriental),Ms,TECTONIC
657,2025-12-16 22:11:35+00:00,11.02,124.01,28,2.0,005 km S 44° E of City Of Bogo (Cebu),Ms,TECTONIC
658,2025-12-16 21:41:10+00:00,10.95,123.89,24,1.6,015 km S 43° W of City Of Bogo (Cebu),Ms,TECTONIC
659,2025-12-16 19:51:05+00:00,11.15,124.0,26,1.4,012 km N 09° E of City Of Bogo (Cebu),Ms,TECTONIC
660,2025-12-16 19:34:51+00:00,8.93,126.4,19,1.7,011 km N 85° E of Cagwait (Surigao Del Sur),Ms,TECTONIC
661,2025-12-16 19:18:12+00:00,8.16,121.8,26,3.1,054 km N 45° W of Baliguian (Zamboanga Del Norte),Ms,TECTONIC
662,2025-12-16 19:12:52+00:00,15.72,121.97,13,3.3,044 km S 84° E of Baler (Aurora),Ms,TECTONIC
663,2025-12-16 18:48:00+00:00,9.8,122.45,33,1.7,004 km N 30° E of City Of Sipalay (Negros Occidental),Ms,TECTONIC
664,2025-12-16 18:38:04+00:00,10.9,123.92,1,2.6,018 km S 21° W of City Of Bogo (Cebu),Ms,TECTONIC
665,2025-12-16 18:00:12+00:00,10.99,123.92,5,2.8,009 km S 44° W of City Of Bogo (Cebu),Ms,TECTONIC
666,2025-12-16 17:21:48+00:00,7.42,126.87,10,2.4,043 km N 57° E of Manay (Davao Oriental),Ms,TECTONIC
667,2025-12-16 16:46:30+00:00,8.8,123.3,32,1.6,022 km N 35° W of City Of Dapitan (Zamboanga Del Norte),Ms,TECTONIC
668,2025-12-16 16:41:39+00:00,10.92,123.9,5,2.8,017 km S 31° W of City Of Bogo (Cebu),Ms,TECTONIC
669,2025-12-16 16:34:18+00:00,16.51,120.43,87,1.9,005 km S 64° E of Naguilian (La Union),Ms,TECTONIC
670,2025-12-16 16:27:26+00:00,11.21,124.08,21,1.9,010 km S 60° E of Daanbantayan (Cebu),Ms,TECTONIC
671,2025-12-16 16:24:59+00:00,7.66,122.14,12,1.6,005 km S 07° E of Siocon (Zamboanga Del Norte),Ms,TECTONIC
672,2025-12-16 16:22:13+00:00,10.93,123.91,2,2.7,015 km S 31° W of City Of Bogo (Cebu),Ms,TECTONIC
673,2025-12-16 16:07:41+00:00,10.94,123.91,6,1.9,014 km S 34° W of City Of Bogo (Cebu),Ms,TECTONIC
674,2025-12-16 16:03:05+00:00,18.43,120.69,1,2.4,011 km S 28° E of Burgos (Ilocos Norte),Ms,TECTONIC
675,2025-12-16 15:51:56+00:00,7.29,126.7,1,1.9,016 km S 73° E of Caraga (Davao Oriental),Ms,TECTONIC
676,2025-12-16 15:44:59+00:00,18.42,121.29,2,2.2,007 km S 47° W of Pamplona (Cagayan),Ms,TECTONIC
677,2025-12-16 15:41:46+00:00,8.46,125.86,11,2.5,008 km N 78° E of Talacogon (Agusan Del Sur),Ms,TECTONIC
678,2025-12-16 15:26:40+00:00,13.83,120.58,91,1.5,005 km S 84° W of Calatagan (Batangas),Ms,TECTONIC
679,2025-12-16 15:11:56+00:00,11.0,124.06,2,2.1,010 km S 57° E of City Of Bogo (Cebu),Ms,TECTONIC
680,2025-12-16 15:01:20+00:00,9.89,125.38,5,2.5,011 km S 75° E of San Ricardo (Southern Leyte),Ms,TECTONIC
681,2025-12-16 14:38:09+00:00,13.17,121.19,23,1.4,009 km S 89° W of Victoria (Oriental Mindoro),Ms,TECTONIC
682,2025-12-16 14:15:13+00:00,7.01,127.06,19,2.3,061 km S 69° E of Manay (Davao Oriental),Ms,TECTONIC
683,2025-12-16 13:47:13+00:00,7.1,125.34,8,2.0,024 km S 89° E of Magpet (Cotabato),Ms,TECTONIC
684,2025-12-16 13:34:48+00:00,11.19,124.07,12,2.1,019 km N 30° E of City Of Bogo (Cebu),Ms,TECTONIC
685,2025-12-16 13:29:29+00:00,8.87,126.53,39,1.7,026 km S 77° E of Cagwait (Surigao Del Sur),Ms,TECTONIC
686,2025-12-16 13:14:04+00:00,13.77,120.54,127,3.9,012 km S 53° W of Calatagan (Batangas),Ms,TECTONIC
687,2025-12-16 12:57:14+00:00,9.66,126.14,33,1.7,014 km S 06° W of General Luna (Surigao Del Norte),Ms,TECTONIC
688,2025-12-16 12:44:42+00:00,10.69,124.95,4,1.9,011 km S 11° E of Javier (Leyte),Ms,TECTONIC
689,2025-12-16 12:36:47+00:00,11.0,124.06,2,3.0,010 km S 60° E of City Of Bogo (Cebu),Ms,TECTONIC
690,2025-12-16 12:27:23+00:00,13.84,120.56,81,1.5,008 km N 81° W of Calatagan (Batangas),Ms,TECTONIC
691,2025-12-16 11:57:55+00:00,7.11,125.29,14,2.2,018 km N 89° E of Magpet (Cotabato),Ms,TECTONIC
692,2025-12-16 11:46:18+00:00,9.98,126.12,33,1.7,007 km S 47° E of Burgos (Surigao Del Norte),Ms,TECTONIC
693,2025-12-16 11:18:25+00:00,8.81,126.44,27,1.6,020 km S 52° E of Cagwait (Surigao Del Sur),Ms,TECTONIC
694,2025-12-16 10:03:28+00:00,11.11,123.97,10,2.0,007 km N 11° W of City Of Bogo (Cebu),Ms,TECTONIC
695,2025-12-16 08:30:04+00:00,13.87,120.59,141,1.7,007 km N 48° W of Calatagan (Batangas),Ms,TECTONIC
696,2025-12-16 08:27:14+00:00,11.1,123.81,30,2.2,019 km N 72° W of City Of Bogo (Cebu),Ms,TECTONIC
697,2025-12-16 08:20:35+00:00,8.38,126.67,21,1.4,037 km N 87° E of Hinatuan (Surigao Del Sur),Ms,TECTONIC
698,2025-12-16 07:56:30+00:00,14.15,120.55,96,1.7,013 km N 47° W of Nasugbu (Batangas),Ms,TECTONIC
699,2025-12-16 07:45:15+00:00,10.16,126.14,33,1.4,017 km N 27° E of Burgos (Surigao Del Norte),Ms,TECTONIC
700,2025-12-16 07:21:24+00:00,10.96,123.74,7,2.4,027 km S 70° W of City Of Bogo (Cebu),Ms,TECTONIC
701,2025-12-16 07:03:57+00:00,8.21,126.53,32,1.6,024 km S 90° E of City Of Bislig (Surigao Del Sur),Ms,TECTONIC
702,2025-12-16 05:04:09+00:00,9.55,122.5,28,1.9,007 km S 35° E of Hinoba-an (Negros Occidental),Ms,TECTONIC
703,2025-12-16 04:56:52+00:00,15.03,119.84,9,2.6,027 km S 59° W of Cabangan (Zambales),Ms,TECTONIC
704,2025-12-16 03:26:55+00:00,7.09,125.33,7,3.0,023 km S 87° E of Magpet (Cotabato),Ms,TECTONIC
705,2025-12-16 03:24:28+00:00,7.12,125.36,7,2.2,026 km N 87° E of Magpet (Cotabato),Ms,TECTONIC
706,2025-12-16 03:19:48+00:00,6.97,125.24,33,1.7,017 km S 74° E of City Of Kidapawan (Cotabato),Ms,TECTONIC
707,2025-12-16 02:26:00+00:00,15.14,119.82,26,2.0,026 km S 85° W of Cabangan (Zambales),Ms,TECTONIC
708,2025-12-16 01:51:34+00:00,11.12,124.08,10,1.8,014 km N 52° E of City Of Bogo (Cebu),Ms,TECTONIC
709,2025-12-15 22:41:04+00:00,11.19,124.2,5,2.4,029 km N 57° E of City Of Bogo (Cebu),Ms,TECTONIC
710,2025-12-15 22:30:26+00:00,14.55,119.69,19,1.9,061 km S 45° W of San Antonio (Zambales),Ms,TECTONIC
711,2025-12-15 22:19:32+00:00,15.11,122.04,6,1.8,031 km N 52° E of Panukulan (Quezon),Ms,TECTONIC
712,2025-12-15 21:40:45+00:00,15.44,119.02,22,1.9,096 km N 90° W of Palauig (Zambales),Ms,TECTONIC
713,2025-12-15 21:33:50+00:00,12.76,123.24,5,2.0,016 km S 02° W of Claveria (Masbate),Ms,TECTONIC
714,2025-12-15 20:52:44+00:00,9.13,126.53,10,3.9,032 km N 57° E of Bayabas (Surigao Del Sur),Ms,TECTONIC
715,2025-12-15 19:03:54+00:00,8.33,125.87,1,2.2,009 km N 53° E of La Paz (Agusan Del Sur),Ms,TECTONIC
716,2025-12-15 18:57:31+00:00,10.23,125.82,27,2.2,030 km S 62° E of Loreto (Dinagat Islands),Ms,TECTONIC
717,2025-12-15 18:52:25+00:00,11.19,124.15,2,2.1,025 km N 50° E of City Of Bogo (Cebu),Ms,TECTONIC
718,2025-12-15 18:27:27+00:00,7.16,126.95,14,3.2,046 km S 83° E of Manay (Davao Oriental),Ms,TECTONIC
719,2025-12-15 17:56:44+00:00,7.89,126.35,11,1.6,015 km N 47° W of Cateel (Davao Oriental),Ms,TECTONIC
720,2025-12-15 17:46:31+00:00,10.5,125.22,1,2.2,007 km S 67° E of Silago (Southern Leyte),Ms,TECTONIC
721,2025-12-15 16:33:28+00:00,7.66,126.09,32,1.6,001 km S 08° E of Compostela (Davao De Oro),Ms,TECTONIC
722,2025-12-15 15:58:44+00:00,11.65,120.6,35,1.6,058 km S 49° E of Coron (Palawan),Ms,TECTONIC
723,2025-12-15 15:42:39+00:00,10.93,123.62,8,2.1,017 km N 54° E of City Of Escalante (Negros Occidental),Ms,TECTONIC
724,2025-12-15 15:36:37+00:00,11.98,125.11,29,2.2,012 km S 50° E of San Jose De Buan (Samar),Ms,TECTONIC
725,2025-12-15 15:35:24+00:00,9.02,122.71,21,2.3,036 km S 83° W of Siaton (Negros Oriental),Ms,TECTONIC
726,2025-12-15 15:23:19+00:00,7.15,126.86,29,2.2,036 km S 80° E of Manay (Davao Oriental),Ms,TECTONIC
727,2025-12-15 14:57:49+00:00,6.44,126.2,24,3.7,028 km S 30° E of Governor Generoso (Davao Oriental),Ms,TECTONIC
728,2025-12-15 13:06:30+00:00,10.87,123.95,7,1.9,020 km S 09° W of City Of Bogo (Cebu),Ms,TECTONIC
729,2025-12-15 13:04:05+00:00,9.65,126.17,31,1.9,015 km S 04° E of General Luna (Surigao Del Norte),Ms,TECTONIC
730,2025-12-15 11:30:40+00:00,7.07,126.94,16,2.5,047 km S 70° E of Manay (Davao Oriental),Ms,TECTONIC
731,2025-12-15 11:16:38+00:00,5.96,126.01,148,2.3,043 km S 53° E of Don Marcelino (Davao Occidental),Ms,TECTONIC
732,2025-12-15 09:37:05+00:00,17.79,120.73,7,2.3,008 km N 18° E of Lagayan (Abra),Ms,TECTONIC
733,2025-12-15 07:52:30+00:00,10.18,125.87,28,3.9,035 km N 36° E of Cagdianao (Dinagat Islands),Ms,TECTONIC
734,2025-12-15 07:47:55+00:00,5.42,126.96,32,2.5,156 km S 69° E of Jose Abad Santos (Davao Occidental),Ms,TECTONIC
735,2025-12-15 07:35:41+00:00,7.75,126.73,25,2.0,031 km S 82° E of Cateel (Davao Oriental),Ms,TECTONIC
736,2025-12-15 06:50:32+00:00,6.24,127.53,27,3.7,150 km S 53° E of Tarragona (Davao Oriental),Ms,TECTONIC
737,2025-12-15 06:05:52+00:00,9.13,126.67,14,2.3,046 km N 67° E of Bayabas (Surigao Del Sur),Ms,TECTONIC
738,2025-12-15 06:03:23+00:00,18.07,121.25,19,1.6,009 km N 53° E of Kabugao (Apayao),Ms,TECTONIC
739,2025-12-15 06:02:43+00:00,8.96,126.11,22,2.7,008 km N 82° E of San Miguel (Surigao Del Sur),Ms,TECTONIC
740,2025-12-15 04:40:43+00:00,13.68,120.58,85,1.6,018 km S 18° W of Calatagan (Batangas),Ms,TECTONIC
741,2025-12-15 04:30:46+00:00,6.12,125.86,119,4.0,020 km S 66° E of Don Marcelino (Davao Occidental),Ms,TECTONIC
742,2025-12-15 03:36:35+00:00,10.18,125.84,23,4.2,022 km N 53° E of Basilisa (Dinagat Islands),Ms,TECTONIC
743,2025-12-15 03:14:31+00:00,11.05,124.06,26,2.0,009 km East of City Of Bogo (Cebu),Ms,TECTONIC
744,2025-12-15 02:03:04+00:00,11.18,123.98,33,1.8,014 km N 02° E of City Of Bogo (Cebu),Ms,TECTONIC
745,2025-12-15 01:16:10+00:00,5.54,125.86,87,2.8,044 km N 79° E of Sarangani Island (Municipality Of Sarangani) (Davao Occidental),Ms,TECTONIC
746,2025-12-15 00:57:47+00:00,7.97,123.08,3,2.9,013 km N 01° E of Lakewood (Zamboanga Del Sur),Ms,TECTONIC
747,2025-12-15 00:46:20+00:00,8.26,126.79,12,2.2,049 km N 60° E of Lingig (Surigao Del Sur),Ms,TECTONIC
748,2025-12-14 22:43:23+00:00,7.15,126.73,154,2.4,022 km S 72° E of Manay (Davao Oriental),Ms,TECTONIC
749,2025-12-14 22:19:19+00:00,8.1,125.0,23,1.3,012 km N 13° W of Lantapan (Bukidnon),Ms,TECTONIC
750,2025-12-14 22:09:24+00:00,9.42,122.69,63,1.9,006 km N 80° E of Basay (Negros Oriental),Ms,TECTONIC
751,2025-12-14 21:44:28+00:00,13.8,120.6,101,1.5,005 km S 47° W of Calatagan (Batangas),Ms,TECTONIC
752,2025-12-14 21:29:17+00:00,7.83,126.15,2,2.4,011 km N 85° E of Monkayo (Davao De Oro),Ms,TECTONIC
753,2025-12-14 21:20:14+00:00,10.9,123.8,7,2.1,026 km S 51° W of City Of Bogo (Cebu),Ms,TECTONIC
754,2025-12-14 21:08:45+00:00,7.61,124.94,5,2.4,004 km N 78° E of Kadingilan (Bukidnon),Ms,TECTONIC
755,2025-12-14 20:35:03+00:00,20.06,121.4,3,4.3,058 km S 57° W of Sabtang (Batanes),Ms,TECTONIC
756,2025-12-14 20:20:14+00:00,11.16,124.14,4,1.9,022 km N 54° E of City Of Bogo (Cebu),Ms,TECTONIC
757,2025-12-14 19:59:59+00:00,7.9,125.38,33,2.4,006 km S 69° E of San Fernando (Bukidnon),Ms,TECTONIC
758,2025-12-14 18:40:40+00:00,13.96,120.15,33,1.7,012 km N 15° E of Lubang (Occidental Mindoro),Ms,TECTONIC
759,2025-12-14 18:19:52+00:00,12.82,120.94,21,1.9,018 km S 83° E of Sablayan (Occidental Mindoro),Ms,TECTONIC
760,2025-12-14 17:22:37+00:00,4.45,125.89,14,3.6,119 km S 26° E of Balut Island (Municipality Of Sarangani) (Davao Occidental),Ms,TECTONIC
761,2025-12-14 16:01:04+00:00,7.33,126.92,6,3.2,044 km N 72° E of Manay (Davao Oriental),Ms,TECTONIC
762,2025-12-14 14:51:52+00:00,13.73,120.64,120,2.3,011 km S 02° E of Calatagan (Batangas),Ms,TECTONIC
763,2025-12-14 13:09:05+00:00,7.3,126.7,16,2.4,020 km N 63° E of Manay (Davao Oriental),Ms,TECTONIC
764,2025-12-14 12:03:27+00:00,2.04,126.48,148,4.9,391 km S 17° E of Balut Island (Municipality Of Sarangani) (Davao Occidental),Ms,TECTONIC
765,2025-12-14 07:09:48+00:00,10.93,124.01,23,2.1,014 km S 14° E of City Of Bogo (Cebu),Ms,TECTONIC
766,2025-12-14 06:46:19+00:00,5.55,126.58,60,2.7,111 km S 69° E of Jose Abad Santos (Davao Occidental),Ms,TECTONIC
767,2025-12-14 06:32:57+00:00,11.18,123.78,4,2.7,026 km N 55° W of City Of Bogo (Cebu),Ms,TECTONIC
768,2025-12-14 06:11:40+00:00,13.69,120.63,116,1.7,016 km S 03° W of Calatagan (Batangas),Ms,TECTONIC
769,2025-12-14 05:48:59+00:00,15.94,120.16,5,3.2,010 km N 59° W of Aguilar (Pangasinan),Ms,TECTONIC
770,2025-12-14 05:28:35+00:00,13.58,120.15,22,2.2,019 km S 37° W of Looc (Occidental Mindoro),Ms,TECTONIC
771,2025-12-14 04:00:10+00:00,8.28,123.35,33,1.7,014 km N 03° E of Dumingag (Zamboanga Del Sur),Ms,TECTONIC
772,2025-12-14 03:57:12+00:00,7.81,125.92,6,2.0,014 km S 86° E of Laak (Davao De Oro),Ms,TECTONIC
773,2025-12-14 03:52:48+00:00,13.78,120.45,28,1.3,020 km S 73° W of Calatagan (Batangas),Ms,TECTONIC
774,2025-12-14 03:11:08+00:00,9.63,126.05,33,2.0,009 km N 85° E of Socorro (Surigao Del Norte),Ms,TECTONIC
775,2025-12-14 03:10:02+00:00,19.79,121.12,11,3.9,070 km N 33° W of Calayan (Cagayan),Ms,TECTONIC
776,2025-12-14 01:46:54+00:00,11.13,124.01,1,2.2,010 km N 19° E of City Of Bogo (Cebu),Ms,TECTONIC
777,2025-12-14 01:11:25+00:00,16.58,122.4,36,1.8,016 km N 66° E of Dinapigue (Isabela),Ms,TECTONIC
778,2025-12-14 00:18:18+00:00,8.21,127.14,9,2.8,082 km N 77° E of Lingig (Surigao Del Sur),Ms,TECTONIC
779,2025-12-14 00:06:21+00:00,9.5,125.66,21,2.9,010 km N 68° E of Alegria (Surigao Del Norte),Ms,TECTONIC
780,2025-12-13 23:13:04+00:00,7.83,126.45,33,1.9,005 km N 11° W of Cateel (Davao Oriental),Ms,TECTONIC
781,2025-12-13 21:16:56+00:00,11.0,123.91,26,2.0,009 km S 58° W of City Of Bogo (Cebu),Ms,TECTONIC
782,2025-12-13 21:01:58+00:00,9.59,126.1,29,1.7,015 km S 77° E of Socorro (Surigao Del Norte),Ms,TECTONIC
783,2025-12-13 20:57:29+00:00,7.34,126.56,2,2.4,002 km N 11° W of Caraga (Davao Oriental),Ms,TECTONIC
784,2025-12-13 19:38:26+00:00,15.66,121.16,28,1.7,004 km N 26° E of Bongabon (Nueva Ecija),Ms,TECTONIC
785,2025-12-13 19:09:42+00:00,16.84,119.6,27,3.8,060 km N 32° W of Bolinao (Pangasinan),Ms,TECTONIC
786,2025-12-13 18:35:18+00:00,10.91,123.91,3,3.1,016 km S 26° W of City Of Bogo (Cebu),Ms,TECTONIC
787,2025-12-13 18:06:46+00:00,8.83,126.57,16,1.9,030 km N 85° E of Marihatag (Surigao Del Sur),Ms,TECTONIC
788,2025-12-13 17:31:53+00:00,7.77,126.58,41,1.6,014 km S 80° E of Cateel (Davao Oriental),Ms,TECTONIC
789,2025-12-13 16:34:09+00:00,5.54,126.35,80,4.0,088 km S 62° E of Jose Abad Santos (Davao Occidental),Ms,TECTONIC
790,2025-12-13 16:24:24+00:00,17.06,121.5,11,3.6,014 km N 74° W of San Manuel (Isabela),Ms,TECTONIC
791,2025-12-13 15:43:57+00:00,5.4,127.45,14,2.8,206 km S 48° E of Governor Generoso (Davao Oriental),Ms,TECTONIC
792,2025-12-13 15:42:04+00:00,8.51,126.57,14,2.6,030 km N 59° E of Hinatuan (Surigao Del Sur),Ms,TECTONIC
793,2025-12-13 15:38:05+00:00,13.19,124.12,27,2.1,001 km N 73° W of Rapu-rapu (Albay),Ms,TECTONIC
794,2025-12-13 14:51:49+00:00,7.81,126.39,9,1.8,006 km S 09° E of Boston (Davao Oriental),Ms,TECTONIC
795,2025-12-13 14:42:19+00:00,11.28,124.59,7,1.9,005 km S 77° W of Capoocan (Leyte),Ms,TECTONIC
796,2025-12-13 14:29:46+00:00,7.51,126.65,31,2.3,012 km S 52° E of Baganga (Davao Oriental),Ms,TECTONIC
797,2025-12-13 14:28:55+00:00,12.25,124.85,47,1.9,012 km N 17° W of Matuguinao (Samar),Ms,TECTONIC
798,2025-12-13 14:27:05+00:00,15.2,122.28,24,2.7,050 km N 07° E of Patnanungan (Quezon),Ms,TECTONIC
799,2025-12-13 14:10:19+00:00,10.55,125.8,47,2.8,023 km S 20° E of Homonhon Island (Guiuan) (Eastern Samar),Ms,TECTONIC
800,2025-12-13 12:27:52+00:00,17.41,122.75,18,3.8,049 km N 80° E of Divilacan (Isabela),Ms,TECTONIC
801,2025-12-13 12:14:30+00:00,15.89,119.87,23,1.8,008 km N 25° W of Infanta (Pangasinan),Ms,TECTONIC
802,2025-12-13 11:55:07+00:00,8.72,126.45,28,2.1,028 km S 37° E of Cagwait (Surigao Del Sur),Ms,TECTONIC
803,2025-12-13 11:38:43+00:00,11.74,125.84,6,2.9,042 km S 88° E of San Julian (Eastern Samar),Ms,TECTONIC
804,2025-12-13 11:22:29+00:00,13.85,120.55,103,1.6,009 km N 74° W of Calatagan (Batangas),Ms,TECTONIC
805,2025-12-13 11:20:46+00:00,18.06,121.34,20,1.6,019 km S 26° W of Flora (Apayao),Ms,TECTONIC
806,2025-12-13 11:17:58+00:00,11.91,121.47,20,2.4,009 km S 73° W of Caluya (Antique),Ms,TECTONIC
807,2025-12-13 11:11:45+00:00,8.71,126.24,30,1.4,004 km S 28° E of San Agustin (Surigao Del Sur),Ms,TECTONIC
808,2025-12-13 11:09:32+00:00,13.62,120.15,13,2.2,016 km S 45° W of Looc (Occidental Mindoro),Ms,TECTONIC
809,2025-12-13 11:09:01+00:00,8.72,126.24,33,1.5,003 km S 38° E of San Agustin (Surigao Del Sur),Ms,TECTONIC
810,2025-12-13 10:55:55+00:00,15.54,119.44,10,3.3,051 km N 77° W of Palauig (Zambales),M,TECTONIC
811,2025-12-13 10:28:07+00:00,12.35,125.57,14,3.0,020 km N 18° E of San Policarpo (Eastern Samar),Ms,TECTONIC
812,2025-12-13 10:13:03+00:00,20.55,121.47,31,3.5,047 km S 55° W of Itbayat (Batanes),Ms,TECTONIC
813,2025-12-13 10:05:25+00:00,16.22,120.73,34,1.4,016 km S 19° E of Itogon (Benguet),Ms,TECTONIC
814,2025-12-13 10:04:27+00:00,20.93,121.13,12,3.3,075 km N 79° W of Itbayat (Batanes),Ms,TECTONIC
815,2025-12-13 09:57:02+00:00,8.7,126.24,33,1.9,006 km S 23° E of San Agustin (Surigao Del Sur),Ms,TECTONIC
816,2025-12-13 09:54:04+00:00,12.81,122.99,13,2.2,030 km S 70° W of Claveria (Masbate),Ms,TECTONIC
817,2025-12-13 09:18:32+00:00,11.08,124.73,10,2.9,019 km N 12° E of Albuera (Leyte),Ms,TECTONIC
818,2025-12-13 08:04:52+00:00,9.78,122.51,18,1.5,009 km N 80° E of City Of Sipalay (Negros Occidental),Ms,TECTONIC
819,2025-12-13 07:33:46+00:00,14.18,120.39,117,2.5,028 km N 67° W of Nasugbu (Batangas),Ms,TECTONIC
820,2025-12-13 07:02:34+00:00,8.55,125.73,16,2.0,014 km N 29° W of Talacogon (Agusan Del Sur),Ms,TECTONIC
821,2025-12-13 05:46:41+00:00,7.28,126.89,23,2.8,040 km N 79° E of Manay (Davao Oriental),Ms,TECTONIC
822,2025-12-13 05:36:56+00:00,10.94,123.93,32,2.0,013 km S 22° W of City Of Bogo (Cebu),Ms,TECTONIC
823,2025-12-13 05:16:43+00:00,10.85,123.93,1,2.0,020 km S 16° W of City Of Bogo (Cebu),Ms,TECTONIC
824,2025-12-13 04:55:47+00:00,10.89,123.98,2,3.5,017 km S 01° W of City Of Bogo (Cebu),Ms,TECTONIC
825,2025-12-13 02:42:00+00:00,7.58,127.27,12,3.8,078 km N 90° E of Baganga (Davao Oriental),Ms,TECTONIC
826,2025-12-13 02:16:51+00:00,12.88,123.56,1,2.3,005 km S 53° W of Donsol (Sorsogon),Ms,TECTONIC
827,2025-12-13 02:01:58+00:00,7.54,126.84,28,4.5,031 km S 83° E of Baganga (Davao Oriental),Mw,TECTONIC
828,2025-12-13 01:55:20+00:00,10.88,124.03,21,2.1,020 km S 16° E of City Of Bogo (Cebu),Ms,TECTONIC
829,2025-12-13 00:38:25+00:00,14.14,120.02,127,1.7,033 km N 20° W of Lubang (Occidental Mindoro),Ms,TECTONIC
830,2025-12-12 23:16:50+00:00,11.09,123.98,2,2.3,005 km N 06° E of City Of Bogo (Cebu),Ms,TECTONIC
831,2025-12-12 23:14:45+00:00,10.48,125.43,30,1.6,021 km N 52° W of Loreto (Dinagat Islands),Ms,TECTONIC
832,2025-12-12 22:08:51+00:00,9.81,123.57,30,1.5,006 km N 39° E of Dalaguete (Cebu),Ms,TECTONIC
833,2025-12-12 21:17:11+00:00,11.13,124.09,3,2.7,015 km N 53° E of City Of Bogo (Cebu),Ms,TECTONIC
834,2025-12-12 21:13:38+00:00,9.64,126.24,39,2.2,018 km S 29° E of General Luna (Surigao Del Norte),Ms,TECTONIC
835,2025-12-12 20:51:03+00:00,6.44,123.3,35,3.0,085 km S 81° W of Kalamansig (Sultan Kudarat),Ms,TECTONIC
836,2025-12-12 20:49:11+00:00,13.82,120.56,95,2.2,008 km S 80° W of Calatagan (Batangas),Ms,TECTONIC
837,2025-12-12 20:13:54+00:00,8.26,127.39,5,4.8,109 km N 77° E of Lingig (Surigao Del Sur),Mw,TECTONIC
838,2025-12-12 19:46:54+00:00,17.86,119.41,5,2.5,105 km N 74° W of Santa Catalina (Ilocos Sur),Ms,TECTONIC
839,2025-12-12 18:37:38+00:00,17.37,121.91,27,2.9,015 km N 47° E of Tumauini (Isabela),Ms,TECTONIC
840,2025-12-12 18:25:31+00:00,8.46,126.71,26,2.1,043 km N 76° E of Hinatuan (Surigao Del Sur),Ms,TECTONIC
841,2025-12-12 18:04:09+00:00,9.67,126.12,24,1.9,013 km S 16° W of General Luna (Surigao Del Norte),Ms,TECTONIC
842,2025-12-12 17:10:32+00:00,8.48,126.55,8,3.1,026 km N 63° E of Hinatuan (Surigao Del Sur),Ms,TECTONIC
843,2025-12-12 17:07:44+00:00,10.86,123.91,3,2.0,022 km S 20° W of City Of Bogo (Cebu),Ms,TECTONIC
844,2025-12-12 17:01:26+00:00,13.69,120.53,82,2.0,019 km S 35° W of Calatagan (Batangas),Ms,TECTONIC
845,2025-12-12 16:24:45+00:00,7.7,126.59,28,2.8,014 km N 11° E of Baganga (Davao Oriental),Ms,TECTONIC
846,2025-12-12 16:14:36+00:00,9.59,126.78,2,3.2,071 km S 72° E of General Luna (Surigao Del Norte),Ms,TECTONIC
847,2025-12-12 15:19:50+00:00,13.49,120.38,33,2.4,012 km N 50° W of Paluan (Occidental Mindoro),Ms,TECTONIC
848,2025-12-12 14:47:38+00:00,13.55,123.7,9,1.7,010 km N 15° E of Tiwi (Albay),Ms,TECTONIC
849,2025-12-12 14:42:17+00:00,13.53,121.27,13,2.6,019 km N 30° E of City Of Calapan (Oriental Mindoro),Ms,TECTONIC
850,2025-12-12 13:55:17+00:00,17.92,120.1,19,3.3,038 km N 81° W of Sinait (Ilocos Sur),Ms,TECTONIC
851,2025-12-12 13:16:27+00:00,14.92,122.85,27,3.0,061 km N 66° E of Jomalig (Quezon),Ms,TECTONIC
852,2025-12-12 13:09:48+00:00,8.33,125.95,11,2.4,008 km S 48° W of Rosario (Agusan Del Sur),Ms,TECTONIC
853,2025-12-12 11:45:08+00:00,4.83,125.98,32,3.5,089 km S 44° E of Balut Island (Municipality Of Sarangani) (Davao Occidental),Ms,TECTONIC
854,2025-12-12 06:46:01+00:00,9.94,124.11,4,3.5,004 km N 30° E of Sagbayan (Bohol),Ms,TECTONIC
855,2025-12-12 06:40:38+00:00,6.09,126.98,45,3.9,114 km S 58° E of Governor Generoso (Davao Oriental),Ms,TECTONIC
856,2025-12-12 05:52:24+00:00,10.91,123.93,6,2.5,016 km S 18° W of City Of Bogo (Cebu),Ms,TECTONIC
857,2025-12-12 01:24:14+00:00,8.0,122.91,33,1.4,008 km S 89° E of Godod (Zamboanga Del Norte),Ms,TECTONIC
858,2025-12-12 00:22:14+00:00,13.98,123.73,5,4.0,010 km N 17° E of Garchitorena (Camarines Sur),Mw,TECTONIC
859,2025-12-12 00:09:53+00:00,18.6,120.95,3,2.9,006 km N 50° W of Santa Praxedes (Cagayan),Ms,TECTONIC
860,2025-12-11 23:41:34+00:00,7.7,126.01,32,1.7,002 km S 70° E of Montevista (Davao De Oro),Ms,TECTONIC
861,2025-12-11 22:29:34+00:00,10.7,122.43,22,2.1,016 km S 87° W of City Of Iloilo (Iloilo),Ms,TECTONIC
862,2025-12-11 21:44:00+00:00,10.29,125.24,25,2.3,003 km N 43° W of Anahawan (Southern Leyte),Ms,TECTONIC
863,2025-12-11 21:09:53+00:00,6.97,125.08,10,2.0,004 km S 24° W of City Of Kidapawan (Cotabato),Ms,TECTONIC
864,2025-12-11 20:54:35+00:00,7.15,126.81,29,2.5,031 km S 78° E of Manay (Davao Oriental),Ms,TECTONIC
865,2025-12-11 19:38:59+00:00,19.02,121.19,11,2.8,010 km S 13° W of Dalupiri Island (Calayan) (Cagayan),Ms,TECTONIC
866,2025-12-11 19:29:07+00:00,9.88,126.44,12,1.9,033 km N 71° E of General Luna (Surigao Del Norte),Ms,TECTONIC
867,2025-12-11 18:40:21+00:00,9.56,122.35,17,2.0,013 km S 68° W of Hinoba-an (Negros Occidental),Ms,TECTONIC
868,2025-12-11 18:14:55+00:00,8.4,126.46,25,2.2,026 km N 37° E of City Of Bislig (Surigao Del Sur),Ms,TECTONIC
869,2025-12-11 17:51:28+00:00,14.96,122.62,2,2.5,043 km N 47° E of Jomalig (Quezon),Ms,TECTONIC
870,2025-12-11 17:39:28+00:00,7.41,126.71,25,2.3,029 km N 40° E of Manay (Davao Oriental),Ms,TECTONIC
871,2025-12-11 17:38:09+00:00,7.25,126.51,1,2.1,006 km N 38° W of Manay (Davao Oriental),Ms,TECTONIC
872,2025-12-11 16:56:12+00:00,13.73,124.05,26,2.0,021 km S 77° E of Caramoan (Camarines Sur),Ms,TECTONIC
873,2025-12-11 16:45:52+00:00,11.15,124.15,6,3.2,022 km N 59° E of City Of Bogo (Cebu),Ms,TECTONIC
874,2025-12-11 16:18:11+00:00,11.26,124.3,1,3.2,009 km S 55° W of Tabango (Leyte),Ms,TECTONIC
875,2025-12-11 15:42:26+00:00,12.47,123.62,5,2.2,014 km S 87° E of Baleno (Masbate),Ms,TECTONIC
876,2025-12-11 15:33:00+00:00,19.51,120.2,47,3.0,120 km N 23° W of Burgos (Ilocos Norte),Ms,TECTONIC
877,2025-12-11 15:29:17+00:00,11.0,124.09,2,2.5,013 km S 68° E of City Of Bogo (Cebu),Ms,TECTONIC
878,2025-12-11 15:27:43+00:00,7.29,126.91,7,2.4,042 km N 77° E of Manay (Davao Oriental),Ms,TECTONIC
879,2025-12-11 15:12:06+00:00,7.98,126.8,9,2.5,052 km N 30° E of Baganga (Davao Oriental),Ms,TECTONIC
880,2025-12-11 15:08:20+00:00,12.47,120.43,26,1.7,057 km S 78° W of Calintaan (Occidental Mindoro),Ms,TECTONIC
881,2025-12-11 15:00:08+00:00,9.53,126.18,33,1.7,028 km S 06° E of General Luna (Surigao Del Norte),Ms,TECTONIC
882,2025-12-11 14:54:32+00:00,6.91,127.33,14,3.4,093 km S 69° E of Manay (Davao Oriental),Ms,TECTONIC
883,2025-12-11 14:54:28+00:00,11.13,124.09,21,1.9,015 km N 51° E of City Of Bogo (Cebu),Ms,TECTONIC
884,2025-12-11 14:48:35+00:00,16.72,119.92,19,3.7,037 km N 05° E of Bolinao (Pangasinan),Ms,TECTONIC
885,2025-12-11 14:35:11+00:00,13.65,119.63,16,2.3,059 km S 66° W of Lubang (Occidental Mindoro),Ms,TECTONIC
886,2025-12-11 14:22:52+00:00,6.87,127.65,1,2.9,128 km S 73° E of Manay (Davao Oriental),Ms,TECTONIC
887,2025-12-11 13:57:54+00:00,8.53,126.05,127,2.6,008 km N 89° W of Barobo (Surigao Del Sur),Ms,TECTONIC
888,2025-12-11 13:52:13+00:00,14.07,120.77,121,1.6,007 km N 39° E of Tuy (Batangas),Ms,TECTONIC
889,2025-12-11 13:12:44+00:00,5.14,126.15,36,3.0,086 km S 70° E of Balut Island (Municipality Of Sarangani) (Davao Occidental),Ms,TECTONIC
890,2025-12-11 12:33:10+00:00,10.9,123.89,8,3.0,020 km S 32° W of City Of Bogo (Cebu),Ms,TECTONIC
891,2025-12-11 11:49:30+00:00,8.66,126.25,32,1.4,016 km S 19° W of Marihatag (Surigao Del Sur),Ms,TECTONIC
892,2025-12-11 11:47:42+00:00,8.68,126.36,29,2.1,027 km S 13° E of Cagwait (Surigao Del Sur),Ms,TECTONIC
893,2025-12-11 11:44:38+00:00,9.58,122.39,11,2.0,008 km S 76° W of Hinoba-an (Negros Occidental),Ms,TECTONIC
894,2025-12-11 11:42:57+00:00,7.64,126.54,23,2.0,008 km N 22° W of Baganga (Davao Oriental),Ms,TECTONIC
895,2025-12-11 11:39:26+00:00,8.75,126.52,21,2.5,025 km S 77° E of Marihatag (Surigao Del Sur),Ms,TECTONIC
896,2025-12-11 10:18:39+00:00,8.73,126.54,5,2.0,028 km S 73° E of Marihatag (Surigao Del Sur),Ms,TECTONIC
897,2025-12-11 09:58:10+00:00,9.67,126.1,15,2.6,014 km S 25° W of General Luna (Surigao Del Norte),Ms,TECTONIC
898,2025-12-11 09:58:01+00:00,8.74,126.61,8,2.9,039 km S 59° E of Cagwait (Surigao Del Sur),Ms,TECTONIC
899,2025-12-11 09:50:20+00:00,8.78,126.77,2,2.1,051 km S 88° E of Marihatag (Surigao Del Sur),Ms,TECTONIC
900,2025-12-11 09:25:38+00:00,8.78,126.77,2,2.4,052 km S 88° E of Marihatag (Surigao Del Sur),Ms,TECTONIC
901,2025-12-11 09:01:05+00:00,8.78,126.65,10,2.4,042 km S 68° E of Cagwait (Surigao Del Sur),Ms,TECTONIC
902,2025-12-11 08:59:18+00:00,8.57,126.28,2,2.1,025 km S 04° W of Marihatag (Surigao Del Sur),Ms,TECTONIC
903,2025-12-11 08:56:40+00:00,8.86,126.81,4,4.1,058 km N 83° E of Marihatag (Surigao Del Sur),Ms,TECTONIC
904,2025-12-11 08:52:15+00:00,12.5,123.62,4,3.2,014 km N 01° W of City Of Masbate (Masbate),Ms,TECTONIC
905,2025-12-11 08:31:49+00:00,8.81,126.76,7,3.4,051 km N 88° E of Marihatag (Surigao Del Sur),Ms,TECTONIC
906,2025-12-11 08:30:22+00:00,9.41,126.36,14,2.0,023 km N 51° E of Cortes (Surigao Del Sur),Ms,TECTONIC
907,2025-12-11 08:05:25+00:00,9.6,126.23,33,2.2,022 km S 20° E of General Luna (Surigao Del Norte),Ms,TECTONIC
908,2025-12-11 07:58:51+00:00,8.03,123.18,18,2.2,015 km N 89° W of Midsalip (Zamboanga Del Sur),Ms,TECTONIC
909,2025-12-11 07:49:02+00:00,17.59,121.0,44,1.5,002 km N 36° W of Malibcong (Abra),Ms,TECTONIC
910,2025-12-11 07:07:19+00:00,13.69,125.16,31,2.8,084 km S 83° E of Gigmoto (Catanduanes),Ms,TECTONIC
911,2025-12-11 06:42:05+00:00,20.03,121.44,91,3.6,056 km S 53° W of Sabtang (Batanes),Ms,TECTONIC
912,2025-12-11 06:34:00+00:00,8.66,126.24,28,1.6,016 km S 21° W of Marihatag (Surigao Del Sur),Ms,TECTONIC
913,2025-12-11 06:32:55+00:00,8.66,126.24,29,1.6,017 km S 22° W of Marihatag (Surigao Del Sur),Ms,TECTONIC
914,2025-12-11 06:32:14+00:00,8.78,126.59,25,1.7,032 km S 86° E of Marihatag (Surigao Del Sur),Ms,TECTONIC
915,2025-12-11 06:29:09+00:00,8.78,126.79,18,2.2,054 km S 88° E of Marihatag (Surigao Del Sur),Ms,TECTONIC
916,2025-12-11 06:18:35+00:00,8.78,126.58,7,3.6,031 km S 86° E of Marihatag (Surigao Del Sur),Ms,TECTONIC
917,2025-12-11 05:34:29+00:00,6.69,126.86,35,2.8,060 km S 49° E of Tarragona (Davao Oriental),Ms,TECTONIC
918,2025-12-11 05:01:46+00:00,10.98,124.09,25,2.0,014 km S 60° E of City Of Bogo (Cebu),Ms,TECTONIC
919,2025-12-11 02:31:19+00:00,7.85,126.45,25,1.9,007 km N 08° W of Cateel (Davao Oriental),Ms,TECTONIC
920,2025-12-11 01:01:05+00:00,6.01,127.48,15,3.0,162 km S 45° E of Tarragona (Davao Oriental),Ms,TECTONIC
921,2025-12-11 00:35:06+00:00,18.49,121.27,85,2.1,008 km N 67° W of Pamplona (Cagayan),Ms,TECTONIC
922,2025-12-11 00:24:59+00:00,10.97,123.72,3,2.7,029 km S 74° W of City Of Bogo (Cebu),Ms,TECTONIC
923,2025-12-11 00:21:22+00:00,10.93,123.96,7,1.8,013 km S 08° W of City Of Bogo (Cebu),Ms,TECTONIC
924,2025-12-10 22:04:52+00:00,8.41,123.06,33,1.5,006 km S 47° E of Jose Dalman (Zamboanga Del Norte),Ms,TECTONIC
925,2025-12-10 21:51:41+00:00,14.7,119.94,29,1.3,032 km S 31° W of San Antonio (Zambales),Ms,TECTONIC
926,2025-12-10 21:35:19+00:00,10.06,126.21,18,2.8,020 km N 76° E of Santa Monica (Surigao Del Norte),Ms,TECTONIC
927,2025-12-10 21:27:58+00:00,7.43,126.95,27,2.0,044 km N 76° E of Caraga (Davao Oriental),Ms,TECTONIC
928,2025-12-10 21:03:37+00:00,10.99,123.95,3,2.6,007 km S 26° W of City Of Bogo (Cebu),Ms,TECTONIC
929,2025-12-10 20:42:17+00:00,6.29,126.37,52,1.8,052 km S 39° E of Governor Generoso (Davao Oriental),Ms,TECTONIC
930,2025-12-10 20:38:40+00:00,12.82,123.01,13,2.6,027 km S 70° W of Claveria (Masbate),Ms,TECTONIC
931,2025-12-10 20:08:21+00:00,5.94,124.83,25,2.3,021 km N 67° W of Maasim (Sarangani),Ms,TECTONIC
932,2025-12-10 19:59:14+00:00,14.06,120.94,19,1.5,002 km N 44° E of Laurel (Batangas),ML,VOLCANO-TECTONIC
933,2025-12-10 19:31:38+00:00,10.75,122.76,28,1.1,009 km S 32° E of Dumangas (Iloilo),Ms,TECTONIC
934,2025-12-10 19:22:42+00:00,18.45,120.62,5,4.1,007 km S 24° W of Burgos (Ilocos Norte),Ms,TECTONIC
935,2025-12-10 19:06:00+00:00,7.52,126.7,34,2.1,039 km N 27° E of Manay (Davao Oriental),Ms,TECTONIC
936,2025-12-10 18:49:09+00:00,6.47,125.54,8,1.8,010 km N 53° W of Malita (Davao Occidental),Ms,TECTONIC
937,2025-12-10 18:42:42+00:00,6.04,125.31,127,3.3,007 km S 12° E of Alabel (Sarangani),Ms,TECTONIC
938,2025-12-10 18:36:34+00:00,9.81,126.4,4,2.3,027 km N 83° E of General Luna (Surigao Del Norte),Ms,TECTONIC
939,2025-12-10 18:33:15+00:00,5.57,124.89,6,2.6,035 km S 19° W of Maasim (Sarangani),Ms,TECTONIC
940,2025-12-10 18:17:32+00:00,8.46,126.54,20,2.2,024 km N 65° E of Hinatuan (Surigao Del Sur),Ms,TECTONIC
941,2025-12-10 18:14:14+00:00,18.05,120.56,28,1.7,001 km S 21° W of City Of Batac (Ilocos Norte),Ms,TECTONIC
942,2025-12-10 17:48:13+00:00,6.13,127.12,68,2.7,126 km S 36° E of Tarragona (Davao Oriental),Ms,TECTONIC
943,2025-12-10 17:08:25+00:00,17.61,120.51,34,1.9,007 km N 53° W of Langiden (Abra),Ms,TECTONIC
944,2025-12-10 16:21:14+00:00,18.56,120.65,30,2.1,006 km N 08° E of Burgos (Ilocos Norte),Ms,TECTONIC
945,2025-12-10 16:16:57+00:00,18.5,120.87,11,2.4,005 km N 44° W of Adams (Ilocos Norte),Ms,TECTONIC
946,2025-12-10 16:13:33+00:00,7.2,126.96,19,2.7,046 km S 88° E of Manay (Davao Oriental),Ms,TECTONIC
947,2025-12-10 16:01:12+00:00,11.13,124.0,33,1.7,009 km N 15° E of City Of Bogo (Cebu),Ms,TECTONIC
948,2025-12-10 15:46:09+00:00,18.32,121.22,16,1.6,014 km S 84° W of Luna (Apayao),Ms,TECTONIC
949,2025-12-10 15:44:43+00:00,7.66,126.58,33,2.1,010 km N 14° E of Baganga (Davao Oriental),Ms,TECTONIC
950,2025-12-10 15:20:11+00:00,11.13,124.08,4,3.1,015 km N 52° E of City Of Bogo (Cebu),Ms,TECTONIC
951,2025-12-10 14:09:18+00:00,5.48,127.36,20,4.2,192 km S 48° E of Governor Generoso (Davao Oriental),Ms,TECTONIC
952,2025-12-10 13:02:55+00:00,10.15,125.86,13,2.2,024 km N 52° W of Santa Monica (Surigao Del Norte),Ms,TECTONIC
953,2025-12-10 12:34:08+00:00,6.39,123.05,20,2.4,090 km S 72° E of Hadji Mohammad Ajul (Basilan),Ms,TECTONIC
954,2025-12-10 12:18:24+00:00,16.97,121.08,32,1.5,006 km N 13° E of Banaue (Ifugao),Ms,TECTONIC
955,2025-12-10 11:23:57+00:00,11.02,123.89,15,1.4,010 km S 75° W of City Of Bogo (Cebu),Ms,TECTONIC
956,2025-12-10 10:56:12+00:00,11.1,123.97,12,2.2,006 km N 10° W of City Of Bogo (Cebu),Ms,TECTONIC
957,2025-12-10 09:43:28+00:00,17.77,122.0,25,2.5,020 km S 46° E of Baggao (Cagayan),Ms,TECTONIC
958,2025-12-10 09:42:43+00:00,17.78,121.85,28,1.3,012 km S 10° W of Baggao (Cagayan),Ms,TECTONIC
959,2025-12-10 09:34:09+00:00,17.58,120.1,10,2.3,028 km S 87° W of Santa Catalina (Ilocos Sur),Ms,TECTONIC
960,2025-12-10 09:25:28+00:00,5.4,126.54,118,2.1,114 km S 60° E of Jose Abad Santos (Davao Occidental),Ms,TECTONIC
961,2025-12-10 08:40:53+00:00,5.46,127.47,92,2.8,204 km S 49° E of Governor Generoso (Davao Oriental),Ms,TECTONIC
962,2025-12-10 07:40:59+00:00,8.43,125.85,7,4.4,008 km S 76° E of Talacogon (Agusan Del Sur),Mw,TECTONIC
963,2025-12-10 06:07:52+00:00,18.48,120.72,18,2.6,009 km S 70° E of Burgos (Ilocos Norte),Ms,TECTONIC
964,2025-12-10 05:57:35+00:00,18.37,120.74,12,3.7,019 km S 33° E of Burgos (Ilocos Norte),Ms,TECTONIC
965,2025-12-10 05:55:24+00:00,9.7,126.26,28,2.3,015 km S 50° E of General Luna (Surigao Del Norte),Ms,TECTONIC
966,2025-12-10 03:26:26+00:00,10.86,123.96,5,2.0,021 km S 05° W of City Of Bogo (Cebu),Ms,TECTONIC
967,2025-12-10 02:13:10+00:00,10.87,123.9,2,1.9,021 km S 23° W of City Of Bogo (Cebu),Ms,TECTONIC
968,2025-12-09 23:48:00+00:00,11.7,126.43,32,3.1,097 km N 67° E of Hernani (Eastern Samar),Ms,TECTONIC
969,2025-12-09 23:18:56+00:00,13.64,121.04,1,2.4,013 km S 10° W of Batangas City (Batangas),Ms,TECTONIC
970,2025-12-09 22:53:26+00:00,5.09,125.26,61,3.1,040 km S 26° W of Balut Island (Municipality Of Sarangani) (Davao Occidental),Ms,TECTONIC
971,2025-12-09 21:56:48+00:00,13.3,121.5,33,1.3,018 km N 22° E of Pola (Oriental Mindoro),Ms,TECTONIC
972,2025-12-09 21:49:00+00:00,7.49,126.75,29,2.1,023 km S 65° E of Baganga (Davao Oriental),Ms,TECTONIC
973,2025-12-09 21:28:36+00:00,6.39,126.39,57,2.4,045 km S 50° E of Governor Generoso (Davao Oriental),Ms,TECTONIC
974,2025-12-09 20:48:26+00:00,9.66,126.31,28,2.4,021 km S 51° E of General Luna (Surigao Del Norte),Ms,TECTONIC
975,2025-12-09 20:36:23+00:00,9.73,126.32,29,2.0,019 km S 73° E of General Luna (Surigao Del Norte),Ms,TECTONIC
976,2025-12-09 20:29:31+00:00,18.05,120.69,34,2.0,001 km N 67° E of Marcos (Ilocos Norte),Ms,TECTONIC
977,2025-12-09 20:16:56+00:00,9.77,126.29,33,1.8,014 km S 84° E of General Luna (Surigao Del Norte),Ms,TECTONIC
978,2025-12-09 20:14:41+00:00,6.99,127.0,16,3.1,056 km S 64° E of Manay (Davao Oriental),Ms,TECTONIC
979,2025-12-09 20:03:28+00:00,16.1,120.11,48,2.7,004 km N 27° E of Sual (Pangasinan),Ms,TECTONIC
980,2025-12-09 18:56:37+00:00,9.77,126.28,45,2.2,014 km S 82° E of General Luna (Surigao Del Norte),Ms,TECTONIC
981,2025-12-09 18:39:33+00:00,10.27,126.02,17,2.3,028 km N 12° W of Burgos (Surigao Del Norte),Ms,TECTONIC
982,2025-12-09 18:32:17+00:00,8.19,126.9,9,2.4,057 km N 73° E of Lingig (Surigao Del Sur),Ms,TECTONIC
983,2025-12-09 18:21:53+00:00,10.91,124.0,2,2.2,016 km S 09° E of City Of Bogo (Cebu),Ms,TECTONIC
984,2025-12-09 18:18:55+00:00,11.25,125.68,4,2.5,012 km S 36° E of Hernani (Eastern Samar),Ms,TECTONIC
985,2025-12-09 17:31:23+00:00,8.68,124.66,21,1.6,011 km N 71° W of Jasaan (Misamis Oriental),Ms,TECTONIC
986,2025-12-09 17:22:11+00:00,9.59,125.63,9,2.4,002 km S 35° W of Bacuag (Surigao Del Norte),Ms,TECTONIC
987,2025-12-09 17:17:37+00:00,16.02,119.98,15,2.2,007 km S 34° E of Mabini (Pangasinan),Ms,TECTONIC
988,2025-12-09 17:07:48+00:00,11.18,124.17,5,2.4,026 km N 54° E of City Of Bogo (Cebu),Ms,TECTONIC
989,2025-12-09 16:57:55+00:00,13.56,120.97,3,2.3,006 km N 17° E of Puerto Galera (Oriental Mindoro),Ms,TECTONIC
990,2025-12-09 15:56:24+00:00,15.84,119.9,23,2.9,001 km N 06° W of Infanta (Pangasinan),Ms,TECTONIC
991,2025-12-09 15:42:06+00:00,11.47,123.75,2,2.5,020 km N 04° E of Madridejos (Cebu),Ms,TECTONIC
992,2025-12-09 13:59:45+00:00,13.5,120.7,92,3.4,007 km N 21° W of Abra De Ilog (Occidental Mindoro),Ms,TECTONIC
993,2025-12-09 13:00:43+00:00,13.13,124.78,7,1.9,065 km N 81° E of Prieto Diaz (Sorsogon),Ms,TECTONIC
994,2025-12-09 12:29:08+00:00,8.97,126.62,12,2.4,036 km N 82° E of Cagwait (Surigao Del Sur),Ms,TECTONIC
995,2025-12-09 11:06:31+00:00,9.39,126.16,19,4.4,013 km N 15° W of Cortes (Surigao Del Sur),Mw,TECTONIC
996,2025-12-09 10:51:13+00:00,10.89,123.98,3,2.0,017 km S 01° W of City Of Bogo (Cebu),Ms,TECTONIC
997,2025-12-09 10:33:37+00:00,10.92,123.97,3,2.8,014 km S 03° W of City Of Bogo (Cebu),Ms,TECTONIC
998,2025-12-09 09:30:39+00:00,13.2,124.25,28,1.4,013 km N 85° E of Rapu-rapu (Albay),Ms,TECTONIC
999,2025-12-09 08:25:38+00:00,8.78,126.5,18,2.8,026 km S 56° E of Cagwait (Surigao Del Sur),Ms,TECTONIC
1000,2025-12-09 08:13:21+00:00,14.13,120.36,106,1.5,030 km N 79° W of Nasugbu (Batangas),Ms,TECTONIC
1001,2025-12-09 08:04:48+00:00,6.54,124.97,101,2.6,012 km N 27° E of Tampakan (South Cotabato),Ms,TECTONIC
1002,2025-12-09 08:02:03+00:00,6.25,124.74,4,2.4,004 km N 50° E of Lake Sebu (South Cotabato),Ms,TECTONIC
1003,2025-12-09 07:58:31+00:00,11.03,124.08,4,2.9,011 km S 80° E of City Of Bogo (Cebu),Ms,TECTONIC
1004,2025-12-09 07:54:41+00:00,16.08,121.99,9,2.5,008 km S 28° E of Dinalungan (Aurora),Ms,TECTONIC
1005,2025-12-09 07:32:04+00:00,6.27,126.31,125,2.3,050 km S 32° E of Governor Generoso (Davao Oriental),Ms,TECTONIC
1006,2025-12-09 07:31:18+00:00,6.71,124.26,6,1.9,021 km S 37° E of South Upi (Maguindanao Del Sur),Ms,TECTONIC
1007,2025-12-09 06:05:19+00:00,5.95,126.91,149,2.2,121 km S 50° E of Governor Generoso (Davao Oriental),Ms,TECTONIC
1008,2025-12-09 05:03:50+00:00,9.64,126.12,36,2.0,016 km S 15° W of General Luna (Surigao Del Norte),Ms,TECTONIC
1009,2025-12-09 03:55:00+00:00,8.33,125.92,14,2.1,011 km S 56° W of Rosario (Agusan Del Sur),Ms,TECTONIC
1010,2025-12-09 02:11:42+00:00,10.91,123.95,2,2.4,016 km S 10° W of City Of Bogo (Cebu),Ms,TECTONIC
1011,2025-12-09 01:42:37+00:00,18.48,121.65,3,2.3,014 km N 06° E of Aparri (Cagayan),Ms,TECTONIC
1012,2025-12-09 01:35:25+00:00,15.25,119.88,33,1.5,014 km S 50° W of Iba (Zambales),Ms,TECTONIC
1013,2025-12-09 01:26:58+00:00,10.83,123.72,2,2.4,016 km N 45° W of Tuburan (Cebu),Ms,TECTONIC
1014,2025-12-09 00:37:00+00:00,9.6,126.23,34,2.0,022 km S 20° E of General Luna (Surigao Del Norte),Ms,TECTONIC
1015,2025-12-08 23:56:28+00:00,9.98,122.4,10,2.6,023 km N 09° W of City Of Sipalay (Negros Occidental),Ms,TECTONIC
1016,2025-12-08 22:06:51+00:00,13.27,120.27,17,1.9,027 km S 53° W of Paluan (Occidental Mindoro),Ms,TECTONIC
1017,2025-12-08 21:25:10+00:00,10.96,123.88,8,2.4,015 km S 49° W of City Of Bogo (Cebu),Ms,TECTONIC
1018,2025-12-08 21:20:31+00:00,6.8,125.3,12,2.3,008 km N 47° W of City Of Digos (Davao Del Sur),Ms,TECTONIC
1019,2025-12-08 20:48:47+00:00,5.09,126.06,31,2.7,075 km S 59° E of Sarangani Island (Municipality Of Sarangani) (Davao Occidental),Ms,TECTONIC
1020,2025-12-08 20:40:47+00:00,6.74,125.83,1,2.0,027 km S 51° W of Lupon (Davao Oriental),Ms,TECTONIC
1021,2025-12-08 20:17:15+00:00,7.83,126.05,4,1.7,001 km N 08° E of Monkayo (Davao De Oro),Ms,TECTONIC
1022,2025-12-08 20:07:01+00:00,7.02,125.36,10,1.5,022 km N 15° W of Santa Cruz (Davao Del Sur),Ms,TECTONIC
1023,2025-12-08 20:06:42+00:00,7.86,123.14,31,1.7,006 km N 88° E of Lakewood (Zamboanga Del Sur),Ms,TECTONIC
1024,2025-12-08 20:02:51+00:00,15.51,120.13,69,1.5,019 km S 84° E of Masinloc (Zambales),Ms,TECTONIC
1025,2025-12-08 20:02:11+00:00,17.35,121.76,29,1.8,005 km S 09° W of Santo Tomas (Isabela),Ms,TECTONIC
1026,2025-12-08 18:50:42+00:00,7.66,124.72,22,2.1,003 km N 09° W of Wao (Lanao Del Sur),Ms,TECTONIC
1027,2025-12-08 18:43:13+00:00,17.59,120.23,32,1.5,015 km West of Santa Catalina (Ilocos Sur),Ms,TECTONIC
1028,2025-12-08 17:52:07+00:00,10.43,126.16,10,2.6,059 km S 52° E of Homonhon Island (Guiuan) (Eastern Samar),Ms,TECTONIC
1029,2025-12-08 17:30:30+00:00,13.91,120.42,83,2.2,024 km N 70° W of Calatagan (Batangas),Ms,TECTONIC
1030,2025-12-08 16:59:23+00:00,9.35,125.97,23,1.7,002 km N 22° W of Cantilan (Surigao Del Sur),Ms,TECTONIC
1031,2025-12-08 16:32:03+00:00,8.51,125.89,19,2.4,009 km N 89° W of San Francisco (Agusan Del Sur),Ms,TECTONIC
1032,2025-12-08 15:57:10+00:00,6.28,126.42,27,2.2,057 km S 42° E of Governor Generoso (Davao Oriental),Ms,TECTONIC
1033,2025-12-08 15:39:17+00:00,11.21,124.14,6,2.4,025 km N 45° E of City Of Bogo (Cebu),Ms,TECTONIC
1034,2025-12-08 13:13:26+00:00,17.96,123.29,60,2.6,126 km N 57° E of Divilacan (Isabela),Ms,TECTONIC
1035,2025-12-08 12:36:15+00:00,8.53,126.59,10,3.0,033 km N 58° E of Hinatuan (Surigao Del Sur),Ms,TECTONIC
1036,2025-12-08 11:59:18+00:00,13.16,120.8,48,3.9,012 km N 46° E of Santa Cruz (Occidental Mindoro),Ms,TECTONIC
1037,2025-12-08 11:21:11+00:00,12.31,125.5,14,2.9,014 km N 74° E of Arteche (Eastern Samar),Ms,TECTONIC
1038,2025-12-08 11:21:10+00:00,9.7,126.12,15,2.2,010 km S 22° W of General Luna (Surigao Del Norte),Ms,TECTONIC
1039,2025-12-08 10:52:03+00:00,11.32,124.12,33,1.5,033 km N 27° E of City Of Bogo (Cebu),Ms,TECTONIC
1040,2025-12-08 10:32:14+00:00,7.85,126.41,12,1.6,009 km N 36° W of Cateel (Davao Oriental),Ms,TECTONIC
1041,2025-12-08 10:21:03+00:00,8.47,125.74,27,1.8,008 km S 60° E of San Luis (Agusan Del Sur),Ms,TECTONIC
1042,2025-12-08 09:56:07+00:00,8.94,126.35,41,2.2,006 km N 71° E of Cagwait (Surigao Del Sur),Ms,TECTONIC
1043,2025-12-08 09:30:30+00:00,12.88,121.12,23,2.0,036 km N 88° W of Bansud (Oriental Mindoro),Ms,TECTONIC
1044,2025-12-08 07:42:47+00:00,19.06,121.22,19,2.7,006 km S 18° E of Dalupiri Island (Calayan) (Cagayan),Ms,TECTONIC
1045,2025-12-08 07:02:08+00:00,10.94,123.87,5,2.7,017 km S 44° W of City Of Bogo (Cebu),Ms,TECTONIC
1046,2025-12-08 06:05:32+00:00,12.97,121.22,4,2.1,022 km S 64° W of Socorro (Oriental Mindoro),Ms,TECTONIC
1047,2025-12-08 00:30:36+00:00,9.62,125.99,11,1.8,026 km S 44° W of General Luna (Surigao Del Norte),Ms,TECTONIC
1048,2025-12-07 23:43:59+00:00,10.92,123.9,3,2.8,017 km S 26° W of City Of Bogo (Cebu),Ms,TECTONIC
1049,2025-12-07 22:14:42+00:00,17.94,120.19,16,3.2,029 km N 73° W of Sinait (Ilocos Sur),Ms,TECTONIC
1050,2025-12-07 20:48:15+00:00,5.83,127.28,22,2.9,162 km S 56° E of Governor Generoso (Davao Oriental),Ms,TECTONIC
1051,2025-12-07 20:47:05+00:00,5.7,127.18,3,3.4,160 km S 49° E of Governor Generoso (Davao Oriental),Ms,TECTONIC
1052,2025-12-07 19:31:45+00:00,17.4,120.65,2,3.1,005 km S 77° E of Pilar (Abra),Ms,TECTONIC
1053,2025-12-07 19:14:30+00:00,10.06,126.03,28,1.8,005 km N 06° W of Santa Monica (Surigao Del Norte),Ms,TECTONIC
1054,2025-12-07 19:05:07+00:00,9.77,126.12,25,2.1,005 km S 73° W of General Luna (Surigao Del Norte),Ms,TECTONIC
1055,2025-12-07 18:00:04+00:00,11.27,124.62,4,3.0,004 km S 47° W of Capoocan (Leyte),Ms,TECTONIC
1056,2025-12-07 17:50:27+00:00,9.42,122.34,9,2.6,025 km S 34° W of Hinoba-an (Negros Occidental),Ms,TECTONIC
1057,2025-12-07 17:49:15+00:00,12.19,125.09,24,2.3,017 km N 78° W of Maslog (Eastern Samar),Ms,TECTONIC
1058,2025-12-07 17:48:05+00:00,15.37,121.84,4,2.5,049 km S 87° E of Dingalan (Aurora),Ms,TECTONIC
1059,2025-12-07 17:21:45+00:00,5.53,126.85,12,2.9,140 km S 72° E of Jose Abad Santos (Davao Occidental),Ms,TECTONIC
1060,2025-12-07 17:20:21+00:00,7.91,125.04,33,1.5,005 km N 76° W of City Of Valencia (Bukidnon),Ms,TECTONIC
1061,2025-12-07 17:12:52+00:00,12.45,123.4,22,1.6,007 km S 03° W of Aroroy (Masbate),Ms,TECTONIC
1062,2025-12-07 17:12:23+00:00,11.86,125.51,5,2.8,008 km N 49° E of Sulat (Eastern Samar),Ms,TECTONIC
1063,2025-12-07 16:27:26+00:00,8.83,126.56,12,1.9,030 km S 70° E of Cagwait (Surigao Del Sur),Ms,TECTONIC
1064,2025-12-07 15:22:27+00:00,6.27,124.17,51,2.8,007 km N 20° W of Palimbang (Sultan Kudarat),Ms,TECTONIC
1065,2025-12-07 14:52:45+00:00,11.25,124.13,4,1.5,027 km N 36° E of City Of Bogo (Cebu),Ms,TECTONIC
1066,2025-12-07 14:42:37+00:00,11.15,124.13,9,2.0,021 km N 55° E of City Of Bogo (Cebu),Ms,TECTONIC
1067,2025-12-07 14:30:59+00:00,10.55,125.67,26,2.7,023 km N 27° E of Loreto (Dinagat Islands),Ms,TECTONIC
1068,2025-12-07 14:01:49+00:00,8.58,126.21,154,2.8,014 km S 67° E of Lianga (Surigao Del Sur),Ms,TECTONIC
1069,2025-12-07 13:22:17+00:00,9.49,122.12,10,2.9,040 km S 71° W of Hinoba-an (Negros Occidental),Ms,TECTONIC
1070,2025-12-07 12:11:39+00:00,11.02,123.96,2,3.0,004 km S 39° W of City Of Bogo (Cebu),Ms,TECTONIC
1071,2025-12-07 11:34:39+00:00,5.62,125.8,131,2.1,036 km S 29° E of Jose Abad Santos (Davao Occidental),Ms,TECTONIC
1072,2025-12-07 11:30:48+00:00,18.46,120.77,42,2.1,008 km S 02° E of Bangui (Ilocos Norte),Ms,TECTONIC
1073,2025-12-07 11:24:36+00:00,7.26,126.67,13,2.3,016 km N 70° E of Manay (Davao Oriental),Ms,TECTONIC
1074,2025-12-07 11:16:36+00:00,9.67,126.15,13,3.4,013 km S 02° W of General Luna (Surigao Del Norte),Ms,TECTONIC
1075,2025-12-07 10:30:40+00:00,9.4,122.24,3,2.5,033 km S 47° W of Hinoba-an (Negros Occidental),Ms,TECTONIC
1076,2025-12-07 09:39:24+00:00,8.08,127.06,11,3.4,072 km N 86° E of Lingig (Surigao Del Sur),Ms,TECTONIC
1077,2025-12-07 09:18:03+00:00,5.22,127.42,132,2.9,211 km S 69° E of Jose Abad Santos (Davao Occidental),Ms,TECTONIC
1078,2025-12-07 08:50:06+00:00,13.79,123.97,21,1.6,012 km N 80° E of Caramoan (Camarines Sur),Ms,TECTONIC
1079,2025-12-07 08:47:43+00:00,5.82,125.95,135,2.5,036 km S 74° E of Jose Abad Santos (Davao Occidental),Ms,TECTONIC
1080,2025-12-07 07:52:40+00:00,13.78,120.61,81,1.5,007 km S 24° W of Calatagan (Batangas),Ms,TECTONIC
1081,2025-12-07 07:51:02+00:00,6.65,125.22,3,2.4,007 km S 01° E of Matanao (Davao Del Sur),Ms,TECTONIC
1082,2025-12-07 07:45:52+00:00,9.44,122.22,13,2.6,032 km S 57° W of Hinoba-an (Negros Occidental),Ms,TECTONIC
1083,2025-12-07 07:42:32+00:00,9.42,122.22,7,3.8,034 km S 53° W of Hinoba-an (Negros Occidental),Ms,TECTONIC
1084,2025-12-07 07:21:14+00:00,9.64,126.07,17,2.3,011 km N 81° E of Socorro (Surigao Del Norte),Ms,TECTONIC
1085,2025-12-07 06:49:15+00:00,9.37,125.69,10,2.2,015 km S 55° E of Kitcharao (Agusan Del Norte),Ms,TECTONIC
1086,2025-12-07 06:33:33+00:00,13.42,120.25,8,1.7,023 km N 90° W of Paluan (Occidental Mindoro),Ms,TECTONIC
1087,2025-12-07 05:43:19+00:00,10.02,125.72,107,1.9,014 km S 68° E of Basilisa (Dinagat Islands),Ms,TECTONIC
1088,2025-12-07 05:30:56+00:00,9.73,126.11,17,2.5,008 km S 44° W of General Luna (Surigao Del Norte),Ms,TECTONIC
1089,2025-12-07 04:52:36+00:00,8.68,126.77,19,1.8,054 km S 76° E of Marihatag (Surigao Del Sur),Ms,TECTONIC
1090,2025-12-07 03:31:09+00:00,7.72,126.8,28,2.1,030 km N 59° E of Baganga (Davao Oriental),Ms,TECTONIC
1091,2025-12-07 02:45:01+00:00,11.0,124.04,10,1.8,008 km S 54° E of City Of Bogo (Cebu),Ms,TECTONIC
1092,2025-12-07 02:34:09+00:00,13.75,120.35,1,2.0,011 km N 70° E of Looc (Occidental Mindoro),Ms,TECTONIC
1093,2025-12-07 02:12:19+00:00,10.98,123.97,5,2.7,007 km S 05° W of City Of Bogo (Cebu),Ms,TECTONIC
1094,2025-12-07 00:05:52+00:00,8.66,126.77,3,1.9,059 km S 61° E of Cagwait (Surigao Del Sur),Ms,TECTONIC
1095,2025-12-06 20:59:05+00:00,11.31,124.44,33,1.5,007 km N 85° E of Tabango (Leyte),Ms,TECTONIC
1096,2025-12-06 20:16:31+00:00,13.6,120.68,91,1.6,018 km N 18° W of Abra De Ilog (Occidental Mindoro),Ms,TECTONIC
1097,2025-12-06 20:14:43+00:00,15.7,120.17,32,1.4,017 km S 53° W of Mangatarem (Pangasinan),Ms,TECTONIC
1098,2025-12-06 19:58:53+00:00,8.31,123.35,27,1.5,017 km N 86° W of Sergio Osmeña Sr. (Zamboanga Del Norte),Ms,TECTONIC
1099,2025-12-06 19:39:41+00:00,10.13,124.92,20,1.9,006 km N 25° W of Macrohon (Southern Leyte),Ms,TECTONIC
1100,2025-12-06 19:20:35+00:00,18.0,121.52,53,2.6,011 km S 52° W of Lasam (Cagayan),Ms,TECTONIC
1101,2025-12-06 19:03:44+00:00,3.8,125.8,125,4.0,183 km S 13° E of Balut Island (Municipality Of Sarangani) (Davao Occidental),Ms,TECTONIC
1102,2025-12-06 17:55:47+00:00,15.2,122.72,5,2.4,069 km N 37° E of Jomalig (Quezon),Ms,TECTONIC
1103,2025-12-06 17:09:57+00:00,8.99,126.44,29,2.4,017 km N 64° E of Cagwait (Surigao Del Sur),Ms,TECTONIC
1104,2025-12-06 17:08:26+00:00,11.09,124.03,16,2.0,007 km N 51° E of City Of Bogo (Cebu),Ms,TECTONIC
1105,2025-12-06 16:33:02+00:00,13.2,121.4,24,2.4,008 km N 35° W of Pola (Oriental Mindoro),Ms,TECTONIC
1106,2025-12-06 16:27:45+00:00,9.64,126.18,32,1.8,016 km S 10° E of General Luna (Surigao Del Norte),Ms,TECTONIC
1107,2025-12-06 15:59:32+00:00,6.36,124.0,6,1.8,022 km S 16° W of Kalamansig (Sultan Kudarat),Ms,TECTONIC
1108,2025-12-06 15:48:54+00:00,13.08,121.18,8,3.7,014 km S 46° W of Victoria (Oriental Mindoro),Ms,TECTONIC
1109,2025-12-06 15:46:44+00:00,5.81,125.82,68,2.4,023 km S 60° E of Jose Abad Santos (Davao Occidental),Ms,TECTONIC
1110,2025-12-06 15:39:47+00:00,18.27,120.07,17,3.2,052 km N 58° W of Currimao (Ilocos Norte),Ms,TECTONIC
1111,2025-12-06 15:18:26+00:00,17.4,120.21,27,1.8,025 km S 47° W of Caoayan (Ilocos Sur),Ms,TECTONIC
1112,2025-12-06 14:40:32+00:00,7.6,127.24,25,2.3,075 km N 88° E of Baganga (Davao Oriental),Ms,TECTONIC
1113,2025-12-06 14:36:12+00:00,6.28,124.68,7,3.5,007 km N 30° W of Lake Sebu (South Cotabato),Ms,TECTONIC
1114,2025-12-06 13:25:22+00:00,11.21,124.22,8,2.5,032 km N 56° E of City Of Bogo (Cebu),Ms,TECTONIC
1115,2025-12-06 13:12:44+00:00,6.37,126.03,108,2.4,032 km S 09° W of Governor Generoso (Davao Oriental),Ms,TECTONIC
1116,2025-12-06 12:40:16+00:00,8.96,126.28,78,3.0,001 km S 04° E of Bayabas (Surigao Del Sur),Ms,TECTONIC
1117,2025-12-06 12:00:05+00:00,8.4,127.4,31,2.7,116 km N 70° E of Lingig (Surigao Del Sur),Ms,TECTONIC
1118,2025-12-06 09:58:25+00:00,13.67,120.62,13,2.0,018 km S 06° W of Calatagan (Batangas),Ms,TECTONIC
1119,2025-12-06 09:31:11+00:00,9.66,126.01,34,1.6,006 km N 47° E of Socorro (Surigao Del Norte),Ms,TECTONIC
1120,2025-12-06 08:26:49+00:00,8.8,126.58,27,2.8,033 km S 67° E of Cagwait (Surigao Del Sur),Ms,TECTONIC
1121,2025-12-06 05:55:01+00:00,11.13,124.12,3,3.0,018 km N 59° E of City Of Bogo (Cebu),Ms,TECTONIC
1122,2025-12-06 02:44:46+00:00,7.26,126.93,14,3.6,044 km N 82° E of Manay (Davao Oriental),Ms,TECTONIC
1123,2025-12-06 02:25:08+00:00,10.92,123.94,6,2.0,015 km S 16° W of City Of Bogo (Cebu),Ms,TECTONIC
1124,2025-12-06 02:11:42+00:00,11.21,124.1,11,2.9,022 km N 36° E of City Of Bogo (Cebu),Ms,TECTONIC
1125,2025-12-06 01:52:18+00:00,17.09,120.36,21,2.8,010 km N 87° W of Santa Cruz (Ilocos Sur),Ms,TECTONIC
1126,2025-12-05 23:59:35+00:00,7.85,124.52,2,1.7,017 km S 84° E of Lumba-bayabao (Lanao Del Sur),Ms,TECTONIC
1127,2025-12-05 23:58:04+00:00,7.26,126.62,155,2.0,010 km S 38° E of Caraga (Davao Oriental),Ms,TECTONIC
1128,2025-12-05 23:46:56+00:00,4.89,127.32,33,3.3,215 km S 73° E of Sarangani Island (Municipality Of Sarangani) (Davao Occidental),Ms,TECTONIC
1129,2025-12-05 23:35:45+00:00,11.12,123.89,7,2.3,012 km N 48° W of City Of Bogo (Cebu),Ms,TECTONIC
1130,2025-12-05 22:23:25+00:00,9.04,122.59,45,2.9,041 km S 08° W of Basay (Negros Oriental),Ms,TECTONIC
1131,2025-12-05 22:06:11+00:00,10.97,123.92,6,2.2,011 km S 37° W of City Of Bogo (Cebu),Ms,TECTONIC
1132,2025-12-05 21:24:36+00:00,9.59,122.35,34,3.2,013 km S 86° W of Hinoba-an (Negros Occidental),Ms,TECTONIC
1133,2025-12-05 20:09:02+00:00,7.43,126.54,19,2.7,024 km N 01° E of Manay (Davao Oriental),Ms,TECTONIC
1134,2025-12-05 20:04:28+00:00,18.09,120.69,1,2.7,002 km S 26° W of Dingras (Ilocos Norte),Ms,TECTONIC
1135,2025-12-05 20:02:02+00:00,7.13,126.76,7,2.1,026 km S 70° E of Manay (Davao Oriental),Ms,TECTONIC
1136,2025-12-05 19:52:22+00:00,9.39,126.69,2,2.2,056 km N 77° E of Cortes (Surigao Del Sur),Ms,TECTONIC
1137,2025-12-05 19:40:03+00:00,7.89,124.56,1,2.4,018 km N 48° W of Amai Manabilang (Lanao Del Sur),Ms,TECTONIC
1138,2025-12-05 19:37:21+00:00,18.09,120.67,1,4.6,005 km N 15° W of Marcos (Ilocos Norte),Ms,TECTONIC
1139,2025-12-05 19:08:26+00:00,10.9,123.84,2,2.0,022 km S 44° W of City Of Bogo (Cebu),Ms,TECTONIC
1140,2025-12-05 18:57:22+00:00,10.92,123.82,4,3.5,022 km S 52° W of City Of Bogo (Cebu),Ms,TECTONIC
1141,2025-12-05 18:43:50+00:00,7.89,127.48,15,3.1,108 km N 71° E of Baganga (Davao Oriental),Ms,TECTONIC
1142,2025-12-05 18:31:22+00:00,10.91,123.79,2,3.8,026 km S 55° W of City Of Bogo (Cebu),Ms,TECTONIC
1143,2025-12-05 18:19:32+00:00,7.86,127.51,2,3.6,109 km N 73° E of Baganga (Davao Oriental),Ms,TECTONIC
1144,2025-12-05 18:11:44+00:00,18.36,120.92,12,2.0,018 km N 48° W of Calanasan (Apayao),Ms,TECTONIC
1145,2025-12-05 18:06:07+00:00,7.26,126.85,8,2.4,035 km N 81° E of Manay (Davao Oriental),Ms,TECTONIC
1146,2025-12-05 18:05:05+00:00,9.05,126.61,18,2.2,037 km N 66° E of Cagwait (Surigao Del Sur),Ms,TECTONIC
1147,2025-12-05 17:51:46+00:00,9.65,126.22,32,1.5,016 km S 25° E of General Luna (Surigao Del Norte),Ms,TECTONIC
1148,2025-12-05 17:45:20+00:00,5.6,125.09,31,1.6,027 km S 28° W of Glan (Sarangani),Ms,TECTONIC
1149,2025-12-05 17:32:16+00:00,7.09,123.53,40,1.4,043 km S 18° E of Tabina (Zamboanga Del Sur),Ms,TECTONIC
1150,2025-12-05 17:23:41+00:00,9.25,126.78,5,2.3,064 km N 55° E of Cagwait (Surigao Del Sur),Ms,TECTONIC
1151,2025-12-05 17:12:48+00:00,9.85,126.12,28,2.0,002 km S 47° E of Pilar (Surigao Del Norte),Ms,TECTONIC
1152,2025-12-05 16:57:50+00:00,19.19,121.23,12,3.4,009 km N 12° E of Dalupiri Island (Calayan) (Cagayan),Ms,TECTONIC
1153,2025-12-05 16:53:25+00:00,10.63,123.75,7,1.9,008 km N 26° E of Asturias (Cebu),Ms,TECTONIC
1154,2025-12-05 15:38:32+00:00,12.85,121.61,35,1.4,014 km S 60° W of Concepcion (Romblon),Ms,TECTONIC
1155,2025-12-05 15:34:16+00:00,4.78,127.24,36,3.3,211 km S 69° E of Sarangani Island (Municipality Of Sarangani) (Davao Occidental),Ms,TECTONIC
1156,2025-12-05 15:31:00+00:00,15.96,119.42,21,3.4,044 km S 66° W of Agno (Pangasinan),Ms,TECTONIC
1157,2025-12-05 15:24:26+00:00,17.77,120.58,28,1.7,013 km N 46° W of Danglas (Abra),Ms,TECTONIC
1158,2025-12-05 15:02:35+00:00,11.52,124.36,7,2.3,006 km S 42° W of Naval (Biliran),Ms,TECTONIC
1159,2025-12-05 14:14:30+00:00,5.62,126.14,36,1.8,063 km S 59° E of Jose Abad Santos (Davao Occidental),Ms,TECTONIC
1160,2025-12-05 14:05:38+00:00,12.87,123.29,2,2.0,006 km S 53° E of Claveria (Masbate),Ms,TECTONIC
1161,2025-12-05 14:01:59+00:00,9.55,126.27,33,1.4,029 km S 25° E of General Luna (Surigao Del Norte),Ms,TECTONIC
1162,2025-12-05 14:00:23+00:00,8.25,126.93,6,2.2,061 km N 68° E of Lingig (Surigao Del Sur),Ms,TECTONIC
1163,2025-12-05 12:58:39+00:00,16.72,121.0,12,1.8,008 km N 53° E of Tinoc (Ifugao),Ms,TECTONIC
1164,2025-12-05 12:58:08+00:00,16.73,120.92,3,2.4,006 km N 17° W of Tinoc (Ifugao),Ms,TECTONIC
1165,2025-12-05 12:43:36+00:00,7.4,126.76,21,2.7,032 km N 50° E of Manay (Davao Oriental),Ms,TECTONIC
1166,2025-12-05 11:21:36+00:00,17.48,120.55,1,3.1,004 km N 35° E of Nagbukel (Ilocos Sur),Ms,TECTONIC
1167,2025-12-05 10:44:53+00:00,9.54,126.19,30,1.5,027 km S 08° E of General Luna (Surigao Del Norte),Ms,TECTONIC
1168,2025-12-05 09:36:09+00:00,10.98,123.95,15,2.1,008 km S 21° W of City Of Bogo (Cebu),Ms,TECTONIC
1169,2025-12-05 08:21:01+00:00,9.65,126.15,33,1.8,014 km S 04° W of General Luna (Surigao Del Norte),Ms,TECTONIC
1170,2025-12-05 06:05:49+00:00,17.67,121.32,1,3.1,011 km N 56° W of Pinukpuk (Kalinga),Ms,TECTONIC
1171,2025-12-05 05:14:56+00:00,17.66,121.32,1,3.1,011 km N 60° W of Pinukpuk (Kalinga),Ms,TECTONIC
1172,2025-12-05 05:13:08+00:00,11.06,124.04,2,3.0,007 km N 74° E of City Of Bogo (Cebu),Ms,TECTONIC
1173,2025-12-05 04:11:20+00:00,10.92,123.98,7,3.1,013 km S 01° W of City Of Bogo (Cebu),Ms,TECTONIC
1174,2025-12-05 03:01:52+00:00,9.52,122.47,18,2.4,009 km S 06° E of Hinoba-an (Negros Occidental),Ms,TECTONIC
1175,2025-12-05 03:00:55+00:00,8.82,126.5,13,2.8,024 km S 63° E of Cagwait (Surigao Del Sur),Ms,TECTONIC
1176,2025-12-05 02:42:25+00:00,11.13,124.06,2,2.1,013 km N 47° E of City Of Bogo (Cebu),Ms,TECTONIC
1177,2025-12-05 00:36:07+00:00,10.67,125.01,1,1.8,008 km S 02° W of Abuyog (Leyte),Ms,TECTONIC
1178,2025-12-04 21:27:27+00:00,6.11,126.25,106,2.7,062 km S 81° E of Don Marcelino (Davao Occidental),Ms,TECTONIC
1179,2025-12-04 21:23:26+00:00,9.63,126.11,15,3.3,018 km S 18° W of General Luna (Surigao Del Norte),Ms,TECTONIC
1180,2025-12-04 20:11:00+00:00,16.11,121.43,7,1.7,023 km S 56° W of Nagtipunan (Quirino),Ms,TECTONIC
1181,2025-12-04 20:03:50+00:00,4.12,126.12,12,3.6,163 km S 28° E of Balut Island (Municipality Of Sarangani) (Davao Occidental),Ms,TECTONIC
1182,2025-12-04 19:18:28+00:00,8.11,127.02,5,2.8,067 km N 84° E of Lingig (Surigao Del Sur),Ms,TECTONIC
1183,2025-12-04 19:15:35+00:00,7.29,126.78,8,2.7,028 km N 72° E of Manay (Davao Oriental),Ms,TECTONIC
1184,2025-12-04 19:06:40+00:00,6.93,123.81,3,1.6,028 km S 56° W of Datu Blah T. Sinsuat (Maguindanao Del Norte),Ms,TECTONIC
1185,2025-12-04 18:25:56+00:00,17.16,120.29,1,2.1,016 km S 89° W of City Of Candon (Ilocos Sur),Ms,TECTONIC
1186,2025-12-04 17:19:44+00:00,4.92,125.18,33,3.6,060 km S 26° W of Balut Island (Municipality Of Sarangani) (Davao Occidental),Ms,TECTONIC
1187,2025-12-04 17:16:08+00:00,14.06,120.45,116,2.3,020 km S 86° W of Nasugbu (Batangas),Ms,TECTONIC
1188,2025-12-04 16:33:46+00:00,12.79,123.23,5,2.6,013 km S 06° W of Claveria (Masbate),Ms,TECTONIC
1189,2025-12-04 16:00:59+00:00,9.56,126.13,8,2.0,019 km S 71° E of Socorro (Surigao Del Norte),Ms,TECTONIC
1190,2025-12-04 15:18:10+00:00,12.8,123.22,9,1.9,011 km S 14° W of Claveria (Masbate),Ms,TECTONIC
1191,2025-12-04 14:51:38+00:00,13.81,120.56,94,1.6,008 km S 73° W of Calatagan (Batangas),Ms,TECTONIC
1192,2025-12-04 13:14:02+00:00,8.86,126.44,27,1.9,016 km S 65° E of Cagwait (Surigao Del Sur),Ms,TECTONIC
1193,2025-12-04 13:08:17+00:00,12.81,123.26,9,2.4,010 km S 06° E of Claveria (Masbate),Ms,TECTONIC
1194,2025-12-04 13:00:02+00:00,12.84,123.23,9,2.1,007 km S 19° W of Claveria (Masbate),Ms,TECTONIC
1195,2025-12-04 10:33:39+00:00,9.64,126.21,35,1.4,016 km S 20° E of General Luna (Surigao Del Norte),Ms,TECTONIC
1196,2025-12-04 07:51:48+00:00,13.23,123.92,2,2.6,013 km N 23° E of Manito (Albay),Ms,TECTONIC
1197,2025-12-04 07:15:53+00:00,14.0,120.44,53,1.5,023 km S 68° W of Nasugbu (Batangas),Ms,TECTONIC
1198,2025-12-04 05:58:06+00:00,7.03,126.98,18,2.2,052 km S 68° E of Manay (Davao Oriental),Ms,TECTONIC
1199,2025-12-04 05:48:37+00:00,8.71,126.25,29,1.5,005 km S 42° E of San Agustin (Surigao Del Sur),Ms,TECTONIC
1200,2025-12-04 05:11:05+00:00,5.56,125.72,51,2.7,029 km N 70° E of Sarangani Island (Municipality Of Sarangani) (Davao Occidental),Ms,TECTONIC
1201,2025-12-04 04:15:23+00:00,16.29,122.17,34,1.6,005 km N 69° E of Casiguran (Aurora),Ms,TECTONIC
1202,2025-12-04 03:07:21+00:00,9.67,126.67,10,3.1,057 km S 77° E of General Luna (Surigao Del Norte),Ms,TECTONIC
1203,2025-12-04 01:53:17+00:00,10.83,123.95,8,2.1,024 km S 07° W of City Of Bogo (Cebu),Ms,TECTONIC
1204,2025-12-03 23:34:56+00:00,9.89,125.37,18,2.2,011 km S 76° E of San Ricardo (Southern Leyte),Ms,TECTONIC
1205,2025-12-03 22:11:10+00:00,9.35,126.07,28,3.0,010 km N 79° E of Cantilan (Surigao Del Sur),Ms,TECTONIC
1206,2025-12-03 21:24:23+00:00,7.53,126.31,22,1.6,019 km S 83° E of New Bataan (Davao De Oro),Ms,TECTONIC
1207,2025-12-03 21:01:53+00:00,6.41,127.22,80,1.8,111 km S 50° E of Tarragona (Davao Oriental),Ms,TECTONIC
1208,2025-12-03 20:24:23+00:00,7.3,123.59,31,1.9,027 km S 47° E of Tabina (Zamboanga Del Sur),Ms,TECTONIC
1209,2025-12-03 20:05:04+00:00,6.98,126.77,24,2.3,036 km S 46° E of Manay (Davao Oriental),Ms,TECTONIC
1210,2025-12-03 19:33:10+00:00,9.53,122.3,22,2.8,020 km S 65° W of Hinoba-an (Negros Occidental),Ms,TECTONIC
1211,2025-12-03 19:07:11+00:00,11.13,124.11,5,1.7,017 km N 56° E of City Of Bogo (Cebu),Ms,TECTONIC
1212,2025-12-03 18:51:46+00:00,9.38,125.57,32,1.8,007 km N 53° E of Jabonga (Agusan Del Norte),Ms,TECTONIC
1213,2025-12-03 18:27:58+00:00,11.16,124.09,19,1.8,018 km N 43° E of City Of Bogo (Cebu),Ms,TECTONIC
1214,2025-12-03 18:14:14+00:00,6.48,126.59,29,3.1,061 km S 71° E of Governor Generoso (Davao Oriental),Ms,TECTONIC
1215,2025-12-03 18:04:50+00:00,11.2,123.91,3,2.2,019 km N 25° W of City Of Bogo (Cebu),Ms,TECTONIC
1216,2025-12-03 15:24:13+00:00,6.38,126.33,20,2.3,041 km S 42° E of Governor Generoso (Davao Oriental),Ms,TECTONIC
1217,2025-12-03 14:55:28+00:00,8.06,124.93,11,1.7,012 km N 57° W of Lantapan (Bukidnon),Ms,TECTONIC
1218,2025-12-03 14:53:46+00:00,11.41,125.47,9,2.2,009 km S 33° W of Balangkayan (Eastern Samar),Ms,TECTONIC
1219,2025-12-03 14:41:38+00:00,16.14,120.05,19,2.1,008 km S 75° E of City Of Alaminos (Pangasinan),Ms,TECTONIC
1220,2025-12-03 14:19:14+00:00,13.92,120.58,7,1.4,012 km N 31° W of Calatagan (Batangas),Ms,TECTONIC
1221,2025-12-03 13:50:35+00:00,15.02,119.4,7,2.8,069 km S 61° W of Iba (Zambales),Ms,TECTONIC
1222,2025-12-03 13:41:49+00:00,10.58,125.61,15,3.0,022 km S 35° W of Homonhon Island (Guiuan) (Eastern Samar),Ms,TECTONIC
1223,2025-12-03 12:49:32+00:00,8.6,125.72,58,2.4,013 km S 17° W of City Of Bayugan (Agusan Del Sur),Ms,TECTONIC
1224,2025-12-03 12:32:02+00:00,9.88,125.87,33,1.7,011 km N 87° W of Del Carmen (Surigao Del Norte),Ms,TECTONIC
1225,2025-12-03 11:51:09+00:00,18.34,120.78,15,3.4,017 km N 86° E of Pasuquin (Ilocos Norte),Ms,TECTONIC
1226,2025-12-03 11:28:08+00:00,9.23,126.19,17,2.3,005 km S 07° W of Cortes (Surigao Del Sur),Ms,TECTONIC
1227,2025-12-03 11:24:51+00:00,13.7,120.51,77,2.8,020 km S 42° W of Calatagan (Batangas),Ms,TECTONIC
1228,2025-12-03 10:53:48+00:00,9.61,126.17,33,1.6,019 km S 04° E of General Luna (Surigao Del Norte),Ms,TECTONIC
1229,2025-12-03 10:12:32+00:00,13.57,120.9,32,1.5,010 km S 16° E of Tingloy (Batangas),Ms,TECTONIC
1230,2025-12-03 09:56:08+00:00,9.25,126.78,3,1.9,062 km N 61° E of Bayabas (Surigao Del Sur),Ms,TECTONIC
1231,2025-12-03 09:47:58+00:00,14.55,123.09,1,2.3,018 km N 62° E of Tinaga Island (Vinzons) (Camarines Norte),Ms,TECTONIC
1232,2025-12-03 09:41:24+00:00,13.54,121.51,21,2.0,032 km N 43° E of Naujan (Oriental Mindoro),Ms,TECTONIC
1233,2025-12-03 09:41:24+00:00,9.53,123.67,32,1.6,011 km S 56° W of Panglao (Bohol),Ms,TECTONIC
1234,2025-12-03 09:41:24+00:00,9.01,126.04,89,2.2,007 km N 01° E of San Miguel (Surigao Del Sur),Ms,TECTONIC
1235,2025-12-03 09:39:23+00:00,4.91,125.72,121,2.6,065 km S 31° E of Balut Island (Municipality Of Sarangani) (Davao Occidental),Ms,TECTONIC
1236,2025-12-03 09:15:00+00:00,9.77,124.72,11,1.9,016 km N 81° E of Anda (Bohol),Ms,TECTONIC
1237,2025-12-03 08:21:09+00:00,9.6,126.07,11,2.4,022 km S 26° W of General Luna (Surigao Del Norte),Ms,TECTONIC
1238,2025-12-03 07:22:57+00:00,9.76,126.07,27,1.9,010 km S 72° W of General Luna (Surigao Del Norte),Ms,TECTONIC
1239,2025-12-03 06:46:13+00:00,9.67,125.13,27,2.1,029 km S 14° E of Limasawa (Southern Leyte),Ms,TECTONIC
1240,2025-12-03 05:11:07+00:00,11.25,123.87,9,1.9,014 km N 37° E of Santa Fe (Cebu),Ms,TECTONIC
1241,2025-12-03 05:09:45+00:00,11.29,123.92,3,2.2,028 km N 12° W of City Of Bogo (Cebu),Ms,TECTONIC
1242,2025-12-03 03:36:25+00:00,9.62,126.26,33,1.6,022 km S 32° E of General Luna (Surigao Del Norte),Ms,TECTONIC
1243,2025-12-03 01:38:51+00:00,13.12,124.9,27,2.1,061 km N 03° W of Pambujan (Northern Samar),Ms,TECTONIC
1244,2025-12-03 01:11:18+00:00,6.16,126.34,97,3.1,072 km S 86° E of Don Marcelino (Davao Occidental),Ms,TECTONIC
1245,2025-12-03 00:39:12+00:00,9.77,123.79,34,2.5,004 km S 19° W of Loon (Bohol),Ms,TECTONIC
1246,2025-12-03 00:29:42+00:00,12.87,120.53,4,2.4,027 km N 83° W of Sablayan (Occidental Mindoro),Ms,TECTONIC
1247,2025-12-03 00:04:23+00:00,12.83,120.53,8,2.5,028 km S 88° W of Sablayan (Occidental Mindoro),Ms,TECTONIC
1248,2025-12-02 22:50:39+00:00,7.46,126.68,20,2.2,019 km N 40° E of Caraga (Davao Oriental),Ms,TECTONIC
1249,2025-12-02 20:12:10+00:00,9.66,124.46,13,1.8,008 km S 47° E of Duero (Bohol),Ms,TECTONIC
1250,2025-12-02 20:02:18+00:00,15.64,121.7,5,1.6,020 km S 49° E of Baler (Aurora),Ms,TECTONIC
1251,2025-12-02 19:48:02+00:00,16.47,122.3,13,2.1,013 km N 45° E of Dilasag (Aurora),Ms,TECTONIC
1252,2025-12-02 19:43:24+00:00,12.64,123.61,5,2.7,006 km S 85° W of Monreal (Masbate),Ms,TECTONIC
1253,2025-12-02 19:22:11+00:00,7.39,126.69,6,2.4,016 km N 63° E of Caraga (Davao Oriental),Ms,TECTONIC
1254,2025-12-02 19:16:38+00:00,12.91,124.62,12,2.0,038 km N 48° E of Biri (Northern Samar),Ms,TECTONIC
1255,2025-12-02 19:14:24+00:00,12.65,123.6,10,1.8,006 km N 87° W of Monreal (Masbate),Ms,TECTONIC
1256,2025-12-02 18:59:45+00:00,12.64,123.58,8,3.9,009 km N 89° W of Monreal (Masbate),Ms,TECTONIC
1257,2025-12-02 18:56:35+00:00,5.69,126.41,16,2.5,088 km S 74° E of Jose Abad Santos (Davao Occidental),Ms,TECTONIC
1258,2025-12-02 18:53:59+00:00,6.55,126.68,29,1.9,061 km S 25° E of Tarragona (Davao Oriental),Ms,TECTONIC
1259,2025-12-02 18:48:18+00:00,16.24,121.32,36,1.5,009 km S 17° E of Kasibu (Nueva Vizcaya),Ms,TECTONIC
1260,2025-12-02 18:41:21+00:00,8.8,122.49,4,2.5,071 km N 55° W of Jose Dalman (Zamboanga Del Norte),Ms,TECTONIC
1261,2025-12-02 18:36:34+00:00,8.89,126.52,17,2.7,024 km S 83° E of Cagwait (Surigao Del Sur),Ms,TECTONIC
1262,2025-12-02 18:16:16+00:00,17.35,121.89,29,2.1,012 km N 47° E of Tumauini (Isabela),Ms,TECTONIC
1263,2025-12-02 17:25:28+00:00,12.38,125.61,14,2.2,025 km N 25° E of San Policarpo (Eastern Samar),Ms,TECTONIC
1264,2025-12-02 16:22:17+00:00,10.9,123.88,2,2.7,020 km S 32° W of City Of Bogo (Cebu),Ms,TECTONIC
1265,2025-12-02 15:51:07+00:00,8.99,126.39,25,2.6,013 km N 54° E of Cagwait (Surigao Del Sur),Ms,TECTONIC
1266,2025-12-02 15:36:22+00:00,11.13,124.16,5,2.0,022 km N 89° E of Medellin (Cebu),Ms,TECTONIC
1267,2025-12-02 15:32:49+00:00,12.76,123.71,21,1.8,014 km N 24° E of Monreal (Masbate),Ms,TECTONIC
1268,2025-12-02 15:32:51+00:00,15.5,119.78,32,1.7,016 km N 64° W of Palauig (Zambales),Ms,TECTONIC
1269,2025-12-02 15:31:48+00:00,12.68,123.61,13,1.6,007 km N 56° W of Monreal (Masbate),Ms,TECTONIC
1270,2025-12-02 15:31:12+00:00,8.75,122.57,20,2.4,060 km N 56° W of Jose Dalman (Zamboanga Del Norte),Ms,TECTONIC
1271,2025-12-02 15:12:40+00:00,13.36,120.0,33,1.9,050 km S 83° W of Paluan (Occidental Mindoro),Ms,TECTONIC
1272,2025-12-02 15:11:07+00:00,13.33,120.21,2,2.3,029 km S 72° W of Paluan (Occidental Mindoro),Ms,TECTONIC
1273,2025-12-02 15:07:46+00:00,14.26,120.47,176,4.0,020 km S 08° W of Mariveles (Bataan),Ms,TECTONIC
1274,2025-12-02 13:43:36+00:00,14.37,123.08,1,3.1,030 km N 15° E of Mercedes (Camarines Norte),Ms,TECTONIC
1275,2025-12-02 13:30:00+00:00,13.49,120.13,31,2.1,029 km S 27° W of Looc (Occidental Mindoro),Ms,TECTONIC
1276,2025-12-02 11:27:35+00:00,13.39,120.27,8,2.3,021 km S 83° W of Paluan (Occidental Mindoro),Ms,TECTONIC
1277,2025-12-02 11:25:03+00:00,16.45,122.18,12,2.0,007 km N 26° W of Dilasag (Aurora),Ms,TECTONIC
1278,2025-12-02 11:16:46+00:00,16.42,122.41,3,2.4,021 km N 82° E of Dilasag (Aurora),Ms,TECTONIC
1279,2025-12-02 11:15:18+00:00,13.3,120.24,20,3.1,027 km S 63° W of Paluan (Occidental Mindoro),Ms,TECTONIC
1280,2025-12-02 11:00:40+00:00,13.32,120.16,5,4.2,035 km S 71° W of Paluan (Occidental Mindoro),Mw,TECTONIC
1281,2025-12-02 08:34:15+00:00,10.82,123.9,1,2.1,027 km S 19° W of City Of Bogo (Cebu),Ms,TECTONIC
1282,2025-12-02 07:09:46+00:00,13.7,122.34,3,2.3,015 km S 73° W of Buenavista (Quezon),Ms,TECTONIC
1283,2025-12-02 06:35:11+00:00,9.65,126.2,30,1.4,015 km S 17° E of General Luna (Surigao Del Norte),Ms,TECTONIC
1284,2025-12-02 06:29:31+00:00,14.25,120.38,107,1.6,024 km S 31° W of Mariveles (Bataan),Ms,TECTONIC
1285,2025-12-02 05:03:28+00:00,8.98,126.45,11,2.0,017 km N 66° E of Cagwait (Surigao Del Sur),Ms,TECTONIC
1286,2025-12-02 04:17:05+00:00,13.53,120.36,21,1.4,017 km N 42° W of Paluan (Occidental Mindoro),Ms,TECTONIC
1287,2025-12-02 04:07:35+00:00,9.89,126.02,6,2.5,008 km S 55° W of San Isidro (Surigao Del Norte),Ms,TECTONIC
1288,2025-12-02 02:34:20+00:00,12.66,123.61,5,3.3,006 km N 69° W of Monreal (Masbate),Ms,TECTONIC
1289,2025-12-02 00:13:42+00:00,8.06,126.38,18,1.8,004 km N 53° W of Lingig (Surigao Del Sur),Ms,TECTONIC
1290,2025-12-01 23:08:03+00:00,8.14,126.55,31,2.0,018 km N 54° E of Lingig (Surigao Del Sur),Ms,TECTONIC
1291,2025-12-01 22:11:19+00:00,15.04,119.72,5,4.6,038 km S 87° W of San Felipe (Zambales),Mw,TECTONIC
1292,2025-12-01 19:49:23+00:00,8.74,126.45,32,2.1,026 km S 38° E of Cagwait (Surigao Del Sur),Ms,TECTONIC
1293,2025-12-01 19:38:19+00:00,9.02,122.51,21,2.2,045 km S 18° W of Basay (Negros Oriental),Ms,TECTONIC
1294,2025-12-01 19:29:10+00:00,15.3,119.91,35,1.5,008 km S 66° W of Iba (Zambales),Ms,TECTONIC
1295,2025-12-01 19:07:28+00:00,7.58,126.93,3,2.5,051 km S 90° E of Baganga (Davao Oriental),Ms,TECTONIC
1296,2025-12-01 19:04:27+00:00,19.01,121.1,8,2.4,052 km S 53° W of Calayan (Cagayan),Ms,TECTONIC
1297,2025-12-01 18:49:39+00:00,10.33,122.34,12,2.3,036 km S 37° E of San Joaquin (Iloilo),Ms,TECTONIC
1298,2025-12-01 18:44:23+00:00,18.09,120.67,32,1.9,003 km S 66° W of Dingras (Ilocos Norte),Ms,TECTONIC
1299,2025-12-01 18:32:06+00:00,8.94,126.5,27,4.1,022 km N 83° E of Cagwait (Surigao Del Sur),Ms,TECTONIC
1300,2025-12-01 18:29:50+00:00,19.34,121.17,15,3.2,026 km N 09° W of Dalupiri Island (Calayan) (Cagayan),Ms,TECTONIC
1301,2025-12-01 18:09:57+00:00,10.22,125.7,52,1.8,019 km N 83° E of Libjo (Dinagat Islands),Ms,TECTONIC
1302,2025-12-01 18:04:15+00:00,18.44,120.9,3,2.4,002 km S 06° E of Adams (Ilocos Norte),Ms,TECTONIC
1303,2025-12-01 17:59:22+00:00,13.85,120.65,185,3.2,003 km N 50° E of Calatagan (Batangas),Ms,TECTONIC
1304,2025-12-01 17:26:56+00:00,10.17,125.87,23,2.2,025 km N 47° W of Santa Monica (Surigao Del Norte),Ms,TECTONIC
1305,2025-12-01 17:24:39+00:00,11.09,124.15,12,1.6,020 km N 74° E of City Of Bogo (Cebu),Ms,TECTONIC
1306,2025-12-01 17:07:12+00:00,10.98,123.94,2,2.4,009 km S 28° W of City Of Bogo (Cebu),Ms,TECTONIC
1307,2025-12-01 16:36:25+00:00,10.35,125.26,26,1.8,001 km S 50° E of Hinundayan (Southern Leyte),Ms,TECTONIC
1308,2025-12-01 16:22:30+00:00,14.85,123.18,21,1.8,048 km N 32° E of Tinaga Island (Vinzons) (Camarines Norte),Ms,TECTONIC
1309,2025-12-01 15:58:14+00:00,9.08,126.32,22,2.1,016 km N 88° E of City Of Tandag (Surigao Del Sur),Ms,TECTONIC
1310,2025-12-01 15:53:08+00:00,9.71,126.36,31,1.8,024 km S 70° E of General Luna (Surigao Del Norte),Ms,TECTONIC
1311,2025-12-01 15:50:42+00:00,10.93,123.91,4,2.0,015 km S 31° W of City Of Bogo (Cebu),Ms,TECTONIC
1312,2025-12-01 15:23:06+00:00,10.4,126.13,19,1.8,043 km N 08° E of Burgos (Surigao Del Norte),Ms,TECTONIC
1313,2025-12-01 15:22:11+00:00,8.77,122.62,25,2.7,057 km N 51° W of Jose Dalman (Zamboanga Del Norte),Ms,TECTONIC
1314,2025-12-01 15:19:29+00:00,2.24,127.98,110,4.8,451 km S 39° E of Balut Island (Municipality Of Sarangani) (Davao Occidental),Ms,TECTONIC
1315,2025-12-01 14:55:47+00:00,11.09,124.08,12,1.8,012 km N 65° E of City Of Bogo (Cebu),Ms,TECTONIC
1316,2025-12-01 14:43:22+00:00,9.72,126.16,27,2.3,007 km S 04° E of General Luna (Surigao Del Norte),Ms,TECTONIC
1317,2025-12-01 14:06:56+00:00,11.08,123.92,33,1.5,007 km N 62° W of City Of Bogo (Cebu),Ms,TECTONIC
1318,2025-12-01 14:06:18+00:00,8.75,122.61,18,2.6,057 km N 53° W of Jose Dalman (Zamboanga Del Norte),Ms,TECTONIC
1319,2025-12-01 13:54:07+00:00,8.77,122.6,21,3.5,059 km N 52° W of Jose Dalman (Zamboanga Del Norte),Ms,TECTONIC
1320,2025-12-01 13:50:42+00:00,13.58,120.94,33,1.4,009 km N 14° W of Puerto Galera (Oriental Mindoro),Ms,TECTONIC
1321,2025-12-01 13:39:38+00:00,7.8,126.39,10,1.3,014 km N 76° W of Cateel (Davao Oriental),Ms,TECTONIC
1322,2025-12-01 13:10:45+00:00,7.2,126.62,13,2.4,009 km S 79° E of Manay (Davao Oriental),Ms,TECTONIC
1323,2025-12-01 12:46:33+00:00,9.53,125.97,27,3.2,010 km S 04° E of Socorro (Surigao Del Norte),Ms,TECTONIC
1324,2025-12-01 12:46:20+00:00,9.07,125.62,33,1.9,005 km N 62° E of Remedios T. Romualdez (Agusan Del Norte),Ms,TECTONIC
1325,2025-12-01 12:43:38+00:00,18.12,120.7,80,2.6,002 km N 14° E of Dingras (Ilocos Norte),Ms,TECTONIC
1326,2025-12-01 12:40:10+00:00,5.91,125.94,136,2.2,032 km S 89° E of Jose Abad Santos (Davao Occidental),Ms,TECTONIC
1327,2025-12-01 12:33:38+00:00,9.57,126.08,7,2.7,025 km S 20° W of General Luna (Surigao Del Norte),Ms,TECTONIC
1328,2025-12-01 12:26:17+00:00,8.75,122.58,18,2.9,060 km N 55° W of Jose Dalman (Zamboanga Del Norte),Ms,TECTONIC
1329,2025-12-01 12:23:20+00:00,8.77,122.48,29,2.6,070 km N 59° W of Jose Dalman (Zamboanga Del Norte),Ms,TECTONIC
1330,2025-12-01 12:07:41+00:00,8.79,122.51,29,3.2,068 km N 56° W of Jose Dalman (Zamboanga Del Norte),Ms,TECTONIC
1331,2025-12-01 11:14:35+00:00,13.24,120.23,5,2.3,032 km S 52° W of Paluan (Occidental Mindoro),Ms,TECTONIC
1332,2025-12-01 11:11:32+00:00,13.44,120.32,3,1.6,016 km N 88° W of Paluan (Occidental Mindoro),Ms,TECTONIC
1333,2025-12-01 10:42:01+00:00,8.76,122.53,9,2.7,065 km N 57° W of Jose Dalman (Zamboanga Del Norte),Ms,TECTONIC
1334,2025-12-01 10:27:12+00:00,8.75,122.63,25,2.8,057 km S 52° W of Siaton (Negros Oriental),Ms,TECTONIC
1335,2025-12-01 10:26:55+00:00,14.26,120.2,52,2.0,036 km S 58° W of Mariveles (Bataan),Ms,TECTONIC
1336,2025-12-01 10:15:38+00:00,13.53,120.69,163,2.3,011 km N 24° W of Abra De Ilog (Occidental Mindoro),Ms,TECTONIC
1337,2025-12-01 09:54:15+00:00,11.26,124.3,3,2.3,009 km S 56° W of Tabango (Leyte),Ms,TECTONIC
1338,2025-12-01 09:05:31+00:00,9.67,126.19,32,2.0,013 km S 16° E of General Luna (Surigao Del Norte),Ms,TECTONIC
1339,2025-12-01 08:13:23+00:00,8.77,122.49,23,1.9,069 km N 59° W of Jose Dalman (Zamboanga Del Norte),Ms,TECTONIC
1340,2025-12-01 07:29:58+00:00,8.89,126.58,25,2.3,030 km S 84° E of Cagwait (Surigao Del Sur),Ms,TECTONIC
1341,2025-12-01 07:18:50+00:00,9.05,126.15,31,2.3,003 km S 50° W of City Of Tandag (Surigao Del Sur),Ms,TECTONIC
1342,2025-12-01 06:41:04+00:00,13.23,120.31,4,2.0,026 km S 38° W of Paluan (Occidental Mindoro),Ms,TECTONIC
1343,2025-12-01 06:37:53+00:00,8.35,123.42,33,1.8,009 km S 38° W of Mutia (Zamboanga Del Norte),Ms,TECTONIC
1344,2025-12-01 06:36:42+00:00,8.4,127.07,15,3.5,086 km N 76° E of City Of Bislig (Surigao Del Sur),Ms,TECTONIC
1345,2025-12-01 05:31:14+00:00,13.0,122.7,8,2.3,033 km S 64° W of San Pascual (Masbate),Ms,TECTONIC
1346,2025-12-01 05:15:34+00:00,5.79,127.16,73,2.8,153 km S 52° E of Governor Generoso (Davao Oriental),Ms,TECTONIC
1347,2025-12-01 02:39:20+00:00,6.89,125.69,21,2.2,021 km S 06° W of Island Garden City Of Samal (Davao Del Norte),Ms,TECTONIC
1348,2025-12-01 02:36:16+00:00,6.73,125.9,46,2.7,021 km N 67° W of Governor Generoso (Davao Oriental),Ms,TECTONIC
1349,2025-12-01 01:41:44+00:00,7.31,126.84,13,4.6,035 km N 72° E of Manay (Davao Oriental),Mw,TECTONIC
1350,2025-12-01 01:22:14+00:00,9.82,126.15,10,1.9,004 km N 16° W of General Luna (Surigao Del Norte),Ms,TECTONIC
1351,2025-12-01 00:43:38+00:00,11.15,123.98,11,1.8,011 km N 01° W of City Of Bogo (Cebu),Ms,TECTONIC
1352,2025-11-30 23:24:14+00:00,13.8,120.59,92,1.9,006 km S 57° W of Calatagan (Batangas),Ms,TECTONIC
1353,2025-11-30 23:19:08+00:00,8.77,126.5,24,2.4,027 km S 54° E of Cagwait (Surigao Del Sur),Ms,TECTONIC
1354,2025-11-30 22:34:58+00:00,6.84,125.03,8,2.6,014 km S 29° W of Makilala (Cotabato),Ms,TECTONIC
1355,2025-11-30 22:22:31+00:00,11.04,124.08,2,2.3,011 km S 87° E of City Of Bogo (Cebu),Ms,TECTONIC
1356,2025-11-30 22:16:37+00:00,8.51,122.62,2,2.2,045 km N 80° W of Jose Dalman (Zamboanga Del Norte),Ms,TECTONIC
1357,2025-11-30 21:36:32+00:00,18.57,120.82,17,2.5,004 km N 77° E of Pagudpud (Ilocos Norte),Ms,TECTONIC
1358,2025-11-30 21:29:49+00:00,6.56,126.02,38,2.4,012 km S 30° W of Governor Generoso (Davao Oriental),Ms,TECTONIC
1359,2025-11-30 20:26:49+00:00,10.98,123.99,1,2.0,007 km S 11° E of City Of Bogo (Cebu),Ms,TECTONIC
1360,2025-11-30 20:18:40+00:00,5.9,125.85,37,3.0,023 km S 87° E of Jose Abad Santos (Davao Occidental),Ms,TECTONIC
1361,2025-11-30 20:14:14+00:00,9.59,125.99,4,2.4,004 km S 33° E of Socorro (Surigao Del Norte),Ms,TECTONIC
1362,2025-11-30 20:13:23+00:00,13.45,120.58,21,1.5,013 km N 72° E of Paluan (Occidental Mindoro),Ms,TECTONIC
1363,2025-11-30 19:50:29+00:00,13.64,120.37,36,1.5,016 km S 56° E of Looc (Occidental Mindoro),Ms,TECTONIC
1364,2025-11-30 19:19:22+00:00,7.32,127.1,8,2.1,063 km N 79° E of Manay (Davao Oriental),Ms,TECTONIC
1365,2025-11-30 19:10:56+00:00,9.66,126.01,17,3.5,022 km S 50° W of General Luna (Surigao Del Norte),Ms,TECTONIC
1366,2025-11-30 18:47:55+00:00,13.59,120.24,23,2.3,014 km S 06° W of Looc (Occidental Mindoro),Ms,TECTONIC
1367,2025-11-30 18:44:39+00:00,7.36,126.71,7,2.7,025 km N 49° E of Manay (Davao Oriental),Ms,TECTONIC
1368,2025-11-30 18:27:00+00:00,8.14,126.59,25,2.7,023 km N 61° E of Lingig (Surigao Del Sur),Ms,TECTONIC
1369,2025-11-30 18:24:16+00:00,11.14,124.12,2,2.0,019 km N 57° E of City Of Bogo (Cebu),Ms,TECTONIC
1370,2025-11-30 18:24:06+00:00,13.81,120.62,85,1.4,003 km S 41° W of Calatagan (Batangas),Ms,TECTONIC
1371,2025-11-30 18:21:36+00:00,10.92,123.95,4,2.3,014 km S 14° W of City Of Bogo (Cebu),Ms,TECTONIC
1372,2025-11-30 17:21:20+00:00,7.37,126.72,29,2.1,027 km N 49° E of Manay (Davao Oriental),Ms,TECTONIC
1373,2025-11-30 17:14:07+00:00,6.05,125.39,66,2.6,013 km S 63° E of Alabel (Sarangani),Ms,TECTONIC
1374,2025-11-30 16:46:32+00:00,16.65,119.84,14,2.3,030 km N 10° W of Bolinao (Pangasinan),Ms,TECTONIC
1375,2025-11-30 16:29:21+00:00,5.85,124.71,28,2.3,018 km S 32° E of Kiamba (Sarangani),Ms,TECTONIC
