,datetime,lat,lon,depth_km,mag,location,mag_type,event_type
0,2025-08-31 15:56:18+00:00,13.35,120.66,8,1.9,012 km S 35° W of Abra De Ilog (Occidental Mindoro),Ms,TECTONIC
1,2025-08-31 15:38:57+00:00,8.84,126.34,19,1.5,006 km N 46° E of Marihatag (Surigao Del Sur),Ms,TECTONIC
2,2025-08-31 15:23:47+00:00,13.61,120.56,35,1.4,024 km N 26° E of Paluan (Occidental Mindoro),Ms,TECTONIC
3,2025-08-31 15:19:53+00:00,6.51,126.55,4,1.9,056 km S 74° E of Governor Generoso (Davao Oriental),Ms,TECTONIC
4,2025-08-31 14:31:36+00:00,18.67,120.89,11,1.9,016 km N 41° E of Pagudpud (Ilocos Norte),Ms,TECTONIC
5,2025-08-31 14:27:15+00:00,7.93,126.43,75,1.9,009 km N 37° E of Boston (Davao Oriental),Ms,TECTONIC
6,2025-08-31 14:20:03+00:00,9.93,124.01,32,1.6,004 km S 31° W of Clarin (Bohol),Ms,TECTONIC
7,2025-08-31 13:53:15+00:00,13.44,120.69,12,1.6,003 km S 83° W of Abra De Ilog (Occidental Mindoro),Ms,TECTONIC
8,2025-08-31 13:47:10+00:00,13.56,122.8,2,2.0,028 km S 26° W of Lupi (Camarines Sur),Ms,TECTONIC
9,2025-08-31 13:35:09+00:00,12.95,124.18,119,3.7,007 km N 59° E of Gubat (Sorsogon),Ms,TECTONIC
10,2025-08-31 13:29:16+00:00,17.27,119.97,16,4.1,051 km S 82° W of San Esteban (Ilocos Sur),Ms,TECTONIC
11,2025-08-31 12:21:22+00:00,13.67,122.75,32,1.8,017 km S 16° W of Ragay (Camarines Sur),Ms,TECTONIC
12,2025-08-31 12:05:56+00:00,13.67,122.77,36,1.7,017 km S 06° W of Ragay (Camarines Sur),Ms,TECTONIC
13,2025-08-31 11:57:37+00:00,17.53,120.19,30,2.3,020 km S 69° W of Santa Catalina (Ilocos Sur),Ms,TECTONIC
14,2025-08-31 11:46:00+00:00,6.02,126.23,47,2.7,062 km S 72° E of Don Marcelino (Davao Occidental),Ms,TECTONIC
15,2025-08-31 09:49:51+00:00,13.75,122.85,5,1.7,008 km S 54° W of Lupi (Camarines Sur),Ms,TECTONIC
16,2025-08-31 09:47:15+00:00,13.75,122.86,2,1.8,007 km S 57° W of Lupi (Camarines Sur),Ms,TECTONIC
17,2025-08-31 08:40:59+00:00,5.2,126.48,42,2.8,116 km S 75° E of Sarangani Island (Municipality Of Sarangani) (Davao Occidental),Ms,TECTONIC
18,2025-08-31 08:15:38+00:00,11.92,124.08,3,3.2,005 km N 38° E of Pio V. Corpus (Masbate),Ms,TECTONIC
19,2025-08-31 07:49:53+00:00,7.31,123.57,8,4.7,024 km S 46° E of Tabina (Zamboanga Del Sur),Mw,TECTONIC
20,2025-08-31 07:16:27+00:00,9.23,125.65,19,1.7,011 km S 70° E of Santiago (Agusan Del Norte),Ms,TECTONIC
21,2025-08-31 04:48:53+00:00,8.48,122.91,22,2.0,013 km N 71° W of Jose Dalman (Zamboanga Del Norte),Ms,TECTONIC
22,2025-08-31 04:40:16+00:00,13.72,122.85,2,2.2,011 km S 41° W of Lupi (Camarines Sur),Ms,TECTONIC
23,2025-08-31 04:39:26+00:00,17.84,120.63,29,1.5,009 km S 22° W of Nueva Era (Ilocos Norte),Ms,TECTONIC
24,2025-08-31 03:50:12+00:00,12.23,121.9,34,1.7,010 km S 72° W of Looc (Romblon),Ms,TECTONIC
25,2025-08-31 03:07:07+00:00,13.73,120.48,101,3.3,020 km S 56° W of Calatagan (Batangas),Ms,TECTONIC
26,2025-08-31 02:50:02+00:00,3.85,124.44,34,3.1,204 km S 32° W of Balut Island (Municipality Of Sarangani) (Davao Occidental),Ms,TECTONIC
27,2025-08-31 00:18:30+00:00,8.09,126.98,4,2.6,063 km N 84° E of Lingig (Surigao Del Sur),Ms,TECTONIC
28,2025-08-30 23:47:29+00:00,13.75,122.85,6,1.7,010 km S 39° E of Ragay (Camarines Sur),Ms,TECTONIC
29,2025-08-30 23:04:50+00:00,13.78,122.9,3,2.1,002 km S 42° W of Lupi (Camarines Sur),Ms,TECTONIC
30,2025-08-30 22:34:29+00:00,13.76,122.86,3,1.7,006 km S 59° W of Lupi (Camarines Sur),Ms,TECTONIC
31,2025-08-30 22:09:49+00:00,6.32,125.69,161,3.4,013 km S 43° E of Malita (Davao Occidental),Ms,TECTONIC
32,2025-08-30 21:53:53+00:00,13.76,122.71,32,1.2,011 km S 55° W of Ragay (Camarines Sur),Ms,TECTONIC
33,2025-08-30 21:53:05+00:00,7.28,126.33,4,2.6,024 km N 71° W of Manay (Davao Oriental),Ms,TECTONIC
34,2025-08-30 21:33:48+00:00,9.17,126.36,20,2.5,022 km S 56° E of Cortes (Surigao Del Sur),Ms,TECTONIC
35,2025-08-30 21:21:07+00:00,3.21,127.43,106,4.4,330 km S 42° E of Balut Island (Municipality Of Sarangani) (Davao Occidental),Ms,TECTONIC
36,2025-08-30 20:31:41+00:00,13.08,120.12,35,1.6,053 km S 45° W of Paluan (Occidental Mindoro),Ms,TECTONIC
37,2025-08-30 20:31:39+00:00,8.78,126.44,25,1.9,015 km S 80° E of Marihatag (Surigao Del Sur),Ms,TECTONIC
38,2025-08-30 20:27:15+00:00,12.29,125.28,33,1.5,003 km S 36° W of Lapinig (Northern Samar),Ms,TECTONIC
39,2025-08-30 20:11:28+00:00,14.06,120.47,113,1.7,017 km S 86° W of Nasugbu (Batangas),Ms,TECTONIC
40,2025-08-30 20:11:24+00:00,6.39,123.45,27,3.6,069 km S 75° W of Kalamansig (Sultan Kudarat),Ms,TECTONIC
41,2025-08-30 19:44:47+00:00,9.74,126.52,18,1.9,040 km S 83° E of General Luna (Surigao Del Norte),Ms,TECTONIC
42,2025-08-30 19:22:44+00:00,13.72,122.83,12,1.7,012 km S 50° W of Lupi (Camarines Sur),Ms,TECTONIC
43,2025-08-30 19:09:10+00:00,13.74,122.86,2,2.4,008 km S 23° W of Lupi (Camarines Sur),Ms,TECTONIC
44,2025-08-30 18:53:38+00:00,13.75,122.85,2,2.9,008 km S 60° W of Lupi (Camarines Sur),Ms,TECTONIC
45,2025-08-30 18:30:42+00:00,8.29,125.95,6,3.0,012 km S 31° W of Rosario (Agusan Del Sur),Ms,TECTONIC
46,2025-08-30 18:28:39+00:00,13.25,120.73,42,1.6,015 km N 82° E of Mamburao (Occidental Mindoro),Ms,TECTONIC
47,2025-08-30 18:17:03+00:00,13.76,122.87,2,2.2,006 km S 53° W of Lupi (Camarines Sur),Ms,TECTONIC
48,2025-08-30 17:54:45+00:00,5.01,125.74,4,2.4,057 km S 39° E of Balut Island (Municipality Of Sarangani) (Davao Occidental),Ms,TECTONIC
49,2025-08-30 17:43:22+00:00,7.99,126.23,10,2.0,021 km S 76° W of Lingig (Surigao Del Sur),Ms,TECTONIC
50,2025-08-30 17:32:36+00:00,10.04,125.19,7,2.3,004 km S 63° E of San Francisco (Southern Leyte),Ms,TECTONIC
51,2025-08-30 17:25:05+00:00,13.73,122.82,31,1.9,011 km S 19° E of Ragay (Camarines Sur),Ms,TECTONIC
52,2025-08-30 16:51:36+00:00,5.94,126.61,23,2.7,099 km S 37° E of Governor Generoso (Davao Oriental),Ms,TECTONIC
53,2025-08-30 16:46:16+00:00,13.52,120.64,76,1.9,012 km N 51° W of Abra De Ilog (Occidental Mindoro),Ms,TECTONIC
54,2025-08-30 16:46:31+00:00,11.39,124.47,8,3.1,003 km N 37° W of Leyte (Leyte),Ms,TECTONIC
55,2025-08-30 15:56:26+00:00,13.72,122.76,35,1.4,012 km S 16° W of Ragay (Camarines Sur),Ms,TECTONIC
56,2025-08-30 15:49:31+00:00,10.84,123.04,10,1.8,007 km S 32° W of City Of Victorias (Negros Occidental),Ms,TECTONIC
57,2025-08-30 15:44:29+00:00,13.18,121.14,9,2.2,016 km N 89° W of Victoria (Oriental Mindoro),Ms,TECTONIC
58,2025-08-30 14:56:23+00:00,13.81,122.85,2,1.9,007 km N 70° W of Lupi (Camarines Sur),Ms,TECTONIC
59,2025-08-30 14:55:09+00:00,13.74,122.84,3,2.2,009 km S 54° W of Lupi (Camarines Sur),Ms,TECTONIC
60,2025-08-30 14:33:49+00:00,13.74,120.31,9,2.2,006 km N 72° E of Looc (Occidental Mindoro),Ms,TECTONIC
61,2025-08-30 14:05:39+00:00,13.71,122.75,33,1.2,013 km S 18° W of Ragay (Camarines Sur),Ms,TECTONIC
62,2025-08-30 14:03:47+00:00,13.69,122.85,3,2.4,013 km S 34° W of Lupi (Camarines Sur),Ms,TECTONIC
63,2025-08-30 14:02:40+00:00,19.33,121.04,5,2.3,030 km N 36° W of Dalupiri Island (Calayan) (Cagayan),Ms,TECTONIC
64,2025-08-30 13:55:39+00:00,13.73,122.86,3,2.0,009 km S 42° W of Lupi (Camarines Sur),Ms,TECTONIC
65,2025-08-30 13:46:52+00:00,13.75,122.77,33,1.2,008 km S 15° W of Ragay (Camarines Sur),Ms,TECTONIC
66,2025-08-30 13:46:11+00:00,12.49,124.73,21,2.4,004 km S 31° W of Mondragon (Northern Samar),Ms,TECTONIC
67,2025-08-30 13:46:00+00:00,13.7,122.8,32,1.3,013 km S 03° E of Ragay (Camarines Sur),Ms,TECTONIC
68,2025-08-30 13:39:34+00:00,13.74,122.85,2,3.3,009 km S 52° W of Lupi (Camarines Sur),Ms,TECTONIC
69,2025-08-30 13:37:03+00:00,13.75,122.86,3,2.1,007 km S 52° W of Lupi (Camarines Sur),Ms,TECTONIC
70,2025-08-30 13:33:30+00:00,13.62,120.59,32,1.6,024 km S 11° W of Calatagan (Batangas),Ms,TECTONIC
71,2025-08-30 13:22:23+00:00,13.73,122.84,4,2.6,010 km S 49° W of Lupi (Camarines Sur),Ms,TECTONIC
72,2025-08-30 13:16:07+00:00,13.79,122.89,6,2.4,003 km S 85° W of Lupi (Camarines Sur),Ms,TECTONIC
73,2025-08-30 12:03:38+00:00,16.68,119.7,37,3.1,038 km N 32° W of Bolinao (Pangasinan),Ms,TECTONIC
74,2025-08-30 11:58:24+00:00,6.99,125.71,63,2.6,010 km South of Island Garden City Of Samal (Davao Del Norte),Ms,TECTONIC
75,2025-08-30 11:19:52+00:00,18.13,120.75,25,2.1,005 km N 28° W of Solsona (Ilocos Norte),Ms,TECTONIC
76,2025-08-30 11:05:07+00:00,10.5,126.82,37,2.3,097 km N 57° E of Burgos (Surigao Del Norte),Ms,TECTONIC
77,2025-08-30 10:43:49+00:00,8.95,126.37,48,2.3,008 km N 69° E of Cagwait (Surigao Del Sur),Ms,TECTONIC
78,2025-08-30 10:30:11+00:00,8.86,126.49,30,1.7,022 km S 74° E of Cagwait (Surigao Del Sur),Ms,TECTONIC
79,2025-08-30 10:21:50+00:00,9.73,125.95,12,2.1,012 km S 76° W of Dapa (Surigao Del Norte),Ms,TECTONIC
80,2025-08-30 10:08:50+00:00,10.36,125.21,3,2.3,004 km S 21° E of Hinunangan (Southern Leyte),Ms,TECTONIC
81,2025-08-30 09:17:39+00:00,4.09,125.93,114,3.4,156 km S 21° E of Balut Island (Municipality Of Sarangani) (Davao Occidental),Ms,TECTONIC
82,2025-08-30 09:13:00+00:00,8.26,126.52,32,2.0,023 km N 76° E of City Of Bislig (Surigao Del Sur),Ms,TECTONIC
83,2025-08-30 08:41:33+00:00,6.14,126.28,4,2.4,062 km S 22° E of Governor Generoso (Davao Oriental),Ms,TECTONIC
84,2025-08-30 08:18:58+00:00,9.12,126.88,5,2.5,068 km N 75° E of Bayabas (Surigao Del Sur),Ms,TECTONIC
85,2025-08-30 07:53:16+00:00,17.42,120.55,19,1.7,005 km N 78° W of Pilar (Abra),Ms,TECTONIC
86,2025-08-30 07:43:30+00:00,12.14,121.81,6,2.1,018 km N 60° W of San Jose (Romblon),Ms,TECTONIC
87,2025-08-30 07:37:17+00:00,13.29,120.57,33,2.1,007 km N 21° W of Mamburao (Occidental Mindoro),Ms,TECTONIC
88,2025-08-30 07:18:25+00:00,5.32,126.6,11,2.9,124 km S 58° E of Jose Abad Santos (Davao Occidental),Ms,TECTONIC
89,2025-08-30 07:10:46+00:00,6.57,125.22,8,2.0,007 km S 32° W of Kiblawan (Davao Del Sur),Ms,TECTONIC
90,2025-08-30 04:23:35+00:00,6.41,126.26,39,3.2,039 km S 38° E of Governor Generoso (Davao Oriental),Ms,TECTONIC
91,2025-08-30 03:31:43+00:00,10.35,125.21,2,3.1,005 km S 89° W of Hinundayan (Southern Leyte),Ms,TECTONIC
92,2025-08-30 03:16:35+00:00,10.17,126.13,18,2.7,018 km N 21° E of Burgos (Surigao Del Norte),Ms,TECTONIC
93,2025-08-30 02:46:35+00:00,13.77,122.71,33,1.6,011 km S 57° W of Ragay (Camarines Sur),Ms,TECTONIC
94,2025-08-30 02:34:34+00:00,12.27,125.04,32,1.5,007 km S 05° E of Las Navas (Northern Samar),Ms,TECTONIC
95,2025-08-30 02:10:04+00:00,13.68,122.83,2,2.8,014 km S 36° W of Lupi (Camarines Sur),Ms,TECTONIC
96,2025-08-30 01:54:19+00:00,7.92,122.97,5,1.5,011 km N 44° W of Bayog (Zamboanga Del Sur),Ms,TECTONIC
97,2025-08-30 01:37:45+00:00,10.37,125.25,3,3.0,003 km N 07° W of Hinundayan (Southern Leyte),Ms,TECTONIC
98,2025-08-30 01:35:47+00:00,13.75,122.86,3,2.0,007 km S 56° W of Lupi (Camarines Sur),Ms,TECTONIC
99,2025-08-30 01:34:58+00:00,14.18,123.25,17,1.5,017 km N 03° W of Siruma (Camarines Sur),Ms,TECTONIC
100,2025-08-30 01:34:37+00:00,13.52,120.74,33,1.7,008 km N 14° E of Abra De Ilog (Occidental Mindoro),Ms,TECTONIC
101,2025-08-30 00:38:27+00:00,9.93,126.16,33,1.5,008 km S 86° E of San Isidro (Surigao Del Norte),Ms,TECTONIC
102,2025-08-30 00:11:04+00:00,8.33,124.53,3,2.5,014 km N 38° W of Talakag (Bukidnon),Ms,TECTONIC
103,2025-08-29 23:52:27+00:00,13.75,122.84,3,2.5,008 km S 62° W of Lupi (Camarines Sur),Ms,TECTONIC
104,2025-08-29 23:40:52+00:00,13.71,122.86,8,1.5,011 km S 35° W of Lupi (Camarines Sur),Ms,TECTONIC
105,2025-08-29 23:24:23+00:00,7.81,126.38,12,1.4,007 km S 01° E of Boston (Davao Oriental),Ms,TECTONIC
106,2025-08-29 23:21:04+00:00,8.29,125.96,3,2.3,017 km N 84° E of La Paz (Agusan Del Sur),Ms,TECTONIC
107,2025-08-29 23:11:53+00:00,13.72,122.82,3,1.8,012 km S 17° E of Ragay (Camarines Sur),Ms,TECTONIC
108,2025-08-29 22:53:35+00:00,13.71,122.85,3,2.6,011 km S 37° W of Lupi (Camarines Sur),Ms,TECTONIC
109,2025-08-29 22:37:05+00:00,13.73,122.85,4,1.8,009 km S 45° W of Lupi (Camarines Sur),Ms,TECTONIC
110,2025-08-29 22:15:35+00:00,13.13,120.04,19,1.8,055 km S 55° W of Paluan (Occidental Mindoro),Ms,TECTONIC
111,2025-08-29 21:06:09+00:00,9.99,126.06,8,2.8,004 km S 24° W of Burgos (Surigao Del Norte),Ms,TECTONIC
112,2025-08-29 20:37:16+00:00,13.3,125.62,19,3.1,099 km N 23° E of Mapanas (Northern Samar),Ms,TECTONIC
113,2025-08-29 20:01:32+00:00,7.14,125.52,27,2.1,013 km N 52° W of City Of Davao,Ms,TECTONIC
114,2025-08-29 20:00:49+00:00,13.74,120.63,91,1.7,010 km S 02° W of Calatagan (Batangas),Ms,TECTONIC
115,2025-08-29 18:56:13+00:00,15.72,119.67,26,1.7,026 km S 79° W of Santa Cruz (Zambales),Ms,TECTONIC
116,2025-08-29 18:49:48+00:00,6.4,126.79,34,1.9,081 km S 27° E of Tarragona (Davao Oriental),Ms,TECTONIC
117,2025-08-29 18:46:19+00:00,9.84,124.61,17,1.6,010 km S 72° E of Mabini (Bohol),Ms,TECTONIC
118,2025-08-29 18:42:11+00:00,4.23,128.53,34,4.5,365 km S 68° E of Sarangani Island (Municipality Of Sarangani) (Davao Occidental),Ms,TECTONIC
119,2025-08-29 18:34:04+00:00,7.54,126.03,33,1.7,010 km S 42° E of Nabunturan (Davao De Oro),Ms,TECTONIC
120,2025-08-29 18:17:40+00:00,10.29,125.91,31,1.5,034 km N 25° W of Santa Monica (Surigao Del Norte),Ms,TECTONIC
121,2025-08-29 17:52:55+00:00,13.23,120.87,39,1.6,023 km N 47° E of Santa Cruz (Occidental Mindoro),Ms,TECTONIC
122,2025-08-29 17:41:32+00:00,8.01,126.24,7,2.5,019 km S 81° W of Lingig (Surigao Del Sur),Ms,TECTONIC
123,2025-08-29 17:22:43+00:00,17.64,122.53,31,2.5,043 km N 36° E of Divilacan (Isabela),Ms,TECTONIC
124,2025-08-29 17:21:06+00:00,16.27,121.51,33,1.7,012 km N 66° W of Nagtipunan (Quirino),Ms,TECTONIC
125,2025-08-29 17:18:11+00:00,11.34,125.74,11,2.5,014 km S 87° E of Hernani (Eastern Samar),Ms,TECTONIC
126,2025-08-29 17:04:05+00:00,15.64,120.22,32,1.4,017 km N 81° W of Mayantoc (Tarlac),Ms,TECTONIC
127,2025-08-29 16:55:34+00:00,10.15,126.15,17,3.2,017 km N 30° E of Burgos (Surigao Del Norte),Ms,TECTONIC
128,2025-08-29 16:42:52+00:00,7.24,127.22,21,2.7,073 km S 82° E of Caraga (Davao Oriental),Ms,TECTONIC
129,2025-08-29 16:36:44+00:00,6.02,125.75,140,2.9,017 km N 46° E of Jose Abad Santos (Davao Occidental),Ms,TECTONIC
130,2025-08-29 16:34:27+00:00,14.58,121.95,33,1.4,015 km S 03° E of Polillo (Quezon),Ms,TECTONIC
131,2025-08-29 16:30:21+00:00,17.93,120.38,24,1.7,010 km N 87° W of Badoc (Ilocos Norte),Ms,TECTONIC
132,2025-08-29 16:25:05+00:00,17.77,120.1,21,1.9,034 km N 54° W of Santa Catalina (Ilocos Sur),Ms,TECTONIC
133,2025-08-29 16:24:25+00:00,6.56,126.53,32,2.1,052 km S 78° E of Governor Generoso (Davao Oriental),Ms,TECTONIC
134,2025-08-29 16:14:08+00:00,6.72,126.86,150,2.1,051 km S 48° E of Tarragona (Davao Oriental),Ms,TECTONIC
135,2025-08-29 15:46:35+00:00,6.55,126.51,31,2.0,050 km S 77° E of Governor Generoso (Davao Oriental),Ms,TECTONIC
136,2025-08-29 15:39:32+00:00,6.59,126.47,27,2.3,044 km S 81° E of Governor Generoso (Davao Oriental),Ms,TECTONIC
137,2025-08-29 15:19:35+00:00,8.45,127.08,9,3.1,083 km N 83° E of Hinatuan (Surigao Del Sur),Ms,TECTONIC
138,2025-08-29 15:16:46+00:00,14.05,120.54,112,1.4,010 km S 74° W of Nasugbu (Batangas),Ms,TECTONIC
139,2025-08-29 15:14:06+00:00,6.59,126.46,30,2.2,043 km S 81° E of Governor Generoso (Davao Oriental),Ms,TECTONIC
140,2025-08-29 15:03:30+00:00,9.26,126.13,9,2.3,007 km S 76° W of Cortes (Surigao Del Sur),Ms,TECTONIC
141,2025-08-29 14:51:17+00:00,6.59,126.43,34,2.4,040 km S 80° E of Governor Generoso (Davao Oriental),Ms,TECTONIC
142,2025-08-29 14:44:51+00:00,14.0,120.11,58,1.4,015 km N 04° W of Lubang (Occidental Mindoro),Ms,TECTONIC
143,2025-08-29 14:41:39+00:00,16.71,121.71,26,1.6,002 km S 79° E of Echague (Isabela),Ms,TECTONIC
144,2025-08-29 14:39:26+00:00,6.4,126.82,35,2.0,082 km S 30° E of Tarragona (Davao Oriental),Ms,TECTONIC
145,2025-08-29 14:34:10+00:00,11.75,125.47,15,2.4,002 km S 86° E of San Julian (Eastern Samar),Ms,TECTONIC
146,2025-08-29 13:56:20+00:00,13.08,121.17,6,3.2,016 km S 50° W of Victoria (Oriental Mindoro),Ms,TECTONIC
147,2025-08-29 13:51:59+00:00,15.7,119.96,26,3.0,009 km S 39° E of Santa Cruz (Zambales),Ms,TECTONIC
148,2025-08-29 13:49:29+00:00,6.39,126.7,35,2.1,075 km S 67° E of Governor Generoso (Davao Oriental),Ms,TECTONIC
149,2025-08-29 13:29:59+00:00,6.57,126.48,25,4.2,046 km S 78° E of Governor Generoso (Davao Oriental),Mw,TECTONIC
150,2025-08-29 12:04:43+00:00,17.35,122.59,15,2.5,031 km N 86° E of Divilacan (Isabela),Ms,TECTONIC
151,2025-08-29 11:40:30+00:00,9.19,126.23,23,2.5,011 km S 23° E of Cortes (Surigao Del Sur),Ms,TECTONIC
152,2025-08-29 11:37:47+00:00,12.47,123.68,8,2.7,010 km S 83° W of San Fernando (Masbate),Ms,TECTONIC
153,2025-08-29 11:30:21+00:00,16.44,120.56,37,1.8,003 km S 75° W of La Trinidad (Benguet),Ms,TECTONIC
154,2025-08-29 11:08:37+00:00,8.12,126.74,25,2.1,037 km N 76° E of Lingig (Surigao Del Sur),Ms,TECTONIC
155,2025-08-29 09:54:25+00:00,9.9,126.11,32,1.3,004 km N 23° E of Pilar (Surigao Del Norte),Ms,TECTONIC
156,2025-08-29 09:35:13+00:00,8.98,126.32,45,2.3,004 km N 74° E of Bayabas (Surigao Del Sur),Ms,TECTONIC
157,2025-08-29 08:41:26+00:00,12.74,124.77,5,2.6,025 km N 04° E of Mondragon (Northern Samar),Ms,TECTONIC
158,2025-08-29 06:54:36+00:00,13.19,120.87,45,4.0,020 km N 54° E of Santa Cruz (Occidental Mindoro),Ms,TECTONIC
159,2025-08-29 06:19:28+00:00,11.33,122.92,29,1.8,017 km S 68° E of Ma-ayon (Capiz),Ms,TECTONIC
160,2025-08-29 05:21:49+00:00,5.57,126.99,87,3.1,153 km S 76° E of Jose Abad Santos (Davao Occidental),Ms,TECTONIC
161,2025-08-29 03:37:15+00:00,3.93,125.11,377,3.7,167 km S 12° W of Balut Island (Municipality Of Sarangani) (Davao Occidental),Ms,TECTONIC
162,2025-08-29 03:35:28+00:00,9.16,126.45,18,2.0,028 km N 40° E of Bayabas (Surigao Del Sur),Ms,TECTONIC
163,2025-08-29 03:28:05+00:00,9.02,126.57,21,2.2,031 km N 70° E of Cagwait (Surigao Del Sur),Ms,TECTONIC
164,2025-08-29 00:54:31+00:00,13.67,120.6,146,1.6,018 km S 09° W of Calatagan (Batangas),Ms,TECTONIC
165,2025-08-29 00:44:13+00:00,10.07,126.19,22,4.6,014 km N 66° E of Burgos (Surigao Del Norte),Mw,TECTONIC
166,2025-08-28 23:20:04+00:00,8.14,126.9,11,3.5,055 km N 78° E of Lingig (Surigao Del Sur),Ms,TECTONIC
167,2025-08-28 19:52:52+00:00,12.25,125.32,25,2.0,006 km S 68° W of Arteche (Eastern Samar),Ms,TECTONIC
168,2025-08-28 19:32:12+00:00,10.68,124.91,35,2.3,010 km N 35° W of Mahaplag (Leyte),Ms,TECTONIC
169,2025-08-28 18:57:07+00:00,9.22,126.38,13,2.9,022 km S 75° E of Cortes (Surigao Del Sur),Ms,TECTONIC
170,2025-08-28 17:46:59+00:00,12.0,121.54,14,3.0,008 km N 06° W of Caluya (Antique),Ms,TECTONIC
171,2025-08-28 17:42:27+00:00,8.51,126.27,25,2.3,013 km N 62° E of Tagbina (Surigao Del Sur),Ms,TECTONIC
172,2025-08-28 17:36:48+00:00,5.62,128.06,34,4.4,239 km S 48° E of Tarragona (Davao Oriental),Ms,TECTONIC
173,2025-08-28 16:52:58+00:00,13.55,120.64,9,2.8,014 km N 39° W of Abra De Ilog (Occidental Mindoro),Ms,TECTONIC
174,2025-08-28 16:37:41+00:00,13.61,120.59,118,2.3,023 km N 40° W of Abra De Ilog (Occidental Mindoro),Ms,TECTONIC
175,2025-08-28 16:19:33+00:00,13.7,122.86,3,2.1,011 km S 31° W of Lupi (Camarines Sur),Ms,TECTONIC
176,2025-08-28 16:00:52+00:00,10.38,125.25,4,3.7,003 km N 02° E of Hinundayan (Southern Leyte),Ms,TECTONIC
177,2025-08-28 15:19:44+00:00,13.66,122.77,36,2.0,021 km S 47° W of Lupi (Camarines Sur),Ms,TECTONIC
178,2025-08-28 14:37:15+00:00,13.16,124.22,18,2.1,010 km S 71° E of Rapu-rapu (Albay),Ms,TECTONIC
179,2025-08-28 14:35:39+00:00,13.64,122.81,2,2.1,020 km S 32° W of Lupi (Camarines Sur),Ms,TECTONIC
180,2025-08-28 13:22:38+00:00,14.18,124.17,4,3.1,015 km N 01° E of Pandan (Catanduanes),Ms,TECTONIC
181,2025-08-28 13:15:48+00:00,8.23,127.26,15,2.8,095 km N 78° E of Lingig (Surigao Del Sur),Ms,TECTONIC
182,2025-08-28 13:14:52+00:00,7.78,125.31,29,1.7,016 km S 09° W of San Fernando (Bukidnon),Ms,TECTONIC
183,2025-08-28 13:00:21+00:00,8.54,126.77,30,2.2,052 km N 68° E of Hinatuan (Surigao Del Sur),Ms,TECTONIC
184,2025-08-28 12:34:50+00:00,13.81,122.71,41,1.7,009 km S 81° W of Ragay (Camarines Sur),Ms,TECTONIC
185,2025-08-28 12:08:35+00:00,9.24,126.93,7,2.9,077 km N 67° E of Bayabas (Surigao Del Sur),Ms,TECTONIC
186,2025-08-28 12:08:50+00:00,13.44,120.07,33,4.3,037 km S 33° W of Looc (Occidental Mindoro),Mw,TECTONIC
187,2025-08-28 11:58:06+00:00,16.19,121.92,28,1.6,006 km N 38° W of Dinalungan (Aurora),Ms,TECTONIC
188,2025-08-28 11:33:09+00:00,9.23,125.99,9,2.0,004 km S 88° W of Carmen (Surigao Del Sur),Ms,TECTONIC
189,2025-08-28 11:23:10+00:00,9.24,126.64,11,3.7,049 km N 53° E of Bayabas (Surigao Del Sur),Ms,TECTONIC
190,2025-08-28 11:01:11+00:00,8.94,126.54,22,1.9,026 km N 86° E of Cagwait (Surigao Del Sur),Ms,TECTONIC
191,2025-08-28 10:38:04+00:00,9.16,126.42,19,2.3,026 km N 35° E of Bayabas (Surigao Del Sur),Ms,TECTONIC
192,2025-08-28 10:19:44+00:00,8.45,126.58,17,1.8,028 km N 70° E of Hinatuan (Surigao Del Sur),Ms,TECTONIC
193,2025-08-28 08:27:22+00:00,9.02,126.9,3,2.0,067 km N 81° E of Cagwait (Surigao Del Sur),Ms,TECTONIC
194,2025-08-28 08:13:53+00:00,12.8,123.37,9,3.8,017 km S 49° E of Claveria (Masbate),Ms,TECTONIC
195,2025-08-28 07:47:19+00:00,9.04,126.85,3,3.5,062 km N 77° E of Cagwait (Surigao Del Sur),Ms,TECTONIC
196,2025-08-28 06:19:36+00:00,10.4,122.63,48,2.1,012 km S 01° E of Sibunag (Guimaras),Ms,TECTONIC
197,2025-08-28 06:13:53+00:00,13.58,122.86,6,2.0,024 km S 15° W of Lupi (Camarines Sur),Ms,TECTONIC
198,2025-08-28 06:08:51+00:00,8.17,126.83,22,1.5,048 km N 72° E of Lingig (Surigao Del Sur),Ms,TECTONIC
199,2025-08-28 06:05:33+00:00,19.3,121.17,16,2.4,021 km N 09° W of Dalupiri Island (Calayan) (Cagayan),Ms,TECTONIC
200,2025-08-28 05:37:09+00:00,8.98,126.59,24,2.4,032 km N 77° E of Cagwait (Surigao Del Sur),Ms,TECTONIC
201,2025-08-28 05:33:52+00:00,7.91,126.41,30,1.4,005 km N 36° E of Boston (Davao Oriental),Ms,TECTONIC
202,2025-08-28 05:28:13+00:00,13.69,120.64,114,1.5,015 km S 03° E of Calatagan (Batangas),Ms,TECTONIC
203,2025-08-28 03:50:46+00:00,8.2,127.14,14,1.5,083 km N 77° E of Lingig (Surigao Del Sur),Ms,TECTONIC
204,2025-08-28 03:44:28+00:00,14.16,120.39,117,2.9,027 km N 70° W of Nasugbu (Batangas),Ms,TECTONIC
205,2025-08-28 03:37:32+00:00,7.68,126.84,21,2.0,033 km N 69° E of Baganga (Davao Oriental),Ms,TECTONIC
206,2025-08-28 02:49:50+00:00,13.52,120.72,33,1.7,009 km N 02° W of Abra De Ilog (Occidental Mindoro),Ms,TECTONIC
207,2025-08-28 02:29:39+00:00,13.73,120.65,17,1.6,012 km S 09° E of Calatagan (Batangas),Ms,TECTONIC
208,2025-08-28 02:19:29+00:00,13.85,120.57,90,1.5,006 km N 76° W of Calatagan (Batangas),Ms,TECTONIC
209,2025-08-28 00:58:39+00:00,9.96,125.58,143,2.5,002 km N 82° W of Dinagat (Dinagat Islands),Ms,TECTONIC
210,2025-08-28 00:13:14+00:00,18.85,120.79,20,3.7,032 km N 01° E of Pagudpud (Ilocos Norte),Ms,TECTONIC
211,2025-08-28 00:11:27+00:00,6.9,126.31,36,2.3,012 km S 59° E of City Of Mati (Davao Oriental),Ms,TECTONIC
212,2025-08-27 23:54:03+00:00,9.67,126.2,35,1.4,014 km S 19° E of General Luna (Surigao Del Norte),Ms,TECTONIC
213,2025-08-27 22:14:55+00:00,7.86,125.3,10,3.0,007 km S 26° W of San Fernando (Bukidnon),Ms,TECTONIC
214,2025-08-27 21:49:37+00:00,4.81,126.08,22,2.4,099 km S 48° E of Balut Island (Municipality Of Sarangani) (Davao Occidental),Ms,TECTONIC
215,2025-08-27 21:43:13+00:00,9.2,126.64,15,2.2,046 km N 57° E of Bayabas (Surigao Del Sur),Ms,TECTONIC
216,2025-08-27 21:20:16+00:00,12.59,123.61,5,1.7,008 km S 43° W of Monreal (Masbate),Ms,TECTONIC
217,2025-08-27 21:07:42+00:00,8.52,125.81,13,2.3,009 km N 75° E of San Luis (Agusan Del Sur),Ms,TECTONIC
218,2025-08-27 21:07:08+00:00,12.64,123.59,21,2.2,008 km West of Monreal (Masbate),Ms,TECTONIC
219,2025-08-27 20:24:35+00:00,10.3,126.25,28,1.8,037 km N 32° E of Burgos (Surigao Del Norte),Ms,TECTONIC
220,2025-08-27 20:00:41+00:00,9.67,126.19,33,1.8,013 km S 18° E of General Luna (Surigao Del Norte),Ms,TECTONIC
221,2025-08-27 19:59:52+00:00,11.83,126.06,28,2.7,066 km N 88° E of Sulat (Eastern Samar),Ms,TECTONIC
222,2025-08-27 19:46:37+00:00,17.29,120.3,25,2.4,015 km S 90° W of Santiago (Ilocos Sur),Ms,TECTONIC
223,2025-08-27 19:36:26+00:00,13.25,121.75,25,1.8,013 km S 53° W of Gasan (Marinduque),Ms,TECTONIC
224,2025-08-27 19:32:29+00:00,6.0,123.67,33,2.2,062 km S 68° W of Palimbang (Sultan Kudarat),Ms,TECTONIC
225,2025-08-27 19:19:07+00:00,13.57,122.79,6,1.5,028 km S 28° W of Lupi (Camarines Sur),Ms,TECTONIC
226,2025-08-27 18:03:59+00:00,10.53,124.77,22,1.5,004 km N 48° E of Inopacan (Leyte),Ms,TECTONIC
227,2025-08-27 17:58:43+00:00,14.88,119.43,23,3.0,071 km S 84° W of San Antonio (Zambales),Ms,TECTONIC
228,2025-08-27 17:30:41+00:00,15.21,122.71,32,1.7,070 km N 35° E of Jomalig (Quezon),Ms,TECTONIC
229,2025-08-27 17:25:00+00:00,13.85,120.56,91,1.6,008 km N 72° W of Calatagan (Batangas),Ms,TECTONIC
230,2025-08-27 17:14:10+00:00,8.21,127.48,36,2.5,119 km N 81° E of Lingig (Surigao Del Sur),Ms,TECTONIC
231,2025-08-27 16:34:33+00:00,8.92,126.35,34,1.7,005 km N 84° E of Cagwait (Surigao Del Sur),Ms,TECTONIC
232,2025-08-27 16:32:12+00:00,13.86,120.58,90,1.6,007 km N 61° W of Calatagan (Batangas),Ms,TECTONIC
233,2025-08-27 14:22:19+00:00,8.41,126.23,33,2.0,009 km S 55° E of Tagbina (Surigao Del Sur),Ms,TECTONIC
234,2025-08-27 13:59:12+00:00,6.33,125.79,71,1.8,019 km N 36° E of Don Marcelino (Davao Occidental),Ms,TECTONIC
235,2025-08-27 13:05:27+00:00,6.83,123.81,30,1.8,035 km S 41° W of Datu Blah T. Sinsuat (Maguindanao Del Norte),Ms,TECTONIC
236,2025-08-27 12:53:57+00:00,15.77,119.83,23,2.0,009 km N 81° W of Santa Cruz (Zambales),Ms,TECTONIC
237,2025-08-27 12:42:30+00:00,11.33,125.15,83,2.5,011 km N 59° E of Basey (Samar),Ms,TECTONIC
238,2025-08-27 11:53:21+00:00,9.28,126.27,16,1.9,009 km N 88° E of Cortes (Surigao Del Sur),Ms,TECTONIC
239,2025-08-27 11:39:13+00:00,9.27,126.56,11,3.0,040 km S 89° E of Cortes (Surigao Del Sur),Ms,TECTONIC
240,2025-08-27 11:00:12+00:00,9.41,122.47,13,2.8,022 km S 01° E of Hinoba-an (Negros Occidental),Ms,TECTONIC
241,2025-08-27 09:44:40+00:00,9.64,126.21,33,1.6,017 km S 22° E of General Luna (Surigao Del Norte),Ms,TECTONIC
242,2025-08-27 07:52:34+00:00,9.18,126.66,17,2.4,047 km N 60° E of Bayabas (Surigao Del Sur),Ms,TECTONIC
243,2025-08-27 06:53:51+00:00,7.51,126.2,5,2.6,008 km S 59° E of New Bataan (Davao De Oro),Ms,TECTONIC
244,2025-08-27 06:38:17+00:00,8.62,122.6,22,2.6,051 km N 67° W of Jose Dalman (Zamboanga Del Norte),Ms,TECTONIC
245,2025-08-27 05:27:25+00:00,7.75,124.96,7,1.7,006 km S 54° W of Maramag (Bukidnon),Ms,TECTONIC
246,2025-08-27 04:48:28+00:00,8.75,126.18,34,1.9,005 km N 81° W of San Agustin (Surigao Del Sur),Ms,TECTONIC
247,2025-08-27 04:13:49+00:00,11.4,125.41,9,2.7,014 km S 52° W of Balangkayan (Eastern Samar),Ms,TECTONIC
248,2025-08-27 03:49:32+00:00,10.42,126.22,8,2.6,047 km N 19° E of Burgos (Surigao Del Norte),Ms,TECTONIC
249,2025-08-27 03:32:10+00:00,13.35,123.2,5,1.6,018 km S 89° W of Bato (Camarines Sur),Ms,TECTONIC
250,2025-08-26 23:04:18+00:00,10.31,125.23,10,2.6,004 km N 35° W of Anahawan (Southern Leyte),Ms,TECTONIC
251,2025-08-26 22:40:27+00:00,7.35,125.93,43,2.0,008 km S 77° E of Maco (Davao De Oro),Ms,TECTONIC
252,2025-08-26 22:03:45+00:00,13.56,120.64,113,3.1,016 km N 37° W of Abra De Ilog (Occidental Mindoro),Ms,TECTONIC
253,2025-08-26 21:57:14+00:00,9.84,122.0,3,2.6,048 km N 81° W of City Of Sipalay (Negros Occidental),Ms,TECTONIC
254,2025-08-26 21:43:53+00:00,13.71,122.87,2,2.4,010 km S 30° W of Lupi (Camarines Sur),Ms,TECTONIC
255,2025-08-26 20:41:40+00:00,11.26,124.62,4,2.7,004 km S 39° W of Capoocan (Leyte),Ms,TECTONIC
256,2025-08-26 20:14:46+00:00,8.16,126.92,10,2.5,058 km N 77° E of Lingig (Surigao Del Sur),Ms,TECTONIC
257,2025-08-26 19:45:48+00:00,8.52,126.31,65,4.6,017 km N 09° W of Hinatuan (Surigao Del Sur),Mw,TECTONIC
258,2025-08-26 19:33:17+00:00,13.75,122.89,1,2.0,005 km S 32° W of Lupi (Camarines Sur),Ms,TECTONIC
259,2025-08-26 19:21:50+00:00,9.29,122.32,31,2.0,037 km S 69° W of Basay (Negros Oriental),Ms,TECTONIC
260,2025-08-26 19:10:36+00:00,13.54,122.7,34,1.4,015 km S 80° E of San Narciso (Quezon),Ms,TECTONIC
261,2025-08-26 19:09:17+00:00,13.49,122.82,27,1.5,024 km S 84° W of Pasacao (Camarines Sur),Ms,TECTONIC
262,2025-08-26 19:01:57+00:00,13.74,122.88,2,2.5,007 km S 31° W of Lupi (Camarines Sur),Ms,TECTONIC
263,2025-08-26 18:55:51+00:00,13.65,122.78,33,1.5,018 km S 05° W of Ragay (Camarines Sur),Ms,TECTONIC
264,2025-08-26 18:54:58+00:00,13.75,122.86,2,1.9,007 km S 51° W of Lupi (Camarines Sur),Ms,TECTONIC
265,2025-08-26 18:52:39+00:00,13.44,120.13,16,1.6,034 km S 23° W of Looc (Occidental Mindoro),Ms,TECTONIC
266,2025-08-26 17:02:30+00:00,6.17,126.19,124,2.5,054 km S 87° E of Don Marcelino (Davao Occidental),Ms,TECTONIC
267,2025-08-26 17:00:27+00:00,15.86,121.61,12,2.0,008 km N 77° E of Dipaculao (Aurora),Ms,TECTONIC
268,2025-08-26 16:27:58+00:00,6.12,124.85,5,2.0,011 km S 19° E of T'boli (South Cotabato),Ms,TECTONIC
269,2025-08-26 16:19:27+00:00,12.33,125.13,35,1.4,011 km S 85° E of Las Navas (Northern Samar),Ms,TECTONIC
270,2025-08-26 15:58:36+00:00,13.67,122.75,33,1.3,017 km S 16° W of Ragay (Camarines Sur),Ms,TECTONIC
271,2025-08-26 15:55:32+00:00,9.19,125.98,5,2.0,006 km S 40° W of Carmen (Surigao Del Sur),Ms,TECTONIC
272,2025-08-26 15:53:23+00:00,13.73,122.84,33,1.2,011 km S 48° W of Lupi (Camarines Sur),Ms,TECTONIC
273,2025-08-26 15:37:12+00:00,13.61,122.77,33,1.4,023 km S 05° W of Ragay (Camarines Sur),Ms,TECTONIC
274,2025-08-26 15:18:49+00:00,5.79,125.63,18,2.4,014 km S 07° W of Jose Abad Santos (Davao Occidental),Ms,TECTONIC
275,2025-08-26 14:43:07+00:00,13.75,122.87,3,1.9,007 km S 51° W of Lupi (Camarines Sur),Ms,TECTONIC
276,2025-08-26 14:21:44+00:00,9.23,126.74,12,2.8,058 km N 60° E of Bayabas (Surigao Del Sur),Ms,TECTONIC
277,2025-08-26 13:57:52+00:00,5.01,125.98,110,2.7,076 km S 54° E of Balut Island (Municipality Of Sarangani) (Davao Occidental),Ms,TECTONIC
278,2025-08-26 13:51:35+00:00,5.75,125.14,24,2.4,010 km S 44° W of Glan (Sarangani),Ms,TECTONIC
279,2025-08-26 13:43:09+00:00,17.88,120.66,8,2.1,004 km S 10° W of Nueva Era (Ilocos Norte),Ms,TECTONIC
280,2025-08-26 13:37:45+00:00,8.04,126.18,3,2.0,012 km N 89° E of Trento (Agusan Del Sur),Ms,TECTONIC
281,2025-08-26 13:30:53+00:00,13.55,120.63,91,2.7,015 km N 43° W of Abra De Ilog (Occidental Mindoro),Ms,TECTONIC
282,2025-08-26 13:05:04+00:00,20.08,121.9,89,3.0,028 km S 06° E of Sabtang (Batanes),Ms,TECTONIC
283,2025-08-26 12:59:08+00:00,8.26,126.75,23,2.3,044 km N 57° E of Lingig (Surigao Del Sur),Ms,TECTONIC
284,2025-08-26 12:55:56+00:00,13.72,120.68,116,1.7,013 km S 23° E of Calatagan (Batangas),Ms,TECTONIC
285,2025-08-26 12:39:00+00:00,7.67,126.09,32,2.0,001 km N 41° E of Compostela (Davao De Oro),Ms,TECTONIC
286,2025-08-26 11:33:00+00:00,18.5,120.67,31,1.7,003 km S 64° E of Burgos (Ilocos Norte),Ms,TECTONIC
287,2025-08-26 10:57:58+00:00,14.08,120.42,82,1.4,023 km N 87° W of Nasugbu (Batangas),Ms,TECTONIC
288,2025-08-26 10:52:31+00:00,9.09,126.47,29,1.8,025 km N 55° E of Bayabas (Surigao Del Sur),Ms,TECTONIC
289,2025-08-26 10:11:14+00:00,3.19,128.11,188,4.3,386 km S 50° E of Balut Island (Municipality Of Sarangani) (Davao Occidental),Ms,TECTONIC
290,2025-08-26 10:10:47+00:00,8.3,125.86,12,2.0,006 km N 68° E of La Paz (Agusan Del Sur),Ms,TECTONIC
291,2025-08-26 08:42:27+00:00,8.96,122.76,22,2.4,032 km S 69° W of Siaton (Negros Oriental),Ms,TECTONIC
292,2025-08-26 07:23:50+00:00,13.41,122.85,8,2.4,021 km N 62° E of San Andres (Quezon),Ms,TECTONIC
293,2025-08-26 06:48:15+00:00,11.35,125.71,2,2.4,010 km N 84° E of Hernani (Eastern Samar),Ms,TECTONIC
294,2025-08-26 05:57:10+00:00,8.86,127.29,15,2.4,108 km S 87° E of Cagwait (Surigao Del Sur),Ms,TECTONIC
295,2025-08-26 04:51:19+00:00,13.68,122.82,35,1.3,016 km S 37° W of Lupi (Camarines Sur),Ms,TECTONIC
296,2025-08-26 04:19:02+00:00,8.3,126.75,17,2.4,046 km S 80° E of Hinatuan (Surigao Del Sur),Ms,TECTONIC
297,2025-08-26 04:06:45+00:00,8.4,127.05,4,3.1,079 km N 87° E of Hinatuan (Surigao Del Sur),Ms,TECTONIC
298,2025-08-26 03:17:06+00:00,8.61,126.72,6,2.8,050 km N 57° E of Hinatuan (Surigao Del Sur),Ms,TECTONIC
299,2025-08-26 02:14:50+00:00,13.72,122.88,7,1.7,008 km S 23° W of Lupi (Camarines Sur),Ms,TECTONIC
300,2025-08-26 01:44:54+00:00,3.09,128.26,224,4.4,406 km S 51° E of Balut Island (Municipality Of Sarangani) (Davao Occidental),Ms,TECTONIC
301,2025-08-26 00:38:54+00:00,6.7,124.35,11,1.5,016 km S 71° W of Datu Abdullah Sangki (Maguindanao Del Sur),Ms,TECTONIC
302,2025-08-25 23:34:58+00:00,8.85,122.57,26,2.2,056 km S 65° W of Siaton (Negros Oriental),Ms,TECTONIC
303,2025-08-25 22:38:22+00:00,13.71,122.88,1,2.0,010 km S 23° W of Lupi (Camarines Sur),Ms,TECTONIC
304,2025-08-25 22:25:11+00:00,9.16,126.93,10,2.8,075 km N 69° E of Cagwait (Surigao Del Sur),Ms,TECTONIC
305,2025-08-25 21:44:27+00:00,8.86,126.26,21,2.4,008 km S 35° W of Cagwait (Surigao Del Sur),Ms,TECTONIC
306,2025-08-25 21:26:08+00:00,8.62,126.76,11,2.2,062 km N 62° E of Hinatuan (Surigao Del Sur),Ms,TECTONIC
307,2025-08-25 21:22:55+00:00,8.78,126.22,100,1.9,004 km N 13° W of San Agustin (Surigao Del Sur),Ms,TECTONIC
308,2025-08-25 20:27:41+00:00,10.39,126.23,3,2.5,044 km N 22° E of Burgos (Surigao Del Norte),Ms,TECTONIC
309,2025-08-25 19:30:55+00:00,13.9,120.49,61,1.8,017 km N 63° W of Calatagan (Batangas),Ms,TECTONIC
310,2025-08-25 19:30:02+00:00,15.45,121.89,19,1.5,049 km S 46° E of Baler (Aurora),Ms,TECTONIC
311,2025-08-25 19:18:23+00:00,5.5,127.17,90,4.7,176 km S 44° E of Governor Generoso (Davao Oriental),Mw,TECTONIC
312,2025-08-25 18:42:01+00:00,14.49,120.68,33,1.3,012 km S 46° E of Limay (Bataan),Ms,TECTONIC
313,2025-08-25 18:22:26+00:00,9.63,126.04,33,1.7,009 km N 82° E of Socorro (Surigao Del Norte),Ms,TECTONIC
314,2025-08-25 18:19:38+00:00,6.48,126.43,61,2.4,044 km S 64° E of Governor Generoso (Davao Oriental),Ms,TECTONIC
315,2025-08-25 16:31:48+00:00,7.67,126.1,2,1.5,002 km N 86° E of Compostela (Davao De Oro),Ms,TECTONIC
316,2025-08-25 16:29:47+00:00,5.66,126.96,86,3.3,147 km S 42° E of Governor Generoso (Davao Oriental),Ms,TECTONIC
317,2025-08-25 16:24:00+00:00,13.96,120.79,3,2.0,004 km N 37° W of City Of Calaca (Batangas),Ms,TECTONIC
318,2025-08-25 16:14:19+00:00,13.75,122.7,33,1.3,012 km S 54° W of Ragay (Camarines Sur),Ms,TECTONIC
319,2025-08-25 16:07:38+00:00,6.52,126.58,33,2.1,058 km S 75° E of Governor Generoso (Davao Oriental),Ms,TECTONIC
320,2025-08-25 15:59:10+00:00,17.62,121.94,17,1.8,016 km S 89° E of Peñablanca (Cagayan),Ms,TECTONIC
321,2025-08-25 15:59:09+00:00,5.77,126.07,21,2.7,050 km S 71° E of Jose Abad Santos (Davao Occidental),Ms,TECTONIC
322,2025-08-25 15:51:30+00:00,8.79,126.58,11,2.4,031 km S 88° E of Marihatag (Surigao Del Sur),Ms,TECTONIC
323,2025-08-25 15:43:30+00:00,13.69,120.47,79,2.7,024 km S 48° W of Calatagan (Batangas),Ms,TECTONIC
324,2025-08-25 15:33:24+00:00,17.63,120.76,23,1.7,003 km N 53° E of Lagangilang (Abra),Ms,TECTONIC
325,2025-08-25 15:23:15+00:00,9.77,126.14,25,1.6,002 km S 66° W of General Luna (Surigao Del Norte),Ms,TECTONIC
326,2025-08-25 15:19:43+00:00,7.96,126.67,18,1.5,030 km N 52° E of Cateel (Davao Oriental),Ms,TECTONIC
327,2025-08-25 15:02:34+00:00,9.1,126.42,28,1.8,020 km N 46° E of Bayabas (Surigao Del Sur),Ms,TECTONIC
328,2025-08-25 14:24:53+00:00,5.89,126.31,153,2.4,073 km S 88° E of Jose Abad Santos (Davao Occidental),Ms,TECTONIC
329,2025-08-25 13:42:12+00:00,8.43,125.78,32,1.8,002 km S 03° W of Talacogon (Agusan Del Sur),Ms,TECTONIC
330,2025-08-25 13:38:53+00:00,16.47,120.49,10,1.8,003 km S 07° E of Sablan (Benguet),Ms,TECTONIC
331,2025-08-25 13:20:41+00:00,13.69,122.85,26,1.5,012 km S 31° W of Lupi (Camarines Sur),Ms,TECTONIC
332,2025-08-25 13:16:45+00:00,6.54,126.36,17,3.0,034 km S 70° E of Governor Generoso (Davao Oriental),Ms,TECTONIC
333,2025-08-25 13:13:23+00:00,13.76,122.88,3,1.9,005 km S 43° W of Lupi (Camarines Sur),Ms,TECTONIC
334,2025-08-25 13:04:41+00:00,6.45,126.48,36,2.0,050 km S 64° E of Governor Generoso (Davao Oriental),Ms,TECTONIC
335,2025-08-25 12:58:39+00:00,7.47,124.15,3,1.8,005 km S 30° E of Balabagan (Lanao Del Sur),Ms,TECTONIC
336,2025-08-25 12:52:43+00:00,12.83,120.93,1,3.1,017 km N 82° E of Sablayan (Occidental Mindoro),Ms,TECTONIC
337,2025-08-25 12:42:54+00:00,7.02,125.11,31,2.0,003 km N 56° E of City Of Kidapawan (Cotabato),Ms,TECTONIC
338,2025-08-25 12:32:50+00:00,8.52,122.36,103,1.3,054 km N 20° W of Labason (Zamboanga Del Norte),Ms,TECTONIC
339,2025-08-25 12:30:37+00:00,8.41,125.81,33,2.5,005 km S 31° E of Talacogon (Agusan Del Sur),Ms,TECTONIC
340,2025-08-25 12:30:26+00:00,8.89,122.57,8,2.4,054 km S 70° W of Siaton (Negros Oriental),Ms,TECTONIC
341,2025-08-25 12:14:42+00:00,18.94,121.23,30,2.9,018 km N 55° W of Fuga Island (Aparri) (Cagayan),Ms,TECTONIC
342,2025-08-25 11:56:36+00:00,10.3,123.11,12,1.9,006 km N 49° E of Moises Padilla (Negros Occidental),ML,VOLCANO-TECTONIC
343,2025-08-25 11:46:45+00:00,13.23,123.97,35,1.5,016 km N 44° E of Manito (Albay),Ms,TECTONIC
344,2025-08-25 11:17:17+00:00,8.76,126.51,24,1.5,024 km S 79° E of Marihatag (Surigao Del Sur),Ms,TECTONIC
345,2025-08-25 09:26:09+00:00,20.66,121.65,3,2.9,024 km S 54° W of Itbayat (Batanes),Ms,TECTONIC
346,2025-08-25 06:06:00+00:00,13.24,123.8,11,2.7,002 km N 87° E of Santo Domingo (Albay),unspecified,unspecified
347,2025-08-25 05:24:50+00:00,10.34,125.13,11,2.6,007 km N 12° W of Saint Bernard (Southern Leyte),Ms,TECTONIC
348,2025-08-25 02:10:49+00:00,7.87,125.3,1,1.8,007 km S 34° W of San Fernando (Bukidnon),Ms,TECTONIC
349,2025-08-25 01:01:21+00:00,12.44,123.62,5,2.0,007 km N 01° W of City Of Masbate (Masbate),Ms,TECTONIC
350,2025-08-25 00:48:17+00:00,13.02,124.54,10,2.5,037 km S 87° E of Prieto Diaz (Sorsogon),Ms,TECTONIC
351,2025-08-25 00:35:44+00:00,18.22,122.02,4,3.1,013 km S 75° E of Santa Teresita (Cagayan),Ms,TECTONIC
352,2025-08-25 00:33:49+00:00,8.59,126.68,5,2.5,045 km N 57° E of Hinatuan (Surigao Del Sur),Ms,TECTONIC
353,2025-08-25 00:20:27+00:00,13.2,124.07,32,1.7,007 km N 78° W of Rapu-rapu (Albay),Ms,TECTONIC
354,2025-08-25 00:15:18+00:00,8.84,126.99,15,2.1,077 km S 83° E of Cagwait (Surigao Del Sur),Ms,TECTONIC
355,2025-08-25 00:14:46+00:00,8.84,127.1,2,1.5,088 km S 84° E of Cagwait (Surigao Del Sur),Ms,TECTONIC
356,2025-08-24 22:57:19+00:00,12.47,123.65,4,2.3,011 km N 16° E of City Of Masbate (Masbate),Ms,TECTONIC
357,2025-08-24 22:42:26+00:00,13.66,122.74,32,1.6,023 km S 52° W of Lupi (Camarines Sur),Ms,TECTONIC
358,2025-08-24 22:14:42+00:00,13.63,122.79,35,1.5,022 km S 38° W of Lupi (Camarines Sur),Ms,TECTONIC
359,2025-08-24 22:04:34+00:00,13.65,121.33,6,2.1,014 km N 89° E of Lobo (Batangas),Ms,TECTONIC
360,2025-08-24 21:27:34+00:00,7.82,127.21,23,2.4,077 km N 70° E of Baganga (Davao Oriental),Ms,TECTONIC
361,2025-08-24 21:25:10+00:00,8.79,127.21,27,3.2,100 km S 82° E of Cagwait (Surigao Del Sur),Ms,TECTONIC
362,2025-08-24 21:20:50+00:00,8.32,127.18,20,2.0,090 km N 70° E of Lingig (Surigao Del Sur),Ms,TECTONIC
363,2025-08-24 21:18:45+00:00,17.73,120.64,17,2.1,007 km N 83° W of Lagayan (Abra),Ms,TECTONIC
364,2025-08-24 21:13:32+00:00,17.75,120.68,5,2.6,004 km N 35° W of Lagayan (Abra),Ms,TECTONIC
365,2025-08-24 20:47:28+00:00,13.7,122.83,2,1.3,013 km S 39° W of Lupi (Camarines Sur),Ms,TECTONIC
366,2025-08-24 20:20:05+00:00,13.71,122.81,33,1.4,014 km S 54° W of Lupi (Camarines Sur),Ms,TECTONIC
367,2025-08-24 20:18:23+00:00,13.71,122.88,45,1.6,009 km S 25° W of Lupi (Camarines Sur),Ms,TECTONIC
368,2025-08-24 20:15:13+00:00,5.71,126.37,66,3.2,084 km S 75° E of Jose Abad Santos (Davao Occidental),Ms,TECTONIC
369,2025-08-24 20:08:11+00:00,8.88,122.64,14,2.6,047 km S 65° W of Siaton (Negros Oriental),Ms,TECTONIC
370,2025-08-24 19:57:23+00:00,8.92,122.56,10,2.1,054 km S 73° W of Siaton (Negros Oriental),Ms,TECTONIC
371,2025-08-24 19:55:28+00:00,13.69,122.74,26,1.3,015 km S 23° W of Ragay (Camarines Sur),Ms,TECTONIC
372,2025-08-24 19:51:10+00:00,13.7,122.85,2,3.7,012 km S 32° W of Lupi (Camarines Sur),Ms,TECTONIC
373,2025-08-24 19:46:51+00:00,13.67,122.83,2,2.0,017 km S 34° W of Lupi (Camarines Sur),Ms,TECTONIC
374,2025-08-24 19:45:42+00:00,10.02,121.56,33,2.0,062 km N 39° E of Cagayancillo (Palawan),Ms,TECTONIC
375,2025-08-24 19:42:46+00:00,13.67,122.85,11,1.5,015 km S 29° W of Lupi (Camarines Sur),Ms,TECTONIC
376,2025-08-24 19:42:16+00:00,13.67,122.81,33,1.3,018 km S 39° W of Lupi (Camarines Sur),Ms,TECTONIC
377,2025-08-24 19:36:58+00:00,8.27,127.2,8,2.0,090 km N 74° E of Lingig (Surigao Del Sur),Ms,TECTONIC
378,2025-08-24 19:36:01+00:00,13.75,122.85,9,2.3,009 km S 55° W of Lupi (Camarines Sur),Ms,TECTONIC
379,2025-08-24 19:35:03+00:00,13.7,122.85,4,1.8,012 km S 35° W of Lupi (Camarines Sur),Ms,TECTONIC
380,2025-08-24 19:33:34+00:00,13.64,122.83,2,3.3,019 km S 27° W of Lupi (Camarines Sur),Ms,TECTONIC
381,2025-08-24 19:32:39+00:00,13.73,122.85,4,1.8,010 km S 48° W of Lupi (Camarines Sur),Ms,TECTONIC
382,2025-08-24 19:29:37+00:00,13.7,122.87,3,4.5,011 km S 23° W of Lupi (Camarines Sur),Mw,TECTONIC
383,2025-08-24 19:18:53+00:00,17.98,121.27,21,1.9,017 km N 28° W of Rizal (Cagayan),Ms,TECTONIC
384,2025-08-24 19:16:27+00:00,10.83,122.91,32,1.5,009 km S 56° W of Enrique B. Magalona (Negros Occidental),Ms,TECTONIC
385,2025-08-24 19:06:44+00:00,9.18,126.01,27,2.1,005 km S 15° W of Carmen (Surigao Del Sur),Ms,TECTONIC
386,2025-08-24 18:48:46+00:00,13.73,122.8,33,1.4,013 km S 62° W of Lupi (Camarines Sur),Ms,TECTONIC
387,2025-08-24 18:27:09+00:00,10.04,126.05,24,1.9,002 km N 18° E of Santa Monica (Surigao Del Norte),Ms,TECTONIC
388,2025-08-24 18:20:17+00:00,13.73,122.89,3,2.0,007 km S 21° W of Lupi (Camarines Sur),Ms,TECTONIC
389,2025-08-24 18:15:04+00:00,7.74,124.62,7,1.5,008 km S 56° W of Amai Manabilang (Lanao Del Sur),Ms,TECTONIC
390,2025-08-24 18:14:43+00:00,17.73,120.63,18,1.7,006 km N 37° W of Danglas (Abra),Ms,TECTONIC
391,2025-08-24 18:08:56+00:00,7.67,124.7,33,1.4,004 km N 40° W of Wao (Lanao Del Sur),Ms,TECTONIC
392,2025-08-24 17:45:13+00:00,13.09,124.14,41,1.1,008 km N 48° W of Prieto Diaz (Sorsogon),Ms,TECTONIC
393,2025-08-24 17:42:47+00:00,5.73,126.51,45,2.9,098 km S 78° E of Jose Abad Santos (Davao Occidental),Ms,TECTONIC
394,2025-08-24 17:41:46+00:00,5.3,126.19,36,2.3,082 km S 77° E of Sarangani Island (Municipality Of Sarangani) (Davao Occidental),Ms,TECTONIC
395,2025-08-24 17:31:19+00:00,13.63,122.85,32,1.4,019 km S 20° W of Lupi (Camarines Sur),Ms,TECTONIC
396,2025-08-24 16:55:45+00:00,5.06,127.19,32,3.1,196 km S 61° E of Jose Abad Santos (Davao Occidental),Ms,TECTONIC
397,2025-08-24 16:50:52+00:00,7.56,124.71,22,1.7,006 km N 18° E of Banisilan (Cotabato),Ms,TECTONIC
398,2025-08-24 16:47:55+00:00,12.52,121.48,22,1.7,009 km S 26° W of Roxas (Oriental Mindoro),Ms,TECTONIC
399,2025-08-24 16:43:59+00:00,9.89,122.1,10,2.6,039 km N 69° W of City Of Sipalay (Negros Occidental),Ms,TECTONIC
400,2025-08-24 16:33:47+00:00,13.68,122.86,2,2.0,014 km S 24° W of Lupi (Camarines Sur),Ms,TECTONIC
401,2025-08-24 16:28:58+00:00,9.75,126.19,21,1.7,005 km S 51° E of General Luna (Surigao Del Norte),Ms,TECTONIC
402,2025-08-24 16:24:52+00:00,7.6,124.82,13,2.0,011 km S 69° E of Wao (Lanao Del Sur),Ms,TECTONIC
403,2025-08-24 15:57:44+00:00,13.59,120.24,8,2.1,015 km S 03° W of Looc (Occidental Mindoro),Ms,TECTONIC
404,2025-08-24 15:47:00+00:00,13.65,122.86,2,1.6,017 km S 21° W of Lupi (Camarines Sur),Ms,TECTONIC
405,2025-08-24 15:39:56+00:00,13.72,122.87,6,1.8,014 km S 39° E of Ragay (Camarines Sur),Ms,TECTONIC
406,2025-08-24 15:35:42+00:00,13.59,120.57,32,1.4,022 km N 32° E of Paluan (Occidental Mindoro),Ms,TECTONIC
407,2025-08-24 15:30:33+00:00,13.68,122.87,2,1.8,013 km S 23° W of Lupi (Camarines Sur),Ms,TECTONIC
408,2025-08-24 15:28:38+00:00,8.7,126.55,32,2.2,030 km S 67° E of Marihatag (Surigao Del Sur),Ms,TECTONIC
409,2025-08-24 15:25:45+00:00,13.72,120.58,64,1.5,013 km S 24° W of Calatagan (Batangas),Ms,TECTONIC
410,2025-08-24 15:23:28+00:00,13.73,120.62,85,1.7,011 km S 04° W of Calatagan (Batangas),Ms,TECTONIC
411,2025-08-24 15:15:49+00:00,5.15,126.25,33,2.8,094 km S 67° E of Sarangani Island (Municipality Of Sarangani) (Davao Occidental),Ms,TECTONIC
412,2025-08-24 15:10:02+00:00,8.86,126.42,17,2.1,014 km S 65° E of Cagwait (Surigao Del Sur),Ms,TECTONIC
413,2025-08-24 15:10:02+00:00,20.16,122.12,29,3.2,028 km S 42° E of Uyugan (Batanes),Ms,TECTONIC
414,2025-08-24 15:08:17+00:00,13.65,120.7,92,1.5,021 km S 20° E of Calatagan (Batangas),Ms,TECTONIC
415,2025-08-24 14:47:20+00:00,5.99,127.19,17,2.4,143 km S 35° E of Tarragona (Davao Oriental),Ms,TECTONIC
416,2025-08-24 14:42:37+00:00,9.02,126.44,29,2.0,018 km N 71° E of Bayabas (Surigao Del Sur),Ms,TECTONIC
417,2025-08-24 14:23:46+00:00,13.6,120.23,8,2.1,013 km S 08° W of Looc (Occidental Mindoro),Ms,TECTONIC
418,2025-08-24 14:18:19+00:00,7.58,124.64,27,1.7,010 km N 35° W of Banisilan (Cotabato),Ms,TECTONIC
419,2025-08-24 13:05:55+00:00,9.24,126.5,25,2.3,034 km S 83° E of Cortes (Surigao Del Sur),Ms,TECTONIC
420,2025-08-24 12:22:51+00:00,13.69,120.62,92,1.5,016 km S 06° W of Calatagan (Batangas),Ms,TECTONIC
421,2025-08-24 12:11:10+00:00,9.31,126.43,26,1.8,027 km N 81° E of Cortes (Surigao Del Sur),Ms,TECTONIC
422,2025-08-24 12:01:36+00:00,13.53,123.52,32,1.8,008 km S 01° W of Sagñay (Camarines Sur),Ms,TECTONIC
423,2025-08-24 11:31:36+00:00,13.78,122.88,2,1.9,004 km S 73° W of Lupi (Camarines Sur),Ms,TECTONIC
424,2025-08-24 11:23:43+00:00,7.61,122.1,14,2.8,005 km N 63° W of Sirawai (Zamboanga Del Norte),Ms,TECTONIC
425,2025-08-24 11:22:02+00:00,9.27,126.76,11,2.9,062 km N 57° E of Bayabas (Surigao Del Sur),Ms,TECTONIC
426,2025-08-24 11:21:23+00:00,10.14,121.65,18,2.3,044 km S 44° W of Anini-y (Antique),Ms,TECTONIC
427,2025-08-24 11:12:58+00:00,8.77,126.39,21,2.0,011 km S 69° E of Marihatag (Surigao Del Sur),Ms,TECTONIC
428,2025-08-24 11:12:51+00:00,13.75,122.77,31,1.6,016 km S 73° W of Lupi (Camarines Sur),Ms,TECTONIC
429,2025-08-24 11:11:26+00:00,10.44,125.33,28,1.9,013 km N 43° E of Hinundayan (Southern Leyte),Ms,TECTONIC
430,2025-08-24 11:10:57+00:00,13.68,122.85,2,2.0,014 km S 27° W of Lupi (Camarines Sur),Ms,TECTONIC
431,2025-08-24 11:06:25+00:00,13.55,123.01,4,1.4,006 km N 38° W of Pasacao (Camarines Sur),Ms,TECTONIC
432,2025-08-24 11:02:16+00:00,10.98,124.7,25,2.0,007 km N 10° E of Albuera (Leyte),Ms,TECTONIC
433,2025-08-24 10:56:56+00:00,13.69,122.77,19,1.5,014 km S 09° W of Ragay (Camarines Sur),Ms,TECTONIC
434,2025-08-24 10:55:36+00:00,13.72,122.85,2,2.1,010 km S 40° W of Lupi (Camarines Sur),Ms,TECTONIC
435,2025-08-24 10:54:54+00:00,13.71,122.86,2,1.4,010 km S 32° W of Lupi (Camarines Sur),Ms,TECTONIC
436,2025-08-24 10:54:37+00:00,16.79,120.17,14,2.0,021 km N 68° W of Bacnotan (La Union),Ms,TECTONIC
437,2025-08-24 10:47:57+00:00,13.68,122.86,2,4.4,013 km S 24° W of Lupi (Camarines Sur),Mw,TECTONIC
438,2025-08-24 10:35:23+00:00,7.63,126.39,129,1.9,019 km S 21° W of Cateel (Davao Oriental),Ms,TECTONIC
439,2025-08-24 09:49:34+00:00,8.17,127.47,10,3.7,117 km N 83° E of Lingig (Surigao Del Sur),Ms,TECTONIC
440,2025-08-24 09:21:19+00:00,10.23,121.97,2,2.8,023 km S 11° E of Anini-y (Antique),Ms,TECTONIC
441,2025-08-24 09:14:23+00:00,8.21,126.71,25,1.9,038 km N 57° E of Lingig (Surigao Del Sur),Ms,TECTONIC
442,2025-08-24 09:02:38+00:00,15.45,121.38,33,1.4,005 km S 80° E of Gabaldon (Nueva Ecija),Ms,TECTONIC
443,2025-08-24 08:23:00+00:00,13.26,123.23,59,1.9,006 km S 08° W of Balatan (Camarines Sur),Ms,TECTONIC
444,2025-08-24 07:21:11+00:00,6.91,125.97,84,2.6,004 km N 67° W of Lupon (Davao Oriental),Ms,TECTONIC
445,2025-08-24 06:02:15+00:00,7.92,126.37,4,1.8,005 km N 02° W of Boston (Davao Oriental),Ms,TECTONIC
446,2025-08-24 03:48:04+00:00,8.13,126.61,27,2.3,024 km N 66° E of Lingig (Surigao Del Sur),Ms,TECTONIC
447,2025-08-24 03:40:02+00:00,10.25,121.87,15,2.7,021 km S 16° W of Anini-y (Antique),Ms,TECTONIC
448,2025-08-24 02:45:18+00:00,10.24,122.0,2,2.6,023 km S 25° E of Anini-y (Antique),Ms,TECTONIC
449,2025-08-24 02:25:47+00:00,10.23,121.89,9,3.3,022 km S 10° W of Anini-y (Antique),Ms,TECTONIC
450,2025-08-24 02:21:24+00:00,10.26,122.0,2,2.9,020 km S 24° E of Anini-y (Antique),Ms,TECTONIC
451,2025-08-24 02:18:19+00:00,10.3,121.91,3,4.4,015 km S 10° W of Anini-y (Antique),Mw,TECTONIC
452,2025-08-24 00:19:59+00:00,17.42,121.14,127,2.1,004 km N 31° W of Pasil (Kalinga),Ms,TECTONIC
453,2025-08-24 00:16:17+00:00,13.05,123.39,35,1.8,007 km N 82° W of Pio Duran (Albay),Ms,TECTONIC
454,2025-08-24 00:01:15+00:00,10.26,121.45,50,3.8,055 km S 70° W of Anini-y (Antique),Ms,TECTONIC
455,2025-08-23 23:49:03+00:00,7.18,124.82,2,1.5,004 km S 38° E of Carmen (Cotabato),Ms,TECTONIC
456,2025-08-23 23:40:02+00:00,9.55,126.43,27,2.3,039 km S 49° E of General Luna (Surigao Del Norte),Ms,TECTONIC
457,2025-08-23 23:16:08+00:00,10.29,121.87,11,2.9,016 km S 23° W of Anini-y (Antique),Ms,TECTONIC
458,2025-08-23 23:04:46+00:00,10.05,126.15,13,2.3,009 km N 67° E of Burgos (Surigao Del Norte),Ms,TECTONIC
459,2025-08-23 22:20:31+00:00,9.3,126.83,5,3.0,071 km N 87° E of Cortes (Surigao Del Sur),Ms,TECTONIC
460,2025-08-23 21:58:15+00:00,13.78,120.57,82,1.5,009 km S 51° W of Calatagan (Batangas),Ms,TECTONIC
461,2025-08-23 21:50:12+00:00,5.9,126.2,139,2.5,065 km S 60° E of Don Marcelino (Davao Occidental),Ms,TECTONIC
462,2025-08-23 21:39:05+00:00,8.75,126.48,13,2.1,021 km S 75° E of Marihatag (Surigao Del Sur),Ms,TECTONIC
463,2025-08-23 21:33:35+00:00,9.33,126.4,13,1.9,023 km N 76° E of Cortes (Surigao Del Sur),Ms,TECTONIC
464,2025-08-23 21:24:52+00:00,8.67,126.31,29,1.4,015 km S 13° E of Marihatag (Surigao Del Sur),Ms,TECTONIC
465,2025-08-23 21:10:33+00:00,13.63,120.71,99,1.4,018 km S 80° W of Tingloy (Batangas),Ms,TECTONIC
466,2025-08-23 21:03:17+00:00,6.72,123.06,33,2.0,070 km S 20° E of Olutanga (Zamboanga Sibugay),Ms,TECTONIC
467,2025-08-23 20:54:25+00:00,10.26,123.11,29,1.2,004 km S 68° E of Moises Padilla (Negros Occidental),Ms,TECTONIC
468,2025-08-23 20:50:01+00:00,8.78,126.96,21,2.2,073 km S 88° E of Marihatag (Surigao Del Sur),Ms,TECTONIC
469,2025-08-23 20:34:22+00:00,13.88,120.6,189,1.8,007 km N 36° W of Calatagan (Batangas),Ms,TECTONIC
470,2025-08-23 20:18:44+00:00,5.8,127.51,71,2.6,182 km S 40° E of Tarragona (Davao Oriental),Ms,TECTONIC
471,2025-08-23 20:14:04+00:00,13.59,120.24,4,2.5,014 km S 05° W of Looc (Occidental Mindoro),Ms,TECTONIC
472,2025-08-23 20:13:42+00:00,8.73,126.61,33,2.1,035 km S 77° E of Marihatag (Surigao Del Sur),Ms,TECTONIC
473,2025-08-23 20:11:56+00:00,8.81,126.84,12,2.4,059 km N 89° E of Marihatag (Surigao Del Sur),Ms,TECTONIC
474,2025-08-23 20:04:59+00:00,8.86,127.04,2,2.6,081 km S 85° E of Cagwait (Surigao Del Sur),Ms,TECTONIC
475,2025-08-23 20:02:42+00:00,14.92,121.49,28,1.5,023 km N 40° W of General Nakar (Quezon),Ms,TECTONIC
476,2025-08-23 19:55:50+00:00,17.45,120.65,13,2.6,003 km N 73° E of Villaviciosa (Abra),Ms,TECTONIC
477,2025-08-23 19:50:56+00:00,14.01,120.53,114,1.7,014 km S 78° W of Lian (Batangas),Ms,TECTONIC
478,2025-08-23 19:45:20+00:00,8.73,126.93,15,2.4,070 km S 84° E of Marihatag (Surigao Del Sur),Ms,TECTONIC
479,2025-08-23 19:38:49+00:00,12.99,123.96,32,1.5,007 km N 77° W of City Of Sorsogon (Sorsogon),Ms,TECTONIC
480,2025-08-23 19:12:05+00:00,14.36,120.49,127,1.8,008 km S 01° W of Mariveles (Bataan),Ms,TECTONIC
481,2025-08-23 19:07:20+00:00,9.71,122.16,7,1.8,030 km S 78° W of City Of Sipalay (Negros Occidental),Ms,TECTONIC
482,2025-08-23 18:54:44+00:00,7.82,126.68,43,2.0,025 km N 82° E of Cateel (Davao Oriental),Ms,TECTONIC
483,2025-08-23 18:53:13+00:00,10.14,124.98,33,1.7,004 km S 56° W of Malitbog (Southern Leyte),Ms,TECTONIC
484,2025-08-23 18:38:13+00:00,16.18,122.26,7,2.6,018 km S 56° E of Casiguran (Aurora),Ms,TECTONIC
485,2025-08-23 18:31:42+00:00,13.76,120.6,96,1.7,009 km S 23° W of Calatagan (Batangas),Ms,TECTONIC
486,2025-08-23 18:31:08+00:00,16.85,120.11,28,2.5,028 km West of Luna (La Union),Ms,TECTONIC
487,2025-08-23 18:24:26+00:00,11.32,124.58,5,1.8,007 km N 64° W of Capoocan (Leyte),Ms,TECTONIC
488,2025-08-23 18:09:10+00:00,14.96,119.88,20,1.8,023 km N 86° W of San Antonio (Zambales),Ms,TECTONIC
489,2025-08-23 18:03:28+00:00,11.86,124.96,22,2.1,010 km N 25° W of Motiong (Samar),Ms,TECTONIC
490,2025-08-23 17:47:02+00:00,10.12,125.14,30,1.8,005 km S 25° E of Liloan (Southern Leyte),Ms,TECTONIC
491,2025-08-23 17:39:13+00:00,7.61,124.71,5,3.0,003 km S 27° W of Wao (Lanao Del Sur),Ms,TECTONIC
492,2025-08-23 17:31:43+00:00,13.74,120.65,114,1.6,011 km S 10° E of Calatagan (Batangas),Ms,TECTONIC
493,2025-08-23 17:27:55+00:00,7.87,126.75,24,2.2,034 km N 74° E of Cateel (Davao Oriental),Ms,TECTONIC
494,2025-08-23 16:52:56+00:00,7.95,126.78,9,2.3,039 km N 64° E of Cateel (Davao Oriental),Ms,TECTONIC
495,2025-08-23 16:43:38+00:00,13.74,122.9,2,2.0,006 km S 14° W of Lupi (Camarines Sur),Ms,TECTONIC
496,2025-08-23 16:40:02+00:00,7.24,126.6,132,3.8,007 km N 62° E of Manay (Davao Oriental),Ms,TECTONIC
497,2025-08-23 16:36:59+00:00,15.32,120.37,20,1.8,020 km S 31° W of San Jose (Tarlac),Ms,TECTONIC
498,2025-08-23 16:35:29+00:00,16.35,122.37,6,1.9,018 km S 74° E of Dilasag (Aurora),Ms,TECTONIC
499,2025-08-23 16:27:40+00:00,7.27,126.28,33,1.3,018 km S 73° E of Maragusan (Davao De Oro),Ms,TECTONIC
500,2025-08-23 16:13:08+00:00,13.76,120.62,105,1.5,008 km S 06° W of Calatagan (Batangas),Ms,TECTONIC
501,2025-08-23 15:42:50+00:00,6.06,126.27,5,2.4,065 km S 76° E of Don Marcelino (Davao Occidental),Ms,TECTONIC
502,2025-08-23 15:31:25+00:00,18.43,120.64,29,1.9,009 km S 05° W of Burgos (Ilocos Norte),Ms,TECTONIC
503,2025-08-23 13:31:44+00:00,13.61,120.65,151,2.3,020 km N 26° W of Abra De Ilog (Occidental Mindoro),Ms,TECTONIC
504,2025-08-23 12:44:23+00:00,12.63,125.04,19,2.2,007 km N 23° E of Laoang (Northern Samar),Ms,TECTONIC
505,2025-08-23 11:44:09+00:00,16.08,121.31,35,1.3,026 km S 03° E of Kasibu (Nueva Vizcaya),Ms,TECTONIC
506,2025-08-23 11:35:33+00:00,13.31,124.28,58,2.3,022 km N 50° E of Rapu-rapu (Albay),Ms,TECTONIC
507,2025-08-23 11:27:19+00:00,9.86,126.12,33,1.7,002 km S 84° E of Pilar (Surigao Del Norte),Ms,TECTONIC
508,2025-08-23 11:22:51+00:00,11.87,125.02,6,2.5,010 km N 15° E of Motiong (Samar),Ms,TECTONIC
509,2025-08-23 10:58:32+00:00,19.89,121.49,28,2.6,062 km N 47° W of Babuyan Island (Calayan) (Cagayan),Ms,TECTONIC
510,2025-08-23 09:54:45+00:00,13.58,120.94,32,1.4,009 km N 13° W of Puerto Galera (Oriental Mindoro),Ms,TECTONIC
511,2025-08-23 09:30:05+00:00,5.94,124.35,18,2.1,021 km S 50° W of Maitum (Sarangani),Ms,TECTONIC
512,2025-08-23 08:38:34+00:00,6.06,126.6,43,3.3,088 km S 42° E of Governor Generoso (Davao Oriental),Ms,TECTONIC
513,2025-08-23 06:10:40+00:00,8.75,126.73,29,2.1,048 km S 83° E of Marihatag (Surigao Del Sur),Ms,TECTONIC
514,2025-08-23 05:01:10+00:00,16.36,122.2,13,2.5,004 km S 21° W of Dilasag (Aurora),Ms,TECTONIC
515,2025-08-23 03:43:14+00:00,14.15,120.33,196,2.1,034 km N 76° W of Nasugbu (Batangas),Ms,TECTONIC
516,2025-08-23 02:56:36+00:00,13.76,122.91,2,2.4,003 km S 04° W of Lupi (Camarines Sur),Ms,TECTONIC
517,2025-08-23 02:53:47+00:00,8.4,126.94,5,2.3,093 km N 89° E of Hinatuan (Surigao Del Sur),Ms,TECTONIC
518,2025-08-23 02:48:59+00:00,20.54,121.99,17,2.4,010 km N 14° E of Basco (Batanes),Ms,TECTONIC
519,2025-08-23 02:28:24+00:00,9.26,126.37,14,1.8,020 km S 86° E of Cortes (Surigao Del Sur),Ms,TECTONIC
520,2025-08-23 02:22:26+00:00,9.25,126.88,16,2.6,072 km N 64° E of Bayabas (Surigao Del Sur),Ms,TECTONIC
521,2025-08-23 02:18:02+00:00,8.07,126.6,25,1.7,021 km N 80° E of Lingig (Surigao Del Sur),Ms,TECTONIC
522,2025-08-23 01:58:14+00:00,6.7,125.02,2,2.1,006 km N 71° E of Columbio (Sultan Kudarat),Ms,TECTONIC
523,2025-08-23 01:10:02+00:00,11.59,126.94,49,2.0,145 km N 68° E of Mercedes (Eastern Samar),Ms,TECTONIC
524,2025-08-23 00:35:09+00:00,13.68,120.63,97,1.5,016 km S 01° E of Calatagan (Batangas),Ms,TECTONIC
525,2025-08-22 21:51:56+00:00,8.59,126.2,5,2.6,011 km N 54° E of Barobo (Surigao Del Sur),Ms,TECTONIC
526,2025-08-22 21:50:45+00:00,7.8,124.6,2,1.8,009 km N 79° W of Amai Manabilang (Lanao Del Sur),Ms,TECTONIC
527,2025-08-22 21:45:35+00:00,9.21,126.51,87,2.3,036 km S 79° E of Cortes (Surigao Del Sur),Ms,TECTONIC
528,2025-08-22 21:25:59+00:00,15.0,119.74,10,2.1,036 km S 79° W of San Felipe (Zambales),Ms,TECTONIC
529,2025-08-22 21:10:30+00:00,7.94,126.72,16,2.0,037 km N 78° E of Cateel (Davao Oriental),Ms,TECTONIC
530,2025-08-22 21:05:40+00:00,11.31,125.42,24,1.7,015 km N 62° W of General Macarthur (Eastern Samar),Ms,TECTONIC
531,2025-08-22 20:41:12+00:00,9.49,126.25,20,2.3,025 km N 15° E of Cortes (Surigao Del Sur),Ms,TECTONIC
532,2025-08-22 20:16:14+00:00,13.91,120.26,59,3.0,016 km N 67° E of Lubang (Occidental Mindoro),Ms,TECTONIC
533,2025-08-22 19:45:22+00:00,18.43,120.94,3,1.9,005 km S 53° E of Adams (Ilocos Norte),Ms,TECTONIC
534,2025-08-22 18:04:24+00:00,11.53,124.53,33,1.7,007 km S 53° W of Caibiran (Biliran),Ms,TECTONIC
535,2025-08-22 17:30:02+00:00,9.84,126.04,28,2.0,008 km S 65° W of Pilar (Surigao Del Norte),Ms,TECTONIC
536,2025-08-22 17:19:45+00:00,14.19,120.36,181,1.8,031 km S 28° W of Mariveles (Bataan),Ms,TECTONIC
537,2025-08-22 15:49:35+00:00,13.76,120.85,3,2.2,012 km N 13° W of Tingloy (Batangas),Ms,TECTONIC
538,2025-08-22 14:52:31+00:00,7.52,125.9,17,2.4,003 km N 60° W of Mawab (Davao De Oro),Ms,TECTONIC
539,2025-08-22 12:12:09+00:00,13.69,120.64,103,1.4,016 km S 03° E of Calatagan (Batangas),Ms,TECTONIC
540,2025-08-22 11:38:12+00:00,9.79,123.92,33,1.5,002 km N 58° E of Antequera (Bohol),Ms,TECTONIC
541,2025-08-22 10:20:43+00:00,13.45,120.13,25,1.7,033 km S 25° W of Looc (Occidental Mindoro),Ms,TECTONIC
542,2025-08-22 09:58:04+00:00,8.72,126.23,25,1.8,002 km S 26° E of San Agustin (Surigao Del Sur),Ms,TECTONIC
543,2025-08-22 09:42:24+00:00,11.44,125.36,24,1.8,017 km S 79° W of Balangkayan (Eastern Samar),Ms,TECTONIC
544,2025-08-22 09:25:02+00:00,15.74,121.8,12,2.0,025 km S 85° E of Baler (Aurora),Ms,TECTONIC
545,2025-08-22 07:51:03+00:00,7.95,126.67,15,2.2,029 km N 53° E of Cateel (Davao Oriental),Ms,TECTONIC
546,2025-08-22 07:45:00+00:00,8.7,126.24,31,2.6,005 km S 25° E of San Agustin (Surigao Del Sur),Ms,TECTONIC
547,2025-08-22 07:25:00+00:00,8.89,126.22,27,1.3,010 km S 69° W of Cagwait (Surigao Del Sur),Ms,TECTONIC
548,2025-08-22 07:24:18+00:00,8.79,126.56,9,2.7,028 km S 88° E of Marihatag (Surigao Del Sur),Ms,TECTONIC
549,2025-08-22 07:23:23+00:00,6.78,126.59,28,2.2,034 km S 28° E of Tarragona (Davao Oriental),Ms,TECTONIC
550,2025-08-22 07:08:20+00:00,7.41,126.5,133,4.7,012 km N 41° W of Caraga (Davao Oriental),Ms,TECTONIC
551,2025-08-22 06:19:22+00:00,13.78,120.59,73,1.3,007 km S 39° W of Calatagan (Batangas),Ms,TECTONIC
552,2025-08-22 06:18:21+00:00,10.81,123.08,32,1.3,010 km S 04° E of City Of Victorias (Negros Occidental),Ms,TECTONIC
553,2025-08-22 05:15:10+00:00,9.31,126.19,9,2.4,004 km North of Cortes (Surigao Del Sur),Ms,TECTONIC
554,2025-08-22 04:12:02+00:00,9.34,126.79,9,3.7,064 km N 84° E of Cortes (Surigao Del Sur),Ms,TECTONIC
555,2025-08-22 03:01:20+00:00,9.36,126.82,5,3.5,069 km N 83° E of Cortes (Surigao Del Sur),Ms,TECTONIC
556,2025-08-22 02:17:35+00:00,6.09,126.68,27,3.8,092 km S 47° E of Governor Generoso (Davao Oriental),Ms,TECTONIC
557,2025-08-22 01:13:00+00:00,8.76,126.73,7,2.3,048 km S 85° E of Marihatag (Surigao Del Sur),unspecified,unspecified
558,2025-08-21 23:08:25+00:00,7.99,127.46,18,3.4,110 km N 65° E of Baganga (Davao Oriental),Ms,TECTONIC
559,2025-08-21 22:43:29+00:00,12.28,124.99,34,2.3,008 km S 36° W of Las Navas (Northern Samar),Ms,TECTONIC
560,2025-08-21 22:38:16+00:00,9.74,126.3,32,2.2,017 km S 74° E of General Luna (Surigao Del Norte),Ms,TECTONIC
561,2025-08-21 21:06:55+00:00,13.57,120.68,124,2.5,015 km N 19° W of Abra De Ilog (Occidental Mindoro),Ms,TECTONIC
562,2025-08-21 20:43:11+00:00,10.28,125.13,8,1.6,001 km West of Saint Bernard (Southern Leyte),Ms,TECTONIC
563,2025-08-21 20:33:22+00:00,10.35,125.25,21,2.2,001 km S 54° W of Hinundayan (Southern Leyte),Ms,TECTONIC
564,2025-08-21 20:11:19+00:00,5.54,126.21,79,2.8,075 km S 57° E of Jose Abad Santos (Davao Occidental),Ms,TECTONIC
565,2025-08-21 20:04:40+00:00,6.56,126.93,119,2.3,076 km S 44° E of Tarragona (Davao Oriental),Ms,TECTONIC
566,2025-08-21 20:04:10+00:00,10.3,125.14,20,2.2,002 km N 03° E of Saint Bernard (Southern Leyte),Ms,TECTONIC
567,2025-08-21 19:57:13+00:00,10.34,125.21,27,2.1,005 km S 68° W of Hinundayan (Southern Leyte),Ms,TECTONIC
568,2025-08-21 19:51:20+00:00,10.3,125.1,11,2.3,005 km N 80° E of Libagon (Southern Leyte),Ms,TECTONIC
569,2025-08-21 19:38:14+00:00,15.6,119.88,21,1.7,007 km S 61° W of Candelaria (Zambales),Ms,TECTONIC
570,2025-08-21 18:25:02+00:00,5.31,126.32,48,3.1,095 km S 79° E of Sarangani Island (Municipality Of Sarangani) (Davao Occidental),Ms,TECTONIC
571,2025-08-21 17:45:31+00:00,17.44,120.01,17,2.2,041 km S 73° W of Caoayan (Ilocos Sur),Ms,TECTONIC
572,2025-08-21 17:44:21+00:00,9.29,126.5,14,3.0,034 km N 88° E of Cortes (Surigao Del Sur),Ms,TECTONIC
573,2025-08-21 17:41:10+00:00,19.08,121.0,1,3.0,022 km S 83° W of Dalupiri Island (Calayan) (Cagayan),Ms,TECTONIC
574,2025-08-21 17:27:04+00:00,7.61,126.06,6,3.2,007 km S 27° W of Compostela (Davao De Oro),Ms,TECTONIC
575,2025-08-21 17:26:24+00:00,7.31,126.05,5,3.6,008 km S 88° W of Maragusan (Davao De Oro),Ms,TECTONIC
576,2025-08-21 16:55:48+00:00,5.81,126.93,38,2.7,133 km S 46° E of Governor Generoso (Davao Oriental),Ms,TECTONIC
577,2025-08-21 16:50:26+00:00,7.97,122.75,4,3.3,010 km S 87° E of Tampilisan (Zamboanga Del Norte),Ms,TECTONIC
578,2025-08-21 16:32:00+00:00,8.43,127.13,16,1.6,088 km N 86° E of Hinatuan (Surigao Del Sur),Ms,TECTONIC
579,2025-08-21 16:30:36+00:00,9.92,126.42,5,2.4,033 km N 62° E of General Luna (Surigao Del Norte),Ms,TECTONIC
580,2025-08-21 14:14:56+00:00,13.93,120.9,32,1.6,004 km S 81° W of Agoncillo (Batangas),Ms,TECTONIC
581,2025-08-21 13:54:57+00:00,12.3,123.8,3,1.8,009 km N 09° E of Uson (Masbate),Ms,TECTONIC
582,2025-08-21 12:02:25+00:00,9.85,126.16,32,1.8,007 km N 02° E of General Luna (Surigao Del Norte),Ms,TECTONIC
583,2025-08-21 11:40:04+00:00,9.37,126.18,33,2.5,011 km N 05° W of Cortes (Surigao Del Sur),Ms,TECTONIC
584,2025-08-21 11:39:25+00:00,7.73,124.64,4,1.9,008 km S 37° W of Amai Manabilang (Lanao Del Sur),Ms,TECTONIC
585,2025-08-21 11:18:27+00:00,12.1,125.1,31,1.8,010 km N 56° E of San Jose De Buan (Samar),Ms,TECTONIC
586,2025-08-21 10:53:11+00:00,7.64,124.68,3,2.4,004 km S 87° W of Wao (Lanao Del Sur),Ms,TECTONIC
587,2025-08-21 10:37:08+00:00,18.4,120.81,8,2.7,012 km S 55° W of Adams (Ilocos Norte),Ms,TECTONIC
588,2025-08-21 09:30:06+00:00,12.96,121.72,4,2.3,005 km N 04° E of Concepcion (Romblon),Ms,TECTONIC
589,2025-08-21 08:17:59+00:00,6.33,126.37,120,3.0,048 km S 43° E of Governor Generoso (Davao Oriental),Ms,TECTONIC
590,2025-08-21 08:08:37+00:00,16.47,120.51,33,1.8,004 km S 34° E of Sablan (Benguet),Ms,TECTONIC
591,2025-08-21 07:57:27+00:00,12.31,122.1,11,2.0,007 km N 40° E of Alcantara (Romblon),Ms,TECTONIC
592,2025-08-21 07:54:03+00:00,10.3,126.11,10,2.9,031 km N 07° E of Burgos (Surigao Del Norte),Ms,TECTONIC
593,2025-08-21 06:42:35+00:00,12.15,125.13,39,1.9,013 km S 83° W of Maslog (Eastern Samar),Ms,TECTONIC
594,2025-08-21 05:59:08+00:00,18.72,120.85,4,2.4,019 km N 22° E of Pagudpud (Ilocos Norte),Ms,TECTONIC
595,2025-08-21 05:30:40+00:00,10.83,122.79,36,1.4,009 km N 81° E of Dumangas (Iloilo),Ms,TECTONIC
596,2025-08-21 04:11:36+00:00,10.43,126.28,28,1.6,050 km N 26° E of Burgos (Surigao Del Norte),Ms,TECTONIC
597,2025-08-21 02:36:09+00:00,8.04,126.79,11,2.0,041 km S 90° E of Lingig (Surigao Del Sur),Ms,TECTONIC
598,2025-08-21 01:17:42+00:00,16.82,120.37,80,3.1,003 km S 84° W of Balaoan (La Union),Ms,TECTONIC
599,2025-08-21 00:43:38+00:00,9.19,122.51,32,4.2,029 km S 30° W of Basay (Negros Oriental),Mw,TECTONIC
600,2025-08-21 00:26:37+00:00,10.31,126.17,6,2.0,034 km N 18° E of Burgos (Surigao Del Norte),Ms,TECTONIC
601,2025-08-20 23:37:42+00:00,5.58,127.02,26,3.0,158 km S 41° E of Governor Generoso (Davao Oriental),Ms,TECTONIC
602,2025-08-20 23:29:49+00:00,10.38,126.28,3,3.5,046 km N 30° E of Burgos (Surigao Del Norte),Ms,TECTONIC
603,2025-08-20 23:23:05+00:00,10.32,126.21,9,4.0,037 km N 24° E of Burgos (Surigao Del Norte),Ms,TECTONIC
604,2025-08-20 23:22:24+00:00,10.3,126.18,17,1.5,033 km N 20° E of Burgos (Surigao Del Norte),Ms,TECTONIC
605,2025-08-20 22:44:21+00:00,8.69,126.82,30,1.8,058 km S 78° E of Marihatag (Surigao Del Sur),Ms,TECTONIC
606,2025-08-20 22:28:14+00:00,8.34,125.76,34,1.6,009 km N 34° W of La Paz (Agusan Del Sur),Ms,TECTONIC
607,2025-08-20 21:51:47+00:00,16.75,120.59,29,1.8,009 km N 50° W of Kibungan (Benguet),Ms,TECTONIC
608,2025-08-20 21:32:00+00:00,6.0,126.16,138,4.0,056 km S 67° E of Don Marcelino (Davao Occidental),Ms,TECTONIC
609,2025-08-20 21:25:16+00:00,9.31,126.46,14,2.4,029 km N 82° E of Cortes (Surigao Del Sur),Ms,TECTONIC
610,2025-08-20 21:20:26+00:00,14.29,123.1,2,2.1,023 km N 26° E of Mercedes (Camarines Norte),Ms,TECTONIC
611,2025-08-20 21:18:15+00:00,14.28,123.1,1,2.1,021 km N 26° E of Mercedes (Camarines Norte),Ms,TECTONIC
612,2025-08-20 21:14:07+00:00,14.38,122.48,2,1.6,005 km N 13° W of Capalonga (Camarines Norte),Ms,TECTONIC
613,2025-08-20 21:11:25+00:00,14.34,123.11,1,2.2,028 km N 24° E of Mercedes (Camarines Norte),Ms,TECTONIC
614,2025-08-20 21:06:01+00:00,14.51,123.05,32,1.9,012 km N 69° E of Tinaga Island (Vinzons) (Camarines Norte),Ms,TECTONIC
615,2025-08-20 21:05:34+00:00,14.35,123.12,1,3.6,023 km S 54° E of Tinaga Island (Vinzons) (Camarines Norte),Ms,TECTONIC
616,2025-08-20 20:53:01+00:00,13.56,125.45,24,3.2,117 km S 78° E of Gigmoto (Catanduanes),Ms,TECTONIC
617,2025-08-20 20:51:27+00:00,9.03,126.57,20,1.7,032 km N 69° E of Cagwait (Surigao Del Sur),Ms,TECTONIC
618,2025-08-20 20:39:31+00:00,7.96,126.68,18,1.9,031 km N 53° E of Cateel (Davao Oriental),Ms,TECTONIC
619,2025-08-20 20:35:31+00:00,13.42,120.65,33,1.5,009 km S 71° W of Abra De Ilog (Occidental Mindoro),Ms,TECTONIC
620,2025-08-20 20:20:39+00:00,13.53,120.64,4,2.0,013 km N 44° W of Abra De Ilog (Occidental Mindoro),Ms,TECTONIC
621,2025-08-20 20:19:08+00:00,16.4,121.44,30,1.6,015 km S 38° W of Cabarroguis (Quirino),Ms,TECTONIC
622,2025-08-20 20:17:23+00:00,5.79,126.9,79,2.1,132 km S 44° E of Governor Generoso (Davao Oriental),Ms,TECTONIC
623,2025-08-20 20:04:29+00:00,11.84,124.17,6,1.9,014 km S 72° E of Pio V. Corpus (Masbate),Ms,TECTONIC
624,2025-08-20 19:57:41+00:00,13.64,123.83,11,1.6,012 km S 47° E of Presentacion (Camarines Sur),Ms,TECTONIC
625,2025-08-20 19:55:56+00:00,14.8,122.53,9,2.0,025 km N 61° E of Jomalig (Quezon),Ms,TECTONIC
626,2025-08-20 19:34:44+00:00,13.71,120.6,105,2.2,015 km S 15° W of Calatagan (Batangas),Ms,TECTONIC
627,2025-08-20 18:22:44+00:00,5.7,127.23,110,2.8,166 km S 50° E of Governor Generoso (Davao Oriental),Ms,TECTONIC
628,2025-08-20 18:01:11+00:00,10.38,122.32,20,2.3,029 km S 56° W of Nueva Valencia (Guimaras),Ms,TECTONIC
629,2025-08-20 17:52:03+00:00,9.1,126.19,63,1.6,004 km N 31° E of City Of Tandag (Surigao Del Sur),Ms,TECTONIC
630,2025-08-20 17:35:02+00:00,12.38,123.73,3,2.4,007 km S 52° W of Batuan (Masbate),Ms,TECTONIC
631,2025-08-20 17:31:14+00:00,7.58,123.08,3,1.6,009 km S 43° E of Malangas (Zamboanga Sibugay),Ms,TECTONIC
632,2025-08-20 17:30:59+00:00,13.72,122.73,26,1.7,013 km S 30° W of Ragay (Camarines Sur),Ms,TECTONIC
633,2025-08-20 17:17:27+00:00,7.36,126.48,35,1.6,010 km N 72° W of Caraga (Davao Oriental),Ms,TECTONIC
634,2025-08-20 16:57:16+00:00,13.75,122.86,3,2.0,008 km S 50° W of Lupi (Camarines Sur),Ms,TECTONIC
635,2025-08-20 16:55:54+00:00,16.08,121.58,10,1.9,016 km S 09° W of Nagtipunan (Quirino),Ms,TECTONIC
636,2025-08-20 16:35:24+00:00,11.16,125.73,16,3.0,007 km N 15° E of Mercedes (Eastern Samar),Ms,TECTONIC
637,2025-08-20 16:26:09+00:00,17.53,120.71,11,1.5,001 km S 49° W of Bucay (Abra),Ms,TECTONIC
638,2025-08-20 16:25:06+00:00,6.05,126.35,65,3.8,073 km S 25° E of Governor Generoso (Davao Oriental),Ms,TECTONIC
639,2025-08-20 16:16:29+00:00,7.67,124.88,20,1.6,009 km N 25° W of Kadingilan (Bukidnon),Ms,TECTONIC
640,2025-08-20 16:05:33+00:00,18.3,120.72,32,1.8,011 km S 72° E of Pasuquin (Ilocos Norte),Ms,TECTONIC
641,2025-08-20 15:46:04+00:00,10.43,125.06,1,2.2,011 km N 59° E of Sogod (Southern Leyte),Ms,TECTONIC
642,2025-08-20 15:41:33+00:00,11.8,126.1,10,4.0,071 km N 86° E of San Julian (Eastern Samar),Ms,TECTONIC
643,2025-08-20 15:35:33+00:00,11.91,126.26,15,4.4,086 km S 81° E of Dolores (Eastern Samar),Mw,TECTONIC
644,2025-08-20 15:32:41+00:00,13.73,120.59,77,2.1,012 km S 21° W of Calatagan (Batangas),Ms,TECTONIC
645,2025-08-20 14:58:48+00:00,13.68,120.66,97,1.9,017 km S 11° E of Calatagan (Batangas),Ms,TECTONIC
646,2025-08-20 14:16:17+00:00,20.78,121.26,28,3.8,060 km S 90° W of Itbayat (Batanes),Ms,TECTONIC
647,2025-08-20 12:59:19+00:00,18.81,120.7,6,1.5,030 km N 18° W of Pagudpud (Ilocos Norte),Ms,TECTONIC
648,2025-08-20 12:25:46+00:00,8.11,126.73,19,2.0,036 km N 77° E of Lingig (Surigao Del Sur),Ms,TECTONIC
649,2025-08-20 12:02:22+00:00,5.77,125.94,60,2.4,036 km S 65° E of Jose Abad Santos (Davao Occidental),Ms,TECTONIC
650,2025-08-20 12:00:22+00:00,13.37,125.51,35,1.8,101 km N 25° E of Palapag (Northern Samar),Ms,TECTONIC
651,2025-08-20 11:51:40+00:00,8.05,126.44,22,1.8,003 km N 72° E of Lingig (Surigao Del Sur),Ms,TECTONIC
652,2025-08-20 11:37:09+00:00,8.75,126.68,24,1.6,043 km S 82° E of Marihatag (Surigao Del Sur),Ms,TECTONIC
653,2025-08-20 11:30:00+00:00,10.71,124.94,4,2.2,009 km S 06° E of Javier (Leyte),Ms,TECTONIC
654,2025-08-20 11:21:25+00:00,10.63,125.55,10,2.2,022 km S 56° W of Homonhon Island (Guiuan) (Eastern Samar),Ms,TECTONIC
655,2025-08-20 08:41:20+00:00,10.39,125.98,24,2.5,041 km N 09° W of Santa Monica (Surigao Del Norte),Ms,TECTONIC
656,2025-08-20 07:03:39+00:00,13.92,120.87,32,1.6,006 km S 81° E of City Of Calaca (Batangas),Ms,TECTONIC
657,2025-08-20 06:42:37+00:00,13.95,120.83,34,1.6,003 km N 46° E of City Of Calaca (Batangas),Ms,TECTONIC
658,2025-08-20 06:30:50+00:00,17.43,121.45,12,2.6,004 km S 21° W of City Of Tabuk (Kalinga),Ms,TECTONIC
659,2025-08-20 05:44:17+00:00,13.74,120.53,90,1.7,015 km S 48° W of Calatagan (Batangas),Ms,TECTONIC
660,2025-08-20 05:25:18+00:00,14.36,120.43,116,1.6,011 km S 35° W of Mariveles (Bataan),Ms,TECTONIC
661,2025-08-20 03:03:46+00:00,10.93,122.09,12,2.4,011 km N 03° W of San Remigio (Antique),Ms,TECTONIC
662,2025-08-20 02:55:14+00:00,9.66,126.14,26,2.1,014 km S 09° W of General Luna (Surigao Del Norte),Ms,TECTONIC
663,2025-08-20 01:52:44+00:00,6.24,124.12,27,2.4,009 km N 67° W of Palimbang (Sultan Kudarat),Ms,TECTONIC
664,2025-08-19 23:21:49+00:00,8.54,126.92,18,2.2,067 km N 73° E of Hinatuan (Surigao Del Sur),Ms,TECTONIC
665,2025-08-19 23:20:26+00:00,10.23,126.31,22,2.5,035 km N 47° E of Burgos (Surigao Del Norte),Ms,TECTONIC
666,2025-08-19 22:41:08+00:00,10.24,125.82,28,2.3,030 km S 63° E of Loreto (Dinagat Islands),Ms,TECTONIC
667,2025-08-19 22:39:55+00:00,8.79,126.43,37,2.5,014 km S 88° E of Marihatag (Surigao Del Sur),Ms,TECTONIC
668,2025-08-19 22:34:16+00:00,19.27,121.31,14,3.3,017 km N 85° W of Calayan (Cagayan),Ms,TECTONIC
669,2025-08-19 22:23:53+00:00,15.14,121.4,35,1.4,028 km S 02° E of Dingalan (Aurora),Ms,TECTONIC
670,2025-08-19 20:37:55+00:00,9.9,126.11,33,1.4,004 km N 21° E of Pilar (Surigao Del Norte),Ms,TECTONIC
671,2025-08-19 20:33:36+00:00,8.45,126.43,43,2.7,014 km N 47° E of Hinatuan (Surigao Del Sur),Ms,TECTONIC
672,2025-08-19 20:06:30+00:00,13.72,120.58,93,1.8,013 km S 26° W of Calatagan (Batangas),Ms,TECTONIC
673,2025-08-19 20:05:11+00:00,13.65,123.14,26,1.8,003 km N 86° W of Canaman (Camarines Sur),Ms,TECTONIC
674,2025-08-19 19:59:07+00:00,9.24,126.13,14,1.8,008 km S 60° W of Cortes (Surigao Del Sur),Ms,TECTONIC
675,2025-08-19 18:43:49+00:00,7.43,123.12,3,2.7,011 km S 31° W of Vincenzo A. Sagun (Zamboanga Del Sur),Ms,TECTONIC
676,2025-08-19 18:38:14+00:00,9.53,126.47,19,1.6,042 km N 47° E of Cortes (Surigao Del Sur),Ms,TECTONIC
677,2025-08-19 18:11:17+00:00,18.86,121.33,2,2.6,004 km N 79° W of Fuga Island (Aparri) (Cagayan),Ms,TECTONIC
678,2025-08-19 18:06:13+00:00,13.93,120.86,32,1.5,005 km N 85° E of City Of Calaca (Batangas),Ms,TECTONIC
679,2025-08-19 18:05:13+00:00,5.4,126.28,22,2.7,090 km S 52° E of Jose Abad Santos (Davao Occidental),Ms,TECTONIC
680,2025-08-19 18:04:17+00:00,6.08,124.52,8,1.5,003 km N 53° E of Maitum (Sarangani),Ms,TECTONIC
681,2025-08-19 17:09:18+00:00,7.84,126.87,10,2.1,045 km N 49° E of Baganga (Davao Oriental),Ms,TECTONIC
682,2025-08-19 17:07:50+00:00,8.76,126.47,30,2.1,020 km S 77° E of Marihatag (Surigao Del Sur),Ms,TECTONIC
683,2025-08-19 17:05:37+00:00,17.49,120.86,14,2.3,005 km N 07° E of Bucloc (Abra),Ms,TECTONIC
684,2025-08-19 16:54:56+00:00,13.92,120.8,32,1.4,002 km S 52° W of City Of Calaca (Batangas),Ms,TECTONIC
685,2025-08-19 16:51:50+00:00,18.9,121.22,12,3.4,017 km N 70° W of Fuga Island (Aparri) (Cagayan),Ms,TECTONIC
686,2025-08-19 16:47:32+00:00,10.32,126.12,25,2.4,034 km N 09° E of Burgos (Surigao Del Norte),Ms,TECTONIC
687,2025-08-19 16:43:08+00:00,13.95,120.83,14,4.7,003 km N 44° E of City Of Calaca (Batangas),Mw,TECTONIC
688,2025-08-19 15:55:38+00:00,13.76,120.89,19,2.0,005 km N 77° W of Mabini (Batangas),Ms,TECTONIC
689,2025-08-19 15:20:55+00:00,6.54,126.86,44,2.1,073 km S 39° E of Tarragona (Davao Oriental),Ms,TECTONIC
690,2025-08-19 14:45:38+00:00,18.06,120.45,28,2.1,006 km N 35° W of Currimao (Ilocos Norte),Ms,TECTONIC
691,2025-08-19 14:33:26+00:00,14.16,124.24,4,2.1,015 km N 29° E of Pandan (Catanduanes),Ms,TECTONIC
692,2025-08-19 13:38:15+00:00,13.3,122.59,2,2.5,009 km S 57° E of San Francisco (Quezon),Ms,TECTONIC
693,2025-08-19 12:26:53+00:00,8.41,126.7,12,2.3,040 km N 83° E of Hinatuan (Surigao Del Sur),Ms,TECTONIC
694,2025-08-19 11:41:50+00:00,9.89,125.82,35,1.5,016 km N 82° W of Del Carmen (Surigao Del Norte),Ms,TECTONIC
695,2025-08-19 11:07:05+00:00,16.24,120.12,12,2.5,018 km N 58° E of City Of Alaminos (Pangasinan),Ms,TECTONIC
696,2025-08-19 08:22:15+00:00,18.82,121.13,9,2.0,024 km N 12° E of Claveria (Cagayan),Ms,TECTONIC
697,2025-08-19 07:15:38+00:00,9.68,126.15,34,1.7,012 km S 03° W of General Luna (Surigao Del Norte),Ms,TECTONIC
698,2025-08-19 06:52:00+00:00,10.55,123.2,18,1.8,004 km S 29° W of Salvador Benedicto (Negros Occidental),Ms,TECTONIC
699,2025-08-19 06:06:42+00:00,4.24,125.93,36,3.5,141 km S 24° E of Balut Island (Municipality Of Sarangani) (Davao Occidental),Ms,TECTONIC
700,2025-08-19 05:44:06+00:00,13.71,122.89,4,1.7,009 km S 14° W of Lupi (Camarines Sur),Ms,TECTONIC
701,2025-08-19 05:33:40+00:00,6.55,126.24,34,2.4,022 km S 58° E of Governor Generoso (Davao Oriental),Ms,TECTONIC
702,2025-08-19 04:54:24+00:00,10.53,125.77,28,1.7,023 km S 12° E of Homonhon Island (Guiuan) (Eastern Samar),Ms,TECTONIC
703,2025-08-19 04:35:50+00:00,12.85,120.36,7,2.3,046 km N 89° W of Sablayan (Occidental Mindoro),Ms,TECTONIC
704,2025-08-19 03:57:12+00:00,14.08,122.2,12,1.8,009 km N 14° E of Quezon (Quezon),Ms,TECTONIC
705,2025-08-19 02:48:22+00:00,12.36,122.05,14,2.2,006 km S 56° W of Santa Maria (Romblon),Ms,TECTONIC
706,2025-08-19 02:17:03+00:00,8.08,126.66,22,2.3,028 km N 81° E of Lingig (Surigao Del Sur),Ms,TECTONIC
707,2025-08-19 02:08:16+00:00,9.72,126.09,26,2.2,006 km S 38° E of Dapa (Surigao Del Norte),Ms,TECTONIC
708,2025-08-19 02:02:32+00:00,18.03,121.16,8,2.3,002 km N 72° W of Kabugao (Apayao),Ms,TECTONIC
709,2025-08-19 01:50:26+00:00,16.86,120.13,26,2.1,027 km N 89° W of Luna (La Union),Ms,TECTONIC
710,2025-08-19 00:59:36+00:00,13.78,120.86,32,1.4,009 km N 71° W of Mabini (Batangas),Ms,TECTONIC
711,2025-08-19 00:41:01+00:00,5.81,126.17,125,2.7,059 km S 79° E of Jose Abad Santos (Davao Occidental),Ms,TECTONIC
712,2025-08-19 00:32:29+00:00,8.06,126.56,18,2.3,017 km N 83° E of Lingig (Surigao Del Sur),Ms,TECTONIC
713,2025-08-18 23:57:55+00:00,9.54,126.02,31,1.6,010 km S 33° E of Socorro (Surigao Del Norte),Ms,TECTONIC
714,2025-08-18 23:15:50+00:00,11.08,124.97,179,2.8,004 km N 13° E of Tabontabon (Leyte),Ms,TECTONIC
715,2025-08-18 22:40:22+00:00,13.63,120.72,112,1.5,017 km S 79° W of Tingloy (Batangas),Ms,TECTONIC
716,2025-08-18 22:02:08+00:00,11.62,125.21,46,1.7,018 km S 61° E of Hinabangan (Samar),Ms,TECTONIC
717,2025-08-18 21:16:27+00:00,14.07,120.39,85,2.0,026 km S 89° W of Nasugbu (Batangas),Ms,TECTONIC
718,2025-08-18 19:20:34+00:00,8.04,125.88,30,1.8,008 km S 71° W of Veruela (Agusan Del Sur),Ms,TECTONIC
719,2025-08-18 19:09:21+00:00,13.05,124.2,98,2.4,002 km N 32° E of Prieto Diaz (Sorsogon),Ms,TECTONIC
720,2025-08-18 19:07:34+00:00,9.92,125.53,107,2.4,009 km S 66° W of Dinagat (Dinagat Islands),Ms,TECTONIC
721,2025-08-18 18:59:02+00:00,13.36,120.68,8,1.8,010 km S 27° W of Abra De Ilog (Occidental Mindoro),Ms,TECTONIC
722,2025-08-18 18:56:11+00:00,13.65,122.86,3,2.6,017 km S 18° W of Lupi (Camarines Sur),Ms,TECTONIC
723,2025-08-18 18:26:55+00:00,9.21,126.61,25,2.4,045 km N 53° E of Bayabas (Surigao Del Sur),Ms,TECTONIC
724,2025-08-18 18:04:23+00:00,8.7,126.36,4,1.6,012 km S 30° E of Marihatag (Surigao Del Sur),Ms,TECTONIC
725,2025-08-18 17:39:01+00:00,6.15,125.92,128,2.6,026 km S 79° E of Don Marcelino (Davao Occidental),Ms,TECTONIC
726,2025-08-18 17:27:09+00:00,6.66,126.97,13,3.4,072 km S 53° E of Tarragona (Davao Oriental),Ms,TECTONIC
727,2025-08-18 17:19:25+00:00,13.66,120.68,89,1.5,020 km S 14° E of Calatagan (Batangas),Ms,TECTONIC
728,2025-08-18 17:18:54+00:00,8.29,125.9,33,1.4,011 km N 85° E of La Paz (Agusan Del Sur),Ms,TECTONIC
729,2025-08-18 17:10:31+00:00,10.13,124.29,51,1.6,004 km S 61° W of Talibon (Bohol),Ms,TECTONIC
730,2025-08-18 17:03:13+00:00,16.33,120.51,17,3.2,005 km N 76° E of Pugo (La Union),Ms,TECTONIC
731,2025-08-18 16:11:43+00:00,7.39,126.4,33,2.0,019 km N 71° W of Caraga (Davao Oriental),Ms,TECTONIC
732,2025-08-18 14:35:57+00:00,8.75,126.73,28,1.7,048 km S 83° E of Marihatag (Surigao Del Sur),Ms,TECTONIC
733,2025-08-18 14:16:36+00:00,13.79,122.69,30,1.2,024 km S 89° W of Lupi (Camarines Sur),Ms,TECTONIC
734,2025-08-18 14:15:07+00:00,8.1,126.5,28,1.5,012 km N 54° E of Lingig (Surigao Del Sur),Ms,TECTONIC
735,2025-08-18 14:02:09+00:00,13.65,120.61,107,1.8,020 km S 08° W of Calatagan (Batangas),Ms,TECTONIC
736,2025-08-18 13:42:17+00:00,18.61,120.84,21,2.2,008 km N 46° E of Pagudpud (Ilocos Norte),Ms,TECTONIC
737,2025-08-18 13:35:23+00:00,17.46,120.83,2,1.8,004 km N 57° W of Bucloc (Abra),Ms,TECTONIC
738,2025-08-18 13:08:54+00:00,11.35,121.67,19,2.5,041 km N 81° W of Tibiao (Antique),Ms,TECTONIC
739,2025-08-18 12:55:24+00:00,7.74,124.64,5,2.1,008 km S 43° W of Amai Manabilang (Lanao Del Sur),Ms,TECTONIC
740,2025-08-18 12:47:21+00:00,12.98,121.68,35,1.4,009 km N 30° W of Concepcion (Romblon),Ms,TECTONIC
741,2025-08-18 12:23:10+00:00,8.39,126.83,18,2.6,054 km N 87° E of Hinatuan (Surigao Del Sur),Ms,TECTONIC
742,2025-08-18 11:43:43+00:00,10.18,125.86,18,2.1,026 km N 48° W of Santa Monica (Surigao Del Norte),Ms,TECTONIC
743,2025-08-18 11:23:14+00:00,7.84,122.85,34,1.4,012 km N 69° E of Kabasalan (Zamboanga Sibugay),Ms,TECTONIC
744,2025-08-18 11:13:09+00:00,13.74,122.87,1,2.4,008 km S 40° W of Lupi (Camarines Sur),Ms,TECTONIC
745,2025-08-18 10:36:51+00:00,17.97,121.0,47,2.0,021 km S 74° W of Kabugao (Apayao),Ms,TECTONIC
746,2025-08-18 08:30:45+00:00,2.67,124.64,313,4.1,315 km S 16° W of Balut Island (Municipality Of Sarangani) (Davao Occidental),Ms,TECTONIC
747,2025-08-18 07:48:58+00:00,17.59,120.76,35,1.6,004 km S 48° E of Lagangilang (Abra),Ms,TECTONIC
748,2025-08-18 06:45:56+00:00,13.79,122.65,46,1.5,015 km S 22° E of Del Gallego (Camarines Sur),Ms,TECTONIC
749,2025-08-18 05:50:04+00:00,10.32,125.21,1,2.1,006 km S 55° W of Hinundayan (Southern Leyte),Ms,TECTONIC
750,2025-08-18 04:44:20+00:00,2.51,127.21,66,4.2,377 km S 32° E of Balut Island (Municipality Of Sarangani) (Davao Occidental),Ms,TECTONIC
751,2025-08-18 03:51:15+00:00,13.74,122.93,2,2.4,006 km S 19° E of Lupi (Camarines Sur),Ms,TECTONIC
752,2025-08-18 02:00:26+00:00,12.61,123.59,34,1.8,009 km S 63° W of Monreal (Masbate),Ms,TECTONIC
753,2025-08-18 01:44:26+00:00,19.06,120.91,33,1.8,032 km S 80° W of Dalupiri Island (Calayan) (Cagayan),Ms,TECTONIC
754,2025-08-17 23:57:40+00:00,13.53,120.68,101,1.7,011 km N 27° W of Abra De Ilog (Occidental Mindoro),Ms,TECTONIC
755,2025-08-17 20:32:35+00:00,8.28,125.98,32,1.6,011 km S 14° W of Rosario (Agusan Del Sur),Ms,TECTONIC
756,2025-08-17 20:31:57+00:00,7.99,126.77,19,1.5,039 km S 82° E of Lingig (Surigao Del Sur),Ms,TECTONIC
757,2025-08-17 20:25:36+00:00,17.92,120.7,6,2.4,004 km N 88° E of Nueva Era (Ilocos Norte),Ms,TECTONIC
758,2025-08-17 19:44:26+00:00,17.36,120.31,14,2.1,015 km N 76° W of San Esteban (Ilocos Sur),Ms,TECTONIC
759,2025-08-17 19:26:19+00:00,13.86,120.54,84,1.8,010 km N 74° W of Calatagan (Batangas),Ms,TECTONIC
760,2025-08-17 19:22:09+00:00,14.84,120.1,40,2.5,012 km S 03° E of San Antonio (Zambales),Ms,TECTONIC
761,2025-08-17 18:52:58+00:00,17.53,120.63,7,2.4,004 km S 24° W of Peñarrubia (Abra),Ms,TECTONIC
762,2025-08-17 18:51:36+00:00,7.84,126.65,25,1.5,022 km N 75° E of Cateel (Davao Oriental),Ms,TECTONIC
763,2025-08-17 18:19:38+00:00,14.33,120.42,134,4.4,014 km S 33° W of Mariveles (Bataan),Ms,TECTONIC
764,2025-08-17 18:14:57+00:00,19.81,120.33,33,2.7,121 km N 50° W of Dalupiri Island (Calayan) (Cagayan),Ms,TECTONIC
765,2025-08-17 17:45:06+00:00,14.7,121.34,7,2.8,021 km N 41° E of Teresa (Rizal),Ms,TECTONIC
766,2025-08-17 17:20:53+00:00,16.27,122.18,11,4.0,006 km S 87° E of Casiguran (Aurora),Ms,TECTONIC
767,2025-08-17 17:20:39+00:00,16.3,122.18,17,1.6,006 km N 71° E of Casiguran (Aurora),Ms,TECTONIC
768,2025-08-17 17:08:18+00:00,13.71,122.87,2,1.9,010 km S 30° W of Lupi (Camarines Sur),Ms,TECTONIC
769,2025-08-17 17:04:36+00:00,9.29,123.19,4,2.5,006 km N 76° W of Valencia (Negros Oriental),Ms,TECTONIC
770,2025-08-17 16:42:07+00:00,18.69,121.33,2,2.2,018 km S 14° W of Fuga Island (Aparri) (Cagayan),Ms,TECTONIC
771,2025-08-17 16:34:25+00:00,7.48,125.95,24,1.8,005 km S 39° E of Mawab (Davao De Oro),Ms,TECTONIC
772,2025-08-17 16:32:49+00:00,15.71,121.82,20,1.9,028 km S 79° E of Baler (Aurora),Ms,TECTONIC
773,2025-08-17 14:57:07+00:00,13.72,122.89,3,2.5,008 km S 15° W of Lupi (Camarines Sur),Ms,TECTONIC
774,2025-08-17 13:20:12+00:00,9.25,126.59,10,1.8,044 km S 86° E of Cortes (Surigao Del Sur),Ms,TECTONIC
775,2025-08-17 11:49:16+00:00,16.03,119.85,20,1.5,004 km S 22° W of Burgos (Pangasinan),Ms,TECTONIC
776,2025-08-17 11:43:25+00:00,13.75,122.7,30,1.5,012 km S 51° W of Ragay (Camarines Sur),Ms,TECTONIC
777,2025-08-17 11:38:42+00:00,16.85,122.74,15,3.7,041 km S 55° E of Palanan (Isabela),Ms,TECTONIC
778,2025-08-17 11:14:51+00:00,17.32,122.21,27,2.6,008 km S 24° W of Maconacon (Isabela),Ms,TECTONIC
779,2025-08-17 11:10:49+00:00,8.72,126.7,9,2.1,044 km S 79° E of Marihatag (Surigao Del Sur),Ms,TECTONIC
780,2025-08-17 10:51:31+00:00,9.81,126.12,32,1.9,005 km N 47° W of General Luna (Surigao Del Norte),Ms,TECTONIC
781,2025-08-17 10:28:46+00:00,9.21,126.41,9,2.8,025 km S 74° E of Cortes (Surigao Del Sur),Ms,TECTONIC
782,2025-08-17 09:54:20+00:00,18.01,120.41,39,2.5,008 km S 80° W of Currimao (Ilocos Norte),Ms,TECTONIC
783,2025-08-17 08:34:48+00:00,13.7,122.91,3,2.5,010 km S 01° W of Lupi (Camarines Sur),Ms,TECTONIC
784,2025-08-17 08:31:32+00:00,13.74,122.95,3,2.4,007 km S 40° E of Lupi (Camarines Sur),Ms,TECTONIC
785,2025-08-17 08:31:23+00:00,8.83,126.39,28,3.2,011 km N 69° E of Marihatag (Surigao Del Sur),Ms,TECTONIC
786,2025-08-17 08:24:49+00:00,13.3,119.87,32,2.6,062 km S 41° W of Looc (Occidental Mindoro),Ms,TECTONIC
787,2025-08-17 06:56:07+00:00,14.95,121.92,3,2.0,013 km N 25° W of Burdeos (Quezon),Ms,TECTONIC
788,2025-08-17 05:42:40+00:00,5.52,126.39,26,2.7,093 km S 62° E of Jose Abad Santos (Davao Occidental),Ms,TECTONIC
789,2025-08-17 05:19:41+00:00,9.07,125.97,33,1.5,016 km N 30° W of San Miguel (Surigao Del Sur),Ms,TECTONIC
790,2025-08-17 04:48:42+00:00,8.81,126.57,23,2.5,030 km N 89° E of Marihatag (Surigao Del Sur),Ms,TECTONIC
791,2025-08-17 02:14:48+00:00,13.49,120.7,30,1.6,006 km N 35° W of Abra De Ilog (Occidental Mindoro),Ms,TECTONIC
792,2025-08-17 01:57:05+00:00,5.27,127.65,128,2.9,232 km S 49° E of Governor Generoso (Davao Oriental),Ms,TECTONIC
793,2025-08-17 01:27:23+00:00,12.94,121.7,11,3.9,003 km N 44° W of Concepcion (Romblon),Ms,TECTONIC
794,2025-08-17 01:11:26+00:00,18.63,120.85,13,2.9,011 km N 42° E of Pagudpud (Ilocos Norte),Ms,TECTONIC
795,2025-08-17 00:53:47+00:00,11.32,124.54,10,1.7,008 km S 47° E of Leyte (Leyte),Ms,TECTONIC
796,2025-08-17 00:44:48+00:00,18.32,120.73,25,1.3,011 km S 83° E of Pasuquin (Ilocos Norte),Ms,TECTONIC
797,2025-08-16 23:16:22+00:00,13.81,120.53,64,1.5,012 km S 78° W of Calatagan (Batangas),Ms,TECTONIC
798,2025-08-16 23:13:26+00:00,13.57,120.63,28,1.8,017 km N 37° W of Abra De Ilog (Occidental Mindoro),Ms,TECTONIC
799,2025-08-16 22:51:30+00:00,20.96,120.1,60,4.4,182 km N 84° W of Itbayat (Batanes),Ms,TECTONIC
800,2025-08-16 22:34:36+00:00,12.44,122.17,4,2.2,010 km N 54° E of Santa Maria (Romblon),Ms,TECTONIC
801,2025-08-16 21:07:57+00:00,5.83,126.95,25,3.4,133 km S 47° E of Governor Generoso (Davao Oriental),Ms,TECTONIC
802,2025-08-16 21:06:16+00:00,13.67,123.16,1,2.6,003 km N 39° W of Canaman (Camarines Sur),Ms,TECTONIC
803,2025-08-16 20:40:45+00:00,13.73,120.56,85,1.8,014 km S 36° W of Calatagan (Batangas),Ms,TECTONIC
804,2025-08-16 20:35:38+00:00,13.72,120.47,102,4.9,024 km N 89° E of Looc (Occidental Mindoro),Mw,TECTONIC
805,2025-08-16 20:21:32+00:00,8.03,126.71,17,2.7,032 km S 88° E of Lingig (Surigao Del Sur),Ms,TECTONIC
806,2025-08-16 20:14:38+00:00,12.37,122.08,8,2.5,003 km S 27° W of Santa Maria (Romblon),Ms,TECTONIC
807,2025-08-16 20:07:23+00:00,8.73,122.6,22,2.5,056 km N 56° W of Jose Dalman (Zamboanga Del Norte),Ms,TECTONIC
808,2025-08-16 18:47:28+00:00,13.7,120.28,9,2.4,004 km S 50° E of Looc (Occidental Mindoro),Ms,TECTONIC
809,2025-08-16 18:42:14+00:00,7.65,126.59,27,2.4,009 km N 19° E of Baganga (Davao Oriental),Ms,TECTONIC
810,2025-08-16 18:10:57+00:00,10.4,123.2,7,2.1,002 km N 54° W of City Of Canlaon (Negros Oriental),ML,VOLCANO-TECTONIC
811,2025-08-16 17:30:30+00:00,5.52,127.22,106,3.3,179 km S 45° E of Governor Generoso (Davao Oriental),Ms,TECTONIC
812,2025-08-16 16:55:30+00:00,7.42,125.88,31,1.3,005 km N 20° E of Maco (Davao De Oro),Ms,TECTONIC
813,2025-08-16 16:54:54+00:00,13.91,125.62,33,1.8,133 km N 84° E of Gigmoto (Catanduanes),Ms,TECTONIC
814,2025-08-16 16:44:11+00:00,16.5,122.19,11,3.1,013 km N 13° W of Dilasag (Aurora),Ms,TECTONIC
815,2025-08-16 16:30:47+00:00,6.16,125.47,34,1.7,021 km N 73° E of Alabel (Sarangani),Ms,TECTONIC
816,2025-08-16 15:46:11+00:00,13.74,120.65,187,2.7,011 km S 12° E of Calatagan (Batangas),Ms,TECTONIC
817,2025-08-16 15:27:31+00:00,9.73,122.35,23,1.8,010 km S 68° W of City Of Sipalay (Negros Occidental),Ms,TECTONIC
818,2025-08-16 15:03:56+00:00,13.44,120.71,3,1.6,002 km S 70° W of Abra De Ilog (Occidental Mindoro),Ms,TECTONIC
819,2025-08-16 14:39:04+00:00,10.17,126.37,28,1.8,037 km N 63° E of Burgos (Surigao Del Norte),Ms,TECTONIC
820,2025-08-16 13:16:35+00:00,16.36,120.91,2,3.6,002 km N 82° E of Kayapa (Nueva Vizcaya),Ms,TECTONIC
821,2025-08-16 12:35:17+00:00,13.67,121.69,7,1.8,029 km N 40° W of Mogpog (Marinduque),Ms,TECTONIC
822,2025-08-16 12:26:16+00:00,13.65,121.63,4,2.8,031 km N 52° W of Mogpog (Marinduque),Ms,TECTONIC
823,2025-08-16 11:55:41+00:00,6.8,126.76,107,2.3,044 km S 51° E of Tarragona (Davao Oriental),Ms,TECTONIC
824,2025-08-16 11:46:35+00:00,8.73,126.06,129,1.8,011 km N 21° W of Lianga (Surigao Del Sur),Ms,TECTONIC
825,2025-08-16 11:35:08+00:00,10.73,122.42,34,1.3,007 km S 30° E of Leon (Iloilo),Ms,TECTONIC
826,2025-08-16 11:19:25+00:00,9.82,126.05,27,2.1,007 km N 04° W of Dapa (Surigao Del Norte),Ms,TECTONIC
827,2025-08-16 10:33:32+00:00,9.02,122.83,4,2.7,023 km S 78° W of Siaton (Negros Oriental),Ms,TECTONIC
828,2025-08-16 10:10:23+00:00,7.97,126.27,3,2.4,016 km N 48° W of Boston (Davao Oriental),Ms,TECTONIC
829,2025-08-16 08:28:45+00:00,7.92,126.78,19,1.8,038 km N 67° E of Cateel (Davao Oriental),Ms,TECTONIC
830,2025-08-16 07:39:55+00:00,7.82,126.32,33,2.0,008 km S 51° W of Boston (Davao Oriental),Ms,TECTONIC
831,2025-08-16 06:40:46+00:00,13.71,120.35,2,2.0,012 km N 87° E of Looc (Occidental Mindoro),Ms,TECTONIC
832,2025-08-16 04:52:20+00:00,13.36,120.46,28,2.5,006 km S 09° W of Paluan (Occidental Mindoro),Ms,TECTONIC
833,2025-08-16 04:28:48+00:00,8.73,126.21,19,2.3,002 km S 47° W of San Agustin (Surigao Del Sur),Ms,TECTONIC
834,2025-08-16 02:29:39+00:00,14.35,123.06,2,2.2,018 km S 41° E of Tinaga Island (Vinzons) (Camarines Norte),Ms,TECTONIC
835,2025-08-16 02:26:08+00:00,7.61,125.83,20,1.9,003 km N 21° E of New Corella (Davao Del Norte),Ms,TECTONIC
836,2025-08-16 00:03:04+00:00,13.72,122.69,32,1.9,016 km S 45° W of Ragay (Camarines Sur),Ms,TECTONIC
837,2025-08-15 23:45:40+00:00,9.98,125.83,5,1.9,018 km N 71° E of Cagdianao (Dinagat Islands),Ms,TECTONIC
838,2025-08-15 23:22:55+00:00,13.64,120.69,98,1.9,019 km S 83° W of Tingloy (Batangas),Ms,TECTONIC
839,2025-08-15 23:08:57+00:00,10.12,126.04,10,2.2,011 km N 17° W of Burgos (Surigao Del Norte),Ms,TECTONIC
840,2025-08-15 23:05:58+00:00,10.29,126.4,2,2.6,047 km N 49° E of Burgos (Surigao Del Norte),Ms,TECTONIC
841,2025-08-15 21:11:05+00:00,17.94,120.99,9,3.8,023 km S 65° W of Kabugao (Apayao),Ms,TECTONIC
842,2025-08-15 21:06:29+00:00,8.54,126.26,27,1.9,015 km N 51° E of Tagbina (Surigao Del Sur),Ms,TECTONIC
843,2025-08-15 20:42:58+00:00,8.02,126.68,23,2.2,029 km S 86° E of Lingig (Surigao Del Sur),Ms,TECTONIC
844,2025-08-15 20:30:22+00:00,13.79,120.57,93,1.8,008 km S 59° W of Calatagan (Batangas),Ms,TECTONIC
845,2025-08-15 20:08:54+00:00,18.15,121.46,29,2.7,008 km S 32° E of Flora (Apayao),Ms,TECTONIC
846,2025-08-15 19:57:21+00:00,11.12,124.67,2,1.9,014 km S 57° W of Jaro (Leyte),Ms,TECTONIC
847,2025-08-15 19:51:36+00:00,8.26,124.27,36,1.5,009 km S 10° E of Lugait (Misamis Oriental),Ms,TECTONIC
848,2025-08-15 19:24:52+00:00,11.14,124.7,6,2.1,011 km S 61° W of Jaro (Leyte),Ms,TECTONIC
849,2025-08-15 19:17:13+00:00,19.96,122.56,219,3.4,078 km S 56° E of Uyugan (Batanes),Ms,TECTONIC
850,2025-08-15 18:57:23+00:00,15.55,120.28,31,1.7,012 km S 54° W of Mayantoc (Tarlac),Ms,TECTONIC
851,2025-08-15 18:47:04+00:00,7.95,126.57,17,1.9,020 km S 61° E of Lingig (Surigao Del Sur),Ms,TECTONIC
852,2025-08-15 18:37:58+00:00,16.05,120.9,20,1.6,012 km S 17° W of Santa Fe (Nueva Vizcaya),Ms,TECTONIC
853,2025-08-15 18:34:36+00:00,10.55,125.5,2,3.0,035 km N 52° E of Hinundayan (Southern Leyte),Ms,TECTONIC
854,2025-08-15 18:31:42+00:00,13.38,124.24,37,1.8,023 km S 03° E of Virac (Catanduanes),Ms,TECTONIC
855,2025-08-15 18:18:49+00:00,8.45,125.7,32,2.8,009 km S 89° W of Talacogon (Agusan Del Sur),Ms,TECTONIC
856,2025-08-15 18:17:10+00:00,11.8,125.52,32,1.5,008 km S 75° E of Sulat (Eastern Samar),Ms,TECTONIC
857,2025-08-15 17:50:33+00:00,9.2,126.23,19,1.9,010 km S 28° E of Cortes (Surigao Del Sur),Ms,TECTONIC
858,2025-08-15 17:50:24+00:00,12.07,125.12,22,2.0,010 km N 81° E of San Jose De Buan (Samar),Ms,TECTONIC
859,2025-08-15 16:49:10+00:00,8.2,127.4,33,2.1,111 km N 81° E of Lingig (Surigao Del Sur),Ms,TECTONIC
860,2025-08-15 16:27:52+00:00,17.29,120.23,24,2.4,023 km S 78° W of San Esteban (Ilocos Sur),Ms,TECTONIC
861,2025-08-15 16:14:03+00:00,13.74,120.55,90,2.0,014 km S 43° W of Calatagan (Batangas),Ms,TECTONIC
862,2025-08-15 16:10:09+00:00,13.54,121.11,2,2.5,004 km N 87° E of Verde Island (Batangas City) (Batangas),Ms,TECTONIC
863,2025-08-15 16:07:03+00:00,7.12,126.65,159,3.2,015 km S 51° E of Manay (Davao Oriental),Ms,TECTONIC
864,2025-08-15 15:43:26+00:00,8.84,126.63,22,1.8,036 km N 83° E of Marihatag (Surigao Del Sur),Ms,TECTONIC
865,2025-08-15 15:35:18+00:00,9.23,126.24,19,1.9,007 km S 46° E of Cortes (Surigao Del Sur),Ms,TECTONIC
866,2025-08-15 15:13:00+00:00,8.8,126.48,23,1.9,020 km East of Marihatag (Surigao Del Sur),Ms,TECTONIC
867,2025-08-15 15:11:57+00:00,8.78,126.51,20,2.0,024 km S 85° E of Marihatag (Surigao Del Sur),Ms,TECTONIC
868,2025-08-15 15:10:02+00:00,8.77,126.53,14,2.9,026 km S 84° E of Marihatag (Surigao Del Sur),Ms,TECTONIC
869,2025-08-15 14:55:01+00:00,9.83,123.9,5,2.6,006 km N 02° W of Antequera (Bohol),Ms,TECTONIC
870,2025-08-15 14:49:12+00:00,7.86,127.26,20,3.9,084 km N 68° E of Baganga (Davao Oriental),Ms,TECTONIC
871,2025-08-15 14:22:54+00:00,7.85,127.34,6,3.4,091 km N 70° E of Baganga (Davao Oriental),Ms,TECTONIC
872,2025-08-15 13:22:24+00:00,6.21,124.62,11,2.0,021 km N 39° E of Maitum (Sarangani),Ms,TECTONIC
873,2025-08-15 13:06:22+00:00,5.09,126.07,46,2.1,079 km S 57° E of Sarangani Island (Municipality Of Sarangani) (Davao Occidental),Ms,TECTONIC
874,2025-08-15 13:03:25+00:00,5.16,125.93,22,2.5,062 km S 56° E of Sarangani Island (Municipality Of Sarangani) (Davao Occidental),Ms,TECTONIC
875,2025-08-15 12:34:10+00:00,10.15,126.05,25,1.8,015 km N 11° W of Burgos (Surigao Del Norte),Ms,TECTONIC
876,2025-08-15 11:51:15+00:00,12.06,124.46,28,2.5,015 km S 86° W of City Of Calbayog (Samar),Ms,TECTONIC
877,2025-08-15 11:47:45+00:00,9.7,121.97,5,2.6,051 km S 81° W of City Of Sipalay (Negros Occidental),Ms,TECTONIC
878,2025-08-15 11:45:05+00:00,15.47,119.94,32,1.5,006 km N 39° E of Palauig (Zambales),Ms,TECTONIC
879,2025-08-15 11:35:31+00:00,6.56,126.35,33,2.1,032 km S 71° E of Governor Generoso (Davao Oriental),Ms,TECTONIC
880,2025-08-15 10:12:33+00:00,7.9,127.11,13,2.7,070 km N 59° E of Baganga (Davao Oriental),Ms,TECTONIC
881,2025-08-15 08:47:58+00:00,7.77,126.66,22,2.6,023 km S 85° E of Cateel (Davao Oriental),Ms,TECTONIC
882,2025-08-15 06:11:27+00:00,13.86,123.13,10,2.5,015 km N 06° E of Cabusao (Camarines Sur),Ms,TECTONIC
883,2025-08-15 05:57:58+00:00,5.27,126.24,68,2.8,088 km S 75° E of Sarangani Island (Municipality Of Sarangani) (Davao Occidental),Ms,TECTONIC
884,2025-08-15 04:08:52+00:00,8.35,126.18,20,1.8,012 km S 13° E of Tagbina (Surigao Del Sur),Ms,TECTONIC
885,2025-08-15 01:09:02+00:00,7.28,126.29,132,2.2,018 km S 78° E of Maragusan (Davao De Oro),Ms,TECTONIC
886,2025-08-15 01:00:24+00:00,10.16,126.66,18,2.3,066 km N 76° E of Burgos (Surigao Del Norte),Ms,TECTONIC
887,2025-08-15 00:57:39+00:00,6.07,126.53,1,3.0,082 km S 38° E of Governor Generoso (Davao Oriental),Ms,TECTONIC
888,2025-08-15 00:50:26+00:00,10.14,122.33,18,2.0,038 km N 61° W of Cauayan (Negros Occidental),Ms,TECTONIC
889,2025-08-15 00:47:44+00:00,16.85,121.5,31,1.7,008 km S 11° E of Alfonso Lista (Ifugao),Ms,TECTONIC
890,2025-08-15 00:31:57+00:00,8.3,125.82,30,1.6,003 km N 27° E of La Paz (Agusan Del Sur),Ms,TECTONIC
891,2025-08-14 23:24:12+00:00,13.73,122.72,33,1.4,012 km S 37° W of Ragay (Camarines Sur),Ms,TECTONIC
892,2025-08-14 23:21:31+00:00,12.45,123.73,2,1.7,005 km S 49° W of San Fernando (Masbate),Ms,TECTONIC
893,2025-08-14 22:16:54+00:00,15.14,119.8,36,1.9,028 km S 85° W of Cabangan (Zambales),Ms,TECTONIC
894,2025-08-14 21:35:10+00:00,18.34,120.87,54,2.2,014 km S 12° W of Adams (Ilocos Norte),Ms,TECTONIC
895,2025-08-14 21:25:42+00:00,14.38,123.07,2,2.9,017 km S 52° E of Tinaga Island (Vinzons) (Camarines Norte),Ms,TECTONIC
896,2025-08-14 21:14:32+00:00,7.91,126.79,13,2.0,039 km N 70° E of Cateel (Davao Oriental),Ms,TECTONIC
897,2025-08-14 20:56:15+00:00,13.96,124.49,6,2.5,023 km N 28° E of Gigmoto (Catanduanes),Ms,TECTONIC
898,2025-08-14 20:36:52+00:00,11.7,125.21,28,1.5,016 km S 90° E of Hinabangan (Samar),Ms,TECTONIC
899,2025-08-14 20:22:55+00:00,13.69,120.62,84,1.8,015 km S 05° W of Calatagan (Batangas),Ms,TECTONIC
900,2025-08-14 20:02:19+00:00,19.12,121.11,6,2.5,010 km N 80° W of Dalupiri Island (Calayan) (Cagayan),Ms,TECTONIC
901,2025-08-14 19:42:08+00:00,9.9,122.34,43,1.7,017 km N 38° W of City Of Sipalay (Negros Occidental),Ms,TECTONIC
902,2025-08-14 19:35:38+00:00,16.49,120.27,18,2.0,007 km S 53° W of Bauang (La Union),Ms,TECTONIC
903,2025-08-14 18:56:45+00:00,13.06,124.7,5,2.5,055 km N 88° E of Prieto Diaz (Sorsogon),Ms,TECTONIC
904,2025-08-14 18:27:54+00:00,7.97,122.47,31,1.3,008 km S 81° E of Gutalac (Zamboanga Del Norte),Ms,TECTONIC
905,2025-08-14 18:08:31+00:00,13.59,122.92,17,1.6,016 km N 57° W of Pasacao (Camarines Sur),Ms,TECTONIC
906,2025-08-14 17:40:56+00:00,7.47,124.31,35,1.6,005 km N 87° W of Barira (Maguindanao Del Norte),Ms,TECTONIC
907,2025-08-14 17:38:09+00:00,17.48,120.66,13,2.6,006 km N 42° E of Villaviciosa (Abra),Ms,TECTONIC
908,2025-08-14 17:10:16+00:00,7.96,126.57,6,2.4,020 km S 65° E of Lingig (Surigao Del Sur),Ms,TECTONIC
909,2025-08-14 17:00:03+00:00,13.55,120.62,122,2.8,017 km N 45° W of Abra De Ilog (Occidental Mindoro),Ms,TECTONIC
910,2025-08-14 16:47:16+00:00,8.73,125.79,3,2.6,005 km N 68° E of City Of Bayugan (Agusan Del Sur),Ms,TECTONIC
911,2025-08-14 16:08:01+00:00,10.69,125.89,24,2.4,019 km S 74° E of Homonhon Island (Guiuan) (Eastern Samar),Ms,TECTONIC
912,2025-08-14 16:05:28+00:00,14.02,124.59,6,2.3,034 km N 74° E of Bagamanoc (Catanduanes),Ms,TECTONIC
913,2025-08-14 16:00:18+00:00,8.76,126.41,23,1.8,013 km S 70° E of Marihatag (Surigao Del Sur),Ms,TECTONIC
914,2025-08-14 15:23:40+00:00,17.26,120.38,30,1.5,008 km S 65° W of Santiago (Ilocos Sur),Ms,TECTONIC
915,2025-08-14 14:04:22+00:00,13.1,124.75,3,2.3,061 km N 83° E of Prieto Diaz (Sorsogon),Ms,TECTONIC
916,2025-08-14 13:54:11+00:00,13.69,122.87,2,2.7,013 km S 23° W of Lupi (Camarines Sur),Ms,TECTONIC
917,2025-08-14 13:19:34+00:00,20.02,121.22,32,2.8,077 km S 63° W of Sabtang (Batanes),Ms,TECTONIC
918,2025-08-14 13:13:10+00:00,19.3,121.37,18,2.0,011 km N 68° W of Calayan (Cagayan),Ms,TECTONIC
919,2025-08-14 13:09:02+00:00,15.04,119.1,22,2.4,097 km S 63° W of Palauig (Zambales),Ms,TECTONIC
920,2025-08-14 13:06:06+00:00,20.02,121.23,25,3.4,075 km S 63° W of Sabtang (Batanes),Ms,TECTONIC
921,2025-08-14 12:43:56+00:00,13.54,120.67,3,2.3,012 km N 29° W of Abra De Ilog (Occidental Mindoro),Ms,TECTONIC
922,2025-08-14 12:17:12+00:00,16.81,121.54,10,1.8,003 km N 02° E of Ramon (Isabela),Ms,TECTONIC
923,2025-08-14 12:16:33+00:00,16.79,121.5,17,1.4,004 km N 67° W of Ramon (Isabela),Ms,TECTONIC
924,2025-08-14 10:52:49+00:00,11.48,124.43,6,1.8,006 km N 69° W of Biliran (Biliran),Ms,TECTONIC
925,2025-08-14 10:35:04+00:00,10.44,126.71,6,3.3,084 km N 56° E of Burgos (Surigao Del Norte),Ms,TECTONIC
926,2025-08-14 09:13:39+00:00,13.47,120.72,28,1.5,003 km N 20° W of Abra De Ilog (Occidental Mindoro),Ms,TECTONIC
927,2025-08-14 09:01:17+00:00,13.69,122.71,6,3.3,018 km S 32° W of Ragay (Camarines Sur),Ms,TECTONIC
928,2025-08-14 08:34:04+00:00,9.08,123.89,550,3.8,029 km S 79° E of Lazi (Siquijor),Ms,TECTONIC
929,2025-08-14 05:58:17+00:00,4.7,126.35,33,3.1,129 km S 52° E of Balut Island (Municipality Of Sarangani) (Davao Occidental),Ms,TECTONIC
930,2025-08-14 05:27:28+00:00,9.32,125.99,1,1.6,002 km S 49° E of Cantilan (Surigao Del Sur),Ms,TECTONIC
931,2025-08-14 05:23:05+00:00,13.01,125.7,15,2.9,076 km N 40° E of Mapanas (Northern Samar),Ms,TECTONIC
932,2025-08-14 05:17:19+00:00,7.87,127.42,9,2.3,100 km N 71° E of Baganga (Davao Oriental),Ms,TECTONIC
933,2025-08-14 03:31:41+00:00,7.1,125.36,8,2.2,032 km N 72° E of City Of Kidapawan (Cotabato),Ms,TECTONIC
934,2025-08-14 03:18:19+00:00,13.5,120.72,33,1.8,006 km N 05° W of Abra De Ilog (Occidental Mindoro),Ms,TECTONIC
935,2025-08-14 02:48:45+00:00,8.43,125.94,22,2.1,009 km N 54° W of Rosario (Agusan Del Sur),Ms,TECTONIC
936,2025-08-14 02:00:00+00:00,7.1,127.08,46,2.4,060 km S 78° E of Manay (Davao Oriental),Ms,TECTONIC
937,2025-08-14 00:13:31+00:00,13.69,122.86,3,3.2,012 km S 26° W of Lupi (Camarines Sur),Ms,TECTONIC
938,2025-08-13 23:10:53+00:00,12.8,124.47,33,1.8,018 km N 43° E of Biri (Northern Samar),Ms,TECTONIC
939,2025-08-13 22:28:15+00:00,13.66,122.87,4,3.7,015 km S 19° W of Lupi (Camarines Sur),Ms,TECTONIC
940,2025-08-13 22:26:53+00:00,5.04,125.72,35,3.2,053 km S 39° E of Balut Island (Municipality Of Sarangani) (Davao Occidental),Ms,TECTONIC
941,2025-08-13 22:26:08+00:00,13.82,120.44,52,1.5,021 km S 85° W of Calatagan (Batangas),Ms,TECTONIC
942,2025-08-13 20:43:22+00:00,8.79,126.36,25,2.4,007 km S 78° E of Marihatag (Surigao Del Sur),Ms,TECTONIC
943,2025-08-13 20:32:37+00:00,11.85,124.15,4,2.3,011 km S 73° E of Pio V. Corpus (Masbate),Ms,TECTONIC
944,2025-08-13 20:15:16+00:00,16.83,121.53,10,1.8,005 km N 02° W of Ramon (Isabela),Ms,TECTONIC
945,2025-08-13 20:14:52+00:00,6.98,126.33,17,2.3,013 km N 76° E of City Of Mati (Davao Oriental),Ms,TECTONIC
946,2025-08-13 19:58:09+00:00,11.2,124.66,6,2.4,010 km S 07° E of Capoocan (Leyte),Ms,TECTONIC
947,2025-08-13 19:55:50+00:00,11.2,124.67,3,2.0,010 km S 57° W of Tunga (Leyte),Ms,TECTONIC
948,2025-08-13 19:35:49+00:00,13.77,120.59,123,1.7,009 km S 35° W of Calatagan (Batangas),Ms,TECTONIC
949,2025-08-13 19:06:10+00:00,8.68,126.68,18,2.1,044 km S 72° E of Marihatag (Surigao Del Sur),Ms,TECTONIC
950,2025-08-13 18:16:49+00:00,13.72,122.74,33,1.6,012 km S 27° W of Ragay (Camarines Sur),Ms,TECTONIC
951,2025-08-13 18:12:17+00:00,12.8,120.35,26,1.8,047 km S 85° W of Sablayan (Occidental Mindoro),Ms,TECTONIC
952,2025-08-13 18:05:16+00:00,8.72,126.4,33,2.1,015 km S 52° E of Marihatag (Surigao Del Sur),Ms,TECTONIC
953,2025-08-13 17:28:05+00:00,8.42,126.59,17,1.5,028 km N 79° E of Hinatuan (Surigao Del Sur),Ms,TECTONIC
954,2025-08-13 17:17:07+00:00,13.72,120.58,98,1.7,014 km S 24° W of Calatagan (Batangas),Ms,TECTONIC
955,2025-08-13 17:05:42+00:00,5.62,125.94,97,4.1,046 km S 45° E of Jose Abad Santos (Davao Occidental),Ms,TECTONIC
956,2025-08-13 16:18:26+00:00,17.92,119.97,9,2.1,054 km N 75° W of Cabugao (Ilocos Sur),Ms,TECTONIC
957,2025-08-13 16:16:01+00:00,13.65,120.56,64,2.1,022 km S 22° W of Calatagan (Batangas),Ms,TECTONIC
958,2025-08-13 15:50:57+00:00,10.47,126.45,1,2.7,064 km N 40° E of Burgos (Surigao Del Norte),Ms,TECTONIC
959,2025-08-13 15:09:21+00:00,5.45,126.64,16,4.1,121 km S 65° E of Jose Abad Santos (Davao Occidental),Ms,TECTONIC
960,2025-08-13 15:00:13+00:00,14.04,120.52,113,1.6,012 km S 72° W of Nasugbu (Batangas),Ms,TECTONIC
961,2025-08-13 14:53:16+00:00,13.66,120.62,99,1.8,019 km S 03° W of Calatagan (Batangas),Ms,TECTONIC
962,2025-08-13 12:51:58+00:00,14.67,118.78,15,2.6,121 km S 64° E of Bajo De Masinloc (Masinloc) (Zambales),Ms,TECTONIC
963,2025-08-13 12:39:41+00:00,10.45,126.81,6,3.5,093 km N 59° E of Burgos (Surigao Del Norte),Ms,TECTONIC
964,2025-08-13 12:36:19+00:00,14.15,125.02,46,3.2,079 km N 59° E of Gigmoto (Catanduanes),Ms,TECTONIC
965,2025-08-13 10:58:04+00:00,6.73,125.05,4,2.0,011 km N 60° E of Columbio (Sultan Kudarat),Ms,TECTONIC
966,2025-08-13 10:31:51+00:00,8.85,126.57,31,2.0,031 km S 76° E of Cagwait (Surigao Del Sur),Ms,TECTONIC
967,2025-08-13 10:15:30+00:00,13.59,120.68,96,1.6,016 km N 17° W of Abra De Ilog (Occidental Mindoro),Ms,TECTONIC
968,2025-08-13 04:16:57+00:00,12.88,124.71,12,2.5,040 km N 06° W of Mondragon (Northern Samar),Ms,TECTONIC
969,2025-08-13 02:41:51+00:00,12.98,123.32,21,1.9,011 km N 41° E of Claveria (Masbate),Ms,TECTONIC
970,2025-08-13 00:30:31+00:00,16.67,119.88,31,2.0,031 km N 02° W of Bolinao (Pangasinan),Ms,TECTONIC
971,2025-08-13 00:03:21+00:00,5.58,126.6,133,3.0,112 km S 71° E of Jose Abad Santos (Davao Occidental),Ms,TECTONIC
972,2025-08-12 22:12:04+00:00,13.99,120.08,7,2.8,015 km N 19° W of Lubang (Occidental Mindoro),Ms,TECTONIC
973,2025-08-12 21:49:54+00:00,15.2,120.01,28,2.4,006 km N 46° W of Cabangan (Zambales),Ms,TECTONIC
974,2025-08-12 21:45:24+00:00,8.86,122.63,20,2.5,050 km S 63° W of Siaton (Negros Oriental),Ms,TECTONIC
975,2025-08-12 21:07:39+00:00,9.03,126.42,33,2.2,017 km N 65° E of Bayabas (Surigao Del Sur),Ms,TECTONIC
976,2025-08-12 20:38:10+00:00,10.29,123.13,9,2.1,012 km S 74° E of La Castellana (Negros Occidental),Ml,VOLCANO-TECTONIC
977,2025-08-12 20:32:41+00:00,13.69,122.83,3,2.5,014 km S 37° W of Lupi (Camarines Sur),Ms,TECTONIC
978,2025-08-12 20:00:20+00:00,8.6,125.64,31,2.0,008 km S 04° W of Esperanza (Agusan Del Sur),Ms,TECTONIC
979,2025-08-12 19:47:13+00:00,10.29,123.12,10,2.1,012 km S 74° E of La Castellana (Negros Occidental),ML,VOLCANO-TECTONIC
980,2025-08-12 19:44:06+00:00,5.51,126.6,96,3.5,115 km S 67° E of Jose Abad Santos (Davao Occidental),Ms,TECTONIC
981,2025-08-12 19:39:08+00:00,10.29,123.12,11,2.8,012 km S 74° E of La Castellana (Negros Occidental),ML,VOLCANO-TECTONIC
982,2025-08-12 18:35:13+00:00,7.79,125.95,4,2.1,010 km N 25° W of Montevista (Davao De Oro),Ms,TECTONIC
983,2025-08-12 18:33:09+00:00,7.38,126.75,13,1.9,021 km N 74° E of Caraga (Davao Oriental),Ms,TECTONIC
984,2025-08-12 18:24:30+00:00,13.58,122.76,5,1.6,026 km S 07° W of Ragay (Camarines Sur),Ms,TECTONIC
985,2025-08-12 18:00:36+00:00,8.87,126.78,32,2.0,053 km S 85° E of Cagwait (Surigao Del Sur),Ms,TECTONIC
986,2025-08-12 17:56:03+00:00,14.02,120.53,121,1.4,013 km S 81° W of Lian (Batangas),Ms,TECTONIC
987,2025-08-12 17:48:11+00:00,13.75,122.87,3,1.9,007 km S 49° W of Lupi (Camarines Sur),Ms,TECTONIC
988,2025-08-12 17:38:29+00:00,19.05,120.66,1,1.8,055 km N 14° W of Pagudpud (Ilocos Norte),Ms,TECTONIC
989,2025-08-12 17:06:46+00:00,8.56,126.54,32,1.6,031 km N 45° E of Hinatuan (Surigao Del Sur),Ms,TECTONIC
990,2025-08-12 17:02:02+00:00,10.41,126.37,9,2.7,054 km N 37° E of Burgos (Surigao Del Norte),Ms,TECTONIC
991,2025-08-12 16:15:28+00:00,13.68,122.82,2,2.4,016 km S 38° W of Lupi (Camarines Sur),Ms,TECTONIC
992,2025-08-12 16:07:06+00:00,9.21,126.31,26,1.4,015 km S 60° E of Cortes (Surigao Del Sur),Ms,TECTONIC
993,2025-08-12 15:36:22+00:00,18.79,120.81,5,2.8,026 km N 06° E of Pagudpud (Ilocos Norte),Ms,TECTONIC
994,2025-08-12 15:35:45+00:00,18.67,120.91,6,1.9,014 km N 36° W of Santa Praxedes (Cagayan),Ms,TECTONIC
995,2025-08-12 15:25:33+00:00,5.68,126.29,79,2.6,076 km S 70° E of Jose Abad Santos (Davao Occidental),Ms,TECTONIC
996,2025-08-12 15:02:34+00:00,10.37,126.28,20,2.2,045 km N 30° E of Burgos (Surigao Del Norte),Ms,TECTONIC
997,2025-08-12 14:48:25+00:00,8.07,126.99,11,1.9,064 km N 87° E of Lingig (Surigao Del Sur),Ms,TECTONIC
998,2025-08-12 14:41:06+00:00,10.85,122.94,32,1.7,005 km S 55° W of Enrique B. Magalona (Negros Occidental),Ms,TECTONIC
999,2025-08-12 14:35:44+00:00,9.7,123.95,37,1.6,003 km N 62° W of Sikatuna (Bohol),Ms,TECTONIC
1000,2025-08-12 14:35:34+00:00,16.37,122.16,13,1.6,006 km S 68° W of Dilasag (Aurora),Ms,TECTONIC
1001,2025-08-12 14:32:29+00:00,10.49,126.34,9,2.8,060 km N 29° E of Burgos (Surigao Del Norte),Ms,TECTONIC
1002,2025-08-12 14:24:29+00:00,7.99,126.77,17,2.5,040 km S 82° E of Lingig (Surigao Del Sur),Ms,TECTONIC
1003,2025-08-12 14:11:10+00:00,7.95,126.69,19,1.7,032 km N 55° E of Cateel (Davao Oriental),Ms,TECTONIC
1004,2025-08-12 13:56:19+00:00,10.2,126.0,12,1.9,020 km N 12° W of Santa Monica (Surigao Del Norte),Ms,TECTONIC
1005,2025-08-12 12:50:43+00:00,8.59,126.07,23,1.7,005 km S 34° W of Lianga (Surigao Del Sur),Ms,TECTONIC
1006,2025-08-12 12:44:44+00:00,15.4,119.69,17,2.4,024 km S 81° W of Palauig (Zambales),Ms,TECTONIC
1007,2025-08-12 11:51:04+00:00,12.25,124.98,31,2.1,011 km S 32° W of Las Navas (Northern Samar),Ms,TECTONIC
1008,2025-08-12 11:36:03+00:00,12.26,124.98,30,2.4,011 km S 31° W of Las Navas (Northern Samar),Ms,TECTONIC
1009,2025-08-12 11:25:38+00:00,9.43,126.19,35,2.0,017 km N 01° E of Cortes (Surigao Del Sur),Ms,TECTONIC
1010,2025-08-12 10:38:28+00:00,13.58,120.63,94,2.1,019 km N 34° W of Abra De Ilog (Occidental Mindoro),Ms,TECTONIC
1011,2025-08-12 09:26:20+00:00,8.18,127.3,20,3.3,099 km N 81° E of Lingig (Surigao Del Sur),Ms,TECTONIC
1012,2025-08-12 09:02:10+00:00,13.02,124.74,9,3.4,056 km N 48° E of Biri (Northern Samar),Ms,TECTONIC
1013,2025-08-12 08:32:37+00:00,8.75,126.38,17,3.0,010 km S 58° E of Marihatag (Surigao Del Sur),Ms,TECTONIC
1014,2025-08-12 06:48:15+00:00,7.83,125.92,7,2.0,014 km N 87° E of Laak (Davao De Oro),Ms,TECTONIC
1015,2025-08-12 06:06:58+00:00,13.74,122.89,3,1.8,006 km S 21° W of Lupi (Camarines Sur),Ms,TECTONIC
1016,2025-08-12 06:04:14+00:00,7.41,125.96,33,1.6,011 km N 68° E of Maco (Davao De Oro),Ms,TECTONIC
1017,2025-08-12 05:34:42+00:00,8.38,126.31,10,1.6,003 km N 62° W of Hinatuan (Surigao Del Sur),Ms,TECTONIC
1018,2025-08-12 05:09:54+00:00,13.85,120.31,50,2.3,016 km N 25° E of Looc (Occidental Mindoro),Ms,TECTONIC
1019,2025-08-12 05:08:28+00:00,5.4,126.2,136,5.3,082 km S 84° E of Sarangani Island (Municipality Of Sarangani) (Davao Occidental),Mw,TECTONIC
1020,2025-08-12 04:13:19+00:00,9.95,124.64,35,1.5,017 km N 55° E of Mabini (Bohol),Ms,TECTONIC
1021,2025-08-12 03:54:21+00:00,10.03,126.05,29,1.7,002 km N 55° E of Santa Monica (Surigao Del Norte),Ms,TECTONIC
1022,2025-08-12 03:46:29+00:00,18.7,120.77,24,1.7,015 km N 08° W of Pagudpud (Ilocos Norte),Ms,TECTONIC
1023,2025-08-12 03:35:13+00:00,12.76,121.61,18,2.1,013 km N 85° E of Bongabong (Oriental Mindoro),Ms,TECTONIC
1024,2025-08-12 03:09:39+00:00,7.78,125.97,6,2.8,008 km N 18° W of Montevista (Davao De Oro),Ms,TECTONIC
1025,2025-08-12 02:12:25+00:00,13.75,122.86,4,2.6,007 km S 49° W of Lupi (Camarines Sur),Ms,TECTONIC
1026,2025-08-12 01:26:20+00:00,7.77,125.85,33,1.5,009 km S 46° E of Laak (Davao De Oro),Ms,TECTONIC
1027,2025-08-12 01:23:28+00:00,7.79,125.96,5,3.5,010 km N 19° W of Montevista (Davao De Oro),Ms,TECTONIC
1028,2025-08-12 01:18:26+00:00,13.79,120.51,86,2.2,014 km S 69° W of Calatagan (Batangas),Ms,TECTONIC
1029,2025-08-12 00:48:39+00:00,13.8,122.84,10,2.1,008 km N 84° W of Lupi (Camarines Sur),Ms,TECTONIC
1030,2025-08-12 00:32:08+00:00,6.43,126.33,123,2.0,037 km S 49° E of Governor Generoso (Davao Oriental),Ms,TECTONIC
1031,2025-08-11 23:52:16+00:00,12.6,124.85,21,3.1,007 km N 21° W of San Roque (Northern Samar),Ms,TECTONIC
1032,2025-08-11 23:33:13+00:00,8.41,127.48,15,2.6,126 km N 88° E of Hinatuan (Surigao Del Sur),Ms,TECTONIC
1033,2025-08-11 22:53:55+00:00,16.15,121.79,8,3.2,018 km N 86° W of Dinalungan (Aurora),Ms,TECTONIC
1034,2025-08-11 22:50:57+00:00,15.14,122.77,2,2.1,068 km N 44° E of Jomalig (Quezon),Ms,TECTONIC
1035,2025-08-11 22:41:03+00:00,6.64,125.97,46,2.2,011 km S 83° W of Governor Generoso (Davao Oriental),Ms,TECTONIC
1036,2025-08-11 22:07:10+00:00,18.33,120.79,34,1.1,018 km S 89° E of Pasuquin (Ilocos Norte),Ms,TECTONIC
1037,2025-08-11 22:03:42+00:00,7.8,126.87,3,2.7,043 km N 54° E of Baganga (Davao Oriental),Ms,TECTONIC
1038,2025-08-11 20:47:12+00:00,13.8,120.6,88,1.4,004 km S 42° W of Calatagan (Batangas),Ms,TECTONIC
1039,2025-08-11 20:43:51+00:00,12.92,124.45,35,1.4,028 km N 19° E of Biri (Northern Samar),Ms,TECTONIC
1040,2025-08-11 20:29:20+00:00,11.28,125.62,15,2.1,007 km S 02° E of Hernani (Eastern Samar),Ms,TECTONIC
1041,2025-08-11 20:27:53+00:00,8.31,126.5,35,1.6,019 km S 71° E of Hinatuan (Surigao Del Sur),Ms,TECTONIC
1042,2025-08-11 20:04:52+00:00,11.81,125.48,33,1.4,007 km N 20° E of San Julian (Eastern Samar),Ms,TECTONIC
1043,2025-08-11 20:03:52+00:00,6.39,126.23,3,2.1,034 km S 30° E of Governor Generoso (Davao Oriental),Ms,TECTONIC
1044,2025-08-11 19:48:39+00:00,10.36,125.15,3,1.6,006 km S 54° W of Hinunangan (Southern Leyte),Ms,TECTONIC
1045,2025-08-11 19:10:04+00:00,9.06,126.22,25,1.1,004 km N 20° W of Tago (Surigao Del Sur),Ms,TECTONIC
1046,2025-08-11 19:02:07+00:00,8.28,126.69,21,1.7,040 km S 75° E of Hinatuan (Surigao Del Sur),Ms,TECTONIC
1047,2025-08-11 18:53:03+00:00,11.8,125.38,10,2.6,010 km N 57° W of San Julian (Eastern Samar),Ms,TECTONIC
1048,2025-08-11 18:44:39+00:00,12.85,121.4,33,1.1,007 km S 78° W of Bansud (Oriental Mindoro),Ms,TECTONIC
1049,2025-08-11 18:37:26+00:00,10.35,126.27,11,3.0,043 km N 30° E of Burgos (Surigao Del Norte),Ms,TECTONIC
1050,2025-08-11 18:33:59+00:00,9.33,126.44,12,2.2,028 km N 79° E of Cortes (Surigao Del Sur),Ms,TECTONIC
1051,2025-08-11 18:23:47+00:00,11.79,125.48,35,1.4,005 km N 39° E of San Julian (Eastern Samar),Ms,TECTONIC
1052,2025-08-11 18:14:58+00:00,13.06,124.49,10,2.2,032 km N 87° E of Prieto Diaz (Sorsogon),Ms,TECTONIC
1053,2025-08-11 17:56:06+00:00,13.72,122.85,3,1.5,010 km S 41° W of Lupi (Camarines Sur),Ms,TECTONIC
1054,2025-08-11 17:52:03+00:00,6.66,126.34,20,2.3,030 km N 89° E of Governor Generoso (Davao Oriental),Ms,TECTONIC
1055,2025-08-11 17:50:38+00:00,17.53,120.78,36,1.0,007 km S 79° E of Bucay (Abra),Ms,TECTONIC
1056,2025-08-11 17:46:07+00:00,8.88,122.46,21,3.0,066 km S 34° W of City Of Bayawan (Negros Oriental),Ms,TECTONIC
1057,2025-08-11 17:45:31+00:00,13.72,122.83,5,1.7,012 km S 50° W of Lupi (Camarines Sur),Ms,TECTONIC
1058,2025-08-11 17:44:33+00:00,19.8,122.12,72,3.1,038 km N 33° E of Babuyan Island (Calayan) (Cagayan),Ms,TECTONIC
1059,2025-08-11 17:37:31+00:00,13.66,122.82,2,1.6,017 km S 36° W of Lupi (Camarines Sur),Ms,TECTONIC
1060,2025-08-11 17:37:04+00:00,17.56,122.47,13,1.5,031 km N 35° E of Divilacan (Isabela),Ms,TECTONIC
1061,2025-08-11 17:22:40+00:00,13.69,122.86,1,1.7,012 km S 30° W of Lupi (Camarines Sur),Ms,TECTONIC
1062,2025-08-11 17:19:02+00:00,13.79,122.87,7,2.1,005 km N 86° W of Lupi (Camarines Sur),Ms,TECTONIC
1063,2025-08-11 17:18:35+00:00,7.42,123.43,3,3.0,005 km S 27° E of Tabina (Zamboanga Del Sur),Ms,TECTONIC
1064,2025-08-11 17:17:31+00:00,13.82,122.6,58,1.8,034 km N 84° W of Lupi (Camarines Sur),Ms,TECTONIC
1065,2025-08-11 17:15:04+00:00,12.97,124.36,32,1.3,020 km S 68° E of Prieto Diaz (Sorsogon),Ms,TECTONIC
1066,2025-08-11 17:06:11+00:00,5.71,126.59,48,3.6,107 km S 78° E of Jose Abad Santos (Davao Occidental),Ms,TECTONIC
1067,2025-08-11 17:00:59+00:00,16.81,120.34,33,1.2,006 km S 45° W of Luna (La Union),Ms,TECTONIC
1068,2025-08-11 16:55:25+00:00,13.44,125.6,33,1.7,112 km N 28° E of Palapag (Northern Samar),Ms,TECTONIC
1069,2025-08-11 16:22:00+00:00,8.3,125.97,32,1.1,010 km S 21° W of Rosario (Agusan Del Sur),Ms,TECTONIC
1070,2025-08-11 16:08:20+00:00,8.23,127.15,12,1.4,084 km N 75° E of Lingig (Surigao Del Sur),Ms,TECTONIC
1071,2025-08-11 16:06:22+00:00,13.53,120.95,34,1.0,003 km North of Puerto Galera (Oriental Mindoro),Ms,TECTONIC
1072,2025-08-11 14:53:57+00:00,8.67,126.63,12,1.8,039 km S 68° E of Marihatag (Surigao Del Sur),Ms,TECTONIC
1073,2025-08-11 14:21:42+00:00,13.76,122.71,30,1.5,022 km S 82° W of Lupi (Camarines Sur),Ms,TECTONIC
1074,2025-08-11 14:07:57+00:00,13.13,124.17,30,1.4,008 km S 40° E of Rapu-rapu (Albay),Ms,TECTONIC
1075,2025-08-11 14:03:26+00:00,7.14,123.04,24,2.7,028 km S 50° E of Olutanga (Zamboanga Sibugay),Ms,TECTONIC
1076,2025-08-11 13:41:01+00:00,18.74,120.78,38,2.5,020 km N 03° W of Pagudpud (Ilocos Norte),Ms,TECTONIC
1077,2025-08-11 13:37:00+00:00,12.87,124.27,103,2.4,013 km N 86° E of Barcelona (Sorsogon),Ms,TECTONIC
1078,2025-08-11 12:35:31+00:00,5.43,124.48,33,1.9,064 km S 15° W of Kiamba (Sarangani),Ms,TECTONIC
1079,2025-08-11 12:27:08+00:00,6.22,126.29,50,2.9,054 km S 27° E of Governor Generoso (Davao Oriental),Ms,TECTONIC
1080,2025-08-11 12:25:15+00:00,6.53,125.88,28,2.4,026 km S 58° W of Governor Generoso (Davao Oriental),Ms,TECTONIC
1081,2025-08-11 12:23:29+00:00,8.83,126.42,1,2.2,016 km S 54° E of Cagwait (Surigao Del Sur),Ms,TECTONIC
1082,2025-08-11 12:13:08+00:00,13.74,122.78,34,1.6,015 km S 70° W of Lupi (Camarines Sur),Ms,TECTONIC
1083,2025-08-11 11:26:16+00:00,13.73,122.69,32,1.7,015 km S 47° W of Ragay (Camarines Sur),Ms,TECTONIC
1084,2025-08-11 11:20:40+00:00,19.15,121.3,5,2.1,011 km N 64° E of Dalupiri Island (Calayan) (Cagayan),Ms,TECTONIC
1085,2025-08-11 09:56:45+00:00,8.25,127.2,8,2.3,090 km N 75° E of Lingig (Surigao Del Sur),Ms,TECTONIC
1086,2025-08-11 07:24:44+00:00,9.74,125.48,24,2.2,006 km S 15° W of City Of Surigao (Surigao Del Norte),Ms,TECTONIC
1087,2025-08-11 07:18:31+00:00,16.31,122.0,6,1.7,014 km N 74° W of Casiguran (Aurora),Ms,TECTONIC
1088,2025-08-11 05:59:39+00:00,10.99,123.93,5,3.4,008 km S 45° W of City Of Bogo (Cebu),Ms,TECTONIC
1089,2025-08-11 05:55:24+00:00,10.23,125.88,31,1.9,029 km N 37° W of Santa Monica (Surigao Del Norte),Ms,TECTONIC
1090,2025-08-11 05:44:23+00:00,9.15,125.86,27,2.2,017 km S 43° W of Madrid (Surigao Del Sur),Ms,TECTONIC
1091,2025-08-11 05:31:07+00:00,12.54,121.87,33,2.1,016 km N 82° W of San Andres (Romblon),Ms,TECTONIC
1092,2025-08-11 05:27:51+00:00,8.88,126.4,18,2.0,011 km S 70° E of Cagwait (Surigao Del Sur),Ms,TECTONIC
1093,2025-08-11 04:20:52+00:00,13.82,122.97,12,2.3,007 km N 62° E of Lupi (Camarines Sur),Ms,TECTONIC
1094,2025-08-11 04:07:17+00:00,13.69,122.85,2,4.1,013 km S 32° W of Lupi (Camarines Sur),Ms,TECTONIC
1095,2025-08-11 02:56:42+00:00,13.53,120.64,4,1.4,013 km N 44° W of Abra De Ilog (Occidental Mindoro),Ms,TECTONIC
1096,2025-08-11 02:56:08+00:00,13.67,120.67,17,1.5,021 km N 86° W of Tingloy (Batangas),Ms,TECTONIC
1097,2025-08-11 02:55:40+00:00,18.24,121.5,119,4.4,009 km N 70° E of Flora (Apayao),Ms,TECTONIC
1098,2025-08-10 23:21:46+00:00,13.64,120.48,48,1.7,026 km S 71° E of Looc (Occidental Mindoro),Ms,TECTONIC
1099,2025-08-10 23:16:24+00:00,8.95,126.08,27,1.7,004 km N 86° E of San Miguel (Surigao Del Sur),Ms,TECTONIC
1100,2025-08-10 22:45:56+00:00,7.1,126.98,11,3.3,051 km S 75° E of Manay (Davao Oriental),Ms,TECTONIC
1101,2025-08-10 22:39:02+00:00,13.6,120.61,84,2.0,021 km N 36° W of Abra De Ilog (Occidental Mindoro),Ms,TECTONIC
1102,2025-08-10 21:13:27+00:00,12.56,122.22,1,2.4,006 km S 70° W of Romblon (Romblon),Ms,TECTONIC
1103,2025-08-10 20:57:56+00:00,9.88,122.21,7,2.1,028 km N 63° W of City Of Sipalay (Negros Occidental),Ms,TECTONIC
1104,2025-08-10 20:57:45+00:00,17.6,122.47,22,2.3,035 km N 46° E of Maconacon (Isabela),Ms,TECTONIC
1105,2025-08-10 20:57:22+00:00,13.88,120.57,116,1.7,009 km N 51° W of Calatagan (Batangas),Ms,TECTONIC
1106,2025-08-10 20:53:10+00:00,16.76,121.34,32,1.4,011 km N 14° W of Diadi (Nueva Vizcaya),Ms,TECTONIC
1107,2025-08-10 20:44:06+00:00,5.78,126.69,83,2.7,117 km S 83° E of Jose Abad Santos (Davao Occidental),Ms,TECTONIC
1108,2025-08-10 20:22:47+00:00,16.9,121.58,15,1.5,002 km N 13° W of San Mateo (Isabela),Ms,TECTONIC
1109,2025-08-10 20:22:25+00:00,16.87,121.54,12,3.0,005 km S 79° W of San Mateo (Isabela),Ms,TECTONIC
1110,2025-08-10 20:12:08+00:00,6.34,126.52,21,3.0,061 km S 55° E of Governor Generoso (Davao Oriental),Ms,TECTONIC
1111,2025-08-10 20:11:52+00:00,7.68,126.11,35,1.3,004 km N 58° E of Compostela (Davao De Oro),Ms,TECTONIC
1112,2025-08-10 20:03:59+00:00,13.24,123.96,24,1.9,017 km N 39° E of Manito (Albay),Ms,TECTONIC
1113,2025-08-10 19:59:42+00:00,9.19,126.11,53,2.5,007 km S 47° E of Lanuza (Surigao Del Sur),Ms,TECTONIC
1114,2025-08-10 19:52:05+00:00,16.05,120.1,11,3.2,002 km S 23° E of Sual (Pangasinan),Ms,TECTONIC
1115,2025-08-10 19:30:39+00:00,5.3,127.73,96,3.3,237 km S 51° E of Governor Generoso (Davao Oriental),Ms,TECTONIC
1116,2025-08-10 19:25:53+00:00,14.92,122.74,23,1.9,054 km N 24° W of Tinaga Island (Vinzons) (Camarines Norte),Ms,TECTONIC
1117,2025-08-10 19:22:11+00:00,10.9,122.97,34,1.3,003 km N 21° W of Enrique B. Magalona (Negros Occidental),Ms,TECTONIC
1118,2025-08-10 18:51:26+00:00,9.94,126.07,24,2.6,002 km S 87° W of San Isidro (Surigao Del Norte),Ms,TECTONIC
1119,2025-08-10 17:34:12+00:00,8.01,126.65,51,2.0,026 km S 82° E of Lingig (Surigao Del Sur),Ms,TECTONIC
1120,2025-08-10 17:21:36+00:00,8.99,126.38,32,2.1,011 km N 76° E of Bayabas (Surigao Del Sur),Ms,TECTONIC
1121,2025-08-10 17:09:02+00:00,13.27,124.0,33,1.7,017 km N 56° W of Rapu-rapu (Albay),Ms,TECTONIC
1122,2025-08-10 16:24:34+00:00,13.59,120.93,19,1.5,010 km S 39° E of Tingloy (Batangas),Ms,TECTONIC
1123,2025-08-10 16:23:49+00:00,13.07,124.31,76,1.5,013 km N 73° E of Prieto Diaz (Sorsogon),Ms,TECTONIC
1124,2025-08-10 16:03:35+00:00,13.73,122.71,32,1.5,013 km S 44° W of Ragay (Camarines Sur),Ms,TECTONIC
1125,2025-08-10 15:45:44+00:00,17.61,122.44,13,3.3,033 km N 41° E of Maconacon (Isabela),Ms,TECTONIC
1126,2025-08-10 15:17:51+00:00,8.39,124.49,13,1.8,017 km S 33° W of Opol (Misamis Oriental),Ms,TECTONIC
1127,2025-08-10 15:17:03+00:00,11.54,125.23,35,1.5,023 km S 71° W of City Of Borongan (Eastern Samar),Ms,TECTONIC
1128,2025-08-10 15:13:55+00:00,9.21,125.68,32,1.8,015 km S 63° E of Santiago (Agusan Del Norte),Ms,TECTONIC
1129,2025-08-10 15:08:51+00:00,13.19,124.03,12,2.1,019 km N 67° E of Manito (Albay),Ms,TECTONIC
1130,2025-08-10 15:08:15+00:00,12.95,124.69,15,2.1,046 km N 50° E of Biri (Northern Samar),Ms,TECTONIC
1131,2025-08-10 14:51:52+00:00,7.11,126.97,10,3.2,048 km S 77° E of Manay (Davao Oriental),Ms,TECTONIC
1132,2025-08-10 14:42:45+00:00,8.7,127.29,21,2.5,109 km S 84° E of Marihatag (Surigao Del Sur),Ms,TECTONIC
1133,2025-08-10 14:18:13+00:00,7.05,126.99,14,3.6,053 km S 70° E of Manay (Davao Oriental),Ms,TECTONIC
1134,2025-08-10 14:10:34+00:00,7.09,127.04,11,2.9,057 km S 76° E of Manay (Davao Oriental),Ms,TECTONIC
1135,2025-08-10 14:06:33+00:00,6.86,125.15,1,2.7,013 km S 34° E of Makilala (Cotabato),Ms,TECTONIC
1136,2025-08-10 14:06:19+00:00,9.44,123.85,35,1.4,019 km S 34° E of Panglao (Bohol),Ms,TECTONIC
1137,2025-08-10 13:46:40+00:00,9.41,126.19,32,1.8,015 km N 03° W of Cortes (Surigao Del Sur),Ms,TECTONIC
1138,2025-08-10 13:43:20+00:00,13.12,122.71,9,2.0,022 km S 09° E of San Andres (Quezon),Ms,TECTONIC
1139,2025-08-10 13:42:01+00:00,13.54,120.63,8,2.9,015 km N 42° W of Abra De Ilog (Occidental Mindoro),Ms,TECTONIC
1140,2025-08-10 12:05:13+00:00,12.31,124.37,26,1.6,009 km S 27° E of San Isidro (Northern Samar),Ms,TECTONIC
1141,2025-08-10 11:52:30+00:00,15.56,119.28,19,2.4,071 km S 71° W of Santa Cruz (Zambales),Ms,TECTONIC
1142,2025-08-10 11:37:21+00:00,13.18,124.02,9,2.4,012 km S 89° W of Rapu-rapu (Albay),Ms,TECTONIC
1143,2025-08-10 10:39:47+00:00,10.29,126.04,18,2.4,031 km N 08° W of Burgos (Surigao Del Norte),Ms,TECTONIC
1144,2025-08-10 09:51:46+00:00,11.25,122.72,29,2.4,004 km S 68° E of Dumarao (Capiz),Ms,TECTONIC
1145,2025-08-10 09:40:09+00:00,9.77,125.8,98,2.0,023 km S 39° E of Cagdianao (Dinagat Islands),Ms,TECTONIC
1146,2025-08-10 09:04:29+00:00,5.5,125.29,19,2.3,017 km N 55° W of Balut Island (Municipality Of Sarangani) (Davao Occidental),Ms,TECTONIC
1147,2025-08-10 07:27:11+00:00,7.91,124.22,34,1.5,001 km S 77° E of Balindong (Lanao Del Sur),Ms,TECTONIC
1148,2025-08-10 07:09:21+00:00,10.21,124.96,1,2.5,007 km N 38° W of Malitbog (Southern Leyte),Ms,TECTONIC
1149,2025-08-10 06:44:07+00:00,5.89,126.0,134,2.6,040 km S 86° E of Jose Abad Santos (Davao Occidental),Ms,TECTONIC
1150,2025-08-10 06:19:19+00:00,14.09,123.74,26,1.9,024 km N 11° E of Garchitorena (Camarines Sur),Ms,TECTONIC
1151,2025-08-10 05:38:02+00:00,18.0,120.22,14,2.6,029 km N 73° W of Badoc (Ilocos Norte),Ms,TECTONIC
1152,2025-08-10 04:31:16+00:00,14.19,120.47,115,1.7,022 km N 55° W of Nasugbu (Batangas),Ms,TECTONIC
1153,2025-08-10 04:06:02+00:00,13.71,122.84,2,2.1,012 km S 42° W of Lupi (Camarines Sur),Ms,TECTONIC
1154,2025-08-10 03:49:07+00:00,13.73,122.87,3,2.0,008 km S 33° W of Lupi (Camarines Sur),Ms,TECTONIC
1155,2025-08-10 03:32:03+00:00,13.73,122.85,2,2.1,009 km S 47° W of Lupi (Camarines Sur),Ms,TECTONIC
1156,2025-08-10 03:18:28+00:00,13.76,122.87,7,2.5,005 km S 53° W of Lupi (Camarines Sur),Ms,TECTONIC
1157,2025-08-10 03:12:25+00:00,13.77,122.86,5,2.0,006 km S 64° W of Lupi (Camarines Sur),Ms,TECTONIC
1158,2025-08-10 03:08:40+00:00,8.13,125.95,2,3.0,007 km S 42° W of Bunawan (Agusan Del Sur),Ms,TECTONIC
1159,2025-08-10 02:54:32+00:00,13.8,122.71,42,1.4,010 km S 74° W of Ragay (Camarines Sur),Ms,TECTONIC
1160,2025-08-10 02:30:17+00:00,13.78,120.61,81,1.6,006 km S 26° W of Calatagan (Batangas),Ms,TECTONIC
1161,2025-08-10 01:50:33+00:00,13.8,122.89,4,2.4,003 km N 67° W of Lupi (Camarines Sur),Ms,TECTONIC
1162,2025-08-10 01:49:34+00:00,13.77,120.64,108,2.0,007 km S 03° E of Calatagan (Batangas),Ms,TECTONIC
1163,2025-08-09 23:57:55+00:00,15.5,119.9,29,1.9,007 km S 61° W of Masinloc (Zambales),Ms,TECTONIC
1164,2025-08-09 23:39:22+00:00,15.16,122.14,33,1.6,035 km N 22° E of Burdeos (Quezon),Ms,TECTONIC
1165,2025-08-09 23:10:48+00:00,8.76,126.48,11,2.1,020 km S 78° E of Marihatag (Surigao Del Sur),Ms,TECTONIC
1166,2025-08-09 22:01:50+00:00,7.32,125.62,21,2.1,007 km N 60° W of City Of Panabo (Davao Del Norte),Ms,TECTONIC
1167,2025-08-09 21:17:58+00:00,5.28,125.22,33,4.6,027 km S 57° W of Balut Island (Municipality Of Sarangani) (Davao Occidental),Ms,TECTONIC
1168,2025-08-09 20:59:56+00:00,13.57,120.81,27,1.7,013 km S 34° W of Tingloy (Batangas),Ms,TECTONIC
1169,2025-08-09 20:20:31+00:00,9.81,125.57,28,1.6,008 km N 74° E of City Of Surigao (Surigao Del Norte),Ms,TECTONIC
1170,2025-08-09 20:11:57+00:00,7.86,126.72,20,2.5,030 km N 76° E of Cateel (Davao Oriental),Ms,TECTONIC
1171,2025-08-09 19:48:01+00:00,12.39,123.65,20,1.9,003 km N 54° E of City Of Masbate (Masbate),Ms,TECTONIC
1172,2025-08-09 19:19:54+00:00,8.98,126.39,20,2.8,011 km N 81° E of Bayabas (Surigao Del Sur),Ms,TECTONIC
1173,2025-08-09 19:16:31+00:00,18.1,120.82,4,2.6,004 km S 01° W of Carasi (Ilocos Norte),Ms,TECTONIC
1174,2025-08-09 19:04:43+00:00,8.26,127.61,41,2.1,135 km N 80° E of Lingig (Surigao Del Sur),Ms,TECTONIC
1175,2025-08-09 18:48:47+00:00,13.57,123.92,9,1.6,020 km S 81° W of San Andres (Catanduanes),Ms,TECTONIC
1176,2025-08-09 18:35:51+00:00,11.96,121.87,29,2.2,008 km N 32° W of Malay (Aklan),Ms,TECTONIC
1177,2025-08-09 18:24:03+00:00,17.42,120.71,4,1.5,002 km S 14° E of Manabo (Abra),Ms,TECTONIC
1178,2025-08-09 18:00:15+00:00,13.62,120.66,114,1.9,021 km N 21° W of Abra De Ilog (Occidental Mindoro),Ms,TECTONIC
1179,2025-08-09 17:31:07+00:00,7.42,121.59,7,1.6,052 km N 74° W of Sibuco (Zamboanga Del Norte),Ms,TECTONIC
1180,2025-08-09 16:59:33+00:00,12.59,123.51,4,3.7,014 km N 08° E of Baleno (Masbate),Ms,TECTONIC
1181,2025-08-09 16:33:21+00:00,7.84,126.8,15,1.8,039 km N 82° E of Cateel (Davao Oriental),Ms,TECTONIC
1182,2025-08-09 16:30:05+00:00,15.44,120.22,7,2.3,027 km N 51° E of Botolan (Zambales),Ms,TECTONIC
1183,2025-08-09 16:29:02+00:00,15.43,120.2,10,2.0,025 km N 51° E of Botolan (Zambales),Ms,TECTONIC
1184,2025-08-09 16:03:49+00:00,11.64,122.02,27,2.2,010 km N 56° W of Sebaste (Antique),Ms,TECTONIC
1185,2025-08-09 16:00:52+00:00,13.62,120.66,105,1.7,021 km N 20° W of Abra De Ilog (Occidental Mindoro),Ms,TECTONIC
1186,2025-08-09 16:00:18+00:00,10.07,126.03,19,1.6,006 km N 05° W of Santa Monica (Surigao Del Norte),Ms,TECTONIC
1187,2025-08-09 15:42:41+00:00,8.47,126.26,131,2.1,011 km N 82° E of Tagbina (Surigao Del Sur),Ms,TECTONIC
1188,2025-08-09 15:06:08+00:00,9.49,125.99,29,1.6,007 km N 01° W of Carrascal (Surigao Del Sur),Ms,TECTONIC
1189,2025-08-09 14:36:06+00:00,15.43,120.13,20,1.9,019 km N 35° E of Botolan (Zambales),Ms,TECTONIC
1190,2025-08-09 14:08:31+00:00,15.34,120.19,25,1.5,019 km N 71° E of Botolan (Zambales),Ms,TECTONIC
1191,2025-08-09 13:57:01+00:00,15.42,120.22,8,3.4,026 km N 55° E of Botolan (Zambales),Ms,TECTONIC
1192,2025-08-09 13:54:09+00:00,15.41,120.18,14,2.3,021 km N 52° E of Botolan (Zambales),Ms,TECTONIC
1193,2025-08-09 13:43:47+00:00,15.41,120.2,14,2.2,023 km N 55° E of Botolan (Zambales),Ms,TECTONIC
1194,2025-08-09 13:38:46+00:00,15.42,120.2,9,2.0,024 km N 53° E of Botolan (Zambales),Ms,TECTONIC
1195,2025-08-09 13:38:19+00:00,15.41,120.2,7,2.3,023 km N 55° E of Botolan (Zambales),Ms,TECTONIC
1196,2025-08-09 13:30:12+00:00,15.39,120.18,22,1.8,021 km N 56° E of Botolan (Zambales),Ms,TECTONIC
1197,2025-08-09 13:29:22+00:00,15.42,120.21,8,1.8,025 km N 53° E of Botolan (Zambales),Ms,TECTONIC
1198,2025-08-09 12:43:14+00:00,10.95,126.28,11,2.9,061 km S 81° E of Guiuan (Eastern Samar),Ms,TECTONIC
1199,2025-08-09 12:27:50+00:00,13.89,120.02,37,2.0,012 km N 73° W of Lubang (Occidental Mindoro),Ms,TECTONIC
1200,2025-08-09 12:26:51+00:00,15.42,120.21,8,1.9,025 km N 55° E of Botolan (Zambales),Ms,TECTONIC
1201,2025-08-09 11:33:02+00:00,6.08,126.72,86,5.3,096 km S 48° E of Governor Generoso (Davao Oriental),Mw,TECTONIC
1202,2025-08-09 11:20:53+00:00,13.66,124.88,31,1.8,054 km S 76° E of Gigmoto (Catanduanes),Ms,TECTONIC
1203,2025-08-09 11:02:35+00:00,9.32,125.19,19,2.3,033 km N 01° E of Magsaysay (Misamis Oriental),Ms,TECTONIC
1204,2025-08-09 11:00:13+00:00,15.44,120.2,14,2.2,025 km N 48° E of Botolan (Zambales),Ms,TECTONIC
1205,2025-08-09 10:53:05+00:00,11.85,125.7,7,3.0,027 km N 81° E of Sulat (Eastern Samar),Ms,TECTONIC
1206,2025-08-09 10:40:02+00:00,15.42,120.2,10,3.0,024 km N 53° E of Botolan (Zambales),Ms,TECTONIC
1207,2025-08-09 10:39:20+00:00,8.76,126.49,6,2.0,022 km S 79° E of Marihatag (Surigao Del Sur),Ms,TECTONIC
1208,2025-08-09 10:36:20+00:00,13.5,120.84,33,1.5,012 km N 89° W of Puerto Galera (Oriental Mindoro),Ms,TECTONIC
1209,2025-08-09 10:28:53+00:00,6.31,126.12,130,2.1,039 km S 07° E of Governor Generoso (Davao Oriental),Ms,TECTONIC
1210,2025-08-09 10:24:49+00:00,8.82,126.78,4,2.4,054 km S 79° E of Cagwait (Surigao Del Sur),Ms,TECTONIC
1211,2025-08-09 10:23:16+00:00,15.44,120.15,27,1.8,022 km N 39° E of Botolan (Zambales),Ms,TECTONIC
1212,2025-08-09 10:19:37+00:00,15.42,120.21,10,2.8,024 km N 53° E of Botolan (Zambales),Ms,TECTONIC
1213,2025-08-09 10:14:05+00:00,18.53,121.15,1,2.3,009 km S 70° W of Sanchez-mira (Cagayan),Ms,TECTONIC
1214,2025-08-09 10:02:52+00:00,13.66,120.63,111,1.7,019 km S 02° W of Calatagan (Batangas),Ms,TECTONIC
1215,2025-08-09 08:34:48+00:00,6.58,125.81,166,2.8,030 km S 74° W of Governor Generoso (Davao Oriental),Ms,TECTONIC
1216,2025-08-09 08:28:19+00:00,13.2,123.98,29,2.0,016 km N 82° W of Rapu-rapu (Albay),Ms,TECTONIC
1217,2025-08-09 07:38:08+00:00,8.86,126.55,36,2.0,029 km N 76° E of Marihatag (Surigao Del Sur),Ms,TECTONIC
1218,2025-08-09 07:32:27+00:00,8.0,126.66,13,1.8,027 km S 81° E of Lingig (Surigao Del Sur),Ms,TECTONIC
1219,2025-08-09 05:54:09+00:00,18.63,120.88,8,1.8,012 km N 54° E of Pagudpud (Ilocos Norte),Ms,TECTONIC
1220,2025-08-09 05:34:29+00:00,5.61,125.26,27,2.3,024 km S 14° E of Glan (Sarangani),Ms,TECTONIC
1221,2025-08-09 03:49:31+00:00,15.86,121.69,21,1.4,017 km N 84° E of Dipaculao (Aurora),Ms,TECTONIC
1222,2025-08-09 03:47:35+00:00,17.6,120.86,14,2.1,006 km N 52° W of Licuan,Ms,TECTONIC
1223,2025-08-09 02:53:49+00:00,8.56,126.25,26,1.8,015 km N 79° E of Barobo (Surigao Del Sur),Ms,TECTONIC
1224,2025-08-09 02:46:46+00:00,7.1,123.67,25,2.1,039 km N 85° W of Datu Blah T. Sinsuat (Maguindanao Del Norte),Ms,TECTONIC
1225,2025-08-09 01:44:38+00:00,11.87,125.29,29,4.2,014 km S 74° W of Taft (Eastern Samar),Ms,TECTONIC
1226,2025-08-09 01:23:15+00:00,15.69,121.59,27,1.7,008 km S 21° E of Baler (Aurora),Ms,TECTONIC
1227,2025-08-09 01:19:43+00:00,13.65,121.67,5,2.8,028 km N 47° W of Mogpog (Marinduque),Ms,TECTONIC
1228,2025-08-08 22:49:59+00:00,9.89,126.64,3,2.2,055 km N 77° E of General Luna (Surigao Del Norte),Ms,TECTONIC
1229,2025-08-08 21:30:02+00:00,13.91,120.44,31,1.6,023 km N 67° W of Calatagan (Batangas),Ms,TECTONIC
1230,2025-08-08 21:27:38+00:00,7.66,126.65,15,2.1,013 km N 48° E of Baganga (Davao Oriental),Ms,TECTONIC
1231,2025-08-08 21:23:00+00:00,18.25,120.93,13,1.6,017 km N 44° E of Carasi (Ilocos Norte),Ms,TECTONIC
1232,2025-08-08 21:14:19+00:00,13.54,120.83,35,1.6,015 km N 46° E of Abra De Ilog (Occidental Mindoro),Ms,TECTONIC
1233,2025-08-08 20:30:30+00:00,3.0,126.35,107,3.6,285 km S 21° E of Balut Island (Municipality Of Sarangani) (Davao Occidental),Ms,TECTONIC
1234,2025-08-08 20:29:57+00:00,11.84,125.58,15,2.4,014 km N 81° E of Sulat (Eastern Samar),Ms,TECTONIC
1235,2025-08-08 20:20:30+00:00,14.94,119.24,17,2.4,090 km S 61° W of Iba (Zambales),Ms,TECTONIC
1236,2025-08-08 19:37:03+00:00,15.43,121.36,33,1.4,004 km S 42° E of Gabaldon (Nueva Ecija),Ms,TECTONIC
1237,2025-08-08 19:31:16+00:00,7.78,125.84,33,1.9,006 km S 51° E of Laak (Davao De Oro),Ms,TECTONIC
1238,2025-08-08 19:27:08+00:00,16.86,120.12,29,1.7,027 km N 88° W of Luna (La Union),Ms,TECTONIC
1239,2025-08-08 19:19:39+00:00,8.93,126.74,38,1.7,048 km N 89° E of Cagwait (Surigao Del Sur),Ms,TECTONIC
1240,2025-08-08 19:01:49+00:00,10.11,125.86,62,2.6,022 km N 64° W of Santa Monica (Surigao Del Norte),Ms,TECTONIC
1241,2025-08-08 18:49:54+00:00,12.56,123.53,16,2.1,010 km N 22° E of Baleno (Masbate),Ms,TECTONIC
1242,2025-08-08 18:47:06+00:00,4.08,125.87,177,3.4,155 km S 19° E of Balut Island (Municipality Of Sarangani) (Davao Occidental),Ms,TECTONIC
1243,2025-08-08 18:46:14+00:00,8.79,126.83,1,1.8,059 km S 89° E of Marihatag (Surigao Del Sur),Ms,TECTONIC
1244,2025-08-08 18:41:10+00:00,8.26,127.3,15,3.1,101 km N 76° E of Lingig (Surigao Del Sur),Ms,TECTONIC
1245,2025-08-08 18:11:05+00:00,10.31,126.04,15,2.8,032 km N 06° W of Burgos (Surigao Del Norte),Ms,TECTONIC
1246,2025-08-08 18:01:04+00:00,11.4,125.3,25,1.9,024 km S 72° W of Balangkayan (Eastern Samar),Ms,TECTONIC
1247,2025-08-08 17:51:17+00:00,9.25,126.35,28,2.0,017 km S 82° E of Cortes (Surigao Del Sur),Ms,TECTONIC
1248,2025-08-08 17:31:09+00:00,8.15,127.28,18,3.4,097 km N 83° E of Lingig (Surigao Del Sur),Ms,TECTONIC
1249,2025-08-08 17:20:54+00:00,9.14,126.08,30,1.6,011 km S 14° E of Lanuza (Surigao Del Sur),Ms,TECTONIC
1250,2025-08-08 17:13:52+00:00,8.21,127.36,63,2.3,106 km N 80° E of Lingig (Surigao Del Sur),Ms,TECTONIC
1251,2025-08-08 16:53:59+00:00,10.34,126.2,7,2.3,038 km N 22° E of Burgos (Surigao Del Norte),Ms,TECTONIC
1252,2025-08-08 16:43:10+00:00,13.58,120.79,3,1.8,012 km S 46° W of Tingloy (Batangas),Ms,TECTONIC
1253,2025-08-08 16:25:02+00:00,10.79,124.89,33,1.9,005 km N 89° W of Javier (Leyte),Ms,TECTONIC
1254,2025-08-08 15:54:33+00:00,11.02,123.88,2,2.8,011 km S 74° W of City Of Bogo (Cebu),Ms,TECTONIC
1255,2025-08-08 15:49:08+00:00,9.8,126.28,28,1.4,014 km N 84° E of General Luna (Surigao Del Norte),Ms,TECTONIC
1256,2025-08-08 15:19:48+00:00,9.45,125.62,21,1.7,005 km N 89° E of Kitcharao (Agusan Del Norte),Ms,TECTONIC
1257,2025-08-08 15:18:13+00:00,9.03,127.13,3,1.5,091 km N 83° E of Cagwait (Surigao Del Sur),Ms,TECTONIC
1258,2025-08-08 14:20:10+00:00,10.94,123.9,3,1.9,013 km N 16° E of Tabuelan (Cebu),Ms,TECTONIC
1259,2025-08-08 14:05:09+00:00,9.74,126.16,27,1.6,005 km S 06° E of General Luna (Surigao Del Norte),Ms,TECTONIC
1260,2025-08-08 13:58:03+00:00,10.98,123.93,5,3.3,009 km S 40° W of City Of Bogo (Cebu),Ms,TECTONIC
1261,2025-08-08 13:25:18+00:00,9.28,126.31,8,1.5,013 km N 86° E of Cortes (Surigao Del Sur),Ms,TECTONIC
1262,2025-08-08 11:33:40+00:00,8.61,126.25,17,1.4,015 km S 11° E of San Agustin (Surigao Del Sur),Ms,TECTONIC
1263,2025-08-08 11:26:30+00:00,7.57,124.44,1,2.5,010 km N 51° E of Buldon (Maguindanao Del Norte),Ms,TECTONIC
1264,2025-08-08 11:19:22+00:00,8.24,125.99,10,2.4,007 km N 07° W of Bunawan (Agusan Del Sur),Ms,TECTONIC
1265,2025-08-08 10:50:07+00:00,10.74,122.7,33,1.6,007 km N 49° E of Buenavista (Guimaras),Ms,TECTONIC
1266,2025-08-08 09:44:45+00:00,9.02,125.5,29,1.6,002 km N 74° W of Magallanes (Agusan Del Norte),Ms,TECTONIC
1267,2025-08-08 09:09:13+00:00,11.28,124.6,2,2.3,005 km S 70° W of Capoocan (Leyte),Ms,TECTONIC
1268,2025-08-08 05:28:57+00:00,8.33,121.82,15,2.1,068 km N 32° W of Baliguian (Zamboanga Del Norte),Ms,TECTONIC
1269,2025-08-08 03:45:32+00:00,9.98,124.06,8,2.0,004 km N 68° E of Clarin (Bohol),Ms,TECTONIC
1270,2025-08-08 03:39:15+00:00,18.67,121.39,10,1.9,020 km S 05° E of Fuga Island (Aparri) (Cagayan),Ms,TECTONIC
1271,2025-08-08 01:34:18+00:00,10.12,123.53,3,3.2,002 km N 77° E of Barili (Cebu),Ms,TECTONIC
1272,2025-08-08 01:33:03+00:00,12.84,124.83,11,3.0,033 km N 20° W of Pambujan (Northern Samar),Ms,TECTONIC
1273,2025-08-08 00:42:41+00:00,12.53,124.84,33,1.9,004 km S 72° W of San Roque (Northern Samar),Ms,TECTONIC
1274,2025-08-07 22:19:15+00:00,12.11,121.46,5,2.5,022 km N 25° W of Caluya (Antique),Ms,TECTONIC
1275,2025-08-07 22:13:06+00:00,10.21,122.63,7,1.7,025 km N 87° W of Binalbagan (Negros Occidental),Ms,TECTONIC
1276,2025-08-07 21:54:38+00:00,7.77,125.94,2,2.9,009 km N 35° W of Montevista (Davao De Oro),Ms,TECTONIC
1277,2025-08-07 21:22:44+00:00,7.77,125.95,3,3.0,008 km N 34° W of Montevista (Davao De Oro),Ms,TECTONIC
1278,2025-08-07 20:40:16+00:00,16.04,120.07,16,1.9,004 km S 39° W of Sual (Pangasinan),Ms,TECTONIC
1279,2025-08-07 20:30:34+00:00,14.82,122.55,2,1.8,027 km N 59° E of Jomalig (Quezon),Ms,TECTONIC
1280,2025-08-07 19:46:36+00:00,13.59,121.38,12,2.3,020 km S 70° E of Lobo (Batangas),Ms,TECTONIC
1281,2025-08-07 19:38:11+00:00,13.64,120.65,111,1.8,022 km S 04° E of Calatagan (Batangas),Ms,TECTONIC
1282,2025-08-07 19:22:42+00:00,8.85,122.44,33,1.9,066 km S 20° W of Basay (Negros Oriental),Ms,TECTONIC
1283,2025-08-07 19:09:49+00:00,8.88,122.49,14,3.4,063 km S 72° W of Siaton (Negros Oriental),Ms,TECTONIC
1284,2025-08-07 19:05:06+00:00,10.26,125.91,32,1.5,030 km N 28° W of Santa Monica (Surigao Del Norte),Ms,TECTONIC
1285,2025-08-07 18:39:17+00:00,8.04,126.87,14,2.4,051 km S 90° E of Lingig (Surigao Del Sur),Ms,TECTONIC
1286,2025-08-07 18:32:23+00:00,9.47,126.12,25,2.2,022 km N 47° E of Cantilan (Surigao Del Sur),Ms,TECTONIC
1287,2025-08-07 18:31:45+00:00,6.67,125.13,30,1.7,010 km S 18° W of Magsaysay (Davao Del Sur),Ms,TECTONIC
1288,2025-08-07 18:27:00+00:00,10.27,125.96,27,2.6,029 km N 17° W of Santa Monica (Surigao Del Norte),Ms,TECTONIC
1289,2025-08-07 18:25:09+00:00,6.74,125.41,13,1.8,006 km S 86° E of City Of Digos (Davao Del Sur),Ms,TECTONIC
1290,2025-08-07 18:01:01+00:00,10.21,125.99,15,1.8,022 km N 15° W of Santa Monica (Surigao Del Norte),Ms,TECTONIC
1291,2025-08-07 17:53:10+00:00,7.14,122.02,3,1.5,027 km N 13° W of City Of Zamboanga,Ms,TECTONIC
1292,2025-08-07 17:17:57+00:00,20.53,122.2,5,3.3,025 km N 69° E of Basco (Batanes),Ms,TECTONIC
1293,2025-08-07 16:47:07+00:00,8.24,124.75,3,2.6,011 km S 37° E of Baungon (Bukidnon),Ms,TECTONIC
1294,2025-08-07 16:26:32+00:00,13.68,120.61,89,1.7,017 km S 06° W of Calatagan (Batangas),Ms,TECTONIC
1295,2025-08-07 15:19:47+00:00,11.1,121.76,11,2.7,033 km S 71° W of Barbaza (Antique),Ms,TECTONIC
1296,2025-08-07 14:27:00+00:00,11.47,124.22,34,1.5,016 km N 64° W of San Isidro (Leyte),Ms,TECTONIC
1297,2025-08-07 13:28:48+00:00,7.76,126.99,11,2.0,052 km N 67° E of Baganga (Davao Oriental),Ms,TECTONIC
1298,2025-08-07 11:57:31+00:00,10.46,123.09,6,1.9,016 km S 18° E of Murcia (Negros Occidental),ML,VOLCANO-TECTONIC
1299,2025-08-07 11:07:09+00:00,10.4,121.85,4,2.6,009 km S 71° W of Anini-y (Antique),Ms,TECTONIC
1300,2025-08-07 10:32:46+00:00,13.1,123.96,30,2.3,010 km S 74° E of Manito (Albay),Ms,TECTONIC
1301,2025-08-07 10:25:31+00:00,13.24,124.17,30,1.7,008 km N 41° E of Rapu-rapu (Albay),Ms,TECTONIC
1302,2025-08-07 09:58:42+00:00,12.3,123.77,2,2.9,014 km S 05° W of Batuan (Masbate),Ms,TECTONIC
1303,2025-08-07 08:56:51+00:00,5.95,124.82,25,2.7,022 km S 80° E of Kiamba (Sarangani),Ms,TECTONIC
1304,2025-08-07 08:50:25+00:00,9.27,126.3,19,1.4,012 km S 86° E of Cortes (Surigao Del Sur),Ms,TECTONIC
1305,2025-08-07 07:57:03+00:00,8.49,126.46,15,3.4,019 km N 43° E of Hinatuan (Surigao Del Sur),Ms,TECTONIC
1306,2025-08-07 07:29:39+00:00,7.67,126.13,5,2.8,005 km N 89° E of Compostela (Davao De Oro),Ms,TECTONIC
1307,2025-08-07 06:33:22+00:00,13.61,120.58,33,1.6,025 km S 14° W of Calatagan (Batangas),Ms,TECTONIC
1308,2025-08-07 06:15:03+00:00,10.35,126.41,22,2.0,055 km N 48° E of Santa Monica (Surigao Del Norte),Ms,TECTONIC
1309,2025-08-07 06:13:33+00:00,10.06,126.04,16,2.6,006 km N 37° W of Burgos (Surigao Del Norte),Ms,TECTONIC
1310,2025-08-07 05:53:23+00:00,17.36,122.84,35,2.5,055 km N 53° E of Palanan (Isabela),Ms,TECTONIC
1311,2025-08-07 04:29:17+00:00,7.78,125.96,2,2.8,011 km S 65° W of Monkayo (Davao De Oro),Ms,TECTONIC
1312,2025-08-07 04:07:26+00:00,8.25,125.91,10,2.4,010 km N 33° E of Loreto (Agusan Del Sur),Ms,TECTONIC
1313,2025-08-07 03:47:05+00:00,4.1,126.58,57,4.3,194 km S 41° E of Balut Island (Municipality Of Sarangani) (Davao Occidental),Ms,TECTONIC
1314,2025-08-07 03:32:05+00:00,13.61,120.45,83,1.4,022 km N 04° W of Paluan (Occidental Mindoro),Ms,TECTONIC
1315,2025-08-07 03:24:38+00:00,8.29,125.93,7,2.1,014 km N 28° W of Bunawan (Agusan Del Sur),Ms,TECTONIC
1316,2025-08-07 03:20:54+00:00,8.32,125.89,4,2.1,010 km N 67° E of La Paz (Agusan Del Sur),Ms,TECTONIC
1317,2025-08-07 00:37:37+00:00,7.97,126.37,22,1.6,009 km S 31° W of Lingig (Surigao Del Sur),Ms,TECTONIC
1318,2025-08-07 00:36:03+00:00,9.29,122.84,19,2.5,005 km S 29° W of Santa Catalina (Negros Oriental),Ms,TECTONIC
1319,2025-08-07 00:15:20+00:00,13.96,120.31,107,1.6,023 km N 62° E of Lubang (Occidental Mindoro),Ms,TECTONIC
1320,2025-08-06 23:52:59+00:00,8.03,126.78,15,2.0,041 km S 89° E of Lingig (Surigao Del Sur),Ms,TECTONIC
1321,2025-08-06 23:50:37+00:00,12.97,125.18,15,2.5,048 km N 23° E of Laoang (Northern Samar),Ms,TECTONIC
1322,2025-08-06 23:09:15+00:00,13.71,120.9,13,2.3,006 km S 46° W of Mabini (Batangas),Ms,TECTONIC
1323,2025-08-06 23:03:28+00:00,13.7,120.91,7,2.4,006 km S 32° W of Mabini (Batangas),Ms,TECTONIC
1324,2025-08-06 22:39:19+00:00,5.83,124.66,30,1.7,018 km S 14° E of Kiamba (Sarangani),Ms,TECTONIC
1325,2025-08-06 22:34:21+00:00,11.89,125.53,21,2.3,012 km S 82° E of Taft (Eastern Samar),Ms,TECTONIC
1326,2025-08-06 21:09:22+00:00,15.62,119.84,45,1.7,010 km S 83° W of Candelaria (Zambales),Ms,TECTONIC
1327,2025-08-06 21:07:51+00:00,6.21,126.32,111,2.5,056 km S 29° E of Governor Generoso (Davao Oriental),Ms,TECTONIC
1328,2025-08-06 21:04:49+00:00,13.69,120.64,103,1.7,016 km S 03° E of Calatagan (Batangas),Ms,TECTONIC
1329,2025-08-06 20:44:19+00:00,13.73,120.57,91,1.6,013 km S 33° W of Calatagan (Batangas),Ms,TECTONIC
1330,2025-08-06 20:30:24+00:00,14.67,120.16,33,1.4,011 km S 85° W of Morong (Bataan),Ms,TECTONIC
1331,2025-08-06 20:25:45+00:00,6.96,124.96,8,2.4,009 km N 81° E of M'lang (Cotabato),Ms,TECTONIC
1332,2025-08-06 20:22:44+00:00,9.42,126.34,25,2.1,023 km N 46° E of Cortes (Surigao Del Sur),Ms,TECTONIC
1333,2025-08-06 19:34:02+00:00,12.96,125.16,13,2.5,046 km N 20° E of Laoang (Northern Samar),Ms,TECTONIC
1334,2025-08-06 19:18:33+00:00,18.06,120.47,44,1.7,004 km N 22° W of Currimao (Ilocos Norte),Ms,TECTONIC
1335,2025-08-06 19:09:26+00:00,17.57,120.71,27,2.0,004 km N 14° W of Bucay (Abra),Ms,TECTONIC
1336,2025-08-06 18:49:39+00:00,7.9,126.12,33,1.5,011 km N 44° E of Monkayo (Davao De Oro),Ms,TECTONIC
1337,2025-08-06 18:47:47+00:00,7.76,127.09,19,1.9,062 km N 70° E of Baganga (Davao Oriental),Ms,TECTONIC
1338,2025-08-06 18:06:22+00:00,9.17,126.29,32,1.6,016 km S 43° E of Cortes (Surigao Del Sur),Ms,TECTONIC
1339,2025-08-06 17:46:38+00:00,13.72,122.69,33,1.6,016 km S 44° W of Ragay (Camarines Sur),Ms,TECTONIC
1340,2025-08-06 17:39:11+00:00,13.88,122.61,55,1.5,005 km S 23° E of Del Gallego (Camarines Sur),Ms,TECTONIC
1341,2025-08-06 17:26:47+00:00,9.88,126.49,20,1.7,039 km N 73° E of General Luna (Surigao Del Norte),Ms,TECTONIC
1342,2025-08-06 17:20:41+00:00,9.97,124.25,31,1.6,004 km N 53° E of Danao (Bohol),Ms,TECTONIC
1343,2025-08-06 17:18:05+00:00,17.14,120.19,19,1.6,027 km S 85° W of City Of Candon (Ilocos Sur),Ms,TECTONIC
1344,2025-08-06 17:14:28+00:00,13.76,120.8,3,1.5,014 km N 36° W of Tingloy (Batangas),Ms,TECTONIC
1345,2025-08-06 17:04:51+00:00,10.52,124.89,16,2.3,012 km S 41° W of Mahaplag (Leyte),Ms,TECTONIC
1346,2025-08-06 16:34:16+00:00,18.91,120.98,7,2.2,032 km S 48° W of Dalupiri Island (Calayan) (Cagayan),Ms,TECTONIC
1347,2025-08-06 16:25:06+00:00,7.14,125.92,33,2.0,003 km N 62° E of Pantukan (Davao De Oro),Ms,TECTONIC
1348,2025-08-06 15:33:18+00:00,5.94,126.23,11,2.5,065 km N 87° E of Jose Abad Santos (Davao Occidental),Ms,TECTONIC
1349,2025-08-06 14:59:58+00:00,13.19,120.24,6,1.9,035 km S 45° W of Paluan (Occidental Mindoro),Ms,TECTONIC
1350,2025-08-06 14:41:58+00:00,6.13,125.92,116,2.5,026 km S 73° E of Don Marcelino (Davao Occidental),Ms,TECTONIC
1351,2025-08-06 14:14:06+00:00,10.29,123.11,12,2.1,005 km N 57° E of Moises Padilla (Negros Occidental),Ml,VOLCANO-TECTONIC
1352,2025-08-06 13:44:18+00:00,16.37,122.15,29,2.3,007 km S 70° W of Dilasag (Aurora),Ms,TECTONIC
1353,2025-08-06 13:30:27+00:00,10.37,125.49,54,2.7,009 km N 58° W of Tubajon (Dinagat Islands),Ms,TECTONIC
1354,2025-08-06 13:27:32+00:00,17.88,120.68,12,1.8,005 km S 24° E of Nueva Era (Ilocos Norte),Ms,TECTONIC
1355,2025-08-06 13:01:16+00:00,7.69,126.6,24,2.1,013 km N 18° E of Baganga (Davao Oriental),Ms,TECTONIC
1356,2025-08-06 12:57:00+00:00,10.34,125.28,3,2.1,004 km S 62° E of Hinundayan (Southern Leyte),Ms,TECTONIC
1357,2025-08-06 12:27:41+00:00,8.86,125.6,116,2.0,011 km N 68° W of Sibagat (Agusan Del Sur),Ms,TECTONIC
1358,2025-08-06 12:26:17+00:00,12.8,121.27,43,1.4,022 km S 70° W of Bansud (Oriental Mindoro),Ms,TECTONIC
1359,2025-08-06 12:25:15+00:00,7.55,124.46,2,2.8,010 km N 67° E of Buldon (Maguindanao Del Norte),Ms,TECTONIC
1360,2025-08-06 12:15:21+00:00,7.76,126.27,44,1.9,017 km S 43° W of Boston (Davao Oriental),Ms,TECTONIC
1361,2025-08-06 11:58:24+00:00,15.01,122.59,1,2.0,044 km N 38° E of Jomalig (Quezon),Ms,TECTONIC
1362,2025-08-06 09:25:25+00:00,6.31,125.76,140,2.7,014 km N 30° E of Don Marcelino (Davao Occidental),Ms,TECTONIC
1363,2025-08-06 09:00:46+00:00,11.7,125.23,24,2.4,018 km N 89° E of Hinabangan (Samar),Ms,TECTONIC
1364,2025-08-06 05:12:33+00:00,18.19,120.49,23,2.2,010 km S 87° W of City Of Laoag (Ilocos Norte),Ms,TECTONIC
1365,2025-08-06 04:54:20+00:00,8.29,126.52,33,1.6,021 km S 67° E of Hinatuan (Surigao Del Sur),Ms,TECTONIC
1366,2025-08-06 04:40:09+00:00,9.78,125.66,119,2.2,012 km N 40° E of Taganaan (Surigao Del Norte),Ms,TECTONIC
1367,2025-08-06 04:32:10+00:00,8.28,125.98,2,2.6,011 km N 11° W of Bunawan (Agusan Del Sur),Ms,TECTONIC
1368,2025-08-06 04:30:22+00:00,8.09,126.88,14,2.8,052 km N 84° E of Lingig (Surigao Del Sur),Ms,TECTONIC
1369,2025-08-06 04:29:04+00:00,7.84,125.93,6,2.0,014 km N 85° W of Monkayo (Davao De Oro),Ms,TECTONIC
1370,2025-08-06 04:18:10+00:00,7.81,125.93,4,2.0,013 km S 83° W of Monkayo (Davao De Oro),Ms,TECTONIC
1371,2025-08-06 04:12:55+00:00,7.76,125.95,6,3.0,007 km N 32° W of Montevista (Davao De Oro),Ms,TECTONIC
1372,2025-08-06 03:22:09+00:00,16.49,120.79,32,1.5,004 km S 81° W of Bokod (Benguet),Ms,TECTONIC
1373,2025-08-06 02:18:58+00:00,9.09,126.4,22,1.6,018 km N 44° E of Bayabas (Surigao Del Sur),Ms,TECTONIC
1374,2025-08-06 00:39:18+00:00,10.76,122.37,15,2.1,003 km S 46° W of Leon (Iloilo),Ms,TECTONIC
1375,2025-08-06 00:32:28+00:00,9.3,123.18,7,3.0,008 km N 74° W of Valencia (Negros Oriental),Ms,TECTONIC
1376,2025-08-05 20:27:12+00:00,8.67,126.43,24,2.5,020 km S 46° E of Marihatag (Surigao Del Sur),Ms,TECTONIC
1377,2025-08-05 20:07:12+00:00,10.97,122.15,19,2.7,004 km S 23° E of Valderrama (Antique),Ms,TECTONIC
1378,2025-08-05 19:49:49+00:00,5.9,127.44,15,2.3,168 km S 41° E of Tarragona (Davao Oriental),Ms,TECTONIC
1379,2025-08-05 19:43:55+00:00,13.52,120.85,14,2.1,012 km N 79° W of Puerto Galera (Oriental Mindoro),Ms,TECTONIC
1380,2025-08-05 19:35:52+00:00,7.79,126.3,27,2.0,012 km S 44° W of Boston (Davao Oriental),Ms,TECTONIC
1381,2025-08-05 19:32:27+00:00,12.42,124.93,29,1.8,014 km N 39° E of Silvino Lobos (Northern Samar),Ms,TECTONIC
1382,2025-08-05 18:58:08+00:00,5.15,127.67,58,3.3,247 km S 81° E of Sarangani Island (Municipality Of Sarangani) (Davao Occidental),Ms,TECTONIC
1383,2025-08-05 18:41:50+00:00,17.93,122.51,23,2.3,065 km S 56° E of Gonzaga (Cagayan),Ms,TECTONIC
1384,2025-08-05 18:16:22+00:00,5.87,124.69,24,1.9,015 km S 28° E of Kiamba (Sarangani),Ms,TECTONIC
1385,2025-08-05 17:51:35+00:00,17.95,120.84,4,1.8,017 km S 23° E of Solsona (Ilocos Norte),Ms,TECTONIC
1386,2025-08-05 17:46:30+00:00,13.72,122.86,2,2.9,009 km S 37° W of Lupi (Camarines Sur),Ms,TECTONIC
1387,2025-08-05 16:26:28+00:00,7.08,123.74,31,1.7,031 km N 88° W of Datu Blah T. Sinsuat (Maguindanao Del Norte),Ms,TECTONIC
1388,2025-08-05 15:59:11+00:00,15.73,121.82,5,2.5,027 km S 84° E of Baler (Aurora),Ms,TECTONIC
1389,2025-08-05 15:32:22+00:00,7.99,122.47,29,2.4,008 km N 80° E of Gutalac (Zamboanga Del Norte),Ms,TECTONIC
1390,2025-08-05 15:14:16+00:00,15.14,122.8,2,2.3,070 km N 46° E of Jomalig (Quezon),Ms,TECTONIC
1391,2025-08-05 14:57:06+00:00,15.95,120.02,16,2.3,015 km S 74° E of Dasol (Pangasinan),Ms,TECTONIC
1392,2025-08-05 14:53:06+00:00,15.07,121.98,2,2.4,026 km N 03° E of Burdeos (Quezon),Ms,TECTONIC
1393,2025-08-05 14:25:17+00:00,15.8,120.35,123,2.4,003 km S 28° E of Urbiztondo (Pangasinan),Ms,TECTONIC
1394,2025-08-05 13:42:53+00:00,13.66,122.84,2,2.1,019 km S 16° E of Ragay (Camarines Sur),Ms,TECTONIC
1395,2025-08-05 13:17:05+00:00,10.24,123.15,33,1.7,009 km S 67° E of Moises Padilla (Negros Occidental),Ms,TECTONIC
1396,2025-08-05 12:25:08+00:00,7.22,123.46,35,1.7,028 km S 12° E of Tabina (Zamboanga Del Sur),Ms,TECTONIC
1397,2025-08-05 12:19:35+00:00,16.56,119.7,31,1.4,028 km N 48° W of Bolinao (Pangasinan),Ms,TECTONIC
1398,2025-08-05 11:54:05+00:00,7.48,124.33,27,2.2,006 km S 52° W of Buldon (Maguindanao Del Norte),Ms,TECTONIC
1399,2025-08-05 07:54:25+00:00,11.28,125.49,22,2.8,006 km N 52° W of General Macarthur (Eastern Samar),Ms,TECTONIC
1400,2025-08-05 07:51:30+00:00,10.07,125.35,12,2.4,018 km N 38° E of Pintuyan (Southern Leyte),Ms,TECTONIC
1401,2025-08-05 07:18:58+00:00,13.71,122.9,1,2.0,010 km S 57° W of Sipocot (Camarines Sur),Ms,TECTONIC
1402,2025-08-05 02:54:43+00:00,9.9,124.17,34,1.8,007 km S 44° W of Danao (Bohol),Ms,TECTONIC
1403,2025-08-05 01:53:29+00:00,10.19,125.9,8,1.7,025 km N 39° W of Santa Monica (Surigao Del Norte),Ms,TECTONIC
1404,2025-08-05 01:39:33+00:00,13.67,120.88,3,1.9,002 km N 23° E of Tingloy (Batangas),Ms,TECTONIC
1405,2025-08-05 01:11:02+00:00,13.51,120.17,33,1.3,025 km S 21° W of Looc (Occidental Mindoro),Ms,TECTONIC
1406,2025-08-05 00:54:24+00:00,13.93,120.46,197,2.7,022 km N 60° W of Calatagan (Batangas),Ms,TECTONIC
1407,2025-08-05 00:50:38+00:00,14.25,120.31,25,1.5,029 km S 43° W of Mariveles (Bataan),Ms,TECTONIC
1408,2025-08-04 21:43:09+00:00,13.46,120.28,32,2.9,021 km N 77° W of Paluan (Occidental Mindoro),Ms,TECTONIC
1409,2025-08-04 21:11:38+00:00,11.38,121.85,11,2.4,023 km N 63° W of Tibiao (Antique),Ms,TECTONIC
1410,2025-08-04 21:01:18+00:00,9.2,121.93,29,2.4,074 km S 53° W of Hinoba-an (Negros Occidental),Ms,TECTONIC
1411,2025-08-04 20:44:03+00:00,8.86,126.47,23,2.3,020 km S 70° E of Cagwait (Surigao Del Sur),Ms,TECTONIC
1412,2025-08-04 20:35:06+00:00,13.46,120.64,33,1.4,010 km N 82° W of Abra De Ilog (Occidental Mindoro),Ms,TECTONIC
1413,2025-08-04 20:21:35+00:00,13.7,122.7,33,1.7,017 km S 34° W of Ragay (Camarines Sur),Ms,TECTONIC
1414,2025-08-04 20:20:02+00:00,13.69,122.86,5,1.8,012 km S 26° W of Lupi (Camarines Sur),Ms,TECTONIC
1415,2025-08-04 20:16:23+00:00,13.73,120.61,90,1.8,012 km S 10° W of Calatagan (Batangas),Ms,TECTONIC
1416,2025-08-04 20:15:52+00:00,7.84,122.86,28,2.4,012 km N 68° E of Kabasalan (Zamboanga Sibugay),Ms,TECTONIC
1417,2025-08-04 20:15:18+00:00,13.56,120.87,11,1.3,011 km S 02° W of Tingloy (Batangas),Ms,TECTONIC
1418,2025-08-04 19:48:56+00:00,17.71,121.07,21,2.1,015 km N 68° E of Lacub (Abra),Ms,TECTONIC
1419,2025-08-04 19:47:23+00:00,10.63,125.5,9,2.4,027 km S 64° W of Homonhon Island (Guiuan) (Eastern Samar),Ms,TECTONIC
1420,2025-08-04 19:41:59+00:00,7.18,126.86,23,2.2,036 km S 84° E of Manay (Davao Oriental),Ms,TECTONIC
1421,2025-08-04 19:26:30+00:00,11.4,121.83,8,3.6,026 km N 62° W of Tibiao (Antique),Ms,TECTONIC
1422,2025-08-04 19:19:40+00:00,11.38,121.87,1,2.8,020 km N 62° W of Tibiao (Antique),Ms,TECTONIC
1423,2025-08-04 19:17:18+00:00,11.34,121.96,28,1.3,010 km N 55° W of Tibiao (Antique),Ms,TECTONIC
1424,2025-08-04 19:14:37+00:00,7.32,127.03,23,2.2,051 km S 89° E of Caraga (Davao Oriental),Ms,TECTONIC
1425,2025-08-04 19:13:55+00:00,7.43,126.92,1,1.4,041 km N 74° E of Caraga (Davao Oriental),Ms,TECTONIC
1426,2025-08-04 18:55:17+00:00,11.42,121.86,5,1.7,024 km N 54° W of Tibiao (Antique),Ms,TECTONIC
1427,2025-08-04 18:53:26+00:00,11.32,121.91,31,1.4,014 km N 76° W of Tibiao (Antique),Ms,TECTONIC
1428,2025-08-04 18:50:54+00:00,11.32,121.8,10,1.4,026 km N 83° W of Tibiao (Antique),Ms,TECTONIC
1429,2025-08-04 18:50:18+00:00,12.55,124.55,32,1.4,002 km N 32° W of Bobon (Northern Samar),Ms,TECTONIC
1430,2025-08-04 18:42:15+00:00,8.75,125.99,12,1.7,018 km N 25° E of Prosperidad (Agusan Del Sur),Ms,TECTONIC
1431,2025-08-04 18:40:02+00:00,11.37,121.83,5,4.2,024 km N 68° W of Tibiao (Antique),Ms,TECTONIC
1432,2025-08-04 18:34:47+00:00,19.58,121.95,25,2.3,009 km N 24° E of Babuyan Island (Calayan) (Cagayan),Ms,TECTONIC
1433,2025-08-04 18:16:45+00:00,6.29,127.13,10,2.2,113 km S 42° E of Tarragona (Davao Oriental),Ms,TECTONIC
1434,2025-08-04 17:09:44+00:00,4.23,126.1,83,3.8,151 km S 30° E of Balut Island (Municipality Of Sarangani) (Davao Occidental),Ms,TECTONIC
1435,2025-08-04 16:25:56+00:00,6.07,125.67,126,2.5,014 km S 10° W of Don Marcelino (Davao Occidental),Ms,TECTONIC
1436,2025-08-04 16:21:26+00:00,1.96,125.87,69,3.9,385 km S 07° E of Balut Island (Municipality Of Sarangani) (Davao Occidental),Ms,TECTONIC
1437,2025-08-04 16:12:21+00:00,13.84,120.57,61,1.5,007 km N 85° W of Calatagan (Batangas),Ms,TECTONIC
1438,2025-08-04 16:03:19+00:00,8.01,126.62,20,1.5,023 km S 82° E of Lingig (Surigao Del Sur),Ms,TECTONIC
1439,2025-08-04 15:51:14+00:00,13.26,123.32,7,2.0,010 km S 53° E of Balatan (Camarines Sur),Ms,TECTONIC
1440,2025-08-04 15:22:56+00:00,18.47,121.15,12,1.5,013 km S 42° W of Sanchez-mira (Cagayan),Ms,TECTONIC
1441,2025-08-04 15:17:50+00:00,10.76,124.92,32,1.9,004 km S 21° W of Javier (Leyte),Ms,TECTONIC
1442,2025-08-04 15:02:21+00:00,13.85,120.56,63,1.5,008 km N 77° W of Calatagan (Batangas),Ms,TECTONIC
1443,2025-08-04 14:58:23+00:00,16.82,120.13,27,1.3,026 km N 65° W of Bacnotan (La Union),Ms,TECTONIC
1444,2025-08-04 14:48:20+00:00,16.83,118.94,40,2.6,112 km N 65° W of Bolinao (Pangasinan),Ms,TECTONIC
1445,2025-08-04 14:29:29+00:00,8.7,125.86,15,2.0,012 km S 83° E of City Of Bayugan (Agusan Del Sur),Ms,TECTONIC
1446,2025-08-04 14:09:19+00:00,9.5,125.62,32,1.7,007 km N 51° E of Alegria (Surigao Del Norte),Ms,TECTONIC
1447,2025-08-04 13:44:00+00:00,13.37,125.73,29,3.6,112 km N 27° E of Mapanas (Northern Samar),Ms,TECTONIC
1448,2025-08-04 13:39:02+00:00,6.31,126.75,53,2.3,083 km S 63° E of Governor Generoso (Davao Oriental),Ms,TECTONIC
1449,2025-08-04 11:18:11+00:00,7.85,126.83,17,1.5,042 km N 44° E of Baganga (Davao Oriental),Ms,TECTONIC
1450,2025-08-04 11:09:00+00:00,9.56,126.16,20,2.6,023 km S 73° E of Socorro (Surigao Del Norte),Ms,TECTONIC
1451,2025-08-04 10:46:03+00:00,13.76,122.87,5,2.1,005 km S 54° W of Lupi (Camarines Sur),Ms,TECTONIC
1452,2025-08-04 10:44:47+00:00,11.26,124.59,8,2.4,006 km S 59° W of Capoocan (Leyte),Ms,TECTONIC
1453,2025-08-04 10:28:12+00:00,13.19,123.67,9,2.8,002 km N 58° E of Camalig (Albay),Ml,VOLCANO-TECTONIC
1454,2025-08-04 10:05:17+00:00,12.53,126.2,32,3.8,084 km N 63° E of San Policarpo (Eastern Samar),Ms,TECTONIC
1455,2025-08-04 10:04:40+00:00,7.93,126.96,2,2.8,058 km N 75° E of Cateel (Davao Oriental),Ms,TECTONIC
1456,2025-08-04 09:55:20+00:00,8.34,124.63,19,2.4,007 km N 65° W of Baungon (Bukidnon),Ms,TECTONIC
1457,2025-08-04 08:29:36+00:00,9.43,125.9,4,2.0,008 km N 38° W of Carrascal (Surigao Del Sur),Ms,TECTONIC
1458,2025-08-04 08:19:23+00:00,9.03,126.04,31,1.7,009 km N 02° W of San Miguel (Surigao Del Sur),Ms,TECTONIC
1459,2025-08-04 08:14:31+00:00,11.91,124.07,3,3.5,004 km N 40° E of Pio V. Corpus (Masbate),Ms,TECTONIC
1460,2025-08-04 07:51:31+00:00,13.52,120.84,2,1.7,013 km N 84° W of Puerto Galera (Oriental Mindoro),Ms,TECTONIC
1461,2025-08-04 07:39:54+00:00,9.55,125.46,2,2.7,007 km N 84° W of Mainit (Surigao Del Norte),Ms,TECTONIC
1462,2025-08-04 07:32:24+00:00,8.12,126.84,12,3.3,048 km N 79° E of Lingig (Surigao Del Sur),Ms,TECTONIC
1463,2025-08-04 06:41:43+00:00,13.54,120.78,3,1.6,017 km S 36° W of Tingloy (Batangas),Ms,TECTONIC
1464,2025-08-04 06:14:25+00:00,8.93,126.06,32,1.6,003 km S 51° E of San Miguel (Surigao Del Sur),Ms,TECTONIC
1465,2025-08-04 06:00:13+00:00,13.72,122.83,5,2.3,012 km S 46° W of Lupi (Camarines Sur),Ms,TECTONIC
1466,2025-08-04 05:25:03+00:00,9.66,126.35,33,1.4,025 km S 57° E of General Luna (Surigao Del Norte),Ms,TECTONIC
1467,2025-08-04 05:15:30+00:00,9.64,126.09,15,2.9,017 km S 24° W of General Luna (Surigao Del Norte),Ms,TECTONIC
1468,2025-08-04 04:28:32+00:00,7.12,125.89,5,2.2,001 km S 27° W of Pantukan (Davao De Oro),Ms,TECTONIC
1469,2025-08-04 04:08:48+00:00,8.22,126.83,13,2.7,050 km N 67° E of Lingig (Surigao Del Sur),Ms,TECTONIC
1470,2025-08-04 04:05:38+00:00,8.35,127.05,13,3.0,078 km S 89° E of Hinatuan (Surigao Del Sur),Ms,TECTONIC
1471,2025-08-04 03:43:44+00:00,8.36,126.84,2,2.5,055 km East of Hinatuan (Surigao Del Sur),Ms,TECTONIC
1472,2025-08-04 03:35:40+00:00,9.75,125.41,18,2.5,003 km S 20° W of San Francisco (Surigao Del Norte),Ms,TECTONIC
1473,2025-08-04 03:35:01+00:00,18.0,119.96,10,2.4,055 km N 82° W of Badoc (Ilocos Norte),Ms,TECTONIC
1474,2025-08-04 01:24:46+00:00,13.62,120.33,8,2.9,015 km S 38° E of Looc (Occidental Mindoro),Ms,TECTONIC
1475,2025-08-04 01:03:09+00:00,15.9,120.95,32,1.5,006 km N 67° E of Lupao (Nueva Ecija),Ms,TECTONIC
1476,2025-08-04 00:47:04+00:00,9.49,126.55,25,2.2,046 km N 59° E of Cortes (Surigao Del Sur),Ms,TECTONIC
1477,2025-08-04 00:43:31+00:00,9.45,126.12,16,3.6,021 km N 22° W of Cortes (Surigao Del Sur),Ms,TECTONIC
1478,2025-08-03 21:29:16+00:00,13.74,120.57,86,1.8,012 km S 35° W of Calatagan (Batangas),Ms,TECTONIC
1479,2025-08-03 21:20:12+00:00,10.43,122.34,8,2.9,025 km S 63° W of Nueva Valencia (Guimaras),Ms,TECTONIC
1480,2025-08-03 21:10:51+00:00,13.67,120.63,104,2.1,018 km S 01° W of Calatagan (Batangas),Ms,TECTONIC
1481,2025-08-03 21:05:22+00:00,10.15,125.95,13,2.0,017 km N 35° W of Santa Monica (Surigao Del Norte),Ms,TECTONIC
1482,2025-08-03 20:32:10+00:00,10.36,125.69,137,2.7,012 km S 89° E of Loreto (Dinagat Islands),Ms,TECTONIC
1483,2025-08-03 20:30:34+00:00,10.44,126.25,7,2.3,050 km N 23° E of Burgos (Surigao Del Norte),Ms,TECTONIC
1484,2025-08-03 20:21:51+00:00,11.9,125.48,9,2.7,007 km S 83° E of Taft (Eastern Samar),Ms,TECTONIC
1485,2025-08-03 19:39:59+00:00,10.36,125.16,2,2.2,006 km S 50° W of Hinunangan (Southern Leyte),Ms,TECTONIC
1486,2025-08-03 19:33:50+00:00,8.17,127.4,48,2.4,110 km N 83° E of Lingig (Surigao Del Sur),Ms,TECTONIC
1487,2025-08-03 19:13:47+00:00,11.38,125.49,17,2.1,008 km S 61° W of Llorente (Eastern Samar),Ms,TECTONIC
1488,2025-08-03 19:09:38+00:00,8.3,126.66,28,2.2,037 km S 79° E of Hinatuan (Surigao Del Sur),Ms,TECTONIC
1489,2025-08-03 19:04:25+00:00,8.79,126.68,7,3.7,042 km S 88° E of Marihatag (Surigao Del Sur),Ms,TECTONIC
1490,2025-08-03 19:04:20+00:00,8.02,126.26,23,1.9,017 km S 83° W of Lingig (Surigao Del Sur),Ms,TECTONIC
1491,2025-08-03 18:57:05+00:00,6.63,123.73,19,2.5,036 km N 76° W of Kalamansig (Sultan Kudarat),Ms,TECTONIC
1492,2025-08-03 18:31:53+00:00,11.77,125.94,16,3.5,053 km N 89° E of San Julian (Eastern Samar),Ms,TECTONIC
1493,2025-08-03 18:25:47+00:00,8.2,127.27,20,2.2,097 km N 79° E of Lingig (Surigao Del Sur),Ms,TECTONIC
1494,2025-08-03 18:06:40+00:00,14.07,120.41,114,2.2,024 km S 90° W of Nasugbu (Batangas),Ms,TECTONIC
1495,2025-08-03 17:59:07+00:00,7.82,126.41,33,1.6,006 km N 50° W of Cateel (Davao Oriental),Ms,TECTONIC
1496,2025-08-03 17:45:38+00:00,12.45,120.64,32,1.8,035 km S 67° W of Calintaan (Occidental Mindoro),Ms,TECTONIC
1497,2025-08-03 17:40:04+00:00,9.23,126.45,24,1.9,029 km S 80° E of Cortes (Surigao Del Sur),Ms,TECTONIC
1498,2025-08-03 17:17:56+00:00,8.93,126.54,13,1.5,026 km N 87° E of Cagwait (Surigao Del Sur),Ms,TECTONIC
1499,2025-08-03 16:54:59+00:00,13.42,120.29,33,1.7,019 km N 89° W of Paluan (Occidental Mindoro),Ms,TECTONIC
1500,2025-08-03 16:36:50+00:00,8.73,125.73,8,2.5,003 km N 55° W of City Of Bayugan (Agusan Del Sur),Ms,TECTONIC
1501,2025-08-03 16:29:12+00:00,15.05,119.92,17,2.3,016 km S 85° W of San Felipe (Zambales),Ms,TECTONIC
1502,2025-08-03 16:06:53+00:00,10.06,126.13,25,3.4,008 km N 58° E of Burgos (Surigao Del Norte),Ms,TECTONIC
1503,2025-08-03 16:05:02+00:00,5.37,126.55,26,3.1,117 km S 59° E of Jose Abad Santos (Davao Occidental),Ms,TECTONIC
1504,2025-08-03 15:44:13+00:00,8.75,126.58,24,2.1,031 km S 80° E of Marihatag (Surigao Del Sur),Ms,TECTONIC
1505,2025-08-03 15:29:11+00:00,16.11,120.09,33,1.5,005 km N 10° W of Sual (Pangasinan),Ms,TECTONIC
1506,2025-08-03 14:58:28+00:00,17.9,121.23,34,2.0,014 km S 19° E of Kabugao (Apayao),Ms,TECTONIC
1507,2025-08-03 14:53:59+00:00,15.25,122.43,29,1.8,059 km N 22° E of Patnanungan (Quezon),Ms,TECTONIC
1508,2025-08-03 14:37:40+00:00,9.02,126.51,25,2.3,025 km N 78° E of Bayabas (Surigao Del Sur),Ms,TECTONIC
1509,2025-08-03 14:29:03+00:00,8.58,126.36,27,2.2,023 km S 39° E of San Agustin (Surigao Del Sur),Ms,TECTONIC
1510,2025-08-03 14:16:47+00:00,5.84,125.92,142,2.5,031 km S 76° E of Jose Abad Santos (Davao Occidental),Ms,TECTONIC
1511,2025-08-03 13:58:15+00:00,10.46,123.09,3,1.9,016 km N 59° W of City Of Canlaon (Negros Oriental),Ms,VOLCANO-TECTONIC
1512,2025-08-03 13:49:02+00:00,10.46,123.08,6,2.7,016 km S 15° E of Murcia (Negros Occidental),Ms,VOLCANO-TECTONIC
1513,2025-08-03 13:26:50+00:00,9.04,126.45,32,1.9,020 km N 66° E of Bayabas (Surigao Del Sur),Ms,TECTONIC
1514,2025-08-03 13:14:51+00:00,5.97,126.08,21,3.0,049 km N 83° E of Jose Abad Santos (Davao Occidental),Ms,TECTONIC
1515,2025-08-03 12:54:13+00:00,6.95,126.24,29,3.1,003 km S 80° E of City Of Mati (Davao Oriental),Ms,TECTONIC
1516,2025-08-03 12:49:04+00:00,8.66,127.07,1,2.2,087 km N 68° E of Hinatuan (Surigao Del Sur),Ms,TECTONIC
1517,2025-08-03 12:30:49+00:00,12.88,124.97,8,2.4,034 km N 07° W of Laoang (Northern Samar),Ms,TECTONIC
1518,2025-08-03 12:30:45+00:00,6.63,126.75,25,2.6,057 km S 36° E of Tarragona (Davao Oriental),Ms,TECTONIC
1519,2025-08-03 11:35:34+00:00,13.68,120.56,80,2.6,019 km S 24° W of Calatagan (Batangas),Ms,TECTONIC
1520,2025-08-03 11:15:21+00:00,8.08,126.42,28,1.5,004 km N 11° E of Lingig (Surigao Del Sur),Ms,TECTONIC
1521,2025-08-03 10:01:58+00:00,8.52,126.7,2,2.2,044 km N 67° E of Hinatuan (Surigao Del Sur),Ms,TECTONIC
1522,2025-08-03 10:00:29+00:00,19.8,121.93,32,2.7,032 km N 02° E of Babuyan Island (Calayan) (Cagayan),Ms,TECTONIC
1523,2025-08-03 07:57:43+00:00,3.2,126.75,75,3.5,286 km S 31° E of Balut Island (Municipality Of Sarangani) (Davao Occidental),Ms,TECTONIC
1524,2025-08-03 07:56:19+00:00,5.29,126.75,118,2.9,140 km S 60° E of Jose Abad Santos (Davao Occidental),Ms,TECTONIC
1525,2025-08-03 07:55:07+00:00,5.52,126.18,82,2.3,073 km S 54° E of Jose Abad Santos (Davao Occidental),Ms,TECTONIC
1526,2025-08-03 06:08:27+00:00,7.98,122.98,25,2.0,016 km S 83° E of Godod (Zamboanga Del Norte),Ms,TECTONIC
1527,2025-08-03 05:28:24+00:00,7.84,126.83,16,1.9,042 km N 45° E of Baganga (Davao Oriental),Ms,TECTONIC
1528,2025-08-03 05:26:42+00:00,7.38,125.77,20,2.3,007 km N 70° E of Carmen (Davao Del Norte),Ms,TECTONIC
1529,2025-08-03 04:25:37+00:00,9.71,123.83,32,1.8,004 km S 16° W of Maribojoc (Bohol),Ms,TECTONIC
1530,2025-08-03 04:21:44+00:00,11.32,126.92,21,2.8,134 km N 76° E of Guiuan (Eastern Samar),Ms,TECTONIC
1531,2025-08-03 03:39:22+00:00,7.8,126.98,15,2.7,052 km N 62° E of Baganga (Davao Oriental),Ms,TECTONIC
1532,2025-08-03 02:59:04+00:00,13.6,120.71,107,1.5,018 km N 05° W of Abra De Ilog (Occidental Mindoro),Ms,TECTONIC
1533,2025-08-03 01:47:43+00:00,9.83,126.6,16,1.9,049 km N 84° E of General Luna (Surigao Del Norte),Ms,TECTONIC
1534,2025-08-03 01:34:26+00:00,11.8,126.22,16,2.5,083 km N 52° E of Hernani (Eastern Samar),Ms,TECTONIC
1535,2025-08-03 01:30:51+00:00,5.27,126.99,14,3.1,161 km S 65° E of Jose Abad Santos (Davao Occidental),Ms,TECTONIC
1536,2025-08-03 01:24:15+00:00,13.48,121.26,5,1.9,014 km N 37° E of City Of Calapan (Oriental Mindoro),Ms,TECTONIC
1537,2025-08-03 00:57:30+00:00,8.86,126.5,29,2.2,023 km S 74° E of Cagwait (Surigao Del Sur),Ms,TECTONIC
1538,2025-08-03 00:43:15+00:00,10.32,126.23,7,2.5,038 km N 27° E of Burgos (Surigao Del Norte),Ms,TECTONIC
1539,2025-08-02 23:53:33+00:00,6.62,126.84,16,2.6,064 km S 43° E of Tarragona (Davao Oriental),Ms,TECTONIC
1540,2025-08-02 22:26:29+00:00,7.79,126.78,8,2.0,034 km N 45° E of Baganga (Davao Oriental),Ms,TECTONIC
1541,2025-08-02 22:26:01+00:00,7.82,126.88,14,2.2,045 km N 52° E of Baganga (Davao Oriental),Ms,TECTONIC
1542,2025-08-02 21:57:16+00:00,11.01,123.92,9,2.3,008 km S 56° W of City Of Bogo (Cebu),Ms,TECTONIC
1543,2025-08-02 21:43:04+00:00,13.53,120.89,4,2.3,008 km N 68° W of Puerto Galera (Oriental Mindoro),Ms,TECTONIC
1544,2025-08-02 21:42:59+00:00,19.15,121.05,2,3.6,017 km N 72° W of Dalupiri Island (Calayan) (Cagayan),Ms,TECTONIC
1545,2025-08-02 20:47:24+00:00,8.96,125.71,11,2.0,016 km N 06° E of Sibagat (Agusan Del Sur),Ms,TECTONIC
1546,2025-08-02 20:30:47+00:00,7.56,126.56,23,1.8,002 km S 09° W of Baganga (Davao Oriental),Ms,TECTONIC
1547,2025-08-02 20:00:25+00:00,15.16,119.06,23,2.4,096 km S 72° W of Palauig (Zambales),Ms,TECTONIC
1548,2025-08-02 18:55:52+00:00,7.37,124.82,18,2.3,018 km S 47° W of Damulog (Bukidnon),Ms,TECTONIC
1549,2025-08-02 18:33:59+00:00,8.7,126.43,22,1.3,018 km S 54° E of Marihatag (Surigao Del Sur),Ms,TECTONIC
1550,2025-08-02 18:26:26+00:00,17.24,119.15,15,2.6,123 km N 40° W of Bolinao (Pangasinan),Ms,TECTONIC
1551,2025-08-02 18:18:20+00:00,14.39,123.99,37,1.6,043 km N 27° W of Pandan (Catanduanes),Ms,TECTONIC
1552,2025-08-02 17:47:13+00:00,8.51,126.9,2,2.8,064 km N 76° E of Hinatuan (Surigao Del Sur),Ms,TECTONIC
1553,2025-08-02 17:35:52+00:00,8.46,126.82,4,2.2,054 km N 78° E of Hinatuan (Surigao Del Sur),Ms,TECTONIC
1554,2025-08-02 17:08:37+00:00,9.17,125.79,4,2.4,022 km S 62° W of Madrid (Surigao Del Sur),Ms,TECTONIC
1555,2025-08-02 16:20:58+00:00,15.29,119.81,17,2.8,019 km S 33° W of Palauig (Zambales),Ms,TECTONIC
1556,2025-08-02 15:27:40+00:00,8.64,126.66,8,2.6,046 km N 50° E of Hinatuan (Surigao Del Sur),Ms,TECTONIC
1557,2025-08-02 14:20:26+00:00,11.14,125.54,18,2.6,003 km S 39° E of Quinapondan (Eastern Samar),Ms,TECTONIC
1558,2025-08-02 13:29:03+00:00,8.23,126.92,3,2.7,060 km N 69° E of Lingig (Surigao Del Sur),Ms,TECTONIC
1559,2025-08-02 11:54:15+00:00,16.34,122.11,7,2.2,007 km N 15° W of Casiguran (Aurora),Ms,TECTONIC
1560,2025-08-02 11:52:45+00:00,16.41,122.25,9,2.1,004 km N 64° E of Dilasag (Aurora),Ms,TECTONIC
1561,2025-08-02 07:31:44+00:00,9.15,126.65,12,4.3,045 km N 64° E of Bayabas (Surigao Del Sur),Mw,TECTONIC
1562,2025-08-02 07:27:13+00:00,9.16,126.73,19,4.3,053 km N 66° E of Bayabas (Surigao Del Sur),Ms,TECTONIC
1563,2025-08-02 03:48:09+00:00,8.52,122.52,49,3.1,048 km N 21° W of Liloy (Zamboanga Del Norte),Ms,TECTONIC
1564,2025-08-02 03:46:19+00:00,8.58,122.54,8,2.9,055 km N 74° W of Jose Dalman (Zamboanga Del Norte),Ms,TECTONIC
1565,2025-08-02 02:54:06+00:00,12.04,125.52,33,1.7,004 km N 87° E of Dolores (Eastern Samar),Ms,TECTONIC
1566,2025-08-02 02:53:18+00:00,13.06,120.73,32,1.6,003 km S 15° E of Santa Cruz (Occidental Mindoro),Ms,TECTONIC
1567,2025-08-02 02:16:16+00:00,9.79,126.01,33,2.2,005 km N 51° W of Dapa (Surigao Del Norte),Ms,TECTONIC
1568,2025-08-02 01:18:53+00:00,7.24,126.57,146,2.3,004 km N 46° E of Manay (Davao Oriental),Ms,TECTONIC
1569,2025-08-02 01:08:11+00:00,14.07,120.43,71,1.4,021 km S 90° W of Nasugbu (Batangas),Ms,TECTONIC
1570,2025-08-02 00:51:31+00:00,8.43,122.36,69,2.2,044 km N 24° W of Labason (Zamboanga Del Norte),Ms,TECTONIC
1571,2025-08-02 00:16:35+00:00,20.42,120.48,96,2.6,145 km N 86° W of Sabtang (Batanes),Ms,TECTONIC
1572,2025-08-02 00:07:05+00:00,7.95,122.07,10,2.4,017 km N 29° W of Baliguian (Zamboanga Del Norte),Ms,TECTONIC
1573,2025-08-01 23:40:55+00:00,8.67,126.93,2,2.4,070 km S 79° E of Marihatag (Surigao Del Sur),Ms,TECTONIC
1574,2025-08-01 22:51:57+00:00,12.29,125.06,27,2.6,007 km S 31° E of Las Navas (Northern Samar),Ms,TECTONIC
1575,2025-08-01 22:32:28+00:00,8.68,126.79,10,3.8,056 km S 76° E of Marihatag (Surigao Del Sur),Ms,TECTONIC
1576,2025-08-01 21:30:37+00:00,8.16,121.5,83,3.2,081 km N 61° W of Baliguian (Zamboanga Del Norte),Ms,TECTONIC
1577,2025-08-01 20:59:09+00:00,8.56,122.5,31,2.4,052 km N 22° W of Liloy (Zamboanga Del Norte),Ms,TECTONIC
1578,2025-08-01 19:55:02+00:00,8.01,125.72,11,2.4,024 km S 40° W of Loreto (Agusan Del Sur),Ms,TECTONIC
1579,2025-08-01 19:49:38+00:00,11.96,125.6,27,2.3,015 km S 57° E of Dolores (Eastern Samar),Ms,TECTONIC
1580,2025-08-01 19:35:47+00:00,18.12,120.96,24,3.2,014 km S 83° E of Carasi (Ilocos Norte),Ms,TECTONIC
1581,2025-08-01 17:50:25+00:00,3.57,126.27,2,4.2,225 km S 25° E of Balut Island (Municipality Of Sarangani) (Davao Occidental),Ms,TECTONIC
1582,2025-08-01 16:40:00+00:00,16.38,122.17,4,2.4,005 km S 79° W of Dilasag (Aurora),Ms,TECTONIC
1583,2025-08-01 15:43:25+00:00,6.6,125.59,21,2.4,014 km N 65° E of Santa Maria (Davao Occidental),Ms,TECTONIC
1584,2025-08-01 15:43:53+00:00,3.02,126.43,30,3.7,288 km S 23° E of Balut Island (Municipality Of Sarangani) (Davao Occidental),Ms,TECTONIC
1585,2025-08-01 15:02:09+00:00,7.68,126.43,136,2.1,013 km S 12° W of Cateel (Davao Oriental),Ms,TECTONIC
1586,2025-08-01 14:14:27+00:00,7.04,127.12,28,2.6,067 km S 74° E of Manay (Davao Oriental),Ms,TECTONIC
1587,2025-08-01 13:46:11+00:00,10.78,122.59,20,2.3,001 km S 22° E of Leganes (Iloilo),Ms,TECTONIC
1588,2025-08-01 13:36:13+00:00,17.41,120.2,21,2.3,025 km S 51° W of Caoayan (Ilocos Sur),Ms,TECTONIC
1589,2025-08-01 12:41:25+00:00,10.09,126.13,12,2.6,010 km N 35° E of Burgos (Surigao Del Norte),Ms,TECTONIC
1590,2025-08-01 10:57:21+00:00,17.22,122.29,28,2.9,011 km S 02° W of Divilacan (Isabela),Ms,TECTONIC
1591,2025-08-01 10:00:28+00:00,13.82,120.8,4,2.7,013 km S 07° W of City Of Calaca (Batangas),ML,VOLCANO-TECTONIC
1592,2025-08-01 09:36:47+00:00,8.64,126.25,23,2.3,012 km S 12° E of San Agustin (Surigao Del Sur),Ms,TECTONIC
1593,2025-08-01 09:18:10+00:00,8.64,125.67,31,2.8,005 km S 34° E of Esperanza (Agusan Del Sur),Ms,TECTONIC
1594,2025-08-01 08:01:53+00:00,17.98,122.39,15,2.5,052 km S 53° E of Gonzaga (Cagayan),Ms,TECTONIC
1595,2025-08-01 07:10:03+00:00,13.05,121.04,28,2.0,030 km S 63° W of Victoria (Oriental Mindoro),Ms,TECTONIC
1596,2025-08-01 06:21:36+00:00,8.94,126.21,21,2.4,008 km S 66° W of Bayabas (Surigao Del Sur),Ms,TECTONIC
1597,2025-08-01 06:01:21+00:00,8.59,126.19,26,2.3,010 km N 48° E of Barobo (Surigao Del Sur),Ms,TECTONIC
1598,2025-08-01 04:52:33+00:00,5.77,125.91,177,2.9,033 km S 62° E of Jose Abad Santos (Davao Occidental),Ms,TECTONIC
1599,2025-08-01 04:51:38+00:00,8.84,126.15,34,1.7,013 km N 36° W of San Agustin (Surigao Del Sur),Ms,TECTONIC
1600,2025-08-01 03:53:00+00:00,13.44,120.07,21,3.0,036 km S 32° W of Looc (Occidental Mindoro),Ms,TECTONIC
1601,2025-08-01 03:29:32+00:00,12.45,124.64,32,1.7,006 km S 04° E of Catarman (Northern Samar),Ms,TECTONIC
1602,2025-08-01 03:20:44+00:00,12.78,124.76,25,1.7,029 km N 01° E of Mondragon (Northern Samar),Ms,TECTONIC
1603,2025-08-01 03:08:29+00:00,18.11,120.38,16,3.5,015 km N 47° W of Currimao (Ilocos Norte),Ms,TECTONIC
1604,2025-08-01 02:25:54+00:00,8.46,127.05,19,2.0,079 km N 83° E of Hinatuan (Surigao Del Sur),Ms,TECTONIC
1605,2025-08-01 01:07:33+00:00,16.49,120.86,33,1.4,003 km S 88° E of Bokod (Benguet),Ms,TECTONIC
1606,2025-08-01 00:42:54+00:00,15.46,121.64,5,1.9,028 km N 74° E of Dingalan (Aurora),Ms,TECTONIC
1607,2025-08-01 00:30:09+00:00,8.3,127.26,10,2.0,098 km N 73° E of Lingig (Surigao Del Sur),Ms,TECTONIC
1608,2025-08-01 00:15:45+00:00,8.26,127.36,29,2.5,108 km N 77° E of Lingig (Surigao Del Sur),Ms,TECTONIC
1609,2025-08-01 00:13:54+00:00,8.23,127.34,14,2.4,104 km N 78° E of Lingig (Surigao Del Sur),Ms,TECTONIC
1610,2025-08-01 00:09:50+00:00,8.28,127.48,22,3.0,120 km N 77° E of Lingig (Surigao Del Sur),Ms,TECTONIC
1611,2025-07-31 23:12:36+00:00,13.27,122.01,10,2.1,010 km S 54° W of Torrijos (Marinduque),Ms,TECTONIC
1612,2025-07-31 21:23:57+00:00,6.04,126.59,45,2.4,088 km S 40° E of Governor Generoso (Davao Oriental),Ms,TECTONIC
1613,2025-07-31 21:08:46+00:00,20.18,121.16,42,2.8,076 km S 77° W of Sabtang (Batanes),Ms,TECTONIC
1614,2025-07-31 20:52:39+00:00,18.19,120.49,31,2.3,011 km S 89° W of City Of Laoag (Ilocos Norte),Ms,TECTONIC
1615,2025-07-31 20:35:55+00:00,6.06,125.97,148,2.9,034 km S 64° E of Don Marcelino (Davao Occidental),Ms,TECTONIC
1616,2025-07-31 19:54:09+00:00,7.63,126.04,32,1.5,006 km S 48° W of Compostela (Davao De Oro),Ms,TECTONIC
1617,2025-07-31 19:53:20+00:00,18.36,120.54,16,1.6,009 km N 71° W of Pasuquin (Ilocos Norte),Ms,TECTONIC
1618,2025-07-31 19:53:09+00:00,7.62,126.06,31,1.7,006 km S 27° W of Compostela (Davao De Oro),Ms,TECTONIC
1619,2025-07-31 19:37:08+00:00,8.44,127.02,20,2.2,076 km N 84° E of Hinatuan (Surigao Del Sur),Ms,TECTONIC
1620,2025-07-31 19:35:56+00:00,8.41,127.06,23,2.1,079 km N 87° E of Hinatuan (Surigao Del Sur),Ms,TECTONIC
1621,2025-07-31 19:31:47+00:00,9.62,126.26,32,1.4,021 km S 32° E of General Luna (Surigao Del Norte),Ms,TECTONIC
1622,2025-07-31 19:03:08+00:00,13.67,120.3,7,2.1,008 km S 44° E of Looc (Occidental Mindoro),Ms,TECTONIC
1623,2025-07-31 18:55:03+00:00,10.76,125.74,16,2.3,003 km N 43° E of Homonhon Island (Guiuan) (Eastern Samar),Ms,TECTONIC
1624,2025-07-31 18:51:08+00:00,9.09,125.67,37,1.8,017 km S 61° E of Tubay (Agusan Del Norte),Ms,TECTONIC
1625,2025-07-31 17:54:02+00:00,9.16,126.3,32,2.0,017 km N 57° E of City Of Tandag (Surigao Del Sur),Ms,TECTONIC
1626,2025-07-31 17:40:18+00:00,8.71,127.01,26,1.4,078 km S 83° E of Marihatag (Surigao Del Sur),Ms,TECTONIC
1627,2025-07-31 17:31:51+00:00,8.45,127.08,9,3.4,082 km N 84° E of Hinatuan (Surigao Del Sur),Ms,TECTONIC
1628,2025-07-31 17:16:50+00:00,7.95,126.36,11,1.4,011 km S 33° W of Lingig (Surigao Del Sur),Ms,TECTONIC
1629,2025-07-31 17:02:02+00:00,10.11,125.6,86,2.8,005 km North of Basilisa (Dinagat Islands),Ms,TECTONIC
1630,2025-07-31 16:56:38+00:00,18.14,120.7,3,2.6,003 km S 26° W of Piddig (Ilocos Norte),Ms,TECTONIC
1631,2025-07-31 16:39:55+00:00,10.17,123.62,13,1.6,007 km N 21° W of City Of Carcar (Cebu),Ms,TECTONIC
