,datetime,lat,lon,depth_km,mag,location,mag_type,event_type
0,2025-02-28 15:15:46+00:00,11.3,125.9,10,2.4,031 km S 80° E of Hernani (Eastern Samar),Ms,TECTONIC
1,2025-02-28 13:56:19+00:00,6.68,126.62,23,2.4,045 km S 24° E of Tarragona (Davao Oriental),Ms,TECTONIC
2,2025-02-28 13:39:09+00:00,10.17,126.64,1,1.4,064 km N 75° E of Burgos (Surigao Del Norte),Ms,TECTONIC
3,2025-02-28 13:38:01+00:00,7.67,126.04,8,2.1,005 km S 88° W of Compostela (Davao De Oro),Ms,TECTONIC
4,2025-02-28 13:33:05+00:00,6.04,122.6,34,2.4,071 km S 45° E of Al-barka (Basilan),Ms,TECTONIC
5,2025-02-28 13:05:30+00:00,17.64,120.91,18,2.6,013 km N 56° W of Malibcong (Abra),Ms,TECTONIC
6,2025-02-28 10:55:39+00:00,14.69,125.08,30,2.7,119 km N 46° E of Bagamanoc (Catanduanes),Ms,TECTONIC
7,2025-02-28 10:16:39+00:00,9.91,122.57,27,1.7,010 km S 39° W of Cauayan (Negros Occidental),Ms,TECTONIC
8,2025-02-28 10:16:22+00:00,13.98,120.43,88,3.2,024 km S 65° W of Nasugbu (Batangas),Ms,TECTONIC
9,2025-02-28 10:07:57+00:00,9.75,122.25,22,2.1,020 km S 83° W of City Of Sipalay (Negros Occidental),Ms,TECTONIC
10,2025-02-28 10:01:38+00:00,6.72,125.16,19,2.7,003 km S 12° E of Magsaysay (Davao Del Sur),Ms,TECTONIC
11,2025-02-28 06:09:25+00:00,7.98,126.94,10,3.1,057 km N 69° E of Cateel (Davao Oriental),Ms,TECTONIC
12,2025-02-28 03:55:28+00:00,6.01,127.03,134,3.5,128 km S 56° E of Governor Generoso (Davao Oriental),Ms,TECTONIC
13,2025-02-28 03:34:14+00:00,10.7,125.4,70,1.6,036 km S 82° W of Homonhon Island (Guiuan) (Eastern Samar),Ms,TECTONIC
14,2025-02-28 03:27:09+00:00,19.92,121.49,33,4.1,061 km S 41° W of Sabtang (Batanes),Ms,TECTONIC
15,2025-02-27 22:13:21+00:00,9.54,124.16,39,1.9,008 km S 02° W of Dimiao (Bohol),Ms,TECTONIC
16,2025-02-27 21:36:20+00:00,8.07,124.78,15,1.8,027 km S 48° E of Talakag (Bukidnon),Ms,TECTONIC
17,2025-02-27 21:12:56+00:00,6.46,126.1,114,2.0,021 km S 08° E of Governor Generoso (Davao Oriental),Ms,TECTONIC
18,2025-02-27 20:51:21+00:00,15.02,120.03,33,1.6,005 km N 83° W of San Narciso (Zambales),Ms,TECTONIC
19,2025-02-27 20:41:39+00:00,7.62,124.75,33,1.6,003 km S 62° E of Wao (Lanao Del Sur),Ms,TECTONIC
20,2025-02-27 20:17:15+00:00,6.59,125.51,32,1.7,006 km N 40° E of Santa Maria (Davao Occidental),Ms,TECTONIC
21,2025-02-27 20:15:22+00:00,6.64,125.59,28,1.8,016 km N 51° E of Santa Maria (Davao Occidental),Ms,TECTONIC
22,2025-02-27 19:53:55+00:00,9.28,126.22,12,2.1,003 km East of Cortes (Surigao Del Sur),Ms,TECTONIC
23,2025-02-27 19:50:18+00:00,15.52,119.98,22,2.4,002 km S 67° E of Masinloc (Zambales),Ms,TECTONIC
24,2025-02-27 19:24:09+00:00,17.23,120.66,21,3.3,008 km S 64° W of Tubo (Abra),Ms,TECTONIC
25,2025-02-27 19:22:05+00:00,9.3,126.55,16,2.9,039 km N 86° E of Cortes (Surigao Del Sur),Ms,TECTONIC
26,2025-02-27 19:11:50+00:00,7.51,123.85,32,1.6,025 km S 70° W of Malabang (Lanao Del Sur),Ms,TECTONIC
27,2025-02-27 19:05:42+00:00,13.66,120.65,104,2.3,020 km S 06° E of Calatagan (Batangas),Ms,TECTONIC
28,2025-02-27 18:56:23+00:00,7.45,123.88,21,2.6,021 km N 55° W of Bongo Island (Parang) (Maguindanao Del Norte),Ms,TECTONIC
29,2025-02-27 18:47:38+00:00,7.38,125.88,22,2.2,002 km N 75° E of Maco (Davao De Oro),Ms,TECTONIC
30,2025-02-27 18:32:55+00:00,11.63,124.37,33,2.1,002 km N 50° W of Almeria (Biliran),Ms,TECTONIC
31,2025-02-27 17:58:47+00:00,6.95,127.05,12,3.3,064 km S 63° E of Manay (Davao Oriental),Ms,TECTONIC
32,2025-02-27 16:16:57+00:00,9.66,123.62,37,1.7,013 km S 68° E of Alcoy (Cebu),Ms,TECTONIC
33,2025-02-27 16:02:54+00:00,16.33,119.82,25,2.6,010 km S 49° W of Bolinao (Pangasinan),Ms,TECTONIC
34,2025-02-27 15:30:46+00:00,3.52,127.27,44,4.7,293 km S 44° E of Balut Island (Municipality Of Sarangani) (Davao Occidental),Ms,TECTONIC
35,2025-02-27 15:24:08+00:00,13.51,120.29,12,1.7,024 km S 09° E of Looc (Occidental Mindoro),Ms,TECTONIC
36,2025-02-27 14:17:00+00:00,13.55,120.68,9,2.2,012 km N 23° W of Abra De Ilog (Occidental Mindoro),Ms,TECTONIC
37,2025-02-27 14:06:51+00:00,7.32,125.88,29,2.1,003 km N 63° E of Mabini (Davao De Oro),Ms,TECTONIC
38,2025-02-27 13:53:46+00:00,13.52,120.68,5,3.3,010 km N 30° W of Abra De Ilog (Occidental Mindoro),Ms,TECTONIC
39,2025-02-27 12:39:56+00:00,4.51,125.91,141,3.2,113 km S 28° E of Balut Island (Municipality Of Sarangani) (Davao Occidental),Ms,TECTONIC
40,2025-02-27 12:31:09+00:00,11.87,124.16,3,2.6,012 km S 84° E of Pio V. Corpus (Masbate),Ms,TECTONIC
41,2025-02-27 10:09:41+00:00,5.42,126.83,109,2.9,142 km S 67° E of Jose Abad Santos (Davao Occidental),Ms,TECTONIC
42,2025-02-27 08:54:53+00:00,8.88,126.26,30,1.6,006 km S 42° W of Cagwait (Surigao Del Sur),Ms,TECTONIC
43,2025-02-27 07:17:01+00:00,13.55,120.4,31,2.2,017 km N 25° W of Paluan (Occidental Mindoro),Ms,TECTONIC
44,2025-02-27 05:51:52+00:00,8.88,126.39,33,2.2,011 km S 69° E of Cagwait (Surigao Del Sur),Ms,TECTONIC
45,2025-02-27 04:38:08+00:00,8.01,127.01,21,2.6,069 km N 46° E of Baganga (Davao Oriental),Ms,TECTONIC
46,2025-02-27 01:12:41+00:00,9.98,122.53,32,1.7,010 km N 88° W of Cauayan (Negros Occidental),Ms,TECTONIC
47,2025-02-26 23:52:37+00:00,9.61,126.25,22,1.3,022 km S 28° E of General Luna (Surigao Del Norte),Ms,TECTONIC
48,2025-02-26 22:40:48+00:00,6.14,125.84,22,2.8,033 km N 40° E of Jose Abad Santos (Davao Occidental),Ms,TECTONIC
49,2025-02-26 18:24:08+00:00,10.05,124.22,1,2.8,011 km N 01° W of Danao (Bohol),Ms,TECTONIC
50,2025-02-26 17:41:38+00:00,4.81,127.5,96,4.1,237 km S 72° E of Sarangani Island (Municipality Of Sarangani) (Davao Occidental),Ms,TECTONIC
51,2025-02-26 16:57:41+00:00,8.64,126.82,11,2.2,060 km S 73° E of Marihatag (Surigao Del Sur),Ms,TECTONIC
52,2025-02-26 16:41:01+00:00,10.95,125.9,22,2.1,022 km S 65° E of Guiuan (Eastern Samar),Ms,TECTONIC
53,2025-02-26 16:38:27+00:00,15.08,121.98,27,1.7,024 km N 49° E of Panukulan (Quezon),Ms,TECTONIC
54,2025-02-26 15:38:38+00:00,10.75,121.68,17,1.7,033 km S 72° W of Belison (Antique),Ms,TECTONIC
55,2025-02-26 15:23:04+00:00,12.4,124.48,3,2.5,014 km S 02° W of San Jose (Northern Samar),Ms,TECTONIC
56,2025-02-26 14:36:44+00:00,14.04,120.41,117,2.3,024 km S 82° W of Nasugbu (Batangas),Ms,TECTONIC
57,2025-02-26 14:21:09+00:00,6.33,125.46,1,2.7,021 km S 77° E of Malungon (Sarangani),Ms,TECTONIC
58,2025-02-26 13:48:38+00:00,17.06,120.88,15,2.6,005 km S 07° E of Besao (Mountain Province),Ms,TECTONIC
59,2025-02-26 13:22:52+00:00,11.13,125.69,25,1.8,019 km S 80° E of Quinapondan (Eastern Samar),Ms,TECTONIC
60,2025-02-26 12:48:46+00:00,14.59,123.05,1,2.9,016 km N 40° E of Tinaga Island (Vinzons) (Camarines Norte),Ms,TECTONIC
61,2025-02-26 11:29:38+00:00,11.73,125.26,28,1.7,021 km N 82° E of Hinabangan (Samar),Ms,TECTONIC
62,2025-02-26 11:19:46+00:00,5.71,126.33,144,2.2,079 km S 73° E of Jose Abad Santos (Davao Occidental),Ms,TECTONIC
63,2025-02-26 10:46:57+00:00,8.69,126.69,6,2.0,045 km S 74° E of Marihatag (Surigao Del Sur),Ms,TECTONIC
64,2025-02-26 10:04:07+00:00,21.45,121.43,33,3.2,085 km N 31° W of Itbayat (Batanes),Ms,TECTONIC
65,2025-02-26 09:40:33+00:00,9.03,126.59,18,2.1,034 km N 79° E of Bayabas (Surigao Del Sur),Ms,TECTONIC
66,2025-02-26 08:23:39+00:00,13.25,124.34,30,2.1,024 km N 74° E of Rapu-rapu (Albay),Ms,TECTONIC
67,2025-02-26 07:04:30+00:00,15.69,121.73,1,3.1,019 km S 66° E of Baler (Aurora),Ms,TECTONIC
68,2025-02-26 06:59:57+00:00,18.11,120.17,14,2.0,034 km N 74° W of Currimao (Ilocos Norte),Ms,TECTONIC
69,2025-02-26 06:52:03+00:00,15.83,120.65,22,2.4,005 km N 50° E of San Manuel (Tarlac),Ms,TECTONIC
70,2025-02-26 06:23:59+00:00,18.05,121.32,16,2.0,015 km N 77° E of Kabugao (Apayao),Ms,TECTONIC
71,2025-02-26 06:04:45+00:00,8.39,126.59,26,2.5,028 km N 85° E of Hinatuan (Surigao Del Sur),Ms,TECTONIC
72,2025-02-26 05:58:11+00:00,12.15,120.43,18,2.7,030 km N 56° E of Coron (Palawan),Ms,TECTONIC
73,2025-02-26 05:42:52+00:00,12.66,121.44,4,2.6,011 km N 46° W of Roxas (Oriental Mindoro),Ms,TECTONIC
74,2025-02-26 04:52:37+00:00,3.84,125.85,143,3.9,181 km S 15° E of Balut Island (Municipality Of Sarangani) (Davao Occidental),Ms,TECTONIC
75,2025-02-26 04:33:57+00:00,7.48,123.91,10,2.7,022 km S 53° W of Malabang (Lanao Del Sur),Ms,TECTONIC
76,2025-02-26 01:37:51+00:00,11.48,125.85,2,3.1,029 km N 59° E of Hernani (Eastern Samar),Ms,TECTONIC
77,2025-02-26 00:44:37+00:00,12.32,123.85,1,3.2,013 km N 32° E of Uson (Masbate),Ms,TECTONIC
78,2025-02-25 22:58:04+00:00,13.72,120.54,93,2.0,016 km S 38° W of Calatagan (Batangas),Ms,TECTONIC
79,2025-02-25 22:53:15+00:00,13.66,120.63,100,2.3,019 km S 01° W of Calatagan (Batangas),Ms,TECTONIC
80,2025-02-25 22:17:41+00:00,8.01,124.62,4,2.6,024 km S 72° E of Tagoloan Ii (Lanao Del Sur),Ms,TECTONIC
81,2025-02-25 22:01:54+00:00,15.68,121.76,26,1.9,023 km S 67° E of Baler (Aurora),Ms,TECTONIC
82,2025-02-25 21:52:20+00:00,15.19,123.27,33,2.2,086 km N 24° E of Tinaga Island (Vinzons) (Camarines Norte),Ms,TECTONIC
83,2025-02-25 20:17:02+00:00,9.25,123.17,9,2.1,009 km S 68° W of Valencia (Negros Oriental),Ms,TECTONIC
84,2025-02-25 20:05:31+00:00,9.26,123.16,6,3.0,010 km S 73° W of Valencia (Negros Oriental),Ms,TECTONIC
85,2025-02-25 19:59:58+00:00,9.28,123.18,7,3.4,007 km S 87° W of Valencia (Negros Oriental),Ms,TECTONIC
86,2025-02-25 19:55:20+00:00,18.32,120.84,9,3.0,017 km S 23° W of Adams (Ilocos Norte),Ms,TECTONIC
87,2025-02-25 19:27:25+00:00,18.2,120.81,73,3.8,007 km N 08° W of Carasi (Ilocos Norte),Ms,TECTONIC
88,2025-02-25 19:21:53+00:00,16.06,119.44,9,3.8,039 km S 81° W of Agno (Pangasinan),Ms,TECTONIC
89,2025-02-25 19:07:14+00:00,13.69,120.68,108,1.9,017 km S 19° E of Calatagan (Batangas),Ms,TECTONIC
90,2025-02-25 19:04:05+00:00,15.81,120.84,32,1.8,005 km N 47° E of Talugtug (Nueva Ecija),Ms,TECTONIC
91,2025-02-25 18:54:52+00:00,12.82,124.85,14,3.1,030 km N 16° W of Pambujan (Northern Samar),Ms,TECTONIC
92,2025-02-25 17:35:25+00:00,16.05,119.09,3,3.3,076 km S 84° W of Agno (Pangasinan),Ms,TECTONIC
93,2025-02-25 16:54:01+00:00,15.14,122.81,1,2.3,075 km N 12° W of Tinaga Island (Vinzons) (Camarines Norte),Ms,TECTONIC
94,2025-02-25 16:32:55+00:00,8.77,126.56,12,3.6,029 km S 82° E of Marihatag (Surigao Del Sur),Ms,TECTONIC
95,2025-02-25 16:29:04+00:00,10.52,125.44,7,4.1,023 km N 40° W of Loreto (Dinagat Islands),Ms,TECTONIC
96,2025-02-25 15:59:41+00:00,3.08,125.55,140,4.9,258 km S 03° E of Balut Island (Municipality Of Sarangani) (Davao Occidental),Mw,TECTONIC
97,2025-02-25 14:57:36+00:00,19.59,121.27,1,3.7,042 km N 31° W of Calayan (Cagayan),Ms,TECTONIC
98,2025-02-25 14:23:02+00:00,4.4,126.25,88,3.8,145 km S 39° E of Balut Island (Municipality Of Sarangani) (Davao Occidental),Ms,TECTONIC
99,2025-02-25 13:29:21+00:00,15.27,120.08,24,2.1,006 km S 71° E of Botolan (Zambales),Ms,TECTONIC
100,2025-02-25 12:20:30+00:00,8.24,126.63,21,2.8,035 km S 67° E of Hinatuan (Surigao Del Sur),Ms,TECTONIC
101,2025-02-25 10:53:29+00:00,6.87,126.27,31,2.2,011 km S 31° E of City Of Mati (Davao Oriental),Ms,TECTONIC
102,2025-02-25 07:30:30+00:00,9.65,122.12,7,3.1,037 km S 69° W of City Of Sipalay (Negros Occidental),Ms,TECTONIC
103,2025-02-25 05:51:50+00:00,13.41,120.61,7,2.7,014 km S 74° W of Abra De Ilog (Occidental Mindoro),Ms,TECTONIC
104,2025-02-25 04:30:04+00:00,13.86,120.6,95,2.0,005 km N 57° W of Calatagan (Batangas),Ms,TECTONIC
105,2025-02-25 04:00:07+00:00,7.01,127.21,19,2.6,078 km S 73° E of Manay (Davao Oriental),Ms,TECTONIC
106,2025-02-25 02:23:53+00:00,9.55,126.28,24,2.0,028 km S 28° E of General Luna (Surigao Del Norte),Ms,TECTONIC
107,2025-02-24 23:54:49+00:00,17.53,122.23,15,2.2,016 km N 04° W of Maconacon (Isabela),Ms,TECTONIC
108,2025-02-24 22:10:40+00:00,8.85,126.35,31,2.5,008 km N 43° E of Marihatag (Surigao Del Sur),Ms,TECTONIC
109,2025-02-24 21:48:43+00:00,18.47,120.89,7,2.5,002 km N 55° W of Adams (Ilocos Norte),Ms,TECTONIC
110,2025-02-24 17:42:11+00:00,10.16,122.42,2,2.0,031 km N 48° W of Cauayan (Negros Occidental),Ms,TECTONIC
111,2025-02-24 17:32:08+00:00,17.03,120.96,34,1.5,004 km N 57° E of Sabangan (Mountain Province),Ms,TECTONIC
112,2025-02-24 17:05:51+00:00,8.51,127.04,4,4.2,079 km N 79° E of Hinatuan (Surigao Del Sur),Ms,TECTONIC
113,2025-02-24 16:51:39+00:00,9.34,126.7,8,2.3,057 km N 83° E of Cortes (Surigao Del Sur),Ms,TECTONIC
114,2025-02-24 16:26:26+00:00,17.76,120.54,24,2.0,009 km S 69° E of Cabugao (Ilocos Sur),Ms,TECTONIC
115,2025-02-24 16:07:43+00:00,5.78,126.33,17,3.0,077 km S 79° E of Jose Abad Santos (Davao Occidental),Ms,TECTONIC
116,2025-02-24 15:51:53+00:00,15.82,120.9,28,2.0,006 km S 02° E of Lupao (Nueva Ecija),Ms,TECTONIC
117,2025-02-24 15:38:57+00:00,9.73,122.25,8,2.4,020 km S 78° W of City Of Sipalay (Negros Occidental),Ms,TECTONIC
118,2025-02-24 15:08:06+00:00,8.04,125.72,15,2.5,022 km S 45° W of Loreto (Agusan Del Sur),Ms,TECTONIC
119,2025-02-24 14:55:58+00:00,10.91,122.98,19,2.1,004 km N 08° E of Enrique B. Magalona (Negros Occidental),Ms,TECTONIC
120,2025-02-24 14:45:16+00:00,19.5,120.16,4,2.6,118 km N 68° W of Dalupiri Island (Calayan) (Cagayan),Ms,TECTONIC
121,2025-02-24 14:24:53+00:00,8.16,126.61,23,2.5,025 km N 59° E of Lingig (Surigao Del Sur),Ms,TECTONIC
122,2025-02-24 13:53:27+00:00,9.22,126.73,14,3.5,056 km N 60° E of Bayabas (Surigao Del Sur),Ms,TECTONIC
123,2025-02-24 12:11:07+00:00,12.85,125.31,20,2.2,040 km N 32° E of Palapag (Northern Samar),Ms,TECTONIC
124,2025-02-24 11:11:46+00:00,8.36,127.15,6,3.1,089 km N 66° E of Lingig (Surigao Del Sur),Ms,TECTONIC
125,2025-02-24 09:51:56+00:00,16.88,119.85,14,3.4,057 km N 87° W of Luna (La Union),Ms,TECTONIC
126,2025-02-24 09:24:26+00:00,9.76,124.99,22,1.8,019 km S 29° W of Limasawa (Southern Leyte),Ms,TECTONIC
127,2025-02-24 09:03:21+00:00,9.63,125.8,4,2.1,010 km N 49° E of Claver (Surigao Del Norte),Ms,TECTONIC
128,2025-02-24 07:00:38+00:00,8.75,126.11,32,1.6,013 km N 07° E of Lianga (Surigao Del Sur),Ms,TECTONIC
129,2025-02-24 04:20:37+00:00,13.93,120.58,7,1.6,012 km N 30° W of Calatagan (Batangas),Ms,TECTONIC
130,2025-02-24 03:17:08+00:00,8.82,126.23,34,1.6,008 km N 74° W of Marihatag (Surigao Del Sur),Ms,TECTONIC
131,2025-02-24 02:51:29+00:00,18.43,120.92,13,2.7,004 km S 35° E of Adams (Ilocos Norte),Ms,TECTONIC
132,2025-02-24 01:50:35+00:00,8.41,127.05,1,3.0,079 km N 87° E of Hinatuan (Surigao Del Sur),Ms,TECTONIC
133,2025-02-24 01:37:42+00:00,8.06,126.53,28,2.0,013 km N 78° E of Lingig (Surigao Del Sur),Ms,TECTONIC
134,2025-02-24 00:08:05+00:00,13.66,120.64,98,2.1,019 km S 02° E of Calatagan (Batangas),Ms,TECTONIC
135,2025-02-23 23:49:28+00:00,8.95,126.34,29,1.9,006 km S 76° E of Bayabas (Surigao Del Sur),Ms,TECTONIC
136,2025-02-23 22:59:09+00:00,10.49,124.35,7,1.7,017 km S 23° W of Poro (Cebu),Ms,TECTONIC
137,2025-02-23 21:54:54+00:00,8.03,126.81,13,3.4,044 km S 89° E of Lingig (Surigao Del Sur),Ms,TECTONIC
138,2025-02-23 21:49:30+00:00,8.9,126.46,33,1.7,017 km S 82° E of Cagwait (Surigao Del Sur),Ms,TECTONIC
139,2025-02-23 21:10:49+00:00,8.98,126.51,31,2.2,024 km N 72° E of Cagwait (Surigao Del Sur),Ms,TECTONIC
140,2025-02-23 20:58:55+00:00,9.23,126.98,1,3.6,081 km N 69° E of Bayabas (Surigao Del Sur),Ms,TECTONIC
141,2025-02-23 20:34:55+00:00,9.9,124.06,3,2.6,004 km S 71° W of Sagbayan (Bohol),Ms,TECTONIC
142,2025-02-23 20:21:33+00:00,13.23,120.57,19,3.0,002 km N 77° W of Mamburao (Occidental Mindoro),Ms,TECTONIC
143,2025-02-23 19:58:05+00:00,11.35,125.38,19,2.1,020 km S 45° W of Balangkayan (Eastern Samar),Ms,TECTONIC
144,2025-02-23 19:46:08+00:00,9.38,126.45,31,2.2,031 km N 67° E of Cortes (Surigao Del Sur),Ms,TECTONIC
145,2025-02-23 17:44:18+00:00,15.12,119.97,20,2.7,010 km S 66° W of Cabangan (Zambales),Ms,TECTONIC
146,2025-02-23 17:22:14+00:00,14.57,120.18,25,2.2,015 km S 39° W of Morong (Bataan),Ms,TECTONIC
147,2025-02-23 16:50:32+00:00,9.36,126.47,16,1.9,032 km N 73° E of Cortes (Surigao Del Sur),Ms,TECTONIC
148,2025-02-23 15:12:00+00:00,15.41,119.78,34,1.3,014 km S 81° W of Palauig (Zambales),Ms,TECTONIC
149,2025-02-23 14:20:57+00:00,13.73,120.6,94,1.9,011 km S 16° W of Calatagan (Batangas),Ms,TECTONIC
150,2025-02-23 14:07:07+00:00,15.19,122.92,1,3.3,080 km N 04° W of Tinaga Island (Vinzons) (Camarines Norte),Ms,TECTONIC
151,2025-02-23 14:00:53+00:00,8.2,126.87,9,3.4,053 km N 71° E of Lingig (Surigao Del Sur),Ms,TECTONIC
152,2025-02-23 12:31:13+00:00,9.27,123.21,1,2.9,004 km S 76° W of Valencia (Negros Oriental),Ms,TECTONIC
153,2025-02-23 12:17:01+00:00,4.85,125.01,22,3.8,077 km S 36° W of Balut Island (Municipality Of Sarangani) (Davao Occidental),Ms,TECTONIC
154,2025-02-23 12:01:26+00:00,13.52,120.64,52,2.1,013 km N 49° W of Abra De Ilog (Occidental Mindoro),Ms,TECTONIC
155,2025-02-23 11:52:27+00:00,8.59,126.6,23,2.2,038 km N 50° E of Hinatuan (Surigao Del Sur),Ms,TECTONIC
156,2025-02-23 11:11:13+00:00,8.12,127.07,2,2.4,073 km N 83° E of Lingig (Surigao Del Sur),Ms,TECTONIC
157,2025-02-23 10:14:21+00:00,13.63,122.0,2,2.0,017 km N 12° W of Santa Cruz (Marinduque),Ms,TECTONIC
158,2025-02-23 09:53:47+00:00,7.37,126.32,33,1.8,022 km N 75° E of Maragusan (Davao De Oro),Ms,TECTONIC
159,2025-02-23 09:23:54+00:00,13.73,122.53,32,1.5,007 km S 81° E of Buenavista (Quezon),Ms,TECTONIC
160,2025-02-23 09:14:22+00:00,15.55,119.92,24,2.1,005 km N 71° W of Masinloc (Zambales),Ms,TECTONIC
161,2025-02-23 09:05:25+00:00,17.62,120.24,25,1.8,013 km N 76° W of Santa Catalina (Ilocos Sur),Ms,TECTONIC
162,2025-02-23 08:44:29+00:00,8.56,125.81,16,2.0,011 km N 50° E of San Luis (Agusan Del Sur),Ms,TECTONIC
163,2025-02-23 08:42:33+00:00,8.83,126.64,5,1.9,038 km N 86° E of Marihatag (Surigao Del Sur),Ms,TECTONIC
164,2025-02-23 08:41:07+00:00,8.76,126.6,6,1.8,033 km S 83° E of Marihatag (Surigao Del Sur),Ms,TECTONIC
165,2025-02-23 08:38:00+00:00,8.87,126.77,19,2.4,051 km S 84° E of Cagwait (Surigao Del Sur),Ms,TECTONIC
166,2025-02-23 07:47:01+00:00,8.02,123.78,31,1.8,001 km S 20° W of Baroy (Lanao Del Norte),Ms,TECTONIC
167,2025-02-23 07:21:58+00:00,14.35,120.42,124,1.6,012 km S 40° W of Mariveles (Bataan),Ms,TECTONIC
168,2025-02-23 07:01:55+00:00,10.83,122.74,20,2.0,004 km N 71° E of Dumangas (Iloilo),Ms,TECTONIC
169,2025-02-23 06:57:32+00:00,8.99,126.41,31,2.2,014 km N 80° E of Bayabas (Surigao Del Sur),Ms,TECTONIC
170,2025-02-23 05:24:54+00:00,8.35,126.62,25,1.7,031 km S 86° E of Hinatuan (Surigao Del Sur),Ms,TECTONIC
171,2025-02-23 05:10:03+00:00,4.59,126.17,97,3.4,124 km S 42° E of Balut Island (Municipality Of Sarangani) (Davao Occidental),Ms,TECTONIC
172,2025-02-23 03:57:01+00:00,14.2,120.38,47,1.7,029 km S 26° W of Mariveles (Bataan),Ms,TECTONIC
173,2025-02-23 03:55:59+00:00,11.82,125.56,19,2.3,011 km N 87° E of Sulat (Eastern Samar),Ms,TECTONIC
174,2025-02-23 03:50:21+00:00,11.64,124.64,33,2.0,010 km N 43° E of Caibiran (Biliran),Ms,TECTONIC
175,2025-02-23 03:32:58+00:00,6.1,125.42,63,1.9,015 km S 87° E of Alabel (Sarangani),Ms,TECTONIC
176,2025-02-23 01:56:08+00:00,19.89,121.53,1,3.1,058 km N 44° W of Babuyan Island (Calayan) (Cagayan),Ms,TECTONIC
177,2025-02-23 01:52:40+00:00,8.68,126.63,43,1.9,039 km S 71° E of Marihatag (Surigao Del Sur),Ms,TECTONIC
178,2025-02-23 00:29:20+00:00,6.06,125.73,103,3.0,016 km S 16° E of Don Marcelino (Davao Occidental),Ms,TECTONIC
179,2025-02-22 22:31:31+00:00,8.82,123.2,10,3.4,030 km N 33° W of City Of Dipolog (Zamboanga Del Norte),Ms,TECTONIC
180,2025-02-22 22:22:13+00:00,7.7,123.75,7,1.9,011 km S 17° E of Sultan Naga Dimaporo (Lanao Del Norte),Ms,TECTONIC
181,2025-02-22 22:19:05+00:00,9.08,125.49,14,2.3,007 km S 53° W of City Of Cabadbaran (Agusan Del Norte),Ms,TECTONIC
182,2025-02-22 22:18:44+00:00,8.77,126.76,16,2.2,051 km S 87° E of Marihatag (Surigao Del Sur),Ms,TECTONIC
183,2025-02-22 21:59:44+00:00,11.51,125.8,19,2.2,027 km N 48° E of Hernani (Eastern Samar),Ms,TECTONIC
184,2025-02-22 21:57:36+00:00,9.22,122.38,20,2.1,036 km S 54° W of Basay (Negros Oriental),Ms,TECTONIC
185,2025-02-22 21:18:20+00:00,5.89,125.17,17,2.6,009 km N 28° W of Glan (Sarangani),Ms,TECTONIC
186,2025-02-22 21:13:29+00:00,10.58,122.48,24,1.8,009 km N 50° W of Nueva Valencia (Guimaras),Ms,TECTONIC
187,2025-02-22 21:05:22+00:00,10.52,126.4,1,3.3,065 km N 33° E of Burgos (Surigao Del Norte),Ms,TECTONIC
188,2025-02-22 21:02:51+00:00,8.84,126.66,22,1.9,040 km N 84° E of Marihatag (Surigao Del Sur),Ms,TECTONIC
189,2025-02-22 21:00:34+00:00,8.8,126.6,9,2.0,033 km East of Marihatag (Surigao Del Sur),Ms,TECTONIC
190,2025-02-22 20:59:01+00:00,10.44,125.19,1,2.8,005 km N 14° W of Hinunangan (Southern Leyte),Ms,TECTONIC
191,2025-02-22 19:47:07+00:00,17.84,120.68,8,3.1,008 km S 15° E of Nueva Era (Ilocos Norte),Ms,TECTONIC
192,2025-02-22 19:34:22+00:00,11.56,125.82,11,2.8,032 km N 44° E of Hernani (Eastern Samar),Ms,TECTONIC
193,2025-02-22 19:17:21+00:00,6.02,126.32,108,2.5,072 km S 74° E of Don Marcelino (Davao Occidental),Ms,TECTONIC
194,2025-02-22 18:30:59+00:00,11.56,125.8,14,4.5,031 km N 40° E of Hernani (Eastern Samar),Mw,TECTONIC
195,2025-02-22 18:25:57+00:00,9.08,126.96,10,2.5,075 km N 76° E of Cagwait (Surigao Del Sur),Ms,TECTONIC
196,2025-02-22 18:24:36+00:00,15.64,121.21,7,1.7,007 km N 76° E of Bongabon (Nueva Ecija),Ms,TECTONIC
197,2025-02-22 18:21:04+00:00,13.61,120.59,91,1.8,023 km N 40° W of Abra De Ilog (Occidental Mindoro),Ms,TECTONIC
198,2025-02-22 17:30:13+00:00,12.97,121.09,24,1.6,030 km S 43° W of Victoria (Oriental Mindoro),Ms,TECTONIC
199,2025-02-22 17:20:15+00:00,10.71,125.03,2,2.8,004 km S 28° E of Abuyog (Leyte),Ms,TECTONIC
200,2025-02-22 17:06:56+00:00,17.21,119.9,30,2.0,058 km N 85° W of City Of Candon (Ilocos Sur),Ms,TECTONIC
201,2025-02-22 17:02:17+00:00,13.12,123.99,9,1.8,014 km S 88° E of Manito (Albay),Ms,TECTONIC
202,2025-02-22 16:55:08+00:00,11.86,120.87,5,2.1,058 km S 31° W of Magsaysay (Occidental Mindoro),Ms,TECTONIC
203,2025-02-22 16:51:30+00:00,9.93,123.22,12,1.7,006 km S 23° E of Jimalalud (Negros Oriental),Ms,TECTONIC
204,2025-02-22 16:22:33+00:00,17.92,120.85,1,1.6,020 km N 88° E of Nueva Era (Ilocos Norte),Ms,TECTONIC
205,2025-02-22 14:51:11+00:00,9.16,125.84,110,2.4,018 km S 50° W of Madrid (Surigao Del Sur),Ms,TECTONIC
206,2025-02-22 14:47:26+00:00,11.1,124.64,22,1.4,012 km S 41° E of Kananga (Leyte),Ms,TECTONIC
207,2025-02-22 14:21:48+00:00,8.61,126.61,10,1.8,040 km N 48° E of Hinatuan (Surigao Del Sur),Ms,TECTONIC
208,2025-02-22 13:41:14+00:00,18.41,120.79,7,2.0,013 km S 65° W of Adams (Ilocos Norte),Ms,TECTONIC
209,2025-02-22 08:30:30+00:00,8.64,126.67,25,2.5,044 km S 67° E of Marihatag (Surigao Del Sur),Ms,TECTONIC
210,2025-02-22 07:05:27+00:00,7.95,124.58,3,2.8,021 km N 31° W of Amai Manabilang (Lanao Del Sur),Ms,TECTONIC
211,2025-02-22 04:46:59+00:00,9.79,126.38,18,1.9,025 km N 89° E of General Luna (Surigao Del Norte),Ms,TECTONIC
212,2025-02-22 03:57:48+00:00,16.93,121.47,33,1.8,002 km N 48° W of Alfonso Lista (Ifugao),Ms,TECTONIC
213,2025-02-22 03:17:58+00:00,17.82,120.75,1,2.1,013 km S 41° E of Nueva Era (Ilocos Norte),Ms,TECTONIC
214,2025-02-22 01:48:38+00:00,11.35,124.57,1,2.4,009 km S 76° E of Leyte (Leyte),Ms,TECTONIC
215,2025-02-22 01:29:59+00:00,11.35,124.54,1,2.5,006 km S 66° E of Leyte (Leyte),Ms,TECTONIC
216,2025-02-22 01:28:45+00:00,11.35,124.45,3,2.1,005 km S 59° W of Leyte (Leyte),Ms,TECTONIC
217,2025-02-22 01:22:54+00:00,12.9,123.06,9,2.2,020 km S 89° W of Claveria (Masbate),Ms,TECTONIC
218,2025-02-22 01:21:13+00:00,11.35,124.53,1,2.2,005 km S 61° E of Leyte (Leyte),Ms,TECTONIC
219,2025-02-22 01:13:13+00:00,13.84,121.37,78,2.2,003 km N 60° W of San Juan (Batangas),Ms,TECTONIC
220,2025-02-22 01:07:04+00:00,19.02,121.23,16,2.3,010 km S 16° E of Dalupiri Island (Calayan) (Cagayan),Ms,TECTONIC
221,2025-02-22 00:43:46+00:00,11.38,124.43,16,1.7,006 km N 83° W of Leyte (Leyte),Ms,TECTONIC
222,2025-02-22 00:34:44+00:00,17.79,121.01,4,1.5,016 km N 28° E of Lacub (Abra),Ms,TECTONIC
223,2025-02-22 00:34:29+00:00,11.36,124.55,1,2.7,007 km S 81° E of Leyte (Leyte),Ms,TECTONIC
224,2025-02-22 00:33:34+00:00,11.32,124.57,1,1.7,011 km S 59° E of Leyte (Leyte),Ms,TECTONIC
225,2025-02-22 00:31:21+00:00,11.35,124.54,2,3.5,007 km S 73° E of Leyte (Leyte),Ms,TECTONIC
226,2025-02-21 22:16:36+00:00,19.0,121.29,12,3.0,014 km S 36° E of Dalupiri Island (Calayan) (Cagayan),Ms,TECTONIC
227,2025-02-21 22:12:14+00:00,9.91,124.12,44,1.6,003 km East of Sagbayan (Bohol),Ms,TECTONIC
228,2025-02-21 21:29:42+00:00,12.01,124.16,6,1.6,005 km S 04° W of Tagapul-an (Samar),Ms,TECTONIC
229,2025-02-21 21:28:50+00:00,11.51,124.57,35,1.7,004 km N 10° W of Cabucgayan (Biliran),Ms,TECTONIC
230,2025-02-21 20:40:36+00:00,12.8,123.04,12,2.4,025 km S 62° W of Claveria (Masbate),Ms,TECTONIC
231,2025-02-21 20:18:38+00:00,8.29,126.81,1,2.2,053 km N 57° E of Lingig (Surigao Del Sur),Ms,TECTONIC
232,2025-02-21 20:04:29+00:00,8.81,126.45,29,1.7,017 km N 85° E of Marihatag (Surigao Del Sur),Ms,TECTONIC
233,2025-02-21 18:44:01+00:00,4.02,126.35,97,3.9,186 km S 34° E of Balut Island (Municipality Of Sarangani) (Davao Occidental),Ms,TECTONIC
234,2025-02-21 17:39:42+00:00,7.57,124.7,30,1.4,008 km N 04° E of Banisilan (Cotabato),Ms,TECTONIC
235,2025-02-21 17:39:34+00:00,7.82,126.95,12,1.8,051 km N 58° E of Baganga (Davao Oriental),Ms,TECTONIC
236,2025-02-21 17:36:18+00:00,15.64,119.51,19,3.0,045 km N 88° W of Candelaria (Zambales),Ms,TECTONIC
237,2025-02-21 17:31:02+00:00,13.5,121.49,10,2.4,028 km N 46° E of Naujan (Oriental Mindoro),Ms,TECTONIC
238,2025-02-21 17:21:25+00:00,9.87,122.35,20,1.5,014 km N 39° W of City Of Sipalay (Negros Occidental),Ms,TECTONIC
239,2025-02-21 17:16:01+00:00,11.17,124.68,13,2.0,013 km S 84° E of Kananga (Leyte),Ms,TECTONIC
240,2025-02-21 16:55:02+00:00,16.7,119.98,18,2.9,036 km N 16° E of Bolinao (Pangasinan),Ms,TECTONIC
241,2025-02-21 16:31:32+00:00,13.7,120.64,102,1.7,015 km S 02° E of Calatagan (Batangas),Ms,TECTONIC
242,2025-02-21 15:57:40+00:00,13.72,120.62,133,2.0,012 km S 08° W of Calatagan (Batangas),Ms,TECTONIC
243,2025-02-21 15:49:29+00:00,7.81,122.69,33,1.6,002 km N 29° W of Naga (Zamboanga Sibugay),Ms,TECTONIC
244,2025-02-21 15:46:20+00:00,13.21,120.59,8,1.5,002 km S 03° W of Mamburao (Occidental Mindoro),Ms,TECTONIC
245,2025-02-21 15:45:41+00:00,9.13,126.26,15,1.4,011 km N 57° E of City Of Tandag (Surigao Del Sur),Ms,TECTONIC
246,2025-02-21 15:44:32+00:00,9.8,126.21,23,1.9,006 km N 71° E of General Luna (Surigao Del Norte),Ms,TECTONIC
247,2025-02-21 15:37:25+00:00,9.71,126.17,32,1.4,008 km S 14° E of General Luna (Surigao Del Norte),Ms,TECTONIC
248,2025-02-21 15:19:31+00:00,9.66,125.87,107,2.8,011 km N 64° W of Socorro (Surigao Del Norte),Ms,TECTONIC
249,2025-02-21 14:49:55+00:00,17.94,122.37,8,1.7,054 km N 84° E of Baggao (Cagayan),Ms,TECTONIC
250,2025-02-21 13:15:22+00:00,12.89,125.16,11,3.2,038 km N 07° E of Palapag (Northern Samar),Ms,TECTONIC
251,2025-02-21 12:51:53+00:00,9.89,126.36,14,2.5,025 km N 63° E of General Luna (Surigao Del Norte),Ms,TECTONIC
252,2025-02-21 12:38:24+00:00,10.16,126.0,28,1.6,017 km N 16° W of Santa Monica (Surigao Del Norte),Ms,TECTONIC
253,2025-02-21 11:43:05+00:00,19.17,121.19,15,3.1,007 km N 15° W of Dalupiri Island (Calayan) (Cagayan),Ms,TECTONIC
254,2025-02-21 10:37:00+00:00,9.72,122.56,10,2.0,015 km S 39° W of Candoni (Negros Occidental),Ms,TECTONIC
255,2025-02-21 10:25:12+00:00,13.67,120.61,92,1.8,018 km S 09° W of Calatagan (Batangas),Ms,TECTONIC
256,2025-02-21 10:15:06+00:00,8.07,123.2,2,2.4,013 km N 70° W of Midsalip (Zamboanga Del Sur),Ms,TECTONIC
257,2025-02-21 10:03:38+00:00,16.86,119.99,6,3.0,041 km N 90° W of Luna (La Union),Ms,TECTONIC
258,2025-02-21 08:40:44+00:00,12.3,124.66,35,1.5,004 km S 87° E of Lope De Vega (Northern Samar),Ms,TECTONIC
259,2025-02-21 08:16:30+00:00,5.83,126.0,136,3.0,040 km S 77° E of Jose Abad Santos (Davao Occidental),Ms,TECTONIC
260,2025-02-21 05:33:45+00:00,21.45,120.48,9,4.3,160 km N 63° W of Itbayat (Batanes),Ms,TECTONIC
261,2025-02-21 04:26:32+00:00,7.96,126.41,40,1.6,009 km S 04° W of Lingig (Surigao Del Sur),Ms,TECTONIC
262,2025-02-21 04:09:07+00:00,9.64,126.12,24,1.8,015 km S 29° E of Dapa (Surigao Del Norte),Ms,TECTONIC
263,2025-02-21 03:14:50+00:00,10.99,125.56,18,2.2,019 km S 39° E of Giporlos (Eastern Samar),Ms,TECTONIC
264,2025-02-21 02:54:58+00:00,15.15,122.77,17,2.5,069 km N 43° E of Jomalig (Quezon),Ms,TECTONIC
265,2025-02-21 02:31:24+00:00,8.22,126.67,18,2.3,035 km N 55° E of Lingig (Surigao Del Sur),Ms,TECTONIC
266,2025-02-21 02:30:39+00:00,8.21,126.71,22,1.7,042 km N 80° E of Lingig (Surigao Del Sur),Ms,TECTONIC
267,2025-02-21 01:22:30+00:00,12.77,123.06,9,4.6,025 km S 56° W of Claveria (Masbate),Mw,TECTONIC
268,2025-02-21 01:19:59+00:00,12.82,123.08,18,3.1,021 km S 63° W of Claveria (Masbate),Ms,TECTONIC
269,2025-02-21 01:16:51+00:00,9.9,126.43,10,2.9,032 km N 66° E of General Luna (Surigao Del Norte),Ms,TECTONIC
270,2025-02-21 00:45:08+00:00,13.47,124.96,16,3.6,067 km S 72° E of Baras (Catanduanes),Ms,TECTONIC
271,2025-02-21 00:35:36+00:00,7.87,127.07,2,2.8,065 km N 60° E of Baganga (Davao Oriental),Ms,TECTONIC
272,2025-02-20 23:48:40+00:00,13.06,120.55,27,2.4,019 km S 15° W of Mamburao (Occidental Mindoro),Ms,TECTONIC
273,2025-02-20 19:50:20+00:00,8.45,122.91,11,1.9,012 km N 86° W of Jose Dalman (Zamboanga Del Norte),Ms,TECTONIC
274,2025-02-20 19:02:08+00:00,10.16,126.17,33,1.4,019 km N 33° E of Burgos (Surigao Del Norte),Ms,TECTONIC
275,2025-02-20 18:59:34+00:00,6.22,125.97,50,3.2,031 km N 85° E of Don Marcelino (Davao Occidental),Ms,TECTONIC
276,2025-02-20 18:32:50+00:00,9.96,126.18,32,1.6,011 km N 73° E of San Isidro (Surigao Del Norte),Ms,TECTONIC
277,2025-02-20 18:10:20+00:00,9.98,126.08,16,2.3,004 km S 03° E of Burgos (Surigao Del Norte),Ms,TECTONIC
278,2025-02-20 18:02:31+00:00,13.57,120.7,127,3.1,015 km N 11° W of Abra De Ilog (Occidental Mindoro),Ms,TECTONIC
279,2025-02-20 17:30:16+00:00,9.77,125.72,28,2.5,018 km N 48° E of Placer (Surigao Del Norte),Ms,TECTONIC
280,2025-02-20 17:18:04+00:00,11.36,124.49,1,2.9,001 km S 32° E of Leyte (Leyte),Ms,TECTONIC
281,2025-02-20 17:16:07+00:00,14.17,121.96,1,2.3,005 km S 58° E of Perez (Quezon),Ms,TECTONIC
282,2025-02-20 17:00:22+00:00,15.12,123.03,21,2.3,071 km N 07° E of Tinaga Island (Vinzons) (Camarines Norte),Ms,TECTONIC
283,2025-02-20 14:40:43+00:00,15.12,123.0,26,2.2,071 km N 05° E of Tinaga Island (Vinzons) (Camarines Norte),Ms,TECTONIC
284,2025-02-20 14:23:09+00:00,9.93,126.15,10,2.2,007 km S 88° E of San Isidro (Surigao Del Norte),Ms,TECTONIC
285,2025-02-20 12:40:47+00:00,6.73,126.89,12,2.6,060 km S 54° E of Tarragona (Davao Oriental),Ms,TECTONIC
286,2025-02-20 12:37:57+00:00,10.26,126.06,11,2.7,027 km N 04° W of Burgos (Surigao Del Norte),Ms,TECTONIC
287,2025-02-20 09:54:26+00:00,8.88,126.5,13,2.9,023 km S 79° E of Cagwait (Surigao Del Sur),Ms,TECTONIC
288,2025-02-20 09:40:51+00:00,8.03,126.68,13,2.0,029 km S 89° E of Lingig (Surigao Del Sur),Ms,TECTONIC
289,2025-02-20 07:47:49+00:00,18.94,121.71,11,2.0,016 km N 80° W of Camiguin Island (Calayan) (Cagayan),Ms,TECTONIC
290,2025-02-20 07:44:02+00:00,6.12,124.59,5,1.9,017 km S 49° W of Lake Sebu (South Cotabato),Ms,TECTONIC
291,2025-02-20 03:37:46+00:00,9.69,126.3,33,1.8,018 km S 57° E of General Luna (Surigao Del Norte),Ms,TECTONIC
292,2025-02-20 03:10:53+00:00,5.95,125.66,71,2.7,005 km N 24° E of Jose Abad Santos (Davao Occidental),Ms,TECTONIC
293,2025-02-19 23:38:17+00:00,6.71,125.93,30,3.4,017 km N 67° W of Governor Generoso (Davao Oriental),Ms,TECTONIC
294,2025-02-19 23:02:31+00:00,6.68,125.33,7,2.3,004 km S 69° E of Hagonoy (Davao Del Sur),Ms,TECTONIC
295,2025-02-19 21:34:52+00:00,9.47,125.44,8,2.7,012 km S 47° W of Mainit (Surigao Del Norte),Ms,TECTONIC
296,2025-02-19 21:18:40+00:00,6.85,124.96,7,2.6,009 km N 78° E of Tulunan (Cotabato),Ms,TECTONIC
297,2025-02-19 20:09:09+00:00,8.42,126.66,32,2.3,036 km N 81° E of Hinatuan (Surigao Del Sur),Ms,TECTONIC
298,2025-02-19 20:01:46+00:00,9.64,126.14,28,2.3,016 km S 36° E of Dapa (Surigao Del Norte),Ms,TECTONIC
299,2025-02-19 19:07:13+00:00,5.95,126.57,7,3.1,095 km S 35° E of Governor Generoso (Davao Oriental),Ms,TECTONIC
300,2025-02-19 18:47:56+00:00,11.5,124.46,3,2.1,009 km S 42° E of Naval (Biliran),Ms,TECTONIC
301,2025-02-19 18:27:48+00:00,7.9,127.12,9,2.6,080 km S 79° E of Lingig (Surigao Del Sur),Ms,TECTONIC
302,2025-02-19 18:15:54+00:00,3.75,128.1,174,4.3,348 km S 57° E of Sarangani Island (Municipality Of Sarangani) (Davao Occidental),Ms,TECTONIC
303,2025-02-19 18:02:26+00:00,9.94,126.15,9,2.7,007 km N 83° E of San Isidro (Surigao Del Norte),Ms,TECTONIC
304,2025-02-19 17:43:25+00:00,7.51,126.46,11,2.0,013 km S 58° W of Baganga (Davao Oriental),Ms,TECTONIC
305,2025-02-19 17:31:00+00:00,10.58,123.72,6,1.7,002 km N 30° E of Asturias (Cebu),Ms,TECTONIC
306,2025-02-19 16:47:52+00:00,19.13,121.12,14,2.6,010 km N 75° W of Dalupiri Island (Calayan) (Cagayan),Ms,TECTONIC
307,2025-02-19 16:42:10+00:00,7.81,127.2,2,2.5,076 km N 70° E of Baganga (Davao Oriental),Ms,TECTONIC
308,2025-02-19 16:26:36+00:00,12.8,123.99,9,2.5,005 km S 04° W of Juban (Sorsogon),ML,VOLCANO-TECTONIC
309,2025-02-19 16:16:16+00:00,11.77,124.23,7,2.2,013 km S 88° W of Maripipi (Biliran),Ms,TECTONIC
310,2025-02-19 15:59:40+00:00,14.99,122.61,1,2.0,044 km N 43° E of Jomalig (Quezon),Ms,TECTONIC
311,2025-02-19 15:09:42+00:00,7.0,124.96,418,2.5,011 km N 58° E of M'lang (Cotabato),Ms,TECTONIC
312,2025-02-19 14:28:26+00:00,6.18,126.13,19,2.5,048 km S 87° E of Don Marcelino (Davao Occidental),Ms,TECTONIC
313,2025-02-19 14:14:12+00:00,8.13,128.02,168,2.6,173 km N 69° E of Baganga (Davao Oriental),Ms,TECTONIC
314,2025-02-19 14:03:36+00:00,8.79,126.48,29,2.3,021 km S 86° E of Marihatag (Surigao Del Sur),Ms,TECTONIC
315,2025-02-19 13:47:30+00:00,8.44,127.04,1,2.6,078 km N 84° E of Hinatuan (Surigao Del Sur),Ms,TECTONIC
316,2025-02-19 13:34:41+00:00,8.44,124.61,12,2.2,005 km S 40° W of City Of Cagayan De Oro (Misamis Oriental),Ms,TECTONIC
317,2025-02-19 12:48:33+00:00,11.53,125.74,7,2.7,025 km N 32° E of Hernani (Eastern Samar),Ms,TECTONIC
318,2025-02-19 12:17:48+00:00,10.02,126.06,2,3.0,002 km N 79° W of Burgos (Surigao Del Norte),Ms,TECTONIC
319,2025-02-19 12:15:18+00:00,10.03,126.3,9,3.8,026 km N 67° E of San Isidro (Surigao Del Norte),Ms,TECTONIC
320,2025-02-19 11:09:25+00:00,18.08,120.57,11,2.4,002 km N 05° E of City Of Batac (Ilocos Norte),Ms,TECTONIC
321,2025-02-19 10:24:57+00:00,9.58,126.24,7,1.6,024 km S 23° E of General Luna (Surigao Del Norte),Ms,TECTONIC
322,2025-02-19 10:21:01+00:00,9.02,126.11,34,1.8,009 km S 50° W of City Of Tandag (Surigao Del Sur),Ms,TECTONIC
323,2025-02-19 09:12:39+00:00,9.57,125.8,16,3.8,008 km S 84° E of Claver (Surigao Del Norte),Ms,TECTONIC
324,2025-02-19 09:10:49+00:00,17.56,122.22,19,2.2,019 km N 05° W of Maconacon (Isabela),Ms,TECTONIC
325,2025-02-19 08:47:40+00:00,8.5,126.72,8,2.5,045 km N 70° E of Hinatuan (Surigao Del Sur),Ms,TECTONIC
326,2025-02-19 08:39:52+00:00,6.07,124.28,4,2.2,024 km N 87° W of Maitum (Sarangani),Ms,TECTONIC
327,2025-02-19 08:16:53+00:00,8.46,126.31,1,1.9,010 km N 15° W of Hinatuan (Surigao Del Sur),Ms,TECTONIC
328,2025-02-19 06:25:00+00:00,10.08,126.12,13,2.6,009 km N 32° E of Burgos (Surigao Del Norte),Ms,TECTONIC
329,2025-02-19 05:54:16+00:00,7.04,126.44,7,2.5,001 km S 29° W of Tarragona (Davao Oriental),Ms,TECTONIC
330,2025-02-19 05:05:33+00:00,10.27,125.87,9,2.4,033 km N 35° W of Santa Monica (Surigao Del Norte),Ms,TECTONIC
331,2025-02-19 03:37:01+00:00,13.45,120.77,27,1.6,004 km N 83° E of Abra De Ilog (Occidental Mindoro),Ms,TECTONIC
332,2025-02-19 02:23:23+00:00,12.85,123.56,35,1.7,008 km S 32° W of Donsol (Sorsogon),Ms,TECTONIC
333,2025-02-19 02:01:38+00:00,9.05,126.25,43,1.6,009 km S 73° E of City Of Tandag (Surigao Del Sur),Ms,TECTONIC
334,2025-02-19 01:37:00+00:00,14.46,119.98,33,1.7,039 km S 51° W of Morong (Bataan),Ms,TECTONIC
335,2025-02-19 00:57:44+00:00,9.27,125.69,28,2.3,015 km N 90° E of Santiago (Agusan Del Norte),Ms,TECTONIC
336,2025-02-19 00:53:24+00:00,6.45,126.18,30,2.6,025 km S 27° E of Governor Generoso (Davao Oriental),Ms,TECTONIC
337,2025-02-19 00:23:21+00:00,13.08,124.04,31,1.6,015 km S 38° W of Rapu-rapu (Albay),Ms,TECTONIC
338,2025-02-18 23:03:02+00:00,14.13,120.43,110,1.8,022 km N 75° W of Nasugbu (Batangas),Ms,TECTONIC
339,2025-02-18 22:00:18+00:00,10.36,123.21,3,2.0,003 km S 24° W of City Of Canlaon (Negros Oriental),ML,VOLCANO-TECTONIC
340,2025-02-18 21:51:24+00:00,10.36,123.21,2,2.1,003 km S 16° W of City Of Canlaon (Negros Oriental),ML,VOLCANO-TECTONIC
341,2025-02-18 21:36:54+00:00,8.85,126.46,30,2.9,019 km N 74° E of Marihatag (Surigao Del Sur),Ms,TECTONIC
342,2025-02-18 21:18:35+00:00,11.53,125.85,15,2.3,033 km N 51° E of Hernani (Eastern Samar),Ms,TECTONIC
343,2025-02-18 21:10:05+00:00,11.77,124.25,9,2.3,011 km S 88° W of Maripipi (Biliran),Ms,TECTONIC
344,2025-02-18 20:53:12+00:00,7.68,126.09,21,1.8,001 km N 22° E of Compostela (Davao De Oro),Ms,TECTONIC
345,2025-02-18 20:49:16+00:00,9.93,125.57,18,2.1,005 km S 49° W of Dinagat (Dinagat Islands),Ms,TECTONIC
346,2025-02-18 20:18:26+00:00,11.54,125.87,10,3.2,036 km N 52° E of Hernani (Eastern Samar),Ms,TECTONIC
347,2025-02-18 19:13:55+00:00,11.53,125.81,5,2.7,029 km N 46° E of Hernani (Eastern Samar),Ms,TECTONIC
348,2025-02-18 19:05:16+00:00,6.69,125.39,9,2.6,011 km S 88° E of Hagonoy (Davao Del Sur),Ms,TECTONIC
349,2025-02-18 19:03:25+00:00,8.9,126.43,34,1.6,014 km S 82° E of Cagwait (Surigao Del Sur),Ms,TECTONIC
350,2025-02-18 18:42:59+00:00,13.78,120.61,96,1.6,007 km S 26° W of Calatagan (Batangas),Ms,TECTONIC
351,2025-02-18 18:02:45+00:00,8.92,126.46,22,3.3,018 km N 90° E of Cagwait (Surigao Del Sur),Ms,TECTONIC
352,2025-02-18 17:57:14+00:00,11.16,125.68,19,3.0,003 km N 59° E of Salcedo (Eastern Samar),Ms,TECTONIC
353,2025-02-18 17:47:56+00:00,11.57,125.86,7,2.2,036 km N 48° E of Hernani (Eastern Samar),Ms,TECTONIC
354,2025-02-18 16:54:09+00:00,11.61,125.8,5,1.9,035 km N 35° E of Hernani (Eastern Samar),Ms,TECTONIC
355,2025-02-18 16:16:23+00:00,13.72,120.61,103,1.5,014 km N 58° W of Abra De Ilog (Occidental Mindoro),Ms,TECTONIC
356,2025-02-18 16:14:40+00:00,12.98,123.07,8,1.6,019 km S 30° E of San Pascual (Masbate),Ms,TECTONIC
357,2025-02-18 15:17:48+00:00,7.9,126.77,19,1.4,037 km N 70° E of Cateel (Davao Oriental),Ms,TECTONIC
358,2025-02-18 15:17:12+00:00,14.95,122.65,2,2.0,044 km N 51° E of Jomalig (Quezon),Ms,TECTONIC
359,2025-02-18 15:12:53+00:00,11.59,126.05,1,3.5,054 km N 61° E of Hernani (Eastern Samar),Ms,TECTONIC
360,2025-02-18 15:10:43+00:00,10.7,126.04,17,2.2,035 km S 82° E of Homonhon Island (Guiuan) (Eastern Samar),Ms,TECTONIC
361,2025-02-18 15:09:45+00:00,11.53,125.69,10,2.2,022 km N 22° E of Hernani (Eastern Samar),Ms,TECTONIC
362,2025-02-18 15:00:59+00:00,8.84,126.39,28,1.7,011 km N 67° E of Marihatag (Surigao Del Sur),Ms,TECTONIC
363,2025-02-18 14:42:51+00:00,11.55,126.0,3,2.9,048 km N 62° E of Hernani (Eastern Samar),Ms,TECTONIC
364,2025-02-18 14:36:48+00:00,16.3,121.32,1,2.4,003 km S 62° E of Kasibu (Nueva Vizcaya),Ms,TECTONIC
365,2025-02-18 14:34:09+00:00,11.6,125.89,5,2.5,041 km N 47° E of Hernani (Eastern Samar),Ms,TECTONIC
366,2025-02-18 14:26:57+00:00,11.53,125.79,13,3.9,028 km N 42° E of Hernani (Eastern Samar),Ms,TECTONIC
367,2025-02-18 14:03:26+00:00,7.77,122.42,26,1.3,014 km N 21° W of Roseller Lim (Zamboanga Sibugay),Ms,TECTONIC
368,2025-02-18 11:56:33+00:00,11.56,125.89,8,3.0,038 km N 52° E of Hernani (Eastern Samar),Ms,TECTONIC
369,2025-02-18 11:46:51+00:00,8.51,126.65,25,1.6,039 km N 65° E of Hinatuan (Surigao Del Sur),Ms,TECTONIC
370,2025-02-18 11:46:19+00:00,13.92,120.41,54,1.4,026 km N 67° W of Calatagan (Batangas),Ms,TECTONIC
371,2025-02-18 11:03:57+00:00,10.54,125.74,30,1.6,023 km S 04° E of Homonhon Island (Guiuan) (Eastern Samar),Ms,TECTONIC
372,2025-02-18 10:38:37+00:00,4.68,126.1,40,3.4,110 km S 43° E of Balut Island (Municipality Of Sarangani) (Davao Occidental),Ms,TECTONIC
373,2025-02-18 10:11:11+00:00,17.59,122.29,26,2.9,023 km N 13° E of Maconacon (Isabela),Ms,TECTONIC
374,2025-02-18 10:07:28+00:00,7.63,126.53,23,2.2,007 km N 27° W of Baganga (Davao Oriental),Ms,TECTONIC
375,2025-02-18 10:06:53+00:00,7.6,126.68,28,2.4,014 km N 78° E of Baganga (Davao Oriental),Ms,TECTONIC
376,2025-02-18 09:22:36+00:00,9.3,126.34,24,2.4,017 km N 79° E of Cortes (Surigao Del Sur),Ms,TECTONIC
377,2025-02-18 09:16:25+00:00,11.75,124.98,33,1.3,004 km S 68° E of Jiabong (Samar),Ms,TECTONIC
378,2025-02-18 07:52:41+00:00,8.46,122.86,31,1.9,018 km N 82° W of Jose Dalman (Zamboanga Del Norte),Ms,TECTONIC
379,2025-02-18 07:35:52+00:00,9.78,126.64,17,3.8,053 km S 89° E of General Luna (Surigao Del Norte),Ms,TECTONIC
380,2025-02-18 06:28:43+00:00,10.43,123.15,3,1.9,009 km N 59° W of City Of Canlaon (Negros Oriental),ML,VOLCANO-TECTONIC
381,2025-02-18 06:27:51+00:00,10.43,123.16,5,2.3,008 km N 51° W of City Of Canlaon (Negros Oriental),ML,VOLCANO-TECTONIC
382,2025-02-18 06:24:18+00:00,10.42,123.16,4,2.9,007 km N 58° W of City Of Canlaon (Negros Oriental),ML,VOLCANO-TECTONIC
383,2025-02-18 05:32:09+00:00,9.4,126.15,34,2.0,014 km N 19° W of Cortes (Surigao Del Sur),Ms,TECTONIC
384,2025-02-18 05:11:34+00:00,5.79,125.14,28,2.3,007 km S 65° W of Glan (Sarangani),Ms,TECTONIC
385,2025-02-18 04:52:03+00:00,11.45,124.55,23,2.0,004 km S 45° W of Cabucgayan (Biliran),Ms,TECTONIC
386,2025-02-18 03:47:26+00:00,13.65,120.52,43,1.6,024 km S 30° W of Calatagan (Batangas),Ms,TECTONIC
387,2025-02-18 02:46:01+00:00,10.43,125.14,10,2.6,018 km N 75° E of Sogod (Southern Leyte),Ms,TECTONIC
388,2025-02-18 02:40:47+00:00,11.65,125.87,17,2.9,044 km N 39° E of Hernani (Eastern Samar),Ms,TECTONIC
389,2025-02-18 02:16:53+00:00,14.23,120.31,6,1.6,031 km S 40° W of Mariveles (Bataan),Ms,TECTONIC
390,2025-02-18 00:54:22+00:00,14.1,120.42,106,2.1,023 km N 82° W of Nasugbu (Batangas),Ms,TECTONIC
391,2025-02-17 22:37:43+00:00,18.11,120.62,18,3.5,008 km N 84° W of Dingras (Ilocos Norte),Ms,TECTONIC
392,2025-02-17 22:04:58+00:00,7.99,126.71,14,1.7,034 km S 81° E of Lingig (Surigao Del Sur),Ms,TECTONIC
393,2025-02-17 21:34:54+00:00,7.86,127.22,15,2.1,069 km N 87° E of Baganga (Davao Oriental),Ms,TECTONIC
394,2025-02-17 21:13:11+00:00,8.8,125.77,18,2.0,009 km S 76° E of Sibagat (Agusan Del Sur),Ms,TECTONIC
395,2025-02-17 21:04:35+00:00,4.95,126.35,15,3.2,113 km S 59° E of Sarangani Island (Municipality Of Sarangani) (Davao Occidental),Ms,TECTONIC
396,2025-02-17 20:49:42+00:00,14.02,120.51,38,1.6,014 km S 66° W of Nasugbu (Batangas),Ms,TECTONIC
397,2025-02-17 20:38:35+00:00,15.5,121.54,27,1.9,021 km N 52° E of Dingalan (Aurora),Ms,TECTONIC
398,2025-02-17 20:37:22+00:00,8.25,126.86,5,2.8,055 km N 65° E of Lingig (Surigao Del Sur),Ms,TECTONIC
399,2025-02-17 20:30:23+00:00,7.77,122.53,27,1.7,006 km S 75° W of Ipil (Zamboanga Sibugay),Ms,TECTONIC
400,2025-02-17 20:26:18+00:00,8.99,126.42,1,3.6,015 km N 59° E of Cagwait (Surigao Del Sur),Ms,TECTONIC
401,2025-02-17 20:10:06+00:00,7.5,124.39,7,1.6,003 km S 56° E of Buldon (Maguindanao Del Norte),Ms,TECTONIC
402,2025-02-17 20:05:15+00:00,5.52,126.01,31,3.9,060 km N 85° E of Sarangani Island (Municipality Of Sarangani) (Davao Occidental),Ms,TECTONIC
403,2025-02-17 19:42:19+00:00,8.08,126.5,39,1.6,011 km N 63° E of Lingig (Surigao Del Sur),Ms,TECTONIC
404,2025-02-17 19:34:51+00:00,8.37,127.15,17,2.5,089 km N 66° E of Lingig (Surigao Del Sur),Ms,TECTONIC
405,2025-02-17 19:29:06+00:00,14.15,120.43,112,2.1,024 km N 71° W of Nasugbu (Batangas),Ms,TECTONIC
406,2025-02-17 19:20:27+00:00,7.78,122.54,27,1.6,006 km S 82° W of Ipil (Zamboanga Sibugay),Ms,TECTONIC
407,2025-02-17 19:02:39+00:00,11.5,125.69,10,2.4,019 km N 27° E of Hernani (Eastern Samar),Ms,TECTONIC
408,2025-02-17 18:58:32+00:00,17.1,119.98,31,1.6,050 km S 81° W of City Of Candon (Ilocos Sur),Ms,TECTONIC
409,2025-02-17 18:43:13+00:00,15.09,122.82,17,2.0,069 km N 50° E of Jomalig (Quezon),Ms,TECTONIC
410,2025-02-17 18:04:42+00:00,3.95,127.95,203,3.9,323 km S 58° E of Sarangani Island (Municipality Of Sarangani) (Davao Occidental),Ms,TECTONIC
411,2025-02-17 18:00:32+00:00,10.7,126.53,19,2.2,089 km S 87° E of Homonhon Island (Guiuan) (Eastern Samar),Ms,TECTONIC
412,2025-02-17 17:47:42+00:00,16.29,122.02,41,2.1,011 km N 82° W of Casiguran (Aurora),Ms,TECTONIC
413,2025-02-17 17:11:10+00:00,13.95,120.54,208,2.2,017 km N 37° W of Calatagan (Batangas),Ms,TECTONIC
414,2025-02-17 16:45:58+00:00,9.58,124.97,1,2.4,039 km S 18° W of Limasawa (Southern Leyte),Ms,TECTONIC
415,2025-02-17 16:29:22+00:00,11.55,125.85,18,2.1,034 km N 49° E of Hernani (Eastern Samar),Ms,TECTONIC
416,2025-02-17 16:05:34+00:00,7.8,122.51,32,1.5,009 km N 77° W of Ipil (Zamboanga Sibugay),Ms,TECTONIC
417,2025-02-17 15:50:47+00:00,8.09,125.93,20,2.3,003 km N 50° W of Veruela (Agusan Del Sur),Ms,TECTONIC
418,2025-02-17 15:48:34+00:00,13.57,120.69,99,1.7,014 km N 18° W of Abra De Ilog (Occidental Mindoro),Ms,TECTONIC
419,2025-02-17 15:45:09+00:00,11.66,125.76,7,2.7,033 km N 59° E of Maydolong (Eastern Samar),Ms,TECTONIC
420,2025-02-17 15:12:26+00:00,12.9,123.05,5,1.8,022 km N 89° W of Claveria (Masbate),Ms,TECTONIC
421,2025-02-17 15:01:17+00:00,13.72,120.6,34,1.6,013 km S 16° W of Calatagan (Batangas),Ms,TECTONIC
422,2025-02-17 15:00:45+00:00,7.92,126.56,46,2.7,018 km N 39° E of Cateel (Davao Oriental),Ms,TECTONIC
423,2025-02-17 14:06:20+00:00,13.42,120.61,3,2.0,013 km S 78° W of Abra De Ilog (Occidental Mindoro),Ms,TECTONIC
424,2025-02-17 13:54:44+00:00,10.85,125.43,87,3.6,029 km S 09° E of Balangiga (Eastern Samar),Ms,TECTONIC
425,2025-02-17 13:50:00+00:00,11.52,125.76,9,3.2,025 km N 40° E of Hernani (Eastern Samar),Ms,TECTONIC
426,2025-02-17 13:42:08+00:00,7.05,126.72,137,2.2,027 km S 48° E of Manay (Davao Oriental),Ms,TECTONIC
427,2025-02-17 13:22:29+00:00,10.76,122.47,34,1.6,003 km S 02° E of San Miguel (Iloilo),Ms,TECTONIC
428,2025-02-17 13:07:33+00:00,15.17,122.91,1,2.8,077 km N 03° W of Tinaga Island (Vinzons) (Camarines Norte),Ms,TECTONIC
429,2025-02-17 12:38:38+00:00,9.29,125.64,8,3.2,010 km N 76° E of Santiago (Agusan Del Norte),Ms,TECTONIC
430,2025-02-17 12:11:58+00:00,16.07,120.56,124,2.3,002 km N 26° E of Laoac (Pangasinan),Ms,TECTONIC
431,2025-02-17 11:51:21+00:00,11.5,125.8,6,2.7,026 km N 50° E of Hernani (Eastern Samar),Ms,TECTONIC
432,2025-02-17 11:18:50+00:00,14.97,122.68,2,1.9,048 km N 51° E of Jomalig (Quezon),Ms,TECTONIC
433,2025-02-17 11:10:57+00:00,15.16,122.84,1,2.2,076 km N 47° E of Jomalig (Quezon),Ms,TECTONIC
434,2025-02-17 10:28:11+00:00,15.2,122.91,1,4.4,079 km N 01° W of Tinaga Island (Vinzons) (Camarines Norte),Mw,TECTONIC
435,2025-02-17 10:15:01+00:00,11.52,125.96,7,2.9,042 km N 62° E of Hernani (Eastern Samar),Ms,TECTONIC
436,2025-02-17 09:59:16+00:00,5.71,125.72,43,3.2,023 km S 21° E of Jose Abad Santos (Davao Occidental),Ms,TECTONIC
437,2025-02-17 08:23:34+00:00,7.39,126.2,1,2.7,012 km N 43° E of Maragusan (Davao De Oro),Ms,TECTONIC
438,2025-02-17 07:11:41+00:00,10.19,122.5,1,2.2,028 km N 30° W of Cauayan (Negros Occidental),Ms,TECTONIC
439,2025-02-17 06:37:56+00:00,12.41,124.54,30,1.6,014 km S 10° W of Bobon (Northern Samar),Ms,TECTONIC
440,2025-02-17 06:24:27+00:00,5.46,125.73,58,2.7,029 km S 87° E of Sarangani Island (Municipality Of Sarangani) (Davao Occidental),Ms,TECTONIC
441,2025-02-17 05:30:42+00:00,9.98,122.32,16,2.9,026 km N 28° W of City Of Sipalay (Negros Occidental),Ms,TECTONIC
442,2025-02-17 04:29:48+00:00,8.39,126.66,32,1.8,035 km N 86° E of Hinatuan (Surigao Del Sur),Ms,TECTONIC
443,2025-02-17 04:20:25+00:00,8.13,126.74,21,1.5,037 km N 75° E of Lingig (Surigao Del Sur),Ms,TECTONIC
444,2025-02-17 04:19:29+00:00,19.11,120.98,3,4.3,024 km N 89° W of Dalupiri Island (Calayan) (Cagayan),Ms,TECTONIC
445,2025-02-17 03:59:38+00:00,12.62,124.71,10,1.8,013 km N 22° W of Mondragon (Northern Samar),Ms,TECTONIC
446,2025-02-17 03:47:13+00:00,9.69,122.1,6,2.5,037 km S 76° W of City Of Sipalay (Negros Occidental),Ms,TECTONIC
447,2025-02-17 03:35:15+00:00,5.7,125.09,13,2.9,019 km S 43° W of Glan (Sarangani),Ms,TECTONIC
448,2025-02-17 03:25:21+00:00,10.02,122.46,21,2.0,019 km N 75° W of Cauayan (Negros Occidental),Ms,TECTONIC
449,2025-02-17 03:23:19+00:00,15.5,121.35,13,1.8,005 km N 13° E of Gabaldon (Nueva Ecija),Ms,TECTONIC
450,2025-02-17 03:20:05+00:00,9.88,122.2,13,2.8,028 km N 64° W of City Of Sipalay (Negros Occidental),Ms,TECTONIC
451,2025-02-17 03:13:43+00:00,6.01,126.78,4,2.7,105 km S 48° E of Governor Generoso (Davao Oriental),Ms,TECTONIC
452,2025-02-17 03:03:39+00:00,11.51,125.82,3,3.2,029 km N 51° E of Hernani (Eastern Samar),Ms,TECTONIC
453,2025-02-17 02:15:18+00:00,6.88,123.99,34,1.7,017 km N 81° W of South Upi (Maguindanao Del Sur),Ms,TECTONIC
454,2025-02-17 01:39:11+00:00,13.11,120.93,33,2.1,023 km N 84° E of Santa Cruz (Occidental Mindoro),Ms,TECTONIC
455,2025-02-17 01:20:59+00:00,12.46,125.31,6,2.0,023 km S 66° E of Palapag (Northern Samar),Ms,TECTONIC
456,2025-02-17 01:15:11+00:00,6.09,126.49,83,3.8,077 km S 36° E of Governor Generoso (Davao Oriental),Ms,TECTONIC
457,2025-02-17 00:47:23+00:00,8.59,122.63,5,2.0,047 km N 69° W of Jose Dalman (Zamboanga Del Norte),Ms,TECTONIC
458,2025-02-17 00:29:08+00:00,8.0,124.49,5,2.2,012 km S 47° E of Tagoloan II (Lanao Del Sur),Ms,TECTONIC
459,2025-02-16 23:40:31+00:00,8.38,126.03,122,2.3,003 km N 86° E of Rosario (Agusan Del Sur),Ms,TECTONIC
460,2025-02-16 23:17:57+00:00,13.01,124.84,27,2.2,051 km N 11° W of Pambujan (Northern Samar),Ms,TECTONIC
461,2025-02-16 23:10:50+00:00,12.86,122.84,5,2.8,053 km N 41° E of Magdiwang (Romblon),Ms,TECTONIC
462,2025-02-16 23:02:36+00:00,6.59,124.28,6,2.3,015 km N 17° W of Senator Ninoy Aquino (Sultan Kudarat),Ms,TECTONIC
463,2025-02-16 22:53:25+00:00,11.62,125.75,9,2.4,030 km N 63° E of Maydolong (Eastern Samar),Ms,TECTONIC
464,2025-02-16 22:25:54+00:00,9.06,126.11,33,2.2,007 km S 82° W of City Of Tandag (Surigao Del Sur),Ms,TECTONIC
465,2025-02-16 21:38:28+00:00,13.99,120.53,87,2.2,021 km N 31° W of Calatagan (Batangas),Ms,TECTONIC
466,2025-02-16 21:26:56+00:00,16.45,122.37,15,2.5,014 km S 53° E of Dinapigue (Isabela),Ms,TECTONIC
467,2025-02-16 21:24:14+00:00,8.67,126.34,27,1.6,028 km N 81° E of Lianga (Surigao Del Sur),Ms,TECTONIC
468,2025-02-16 20:49:42+00:00,8.78,126.91,1,2.6,068 km S 88° E of Marihatag (Surigao Del Sur),Ms,TECTONIC
469,2025-02-16 20:48:26+00:00,11.57,125.9,8,3.0,039 km N 52° E of Hernani (Eastern Samar),Ms,TECTONIC
470,2025-02-16 19:54:04+00:00,11.56,125.68,14,2.6,021 km N 71° E of Maydolong (Eastern Samar),Ms,TECTONIC
471,2025-02-16 19:49:11+00:00,6.59,126.56,13,2.2,052 km S 13° E of Tarragona (Davao Oriental),Ms,TECTONIC
472,2025-02-16 19:41:31+00:00,11.57,125.59,8,2.0,012 km N 52° E of Maydolong (Eastern Samar),Ms,TECTONIC
473,2025-02-16 19:40:02+00:00,9.95,123.07,33,1.6,015 km S 78° W of Jimalalud (Negros Oriental),Ms,TECTONIC
474,2025-02-16 19:10:16+00:00,16.45,122.42,13,3.2,018 km S 64° E of Dinapigue (Isabela),Ms,TECTONIC
475,2025-02-16 18:24:22+00:00,8.55,125.98,37,1.8,005 km N 08° E of San Francisco (Agusan Del Sur),Ms,TECTONIC
476,2025-02-16 18:16:12+00:00,5.58,124.84,16,2.6,051 km S 28° E of Kiamba (Sarangani),Ms,TECTONIC
477,2025-02-16 17:48:06+00:00,13.71,120.63,104,1.8,014 km S 01° E of Calatagan (Batangas),Ms,TECTONIC
478,2025-02-16 17:38:27+00:00,6.16,124.72,16,3.1,007 km S 12° E of Lake Sebu (South Cotabato),Ms,TECTONIC
479,2025-02-16 17:30:58+00:00,11.52,125.76,8,2.5,021 km N 22° E of Hernani (Eastern Samar),Ms,TECTONIC
480,2025-02-16 17:24:52+00:00,8.41,126.75,19,2.2,046 km N 84° E of Hinatuan (Surigao Del Sur),Ms,TECTONIC
481,2025-02-16 17:23:11+00:00,11.54,125.82,4,3.1,031 km N 45° E of Hernani (Eastern Samar),Ms,TECTONIC
482,2025-02-16 17:10:00+00:00,11.55,125.9,4,2.6,039 km N 54° E of Hernani (Eastern Samar),Ms,TECTONIC
483,2025-02-16 16:32:58+00:00,13.8,120.56,122,2.2,008 km S 68° W of Calatagan (Batangas),Ms,TECTONIC
484,2025-02-16 16:08:59+00:00,14.32,119.71,21,2.3,067 km N 41° W of Lubang (Occidental Mindoro),Ms,TECTONIC
485,2025-02-16 15:24:34+00:00,13.43,120.71,57,2.1,002 km S 42° W of Abra De Ilog (Occidental Mindoro),Ms,TECTONIC
486,2025-02-16 15:14:31+00:00,10.41,123.23,3,2.6,003 km N 37° E of City Of Canlaon (Negros Oriental),ML,VOLCANO-TECTONIC
487,2025-02-16 15:14:05+00:00,16.31,119.78,50,1.9,015 km S 53° W of Bolinao (Pangasinan),Ms,TECTONIC
488,2025-02-16 14:40:17+00:00,17.73,120.17,26,1.7,026 km N 62° W of San Ildefonso (Ilocos Sur),Ms,TECTONIC
489,2025-02-16 14:35:22+00:00,8.34,126.73,11,2.4,044 km S 85° E of Hinatuan (Surigao Del Sur),Ms,TECTONIC
490,2025-02-16 12:57:54+00:00,15.07,119.85,31,2.2,023 km N 88° W of San Felipe (Zambales),Ms,TECTONIC
491,2025-02-16 12:38:20+00:00,11.56,125.85,8,3.5,034 km N 47° E of Hernani (Eastern Samar),Ms,TECTONIC
492,2025-02-16 11:55:28+00:00,11.55,125.82,12,4.3,031 km N 44° E of Hernani (Eastern Samar),Ms,TECTONIC
493,2025-02-16 11:43:59+00:00,11.54,125.89,7,4.5,037 km N 54° E of Hernani (Eastern Samar),Mw,TECTONIC
494,2025-02-16 11:03:47+00:00,13.31,120.72,33,1.5,015 km S 04° W of Abra De Ilog (Occidental Mindoro),Ms,TECTONIC
495,2025-02-16 10:12:33+00:00,7.26,124.79,13,1.8,006 km N 07° W of Carmen (Cotabato),Ms,TECTONIC
496,2025-02-16 10:06:08+00:00,8.23,124.51,6,2.0,011 km S 89° W of Talakag (Bukidnon),Ms,TECTONIC
497,2025-02-16 09:56:22+00:00,7.34,125.9,2,2.7,005 km S 47° E of Maco (Davao De Oro),Ms,TECTONIC
498,2025-02-16 08:54:25+00:00,11.48,125.75,8,2.4,021 km N 43° E of Hernani (Eastern Samar),Ms,TECTONIC
499,2025-02-16 06:47:23+00:00,6.45,125.43,107,2.4,012 km S 26° W of Santa Maria (Davao Occidental),Ms,TECTONIC
500,2025-02-16 06:20:46+00:00,14.24,120.37,112,2.1,025 km S 31° W of Mariveles (Bataan),Ms,TECTONIC
501,2025-02-16 05:54:05+00:00,5.94,127.17,27,2.3,145 km S 57° E of Governor Generoso (Davao Oriental),Ms,TECTONIC
502,2025-02-16 05:12:31+00:00,8.14,124.55,3,2.2,012 km S 28° W of Talakag (Bukidnon),Ms,TECTONIC
503,2025-02-16 04:33:39+00:00,9.73,122.48,24,2.7,007 km S 48° E of City Of Sipalay (Negros Occidental),Ms,TECTONIC
504,2025-02-16 04:26:38+00:00,11.55,125.71,14,2.7,024 km N 78° E of Maydolong (Eastern Samar),Ms,TECTONIC
505,2025-02-16 04:26:13+00:00,11.51,125.67,6,1.7,018 km N 86° E of Maydolong (Eastern Samar),Ms,TECTONIC
506,2025-02-16 03:35:08+00:00,14.05,120.4,198,1.6,026 km S 84° W of Nasugbu (Batangas),Ms,TECTONIC
507,2025-02-16 03:17:58+00:00,8.61,126.61,9,2.0,040 km S 59° E of Marihatag (Surigao Del Sur),Ms,TECTONIC
508,2025-02-16 03:05:44+00:00,9.57,126.14,1,2.6,020 km S 73° E of Socorro (Surigao Del Norte),Ms,TECTONIC
509,2025-02-16 01:59:27+00:00,18.58,121.02,24,1.3,004 km S 55° E of Santa Praxedes (Cagayan),Ms,TECTONIC
510,2025-02-16 01:53:39+00:00,14.07,120.47,119,1.6,018 km West of Nasugbu (Batangas),Ms,TECTONIC
511,2025-02-16 01:36:42+00:00,8.4,127.41,14,3.1,116 km N 70° E of Lingig (Surigao Del Sur),Ms,TECTONIC
512,2025-02-16 01:27:01+00:00,5.27,125.22,1,3.1,027 km S 54° W of Balut Island (Municipality Of Sarangani) (Davao Occidental),Ms,TECTONIC
513,2025-02-16 00:10:21+00:00,12.91,123.08,8,1.7,019 km N 88° W of Claveria (Masbate),Ms,TECTONIC
514,2025-02-15 23:47:39+00:00,10.41,123.22,5,2.5,002 km N 10° E of City Of Canlaon (Negros Oriental),ML,VOLCANO-TECTONIC
515,2025-02-15 23:43:57+00:00,10.42,123.22,5,2.4,003 km N 06° E of City Of Canlaon (Negros Oriental),ML,VOLCANO-TECTONIC
516,2025-02-15 23:24:17+00:00,13.67,120.6,94,1.9,019 km S 12° W of Calatagan (Batangas),Ms,TECTONIC
517,2025-02-15 23:22:34+00:00,8.52,126.66,10,2.3,039 km N 65° E of Hinatuan (Surigao Del Sur),Ms,TECTONIC
518,2025-02-15 22:54:15+00:00,8.2,126.49,78,2.5,019 km N 25° E of Lingig (Surigao Del Sur),Ms,TECTONIC
519,2025-02-15 22:36:28+00:00,13.77,120.58,95,2.1,009 km S 41° W of Calatagan (Batangas),Ms,TECTONIC
520,2025-02-15 22:19:01+00:00,7.86,125.38,5,4.1,009 km S 39° E of San Fernando (Bukidnon),Ms,TECTONIC
521,2025-02-15 22:04:04+00:00,9.6,124.62,15,1.7,016 km S 17° E of Anda (Bohol),Ms,TECTONIC
522,2025-02-15 22:02:12+00:00,9.77,125.82,33,1.8,020 km S 56° W of Del Carmen (Surigao Del Norte),Ms,TECTONIC
523,2025-02-15 21:53:22+00:00,12.26,124.77,36,1.6,011 km S 48° W of Silvino Lobos (Northern Samar),Ms,TECTONIC
524,2025-02-15 21:36:45+00:00,16.39,122.2,14,2.7,001 km S 74° W of Dilasag (Aurora),Ms,TECTONIC
525,2025-02-15 21:29:11+00:00,8.62,126.66,25,2.2,045 km N 52° E of Hinatuan (Surigao Del Sur),Ms,TECTONIC
526,2025-02-15 20:26:56+00:00,7.97,127.23,17,2.9,086 km N 60° E of Baganga (Davao Oriental),Ms,TECTONIC
527,2025-02-15 20:16:14+00:00,12.11,123.92,1,1.9,005 km S 10° W of Palanas (Masbate),Ms,TECTONIC
528,2025-02-15 20:12:37+00:00,8.78,126.69,20,2.2,043 km S 88° E of Marihatag (Surigao Del Sur),Ms,TECTONIC
529,2025-02-15 19:53:51+00:00,10.54,126.78,23,2.9,096 km N 54° E of Burgos (Surigao Del Norte),Ms,TECTONIC
530,2025-02-15 19:51:18+00:00,8.3,126.65,34,1.3,035 km S 78° E of Hinatuan (Surigao Del Sur),Ms,TECTONIC
531,2025-02-15 19:22:58+00:00,8.17,125.98,21,1.8,002 km S 53° W of Bunawan (Agusan Del Sur),Ms,TECTONIC
532,2025-02-15 18:17:24+00:00,13.14,124.14,6,2.3,005 km S 13° E of Rapu-rapu (Albay),Ms,TECTONIC
533,2025-02-15 18:12:02+00:00,15.33,119.86,34,1.7,018 km N 75° W of Botolan (Zambales),Ms,TECTONIC
534,2025-02-15 17:50:49+00:00,12.9,119.19,34,2.1,117 km N 44° W of Busuanga (Palawan),Ms,TECTONIC
535,2025-02-15 17:34:49+00:00,11.12,126.27,14,2.9,060 km N 81° E of Guiuan (Eastern Samar),Ms,TECTONIC
536,2025-02-15 17:14:28+00:00,11.51,125.84,4,2.3,031 km N 53° E of Hernani (Eastern Samar),Ms,TECTONIC
537,2025-02-15 17:07:53+00:00,5.75,125.72,59,4.0,041 km N 41° E of Sarangani Island (Municipality Of Sarangani) (Davao Occidental),Ms,TECTONIC
538,2025-02-15 16:35:28+00:00,11.57,125.96,8,3.3,045 km N 57° E of Hernani (Eastern Samar),Ms,TECTONIC
539,2025-02-15 16:19:29+00:00,10.14,122.26,3,3.1,049 km S 48° E of Anini-y (Antique),Ms,TECTONIC
540,2025-02-15 16:12:39+00:00,7.86,126.78,26,1.9,037 km N 77° E of Cateel (Davao Oriental),Ms,TECTONIC
541,2025-02-15 16:08:08+00:00,13.94,120.54,87,1.2,016 km N 41° W of Calatagan (Batangas),Ms,TECTONIC
542,2025-02-15 16:01:45+00:00,9.75,122.39,13,1.8,006 km S 61° W of City Of Sipalay (Negros Occidental),Ms,TECTONIC
543,2025-02-15 16:00:39+00:00,13.16,120.92,38,2.1,023 km N 70° E of Santa Cruz (Occidental Mindoro),Ms,TECTONIC
544,2025-02-15 16:00:16+00:00,9.67,122.17,10,2.2,031 km S 69° W of City Of Sipalay (Negros Occidental),Ms,TECTONIC
545,2025-02-15 15:52:04+00:00,8.46,126.24,30,1.6,009 km S 89° E of Tagbina (Surigao Del Sur),Ms,TECTONIC
546,2025-02-15 15:32:50+00:00,9.26,126.26,45,2.0,007 km S 81° E of Cortes (Surigao Del Sur),Ms,TECTONIC
547,2025-02-15 15:14:12+00:00,7.75,126.98,12,1.7,050 km N 67° E of Baganga (Davao Oriental),Ms,TECTONIC
548,2025-02-15 15:06:24+00:00,14.16,122.47,1,2.2,009 km S 75° E of Santa Elena (Camarines Norte),Ms,TECTONIC
549,2025-02-15 14:47:33+00:00,13.73,120.64,120,1.8,011 km S 05° E of Calatagan (Batangas),Ms,TECTONIC
550,2025-02-15 14:37:36+00:00,8.38,125.61,72,2.0,020 km S 46° W of San Luis (Agusan Del Sur),Ms,TECTONIC
551,2025-02-15 14:37:15+00:00,11.64,125.61,13,2.0,019 km N 37° E of Maydolong (Eastern Samar),Ms,TECTONIC
552,2025-02-15 14:34:13+00:00,6.51,123.84,4,3.2,023 km S 79° W of Kalamansig (Sultan Kudarat),Ms,TECTONIC
553,2025-02-15 14:22:32+00:00,11.52,125.83,5,2.2,030 km N 50° E of Hernani (Eastern Samar),Ms,TECTONIC
554,2025-02-15 14:18:12+00:00,7.81,126.76,19,1.6,033 km N 86° E of Cateel (Davao Oriental),Ms,TECTONIC
555,2025-02-15 14:16:12+00:00,7.83,127.22,1,2.9,078 km N 69° E of Baganga (Davao Oriental),Ms,TECTONIC
556,2025-02-15 14:12:38+00:00,11.54,125.87,12,3.2,035 km N 51° E of Hernani (Eastern Samar),Ms,TECTONIC
557,2025-02-15 14:08:29+00:00,11.53,125.79,19,1.5,028 km N 43° E of Hernani (Eastern Samar),Ms,TECTONIC
558,2025-02-15 14:06:08+00:00,11.57,125.91,10,3.5,041 km N 53° E of Hernani (Eastern Samar),Ms,TECTONIC
559,2025-02-15 13:56:01+00:00,11.56,125.71,14,2.3,026 km N 24° E of Hernani (Eastern Samar),Ms,TECTONIC
560,2025-02-15 13:54:07+00:00,11.57,125.69,14,3.1,022 km N 70° E of Maydolong (Eastern Samar),Ms,TECTONIC
561,2025-02-15 13:52:36+00:00,11.54,125.85,7,3.0,024 km N 36° E of Hernani (Eastern Samar),Ms,TECTONIC
562,2025-02-15 13:49:44+00:00,12.84,123.0,8,2.8,028 km S 76° W of Claveria (Masbate),Ms,TECTONIC
563,2025-02-15 13:36:24+00:00,13.71,120.91,27,1.6,006 km S 32° W of Mabini (Batangas),Ms,TECTONIC
564,2025-02-15 13:32:44+00:00,9.06,126.17,6,2.0,002 km S 04° W of City Of Tandag (Surigao Del Sur),Ms,TECTONIC
565,2025-02-15 13:11:10+00:00,11.05,125.53,32,2.2,011 km S 49° E of Giporlos (Eastern Samar),Ms,TECTONIC
566,2025-02-15 12:54:53+00:00,9.71,122.4,59,3.8,007 km S 26° W of City Of Sipalay (Negros Occidental),Ms,TECTONIC
567,2025-02-15 12:42:31+00:00,11.61,125.64,9,2.0,019 km N 52° E of Maydolong (Eastern Samar),Ms,TECTONIC
568,2025-02-15 12:38:54+00:00,11.52,125.82,9,3.7,029 km N 49° E of Hernani (Eastern Samar),Ms,TECTONIC
569,2025-02-15 12:01:16+00:00,11.56,125.79,5,4.0,030 km N 40° E of Hernani (Eastern Samar),Ms,TECTONIC
570,2025-02-15 11:27:42+00:00,11.57,125.61,11,2.0,014 km N 56° E of Maydolong (Eastern Samar),Ms,TECTONIC
571,2025-02-15 10:59:10+00:00,9.88,126.1,21,3.1,002 km N 11° W of Pilar (Surigao Del Norte),Ms,TECTONIC
572,2025-02-15 10:41:36+00:00,11.56,125.8,5,2.5,031 km N 41° E of Hernani (Eastern Samar),Ms,TECTONIC
573,2025-02-15 10:02:36+00:00,11.54,125.76,6,2.7,027 km N 36° E of Hernani (Eastern Samar),Ms,TECTONIC
574,2025-02-15 09:59:30+00:00,8.01,124.5,7,2.1,013 km N 78° E of Bubong (Lanao Del Sur),Ms,TECTONIC
575,2025-02-15 09:50:36+00:00,6.38,126.46,123,2.3,053 km S 55° E of Governor Generoso (Davao Oriental),Ms,TECTONIC
576,2025-02-15 09:41:35+00:00,15.6,121.95,33,1.5,045 km S 67° E of Baler (Aurora),Ms,TECTONIC
577,2025-02-15 09:17:17+00:00,11.52,125.71,12,2.1,022 km N 28° E of Hernani (Eastern Samar),Ms,TECTONIC
578,2025-02-15 09:09:23+00:00,6.44,126.34,77,2.5,038 km S 51° E of Governor Generoso (Davao Oriental),Ms,TECTONIC
579,2025-02-15 08:55:32+00:00,11.53,125.85,6,4.2,033 km N 51° E of Hernani (Eastern Samar),Ms,TECTONIC
580,2025-02-15 08:29:43+00:00,7.95,125.21,22,2.0,013 km N 73° W of San Fernando (Bukidnon),Ms,TECTONIC
581,2025-02-15 08:22:22+00:00,11.57,125.63,16,2.5,016 km N 61° E of Maydolong (Eastern Samar),Ms,TECTONIC
582,2025-02-15 06:41:50+00:00,6.81,126.75,115,2.0,043 km S 51° E of Tarragona (Davao Oriental),Ms,TECTONIC
583,2025-02-15 06:23:44+00:00,11.52,125.72,4,2.8,022 km N 31° E of Hernani (Eastern Samar),Ms,TECTONIC
584,2025-02-15 05:52:25+00:00,11.54,125.74,4,2.6,026 km N 31° E of Hernani (Eastern Samar),Ms,TECTONIC
585,2025-02-15 05:30:29+00:00,4.86,127.0,1,3.5,182 km S 68° E of Sarangani Island (Municipality Of Sarangani) (Davao Occidental),Ms,TECTONIC
586,2025-02-15 04:26:45+00:00,9.2,125.67,41,1.7,014 km S 60° E of Santiago (Agusan Del Norte),Ms,TECTONIC
587,2025-02-15 03:33:35+00:00,11.51,125.71,7,3.1,023 km N 87° E of Maydolong (Eastern Samar),Ms,TECTONIC
588,2025-02-15 03:19:27+00:00,13.7,120.63,85,1.4,014 km S 02° W of Calatagan (Batangas),Ms,TECTONIC
589,2025-02-15 02:52:55+00:00,13.94,120.55,88,1.4,015 km N 37° W of Calatagan (Batangas),Ms,TECTONIC
590,2025-02-15 02:37:52+00:00,18.52,120.97,1,3.0,006 km S 27° W of Santa Praxedes (Cagayan),Ms,TECTONIC
591,2025-02-15 02:12:38+00:00,11.56,125.61,1,2.5,014 km N 60° E of Maydolong (Eastern Samar),Ms,TECTONIC
592,2025-02-15 01:53:14+00:00,18.43,120.99,2,1.9,010 km S 70° E of Adams (Ilocos Norte),Ms,TECTONIC
593,2025-02-15 01:46:41+00:00,11.6,125.37,21,1.7,018 km N 52° W of Maydolong (Eastern Samar),Ms,TECTONIC
594,2025-02-15 01:43:27+00:00,11.4,125.46,28,1.5,012 km S 23° W of Maydolong (Eastern Samar),Ms,TECTONIC
595,2025-02-15 01:34:35+00:00,11.52,125.56,21,1.7,007 km N 77° E of Maydolong (Eastern Samar),Ms,TECTONIC
596,2025-02-15 01:33:35+00:00,11.5,125.59,26,1.8,010 km S 88° E of Maydolong (Eastern Samar),Ms,TECTONIC
597,2025-02-15 01:30:04+00:00,11.64,125.47,11,1.4,015 km N 11° W of Maydolong (Eastern Samar),Ms,TECTONIC
598,2025-02-15 01:28:43+00:00,11.6,125.54,17,1.6,012 km N 23° E of Maydolong (Eastern Samar),Ms,TECTONIC
599,2025-02-15 01:20:24+00:00,11.51,125.63,3,3.0,014 km N 85° E of Maydolong (Eastern Samar),Ms,TECTONIC
600,2025-02-15 01:18:49+00:00,11.54,125.95,12,5.2,043 km N 60° E of Hernani (Eastern Samar),Mw,TECTONIC
601,2025-02-15 23:47:39+00:00,10.41,123.22,5,2.5,002 km N 10° E of City Of Canlaon (Negros Oriental),ML,VOLCANO-TECTONIC
602,2025-02-15 00:38:51+00:00,7.96,126.21,25,2.2,019 km S 63° E of Trento (Agusan Del Sur),Ms,TECTONIC
603,2025-02-15 00:28:58+00:00,12.82,122.98,20,4.9,031 km S 72° W of Claveria (Masbate),Mw,TECTONIC
604,2025-02-15 00:26:11+00:00,11.72,125.46,4,2.3,004 km S 15° E of San Julian (Eastern Samar),Ms,TECTONIC
605,2025-02-15 00:18:58+00:00,9.43,122.63,13,1.8,003 km N 20° W of Basay (Negros Oriental),Ms,TECTONIC
606,2025-02-14 23:44:37+00:00,8.02,124.61,6,2.4,024 km S 03° E of Talakag (Bukidnon),Ms,TECTONIC
607,2025-02-14 23:41:09+00:00,11.52,125.58,10,2.0,009 km N 77° E of Maydolong (Eastern Samar),Ms,TECTONIC
608,2025-02-14 23:12:46+00:00,11.56,125.88,12,2.8,037 km N 51° E of Hernani (Eastern Samar),Ms,TECTONIC
609,2025-02-14 22:46:52+00:00,10.01,125.47,9,1.5,011 km S 85° W of San Jose (Dinagat Islands),Ms,TECTONIC
610,2025-02-14 22:41:49+00:00,18.06,121.55,33,1.6,006 km N 89° W of Lasam (Cagayan),Ms,TECTONIC
611,2025-02-14 22:17:14+00:00,11.53,125.85,10,3.3,032 km N 51° E of Hernani (Eastern Samar),Ms,TECTONIC
612,2025-02-14 21:53:08+00:00,9.56,126.02,2,2.1,009 km S 44° E of Socorro (Surigao Del Norte),Ms,TECTONIC
613,2025-02-14 21:47:17+00:00,11.51,125.83,6,2.7,030 km N 53° E of Hernani (Eastern Samar),Ms,TECTONIC
614,2025-02-14 21:09:10+00:00,12.57,124.79,31,1.9,007 km N 36° E of Mondragon (Northern Samar),Ms,TECTONIC
615,2025-02-14 21:02:31+00:00,8.53,127.01,4,2.0,076 km N 77° E of Hinatuan (Surigao Del Sur),Ms,TECTONIC
616,2025-02-14 20:51:27+00:00,11.5,125.65,5,2.6,017 km N 11° E of Hernani (Eastern Samar),Ms,TECTONIC
617,2025-02-14 20:39:40+00:00,5.39,125.92,52,2.0,051 km S 80° E of Sarangani Island (Municipality Of Sarangani) (Davao Occidental),Ms,TECTONIC
618,2025-02-14 20:18:02+00:00,10.52,125.99,73,2.1,038 km S 51° E of Homonhon Island (Guiuan) (Eastern Samar),Ms,TECTONIC
619,2025-02-14 19:55:42+00:00,11.55,125.83,7,3.9,033 km N 47° E of Hernani (Eastern Samar),Ms,TECTONIC
620,2025-02-14 18:43:41+00:00,17.41,119.4,16,2.7,104 km S 79° W of Santa Catalina (Ilocos Sur),Ms,TECTONIC
621,2025-02-14 18:33:13+00:00,11.57,125.56,16,2.2,010 km N 40° E of Maydolong (Eastern Samar),Ms,TECTONIC
622,2025-02-14 18:24:13+00:00,11.52,125.72,8,2.8,022 km N 31° E of Hernani (Eastern Samar),Ms,TECTONIC
623,2025-02-14 18:16:13+00:00,11.4,125.74,2,2.0,015 km N 64° E of Hernani (Eastern Samar),Ms,TECTONIC
624,2025-02-14 18:06:30+00:00,7.33,125.85,19,2.1,003 km N 20° W of Mabini (Davao De Oro),Ms,TECTONIC
625,2025-02-14 17:59:30+00:00,12.49,123.64,7,1.6,013 km N 85° W of San Fernando (Masbate),Ms,TECTONIC
626,2025-02-14 17:45:54+00:00,11.49,125.86,6,3.8,031 km N 59° E of Hernani (Eastern Samar),Ms,TECTONIC
627,2025-02-14 17:45:27+00:00,12.93,120.89,16,1.4,015 km N 50° E of Sablayan (Occidental Mindoro),Ms,TECTONIC
628,2025-02-14 17:35:24+00:00,7.67,126.86,25,2.2,034 km N 72° E of Baganga (Davao Oriental),Ms,TECTONIC
629,2025-02-14 17:21:58+00:00,9.31,126.14,50,2.0,007 km N 56° W of Cortes (Surigao Del Sur),Ms,TECTONIC
630,2025-02-14 16:50:12+00:00,10.73,126.16,16,2.6,047 km S 88° E of Homonhon Island (Guiuan) (Eastern Samar),Ms,TECTONIC
631,2025-02-14 16:40:39+00:00,15.68,121.55,30,1.3,005 km S 38° E of San Luis (Aurora),Ms,TECTONIC
632,2025-02-14 16:36:40+00:00,11.48,125.91,2,3.5,035 km N 66° E of Hernani (Eastern Samar),Ms,TECTONIC
633,2025-02-14 15:42:56+00:00,11.49,125.78,5,2.6,024 km N 48° E of Hernani (Eastern Samar),Ms,TECTONIC
634,2025-02-14 15:40:30+00:00,8.04,124.87,1,1.6,017 km N 74° W of Lantapan (Bukidnon),Ms,TECTONIC
635,2025-02-14 15:38:42+00:00,8.07,126.55,27,1.5,016 km N 76° E of Lingig (Surigao Del Sur),Ms,TECTONIC
636,2025-02-14 15:17:16+00:00,10.38,123.09,7,2.3,010 km N 49° E of La Castellana (Negros Occidental),ML,VOLCANO-TECTONIC
637,2025-02-14 14:49:15+00:00,11.64,125.68,9,1.5,025 km N 53° E of Maydolong (Eastern Samar),Ms,TECTONIC
638,2025-02-14 14:44:27+00:00,2.02,126.86,74,4.1,408 km S 23° E of Balut Island (Municipality Of Sarangani) (Davao Occidental),Ms,TECTONIC
639,2025-02-14 14:22:27+00:00,8.46,125.88,11,2.2,011 km N 81° E of Talacogon (Agusan Del Sur),Ms,TECTONIC
640,2025-02-14 14:21:52+00:00,11.49,125.78,12,3.5,024 km N 48° E of Hernani (Eastern Samar),Ms,TECTONIC
641,2025-02-14 14:18:18+00:00,11.53,125.83,14,4.2,031 km N 50° E of Hernani (Eastern Samar),Ms,TECTONIC
642,2025-02-14 14:08:59+00:00,11.55,125.47,21,1.5,007 km N 32° W of Maydolong (Eastern Samar),Ms,TECTONIC
643,2025-02-14 13:57:41+00:00,11.49,125.81,12,3.3,026 km N 53° E of Hernani (Eastern Samar),Ms,TECTONIC
644,2025-02-14 13:46:34+00:00,11.52,125.57,20,1.7,008 km N 77° E of Maydolong (Eastern Samar),Ms,TECTONIC
645,2025-02-14 13:39:10+00:00,11.5,125.71,15,2.2,020 km N 32° E of Hernani (Eastern Samar),Ms,TECTONIC
646,2025-02-14 13:38:02+00:00,11.47,125.8,4,2.7,024 km N 55° E of Hernani (Eastern Samar),Ms,TECTONIC
647,2025-02-14 13:32:09+00:00,11.58,125.29,1,1.5,025 km N 68° W of Maydolong (Eastern Samar),Ms,TECTONIC
648,2025-02-14 13:29:24+00:00,11.5,125.6,22,1.4,010 km S 86° E of Maydolong (Eastern Samar),Ms,TECTONIC
649,2025-02-14 13:27:56+00:00,11.6,125.45,24,1.5,012 km N 27° W of Maydolong (Eastern Samar),Ms,TECTONIC
650,2025-02-14 13:26:49+00:00,11.57,125.51,10,2.1,007 km N 06° E of Maydolong (Eastern Samar),Ms,TECTONIC
651,2025-02-14 13:24:54+00:00,11.57,125.55,1,2.6,010 km N 37° E of Maydolong (Eastern Samar),Ms,TECTONIC
652,2025-02-14 13:22:47+00:00,11.58,125.84,13,4.1,035 km N 44° E of Hernani (Eastern Samar),Ms,TECTONIC
653,2025-02-14 13:15:44+00:00,11.48,125.68,16,2.1,016 km N 25° E of Hernani (Eastern Samar),Ms,TECTONIC
654,2025-02-14 13:13:57+00:00,9.2,125.68,27,1.9,015 km S 62° E of Santiago (Agusan Del Norte),Ms,TECTONIC
655,2025-02-14 13:10:55+00:00,11.54,125.64,13,1.7,016 km N 73° E of Maydolong (Eastern Samar),Ms,TECTONIC
656,2025-02-14 13:07:52+00:00,11.53,125.57,13,1.4,008 km N 70° E of Maydolong (Eastern Samar),Ms,TECTONIC
657,2025-02-14 13:07:14+00:00,11.56,125.62,19,1.6,015 km N 65° E of Maydolong (Eastern Samar),Ms,TECTONIC
658,2025-02-14 13:06:26+00:00,11.48,125.66,11,1.7,015 km N 19° E of Hernani (Eastern Samar),Ms,TECTONIC
659,2025-02-14 13:02:12+00:00,11.49,125.72,7,3.4,020 km N 35° E of Hernani (Eastern Samar),Ms,TECTONIC
660,2025-02-14 13:00:53+00:00,11.49,125.69,1,2.2,018 km N 28° E of Hernani (Eastern Samar),Ms,TECTONIC
661,2025-02-14 12:50:03+00:00,11.56,125.96,10,5.3,045 km N 58° E of Hernani (Eastern Samar),Mw,TECTONIC
662,2025-02-14 12:39:37+00:00,10.14,125.16,11,2.5,005 km S 66° E of Liloan (Southern Leyte),Ms,TECTONIC
663,2025-02-14 12:30:01+00:00,10.26,122.35,1,2.2,035 km S 44° W of Nueva Valencia (Guimaras),Ms,TECTONIC
664,2025-02-14 12:21:26+00:00,10.28,125.94,22,3.4,030 km N 20° W of Santa Monica (Surigao Del Norte),Ms,TECTONIC
665,2025-02-14 11:57:00+00:00,9.93,126.4,9,2.7,031 km N 59° E of General Luna (Surigao Del Norte),Ms,TECTONIC
666,2025-02-14 11:53:12+00:00,17.41,120.35,19,2.7,012 km S 44° W of Santa (Ilocos Sur),Ms,TECTONIC
667,2025-02-14 11:44:54+00:00,12.29,124.98,36,1.2,008 km S 43° W of Las Navas (Northern Samar),Ms,TECTONIC
668,2025-02-14 11:44:24+00:00,6.16,126.12,121,1.5,047 km S 85° E of Don Marcelino (Davao Occidental),Ms,TECTONIC
669,2025-02-14 10:48:16+00:00,6.44,125.91,32,1.9,029 km S 38° W of Governor Generoso (Davao Oriental),Ms,TECTONIC
670,2025-02-14 09:31:55+00:00,9.36,126.16,31,2.4,011 km N 22° W of Cortes (Surigao Del Sur),Ms,TECTONIC
671,2025-02-14 07:55:23+00:00,9.97,125.16,8,3.3,010 km S 01° W of San Francisco (Southern Leyte),Ms,TECTONIC
672,2025-02-14 07:46:35+00:00,8.82,126.36,33,2.0,008 km N 82° E of Marihatag (Surigao Del Sur),Ms,TECTONIC
673,2025-02-14 07:30:19+00:00,9.12,123.21,5,2.5,002 km N 22° E of Zamboanguita (Negros Oriental),Ms,TECTONIC
674,2025-02-14 07:28:26+00:00,8.02,124.65,7,3.2,026 km N 08° W of Amai Manabilang (Lanao Del Sur),Ms,TECTONIC
675,2025-02-14 07:09:20+00:00,12.82,121.38,16,2.4,010 km S 60° W of Bansud (Oriental Mindoro),Ms,TECTONIC
676,2025-02-14 06:52:14+00:00,11.0,125.6,27,2.8,014 km S 75° W of Guiuan (Eastern Samar),Ms,TECTONIC
677,2025-02-14 06:30:25+00:00,7.16,123.34,4,2.0,032 km S 05° E of Pitogo (Zamboanga Del Sur),Ms,TECTONIC
678,2025-02-14 05:57:35+00:00,8.0,124.68,7,2.5,023 km N 01° E of Amai Manabilang (Lanao Del Sur),Ms,TECTONIC
679,2025-02-14 05:56:17+00:00,8.03,126.25,29,1.5,018 km S 87° W of Lingig (Surigao Del Sur),Ms,TECTONIC
680,2025-02-14 05:22:11+00:00,8.58,126.31,29,1.8,021 km N 76° E of Barobo (Surigao Del Sur),Ms,TECTONIC
681,2025-02-14 02:04:10+00:00,6.95,123.74,8,4.0,033 km S 68° W of Datu Blah T. Sinsuat (Maguindanao Del Norte),Ms,TECTONIC
682,2025-02-14 00:44:18+00:00,8.11,123.37,7,1.8,005 km S 24° E of Dumingag (Zamboanga Del Sur),Ms,TECTONIC
683,2025-02-13 22:46:33+00:00,11.53,125.64,9,2.4,016 km N 76° E of Maydolong (Eastern Samar),Ms,TECTONIC
684,2025-02-13 22:45:25+00:00,11.53,125.36,4,1.7,012 km S 41° W of City Of Borongan (Eastern Samar),Ms,TECTONIC
685,2025-02-13 21:13:24+00:00,13.66,120.59,186,1.7,019 km S 15° W of Calatagan (Batangas),Ms,TECTONIC
686,2025-02-13 20:50:01+00:00,15.0,122.75,19,2.4,056 km N 53° E of Jomalig (Quezon),Ms,TECTONIC
687,2025-02-13 20:24:25+00:00,7.93,126.94,12,1.6,055 km N 74° E of Cateel (Davao Oriental),Ms,TECTONIC
688,2025-02-13 19:47:46+00:00,9.23,126.2,34,1.7,005 km S 08° E of Cortes (Surigao Del Sur),Ms,TECTONIC
689,2025-02-13 19:22:06+00:00,10.44,122.38,12,1.8,020 km S 63° W of Nueva Valencia (Guimaras),Ms,TECTONIC
690,2025-02-13 19:18:01+00:00,10.39,123.21,2,2.7,001 km N 82° W of City Of Canlaon (Negros Oriental),ML,VOLCANO-TECTONIC
691,2025-02-13 19:04:44+00:00,16.44,122.22,31,2.0,005 km N 07° E of Dilasag (Aurora),Ms,TECTONIC
692,2025-02-13 18:40:25+00:00,15.59,119.94,28,2.2,004 km S 16° E of Candelaria (Zambales),Ms,TECTONIC
693,2025-02-13 17:57:28+00:00,11.51,125.85,13,3.0,031 km N 54° E of Hernani (Eastern Samar),Ms,TECTONIC
694,2025-02-13 17:38:56+00:00,11.18,124.66,4,1.7,011 km S 85° E of Kananga (Leyte),Ms,TECTONIC
695,2025-02-13 17:38:19+00:00,11.19,124.65,4,1.6,010 km N 88° E of Kananga (Leyte),Ms,TECTONIC
696,2025-02-13 17:13:34+00:00,8.88,126.48,27,4.0,028 km S 84° E of Cagwait (Surigao Del Sur),Ms,TECTONIC
697,2025-02-13 17:04:35+00:00,6.6,123.94,23,3.0,013 km N 66° W of Kalamansig (Sultan Kudarat),Ms,TECTONIC
698,2025-02-13 16:56:25+00:00,16.86,121.12,34,1.7,007 km North of Lagawe (Ifugao),Ms,TECTONIC
699,2025-02-13 16:48:56+00:00,13.51,120.74,5,2.6,008 km N 09° E of Abra De Ilog (Occidental Mindoro),Ms,TECTONIC
700,2025-02-13 16:15:52+00:00,17.95,120.36,37,1.8,013 km N 79° W of Badoc (Ilocos Norte),Ms,TECTONIC
701,2025-02-13 16:10:59+00:00,10.4,125.09,2,2.4,012 km N 89° W of Hinunangan (Southern Leyte),Ms,TECTONIC
702,2025-02-13 15:56:25+00:00,13.68,120.63,97,1.6,016 km S 01° E of Calatagan (Batangas),Ms,TECTONIC
703,2025-02-13 14:39:02+00:00,17.49,120.55,1,2.5,005 km N 29° E of Nagbukel (Ilocos Sur),Ms,TECTONIC
704,2025-02-13 14:12:58+00:00,12.73,121.26,32,1.3,025 km S 84° W of Bongabong (Oriental Mindoro),Ms,TECTONIC
705,2025-02-13 13:22:18+00:00,14.47,123.59,56,3.3,061 km N 36° E of Siruma (Camarines Sur),Ms,TECTONIC
706,2025-02-13 13:01:44+00:00,7.86,127.03,12,2.0,060 km N 58° E of Baganga (Davao Oriental),Ms,TECTONIC
707,2025-02-13 13:00:26+00:00,10.57,126.19,57,2.3,055 km S 69° E of Homonhon Island (Guiuan) (Eastern Samar),Ms,TECTONIC
708,2025-02-13 12:53:20+00:00,13.79,120.56,104,2.3,009 km S 56° W of Calatagan (Batangas),Ms,TECTONIC
709,2025-02-13 11:17:06+00:00,7.03,125.93,33,2.3,011 km S 18° E of Pantukan (Davao De Oro),Ms,TECTONIC
710,2025-02-13 09:58:17+00:00,8.4,126.64,29,2.7,033 km N 84° E of Hinatuan (Surigao Del Sur),Ms,TECTONIC
711,2025-02-13 09:25:18+00:00,8.24,126.7,21,1.9,039 km N 55° E of Lingig (Surigao Del Sur),Ms,TECTONIC
712,2025-02-13 09:13:31+00:00,11.42,125.36,27,2.3,018 km S 62° W of Maydolong (Eastern Samar),Ms,TECTONIC
713,2025-02-13 05:42:00+00:00,10.41,123.21,6,2.5,003 km N 23° W of City Of Canlaon (Negros Oriental),ML,VOLCANIC
714,2025-02-13 02:42:03+00:00,8.6,126.04,22,1.9,007 km S 59° W of Lianga (Surigao Del Sur),Ms,TECTONIC
715,2025-02-13 02:16:55+00:00,9.17,126.05,39,2.3,007 km S 10° W of Lanuza (Surigao Del Sur),Ms,TECTONIC
716,2025-02-13 02:09:32+00:00,17.22,120.62,7,2.4,011 km S 68° W of Tubo (Abra),Ms,TECTONIC
717,2025-02-13 01:17:24+00:00,13.57,120.67,93,1.3,015 km N 23° W of Abra De Ilog (Occidental Mindoro),Ms,TECTONIC
718,2025-02-12 23:32:58+00:00,17.98,121.17,8,1.7,005 km S 14° W of Kabugao (Apayao),Ms,TECTONIC
719,2025-02-12 23:26:32+00:00,11.81,125.66,9,2.8,023 km N 75° E of San Julian (Eastern Samar),Ms,TECTONIC
720,2025-02-12 22:50:31+00:00,16.51,120.53,18,2.3,010 km N 44° W of La Trinidad (Benguet),Ms,TECTONIC
721,2025-02-12 21:51:41+00:00,17.86,121.32,23,2.7,004 km N 58° W of Rizal (Cagayan),Ms,TECTONIC
722,2025-02-12 21:29:24+00:00,13.66,120.61,106,3.1,019 km S 07° W of Calatagan (Batangas),Ms,TECTONIC
723,2025-02-12 21:14:17+00:00,12.71,123.3,27,1.3,022 km S 16° E of Claveria (Masbate),Ms,TECTONIC
724,2025-02-12 20:32:03+00:00,12.4,124.65,26,2.0,011 km S 09° E of Catarman (Northern Samar),Ms,TECTONIC
725,2025-02-12 20:31:21+00:00,17.21,120.94,33,1.2,010 km N 66° W of Sadanga (Mountain Province),Ms,TECTONIC
726,2025-02-12 19:34:22+00:00,18.78,121.17,20,1.6,022 km S 69° W of Fuga Island (Aparri) (Cagayan),Ms,TECTONIC
727,2025-02-12 18:46:44+00:00,13.97,120.51,86,1.5,021 km N 41° W of Calatagan (Batangas),Ms,TECTONIC
728,2025-02-12 18:11:51+00:00,19.88,121.09,31,2.9,080 km N 31° W of Calayan (Cagayan),Ms,TECTONIC
729,2025-02-12 18:05:34+00:00,15.72,120.0,26,1.5,011 km S 66° E of Santa Cruz (Zambales),Ms,TECTONIC
730,2025-02-12 17:40:14+00:00,15.65,120.12,33,1.3,021 km N 83° E of Candelaria (Zambales),Ms,TECTONIC
731,2025-02-12 16:08:56+00:00,8.04,126.61,24,1.5,021 km S 90° E of Lingig (Surigao Del Sur),Ms,TECTONIC
732,2025-02-12 15:46:18+00:00,10.14,122.14,5,1.8,040 km S 36° E of Anini-y (Antique),Ms,TECTONIC
733,2025-02-12 15:46:09+00:00,13.77,120.6,93,1.7,008 km S 28° W of Calatagan (Batangas),Ms,TECTONIC
734,2025-02-12 15:34:33+00:00,19.03,121.19,5,3.0,008 km S 12° W of Dalupiri Island (Calayan) (Cagayan),Ms,TECTONIC
735,2025-02-12 15:24:27+00:00,18.67,121.27,70,1.5,012 km N 17° E of Sanchez-mira (Cagayan),Ms,TECTONIC
736,2025-02-12 15:19:40+00:00,12.36,120.89,12,2.1,013 km S 35° W of Rizal (Occidental Mindoro),Ms,TECTONIC
737,2025-02-12 15:14:06+00:00,10.76,125.28,11,2.3,029 km N 27° E of Silago (Southern Leyte),Ms,TECTONIC
738,2025-02-12 15:11:02+00:00,9.72,126.4,33,1.7,028 km S 75° E of General Luna (Surigao Del Norte),Ms,TECTONIC
739,2025-02-12 15:07:18+00:00,15.12,122.8,3,2.7,069 km N 47° E of Jomalig (Quezon),Ms,TECTONIC
740,2025-02-12 14:51:08+00:00,11.03,126.4,15,3.2,074 km S 90° E of Guiuan (Eastern Samar),Ms,TECTONIC
741,2025-02-12 14:49:53+00:00,13.67,120.62,102,2.4,018 km S 03° W of Calatagan (Batangas),Ms,TECTONIC
742,2025-02-12 13:56:16+00:00,19.56,121.26,9,2.5,040 km N 35° W of Calayan (Cagayan),Ms,TECTONIC
743,2025-02-12 12:50:18+00:00,5.88,125.52,27,2.3,014 km S 73° W of Jose Abad Santos (Davao Occidental),Ms,TECTONIC
744,2025-02-12 11:56:15+00:00,12.55,124.73,23,2.2,004 km N 27° W of Mondragon (Northern Samar),Ms,TECTONIC
745,2025-02-12 11:10:46+00:00,10.23,121.81,1,2.0,026 km S 31° W of Anini-y (Antique),Ms,TECTONIC
746,2025-02-12 09:15:30+00:00,13.9,125.2,25,3.1,088 km N 82° E of Gigmoto (Catanduanes),Ms,TECTONIC
747,2025-02-12 08:26:02+00:00,10.0,125.78,33,1.7,015 km N 54° E of Cagdianao (Dinagat Islands),Ms,TECTONIC
748,2025-02-12 08:08:25+00:00,12.09,125.58,33,4.2,016 km S 71° E of Oras (Eastern Samar),Mw,TECTONIC
749,2025-02-12 06:38:06+00:00,8.41,126.63,34,2.0,033 km N 82° E of Hinatuan (Surigao Del Sur),Ms,TECTONIC
750,2025-02-12 05:44:30+00:00,10.09,125.23,23,2.4,009 km N 67° E of San Francisco (Southern Leyte),Ms,TECTONIC
751,2025-02-12 04:23:06+00:00,13.84,120.48,70,2.0,016 km N 87° W of Calatagan (Batangas),Ms,TECTONIC
752,2025-02-12 04:02:48+00:00,6.07,126.45,125,2.2,077 km S 32° E of Governor Generoso (Davao Oriental),Ms,TECTONIC
753,2025-02-12 02:56:57+00:00,10.43,122.27,8,2.2,022 km S 39° E of San Joaquin (Iloilo),Ms,TECTONIC
754,2025-02-12 02:17:10+00:00,14.16,121.21,32,1.4,002 km S 20° W of Los Baños (Laguna),Ms,TECTONIC
755,2025-02-12 02:15:38+00:00,14.16,121.23,17,1.5,002 km S 08° E of Los Baños (Laguna),Ms,TECTONIC
756,2025-02-12 02:01:07+00:00,14.11,121.25,7,2.8,007 km S 21° E of Los Baños (Laguna),Ms,TECTONIC
757,2025-02-12 01:56:07+00:00,14.12,121.23,12,2.5,006 km S 03° E of Los Baños (Laguna),Ms,TECTONIC
758,2025-02-12 01:01:04+00:00,9.82,125.99,32,1.4,006 km S 27° E of Del Carmen (Surigao Del Norte),Ms,TECTONIC
759,2025-02-12 00:45:30+00:00,13.6,120.71,102,1.4,017 km N 07° W of Abra De Ilog (Occidental Mindoro),Ms,TECTONIC
760,2025-02-11 23:43:16+00:00,10.32,125.88,21,4.2,033 km S 82° E of Loreto (Dinagat Islands),Ms,TECTONIC
761,2025-02-11 23:18:17+00:00,18.66,120.86,19,4.5,014 km N 36° E of Pagudpud (Ilocos Norte),Mw,TECTONIC
762,2025-02-11 23:10:41+00:00,4.54,124.99,33,2.4,107 km S 26° W of Balut Island (Municipality Of Sarangani) (Davao Occidental),Ms,TECTONIC
763,2025-02-11 22:49:25+00:00,15.55,121.27,26,1.8,018 km S 85° E of City Of Palayan (Nueva Ecija),Ms,TECTONIC
764,2025-02-11 21:28:06+00:00,12.37,120.89,34,1.4,013 km S 40° W of Rizal (Occidental Mindoro),Ms,TECTONIC
765,2025-02-11 21:26:09+00:00,12.53,120.74,3,4.0,022 km S 79° W of Calintaan (Occidental Mindoro),Ms,TECTONIC
766,2025-02-11 20:05:08+00:00,13.44,120.58,2,1.6,013 km N 78° E of Paluan (Occidental Mindoro),Ms,TECTONIC
767,2025-02-11 19:40:12+00:00,7.9,126.01,33,1.9,009 km N 27° W of Monkayo (Davao De Oro),Ms,TECTONIC
768,2025-02-11 19:34:22+00:00,7.56,122.33,17,1.6,011 km S 63° W of Tungawan (Zamboanga Sibugay),Ms,TECTONIC
769,2025-02-11 19:13:15+00:00,13.39,120.6,1,1.8,015 km S 67° W of Abra De Ilog (Occidental Mindoro),Ms,TECTONIC
770,2025-02-11 19:08:45+00:00,12.26,120.98,33,1.7,014 km S 42° W of San Jose (Occidental Mindoro),Ms,TECTONIC
771,2025-02-11 19:05:01+00:00,13.78,120.57,97,1.4,009 km S 48° W of Calatagan (Batangas),Ms,TECTONIC
772,2025-02-11 19:03:30+00:00,8.85,126.39,42,2.3,011 km N 60° E of Marihatag (Surigao Del Sur),Ms,TECTONIC
773,2025-02-11 19:01:19+00:00,6.86,125.06,9,2.7,012 km S 15° W of Makilala (Cotabato),Ms,TECTONIC
774,2025-02-11 18:33:21+00:00,10.16,125.36,14,2.0,020 km S 79° W of Libjo (Dinagat Islands),Ms,TECTONIC
775,2025-02-11 18:21:02+00:00,8.81,126.51,15,2.0,023 km N 88° E of Marihatag (Surigao Del Sur),Ms,TECTONIC
776,2025-02-11 18:07:43+00:00,8.67,126.48,33,1.7,024 km S 54° E of Marihatag (Surigao Del Sur),Ms,TECTONIC
777,2025-02-11 17:48:00+00:00,18.62,120.84,6,1.6,008 km N 39° E of Pagudpud (Ilocos Norte),Ms,TECTONIC
778,2025-02-11 17:26:09+00:00,13.87,120.58,177,1.6,007 km N 54° W of Calatagan (Batangas),Ms,TECTONIC
779,2025-02-11 16:58:11+00:00,10.33,125.24,5,2.0,003 km S 42° W of Hinundayan (Southern Leyte),Ms,TECTONIC
780,2025-02-11 16:53:07+00:00,17.77,120.74,13,2.5,006 km N 31° E of Lagayan (Abra),Ms,TECTONIC
781,2025-02-11 16:41:03+00:00,7.83,124.9,32,1.5,008 km S 88° E of Pangantucan (Bukidnon),Ms,TECTONIC
782,2025-02-11 16:09:29+00:00,8.29,122.41,24,1.8,028 km N 26° W of Labason (Zamboanga Del Norte),Ms,TECTONIC
783,2025-02-11 15:33:20+00:00,18.33,121.22,35,1.5,014 km S 90° W of Luna (Apayao),Ms,TECTONIC
784,2025-02-11 15:06:33+00:00,7.65,126.72,24,1.9,019 km N 66° E of Baganga (Davao Oriental),Ms,TECTONIC
785,2025-02-11 15:05:45+00:00,5.79,126.28,61,1.6,071 km S 79° E of Jose Abad Santos (Davao Occidental),Ms,TECTONIC
786,2025-02-11 15:04:40+00:00,16.37,119.74,15,2.9,016 km S 81° W of Bolinao (Pangasinan),Ms,TECTONIC
787,2025-02-11 13:51:50+00:00,13.78,120.61,104,1.6,006 km S 25° W of Calatagan (Batangas),Ms,TECTONIC
788,2025-02-11 13:34:53+00:00,13.77,120.58,101,1.4,009 km S 39° W of Calatagan (Batangas),Ms,TECTONIC
789,2025-02-11 13:27:26+00:00,17.48,122.53,33,2.5,030 km N 55° E of Divilacan (Isabela),Ms,TECTONIC
790,2025-02-11 13:24:34+00:00,15.52,121.85,17,2.5,041 km S 49° E of Baler (Aurora),Ms,TECTONIC
791,2025-02-11 13:17:36+00:00,16.55,120.45,109,3.3,003 km N 18° W of Burgos (La Union),Ms,TECTONIC
792,2025-02-11 13:02:13+00:00,12.67,121.32,21,1.9,020 km S 64° W of Bongabong (Oriental Mindoro),Ms,TECTONIC
793,2025-02-11 12:26:17+00:00,13.45,120.59,9,2.5,014 km N 77° E of Paluan (Occidental Mindoro),Ms,TECTONIC
794,2025-02-11 12:21:35+00:00,9.95,123.24,2,2.2,005 km S 46° E of Jimalalud (Negros Oriental),Ms,TECTONIC
795,2025-02-11 12:01:15+00:00,18.71,120.87,15,3.7,019 km N 29° E of Pagudpud (Ilocos Norte),Ms,TECTONIC
796,2025-02-11 11:40:58+00:00,13.42,120.07,19,1.5,038 km S 31° W of Looc (Occidental Mindoro),Ms,TECTONIC
797,2025-02-11 11:30:51+00:00,17.77,119.5,19,2.3,094 km N 78° W of Santa Catalina (Ilocos Sur),Ms,TECTONIC
798,2025-02-11 11:25:26+00:00,7.32,124.78,4,2.2,013 km N 10° W of Carmen (Cotabato),Ms,TECTONIC
799,2025-02-11 11:19:04+00:00,17.77,119.49,20,3.5,095 km N 78° W of Santa Catalina (Ilocos Sur),Ms,TECTONIC
800,2025-02-11 11:10:53+00:00,8.51,126.51,30,1.5,025 km N 50° E of Hinatuan (Surigao Del Sur),Ms,TECTONIC
801,2025-02-11 10:42:43+00:00,17.12,122.7,16,2.3,030 km N 78° E of Palanan (Isabela),Ms,TECTONIC
802,2025-02-11 06:04:26+00:00,8.3,125.91,9,2.1,012 km N 79° E of La Paz (Agusan Del Sur),Ms,TECTONIC
803,2025-02-11 05:23:16+00:00,9.76,124.67,10,2.7,011 km N 78° E of Anda (Bohol),Ms,TECTONIC
804,2025-02-11 01:18:47+00:00,7.68,125.32,7,2.3,024 km S 81° E of Quezon (Bukidnon),Ms,TECTONIC
805,2025-02-11 01:08:52+00:00,13.95,120.49,77,1.8,020 km N 50° W of Calatagan (Batangas),Ms,TECTONIC
806,2025-02-11 00:50:29+00:00,13.71,120.62,109,1.8,013 km S 08° W of Calatagan (Batangas),Ms,TECTONIC
807,2025-02-10 23:31:21+00:00,12.53,123.67,4,2.1,008 km S 59° W of San Jacinto (Masbate),Ms,TECTONIC
808,2025-02-10 23:28:53+00:00,10.44,125.96,15,2.9,042 km S 39° E of Homonhon Island (Guiuan) (Eastern Samar),Ms,TECTONIC
809,2025-02-10 23:28:28+00:00,12.5,125.4,15,2.3,016 km N 80° E of Mapanas (Northern Samar),Ms,TECTONIC
810,2025-02-10 22:23:37+00:00,8.68,126.64,22,1.7,040 km S 71° E of Marihatag (Surigao Del Sur),Ms,TECTONIC
811,2025-02-10 22:02:24+00:00,21.64,120.17,25,3.1,198 km N 62° W of Itbayat (Batanes),Ms,TECTONIC
812,2025-02-10 21:31:04+00:00,17.95,120.5,27,2.0,003 km S 84° W of Pinili (Ilocos Norte),Ms,TECTONIC
813,2025-02-10 20:51:35+00:00,9.63,122.03,2,2.4,047 km S 71° W of City Of Sipalay (Negros Occidental),Ms,TECTONIC
814,2025-02-10 20:51:09+00:00,10.12,122.29,5,1.5,042 km N 23° W of City Of Sipalay (Negros Occidental),Ms,TECTONIC
815,2025-02-10 20:24:08+00:00,8.68,123.08,33,1.6,018 km N 05° W of Manukan (Zamboanga Del Norte),Ms,TECTONIC
816,2025-02-10 20:01:00+00:00,8.71,126.49,17,2.2,024 km S 64° E of Marihatag (Surigao Del Sur),Ms,TECTONIC
817,2025-02-10 19:30:05+00:00,7.8,126.78,20,1.7,035 km N 44° E of Baganga (Davao Oriental),Ms,TECTONIC
818,2025-02-10 19:25:36+00:00,8.76,126.45,29,2.5,017 km S 75° E of Marihatag (Surigao Del Sur),Ms,TECTONIC
819,2025-02-10 19:07:56+00:00,9.21,126.3,33,1.5,014 km S 58° E of Cortes (Surigao Del Sur),Ms,TECTONIC
820,2025-02-10 18:25:53+00:00,4.99,127.46,146,4.3,225 km S 63° E of Jose Abad Santos (Davao Occidental),Ms,TECTONIC
821,2025-02-10 17:22:55+00:00,6.36,124.76,10,2.5,002 km S 38° E of Surallah (South Cotabato),Ms,TECTONIC
822,2025-02-10 17:22:55+00:00,10.38,125.25,1,2.1,004 km N 14° W of Hinundayan (Southern Leyte),Ms,TECTONIC
823,2025-02-10 16:21:32+00:00,9.18,126.46,21,2.2,031 km S 71° E of Cortes (Surigao Del Sur),Ms,TECTONIC
824,2025-02-10 16:20:07+00:00,9.97,126.05,5,3.0,005 km N 77° E of San Benito (Surigao Del Norte),Ms,TECTONIC
825,2025-02-10 14:55:17+00:00,14.01,120.43,112,2.3,023 km S 72° W of Nasugbu (Batangas),Ms,TECTONIC
826,2025-02-10 14:30:57+00:00,13.29,120.34,30,2.0,019 km S 45° W of Paluan (Occidental Mindoro),Ms,TECTONIC
827,2025-02-10 14:15:50+00:00,18.02,120.77,8,4.0,009 km S 04° W of Solsona (Ilocos Norte),Ms,TECTONIC
828,2025-02-10 14:11:37+00:00,18.25,122.75,16,2.8,069 km S 70° E of Santa Ana (Cagayan),Ms,TECTONIC
829,2025-02-10 14:09:11+00:00,6.09,125.94,144,3.6,038 km N 59° E of Jose Abad Santos (Davao Occidental),Ms,TECTONIC
830,2025-02-10 13:38:52+00:00,18.09,120.99,22,2.3,019 km S 73° E of Carasi (Ilocos Norte),Ms,TECTONIC
831,2025-02-10 13:18:05+00:00,19.05,121.18,7,2.5,007 km S 23° W of Dalupiri Island (Calayan) (Cagayan),Ms,TECTONIC
832,2025-02-10 12:21:39+00:00,8.47,125.85,11,3.4,008 km N 72° E of Talacogon (Agusan Del Sur),Ms,TECTONIC
833,2025-02-10 12:16:36+00:00,11.14,124.52,35,2.0,007 km S 42° W of Kananga (Leyte),Ms,TECTONIC
834,2025-02-10 12:01:54+00:00,8.81,126.71,10,1.9,045 km N 89° E of Marihatag (Surigao Del Sur),Ms,TECTONIC
835,2025-02-10 11:53:28+00:00,7.43,124.15,23,2.5,009 km S 18° E of Balabagan (Lanao Del Sur),Ms,TECTONIC
836,2025-02-10 11:49:20+00:00,10.44,125.53,16,2.6,010 km N 32° W of Loreto (Dinagat Islands),Ms,TECTONIC
837,2025-02-10 11:01:01+00:00,11.78,125.79,10,2.1,037 km N 85° E of San Julian (Eastern Samar),Ms,TECTONIC
838,2025-02-10 10:58:11+00:00,11.74,126.05,2,3.1,065 km S 89° E of San Julian (Eastern Samar),Ms,TECTONIC
839,2025-02-10 10:45:40+00:00,7.88,127.21,20,1.9,079 km N 64° E of Baganga (Davao Oriental),Ms,TECTONIC
840,2025-02-10 10:44:32+00:00,7.9,127.18,13,2.4,077 km N 62° E of Baganga (Davao Oriental),Ms,TECTONIC
841,2025-02-10 10:07:51+00:00,7.93,126.94,6,3.1,058 km N 47° E of Baganga (Davao Oriental),Ms,TECTONIC
842,2025-02-10 09:53:30+00:00,11.46,126.31,1,3.2,076 km N 81° E of Hernani (Eastern Samar),Ms,TECTONIC
843,2025-02-10 08:52:57+00:00,6.26,124.22,64,1.5,006 km N 36° E of Palimbang (Sultan Kudarat),Ms,TECTONIC
844,2025-02-10 08:10:45+00:00,13.96,120.5,93,2.4,020 km S 49° W of Nasugbu (Batangas),Ms,TECTONIC
845,2025-02-10 08:08:16+00:00,8.05,126.94,2,2.9,058 km N 89° E of Lingig (Surigao Del Sur),Ms,TECTONIC
846,2025-02-10 05:17:11+00:00,11.02,125.17,13,2.2,011 km S 28° W of Marabut (Samar),Ms,TECTONIC
847,2025-02-10 05:10:46+00:00,16.03,119.55,5,2.9,028 km S 69° W of Agno (Pangasinan),Ms,TECTONIC
848,2025-02-10 04:58:51+00:00,17.03,119.86,33,2.3,058 km N 71° W of Luna (La Union),Ms,TECTONIC
849,2025-02-10 04:39:23+00:00,7.96,126.69,11,1.9,032 km N 54° E of Cateel (Davao Oriental),Ms,TECTONIC
850,2025-02-10 04:34:51+00:00,9.25,126.34,32,1.8,016 km S 79° E of Cortes (Surigao Del Sur),Ms,TECTONIC
851,2025-02-10 03:35:54+00:00,10.42,123.19,2,2.0,005 km N 38° W of City Of Canlaon (Negros Oriental),ML,VOLCANO-TECTONIC
852,2025-02-10 02:38:36+00:00,14.13,120.56,123,2.2,010 km N 50° W of Nasugbu (Batangas),Ms,TECTONIC
853,2025-02-10 01:39:40+00:00,8.95,126.52,18,2.2,024 km N 82° E of Cagwait (Surigao Del Sur),Ms,TECTONIC
854,2025-02-09 22:00:14+00:00,8.64,126.47,33,2.6,026 km S 47° E of Marihatag (Surigao Del Sur),Ms,TECTONIC
855,2025-02-09 20:29:46+00:00,8.9,122.57,4,3.3,055 km S 70° W of Siaton (Negros Oriental),Ms,TECTONIC
856,2025-02-09 20:10:59+00:00,10.55,125.96,77,2.1,034 km S 51° E of Homonhon Island (Guiuan) (Eastern Samar),Ms,TECTONIC
857,2025-02-09 19:45:43+00:00,16.76,119.88,14,2.3,041 km N 01° W of Bolinao (Pangasinan),Ms,TECTONIC
858,2025-02-09 19:12:38+00:00,13.46,120.68,1,2.1,006 km N 67° W of Abra De Ilog (Occidental Mindoro),Ms,TECTONIC
859,2025-02-09 19:02:52+00:00,4.44,127.69,163,3.3,271 km S 65° E of Sarangani Island (Municipality Of Sarangani) (Davao Occidental),Ms,TECTONIC
860,2025-02-09 18:47:29+00:00,6.56,127.01,23,2.6,082 km S 49° E of Tarragona (Davao Oriental),Ms,TECTONIC
861,2025-02-09 18:40:34+00:00,17.64,120.52,19,2.0,009 km N 33° W of Langiden (Abra),Ms,TECTONIC
862,2025-02-09 18:17:52+00:00,9.33,125.94,22,2.1,013 km N 38° W of Carmen (Surigao Del Sur),Ms,TECTONIC
863,2025-02-09 13:49:28+00:00,8.3,126.49,33,2.0,019 km S 66° E of Hinatuan (Surigao Del Sur),Ms,TECTONIC
864,2025-02-09 13:46:40+00:00,6.91,126.35,32,2.2,016 km S 74° E of City Of Mati (Davao Oriental),Ms,TECTONIC
865,2025-02-09 13:10:01+00:00,13.95,120.54,90,1.7,016 km N 38° W of Calatagan (Batangas),Ms,TECTONIC
866,2025-02-09 09:52:54+00:00,11.96,122.06,11,2.4,015 km S 43° E of San Jose (Romblon),Ms,TECTONIC
867,2025-02-09 09:52:07+00:00,13.18,125.3,23,2.3,071 km N 17° E of Palapag (Northern Samar),Ms,TECTONIC
868,2025-02-09 09:23:01+00:00,9.29,126.55,16,2.3,040 km N 87° E of Cortes (Surigao Del Sur),Ms,TECTONIC
869,2025-02-09 08:08:57+00:00,8.64,127.47,17,3.4,128 km N 76° E of Hinatuan (Surigao Del Sur),Ms,TECTONIC
870,2025-02-09 07:28:49+00:00,12.03,124.99,84,2.1,005 km S 49° W of San Jose De Buan (Samar),Ms,TECTONIC
871,2025-02-09 05:53:00+00:00,10.11,125.19,13,2.3,007 km N 32° E of San Francisco (Southern Leyte),Ms,TECTONIC
872,2025-02-09 05:50:43+00:00,9.77,126.38,11,2.2,024 km S 87° E of General Luna (Surigao Del Norte),Ms,TECTONIC
873,2025-02-09 04:38:28+00:00,6.11,124.61,16,1.7,013 km N 09° W of Kiamba (Sarangani),Ms,TECTONIC
874,2025-02-09 03:51:26+00:00,8.81,126.27,4,1.9,003 km N 70° W of Marihatag (Surigao Del Sur),Ms,TECTONIC
875,2025-02-09 02:32:31+00:00,12.0,120.68,6,2.0,052 km S 90° E of Coron (Palawan),Ms,TECTONIC
876,2025-02-09 02:18:53+00:00,7.96,127.01,6,3.2,066 km S 82° E of Lingig (Surigao Del Sur),Ms,TECTONIC
877,2025-02-09 01:33:08+00:00,9.89,125.48,21,1.4,011 km N 06° W of City Of Surigao (Surigao Del Norte),Ms,TECTONIC
878,2025-02-09 01:28:02+00:00,8.68,126.3,69,2.5,011 km S 49° E of San Agustin (Surigao Del Sur),Ms,TECTONIC
879,2025-02-09 01:05:23+00:00,14.94,121.43,24,2.0,029 km N 45° W of General Nakar (Quezon),Ms,TECTONIC
880,2025-02-08 23:14:57+00:00,19.25,121.18,3,3.2,016 km N 09° W of Dalupiri Island (Calayan) (Cagayan),Ms,TECTONIC
881,2025-02-08 23:09:23+00:00,13.91,120.54,89,1.3,013 km N 48° W of Calatagan (Batangas),Ms,TECTONIC
882,2025-02-08 21:59:06+00:00,8.56,126.51,21,1.6,029 km N 41° E of Hinatuan (Surigao Del Sur),Ms,TECTONIC
883,2025-02-08 21:22:08+00:00,13.22,120.64,21,2.0,005 km S 76° E of Mamburao (Occidental Mindoro),Ms,TECTONIC
884,2025-02-08 21:15:30+00:00,8.54,126.75,3,2.6,049 km N 68° E of Hinatuan (Surigao Del Sur),Ms,TECTONIC
885,2025-02-08 20:15:15+00:00,18.3,120.64,28,1.7,004 km S 27° E of Pasuquin (Ilocos Norte),Ms,TECTONIC
886,2025-02-08 19:35:05+00:00,5.91,126.15,59,2.5,056 km S 90° E of Jose Abad Santos (Davao Occidental),Ms,TECTONIC
887,2025-02-08 19:33:32+00:00,11.26,124.4,31,1.3,005 km N 08° E of Villaba (Leyte),Ms,TECTONIC
888,2025-02-08 18:52:14+00:00,8.4,122.38,17,2.3,040 km N 23° W of Labason (Zamboanga Del Norte),Ms,TECTONIC
889,2025-02-08 16:58:22+00:00,6.06,124.8,8,1.7,021 km N 67° E of Kiamba (Sarangani),Ms,TECTONIC
890,2025-02-08 16:48:52+00:00,9.76,126.12,23,3.1,004 km S 59° W of General Luna (Surigao Del Norte),Ms,TECTONIC
891,2025-02-08 15:47:35+00:00,11.51,124.42,1,2.1,006 km S 20° E of Naval (Biliran),Ms,TECTONIC
892,2025-02-08 15:34:51+00:00,7.91,126.6,17,2.0,021 km N 50° E of Cateel (Davao Oriental),Ms,TECTONIC
893,2025-02-08 15:31:20+00:00,15.47,119.99,30,1.7,008 km S 24° E of Masinloc (Zambales),Ms,TECTONIC
894,2025-02-08 15:30:37+00:00,3.85,126.71,70,4.1,224 km S 40° E of Balut Island (Municipality Of Sarangani) (Davao Occidental),Ms,TECTONIC
895,2025-02-08 15:29:00+00:00,5.77,125.17,22,1.6,007 km S 36° W of Glan (Sarangani),Ms,TECTONIC
896,2025-02-08 14:40:21+00:00,13.79,120.63,109,1.8,004 km S 10° W of Calatagan (Batangas),Ms,TECTONIC
897,2025-02-08 14:32:14+00:00,18.76,120.75,7,2.0,027 km N 14° W of Dumalneg (Ilocos Norte),Ms,TECTONIC
898,2025-02-08 13:19:33+00:00,9.02,123.01,7,1.9,006 km S 31° W of Siaton (Negros Oriental),Ms,TECTONIC
899,2025-02-08 13:18:12+00:00,17.92,120.13,15,2.0,035 km N 80° W of Sinait (Ilocos Sur),Ms,TECTONIC
900,2025-02-08 13:04:28+00:00,17.48,120.66,10,3.7,006 km N 37° E of Villaviciosa (Abra),Ms,TECTONIC
901,2025-02-08 12:56:52+00:00,17.52,119.98,7,2.4,042 km S 79° W of Santa Catalina (Ilocos Sur),Ms,TECTONIC
902,2025-02-08 12:15:43+00:00,8.24,123.33,20,2.5,010 km N 09° W of Dumingag (Zamboanga Del Sur),Ms,TECTONIC
903,2025-02-08 12:00:16+00:00,5.05,126.67,43,3.9,149 km S 50° E of Jose Abad Santos (Davao Occidental),Ms,TECTONIC
904,2025-02-08 11:54:22+00:00,8.58,126.63,8,2.5,040 km N 54° E of Hinatuan (Surigao Del Sur),Ms,TECTONIC
905,2025-02-08 11:34:40+00:00,8.6,126.52,23,2.8,033 km N 38° E of Hinatuan (Surigao Del Sur),Ms,TECTONIC
906,2025-02-08 09:49:24+00:00,7.95,126.47,6,1.9,012 km S 36° E of Lingig (Surigao Del Sur),Ms,TECTONIC
907,2025-02-08 09:19:35+00:00,12.28,124.97,29,2.0,009 km S 46° W of Las Navas (Northern Samar),Ms,TECTONIC
908,2025-02-08 08:35:32+00:00,6.46,127.12,1,4.1,099 km S 49° E of Tarragona (Davao Oriental),Ms,TECTONIC
909,2025-02-08 08:35:12+00:00,9.25,126.28,13,1.9,010 km S 76° E of Cortes (Surigao Del Sur),Ms,TECTONIC
910,2025-02-08 04:22:23+00:00,14.01,120.2,57,3.4,019 km N 25° E of Lubang (Occidental Mindoro),Ms,TECTONIC
911,2025-02-08 03:00:51+00:00,8.45,126.63,25,2.4,033 km N 74° E of Hinatuan (Surigao Del Sur),Ms,TECTONIC
912,2025-02-08 02:31:20+00:00,13.95,120.55,87,1.4,016 km N 34° W of Calatagan (Batangas),Ms,TECTONIC
913,2025-02-08 01:26:26+00:00,10.0,125.19,11,3.1,007 km S 26° E of San Francisco (Southern Leyte),Ms,TECTONIC
914,2025-02-07 23:35:07+00:00,13.0,121.13,26,1.4,026 km S 41° W of Victoria (Oriental Mindoro),Ms,TECTONIC
915,2025-02-07 22:30:36+00:00,17.48,120.27,24,1.6,014 km S 56° W of Caoayan (Ilocos Sur),Ms,TECTONIC
916,2025-02-07 21:09:10+00:00,9.46,123.42,33,1.1,007 km S 12° W of Oslob (Cebu),Ms,TECTONIC
917,2025-02-07 20:34:05+00:00,11.71,125.85,10,3.0,043 km S 83° E of San Julian (Eastern Samar),Ms,TECTONIC
918,2025-02-07 20:20:01+00:00,15.18,119.17,13,2.2,085 km S 70° W of Palauig (Zambales),Ms,TECTONIC
919,2025-02-07 20:17:17+00:00,12.31,120.48,1,1.7,046 km N 40° E of Coron (Palawan),Ms,TECTONIC
920,2025-02-07 20:14:36+00:00,16.47,121.11,1,2.8,004 km S 65° W of Bayombong (Nueva Vizcaya),Ms,TECTONIC
921,2025-02-07 19:55:29+00:00,11.54,124.44,12,1.9,005 km S 52° E of Naval (Biliran),Ms,TECTONIC
922,2025-02-07 19:48:22+00:00,13.66,119.46,79,2.0,075 km S 73° W of Lubang (Occidental Mindoro),Ms,TECTONIC
923,2025-02-07 19:07:04+00:00,7.99,124.62,9,2.5,024 km N 16° W of Amai Manabilang (Lanao Del Sur),Ms,TECTONIC
924,2025-02-07 18:50:51+00:00,9.0,126.48,22,1.8,021 km N 82° E of Bayabas (Surigao Del Sur),Ms,TECTONIC
925,2025-02-07 18:26:31+00:00,8.84,126.09,35,2.1,013 km S 24° E of San Miguel (Surigao Del Sur),Ms,TECTONIC
926,2025-02-07 18:11:06+00:00,13.78,120.61,97,1.6,007 km S 26° W of Calatagan (Batangas),Ms,TECTONIC
927,2025-02-07 17:52:52+00:00,8.8,126.41,23,2.0,013 km N 88° E of Marihatag (Surigao Del Sur),Ms,TECTONIC
928,2025-02-07 17:38:48+00:00,7.34,124.79,7,2.0,015 km N 04° W of Carmen (Cotabato),Ms,TECTONIC
929,2025-02-07 17:07:29+00:00,7.77,122.59,29,1.5,001 km S 22° E of Ipil (Zamboanga Sibugay),Ms,TECTONIC
930,2025-02-07 16:17:36+00:00,3.52,127.57,125,4.8,317 km S 49° E of Balut Island (Municipality Of Sarangani) (Davao Occidental),Ms,TECTONIC
931,2025-02-07 15:39:27+00:00,13.55,120.57,61,3.5,019 km N 38° E of Paluan (Occidental Mindoro),Ms,TECTONIC
932,2025-02-07 15:22:59+00:00,13.65,120.87,32,1.4,001 km S 37° W of Tingloy (Batangas),Ms,TECTONIC
933,2025-02-07 15:21:45+00:00,12.28,122.05,32,2.2,003 km N 14° W of Alcantara (Romblon),Ms,TECTONIC
934,2025-02-07 15:16:56+00:00,6.61,123.73,16,2.2,036 km N 80° W of Kalamansig (Sultan Kudarat),Ms,TECTONIC
935,2025-02-07 15:14:08+00:00,6.61,123.73,15,2.1,036 km N 80° W of Kalamansig (Sultan Kudarat),Ms,TECTONIC
936,2025-02-07 14:39:48+00:00,10.01,125.17,13,2.0,005 km S 18° E of San Francisco (Southern Leyte),Ms,TECTONIC
937,2025-02-07 14:36:58+00:00,14.0,122.5,2,2.0,006 km N 48° W of Tagkawayan (Quezon),Ms,TECTONIC
938,2025-02-07 14:35:09+00:00,17.77,120.69,19,1.6,006 km N 15° W of Lagayan (Abra),Ms,TECTONIC
939,2025-02-07 13:43:42+00:00,3.16,127.22,16,4.1,320 km S 39° E of Balut Island (Municipality Of Sarangani) (Davao Occidental),Ms,TECTONIC
940,2025-02-07 13:43:40+00:00,13.7,120.59,76,1.5,015 km S 18° W of Calatagan (Batangas),Ms,TECTONIC
941,2025-02-07 11:42:15+00:00,6.62,126.97,154,2.4,074 km S 50° E of Tarragona (Davao Oriental),Ms,TECTONIC
942,2025-02-07 10:47:17+00:00,16.04,119.33,4,2.7,051 km S 80° W of Agno (Pangasinan),Ms,TECTONIC
943,2025-02-07 10:45:06+00:00,16.27,120.83,2,3.1,012 km S 33° W of Kayapa (Nueva Vizcaya),Ms,TECTONIC
944,2025-02-07 09:12:30+00:00,14.0,122.51,1,2.7,005 km N 45° W of Tagkawayan (Quezon),Ms,TECTONIC
945,2025-02-07 09:10:39+00:00,8.23,125.99,18,2.4,005 km N 06° W of Bunawan (Agusan Del Sur),Ms,TECTONIC
946,2025-02-07 08:54:03+00:00,7.72,126.7,54,3.8,022 km N 43° E of Baganga (Davao Oriental),Ms,TECTONIC
947,2025-02-07 08:30:53+00:00,8.45,126.03,9,3.4,008 km N 21° E of Rosario (Agusan Del Sur),Ms,TECTONIC
948,2025-02-07 08:16:44+00:00,15.62,120.55,33,1.9,005 km N 75° W of Gerona (Tarlac),Ms,TECTONIC
949,2025-02-07 07:58:51+00:00,14.79,120.36,119,2.6,016 km S 54° E of Subic (Zambales),Ms,TECTONIC
950,2025-02-07 07:27:28+00:00,14.81,119.6,17,2.8,054 km S 74° W of San Antonio (Zambales),Ms,TECTONIC
951,2025-02-07 06:43:45+00:00,11.16,124.7,9,2.1,015 km S 81° E of Kananga (Leyte),Ms,TECTONIC
952,2025-02-07 06:38:35+00:00,14.16,122.47,33,1.7,009 km S 72° E of Santa Elena (Camarines Norte),Ms,TECTONIC
953,2025-02-07 02:38:59+00:00,17.56,120.59,8,2.4,001 km S 18° E of Pidigan (Abra),Ms,TECTONIC
954,2025-02-07 02:20:18+00:00,5.15,124.12,24,3.1,109 km S 31° W of Kiamba (Sarangani),Ms,TECTONIC
955,2025-02-07 01:51:25+00:00,9.29,125.9,112,1.8,008 km N 65° W of Madrid (Surigao Del Sur),Ms,TECTONIC
956,2025-02-07 00:39:19+00:00,11.53,124.4,7,2.4,004 km S 02° W of Naval (Biliran),Ms,TECTONIC
957,2025-02-07 00:17:16+00:00,13.7,120.62,104,1.9,015 km S 04° W of Calatagan (Batangas),Ms,TECTONIC
958,2025-02-06 22:57:51+00:00,8.88,126.28,33,1.7,005 km S 34° W of Cagwait (Surigao Del Sur),Ms,TECTONIC
959,2025-02-06 21:43:35+00:00,14.08,120.46,111,1.3,019 km N 89° W of Nasugbu (Batangas),Ms,TECTONIC
960,2025-02-06 21:40:19+00:00,7.06,125.29,15,2.4,019 km S 76° E of Magpet (Cotabato),Ms,TECTONIC
961,2025-02-06 20:56:15+00:00,12.59,124.41,98,3.4,007 km N 17° W of Rosario (Northern Samar),Ms,TECTONIC
962,2025-02-06 20:50:01+00:00,13.67,120.69,109,1.4,019 km S 20° E of Calatagan (Batangas),Ms,TECTONIC
963,2025-02-06 20:00:55+00:00,18.58,120.86,19,1.8,008 km N 40° E of Dumalneg (Ilocos Norte),Ms,TECTONIC
964,2025-02-06 19:11:44+00:00,7.96,126.7,8,1.9,033 km S 75° E of Lingig (Surigao Del Sur),Ms,TECTONIC
965,2025-02-06 17:50:48+00:00,17.7,120.56,11,1.4,012 km N 84° W of Danglas (Abra),Ms,TECTONIC
966,2025-02-06 17:26:58+00:00,7.81,126.77,10,2.5,034 km N 87° E of Cateel (Davao Oriental),Ms,TECTONIC
967,2025-02-06 17:07:06+00:00,6.07,126.42,25,2.2,075 km S 31° E of Governor Generoso (Davao Oriental),Ms,TECTONIC
968,2025-02-06 15:03:44+00:00,18.44,120.97,21,2.7,008 km S 74° E of Adams (Ilocos Norte),Ms,TECTONIC
969,2025-02-06 13:16:19+00:00,3.67,126.93,85,5.0,255 km S 41° E of Balut Island (Municipality Of Sarangani) (Davao Occidental),Mw,TECTONIC
970,2025-02-06 12:38:18+00:00,16.51,120.52,16,2.2,004 km N 65° E of Sablan (Benguet),Ms,TECTONIC
971,2025-02-06 12:24:43+00:00,13.92,123.29,1,2.0,012 km S 15° E of Siruma (Camarines Sur),Ms,TECTONIC
972,2025-02-06 12:08:37+00:00,7.71,126.34,139,2.6,015 km S 53° W of Cateel (Davao Oriental),Ms,TECTONIC
973,2025-02-06 11:55:17+00:00,11.78,125.93,8,2.8,051 km N 87° E of San Julian (Eastern Samar),Ms,TECTONIC
974,2025-02-06 11:33:33+00:00,18.01,120.49,43,3.8,008 km N 28° W of Pinili (Ilocos Norte),Ms,TECTONIC
975,2025-02-06 11:32:03+00:00,13.81,120.52,66,1.9,012 km S 80° W of Calatagan (Batangas),Ms,TECTONIC
976,2025-02-06 11:20:09+00:00,7.67,127.06,15,2.0,057 km N 80° E of Baganga (Davao Oriental),Ms,TECTONIC
977,2025-02-06 11:19:48+00:00,15.34,121.93,8,2.0,058 km S 85° E of Dingalan (Aurora),Ms,TECTONIC
978,2025-02-06 09:28:41+00:00,5.74,125.95,61,2.5,039 km S 61° E of Jose Abad Santos (Davao Occidental),Ms,TECTONIC
979,2025-02-06 08:11:56+00:00,13.22,120.16,14,1.9,040 km S 57° W of Paluan (Occidental Mindoro),Ms,TECTONIC
980,2025-02-06 05:43:02+00:00,8.82,126.47,24,2.3,022 km S 61° E of Cagwait (Surigao Del Sur),Ms,TECTONIC
981,2025-02-06 04:55:49+00:00,15.33,121.99,2,2.9,048 km N 24° E of Panukulan (Quezon),Ms,TECTONIC
982,2025-02-06 04:44:09+00:00,6.3,126.74,157,3.4,089 km S 21° E of Tarragona (Davao Oriental),Ms,TECTONIC
983,2025-02-06 03:53:07+00:00,20.09,121.31,22,3.7,065 km S 66° W of Sabtang (Batanes),Ms,TECTONIC
984,2025-02-06 02:34:51+00:00,7.95,126.96,5,2.8,059 km N 72° E of Cateel (Davao Oriental),Ms,TECTONIC
985,2025-02-05 22:36:05+00:00,13.95,120.46,89,3.0,023 km S 53° W of Nasugbu (Batangas),Ms,TECTONIC
986,2025-02-05 22:16:02+00:00,19.08,121.11,7,3.3,010 km S 75° W of Dalupiri Island (Calayan) (Cagayan),Ms,TECTONIC
987,2025-02-05 21:33:56+00:00,7.45,126.0,20,2.1,011 km S 53° E of Mawab (Davao De Oro),Ms,TECTONIC
988,2025-02-05 21:09:26+00:00,7.73,122.28,23,2.4,016 km N 81° E of Siocon (Zamboanga Del Norte),Ms,TECTONIC
989,2025-02-05 19:42:10+00:00,6.06,125.98,66,2.0,041 km N 66° E of Jose Abad Santos (Davao Occidental),Ms,TECTONIC
990,2025-02-05 19:28:58+00:00,13.7,120.61,111,1.4,015 km S 10° W of Calatagan (Batangas),Ms,TECTONIC
991,2025-02-05 18:41:16+00:00,7.93,126.78,16,1.9,039 km N 68° E of Cateel (Davao Oriental),Ms,TECTONIC
992,2025-02-05 18:38:54+00:00,7.26,125.96,18,2.2,013 km S 63° E of Mabini (Davao De Oro),Ms,TECTONIC
993,2025-02-05 18:04:51+00:00,16.76,120.13,3,2.4,024 km N 80° W of Bacnotan (La Union),Ms,TECTONIC
994,2025-02-05 17:59:28+00:00,16.85,119.99,13,3.0,042 km N 70° W of Bacnotan (La Union),Ms,TECTONIC
995,2025-02-05 16:29:45+00:00,7.97,126.41,30,1.9,007 km S 06° W of Lingig (Surigao Del Sur),Ms,TECTONIC
996,2025-02-05 16:25:28+00:00,16.36,121.37,20,2.1,010 km N 60° E of Kasibu (Nueva Vizcaya),Ms,TECTONIC
997,2025-02-05 16:14:30+00:00,17.96,120.87,5,2.3,018 km S 35° E of Solsona (Ilocos Norte),Ms,TECTONIC
998,2025-02-05 15:00:50+00:00,11.28,124.6,4,2.3,005 km S 70° W of Capoocan (Leyte),Ms,TECTONIC
999,2025-02-05 14:46:03+00:00,6.59,126.75,63,3.3,061 km S 33° E of Tarragona (Davao Oriental),Ms,TECTONIC
1000,2025-02-05 14:37:41+00:00,7.23,125.88,28,2.4,009 km S 22° E of Mabini (Davao De Oro),Ms,TECTONIC
1001,2025-02-05 14:35:19+00:00,7.27,125.94,20,2.4,011 km S 67° E of Mabini (Davao De Oro),Ms,TECTONIC
1002,2025-02-05 14:01:22+00:00,8.42,125.99,8,3.2,005 km N 13° W of Rosario (Agusan Del Sur),Ms,TECTONIC
1003,2025-02-05 13:37:27+00:00,9.74,126.22,13,3.4,008 km S 57° E of General Luna (Surigao Del Norte),Ms,TECTONIC
1004,2025-02-05 13:36:01+00:00,17.67,120.81,34,1.5,006 km S 17° W of Tineg (Abra),Ms,TECTONIC
1005,2025-02-05 13:33:51+00:00,10.45,123.23,6,2.1,007 km N 15° E of City Of Canlaon (Negros Oriental),Ml,VOLCANO-TECTONIC
1006,2025-02-05 13:13:41+00:00,8.45,126.62,26,2.1,032 km N 74° E of Hinatuan (Surigao Del Sur),Ms,TECTONIC
1007,2025-02-05 12:56:18+00:00,11.22,125.66,26,2.4,007 km N 08° W of Salcedo (Eastern Samar),Ms,TECTONIC
1008,2025-02-05 11:59:57+00:00,14.2,122.33,8,1.8,007 km N 75° W of Santa Elena (Camarines Norte),Ms,TECTONIC
1009,2025-02-05 11:24:18+00:00,13.92,120.58,90,1.7,011 km N 31° W of Calatagan (Batangas),Ms,TECTONIC
1010,2025-02-05 10:44:42+00:00,14.99,121.46,21,2.6,031 km N 34° W of General Nakar (Quezon),Ms,TECTONIC
1011,2025-02-05 10:40:20+00:00,8.99,126.57,19,1.9,032 km N 75° E of Cagwait (Surigao Del Sur),Ms,TECTONIC
1012,2025-02-05 09:25:53+00:00,21.11,121.76,102,2.9,037 km N 13° W of Itbayat (Batanes),Ms,TECTONIC
1013,2025-02-05 09:22:32+00:00,10.0,126.14,20,2.4,007 km S 69° E of Burgos (Surigao Del Norte),Ms,TECTONIC
1014,2025-02-05 08:13:03+00:00,18.34,120.84,11,3.6,015 km S 26° W of Adams (Ilocos Norte),Ms,TECTONIC
1015,2025-02-05 08:12:27+00:00,7.55,127.37,2,3.3,089 km S 88° E of Baganga (Davao Oriental),Ms,TECTONIC
1016,2025-02-05 08:03:34+00:00,7.56,127.26,23,3.9,077 km S 88° E of Baganga (Davao Oriental),Ms,TECTONIC
1017,2025-02-05 04:51:35+00:00,10.07,125.2,8,2.7,005 km N 73° E of San Francisco (Southern Leyte),Ms,TECTONIC
1018,2025-02-05 02:43:08+00:00,6.2,126.39,30,2.7,061 km S 35° E of Governor Generoso (Davao Oriental),Ms,TECTONIC
1019,2025-02-05 01:10:50+00:00,13.15,124.04,10,2.1,010 km S 69° W of Rapu-rapu (Albay),Ms,TECTONIC
1020,2025-02-05 01:04:00+00:00,13.19,124.13,6,2.2,001 km N 61° E of Rapu-rapu (Albay),Ms,TECTONIC
1021,2025-02-05 00:57:06+00:00,5.91,124.81,18,2.2,021 km N 76° W of Maasim (Sarangani),Ms,TECTONIC
1022,2025-02-04 20:49:40+00:00,11.7,125.81,5,2.5,039 km S 81° E of San Julian (Eastern Samar),Ms,TECTONIC
1023,2025-02-04 20:47:50+00:00,6.28,127.14,37,2.6,114 km S 42° E of Tarragona (Davao Oriental),Ms,TECTONIC
1024,2025-02-04 20:40:21+00:00,11.79,125.9,11,2.5,049 km N 86° E of San Julian (Eastern Samar),Ms,TECTONIC
1025,2025-02-04 20:39:21+00:00,11.68,125.75,1,2.2,034 km S 76° E of San Julian (Eastern Samar),Ms,TECTONIC
1026,2025-02-04 20:30:12+00:00,7.98,127.24,3,3.3,087 km N 59° E of Baganga (Davao Oriental),Ms,TECTONIC
1027,2025-02-04 18:07:57+00:00,17.63,120.51,1,3.2,008 km N 45° W of Langiden (Abra),Ms,TECTONIC
1028,2025-02-04 17:54:18+00:00,13.51,120.72,88,1.9,007 km N 04° W of Abra De Ilog (Occidental Mindoro),Ms,TECTONIC
1029,2025-02-04 17:19:29+00:00,10.71,125.27,5,2.6,024 km N 29° E of Silago (Southern Leyte),Ms,TECTONIC
1030,2025-02-04 17:17:27+00:00,15.82,121.06,10,1.7,008 km N 69° E of San Jose City (Nueva Ecija),Ms,TECTONIC
1031,2025-02-04 16:00:00+00:00,6.82,126.78,200,3.3,045 km S 55° E of Tarragona (Davao Oriental),Ms,TECTONIC
1032,2025-02-04 15:39:34+00:00,8.98,126.57,18,1.8,030 km N 76° E of Cagwait (Surigao Del Sur),Ms,TECTONIC
1033,2025-02-04 15:15:35+00:00,10.07,125.2,13,1.9,005 km N 77° E of San Francisco (Southern Leyte),Ms,TECTONIC
1034,2025-02-04 14:42:37+00:00,11.29,124.6,2,2.6,005 km S 86° W of Capoocan (Leyte),Ms,TECTONIC
1035,2025-02-04 14:32:25+00:00,9.04,126.1,121,2.2,013 km N 34° E of San Miguel (Surigao Del Sur),Ms,TECTONIC
1036,2025-02-04 14:29:28+00:00,18.22,120.94,7,1.9,012 km S 72° W of Calanasan (Apayao),Ms,TECTONIC
1037,2025-02-04 14:28:56+00:00,16.33,122.15,33,2.8,007 km N 26° E of Casiguran (Aurora),Ms,TECTONIC
1038,2025-02-04 14:13:28+00:00,8.81,126.05,9,2.5,015 km S 04° E of San Miguel (Surigao Del Sur),Ms,TECTONIC
1039,2025-02-04 13:54:54+00:00,17.67,120.53,12,2.8,011 km N 18° W of Langiden (Abra),Ms,TECTONIC
1040,2025-02-04 13:54:29+00:00,17.79,120.64,32,1.5,011 km N 15° W of Danglas (Abra),Ms,TECTONIC
1041,2025-02-04 11:15:09+00:00,10.38,125.2,2,2.0,013 km N 28° W of Anahawan (Southern Leyte),Ms,TECTONIC
1042,2025-02-04 10:58:26+00:00,10.37,125.19,4,2.2,011 km N 31° E of Saint Bernard (Southern Leyte),Ms,TECTONIC
1043,2025-02-04 10:24:55+00:00,9.42,122.46,30,2.0,020 km S 01° W of Hinoba-an (Negros Occidental),Ms,TECTONIC
1044,2025-02-04 10:02:52+00:00,8.98,126.49,1,1.8,022 km N 73° E of Cagwait (Surigao Del Sur),Ms,TECTONIC
1045,2025-02-04 09:43:26+00:00,15.94,120.39,21,1.9,007 km S 25° W of Santa Barbara (Pangasinan),Ms,TECTONIC
1046,2025-02-04 09:17:00+00:00,12.75,119.52,22,3.2,081 km N 34° W of Busuanga (Palawan),unspecified,unspecified
1047,2025-02-04 08:50:26+00:00,12.04,121.39,18,2.5,021 km N 56° W of Caluya (Antique),Ms,TECTONIC
1048,2025-02-04 07:05:32+00:00,8.39,126.3,32,2.0,004 km N 62° W of Hinatuan (Surigao Del Sur),Ms,TECTONIC
1049,2025-02-04 05:54:47+00:00,11.0,125.59,32,4.3,015 km S 75° W of Guiuan (Eastern Samar),Mw,TECTONIC
1050,2025-02-04 05:45:41+00:00,9.59,126.35,79,2.0,030 km S 46° E of General Luna (Surigao Del Norte),Ms,TECTONIC
1051,2025-02-04 05:43:53+00:00,17.72,120.6,7,2.8,008 km N 67° W of Danglas (Abra),Ms,TECTONIC
1052,2025-02-04 04:25:02+00:00,8.29,126.58,34,1.5,028 km S 73° E of Hinatuan (Surigao Del Sur),Ms,TECTONIC
1053,2025-02-04 04:13:55+00:00,9.1,126.65,6,2.0,043 km N 70° E of Bayabas (Surigao Del Sur),Ms,TECTONIC
1054,2025-02-04 04:03:30+00:00,8.11,126.87,42,1.4,051 km N 81° E of Lingig (Surigao Del Sur),Ms,TECTONIC
1055,2025-02-04 02:50:16+00:00,9.95,125.21,20,2.0,013 km S 26° E of San Francisco (Southern Leyte),Ms,TECTONIC
1056,2025-02-04 02:41:46+00:00,9.08,126.38,3,2.9,016 km N 41° E of Bayabas (Surigao Del Sur),Ms,TECTONIC
1057,2025-02-04 01:52:04+00:00,13.78,120.6,99,1.6,007 km S 31° W of Calatagan (Batangas),Ms,TECTONIC
1058,2025-02-04 01:41:43+00:00,10.07,125.16,9,2.2,001 km N 13° E of San Francisco (Southern Leyte),Ms,TECTONIC
1059,2025-02-04 01:16:46+00:00,10.05,125.21,9,2.4,005 km S 86° E of San Francisco (Southern Leyte),Ms,TECTONIC
1060,2025-02-03 23:00:55+00:00,17.82,120.65,5,3.0,011 km S 09° W of Nueva Era (Ilocos Norte),Ms,TECTONIC
1061,2025-02-03 21:35:49+00:00,2.98,128.45,132,5.9,431 km S 51° E of Balut Island (Municipality Of Sarangani) (Davao Occidental),Mw,TECTONIC
1062,2025-02-03 21:04:22+00:00,13.62,120.64,109,2.0,024 km S 02° E of Calatagan (Batangas),Ms,TECTONIC
1063,2025-02-03 20:35:57+00:00,10.07,125.2,11,2.4,004 km N 75° E of San Francisco (Southern Leyte),Ms,TECTONIC
1064,2025-02-03 20:32:31+00:00,7.97,126.53,26,1.9,016 km S 59° E of Lingig (Surigao Del Sur),Ms,TECTONIC
1065,2025-02-03 19:53:59+00:00,8.16,126.97,1,2.9,063 km N 77° E of Lingig (Surigao Del Sur),Ms,TECTONIC
1066,2025-02-03 17:54:59+00:00,9.76,124.69,8,2.7,013 km N 82° E of Anda (Bohol),Ms,TECTONIC
1067,2025-02-03 17:42:43+00:00,15.4,121.81,11,1.9,045 km N 89° E of Dingalan (Aurora),Ms,TECTONIC
1068,2025-02-03 15:31:57+00:00,13.95,120.57,91,1.8,014 km N 27° W of Calatagan (Batangas),Ms,TECTONIC
1069,2025-02-03 13:59:56+00:00,9.3,125.63,11,3.1,009 km N 64° E of Santiago (Agusan Del Norte),Ms,TECTONIC
1070,2025-02-03 13:42:55+00:00,10.54,126.49,11,2.4,073 km N 38° E of Burgos (Surigao Del Norte),Ms,TECTONIC
1071,2025-02-03 12:07:39+00:00,8.32,123.56,33,1.7,007 km N 65° E of Sergio Osmeña Sr. (Zamboanga Del Norte),Ms,TECTONIC
1072,2025-02-03 10:23:16+00:00,10.27,125.93,8,3.6,032 km N 29° W of Burgos (Surigao Del Norte),Ms,TECTONIC
1073,2025-02-03 10:06:28+00:00,16.16,121.83,21,2.0,014 km N 82° W of Dinalungan (Aurora),Ms,TECTONIC
1074,2025-02-03 09:11:38+00:00,8.61,126.93,7,2.3,071 km N 68° E of Hinatuan (Surigao Del Sur),Ms,TECTONIC
1075,2025-02-03 07:48:18+00:00,13.63,120.35,4,1.8,015 km S 46° E of Looc (Occidental Mindoro),Ms,TECTONIC
1076,2025-02-03 06:47:23+00:00,8.82,126.57,12,3.4,030 km N 85° E of Marihatag (Surigao Del Sur),Ms,TECTONIC
1077,2025-02-03 06:30:37+00:00,13.94,120.59,6,1.9,013 km N 21° W of Calatagan (Batangas),Ms,TECTONIC
1078,2025-02-03 05:59:57+00:00,9.16,126.57,21,2.0,038 km N 55° E of Bayabas (Surigao Del Sur),Ms,TECTONIC
1079,2025-02-03 05:28:36+00:00,8.34,126.33,51,1.6,003 km S 21° W of Hinatuan (Surigao Del Sur),Ms,TECTONIC
1080,2025-02-03 05:16:16+00:00,16.27,121.95,24,1.5,014 km N 05° W of Dinalungan (Aurora),Ms,TECTONIC
1081,2025-02-03 05:04:52+00:00,13.56,120.3,8,2.3,018 km S 18° E of Looc (Occidental Mindoro),Ms,TECTONIC
1082,2025-02-03 03:08:11+00:00,13.67,120.32,1,2.0,010 km S 60° E of Looc (Occidental Mindoro),Ms,TECTONIC
1083,2025-02-03 03:07:25+00:00,13.65,120.31,1,1.6,010 km S 40° E of Looc (Occidental Mindoro),Ms,TECTONIC
1084,2025-02-03 02:52:12+00:00,13.96,120.51,83,1.6,018 km S 60° W of Lian (Batangas),Ms,TECTONIC
1085,2025-02-03 00:51:39+00:00,8.04,127.12,10,2.8,078 km N 90° E of Lingig (Surigao Del Sur),Ms,TECTONIC
1086,2025-02-03 00:16:24+00:00,8.19,127.13,1,3.3,081 km N 78° E of Lingig (Surigao Del Sur),Ms,TECTONIC
1087,2025-02-02 23:09:59+00:00,13.88,120.5,96,3.0,016 km N 71° W of Calatagan (Batangas),Ms,TECTONIC
1088,2025-02-02 22:21:16+00:00,9.29,126.27,31,1.8,009 km N 81° E of Cortes (Surigao Del Sur),Ms,TECTONIC
1089,2025-02-02 21:56:11+00:00,17.84,120.88,4,1.8,014 km N 25° E of Tineg (Abra),Ms,TECTONIC
1090,2025-02-02 21:34:45+00:00,13.05,120.7,38,1.6,004 km S 28° W of Santa Cruz (Occidental Mindoro),Ms,TECTONIC
1091,2025-02-02 21:11:03+00:00,19.16,120.72,2,2.4,051 km N 84° W of Dalupiri Island (Calayan) (Cagayan),Ms,TECTONIC
1092,2025-02-02 20:52:40+00:00,11.72,124.9,30,1.7,007 km S 16° E of City Of Catbalogan (Samar),Ms,TECTONIC
1093,2025-02-02 20:50:45+00:00,15.13,120.01,34,1.7,006 km S 54° W of Cabangan (Zambales),Ms,TECTONIC
1094,2025-02-02 20:49:44+00:00,6.18,125.9,109,2.7,023 km S 86° E of Don Marcelino (Davao Occidental),Ms,TECTONIC
1095,2025-02-02 20:16:20+00:00,3.52,126.32,32,3.8,231 km S 25° E of Balut Island (Municipality Of Sarangani) (Davao Occidental),Ms,TECTONIC
1096,2025-02-02 19:58:37+00:00,13.98,122.51,1,3.0,003 km N 55° W of Tagkawayan (Quezon),Ms,TECTONIC
1097,2025-02-02 19:54:22+00:00,18.83,120.8,13,2.8,030 km N 02° E of Pagudpud (Ilocos Norte),Ms,TECTONIC
1098,2025-02-02 19:43:51+00:00,11.48,124.45,9,2.5,003 km N 67° W of Biliran (Biliran),Ms,TECTONIC
1099,2025-02-02 18:52:42+00:00,12.27,121.94,13,2.4,006 km N 81° W of Looc (Romblon),Ms,TECTONIC
1100,2025-02-02 18:38:56+00:00,7.46,126.17,2,3.1,011 km S 22° E of New Bataan (Davao De Oro),Ms,TECTONIC
1101,2025-02-02 18:27:32+00:00,18.01,121.42,14,1.8,020 km S 73° W of Lasam (Cagayan),Ms,TECTONIC
1102,2025-02-02 18:20:27+00:00,11.2,124.64,5,2.8,009 km N 76° E of Kananga (Leyte),Ms,TECTONIC
1103,2025-02-02 18:18:57+00:00,17.73,119.39,21,2.5,105 km N 82° W of Santa Catalina (Ilocos Sur),Ms,TECTONIC
1104,2025-02-02 18:03:18+00:00,10.04,126.32,32,1.7,028 km N 84° E of Burgos (Surigao Del Norte),Ms,TECTONIC
1105,2025-02-02 17:37:46+00:00,17.8,120.74,4,2.6,012 km N 43° W of Tineg (Abra),Ms,TECTONIC
1106,2025-02-02 16:43:44+00:00,14.84,121.9,26,1.9,007 km S 86° W of Burdeos (Quezon),Ms,TECTONIC
1107,2025-02-02 16:16:01+00:00,13.5,120.59,72,1.7,016 km N 66° W of Abra De Ilog (Occidental Mindoro),Ms,TECTONIC
1108,2025-02-02 15:52:02+00:00,13.18,119.78,30,2.5,084 km S 26° W of Lubang (Occidental Mindoro),Ms,TECTONIC
1109,2025-02-02 15:43:10+00:00,10.22,125.61,105,5.0,008 km N 74° E of Libjo (Dinagat Islands),Mw,TECTONIC
1110,2025-02-02 15:34:26+00:00,17.05,120.28,20,2.2,019 km S 79° W of Santa Cruz (Ilocos Sur),Ms,TECTONIC
1111,2025-02-02 15:19:20+00:00,16.16,120.19,8,2.8,014 km N 42° E of Sual (Pangasinan),Ms,TECTONIC
1112,2025-02-02 14:58:05+00:00,16.95,119.46,27,2.4,077 km N 37° W of Bolinao (Pangasinan),Ms,TECTONIC
1113,2025-02-02 14:47:22+00:00,12.6,123.57,8,2.1,011 km S 63° W of Monreal (Masbate),Ms,TECTONIC
1114,2025-02-02 13:32:46+00:00,13.24,120.85,49,1.8,023 km N 39° E of Santa Cruz (Occidental Mindoro),Ms,TECTONIC
1115,2025-02-02 12:29:23+00:00,14.02,120.59,178,2.4,022 km N 12° W of Calatagan (Batangas),Ms,TECTONIC
1116,2025-02-02 12:22:25+00:00,10.92,122.93,10,3.0,007 km N 47° W of Enrique B. Magalona (Negros Occidental),Ms,TECTONIC
1117,2025-02-02 11:37:58+00:00,8.64,126.42,26,3.3,022 km S 36° E of Marihatag (Surigao Del Sur),Ms,TECTONIC
1118,2025-02-02 11:12:37+00:00,18.83,121.05,12,2.6,025 km N 09° W of Claveria (Cagayan),Ms,TECTONIC
1119,2025-02-02 10:13:42+00:00,7.78,127.24,1,2.6,078 km N 73° E of Baganga (Davao Oriental),Ms,TECTONIC
1120,2025-02-02 10:06:51+00:00,8.69,126.57,23,2.3,033 km S 67° E of Marihatag (Surigao Del Sur),Ms,TECTONIC
1121,2025-02-02 09:50:57+00:00,10.39,125.52,105,3.4,008 km N 62° W of Loreto (Dinagat Islands),Ms,TECTONIC
1122,2025-02-02 09:44:17+00:00,10.97,123.76,7,2.2,020 km S 10° W of Santa Fe (Cebu),Ms,TECTONIC
1123,2025-02-02 09:30:48+00:00,8.23,126.83,8,2.7,051 km N 65° E of Lingig (Surigao Del Sur),Ms,TECTONIC
1124,2025-02-02 09:12:31+00:00,16.75,120.97,16,1.5,009 km N 21° E of Tinoc (Ifugao),Ms,TECTONIC
1125,2025-02-02 08:55:00+00:00,11.48,124.44,6,3.0,004 km N 21° E of Calubian (Leyte),Ms,TECTONIC
1126,2025-02-02 07:53:59+00:00,9.77,124.88,29,1.8,027 km S 53° W of Limasawa (Southern Leyte),Ms,TECTONIC
1127,2025-02-02 07:00:39+00:00,11.5,124.38,7,2.2,007 km S 15° W of Naval (Biliran),Ms,TECTONIC
1128,2025-02-02 06:29:13+00:00,5.48,125.04,33,2.9,041 km S 25° W of Glan (Sarangani),Ms,TECTONIC
1129,2025-02-02 06:26:44+00:00,10.19,125.89,25,2.2,025 km N 41° W of Santa Monica (Surigao Del Norte),Ms,TECTONIC
1130,2025-02-02 06:11:37+00:00,9.68,126.21,27,1.9,012 km S 27° E of General Luna (Surigao Del Norte),Ms,TECTONIC
1131,2025-02-02 06:01:53+00:00,9.43,122.5,33,2.5,015 km N 82° W of Basay (Negros Oriental),Ms,TECTONIC
1132,2025-02-02 04:41:03+00:00,18.68,120.43,14,2.2,029 km N 51° W of Burgos (Ilocos Norte),Ms,TECTONIC
1133,2025-02-02 03:21:46+00:00,9.98,126.13,31,2.3,007 km N 44° E of San Isidro (Surigao Del Norte),Ms,TECTONIC
1134,2025-02-02 03:14:38+00:00,14.22,119.82,6,2.4,052 km N 40° W of Lubang (Occidental Mindoro),Ms,TECTONIC
1135,2025-02-02 03:11:33+00:00,10.01,126.09,12,3.5,002 km S 74° E of Burgos (Surigao Del Norte),Ms,TECTONIC
1136,2025-02-02 03:06:37+00:00,13.54,120.61,1,1.9,033 km S 04° W of Calatagan (Batangas),Ms,TECTONIC
1137,2025-02-02 02:04:21+00:00,10.42,125.92,24,2.3,042 km S 31° E of Homonhon Island (Guiuan) (Eastern Samar),Ms,TECTONIC
1138,2025-02-02 01:58:26+00:00,10.4,125.9,27,2.4,036 km N 83° E of Loreto (Dinagat Islands),Ms,TECTONIC
1139,2025-02-02 01:07:37+00:00,10.42,125.91,18,2.5,036 km N 79° E of Loreto (Dinagat Islands),Ms,TECTONIC
1140,2025-02-02 00:12:42+00:00,10.39,125.91,29,2.0,044 km S 27° E of Homonhon Island (Guiuan) (Eastern Samar),Ms,TECTONIC
1141,2025-02-01 22:44:05+00:00,20.21,121.23,36,2.8,068 km S 78° W of Sabtang (Batanes),Ms,TECTONIC
1142,2025-02-01 22:25:08+00:00,10.41,125.93,16,2.6,039 km N 82° E of Loreto (Dinagat Islands),Ms,TECTONIC
1143,2025-02-01 22:16:45+00:00,13.14,121.11,1,2.2,019 km S 79° W of Victoria (Oriental Mindoro),Ms,TECTONIC
1144,2025-02-01 21:28:01+00:00,10.04,125.17,16,2.6,002 km S 42° E of San Francisco (Southern Leyte),Ms,TECTONIC
1145,2025-02-01 20:52:09+00:00,13.74,120.61,112,1.9,010 km S 14° W of Calatagan (Batangas),Ms,TECTONIC
1146,2025-02-01 20:41:16+00:00,10.95,123.05,6,2.0,009 km S 86° W of Manapla (Negros Occidental),Ms,TECTONIC
1147,2025-02-01 20:30:53+00:00,10.35,124.95,1,3.0,003 km S 71° W of Bontoc (Southern Leyte),Ms,TECTONIC
1148,2025-02-01 20:00:18+00:00,13.78,120.6,119,1.7,006 km S 30° W of Calatagan (Batangas),Ms,TECTONIC
1149,2025-02-01 19:44:33+00:00,12.97,122.72,4,2.6,033 km S 59° W of San Pascual (Masbate),Ms,TECTONIC
1150,2025-02-01 19:42:05+00:00,13.52,124.27,10,3.2,008 km S 29° E of Virac (Catanduanes),Ms,TECTONIC
1151,2025-02-01 19:25:27+00:00,12.97,122.73,2,2.3,032 km S 58° W of San Pascual (Masbate),Ms,TECTONIC
1152,2025-02-01 19:00:52+00:00,18.47,120.86,10,2.1,012 km S 36° E of Pagudpud (Ilocos Norte),Ms,TECTONIC
1153,2025-02-01 18:55:32+00:00,13.96,120.49,89,2.1,021 km N 48° W of Calatagan (Batangas),Ms,TECTONIC
1154,2025-02-01 18:46:40+00:00,5.87,124.51,17,3.2,019 km S 43° W of Kiamba (Sarangani),Ms,TECTONIC
1155,2025-02-01 18:45:56+00:00,14.06,120.43,103,1.6,022 km S 86° W of Nasugbu (Batangas),Ms,TECTONIC
1156,2025-02-01 18:41:00+00:00,10.04,125.2,25,2.0,005 km S 67° E of San Francisco (Southern Leyte),unspecified,unspecified
1157,2025-02-01 17:30:56+00:00,8.67,126.65,17,3.3,041 km S 70° E of Marihatag (Surigao Del Sur),Ms,TECTONIC
1158,2025-02-01 17:07:44+00:00,10.09,125.2,15,2.2,006 km N 51° E of San Francisco (Southern Leyte),Ms,TECTONIC
1159,2025-02-01 17:01:57+00:00,5.87,125.94,163,3.3,033 km S 82° E of Jose Abad Santos (Davao Occidental),Ms,TECTONIC
1160,2025-02-01 16:47:53+00:00,13.55,120.02,29,1.8,031 km S 53° W of Looc (Occidental Mindoro),Ms,TECTONIC
1161,2025-02-01 16:36:10+00:00,10.31,125.21,11,2.0,006 km N 53° W of Anahawan (Southern Leyte),Ms,TECTONIC
1162,2025-02-01 15:55:34+00:00,15.43,119.8,26,1.8,012 km West of Palauig (Zambales),Ms,TECTONIC
1163,2025-02-01 15:49:56+00:00,13.19,124.17,3,2.0,004 km N 81° E of Rapu-rapu (Albay),Ms,TECTONIC
1164,2025-02-01 15:48:37+00:00,17.76,120.56,26,2.2,011 km N 79° E of San Juan (Ilocos Sur),Ms,TECTONIC
1165,2025-02-01 15:15:07+00:00,9.94,126.17,34,1.9,009 km East of San Isidro (Surigao Del Norte),Ms,TECTONIC
1166,2025-02-01 14:02:12+00:00,13.85,120.57,86,1.5,007 km N 75° W of Calatagan (Batangas),Ms,TECTONIC
1167,2025-02-01 13:08:30+00:00,10.76,126.1,19,2.2,042 km N 88° E of Homonhon Island (Guiuan) (Eastern Samar),Ms,TECTONIC
1168,2025-02-01 13:04:04+00:00,10.33,124.93,1,2.5,006 km S 54° W of Bontoc (Southern Leyte),Ms,TECTONIC
1169,2025-02-01 12:44:38+00:00,11.22,126.21,6,2.6,056 km N 77° E of Mercedes (Eastern Samar),Ms,TECTONIC
1170,2025-02-01 12:40:39+00:00,13.94,120.54,91,1.9,016 km N 40° W of Calatagan (Batangas),Ms,TECTONIC
1171,2025-02-01 12:20:08+00:00,12.91,120.89,1,2.1,014 km N 61° E of Sablayan (Occidental Mindoro),Ms,TECTONIC
1172,2025-02-01 11:55:52+00:00,13.81,120.03,10,4.2,011 km S 63° W of Lubang (Occidental Mindoro),Ms,TECTONIC
1173,2025-02-01 11:06:16+00:00,8.4,125.87,15,2.6,011 km S 61° E of Talacogon (Agusan Del Sur),Ms,TECTONIC
1174,2025-02-01 11:01:11+00:00,9.99,126.07,18,4.3,003 km S 15° W of Burgos (Surigao Del Norte),Ms,TECTONIC
1175,2025-02-01 10:26:18+00:00,11.49,124.44,6,2.5,005 km N 58° W of Biliran (Biliran),Ms,TECTONIC
1176,2025-02-01 08:53:26+00:00,13.5,120.72,122,1.6,007 km N 08° W of Abra De Ilog (Occidental Mindoro),Ms,TECTONIC
1177,2025-02-01 07:32:32+00:00,17.24,120.32,39,2.2,015 km N 58° W of City Of Candon (Ilocos Sur),Ms,TECTONIC
1178,2025-02-01 07:21:38+00:00,10.04,125.19,34,1.5,004 km S 61° E of San Francisco (Southern Leyte),Ms,TECTONIC
1179,2025-02-01 07:09:21+00:00,8.49,122.65,10,2.0,040 km N 04° W of Liloy (Zamboanga Del Norte),Ms,TECTONIC
1180,2025-02-01 06:34:21+00:00,10.94,126.52,33,2.6,088 km S 83° E of Guiuan (Eastern Samar),Ms,TECTONIC
1181,2025-02-01 06:29:04+00:00,6.08,126.24,13,2.1,062 km S 78° E of Don Marcelino (Davao Occidental),Ms,TECTONIC
1182,2025-02-01 06:19:56+00:00,9.57,126.12,33,1.8,018 km S 73° E of Socorro (Surigao Del Norte),Ms,TECTONIC
1183,2025-02-01 05:15:04+00:00,9.24,126.35,33,1.3,018 km S 77° E of Cortes (Surigao Del Sur),Ms,TECTONIC
1184,2025-02-01 04:08:37+00:00,13.79,120.58,143,2.3,007 km S 51° W of Calatagan (Batangas),Ms,TECTONIC
1185,2025-02-01 04:05:17+00:00,13.86,120.55,67,1.5,009 km N 72° W of Calatagan (Batangas),Ms,TECTONIC
1186,2025-02-01 03:43:39+00:00,8.28,123.27,32,1.8,017 km N 78° E of Siayan (Zamboanga Del Norte),Ms,TECTONIC
1187,2025-02-01 03:10:34+00:00,8.32,126.24,98,2.1,012 km S 65° W of Hinatuan (Surigao Del Sur),Ms,TECTONIC
1188,2025-02-01 02:47:19+00:00,18.51,120.98,29,1.7,006 km S 10° W of Santa Praxedes (Cagayan),Ms,TECTONIC
1189,2025-02-01 02:02:50+00:00,11.53,124.4,10,2.1,004 km South of Naval (Biliran),Ms,TECTONIC
1190,2025-01-31 23:59:11+00:00,7.95,127.1,2,2.3,073 km N 55° E of Baganga (Davao Oriental),Ms,TECTONIC
1191,2025-01-31 23:01:09+00:00,6.45,126.51,13,3.0,053 km S 65° E of Governor Generoso (Davao Oriental),Ms,TECTONIC
1192,2025-01-31 22:42:16+00:00,14.77,121.93,29,1.6,009 km S 25° W of Burdeos (Quezon),Ms,TECTONIC
1193,2025-01-31 22:01:48+00:00,10.0,125.29,1,2.4,016 km S 66° E of San Francisco (Southern Leyte),Ms,TECTONIC
1194,2025-01-31 21:55:52+00:00,18.58,121.06,58,2.8,004 km S 44° W of Claveria (Cagayan),Ms,TECTONIC
1195,2025-01-31 21:14:37+00:00,8.72,126.98,1,3.0,075 km S 83° E of Marihatag (Surigao Del Sur),Ms,TECTONIC
1196,2025-01-31 21:11:14+00:00,8.72,127.01,9,3.5,079 km S 84° E of Marihatag (Surigao Del Sur),Ms,TECTONIC
1197,2025-01-31 20:02:39+00:00,13.12,122.48,6,2.5,025 km S 09° W of San Francisco (Quezon),Ms,TECTONIC
1198,2025-01-31 19:54:21+00:00,13.95,120.53,87,1.7,017 km N 40° W of Calatagan (Batangas),Ms,TECTONIC
1199,2025-01-31 19:18:46+00:00,7.24,126.98,17,2.7,046 km S 78° E of Caraga (Davao Oriental),Ms,TECTONIC
1200,2025-01-31 19:07:27+00:00,18.01,120.7,4,2.9,004 km S 33° E of Marcos (Ilocos Norte),Ms,TECTONIC
1201,2025-01-31 18:59:59+00:00,17.59,120.75,3,1.8,003 km S 28° E of Lagangilang (Abra),Ms,TECTONIC
1202,2025-01-31 18:57:19+00:00,5.56,127.37,85,2.9,188 km S 50° E of Governor Generoso (Davao Oriental),Ms,TECTONIC
1203,2025-01-31 18:41:16+00:00,8.76,126.74,14,2.3,049 km S 84° E of Marihatag (Surigao Del Sur),Ms,TECTONIC
1204,2025-01-31 18:14:46+00:00,9.94,126.08,21,2.5,000 km N 56° W of San Isidro (Surigao Del Norte),Ms,TECTONIC
1205,2025-01-31 18:03:06+00:00,15.51,122.61,21,2.7,094 km N 26° E of Patnanungan (Quezon),Ms,TECTONIC
1206,2025-01-31 17:50:06+00:00,7.81,126.34,122,1.9,007 km S 31° W of Boston (Davao Oriental),Ms,TECTONIC
1207,2025-01-31 17:45:27+00:00,15.47,122.59,4,2.7,089 km N 27° E of Patnanungan (Quezon),Ms,TECTONIC
1208,2025-01-31 17:39:18+00:00,15.53,122.53,9,3.7,093 km N 22° E of Patnanungan (Quezon),Ms,TECTONIC
1209,2025-01-31 17:24:46+00:00,15.27,122.18,2,2.3,053 km N 26° E of Burdeos (Quezon),Ms,TECTONIC
1210,2025-01-31 17:21:27+00:00,9.0,126.49,25,1.6,023 km N 82° E of Bayabas (Surigao Del Sur),Ms,TECTONIC
1211,2025-01-31 16:12:03+00:00,17.84,121.25,32,2.5,009 km N 60° W of Conner (Apayao),Ms,TECTONIC
1212,2025-01-31 16:05:16+00:00,14.05,119.82,1,2.4,039 km N 57° W of Lubang (Occidental Mindoro),Ms,TECTONIC
