,datetime,lat,lon,depth_km,mag,location,mag_type,event_type
0,2026-01-31 15:43:54+00:00,6.6,123.87,29,1.6,021 km N 77° W of Kalamansig (Sultan Kudarat),Ms,TECTONIC
1,2026-01-31 15:43:46+00:00,7.93,126.63,18,2.0,025 km N 53° E of Cateel (Davao Oriental),Ms,TECTONIC
2,2026-01-31 15:34:16+00:00,15.22,119.8,48,1.4,022 km S 57° W of Iba (Zambales),Ms,TECTONIC
3,2026-01-31 15:28:34+00:00,6.47,123.76,9,2.2,033 km S 74° W of Kalamansig (Sultan Kudarat),Ms,TECTONIC
4,2026-01-31 15:21:32+00:00,10.86,123.99,30,2.0,020 km S 03° E of City Of Bogo (Cebu),Ms,TECTONIC
5,2026-01-31 15:09:21+00:00,6.46,123.8,28,2.5,029 km S 68° W of Kalamansig (Sultan Kudarat),Ms,TECTONIC
6,2026-01-31 14:59:29+00:00,6.67,123.7,9,2.1,041 km N 72° W of Kalamansig (Sultan Kudarat),Ms,TECTONIC
7,2026-01-31 14:52:17+00:00,6.48,124.05,5,1.6,009 km S 04° W of Kalamansig (Sultan Kudarat),Ms,TECTONIC
8,2026-01-31 14:50:08+00:00,13.62,120.64,101,1.3,022 km N 26° W of Abra De Ilog (Occidental Mindoro),Ms,TECTONIC
9,2026-01-31 14:47:52+00:00,6.46,123.72,11,2.9,038 km S 75° W of Kalamansig (Sultan Kudarat),Ms,TECTONIC
10,2026-01-31 14:42:46+00:00,6.46,123.71,18,1.9,039 km S 74° W of Kalamansig (Sultan Kudarat),Ms,TECTONIC
11,2026-01-31 14:39:09+00:00,7.49,126.52,125,2.4,010 km S 24° W of Baganga (Davao Oriental),Ms,TECTONIC
12,2026-01-31 13:40:44+00:00,6.32,123.77,16,2.7,040 km S 50° W of Kalamansig (Sultan Kudarat),Ms,TECTONIC
13,2026-01-31 13:32:05+00:00,6.75,123.87,3,1.8,029 km N 42° W of Kalamansig (Sultan Kudarat),Ms,TECTONIC
14,2026-01-31 13:23:14+00:00,20.61,121.18,28,3.0,072 km S 74° W of Itbayat (Batanes),Ms,TECTONIC
15,2026-01-31 13:14:35+00:00,5.13,124.05,602,3.7,115 km S 33° W of Kiamba (Sarangani),Ms,TECTONIC
16,2026-01-31 12:48:19+00:00,6.35,123.73,16,3.6,041 km S 57° W of Kalamansig (Sultan Kudarat),Ms,TECTONIC
17,2026-01-31 12:45:39+00:00,6.36,123.73,12,3.0,042 km S 58° W of Kalamansig (Sultan Kudarat),Ms,TECTONIC
18,2026-01-31 12:35:51+00:00,10.55,122.38,33,1.3,013 km S 26° E of Guimbal (Iloilo),Ms,TECTONIC
19,2026-01-31 12:33:47+00:00,6.27,123.99,33,1.7,032 km S 13° W of Kalamansig (Sultan Kudarat),Ms,TECTONIC
20,2026-01-31 12:32:59+00:00,6.65,123.67,21,1.8,043 km N 75° W of Kalamansig (Sultan Kudarat),Ms,TECTONIC
21,2026-01-31 12:26:59+00:00,20.15,121.88,29,2.5,021 km S 01° E of Sabtang (Batanes),Ms,TECTONIC
22,2026-01-31 12:26:42+00:00,6.46,123.76,6,2.1,034 km S 71° W of Kalamansig (Sultan Kudarat),Ms,TECTONIC
23,2026-01-31 12:17:52+00:00,6.51,123.75,28,1.7,033 km S 81° W of Kalamansig (Sultan Kudarat),Ms,TECTONIC
24,2026-01-31 12:10:04+00:00,6.33,123.77,20,4.0,039 km S 51° W of Kalamansig (Sultan Kudarat),Ms,TECTONIC
25,2026-01-31 11:49:13+00:00,18.12,120.94,23,1.7,013 km S 79° E of Carasi (Ilocos Norte),Ms,TECTONIC
26,2026-01-31 11:47:35+00:00,6.52,123.68,12,3.1,041 km S 85° W of Kalamansig (Sultan Kudarat),Ms,TECTONIC
27,2026-01-31 11:39:40+00:00,6.91,126.91,16,2.4,052 km S 51° E of Manay (Davao Oriental),Ms,TECTONIC
28,2026-01-31 11:34:18+00:00,6.37,123.75,8,2.9,039 km S 58° W of Kalamansig (Sultan Kudarat),Ms,TECTONIC
29,2026-01-31 11:28:22+00:00,6.29,123.73,27,2.0,046 km S 51° W of Kalamansig (Sultan Kudarat),Ms,TECTONIC
30,2026-01-31 11:22:58+00:00,6.84,123.63,5,1.9,056 km N 56° W of Kalamansig (Sultan Kudarat),Ms,TECTONIC
31,2026-01-31 11:18:59+00:00,6.29,123.73,19,2.3,046 km S 50° W of Kalamansig (Sultan Kudarat),Ms,TECTONIC
32,2026-01-31 11:16:06+00:00,6.45,123.64,4,2.2,046 km S 76° W of Kalamansig (Sultan Kudarat),Ms,TECTONIC
33,2026-01-31 11:08:13+00:00,6.43,123.87,12,1.8,025 km S 56° W of Kalamansig (Sultan Kudarat),Ms,TECTONIC
34,2026-01-31 10:20:09+00:00,6.43,123.8,39,1.7,031 km S 64° W of Kalamansig (Sultan Kudarat),Ms,TECTONIC
35,2026-01-31 09:59:02+00:00,10.88,123.92,2,3.0,020 km S 18° W of City Of Bogo (Cebu),Ms,TECTONIC
36,2026-01-31 09:39:01+00:00,6.73,124.01,27,1.7,020 km N 14° W of Kalamansig (Sultan Kudarat),Ms,TECTONIC
37,2026-01-31 09:36:10+00:00,7.81,126.43,17,2.1,004 km N 45° W of Cateel (Davao Oriental),Ms,TECTONIC
38,2026-01-31 09:32:29+00:00,6.5,123.75,21,2.2,034 km S 79° W of Kalamansig (Sultan Kudarat),Ms,TECTONIC
39,2026-01-31 09:10:28+00:00,6.36,123.94,7,1.8,025 km S 30° W of Kalamansig (Sultan Kudarat),Ms,TECTONIC
40,2026-01-31 09:03:35+00:00,6.45,123.85,4,2.3,026 km S 62° W of Kalamansig (Sultan Kudarat),Ms,TECTONIC
41,2026-01-31 08:58:42+00:00,7.31,123.57,34,1.4,025 km S 47° E of Tabina (Zamboanga Del Sur),Ms,TECTONIC
42,2026-01-31 08:46:49+00:00,6.45,123.74,17,2.3,037 km S 71° W of Kalamansig (Sultan Kudarat),Ms,TECTONIC
43,2026-01-31 08:41:52+00:00,6.39,123.71,18,2.0,041 km S 64° W of Kalamansig (Sultan Kudarat),Ms,TECTONIC
44,2026-01-31 08:40:52+00:00,6.42,123.78,4,2.3,034 km S 63° W of Kalamansig (Sultan Kudarat),Ms,TECTONIC
45,2026-01-31 08:29:17+00:00,6.44,123.74,23,2.0,037 km S 69° W of Kalamansig (Sultan Kudarat),Ms,TECTONIC
46,2026-01-31 08:21:37+00:00,6.33,123.71,6,3.5,045 km S 56° W of Kalamansig (Sultan Kudarat),Ms,TECTONIC
47,2026-01-31 08:06:09+00:00,6.24,123.71,26,2.2,052 km S 47° W of Kalamansig (Sultan Kudarat),Ms,TECTONIC
48,2026-01-31 07:59:32+00:00,6.28,123.7,22,3.4,050 km S 52° W of Kalamansig (Sultan Kudarat),Ms,TECTONIC
49,2026-01-31 07:48:23+00:00,6.4,123.77,6,2.6,035 km S 61° W of Kalamansig (Sultan Kudarat),Ms,TECTONIC
50,2026-01-31 07:47:40+00:00,16.0,119.96,31,1.9,008 km N 80° E of Dasol (Pangasinan),Ms,TECTONIC
51,2026-01-31 07:40:33+00:00,6.39,123.75,17,3.0,038 km S 61° W of Kalamansig (Sultan Kudarat),Ms,TECTONIC
52,2026-01-31 07:39:52+00:00,6.47,123.79,22,1.5,031 km S 71° W of Kalamansig (Sultan Kudarat),Ms,TECTONIC
53,2026-01-31 07:36:10+00:00,6.37,123.65,17,3.2,049 km S 65° W of Kalamansig (Sultan Kudarat),Ms,TECTONIC
54,2026-01-31 07:32:00+00:00,6.25,123.76,30,2.3,047 km S 44° W of Kalamansig (Sultan Kudarat),Ms,TECTONIC
55,2026-01-31 07:28:16+00:00,6.42,123.79,10,2.3,032 km S 63° W of Kalamansig (Sultan Kudarat),Ms,TECTONIC
56,2026-01-31 07:23:13+00:00,6.1,123.66,11,4.7,066 km S 40° W of Kalamansig (Sultan Kudarat),Mw,TECTONIC
57,2026-01-31 07:21:08+00:00,6.43,123.83,9,2.5,028 km S 61° W of Kalamansig (Sultan Kudarat),Ms,TECTONIC
58,2026-01-31 07:07:45+00:00,6.6,123.79,24,1.7,029 km N 81° W of Kalamansig (Sultan Kudarat),Ms,TECTONIC
59,2026-01-31 06:52:22+00:00,6.26,123.83,2,2.2,041 km S 37° W of Kalamansig (Sultan Kudarat),Ms,TECTONIC
60,2026-01-31 06:42:28+00:00,6.6,124.01,4,2.0,007 km N 46° W of Kalamansig (Sultan Kudarat),Ms,TECTONIC
61,2026-01-31 06:01:01+00:00,13.84,120.56,23,1.5,007 km N 87° W of Calatagan (Batangas),Ms,TECTONIC
62,2026-01-31 05:34:01+00:00,8.0,127.56,14,3.0,119 km N 67° E of Baganga (Davao Oriental),Ms,TECTONIC
63,2026-01-31 05:27:38+00:00,6.66,123.55,33,2.4,056 km N 78° W of Kalamansig (Sultan Kudarat),Ms,TECTONIC
64,2026-01-31 05:08:51+00:00,6.35,123.99,5,1.4,024 km S 16° W of Kalamansig (Sultan Kudarat),Ms,TECTONIC
65,2026-01-31 04:51:11+00:00,6.32,123.63,7,2.7,053 km S 60° W of Kalamansig (Sultan Kudarat),Ms,TECTONIC
66,2026-01-31 04:50:40+00:00,6.41,123.6,7,1.9,053 km S 72° W of Kalamansig (Sultan Kudarat),Ms,TECTONIC
67,2026-01-31 04:35:47+00:00,6.55,123.6,16,2.1,050 km S 89° W of Kalamansig (Sultan Kudarat),Ms,TECTONIC
68,2026-01-31 04:27:09+00:00,9.65,126.16,37,1.4,015 km South of General Luna (Surigao Del Norte),Ms,TECTONIC
69,2026-01-31 03:07:21+00:00,6.28,123.7,34,2.2,049 km S 52° W of Kalamansig (Sultan Kudarat),Ms,TECTONIC
70,2026-01-31 02:31:19+00:00,6.5,123.68,18,2.2,042 km S 82° W of Kalamansig (Sultan Kudarat),Ms,TECTONIC
71,2026-01-31 01:53:23+00:00,6.45,123.77,7,2.3,033 km S 69° W of Kalamansig (Sultan Kudarat),Ms,TECTONIC
72,2026-01-31 01:17:34+00:00,6.4,123.77,25,3.0,035 km S 62° W of Kalamansig (Sultan Kudarat),Ms,TECTONIC
73,2026-01-31 00:36:07+00:00,3.36,124.34,334,4.4,257 km S 28° W of Balut Island (Municipality Of Sarangani) (Davao Occidental),Ms,TECTONIC
74,2026-01-31 00:29:27+00:00,6.63,123.72,9,2.5,037 km N 77° W of Kalamansig (Sultan Kudarat),Ms,TECTONIC
75,2026-01-31 00:25:27+00:00,6.61,123.69,10,2.2,040 km N 81° W of Kalamansig (Sultan Kudarat),Ms,TECTONIC
76,2026-01-31 00:17:50+00:00,6.54,123.67,3,2.8,040 km N 89° W of Kalamansig (Sultan Kudarat),Ms,TECTONIC
77,2026-01-31 00:10:01+00:00,6.53,123.68,5,2.1,041 km S 86° W of Kalamansig (Sultan Kudarat),Ms,TECTONIC
78,2026-01-31 00:04:23+00:00,17.85,120.73,2,2.1,010 km S 44° E of Nueva Era (Ilocos Norte),Ms,TECTONIC
79,2026-01-30 23:56:12+00:00,6.47,123.82,10,2.5,027 km S 70° W of Kalamansig (Sultan Kudarat),Ms,TECTONIC
80,2026-01-30 23:26:43+00:00,6.47,123.73,16,2.2,037 km S 75° W of Kalamansig (Sultan Kudarat),Ms,TECTONIC
81,2026-01-30 22:58:27+00:00,21.59,120.24,33,3.4,189 km N 62° W of Itbayat (Batanes),Ms,TECTONIC
82,2026-01-30 22:57:59+00:00,15.57,120.52,162,2.1,010 km S 61° E of Santa Ignacia (Tarlac),Ms,TECTONIC
83,2026-01-30 21:57:07+00:00,15.15,122.84,2,3.2,075 km N 09° W of Tinaga Island (Vinzons) (Camarines Norte),Ms,TECTONIC
84,2026-01-30 21:31:00+00:00,6.5,123.87,16,1.7,020 km S 73° W of Kalamansig (Sultan Kudarat),Ms,TECTONIC
85,2026-01-30 21:19:02+00:00,6.42,123.72,4,3.3,039 km S 68° W of Kalamansig (Sultan Kudarat),Ms,TECTONIC
86,2026-01-30 21:05:25+00:00,6.63,123.71,16,2.6,039 km N 78° W of Kalamansig (Sultan Kudarat),Ms,TECTONIC
87,2026-01-30 20:55:17+00:00,6.52,123.73,7,2.7,036 km S 83° W of Kalamansig (Sultan Kudarat),Ms,TECTONIC
88,2026-01-30 20:41:15+00:00,6.38,123.72,21,2.3,041 km S 63° W of Kalamansig (Sultan Kudarat),Ms,TECTONIC
89,2026-01-30 20:35:37+00:00,20.66,122.92,125,3.0,102 km N 77° E of Basco (Batanes),Ms,TECTONIC
90,2026-01-30 20:30:57+00:00,6.31,123.65,4,2.0,052 km S 59° W of Kalamansig (Sultan Kudarat),Ms,TECTONIC
91,2026-01-30 20:06:43+00:00,10.9,123.94,5,2.0,017 km S 14° W of City Of Bogo (Cebu),Ms,TECTONIC
92,2026-01-30 20:03:57+00:00,6.53,123.6,14,2.6,049 km S 87° W of Kalamansig (Sultan Kudarat),Ms,TECTONIC
93,2026-01-30 19:55:24+00:00,6.48,123.71,22,2.3,039 km S 78° W of Kalamansig (Sultan Kudarat),Ms,TECTONIC
94,2026-01-30 19:50:10+00:00,7.43,127.19,15,2.3,072 km S 77° E of Baganga (Davao Oriental),Ms,TECTONIC
95,2026-01-30 19:49:03+00:00,5.41,125.87,11,2.2,045 km S 81° E of Sarangani Island (Municipality Of Sarangani) (Davao Occidental),Ms,TECTONIC
96,2026-01-30 19:47:16+00:00,17.4,121.35,32,2.1,015 km S 60° W of City Of Tabuk (Kalinga),Ms,TECTONIC
97,2026-01-30 19:08:35+00:00,6.54,123.61,26,2.0,049 km S 88° W of Kalamansig (Sultan Kudarat),Ms,TECTONIC
98,2026-01-30 19:03:52+00:00,16.09,121.84,18,2.0,013 km S 66° W of Dinalungan (Aurora),Ms,TECTONIC
99,2026-01-30 18:30:27+00:00,15.16,122.91,44,4.0,076 km N 04° W of Tinaga Island (Vinzons) (Camarines Norte),Ms,TECTONIC
100,2026-01-30 18:28:58+00:00,6.4,123.67,17,1.8,046 km S 67° W of Kalamansig (Sultan Kudarat),Ms,TECTONIC
101,2026-01-30 18:28:33+00:00,6.45,123.66,16,2.3,044 km S 75° W of Kalamansig (Sultan Kudarat),Ms,TECTONIC
102,2026-01-30 18:27:59+00:00,18.42,120.83,4,2.4,009 km S 59° W of Adams (Ilocos Norte),Ms,TECTONIC
103,2026-01-30 18:27:03+00:00,10.93,125.05,12,2.3,004 km S 39° E of Dulag (Leyte),Ms,TECTONIC
104,2026-01-30 18:23:09+00:00,5.26,122.03,47,3.7,094 km S 17° E of Tongkil (Sulu),Ms,TECTONIC
105,2026-01-30 18:15:03+00:00,6.47,126.1,3,2.0,020 km S 06° E of Governor Generoso (Davao Oriental),Ms,TECTONIC
106,2026-01-30 18:07:48+00:00,6.67,123.66,2,1.5,045 km N 74° W of Kalamansig (Sultan Kudarat),Ms,TECTONIC
107,2026-01-30 17:58:23+00:00,6.4,123.79,3,2.6,034 km S 59° W of Kalamansig (Sultan Kudarat),Ms,TECTONIC
108,2026-01-30 17:54:54+00:00,6.54,123.66,19,2.2,043 km S 87° W of Kalamansig (Sultan Kudarat),Ms,TECTONIC
109,2026-01-30 17:44:35+00:00,6.5,123.64,8,2.9,045 km S 83° W of Kalamansig (Sultan Kudarat),Ms,TECTONIC
110,2026-01-30 17:40:55+00:00,7.33,126.92,8,2.5,040 km N 90° E of Caraga (Davao Oriental),Ms,TECTONIC
111,2026-01-30 17:40:52+00:00,6.41,123.84,32,1.7,028 km S 56° W of Kalamansig (Sultan Kudarat),Ms,TECTONIC
112,2026-01-30 17:26:38+00:00,6.51,123.7,4,2.2,039 km S 83° W of Kalamansig (Sultan Kudarat),Ms,TECTONIC
113,2026-01-30 16:28:34+00:00,6.43,123.73,4,2.1,038 km S 68° W of Kalamansig (Sultan Kudarat),Ms,TECTONIC
114,2026-01-30 16:05:06+00:00,13.08,120.87,34,1.7,016 km S 89° E of Santa Cruz (Occidental Mindoro),Ms,TECTONIC
115,2026-01-30 15:58:02+00:00,6.42,123.72,8,2.1,040 km S 68° W of Kalamansig (Sultan Kudarat),Ms,TECTONIC
116,2026-01-30 15:35:40+00:00,6.51,123.75,4,2.1,034 km S 81° W of Kalamansig (Sultan Kudarat),Ms,TECTONIC
117,2026-01-30 15:12:54+00:00,11.1,124.2,1,2.4,025 km N 76° E of City Of Bogo (Cebu),Ms,TECTONIC
118,2026-01-30 14:53:37+00:00,6.64,123.66,20,2.1,044 km N 77° W of Kalamansig (Sultan Kudarat),Ms,TECTONIC
119,2026-01-30 14:42:56+00:00,6.56,123.79,20,2.1,029 km N 89° W of Kalamansig (Sultan Kudarat),Ms,TECTONIC
120,2026-01-30 14:30:26+00:00,6.48,123.9,3,1.5,019 km S 64° W of Kalamansig (Sultan Kudarat),Ms,TECTONIC
121,2026-01-30 14:27:55+00:00,9.68,126.1,10,2.1,013 km S 28° W of General Luna (Surigao Del Norte),Ms,TECTONIC
122,2026-01-30 14:23:48+00:00,6.14,124.49,2,1.6,009 km N 05° W of Maitum (Sarangani),Ms,TECTONIC
123,2026-01-30 14:14:05+00:00,6.73,123.59,27,1.8,054 km N 69° W of Kalamansig (Sultan Kudarat),Ms,TECTONIC
124,2026-01-30 14:08:30+00:00,6.5,123.79,3,2.0,030 km S 78° W of Kalamansig (Sultan Kudarat),Ms,TECTONIC
125,2026-01-30 14:05:45+00:00,6.53,123.62,3,3.1,048 km S 86° W of Kalamansig (Sultan Kudarat),Ms,TECTONIC
126,2026-01-30 14:01:05+00:00,6.66,123.72,21,1.5,038 km N 73° W of Kalamansig (Sultan Kudarat),Ms,TECTONIC
127,2026-01-30 13:59:31+00:00,6.38,123.68,10,2.7,045 km S 65° W of Kalamansig (Sultan Kudarat),Ms,TECTONIC
128,2026-01-30 13:49:16+00:00,6.45,123.66,3,2.5,045 km S 75° W of Kalamansig (Sultan Kudarat),Ms,TECTONIC
129,2026-01-30 13:49:11+00:00,13.71,120.99,33,1.6,008 km S 47° E of Mabini (Batangas),Ms,TECTONIC
130,2026-01-30 13:47:54+00:00,6.46,123.7,8,2.4,041 km S 75° W of Kalamansig (Sultan Kudarat),Ms,TECTONIC
131,2026-01-30 13:33:47+00:00,6.52,123.64,20,3.3,046 km S 84° W of Kalamansig (Sultan Kudarat),Ms,TECTONIC
132,2026-01-30 13:11:53+00:00,6.45,123.78,7,2.3,032 km S 69° W of Kalamansig (Sultan Kudarat),Ms,TECTONIC
133,2026-01-30 12:49:36+00:00,6.48,123.7,6,2.4,040 km S 78° W of Kalamansig (Sultan Kudarat),Ms,TECTONIC
134,2026-01-30 12:47:22+00:00,7.54,126.57,23,3.0,004 km S 16° E of Baganga (Davao Oriental),Ms,TECTONIC
135,2026-01-30 12:45:34+00:00,6.35,123.71,15,2.4,044 km S 58° W of Kalamansig (Sultan Kudarat),Ms,TECTONIC
136,2026-01-30 12:22:29+00:00,7.92,126.45,2,1.9,010 km N 55° E of Boston (Davao Oriental),Ms,TECTONIC
137,2026-01-30 12:18:56+00:00,7.95,126.66,18,1.8,029 km N 52° E of Cateel (Davao Oriental),Ms,TECTONIC
138,2026-01-30 12:11:19+00:00,6.65,123.62,15,2.2,049 km N 78° W of Kalamansig (Sultan Kudarat),Ms,TECTONIC
139,2026-01-30 11:49:33+00:00,6.2,123.38,34,1.9,084 km S 62° W of Kalamansig (Sultan Kudarat),Ms,TECTONIC
140,2026-01-30 11:07:34+00:00,8.58,127.09,5,2.5,086 km N 74° E of Hinatuan (Surigao Del Sur),Ms,TECTONIC
141,2026-01-30 10:59:51+00:00,6.41,123.79,32,1.7,033 km S 61° W of Kalamansig (Sultan Kudarat),Ms,TECTONIC
142,2026-01-30 10:46:48+00:00,6.39,123.44,17,2.0,071 km S 75° W of Kalamansig (Sultan Kudarat),Ms,TECTONIC
143,2026-01-30 10:26:07+00:00,6.58,123.76,13,1.7,032 km N 86° W of Kalamansig (Sultan Kudarat),Ms,TECTONIC
144,2026-01-30 10:20:20+00:00,6.35,124.06,9,1.7,022 km S 04° E of Kalamansig (Sultan Kudarat),Ms,TECTONIC
145,2026-01-30 10:00:03+00:00,17.37,121.82,26,2.9,006 km S 62° E of Santo Tomas (Isabela),Ms,TECTONIC
146,2026-01-30 09:57:37+00:00,7.92,126.37,7,1.8,017 km N 32° W of Cateel (Davao Oriental),Ms,TECTONIC
147,2026-01-30 09:31:11+00:00,6.61,123.75,29,1.8,033 km N 79° W of Kalamansig (Sultan Kudarat),Ms,TECTONIC
148,2026-01-30 09:25:32+00:00,7.3,123.84,12,1.4,022 km S 76° W of Bongo Island (Parang) (Maguindanao Del Norte),Ms,TECTONIC
149,2026-01-30 08:47:06+00:00,18.61,121.65,12,1.8,026 km N 32° E of Ballesteros (Cagayan),Ms,TECTONIC
150,2026-01-30 08:03:11+00:00,6.47,123.84,17,2.0,026 km S 68° W of Kalamansig (Sultan Kudarat),Ms,TECTONIC
151,2026-01-30 07:22:24+00:00,6.33,123.69,23,2.5,047 km S 58° W of Kalamansig (Sultan Kudarat),Ms,TECTONIC
152,2026-01-30 07:16:33+00:00,6.48,123.69,25,2.3,041 km S 77° W of Kalamansig (Sultan Kudarat),Ms,TECTONIC
153,2026-01-30 06:14:49+00:00,6.01,126.05,50,4.2,044 km S 63° E of Don Marcelino (Davao Occidental),Mw,TECTONIC
154,2026-01-30 05:59:20+00:00,6.54,123.58,7,1.7,053 km S 89° W of Kalamansig (Sultan Kudarat),Ms,TECTONIC
155,2026-01-30 04:47:10+00:00,6.5,123.71,5,2.6,039 km S 81° W of Kalamansig (Sultan Kudarat),Ms,TECTONIC
156,2026-01-30 04:40:59+00:00,6.48,123.63,21,2.5,047 km S 80° W of Kalamansig (Sultan Kudarat),Ms,TECTONIC
157,2026-01-30 04:35:37+00:00,6.45,123.59,2,2.1,052 km S 78° W of Kalamansig (Sultan Kudarat),Ms,TECTONIC
158,2026-01-30 04:23:23+00:00,6.73,123.73,24,2.8,041 km N 61° W of Kalamansig (Sultan Kudarat),Ms,TECTONIC
159,2026-01-30 03:53:31+00:00,6.66,123.92,6,1.7,018 km N 53° W of Kalamansig (Sultan Kudarat),Ms,TECTONIC
160,2026-01-30 03:47:37+00:00,6.45,123.88,19,1.7,022 km S 58° W of Kalamansig (Sultan Kudarat),Ms,TECTONIC
161,2026-01-30 03:28:07+00:00,12.35,123.79,7,2.2,007 km S 06° E of Batuan (Masbate),Ms,TECTONIC
162,2026-01-30 03:14:55+00:00,8.06,124.99,25,1.6,031 km N 35° E of Pangantucan (Bukidnon),Ms,TECTONIC
163,2026-01-30 03:03:08+00:00,6.75,123.8,16,2.2,035 km N 53° W of Kalamansig (Sultan Kudarat),Ms,TECTONIC
164,2026-01-30 02:25:04+00:00,6.4,123.89,35,1.7,024 km S 45° W of Kalamansig (Sultan Kudarat),Ms,TECTONIC
165,2026-01-30 02:23:57+00:00,6.15,123.61,18,2.1,067 km S 47° W of Kalamansig (Sultan Kudarat),Ms,TECTONIC
166,2026-01-30 02:20:28+00:00,6.66,123.74,12,2.7,037 km N 72° W of Kalamansig (Sultan Kudarat),Ms,TECTONIC
167,2026-01-30 01:43:58+00:00,6.61,123.81,4,3.1,027 km N 78° W of Kalamansig (Sultan Kudarat),Ms,TECTONIC
168,2026-01-30 01:25:25+00:00,6.69,123.78,12,2.4,034 km N 64° W of Kalamansig (Sultan Kudarat),Ms,TECTONIC
169,2026-01-30 01:21:20+00:00,6.61,123.69,2,2.1,040 km N 82° W of Kalamansig (Sultan Kudarat),Ms,TECTONIC
170,2026-01-30 01:14:40+00:00,8.63,122.48,33,2.3,060 km N 20° W of Liloy (Zamboanga Del Norte),Ms,TECTONIC
171,2026-01-30 01:12:29+00:00,6.25,123.87,2,1.4,039 km S 31° W of Kalamansig (Sultan Kudarat),Ms,TECTONIC
172,2026-01-30 01:06:13+00:00,10.93,123.92,3,3.0,014 km S 26° W of City Of Bogo (Cebu),Ms,TECTONIC
173,2026-01-30 01:03:03+00:00,6.61,123.66,3,1.7,043 km N 81° W of Kalamansig (Sultan Kudarat),Ms,TECTONIC
174,2026-01-30 01:00:38+00:00,6.45,123.73,21,2.4,038 km S 73° W of Kalamansig (Sultan Kudarat),Ms,TECTONIC
175,2026-01-30 00:57:03+00:00,6.54,123.82,3,1.7,026 km S 87° W of Kalamansig (Sultan Kudarat),Ms,TECTONIC
176,2026-01-30 00:55:14+00:00,6.51,123.8,11,2.2,028 km S 80° W of Kalamansig (Sultan Kudarat),Ms,TECTONIC
177,2026-01-30 00:49:15+00:00,6.44,123.73,2,4.7,037 km S 71° W of Kalamansig (Sultan Kudarat),Mw,TECTONIC
178,2026-01-30 00:23:42+00:00,6.39,123.67,2,1.8,046 km S 66° W of Kalamansig (Sultan Kudarat),Ms,TECTONIC
179,2026-01-30 00:02:57+00:00,6.53,123.73,5,2.7,035 km S 86° W of Kalamansig (Sultan Kudarat),Ms,TECTONIC
180,2026-01-29 23:56:42+00:00,19.37,121.78,2,2.7,021 km S 41° W of Babuyan Island (Calayan) (Cagayan),Ms,TECTONIC
181,2026-01-29 23:50:40+00:00,6.39,123.75,9,1.5,039 km S 61° W of Kalamansig (Sultan Kudarat),Ms,TECTONIC
182,2026-01-29 23:43:49+00:00,6.39,123.71,14,1.8,042 km S 63° W of Kalamansig (Sultan Kudarat),Ms,TECTONIC
183,2026-01-29 23:38:10+00:00,6.48,123.79,28,1.9,030 km S 73° W of Kalamansig (Sultan Kudarat),Ms,TECTONIC
184,2026-01-29 23:28:34+00:00,6.58,123.68,5,2.6,041 km N 87° W of Kalamansig (Sultan Kudarat),Ms,TECTONIC
185,2026-01-29 23:19:22+00:00,6.51,123.6,10,2.2,050 km S 84° W of Kalamansig (Sultan Kudarat),Ms,TECTONIC
186,2026-01-29 23:05:16+00:00,6.51,123.63,6,4.7,047 km S 84° W of Kalamansig (Sultan Kudarat),Mw,TECTONIC
187,2026-01-29 23:02:40+00:00,6.61,123.67,17,2.5,042 km N 82° W of Kalamansig (Sultan Kudarat),Ms,TECTONIC
188,2026-01-29 22:56:09+00:00,6.53,123.71,8,2.1,038 km S 86° W of Kalamansig (Sultan Kudarat),Ms,TECTONIC
189,2026-01-29 22:35:03+00:00,12.84,123.12,7,1.5,015 km S 64° W of Claveria (Masbate),Ms,TECTONIC
190,2026-01-29 22:31:09+00:00,6.45,123.7,4,3.5,040 km S 73° W of Kalamansig (Sultan Kudarat),Ms,TECTONIC
191,2026-01-29 22:28:11+00:00,6.47,123.77,9,2.1,032 km S 72° W of Kalamansig (Sultan Kudarat),Ms,TECTONIC
192,2026-01-29 22:26:33+00:00,6.72,123.71,18,1.8,041 km N 64° W of Kalamansig (Sultan Kudarat),Ms,TECTONIC
193,2026-01-29 22:24:41+00:00,6.56,123.68,5,2.2,041 km N 89° W of Kalamansig (Sultan Kudarat),Ms,TECTONIC
194,2026-01-29 22:19:28+00:00,6.52,123.62,4,2.5,048 km S 85° W of Kalamansig (Sultan Kudarat),Ms,TECTONIC
195,2026-01-29 22:01:50+00:00,6.43,123.64,13,2.1,047 km S 72° W of Kalamansig (Sultan Kudarat),Ms,TECTONIC
196,2026-01-29 21:56:43+00:00,13.86,120.51,68,1.9,013 km N 79° W of Calatagan (Batangas),Ms,TECTONIC
197,2026-01-29 21:38:01+00:00,6.58,123.66,5,1.8,043 km N 86° W of Kalamansig (Sultan Kudarat),Ms,TECTONIC
198,2026-01-29 21:11:00+00:00,6.58,123.63,5,1.7,046 km N 87° W of Kalamansig (Sultan Kudarat),Ms,TECTONIC
199,2026-01-29 20:43:23+00:00,6.39,123.63,16,1.8,050 km S 68° W of Kalamansig (Sultan Kudarat),Ms,TECTONIC
200,2026-01-29 20:21:56+00:00,10.94,123.92,10,3.2,013 km S 29° W of City Of Bogo (Cebu),M,TECTONIC
201,2026-01-29 20:06:07+00:00,6.42,123.76,4,2.4,035 km S 65° W of Kalamansig (Sultan Kudarat),Ms,TECTONIC
202,2026-01-29 19:53:03+00:00,6.4,123.81,8,2.2,031 km S 57° W of Kalamansig (Sultan Kudarat),Ms,TECTONIC
203,2026-01-29 19:24:29+00:00,6.57,123.64,4,2.6,045 km N 88° W of Kalamansig (Sultan Kudarat),Ms,TECTONIC
204,2026-01-29 19:08:03+00:00,6.53,123.77,8,1.6,031 km S 85° W of Kalamansig (Sultan Kudarat),Ms,TECTONIC
205,2026-01-29 19:04:27+00:00,6.38,123.68,23,2.6,045 km S 65° W of Kalamansig (Sultan Kudarat),Ms,TECTONIC
206,2026-01-29 18:54:24+00:00,6.61,123.61,10,1.8,049 km N 83° W of Kalamansig (Sultan Kudarat),Ms,TECTONIC
207,2026-01-29 18:43:51+00:00,6.52,123.61,19,3.0,048 km S 86° W of Kalamansig (Sultan Kudarat),Ms,TECTONIC
208,2026-01-29 18:14:44+00:00,6.49,123.74,21,2.2,036 km S 78° W of Kalamansig (Sultan Kudarat),Ms,TECTONIC
209,2026-01-29 18:01:22+00:00,6.59,123.78,22,1.7,030 km N 84° W of Kalamansig (Sultan Kudarat),Ms,TECTONIC
210,2026-01-29 17:45:54+00:00,5.77,125.35,20,2.1,017 km S 72° E of Glan (Sarangani),Ms,TECTONIC
211,2026-01-29 17:43:32+00:00,6.52,123.81,10,1.4,027 km S 82° W of Kalamansig (Sultan Kudarat),Ms,TECTONIC
212,2026-01-29 17:42:19+00:00,6.28,123.67,33,2.2,052 km S 54° W of Kalamansig (Sultan Kudarat),Ms,TECTONIC
213,2026-01-29 17:37:33+00:00,6.35,123.78,13,2.0,038 km S 53° W of Kalamansig (Sultan Kudarat),Ms,TECTONIC
214,2026-01-29 17:35:23+00:00,6.21,123.77,7,2.3,049 km S 39° W of Kalamansig (Sultan Kudarat),Ms,TECTONIC
215,2026-01-29 17:23:13+00:00,10.94,123.88,5,2.2,016 km S 42° W of City Of Bogo (Cebu),Ms,TECTONIC
216,2026-01-29 17:13:40+00:00,6.26,123.78,24,2.2,044 km S 43° W of Kalamansig (Sultan Kudarat),Ms,TECTONIC
217,2026-01-29 16:57:49+00:00,6.32,123.71,29,1.6,045 km S 56° W of Kalamansig (Sultan Kudarat),Ms,TECTONIC
218,2026-01-29 16:55:00+00:00,6.34,123.69,32,2.6,047 km S 59° W of Kalamansig (Sultan Kudarat),Ms,TECTONIC
219,2026-01-29 16:53:14+00:00,6.74,123.77,7,1.6,038 km N 56° W of Kalamansig (Sultan Kudarat),Ms,TECTONIC
220,2026-01-29 16:44:55+00:00,6.64,123.69,13,2.2,041 km N 76° W of Kalamansig (Sultan Kudarat),Ms,TECTONIC
221,2026-01-29 16:32:28+00:00,6.24,124.08,48,1.6,013 km N 74° W of Palimbang (Sultan Kudarat),Ms,TECTONIC
222,2026-01-29 16:30:52+00:00,11.15,124.75,11,2.5,006 km S 42° W of Jaro (Leyte),Ms,TECTONIC
223,2026-01-29 16:30:00+00:00,6.45,123.7,3,2.0,040 km S 73° W of Kalamansig (Sultan Kudarat),Ms,TECTONIC
224,2026-01-29 16:25:42+00:00,6.5,123.65,32,2.1,045 km S 81° W of Kalamansig (Sultan Kudarat),Ms,TECTONIC
225,2026-01-29 16:12:30+00:00,6.49,123.77,8,1.7,032 km S 77° W of Kalamansig (Sultan Kudarat),Ms,TECTONIC
226,2026-01-29 16:05:09+00:00,6.38,123.8,13,2.0,034 km S 56° W of Kalamansig (Sultan Kudarat),Ms,TECTONIC
227,2026-01-29 15:57:30+00:00,6.25,123.7,24,2.1,051 km S 49° W of Kalamansig (Sultan Kudarat),Ms,TECTONIC
228,2026-01-29 15:23:29+00:00,6.5,123.65,23,1.6,044 km S 82° W of Kalamansig (Sultan Kudarat),Ms,TECTONIC
229,2026-01-29 15:01:13+00:00,6.58,123.64,4,3.2,045 km N 87° W of Kalamansig (Sultan Kudarat),Ms,TECTONIC
230,2026-01-29 14:13:29+00:00,6.38,123.68,16,2.6,045 km S 64° W of Kalamansig (Sultan Kudarat),Ms,TECTONIC
231,2026-01-29 13:52:14+00:00,6.46,123.96,9,2.1,015 km S 43° W of Kalamansig (Sultan Kudarat),Ms,TECTONIC
232,2026-01-29 13:49:20+00:00,6.53,123.65,6,2.7,044 km S 86° W of Kalamansig (Sultan Kudarat),Ms,TECTONIC
233,2026-01-29 13:33:18+00:00,6.31,123.79,86,1.6,039 km S 47° W of Kalamansig (Sultan Kudarat),Ms,TECTONIC
234,2026-01-29 13:18:42+00:00,9.74,126.37,2,1.7,024 km S 79° E of General Luna (Surigao Del Norte),Ms,TECTONIC
235,2026-01-29 12:40:34+00:00,6.35,123.67,15,2.5,048 km S 61° W of Kalamansig (Sultan Kudarat),Ms,TECTONIC
236,2026-01-29 12:32:11+00:00,9.72,126.29,29,2.5,016 km S 63° E of General Luna (Surigao Del Norte),Ms,TECTONIC
237,2026-01-29 12:20:58+00:00,6.45,123.73,17,1.5,037 km S 71° W of Kalamansig (Sultan Kudarat),Ms,TECTONIC
238,2026-01-29 12:15:14+00:00,6.49,123.64,16,2.2,046 km S 81° W of Kalamansig (Sultan Kudarat),Ms,TECTONIC
239,2026-01-29 11:40:43+00:00,6.59,124.05,5,1.5,004 km N 06° E of Kalamansig (Sultan Kudarat),Ms,TECTONIC
240,2026-01-29 11:37:29+00:00,6.44,123.69,19,2.7,042 km S 72° W of Kalamansig (Sultan Kudarat),Ms,TECTONIC
241,2026-01-29 11:30:25+00:00,6.43,123.59,32,2.1,053 km S 75° W of Kalamansig (Sultan Kudarat),Ms,TECTONIC
242,2026-01-29 11:26:55+00:00,6.51,123.8,29,1.3,028 km S 79° W of Kalamansig (Sultan Kudarat),Ms,TECTONIC
243,2026-01-29 10:49:50+00:00,20.66,121.31,29,3.7,057 km S 75° W of Itbayat (Batanes),Ms,TECTONIC
244,2026-01-29 10:46:55+00:00,6.49,123.75,9,1.3,034 km S 78° W of Kalamansig (Sultan Kudarat),Ms,TECTONIC
245,2026-01-29 10:45:33+00:00,6.34,123.72,16,2.0,044 km S 57° W of Kalamansig (Sultan Kudarat),Ms,TECTONIC
246,2026-01-29 10:33:52+00:00,13.54,119.39,26,2.6,086 km S 66° W of Lubang (Occidental Mindoro),Ms,TECTONIC
247,2026-01-29 09:59:24+00:00,9.79,125.05,11,1.5,015 km S 10° W of Limasawa (Southern Leyte),Ms,TECTONIC
248,2026-01-29 09:58:00+00:00,6.49,123.69,6,2.5,040 km S 80° W of Kalamansig (Sultan Kudarat),Ms,TECTONIC
249,2026-01-29 09:50:27+00:00,6.44,123.73,28,1.8,038 km S 70° W of Kalamansig (Sultan Kudarat),Ms,TECTONIC
250,2026-01-29 09:40:10+00:00,6.41,123.9,66,1.9,023 km S 46° W of Kalamansig (Sultan Kudarat),Ms,TECTONIC
251,2026-01-29 09:37:30+00:00,9.88,124.05,5,1.6,005 km N 59° E of Catigbian (Bohol),Ms,TECTONIC
252,2026-01-29 09:26:58+00:00,6.68,124.95,2,1.6,002 km N 57° W of Columbio (Sultan Kudarat),Ms,TECTONIC
253,2026-01-29 09:12:01+00:00,10.54,126.41,3,3.0,068 km N 33° E of Burgos (Surigao Del Norte),Ms,TECTONIC
254,2026-01-29 08:32:30+00:00,6.49,123.65,22,2.9,045 km S 81° W of Kalamansig (Sultan Kudarat),Ms,TECTONIC
255,2026-01-29 08:20:29+00:00,6.26,123.81,31,1.8,043 km S 39° W of Kalamansig (Sultan Kudarat),Ms,TECTONIC
256,2026-01-29 08:19:36+00:00,11.15,123.92,25,2.4,013 km N 29° W of City Of Bogo (Cebu),Ms,TECTONIC
257,2026-01-29 08:11:03+00:00,6.4,123.84,37,1.5,029 km S 53° W of Kalamansig (Sultan Kudarat),Ms,TECTONIC
258,2026-01-29 08:00:39+00:00,6.64,123.92,4,2.0,018 km N 56° W of Kalamansig (Sultan Kudarat),Ms,TECTONIC
259,2026-01-29 07:22:13+00:00,6.51,123.7,17,1.7,038 km S 83° W of Kalamansig (Sultan Kudarat),Ms,TECTONIC
260,2026-01-29 07:10:39+00:00,6.61,124.02,6,1.7,007 km N 32° W of Kalamansig (Sultan Kudarat),Ms,TECTONIC
261,2026-01-29 07:02:10+00:00,7.55,124.29,26,1.3,009 km N 86° E of Kapatagan (Lanao Del Sur),Ms,TECTONIC
262,2026-01-29 06:55:29+00:00,6.52,123.75,22,2.3,034 km S 83° W of Kalamansig (Sultan Kudarat),Ms,TECTONIC
263,2026-01-29 06:47:40+00:00,6.58,125.05,2,1.8,020 km N 42° E of Tampakan (South Cotabato),Ms,TECTONIC
264,2026-01-29 06:42:29+00:00,6.5,123.68,21,2.1,041 km S 81° W of Kalamansig (Sultan Kudarat),Ms,TECTONIC
265,2026-01-29 06:37:08+00:00,6.36,123.72,8,3.6,042 km S 60° W of Kalamansig (Sultan Kudarat),Ms,TECTONIC
266,2026-01-29 06:27:03+00:00,6.49,123.78,12,1.8,031 km S 77° W of Kalamansig (Sultan Kudarat),Ms,TECTONIC
267,2026-01-29 06:25:18+00:00,9.63,126.16,32,1.9,017 km S 03° E of General Luna (Surigao Del Norte),Ms,TECTONIC
268,2026-01-29 05:55:08+00:00,6.38,123.77,7,2.2,051 km S 56° W of Kalamansig (Sultan Kudarat),Ms,TECTONIC
269,2026-01-29 05:25:53+00:00,6.58,123.73,17,1.4,038 km S 83° W of Kalamansig (Sultan Kudarat),Ms,TECTONIC
270,2026-01-29 05:23:32+00:00,6.56,123.69,12,2.3,040 km West of Kalamansig (Sultan Kudarat),Ms,TECTONIC
271,2026-01-29 05:21:51+00:00,6.57,124.01,3,1.7,005 km N 72° W of Kalamansig (Sultan Kudarat),Ms,TECTONIC
272,2026-01-29 04:51:42+00:00,6.49,123.71,28,2.0,038 km S 79° W of Kalamansig (Sultan Kudarat),Ms,TECTONIC
273,2026-01-29 04:38:31+00:00,6.47,123.69,20,2.2,041 km S 77° W of Kalamansig (Sultan Kudarat),Ms,TECTONIC
274,2026-01-29 04:32:12+00:00,6.38,123.69,25,1.4,044 km S 64° W of Kalamansig (Sultan Kudarat),Ms,TECTONIC
275,2026-01-29 04:22:55+00:00,6.26,123.45,23,2.3,074 km S 63° W of Kalamansig (Sultan Kudarat),Ms,TECTONIC
276,2026-01-29 04:21:08+00:00,6.43,123.65,9,2.4,041 km S 79° W of Kalamansig (Sultan Kudarat),Ms,TECTONIC
277,2026-01-29 04:11:44+00:00,6.36,123.81,23,1.5,034 km S 52° W of Kalamansig (Sultan Kudarat),Ms,TECTONIC
278,2026-01-29 04:11:03+00:00,6.36,123.73,17,2.2,042 km S 60° W of Kalamansig (Sultan Kudarat),Ms,TECTONIC
279,2026-01-29 04:07:27+00:00,6.7,123.76,24,2.3,036 km N 65° W of Kalamansig (Sultan Kudarat),Ms,TECTONIC
280,2026-01-29 04:05:08+00:00,6.41,123.76,5,2.3,035 km S 64° W of Kalamansig (Sultan Kudarat),Ms,TECTONIC
281,2026-01-29 04:01:56+00:00,6.16,123.83,34,1.7,050 km S 29° W of Kalamansig (Sultan Kudarat),Ms,TECTONIC
282,2026-01-29 03:52:16+00:00,6.46,123.91,2,1.3,019 km S 57° W of Kalamansig (Sultan Kudarat),Ms,TECTONIC
283,2026-01-29 03:49:34+00:00,6.57,123.72,33,2.1,036 km N 88° W of Kalamansig (Sultan Kudarat),Ms,TECTONIC
284,2026-01-29 03:46:06+00:00,6.37,123.88,12,1.6,027 km S 44° W of Kalamansig (Sultan Kudarat),Ms,TECTONIC
285,2026-01-29 03:41:45+00:00,6.53,123.74,10,3.2,035 km S 86° W of Kalamansig (Sultan Kudarat),Ms,TECTONIC
286,2026-01-29 03:23:30+00:00,6.63,124.03,2,1.6,009 km N 18° W of Kalamansig (Sultan Kudarat),Ms,TECTONIC
287,2026-01-29 03:10:10+00:00,6.58,123.93,9,1.7,014 km N 78° W of Kalamansig (Sultan Kudarat),Ms,TECTONIC
288,2026-01-29 02:56:24+00:00,6.63,123.81,15,2.2,028 km N 73° W of Kalamansig (Sultan Kudarat),Ms,TECTONIC
289,2026-01-29 02:32:51+00:00,6.49,124.06,10,2.0,008 km S 11° E of Kalamansig (Sultan Kudarat),Ms,TECTONIC
290,2026-01-29 02:24:59+00:00,7.84,122.76,35,1.6,004 km N 06° E of Kabasalan (Zamboanga Sibugay),Ms,TECTONIC
291,2026-01-29 02:22:01+00:00,6.65,123.71,6,1.6,039 km N 75° W of Kalamansig (Sultan Kudarat),Ms,TECTONIC
292,2026-01-29 02:19:03+00:00,6.53,123.82,28,1.8,025 km S 84° W of Kalamansig (Sultan Kudarat),Ms,TECTONIC
293,2026-01-29 02:16:23+00:00,6.52,123.68,2,2.2,041 km S 84° W of Kalamansig (Sultan Kudarat),Ms,TECTONIC
294,2026-01-29 02:03:02+00:00,6.81,124.43,20,1.6,003 km S 50° W of Ampatuan (Maguindanao Del Sur),Ms,TECTONIC
295,2026-01-29 02:02:02+00:00,6.41,123.68,19,2.0,044 km S 69° W of Kalamansig (Sultan Kudarat),Ms,TECTONIC
296,2026-01-29 02:01:15+00:00,6.91,124.66,14,1.3,008 km N 62° E of Sultan Sa Barongis (Maguindanao Del Sur),Ms,TECTONIC
297,2026-01-29 01:50:06+00:00,6.71,124.32,9,1.5,019 km S 76° W of Datu Abdullah Sangki (Maguindanao Del Sur),Ms,TECTONIC
298,2026-01-29 01:47:21+00:00,6.43,124.11,9,1.6,016 km S 24° E of Kalamansig (Sultan Kudarat),Ms,TECTONIC
299,2026-01-29 01:42:13+00:00,6.56,123.64,6,2.6,046 km N 89° W of Kalamansig (Sultan Kudarat),Ms,TECTONIC
300,2026-01-29 01:40:25+00:00,6.33,123.73,32,1.6,043 km S 56° W of Kalamansig (Sultan Kudarat),Ms,TECTONIC
301,2026-01-29 01:34:48+00:00,6.16,123.46,33,1.9,079 km S 56° W of Kalamansig (Sultan Kudarat),Ms,TECTONIC
302,2026-01-29 01:23:36+00:00,6.4,123.89,6,2.5,024 km S 46° W of Kalamansig (Sultan Kudarat),Ms,TECTONIC
303,2026-01-29 01:08:07+00:00,6.33,123.81,34,1.9,037 km S 46° W of Kalamansig (Sultan Kudarat),Ms,TECTONIC
304,2026-01-29 01:04:15+00:00,6.52,123.78,29,1.8,030 km S 82° W of Kalamansig (Sultan Kudarat),Ms,TECTONIC
305,2026-01-29 00:54:17+00:00,6.62,123.72,11,2.8,037 km N 79° W of Kalamansig (Sultan Kudarat),Ms,TECTONIC
306,2026-01-29 00:46:18+00:00,6.18,123.82,32,2.5,049 km S 32° W of Kalamansig (Sultan Kudarat),Ms,TECTONIC
307,2026-01-29 00:44:47+00:00,6.52,123.72,9,2.3,037 km S 86° W of Kalamansig (Sultan Kudarat),Ms,TECTONIC
308,2026-01-29 00:33:19+00:00,6.4,123.7,16,4.1,047 km S 67° W of Kalamansig (Sultan Kudarat),Ms,TECTONIC
309,2026-01-29 00:16:39+00:00,6.52,123.82,19,2.4,025 km S 81° W of Kalamansig (Sultan Kudarat),Ms,TECTONIC
310,2026-01-29 00:11:15+00:00,6.44,123.69,24,3.1,042 km S 72° W of Kalamansig (Sultan Kudarat),Ms,TECTONIC
311,2026-01-29 00:08:25+00:00,6.4,123.71,16,3.5,041 km S 65° W of Kalamansig (Sultan Kudarat),Ms,TECTONIC
312,2026-01-28 23:53:34+00:00,6.46,123.78,12,2.3,032 km S 71° W of Kalamansig (Sultan Kudarat),Ms,TECTONIC
313,2026-01-28 23:51:43+00:00,6.44,123.74,20,2.3,037 km S 70° W of Kalamansig (Sultan Kudarat),Ms,TECTONIC
314,2026-01-28 23:50:41+00:00,6.41,123.72,20,1.6,040 km S 67° W of Kalamansig (Sultan Kudarat),Ms,TECTONIC
315,2026-01-28 23:43:57+00:00,6.36,123.7,17,4.8,044 km S 61° W of Kalamansig (Sultan Kudarat),Mw,TECTONIC
316,2026-01-28 23:27:58+00:00,6.38,123.71,26,2.1,042 km S 63° W of Kalamansig (Sultan Kudarat),Ms,TECTONIC
317,2026-01-28 23:16:19+00:00,6.47,123.61,10,3.0,049 km S 79° W of Kalamansig (Sultan Kudarat),Ms,TECTONIC
318,2026-01-28 22:34:34+00:00,8.55,122.55,31,2.2,049 km N 17° W of Liloy (Zamboanga Del Norte),Ms,TECTONIC
319,2026-01-28 22:22:28+00:00,6.46,123.61,16,2.5,050 km S 78° W of Kalamansig (Sultan Kudarat),Ms,TECTONIC
320,2026-01-28 22:12:12+00:00,11.1,124.09,4,3.3,013 km N 63° E of City Of Bogo (Cebu),Ms,TECTONIC
321,2026-01-28 22:10:29+00:00,6.32,123.67,15,3.0,050 km S 58° W of Kalamansig (Sultan Kudarat),Ms,TECTONIC
322,2026-01-28 22:00:37+00:00,13.73,120.59,114,1.8,012 km S 23° W of Calatagan (Batangas),Ms,TECTONIC
323,2026-01-28 21:40:34+00:00,6.54,123.69,36,1.7,040 km S 87° W of Kalamansig (Sultan Kudarat),Ms,TECTONIC
324,2026-01-28 21:36:47+00:00,6.59,123.68,4,3.4,041 km N 85° W of Kalamansig (Sultan Kudarat),Ms,TECTONIC
325,2026-01-28 21:27:13+00:00,6.48,123.64,8,2.3,046 km S 79° W of Kalamansig (Sultan Kudarat),Ms,TECTONIC
326,2026-01-28 21:21:18+00:00,6.52,123.66,12,2.9,043 km S 85° W of Kalamansig (Sultan Kudarat),Ms,TECTONIC
327,2026-01-28 21:18:43+00:00,6.62,123.75,3,3.3,034 km N 79° W of Kalamansig (Sultan Kudarat),Ms,TECTONIC
328,2026-01-28 21:13:22+00:00,6.52,123.63,6,3.8,046 km S 86° W of Kalamansig (Sultan Kudarat),Ms,TECTONIC
329,2026-01-28 20:57:53+00:00,8.8,126.56,31,2.4,029 km S 89° E of Marihatag (Surigao Del Sur),Ms,TECTONIC
330,2026-01-28 20:50:52+00:00,6.6,123.74,11,2.2,035 km N 81° W of Kalamansig (Sultan Kudarat),Ms,TECTONIC
331,2026-01-28 20:49:40+00:00,6.43,123.73,17,2.0,038 km S 69° W of Kalamansig (Sultan Kudarat),Ms,TECTONIC
332,2026-01-28 20:41:39+00:00,6.58,123.66,6,3.4,043 km N 86° W of Kalamansig (Sultan Kudarat),Ms,TECTONIC
333,2026-01-28 20:29:16+00:00,6.7,123.7,3,2.4,042 km N 68° W of Kalamansig (Sultan Kudarat),Ms,TECTONIC
334,2026-01-28 20:25:00+00:00,6.42,123.81,12,2.3,031 km S 60° W of Kalamansig (Sultan Kudarat),Ms,TECTONIC
335,2026-01-28 20:22:46+00:00,6.52,123.66,2,2.5,043 km S 85° W of Kalamansig (Sultan Kudarat),Ms,TECTONIC
336,2026-01-28 20:16:35+00:00,6.43,123.99,2,2.2,015 km S 25° W of Kalamansig (Sultan Kudarat),Ms,TECTONIC
337,2026-01-28 20:15:47+00:00,6.16,123.66,27,2.9,062 km S 45° W of Kalamansig (Sultan Kudarat),Ms,TECTONIC
338,2026-01-28 20:05:03+00:00,6.27,123.7,24,3.3,050 km S 52° W of Kalamansig (Sultan Kudarat),Ms,TECTONIC
339,2026-01-28 20:03:11+00:00,6.44,123.59,9,2.6,052 km S 76° W of Kalamansig (Sultan Kudarat),Ms,TECTONIC
340,2026-01-28 19:45:11+00:00,6.3,123.72,18,4.1,046 km S 52° W of Kalamansig (Sultan Kudarat),Ms,TECTONIC
341,2026-01-28 19:30:27+00:00,6.44,123.68,20,2.8,043 km S 72° W of Kalamansig (Sultan Kudarat),Ms,TECTONIC
342,2026-01-28 19:29:07+00:00,6.58,123.67,15,2.3,042 km N 87° W of Kalamansig (Sultan Kudarat),Ms,TECTONIC
343,2026-01-28 19:25:19+00:00,6.91,123.92,21,2.5,042 km N 20° W of Kalamansig (Sultan Kudarat),Ms,TECTONIC
344,2026-01-28 19:04:48+00:00,10.05,126.16,33,1.7,010 km N 68° E of Burgos (Surigao Del Norte),Ms,TECTONIC
345,2026-01-28 19:03:56+00:00,6.49,123.7,33,1.4,040 km S 79° W of Kalamansig (Sultan Kudarat),Ms,TECTONIC
346,2026-01-28 18:54:08+00:00,6.57,123.73,20,3.4,035 km N 88° W of Kalamansig (Sultan Kudarat),Ms,TECTONIC
347,2026-01-28 18:49:32+00:00,8.1,126.78,30,1.9,041 km N 81° E of Lingig (Surigao Del Sur),Ms,TECTONIC
348,2026-01-28 18:47:49+00:00,6.43,123.66,14,2.0,045 km S 72° W of Kalamansig (Sultan Kudarat),Ms,TECTONIC
349,2026-01-28 18:42:21+00:00,6.44,123.83,5,1.9,027 km S 63° W of Kalamansig (Sultan Kudarat),Ms,TECTONIC
350,2026-01-28 18:40:14+00:00,6.54,123.68,17,1.7,042 km S 87° W of Kalamansig (Sultan Kudarat),Ms,TECTONIC
351,2026-01-28 18:34:46+00:00,6.35,123.71,28,1.5,045 km S 59° W of Kalamansig (Sultan Kudarat),Ms,TECTONIC
352,2026-01-28 18:31:51+00:00,6.42,123.64,26,2.8,048 km S 72° W of Kalamansig (Sultan Kudarat),Ms,TECTONIC
353,2026-01-28 18:30:18+00:00,6.55,123.75,28,2.1,033 km S 88° W of Kalamansig (Sultan Kudarat),Ms,TECTONIC
354,2026-01-28 18:28:13+00:00,6.59,123.71,7,2.6,038 km N 85° W of Kalamansig (Sultan Kudarat),Ms,TECTONIC
355,2026-01-28 18:25:10+00:00,6.51,123.7,6,2.1,039 km S 82° W of Kalamansig (Sultan Kudarat),Ms,TECTONIC
356,2026-01-28 18:21:45+00:00,6.51,123.67,15,2.1,043 km S 83° W of Kalamansig (Sultan Kudarat),Ms,TECTONIC
357,2026-01-28 18:20:31+00:00,6.39,123.72,5,2.0,040 km S 64° W of Kalamansig (Sultan Kudarat),Ms,TECTONIC
358,2026-01-28 18:18:07+00:00,6.66,123.85,22,1.9,025 km N 63° W of Kalamansig (Sultan Kudarat),Ms,TECTONIC
359,2026-01-28 18:17:00+00:00,6.22,123.71,8,2.2,053 km S 46° W of Kalamansig (Sultan Kudarat),Ms,TECTONIC
360,2026-01-28 18:13:09+00:00,6.54,123.85,31,1.6,023 km S 87° W of Kalamansig (Sultan Kudarat),Ms,TECTONIC
361,2026-01-28 18:10:35+00:00,6.65,123.71,23,2.0,040 km N 74° W of Kalamansig (Sultan Kudarat),Ms,TECTONIC
362,2026-01-28 18:00:22+00:00,6.4,123.68,11,3.4,044 km S 67° W of Kalamansig (Sultan Kudarat),Ms,TECTONIC
363,2026-01-28 17:53:22+00:00,6.53,123.71,10,2.2,038 km S 86° W of Kalamansig (Sultan Kudarat),Ms,TECTONIC
364,2026-01-28 17:49:02+00:00,6.37,123.74,9,2.0,040 km S 59° W of Kalamansig (Sultan Kudarat),Ms,TECTONIC
365,2026-01-28 17:46:03+00:00,6.7,123.79,20,2.4,033 km N 60° W of Kalamansig (Sultan Kudarat),Ms,TECTONIC
366,2026-01-28 17:42:59+00:00,6.43,123.72,18,3.5,039 km S 70° W of Kalamansig (Sultan Kudarat),Ms,TECTONIC
367,2026-01-28 17:39:44+00:00,6.58,123.73,6,2.4,035 km N 85° W of Kalamansig (Sultan Kudarat),Ms,TECTONIC
368,2026-01-28 17:30:53+00:00,6.49,123.66,19,2.5,043 km S 81° W of Kalamansig (Sultan Kudarat),Ms,TECTONIC
369,2026-01-28 17:28:10+00:00,6.44,123.7,5,3.4,041 km S 72° W of Kalamansig (Sultan Kudarat),Ms,TECTONIC
370,2026-01-28 17:22:56+00:00,6.27,123.69,4,2.6,051 km S 52° W of Kalamansig (Sultan Kudarat),Ms,TECTONIC
371,2026-01-28 17:20:27+00:00,6.5,123.68,8,2.6,041 km S 81° W of Kalamansig (Sultan Kudarat),Ms,TECTONIC
372,2026-01-28 17:10:12+00:00,6.81,123.75,20,2.0,044 km N 50° W of Kalamansig (Sultan Kudarat),Ms,TECTONIC
373,2026-01-28 17:08:38+00:00,6.39,123.77,7,2.6,036 km S 59° W of Kalamansig (Sultan Kudarat),Ms,TECTONIC
374,2026-01-28 17:03:13+00:00,6.48,123.88,12,2.2,021 km S 66° W of Kalamansig (Sultan Kudarat),Ms,TECTONIC
375,2026-01-28 16:40:37+00:00,6.55,123.7,4,2.3,039 km N 89° W of Kalamansig (Sultan Kudarat),Ms,TECTONIC
376,2026-01-28 16:33:42+00:00,6.48,123.68,4,2.7,042 km S 78° W of Kalamansig (Sultan Kudarat),Ms,TECTONIC
377,2026-01-28 16:29:13+00:00,6.44,123.68,15,2.8,043 km S 73° W of Kalamansig (Sultan Kudarat),Ms,TECTONIC
378,2026-01-28 16:26:02+00:00,6.48,123.69,16,2.4,041 km S 78° W of Kalamansig (Sultan Kudarat),Ms,TECTONIC
379,2026-01-28 16:24:13+00:00,6.51,123.62,18,2.6,048 km S 84° W of Kalamansig (Sultan Kudarat),Ms,TECTONIC
380,2026-01-28 16:18:56+00:00,6.58,123.63,5,3.1,047 km N 86° W of Kalamansig (Sultan Kudarat),Ms,TECTONIC
381,2026-01-28 16:16:48+00:00,6.74,123.76,21,2.4,038 km N 59° W of Kalamansig (Sultan Kudarat),Ms,TECTONIC
382,2026-01-28 16:12:48+00:00,6.59,123.68,24,2.6,041 km N 85° W of Kalamansig (Sultan Kudarat),Ms,TECTONIC
383,2026-01-28 16:10:43+00:00,7.09,126.7,148,2.6,022 km S 52° E of Manay (Davao Oriental),Ms,TECTONIC
384,2026-01-28 16:07:09+00:00,6.47,123.67,6,3.3,043 km S 76° W of Kalamansig (Sultan Kudarat),Ms,TECTONIC
385,2026-01-28 16:02:40+00:00,6.34,123.88,23,3.2,031 km S 39° W of Kalamansig (Sultan Kudarat),Ms,TECTONIC
386,2026-01-28 15:58:03+00:00,6.36,123.76,5,4.5,038 km S 56° W of Kalamansig (Sultan Kudarat),Mw,TECTONIC
387,2026-01-28 15:53:57+00:00,6.65,123.71,12,3.5,039 km N 75° W of Kalamansig (Sultan Kudarat),Ms,TECTONIC
388,2026-01-28 15:51:17+00:00,6.5,123.87,9,2.7,021 km S 74° W of Kalamansig (Sultan Kudarat),Ms,TECTONIC
389,2026-01-28 15:49:42+00:00,6.54,123.64,18,2.0,046 km S 88° W of Kalamansig (Sultan Kudarat),Ms,TECTONIC
390,2026-01-28 15:35:30+00:00,6.53,123.62,12,3.3,047 km S 87° W of Kalamansig (Sultan Kudarat),Ms,TECTONIC
391,2026-01-28 15:29:29+00:00,6.57,123.77,21,2.4,031 km N 87° W of Kalamansig (Sultan Kudarat),Ms,TECTONIC
392,2026-01-28 15:27:39+00:00,6.44,123.71,5,4.0,034 km S 86° W of Kalamansig (Sultan Kudarat),Ms,TECTONIC
393,2026-01-28 15:18:04+00:00,6.47,123.61,16,3.4,050 km S 79° W of Kalamansig (Sultan Kudarat),Ms,TECTONIC
394,2026-01-28 15:03:31+00:00,6.57,123.67,21,3.0,024 km N 89° W of Kalamansig (Sultan Kudarat),Ms,TECTONIC
395,2026-01-28 15:01:44+00:00,6.72,123.86,17,2.8,025 km N 68° W of Lebak (Sultan Kudarat),Ms,TECTONIC
396,2026-01-28 14:59:05+00:00,6.57,123.72,6,2.7,036 km N 87° W of Kalamansig (Sultan Kudarat),Ms,TECTONIC
397,2026-01-28 14:57:39+00:00,6.73,123.79,21,2.1,034 km N 57° W of Kalamansig (Sultan Kudarat),Ms,TECTONIC
398,2026-01-28 14:55:57+00:00,6.38,123.72,10,2.1,042 km S 63° W of Kalamansig (Sultan Kudarat),Ms,TECTONIC
399,2026-01-28 14:49:05+00:00,6.53,123.71,8,3.4,038 km S 85° W of Kalamansig (Sultan Kudarat),Ms,TECTONIC
400,2026-01-28 14:48:10+00:00,6.66,123.78,20,2.1,033 km N 69° W of Kalamansig (Sultan Kudarat),Ms,TECTONIC
401,2026-01-28 14:44:42+00:00,6.47,123.67,17,2.8,043 km S 78° W of Kalamansig (Sultan Kudarat),Ms,TECTONIC
402,2026-01-28 14:36:35+00:00,6.52,123.72,17,4.4,037 km S 84° W of Kalamansig (Sultan Kudarat),Ms,TECTONIC
403,2026-01-28 14:33:10+00:00,6.51,123.7,3,4.8,039 km S 83° W of Kalamansig (Sultan Kudarat),Mw,TECTONIC
404,2026-01-28 14:31:54+00:00,6.46,123.64,17,2.3,047 km S 77° W of Kalamansig (Sultan Kudarat),Ms,TECTONIC
405,2026-01-28 14:25:28+00:00,6.34,123.7,14,3.4,046 km S 59° W of Kalamansig (Sultan Kudarat),Ms,TECTONIC
406,2026-01-28 14:12:50+00:00,6.55,123.7,6,3.5,038 km S 88° W of Kalamansig (Sultan Kudarat),Ms,TECTONIC
407,2026-01-28 14:08:56+00:00,6.51,123.73,15,4.1,036 km S 81° W of Kalamansig (Sultan Kudarat),Ms,TECTONIC
408,2026-01-28 14:06:20+00:00,6.46,123.73,4,2.9,038 km S 73° W of Kalamansig (Sultan Kudarat),Ms,TECTONIC
409,2026-01-28 14:02:55+00:00,6.53,123.73,5,3.0,036 km S 85° W of Kalamansig (Sultan Kudarat),Ms,TECTONIC
410,2026-01-28 13:56:06+00:00,6.54,123.67,7,3.9,043 km S 87° W of Kalamansig (Sultan Kudarat),Ms,TECTONIC
411,2026-01-28 13:52:26+00:00,6.53,123.8,24,2.4,028 km S 83° W of Kalamansig (Sultan Kudarat),Ms,TECTONIC
412,2026-01-28 13:47:45+00:00,6.57,123.7,5,1.9,039 km N 88° W of Kalamansig (Sultan Kudarat),Ms,TECTONIC
413,2026-01-28 13:45:10+00:00,6.47,123.65,21,2.3,046 km S 78° W of Kalamansig (Sultan Kudarat),Ms,TECTONIC
414,2026-01-28 13:41:32+00:00,6.46,123.69,17,4.3,041 km S 75° W of Kalamansig (Sultan Kudarat),Ms,TECTONIC
415,2026-01-28 13:36:23+00:00,6.6,123.7,5,1.9,040 km N 83° W of Kalamansig (Sultan Kudarat),Ms,TECTONIC
416,2026-01-28 13:31:38+00:00,6.41,123.73,16,1.9,039 km S 65° W of Kalamansig (Sultan Kudarat),Ms,TECTONIC
417,2026-01-28 13:30:01+00:00,6.54,123.62,16,2.9,047 km S 89° W of Kalamansig (Sultan Kudarat),Ms,TECTONIC
418,2026-01-28 13:27:56+00:00,11.0,123.91,8,3.2,009 km S 60° W of City Of Bogo (Cebu),Ms,TECTONIC
419,2026-01-28 13:24:03+00:00,6.49,123.72,22,4.0,037 km S 79° W of Kalamansig (Sultan Kudarat),Ms,TECTONIC
420,2026-01-28 13:07:47+00:00,6.41,123.69,16,3.5,042 km S 68° W of Kalamansig (Sultan Kudarat),Ms,TECTONIC
421,2026-01-28 13:06:34+00:00,6.57,123.67,8,2.3,042 km N 88° W of Kalamansig (Sultan Kudarat),Ms,TECTONIC
422,2026-01-28 13:04:14+00:00,6.62,123.67,12,1.8,043 km N 81° W of Kalamansig (Sultan Kudarat),Ms,TECTONIC
423,2026-01-28 13:01:52+00:00,6.66,123.65,9,2.7,046 km N 75° W of Kalamansig (Sultan Kudarat),Ms,TECTONIC
424,2026-01-28 12:55:28+00:00,6.42,123.81,9,4.4,031 km S 62° W of Kalamansig (Sultan Kudarat),Ms,TECTONIC
425,2026-01-28 12:48:54+00:00,6.37,123.62,18,2.8,052 km S 67° W of Kalamansig (Sultan Kudarat),Ms,TECTONIC
426,2026-01-28 12:45:47+00:00,6.45,123.59,14,4.0,052 km S 77° W of Kalamansig (Sultan Kudarat),Ms,TECTONIC
427,2026-01-28 12:34:38+00:00,6.89,123.8,26,2.4,046 km N 37° W of Kalamansig (Sultan Kudarat),Ms,TECTONIC
428,2026-01-28 12:31:31+00:00,6.61,123.71,31,2.3,038 km N 81° W of Kalamansig (Sultan Kudarat),Ms,TECTONIC
429,2026-01-28 12:29:01+00:00,6.54,123.65,3,2.6,045 km S 88° W of Kalamansig (Sultan Kudarat),Ms,TECTONIC
430,2026-01-28 12:20:30+00:00,6.53,123.76,32,4.2,032 km S 85° W of Kalamansig (Sultan Kudarat),Ms,TECTONIC
431,2026-01-28 12:10:44+00:00,6.67,123.79,34,3.1,032 km N 67° W of Kalamansig (Sultan Kudarat),Ms,TECTONIC
432,2026-01-28 12:05:07+00:00,6.52,123.77,12,1.7,031 km S 82° W of Kalamansig (Sultan Kudarat),Ms,TECTONIC
433,2026-01-28 12:02:25+00:00,6.49,123.64,4,2.9,046 km S 80° W of Kalamansig (Sultan Kudarat),Ms,TECTONIC
434,2026-01-28 12:00:22+00:00,6.62,123.64,7,2.1,046 km N 81° W of Kalamansig (Sultan Kudarat),Ms,TECTONIC
435,2026-01-28 11:53:17+00:00,6.58,123.66,3,2.5,044 km N 86° W of Kalamansig (Sultan Kudarat),Ms,TECTONIC
436,2026-01-28 11:48:22+00:00,6.45,123.75,5,2.4,035 km S 71° W of Kalamansig (Sultan Kudarat),Ms,TECTONIC
437,2026-01-28 11:40:47+00:00,6.8,123.79,22,2.4,039 km N 47° W of Kalamansig (Sultan Kudarat),Ms,TECTONIC
438,2026-01-28 11:35:39+00:00,6.25,123.61,11,2.4,059 km S 56° W of Kalamansig (Sultan Kudarat),Ms,TECTONIC
439,2026-01-28 11:19:39+00:00,6.5,123.67,10,3.0,042 km S 81° W of Kalamansig (Sultan Kudarat),Ms,TECTONIC
440,2026-01-28 11:15:07+00:00,6.6,123.65,7,2.9,045 km N 83° W of Kalamansig (Sultan Kudarat),Ms,TECTONIC
441,2026-01-28 11:09:19+00:00,6.46,123.68,9,2.8,043 km S 75° W of Kalamansig (Sultan Kudarat),Ms,TECTONIC
442,2026-01-28 11:06:39+00:00,6.55,123.66,4,2.1,044 km S 89° W of Kalamansig (Sultan Kudarat),Ms,TECTONIC
443,2026-01-28 11:02:49+00:00,6.64,124.06,2,2.8,001 km N 59° W of Lebak (Sultan Kudarat),Ms,TECTONIC
444,2026-01-28 11:02:00+00:00,6.56,123.75,2,2.2,033 km N 89° W of Kalamansig (Sultan Kudarat),Ms,TECTONIC
445,2026-01-28 10:57:42+00:00,6.46,123.62,13,2.3,048 km S 78° W of Kalamansig (Sultan Kudarat),Ms,TECTONIC
446,2026-01-28 10:55:51+00:00,6.52,123.64,16,2.9,046 km S 84° W of Kalamansig (Sultan Kudarat),Ms,TECTONIC
447,2026-01-28 10:53:53+00:00,6.38,123.59,26,1.9,054 km S 69° W of Kalamansig (Sultan Kudarat),Ms,TECTONIC
448,2026-01-28 10:48:22+00:00,6.49,123.68,7,2.3,042 km S 80° W of Kalamansig (Sultan Kudarat),Ms,TECTONIC
449,2026-01-28 10:44:56+00:00,6.61,123.68,5,2.5,042 km N 81° W of Kalamansig (Sultan Kudarat),Ms,TECTONIC
450,2026-01-28 10:39:36+00:00,6.48,123.57,16,2.2,054 km S 81° W of Kalamansig (Sultan Kudarat),Ms,TECTONIC
451,2026-01-28 10:37:56+00:00,6.67,123.77,7,2.2,034 km N 69° W of Kalamansig (Sultan Kudarat),Ms,TECTONIC
452,2026-01-28 10:36:00+00:00,6.47,123.63,17,2.5,047 km S 78° W of Kalamansig (Sultan Kudarat),unspecified,unspecified
453,2026-01-28 10:28:23+00:00,6.47,123.67,16,3.7,043 km S 77° W of Kalamansig (Sultan Kudarat),Ms,TECTONIC
454,2026-01-28 10:23:47+00:00,6.61,123.67,9,2.5,043 km N 83° W of Kalamansig (Sultan Kudarat),Ms,TECTONIC
455,2026-01-28 10:21:28+00:00,6.58,123.76,20,2.2,032 km N 86° W of Kalamansig (Sultan Kudarat),Ms,TECTONIC
456,2026-01-28 10:17:47+00:00,6.87,123.88,17,2.2,039 km N 29° W of Kalamansig (Sultan Kudarat),Ms,TECTONIC
457,2026-01-28 10:14:16+00:00,6.58,123.67,6,3.1,042 km N 86° W of Kalamansig (Sultan Kudarat),Ms,TECTONIC
458,2026-01-28 10:05:30+00:00,6.46,123.65,19,2.3,050 km S 75° W of Kalamansig (Sultan Kudarat),Ms,TECTONIC
459,2026-01-28 10:07:11+00:00,6.43,123.67,13,3.0,044 km S 72° W of Kalamansig (Sultan Kudarat),Ms,TECTONIC
460,2026-01-28 10:03:56+00:00,6.77,123.81,5,2.1,036 km N 48° W of Kalamansig (Sultan Kudarat),Ms,TECTONIC
461,2026-01-28 10:03:15+00:00,6.48,123.62,15,3.0,047 km S 83° W of Kalamansig (Sultan Kudarat),Ms,TECTONIC
462,2026-01-28 09:55:14+00:00,6.78,123.81,9,2.6,036 km N 47° W of Kalamansig (Sultan Kudarat),Ms,TECTONIC
463,2026-01-28 09:53:07+00:00,6.61,123.68,4,3.1,042 km N 81° W of Kalamansig (Sultan Kudarat),Ms,TECTONIC
464,2026-01-28 09:51:12+00:00,6.64,123.84,14,2.7,025 km N 69° W of Kalamansig (Sultan Kudarat),Ms,TECTONIC
465,2026-01-28 09:45:27+00:00,6.53,123.63,11,2.7,047 km S 87° W of Kalamansig (Sultan Kudarat),Ms,TECTONIC
466,2026-01-28 09:43:20+00:00,9.04,126.09,26,1.5,009 km S 64° W of City Of Tandag (Surigao Del Sur),Ms,TECTONIC
467,2026-01-28 09:41:11+00:00,6.57,123.71,15,2.8,038 km N 88° W of Kalamansig (Sultan Kudarat),Ms,TECTONIC
468,2026-01-28 09:36:45+00:00,6.33,123.49,39,2.4,067 km S 68° W of Kalamansig (Sultan Kudarat),Ms,TECTONIC
469,2026-01-28 09:34:53+00:00,6.67,123.65,20,2.7,046 km N 74° W of Kalamansig (Sultan Kudarat),Ms,TECTONIC
470,2026-01-28 09:30:27+00:00,6.49,123.74,4,4.0,036 km S 79° W of Kalamansig (Sultan Kudarat),Ms,TECTONIC
471,2026-01-28 09:27:01+00:00,6.51,123.6,19,2.7,050 km S 84° W of Kalamansig (Sultan Kudarat),Ms,TECTONIC
472,2026-01-28 09:24:36+00:00,6.68,123.81,13,3.4,030 km N 64° W of Kalamansig (Sultan Kudarat),Ms,TECTONIC
473,2026-01-28 09:18:59+00:00,6.54,123.72,4,2.8,037 km S 88° W of Kalamansig (Sultan Kudarat),Ms,TECTONIC
474,2026-01-28 09:17:49+00:00,6.47,123.54,33,1.9,058 km S 80° W of Kalamansig (Sultan Kudarat),Ms,TECTONIC
475,2026-01-28 09:16:07+00:00,6.26,123.19,24,1.7,100 km S 71° W of Kalamansig (Sultan Kudarat),Ms,TECTONIC
476,2026-01-28 09:14:05+00:00,6.47,123.77,4,2.0,032 km S 73° W of Kalamansig (Sultan Kudarat),Ms,TECTONIC
477,2026-01-28 09:06:52+00:00,6.59,123.71,2,2.9,038 km N 84° W of Kalamansig (Sultan Kudarat),Ms,TECTONIC
478,2026-01-28 09:04:45+00:00,6.51,123.58,12,3.1,052 km S 85° W of Kalamansig (Sultan Kudarat),Ms,TECTONIC
479,2026-01-28 09:03:44+00:00,6.5,123.65,17,2.4,045 km S 82° W of Kalamansig (Sultan Kudarat),Ms,TECTONIC
480,2026-01-28 09:00:18+00:00,6.54,123.82,30,1.7,026 km S 87° W of Kalamansig (Sultan Kudarat),Ms,TECTONIC
481,2026-01-28 08:58:15+00:00,6.42,123.58,9,2.7,055 km S 74° W of Kalamansig (Sultan Kudarat),Ms,TECTONIC
482,2026-01-28 08:51:49+00:00,6.42,123.65,2,3.5,047 km S 72° W of Kalamansig (Sultan Kudarat),Ms,TECTONIC
483,2026-01-28 08:49:23+00:00,6.47,123.69,8,3.0,041 km S 77° W of Kalamansig (Sultan Kudarat),Ms,TECTONIC
484,2026-01-28 08:43:35+00:00,6.6,123.61,1,3.4,048 km S 89° W of Kalamansig (Sultan Kudarat),Ms,TECTONIC
485,2026-01-28 08:47:21+00:00,6.39,123.41,33,2.9,073 km S 76° W of Kalamansig (Sultan Kudarat),Ms,TECTONIC
486,2026-01-28 08:38:47+00:00,6.49,123.67,13,5.2,042 km S 81° W of Kalamansig (Sultan Kudarat),Ms,TECTONIC
487,2026-01-28 08:34:31+00:00,6.49,123.67,16,5.2,043 km S 80° W of Kalamansig (Sultan Kudarat),Mw,TECTONIC
488,2026-01-28 08:29:42+00:00,6.34,123.51,23,3.6,064 km S 69° W of Kalamansig (Sultan Kudarat),Ms,TECTONIC
489,2026-01-28 08:28:18+00:00,6.61,123.63,11,2.6,047 km N 83° W of Kalamansig (Sultan Kudarat),Ms,TECTONIC
490,2026-01-28 08:24:14+00:00,6.54,123.65,4,2.8,045 km S 88° W of Kalamansig (Sultan Kudarat),Ms,TECTONIC
491,2026-01-28 08:19:39+00:00,6.49,123.48,24,2.9,063 km S 83° W of Kalamansig (Sultan Kudarat),Ms,TECTONIC
492,2026-01-28 08:17:00+00:00,6.42,123.69,5,3.4,042 km S 69° W of Kalamansig (Sultan Kudarat),Ms,TECTONIC
493,2026-01-28 08:15:15+00:00,6.65,123.4,10,2.7,073 km N 82° W of Kalamansig (Sultan Kudarat),Ms,TECTONIC
494,2026-01-28 08:14:51+00:00,6.62,123.67,2,2.2,042 km N 81° W of Kalamansig (Sultan Kudarat),Ms,TECTONIC
495,2026-01-28 08:10:34+00:00,6.57,123.63,13,2.5,047 km N 88° W of Kalamansig (Sultan Kudarat),Ms,TECTONIC
496,2026-01-28 08:07:23+00:00,6.6,124.13,23,1.5,010 km N 59° E of Kalamansig (Sultan Kudarat),Ms,TECTONIC
497,2026-01-28 08:04:47+00:00,6.54,123.68,21,3.0,041 km S 87° W of Kalamansig (Sultan Kudarat),Ms,TECTONIC
498,2026-01-28 08:01:06+00:00,6.63,123.74,16,3.7,036 km N 77° W of Kalamansig (Sultan Kudarat),Ms,TECTONIC
499,2026-01-28 07:51:02+00:00,6.55,124.19,2,1.8,015 km S 88° E of Kalamansig (Sultan Kudarat),Ms,TECTONIC
500,2026-01-28 07:50:51+00:00,6.82,124.0,25,2.0,030 km N 11° W of Kalamansig (Sultan Kudarat),Ms,TECTONIC
501,2026-01-28 07:49:42+00:00,6.58,124.28,4,1.6,025 km N 84° E of Kalamansig (Sultan Kudarat),Ms,TECTONIC
502,2026-01-28 07:45:16+00:00,6.69,123.78,3,2.3,033 km N 63° W of Kalamansig (Sultan Kudarat),Ms,TECTONIC
503,2026-01-28 07:36:29+00:00,6.6,123.94,2,3.3,015 km N 75° W of Kalamansig (Sultan Kudarat),Ms,TECTONIC
504,2026-01-28 07:47:42+00:00,6.53,123.68,5,3.1,041 km S 85° W of Kalamansig (Sultan Kudarat),Ms,TECTONIC
505,2026-01-28 07:40:28+00:00,6.53,123.64,9,2.9,046 km S 87° W of Kalamansig (Sultan Kudarat),Ms,TECTONIC
506,2026-01-28 07:43:30+00:00,6.47,123.68,25,3.9,042 km S 77° W of Kalamansig (Sultan Kudarat),Ms,TECTONIC
507,2026-01-28 07:32:58+00:00,6.46,123.64,4,2.0,047 km S 77° W of Kalamansig (Sultan Kudarat),Ms,TECTONIC
508,2026-01-28 07:24:10+00:00,6.54,123.71,3,3.6,037 km S 89° W of Kalamansig (Sultan Kudarat),Ms,TECTONIC
509,2026-01-28 07:31:33+00:00,6.61,123.78,3,1.7,030 km N 79° W of Kalamansig (Sultan Kudarat),Ms,TECTONIC
510,2026-01-28 07:17:33+00:00,6.29,123.74,36,2.3,045 km S 50° W of Kalamansig (Sultan Kudarat),Ms,TECTONIC
511,2026-01-28 07:21:13+00:00,13.79,120.47,81,1.7,018 km S 75° W of Calatagan (Batangas),Ms,TECTONIC
512,2026-01-28 07:13:15+00:00,6.38,123.46,8,2.8,068 km S 74° W of Kalamansig (Sultan Kudarat),Ms,TECTONIC
513,2026-01-28 07:08:02+00:00,6.91,123.79,18,1.4,049 km N 36° W of Kalamansig (Sultan Kudarat),Ms,TECTONIC
514,2026-01-28 07:04:03+00:00,6.8,124.46,18,2.8,002 km S 13° E of Ampatuan (Maguindanao Del Sur),Ms,TECTONIC
515,2026-01-28 07:13:15+00:00,6.38,123.46,8,2.8,068 km S 74° W of Kalamansig (Sultan Kudarat),Ms,TECTONIC
516,2026-01-28 06:50:16+00:00,6.17,123.54,32,2.6,071 km S 53° W of Kalamansig (Sultan Kudarat),Ms,TECTONIC
517,2026-01-28 07:11:12+00:00,6.38,123.69,5,2.6,046 km S 76° W of Kalamansig (Sultan Kudarat),Ms,TECTONIC
518,2026-01-28 07:05:53+00:00,6.69,124.12,2,2.0,016 km N 26° E of Kalamansig (Sultan Kudarat),Ms,TECTONIC
519,2026-01-28 07:00:05+00:00,6.69,123.71,20,2.0,040 km N 68° W of Kalamansig (Sultan Kudarat),Ms,TECTONIC
520,2026-01-28 06:50:16+00:00,6.17,123.54,32,2.6,071 km S 53° W of Kalamansig (Sultan Kudarat),Ms,TECTONIC
521,2026-01-28 06:46:59+00:00,6.52,123.69,4,5.9,040 km S 84° W of Kalamansig (Sultan Kudarat),Mw,TECTONIC
522,2026-01-28 06:37:02+00:00,6.63,123.69,19,3.3,040 km N 79° W of Kalamansig (Sultan Kudarat),Ms,TECTONIC
523,2026-01-28 06:31:18+00:00,6.47,123.67,3,4.6,044 km S 77° W of Kalamansig (Sultan Kudarat),Mw,TECTONIC
524,2026-01-28 05:56:19+00:00,6.58,123.64,2,3.7,046 km N 86° W of Kalamansig (Sultan Kudarat),Ms,TECTONIC
525,2026-01-28 06:01:23+00:00,6.53,123.81,41,1.5,027 km S 84° W of Kalamansig (Sultan Kudarat),Ms,TECTONIC
526,2026-01-28 05:42:08+00:00,6.47,123.67,5,2.4,043 km S 78° W of Kalamansig (Sultan Kudarat),Ms,TECTONIC
527,2026-01-28 05:38:54+00:00,6.44,123.66,16,4.1,045 km S 73° W of Kalamansig (Sultan Kudarat),Ms,TECTONIC
528,2026-01-28 05:23:15+00:00,6.46,123.62,15,1.9,049 km S 77° W of Kalamansig (Sultan Kudarat),Ms,TECTONIC
529,2026-01-28 05:15:11+00:00,6.21,123.7,8,2.0,054 km S 46° W of Kalamansig (Sultan Kudarat),Ms,TECTONIC
530,2026-01-28 05:10:55+00:00,6.35,123.68,14,2.8,046 km S 61° W of Kalamansig (Sultan Kudarat),Ms,TECTONIC
531,2026-01-28 05:08:19+00:00,6.47,123.67,10,4.0,043 km S 75° W of Kalamansig (Sultan Kudarat),Ms,TECTONIC
532,2026-01-28 04:58:46+00:00,9.5,126.0,22,1.7,016 km N 22° E of Carrascal (Surigao Del Sur),Ms,TECTONIC
533,2026-01-28 04:56:47+00:00,6.56,123.77,16,2.1,031 km N 88° W of Kalamansig (Sultan Kudarat),Ms,TECTONIC
534,2026-01-28 04:26:35+00:00,6.48,123.72,4,1.8,037 km S 77° W of Kalamansig (Sultan Kudarat),Ms,TECTONIC
535,2026-01-28 04:06:33+00:00,6.47,123.88,36,1.8,022 km S 63° W of Kalamansig (Sultan Kudarat),Ms,TECTONIC
536,2026-01-28 03:42:08+00:00,6.59,124.05,19,1.7,004 km N 02° W of Kalamansig (Sultan Kudarat),Ms,TECTONIC
537,2026-01-28 03:41:07+00:00,6.56,123.68,17,2.1,041 km N 89° W of Kalamansig (Sultan Kudarat),Ms,TECTONIC
538,2026-01-28 03:37:13+00:00,6.47,123.67,4,2.9,043 km S 78° W of Kalamansig (Sultan Kudarat),Ms,TECTONIC
539,2026-01-28 03:33:48+00:00,6.45,123.69,27,4.0,042 km S 74° W of Kalamansig (Sultan Kudarat),Ms,TECTONIC
540,2026-01-28 03:30:20+00:00,6.64,123.79,7,2.6,031 km N 72° W of Kalamansig (Sultan Kudarat),Ms,TECTONIC
541,2026-01-28 03:25:21+00:00,6.55,123.73,4,3.1,036 km S 89° W of Kalamansig (Sultan Kudarat),Ms,TECTONIC
542,2026-01-28 03:24:26+00:00,6.44,123.78,11,1.5,032 km S 67° W of Kalamansig (Sultan Kudarat),Ms,TECTONIC
543,2026-01-28 03:23:02+00:00,6.5,123.7,17,2.5,039 km S 81° W of Kalamansig (Sultan Kudarat),Ms,TECTONIC
544,2026-01-28 03:17:57+00:00,6.34,123.7,10,1.7,045 km S 59° W of Kalamansig (Sultan Kudarat),Ms,TECTONIC
545,2026-01-28 03:16:50+00:00,6.62,123.72,23,1.9,037 km N 79° W of Kalamansig (Sultan Kudarat),Ms,TECTONIC
546,2026-01-28 03:15:29+00:00,6.32,123.77,23,1.6,041 km S 51° W of Kalamansig (Sultan Kudarat),Ms,TECTONIC
547,2026-01-28 03:07:05+00:00,6.56,123.64,13,2.5,045 km N 90° W of Kalamansig (Sultan Kudarat),Ms,TECTONIC
548,2026-01-28 03:00:09+00:00,6.37,123.74,30,1.7,040 km S 59° W of Kalamansig (Sultan Kudarat),Ms,TECTONIC
549,2026-01-28 02:58:15+00:00,6.51,123.79,23,1.5,030 km S 80° W of Kalamansig (Sultan Kudarat),Ms,TECTONIC
550,2026-01-28 02:34:38+00:00,6.33,123.83,8,1.7,034 km S 44° W of Kalamansig (Sultan Kudarat),Ms,TECTONIC
551,2026-01-28 02:27:59+00:00,6.44,123.67,23,1.8,044 km S 73° W of Kalamansig (Sultan Kudarat),Ms,TECTONIC
552,2026-01-28 02:25:28+00:00,6.44,123.55,9,2.7,056 km S 77° W of Kalamansig (Sultan Kudarat),Ms,TECTONIC
553,2026-01-28 02:23:10+00:00,6.47,123.69,15,3.9,041 km S 76° W of Kalamansig (Sultan Kudarat),Ms,TECTONIC
554,2026-01-28 02:19:51+00:00,6.41,123.81,31,2.5,031 km S 59° W of Kalamansig (Sultan Kudarat),Ms,TECTONIC
555,2026-01-28 02:12:56+00:00,6.34,123.64,33,2.5,051 km S 62° W of Kalamansig (Sultan Kudarat),Ms,TECTONIC
556,2026-01-28 02:10:43+00:00,6.5,123.72,2,2.0,040 km S 85° W of Kalamansig (Sultan Kudarat),Ms,TECTONIC
557,2026-01-28 02:05:55+00:00,6.47,123.73,3,3.0,037 km S 74° W of Kalamansig (Sultan Kudarat),Ms,TECTONIC
558,2026-01-28 01:54:19+00:00,6.56,123.72,15,2.5,037 km N 89° W of Kalamansig (Sultan Kudarat),Ms,TECTONIC
559,2026-01-28 01:54:12+00:00,17.82,120.34,20,1.9,013 km N 77° W of Cabugao (Ilocos Sur),Ms,TECTONIC
560,2026-01-28 01:41:47+00:00,6.47,123.73,2,5.2,037 km S 76° W of Kalamansig (Sultan Kudarat),Mw,TECTONIC
561,2026-01-28 01:18:30+00:00,6.35,123.68,18,2.6,047 km S 61° W of Kalamansig (Sultan Kudarat),Ms,TECTONIC
562,2026-01-28 00:49:31+00:00,8.02,126.84,14,2.2,049 km N 59° E of Cateel (Davao Oriental),Ms,TECTONIC
563,2026-01-28 00:47:13+00:00,6.32,123.64,8,2.2,052 km S 60° W of Kalamansig (Sultan Kudarat),Ms,TECTONIC
564,2026-01-28 00:43:31+00:00,6.01,123.72,34,1.8,071 km S 31° W of Kalamansig (Sultan Kudarat),Ms,TECTONIC
565,2026-01-28 00:32:20+00:00,6.54,123.68,22,2.4,041 km S 87° W of Kalamansig (Sultan Kudarat),Ms,TECTONIC
566,2026-01-28 00:27:27+00:00,6.37,123.71,25,2.1,043 km S 61° W of Kalamansig (Sultan Kudarat),Ms,TECTONIC
567,2026-01-28 00:21:08+00:00,6.53,123.75,3,2.3,034 km S 85° W of Kalamansig (Sultan Kudarat),Ms,TECTONIC
568,2026-01-28 00:15:50+00:00,6.45,123.72,19,1.5,038 km S 72° W of Kalamansig (Sultan Kudarat),Ms,TECTONIC
569,2026-01-28 00:11:37+00:00,6.29,123.64,14,2.5,054 km S 57° W of Kalamansig (Sultan Kudarat),Ms,TECTONIC
570,2026-01-27 23:56:09+00:00,6.93,124.84,18,1.5,005 km S 66° W of M'lang (Cotabato),Ms,TECTONIC
571,2026-01-27 23:55:27+00:00,6.42,123.87,31,1.7,025 km S 52° W of Kalamansig (Sultan Kudarat),Ms,TECTONIC
572,2026-01-27 23:49:20+00:00,6.66,124.2,12,1.6,021 km N 56° E of Kalamansig (Sultan Kudarat),Ms,TECTONIC
573,2026-01-27 23:44:13+00:00,5.45,127.38,98,3.0,196 km S 47° E of Governor Generoso (Davao Oriental),Ms,TECTONIC
574,2026-01-27 23:37:22+00:00,6.49,123.63,7,1.8,047 km S 82° W of Kalamansig (Sultan Kudarat),Ms,TECTONIC
575,2026-01-27 23:34:21+00:00,6.57,123.65,15,1.6,044 km N 88° W of Kalamansig (Sultan Kudarat),Ms,TECTONIC
576,2026-01-27 23:27:34+00:00,6.6,123.77,4,3.4,032 km N 81° W of Kalamansig (Sultan Kudarat),Ms,TECTONIC
577,2026-01-27 23:19:58+00:00,6.55,123.76,5,4.6,031 km S 89° W of Kalamansig (Sultan Kudarat),Ms,TECTONIC
578,2026-01-27 23:14:34+00:00,6.46,124.03,14,2.4,011 km S 12° W of Kalamansig (Sultan Kudarat),Ms,TECTONIC
579,2026-01-27 22:54:07+00:00,6.4,125.77,140,2.7,018 km S 84° E of Malita (Davao Occidental),Ms,TECTONIC
580,2026-01-27 22:41:39+00:00,9.54,126.4,28,2.2,037 km N 39° E of Cortes (Surigao Del Sur),Ms,TECTONIC
581,2026-01-27 22:28:49+00:00,6.49,123.75,2,3.5,034 km S 77° W of Kalamansig (Sultan Kudarat),Ms,TECTONIC
582,2026-01-27 22:17:15+00:00,6.57,123.87,2,1.5,021 km N 85° W of Kalamansig (Sultan Kudarat),Ms,TECTONIC
583,2026-01-27 22:11:17+00:00,6.58,123.74,20,2.8,034 km N 86° W of Kalamansig (Sultan Kudarat),Ms,TECTONIC
584,2026-01-27 22:07:40+00:00,6.47,123.73,31,2.2,037 km S 75° W of Kalamansig (Sultan Kudarat),Ms,TECTONIC
585,2026-01-27 21:51:30+00:00,6.03,123.76,15,2.1,066 km S 29° W of Kalamansig (Sultan Kudarat),Ms,TECTONIC
586,2026-01-27 21:49:01+00:00,6.5,123.78,13,1.8,031 km S 79° W of Kalamansig (Sultan Kudarat),Ms,TECTONIC
587,2026-01-27 21:44:50+00:00,6.77,123.97,14,2.0,026 km N 20° W of Kalamansig (Sultan Kudarat),Ms,TECTONIC
588,2026-01-27 21:37:24+00:00,6.48,123.79,7,2.1,030 km S 75° W of Kalamansig (Sultan Kudarat),Ms,TECTONIC
589,2026-01-27 21:31:07+00:00,7.79,126.18,36,1.8,015 km S 73° E of Monkayo (Davao De Oro),Ms,TECTONIC
590,2026-01-27 21:31:24+00:00,6.48,123.68,15,2.0,041 km S 78° W of Kalamansig (Sultan Kudarat),Ms,TECTONIC
591,2026-01-27 21:25:32+00:00,6.47,123.73,29,2.4,037 km S 75° W of Kalamansig (Sultan Kudarat),Ms,TECTONIC
592,2026-01-27 21:23:59+00:00,6.32,123.6,23,2.3,056 km S 63° W of Kalamansig (Sultan Kudarat),Ms,TECTONIC
593,2026-01-27 21:19:28+00:00,13.92,123.72,1,2.4,005 km N 27° E of Garchitorena (Camarines Sur),Ms,TECTONIC
594,2026-01-27 21:15:24+00:00,6.41,123.79,8,1.5,033 km S 62° W of Kalamansig (Sultan Kudarat),Ms,TECTONIC
595,2026-01-27 20:57:57+00:00,7.5,124.39,19,2.1,003 km S 45° E of Buldon (Maguindanao Del Norte),Ms,TECTONIC
596,2026-01-27 20:55:25+00:00,6.55,123.71,4,2.4,037 km S 89° W of Kalamansig (Sultan Kudarat),Ms,TECTONIC
597,2026-01-27 20:45:00+00:00,6.39,123.72,28,3.5,041 km S 63° W of Kalamansig (Sultan Kudarat),Ms,TECTONIC
598,2026-01-27 20:39:47+00:00,6.5,123.66,12,2.5,044 km S 82° W of Kalamansig (Sultan Kudarat),Ms,TECTONIC
599,2026-01-27 20:36:38+00:00,6.5,123.69,21,2.4,041 km S 82° W of Kalamansig (Sultan Kudarat),Ms,TECTONIC
600,2026-01-27 20:33:35+00:00,6.33,123.93,41,1.5,028 km S 29° W of Kalamansig (Sultan Kudarat),Ms,TECTONIC
601,2026-01-27 20:28:12+00:00,6.54,123.68,4,2.4,041 km S 88° W of Kalamansig (Sultan Kudarat),Ms,TECTONIC
602,2026-01-27 20:25:36+00:00,6.4,123.65,2,2.9,047 km S 69° W of Kalamansig (Sultan Kudarat),Ms,TECTONIC
603,2026-01-27 20:17:22+00:00,6.41,123.79,29,2.0,033 km S 60° W of Kalamansig (Sultan Kudarat),Ms,TECTONIC
604,2026-01-27 20:10:54+00:00,6.45,123.67,3,3.5,044 km S 74° W of Kalamansig (Sultan Kudarat),Ms,TECTONIC
605,2026-01-27 19:54:11+00:00,6.43,123.67,6,5.1,045 km S 72° W of Kalamansig (Sultan Kudarat),Ms,TECTONIC
606,2026-01-27 19:46:23+00:00,6.41,123.63,17,4.3,049 km S 71° W of Kalamansig (Sultan Kudarat),Ms,TECTONIC
607,2026-01-27 19:40:14+00:00,6.58,123.89,21,1.6,018 km N 83° W of Kalamansig (Sultan Kudarat),Ms,TECTONIC
608,2026-01-27 19:35:51+00:00,10.12,123.18,24,2.0,010 km S 88° W of City Of Guihulngan (Negros Oriental),Ms,TECTONIC
609,2026-01-27 19:32:13+00:00,6.44,123.72,17,3.2,039 km S 70° W of Kalamansig (Sultan Kudarat),Ms,TECTONIC
610,2026-01-27 19:26:22+00:00,14.02,121.17,39,1.9,004 km S 29° E of Malvar (Batangas),Ms,TECTONIC
611,2026-01-27 19:25:34+00:00,6.62,123.8,3,3.5,029 km N 76° W of Kalamansig (Sultan Kudarat),Ms,TECTONIC
612,2026-01-27 19:23:41+00:00,13.08,120.34,2,3.1,032 km S 58° W of Mamburao (Occidental Mindoro),Ms,TECTONIC
613,2026-01-27 19:19:20+00:00,6.45,123.64,22,2.5,047 km S 76° W of Kalamansig (Sultan Kudarat),Ms,TECTONIC
614,2026-01-27 19:14:12+00:00,12.46,123.68,10,2.4,009 km S 73° W of San Fernando (Masbate),Ms,TECTONIC
615,2026-01-27 19:10:40+00:00,11.08,123.97,2,1.9,004 km N 13° W of City Of Bogo (Cebu),Ms,TECTONIC
616,2026-01-27 19:09:20+00:00,6.28,123.69,15,2.5,050 km S 52° W of Kalamansig (Sultan Kudarat),Ms,TECTONIC
617,2026-01-27 18:59:36+00:00,6.65,123.8,11,2.6,029 km N 70° W of Kalamansig (Sultan Kudarat),Ms,TECTONIC
618,2026-01-27 18:51:56+00:00,6.5,123.68,9,2.1,041 km S 82° W of Kalamansig (Sultan Kudarat),Ms,TECTONIC
619,2026-01-27 18:45:37+00:00,6.42,123.63,24,2.6,049 km S 72° W of Kalamansig (Sultan Kudarat),Ms,TECTONIC
620,2026-01-27 18:42:07+00:00,6.38,123.59,18,3.0,055 km S 69° W of Kalamansig (Sultan Kudarat),Ms,TECTONIC
621,2026-01-27 18:39:56+00:00,6.4,123.61,24,2.6,051 km S 71° W of Kalamansig (Sultan Kudarat),Ms,TECTONIC
622,2026-01-27 18:32:18+00:00,6.3,123.91,17,1.8,032 km S 28° W of Kalamansig (Sultan Kudarat),Ms,TECTONIC
623,2026-01-27 18:27:46+00:00,6.51,123.83,5,2.1,025 km S 79° W of Kalamansig (Sultan Kudarat),Ms,TECTONIC
624,2026-01-27 18:25:33+00:00,6.48,123.66,5,3.5,045 km S 79° W of Kalamansig (Sultan Kudarat),Ms,TECTONIC
625,2026-01-27 18:22:23+00:00,6.6,124.05,2,1.3,005 km N 01° E of Kalamansig (Sultan Kudarat),Ms,TECTONIC
626,2026-01-27 18:14:33+00:00,6.78,124.05,1,1.6,025 km North of Kalamansig (Sultan Kudarat),Ms,TECTONIC
627,2026-01-27 18:14:59+00:00,12.52,123.61,10,1.7,013 km N 68° E of Baleno (Masbate),Ms,TECTONIC
628,2026-01-27 18:12:13+00:00,10.93,123.95,3,2.4,013 km S 14° W of City Of Bogo (Cebu),Ms,TECTONIC
629,2026-01-27 18:10:11+00:00,6.23,123.78,22,2.2,047 km S 39° W of Kalamansig (Sultan Kudarat),Ms,TECTONIC
630,2026-01-27 18:08:32+00:00,6.24,124.06,21,2.1,035 km S 03° E of Kalamansig (Sultan Kudarat),Ms,TECTONIC
631,2026-01-27 18:00:29+00:00,6.4,123.68,10,3.4,044 km S 67° W of Kalamansig (Sultan Kudarat),Ms,TECTONIC
632,2026-01-27 17:58:54+00:00,6.41,124.02,18,1.6,017 km S 13° W of Kalamansig (Sultan Kudarat),Ms,TECTONIC
633,2026-01-27 17:54:25+00:00,6.52,123.74,21,2.1,034 km S 84° W of Kalamansig (Sultan Kudarat),Ms,TECTONIC
634,2026-01-27 17:50:28+00:00,6.34,123.71,33,2.5,045 km S 57° W of Kalamansig (Sultan Kudarat),Ms,TECTONIC
635,2026-01-27 17:47:32+00:00,6.37,123.73,27,3.1,041 km S 60° W of Kalamansig (Sultan Kudarat),Ms,TECTONIC
636,2026-01-27 17:43:58+00:00,6.41,123.67,11,4.6,045 km S 70° W of Kalamansig (Sultan Kudarat),Ms,TECTONIC
637,2026-01-27 17:42:57+00:00,6.35,123.78,34,1.7,038 km S 53° W of Kalamansig (Sultan Kudarat),Ms,TECTONIC
638,2026-01-27 17:41:02+00:00,6.48,123.74,6,3.9,035 km S 76° W of Kalamansig (Sultan Kudarat),Ms,TECTONIC
639,2026-01-27 17:33:30+00:00,6.49,123.71,17,2.7,039 km S 79° W of Kalamansig (Sultan Kudarat),Ms,TECTONIC
640,2026-01-27 17:30:45+00:00,6.48,123.7,23,3.0,040 km S 77° W of Kalamansig (Sultan Kudarat),Ms,TECTONIC
641,2026-01-27 17:27:42+00:00,6.6,123.94,4,1.4,013 km N 68° W of Kalamansig (Sultan Kudarat),Ms,TECTONIC
642,2026-01-27 17:25:58+00:00,6.51,123.78,4,2.6,030 km S 81° W of Kalamansig (Sultan Kudarat),Ms,TECTONIC
643,2026-01-27 17:23:26+00:00,6.45,123.73,3,2.3,037 km S 71° W of Kalamansig (Sultan Kudarat),Ms,TECTONIC
644,2026-01-27 17:22:24+00:00,6.46,123.88,22,1.4,022 km S 60° W of Kalamansig (Sultan Kudarat),Ms,TECTONIC
645,2026-01-27 17:20:58+00:00,6.46,123.68,18,2.8,042 km S 75° W of Kalamansig (Sultan Kudarat),Ms,TECTONIC
646,2026-01-27 17:12:01+00:00,6.34,123.67,16,3.1,048 km S 60° W of Kalamansig (Sultan Kudarat),Ms,TECTONIC
647,2026-01-27 17:07:38+00:00,6.38,123.68,18,2.5,045 km S 65° W of Kalamansig (Sultan Kudarat),Ms,TECTONIC
648,2026-01-27 17:05:08+00:00,6.42,123.68,14,5.4,043 km S 70° W of Kalamansig (Sultan Kudarat),Ms,TECTONIC
649,2026-01-27 17:02:42+00:00,6.47,123.65,17,3.5,046 km S 78° W of Kalamansig (Sultan Kudarat),Ms,TECTONIC
650,2026-01-27 16:56:24+00:00,18.89,120.69,5,3.8,039 km N 16° W of Pagudpud (Ilocos Norte),Ms,TECTONIC
651,2026-01-27 16:52:45+00:00,6.49,123.77,10,1.5,032 km S 76° W of Kalamansig (Sultan Kudarat),Ms,TECTONIC
652,2026-01-27 16:54:22+00:00,6.38,123.77,18,2.0,036 km S 58° W of Kalamansig (Sultan Kudarat),Ms,TECTONIC
653,2026-01-27 16:47:58+00:00,6.53,123.74,8,2.2,034 km S 86° W of Kalamansig (Sultan Kudarat),Ms,TECTONIC
654,2026-01-27 16:36:43+00:00,6.4,123.75,14,1.6,037 km S 63° W of Kalamansig (Sultan Kudarat),Ms,TECTONIC
655,2026-01-27 16:35:59+00:00,6.58,123.87,2,1.5,020 km N 83° W of Kalamansig (Sultan Kudarat),Ms,TECTONIC
656,2026-01-27 16:30:20+00:00,6.77,123.88,14,2.4,030 km N 38° W of Kalamansig (Sultan Kudarat),Ms,TECTONIC
657,2026-01-27 16:26:52+00:00,6.41,123.69,26,2.2,043 km S 67° W of Kalamansig (Sultan Kudarat),Ms,TECTONIC
658,2026-01-27 16:24:54+00:00,6.84,124.95,36,1.8,008 km N 85° E of Tulunan (Cotabato),Ms,TECTONIC
659,2026-01-27 16:23:58+00:00,6.5,123.72,9,1.6,038 km S 81° W of Kalamansig (Sultan Kudarat),Ms,TECTONIC
660,2026-01-27 16:19:42+00:00,6.35,123.78,16,2.1,038 km S 52° W of Kalamansig (Sultan Kudarat),Ms,TECTONIC
661,2026-01-27 16:19:09+00:00,15.67,119.98,10,2.9,007 km N 44° E of Candelaria (Zambales),Ms,TECTONIC
662,2026-01-27 16:14:52+00:00,6.49,123.71,22,2.7,038 km S 79° W of Kalamansig (Sultan Kudarat),Ms,TECTONIC
663,2026-01-27 16:08:11+00:00,6.46,123.64,15,2.2,046 km S 77° W of Kalamansig (Sultan Kudarat),Ms,TECTONIC
664,2026-01-27 16:03:18+00:00,6.41,123.73,3,2.4,039 km S 66° W of Kalamansig (Sultan Kudarat),Ms,TECTONIC
665,2026-01-27 15:56:03+00:00,6.53,123.74,24,2.9,035 km S 86° W of Kalamansig (Sultan Kudarat),Ms,TECTONIC
666,2026-01-27 15:50:36+00:00,6.41,123.7,8,4.8,043 km S 67° W of Kalamansig (Sultan Kudarat),Ms,TECTONIC
667,2026-01-27 15:48:23+00:00,6.46,123.69,14,3.1,042 km S 76° W of Kalamansig (Sultan Kudarat),Ms,TECTONIC
668,2026-01-27 15:48:03+00:00,17.6,120.57,7,1.7,003 km N 09° E of Langiden (Abra),Ms,TECTONIC
669,2026-01-27 15:43:04+00:00,6.39,123.68,7,2.4,045 km S 66° W of Kalamansig (Sultan Kudarat),Ms,TECTONIC
670,2026-01-27 15:33:39+00:00,5.89,123.62,23,2.4,088 km S 33° W of Kalamansig (Sultan Kudarat),Ms,TECTONIC
671,2026-01-27 15:28:39+00:00,6.39,124.0,5,1.8,019 km S 16° W of Kalamansig (Sultan Kudarat),Ms,TECTONIC
672,2026-01-27 15:26:53+00:00,6.51,123.66,16,3.3,044 km S 83° W of Kalamansig (Sultan Kudarat),Ms,TECTONIC
673,2026-01-27 15:11:33+00:00,6.48,123.63,14,2.8,048 km S 80° W of Kalamansig (Sultan Kudarat),Ms,TECTONIC
674,2026-01-27 15:03:53+00:00,6.36,123.69,15,2.8,046 km S 60° W of Kalamansig (Sultan Kudarat),Ms,TECTONIC
675,2026-01-27 14:53:36+00:00,6.26,123.69,19,3.0,052 km S 51° W of Kalamansig (Sultan Kudarat),Ms,TECTONIC
676,2026-01-27 14:51:34+00:00,6.59,124.18,4,2.3,015 km N 75° E of Kalamansig (Sultan Kudarat),Ms,TECTONIC
677,2026-01-27 14:47:35+00:00,6.53,123.7,2,4.8,039 km S 86° W of Kalamansig (Sultan Kudarat),Ms,TECTONIC
678,2026-01-27 13:04:32+00:00,6.27,126.03,137,2.2,038 km N 77° E of Don Marcelino (Davao Occidental),Ms,TECTONIC
679,2026-01-27 12:51:54+00:00,8.08,125.94,33,1.4,003 km N 57° W of Veruela (Agusan Del Sur),Ms,TECTONIC
680,2026-01-27 11:14:43+00:00,9.64,126.19,15,2.5,016 km S 15° E of General Luna (Surigao Del Norte),Ms,TECTONIC
681,2026-01-27 10:59:59+00:00,9.56,125.98,28,2.8,006 km S 12° E of Socorro (Surigao Del Norte),Ms,TECTONIC
682,2026-01-27 10:57:18+00:00,18.27,120.72,4,2.4,008 km N 13° E of Piddig (Ilocos Norte),Ms,TECTONIC
683,2026-01-27 09:57:51+00:00,12.99,124.53,20,1.9,037 km S 81° E of Prieto Diaz (Sorsogon),Ms,TECTONIC
684,2026-01-27 09:24:55+00:00,7.15,124.38,32,1.7,004 km N 32° E of Kabuntalan (Maguindanao Del Norte),Ms,TECTONIC
685,2026-01-27 08:41:05+00:00,5.48,126.88,22,3.4,145 km S 71° E of Jose Abad Santos (Davao Occidental),Ms,TECTONIC
686,2026-01-27 07:37:06+00:00,8.78,126.58,23,3.0,031 km S 87° E of Marihatag (Surigao Del Sur),Ms,TECTONIC
687,2026-01-27 07:09:42+00:00,6.39,123.5,10,1.8,063 km S 73° W of Kalamansig (Sultan Kudarat),Ms,TECTONIC
688,2026-01-27 07:01:22+00:00,9.53,126.29,15,2.5,030 km N 22° E of Cortes (Surigao Del Sur),Ms,TECTONIC
689,2026-01-27 06:45:36+00:00,15.47,120.31,20,1.5,016 km S 88° W of San Jose (Tarlac),Ms,TECTONIC
690,2026-01-27 06:38:04+00:00,15.32,122.12,13,1.8,054 km N 37° E of Panukulan (Quezon),Ms,TECTONIC
691,2026-01-27 06:14:35+00:00,9.11,127.29,44,2.2,111 km N 79° E of Cagwait (Surigao Del Sur),Ms,TECTONIC
692,2026-01-27 05:55:29+00:00,18.01,120.44,29,1.5,005 km S 77° W of Currimao (Ilocos Norte),Ms,TECTONIC
693,2026-01-27 05:41:43+00:00,6.58,123.99,12,1.7,007 km N 63° W of Kalamansig (Sultan Kudarat),Ms,TECTONIC
694,2026-01-27 05:08:17+00:00,5.8,125.9,134,2.2,030 km S 66° E of Jose Abad Santos (Davao Occidental),Ms,TECTONIC
695,2026-01-27 05:03:16+00:00,7.14,124.04,25,1.2,008 km N 18° E of Datu Blah T. Sinsuat (Maguindanao Del Norte),Ms,TECTONIC
696,2026-01-27 04:12:47+00:00,16.0,119.91,12,2.2,008 km S 39° E of Burgos (Pangasinan),Ms,TECTONIC
697,2026-01-27 03:58:23+00:00,13.82,120.48,160,2.4,017 km S 86° W of Calatagan (Batangas),Ms,TECTONIC
698,2026-01-27 03:27:26+00:00,7.42,126.77,14,3.0,024 km N 65° E of Caraga (Davao Oriental),Ms,TECTONIC
699,2026-01-27 03:25:56+00:00,6.53,123.74,3,2.4,035 km S 86° W of Kalamansig (Sultan Kudarat),Ms,TECTONIC
700,2026-01-27 03:10:05+00:00,9.53,122.59,24,2.0,014 km N 25° W of Basay (Negros Oriental),Ms,TECTONIC
701,2026-01-27 02:45:08+00:00,6.47,123.63,8,2.8,048 km S 79° W of Kalamansig (Sultan Kudarat),Ms,TECTONIC
702,2026-01-27 02:14:18+00:00,6.38,123.66,15,3.0,047 km S 66° W of Kalamansig (Sultan Kudarat),Ms,TECTONIC
703,2026-01-27 01:38:14+00:00,15.12,119.47,32,1.5,059 km S 54° W of Palauig (Zambales),Ms,TECTONIC
704,2026-01-27 01:11:36+00:00,6.25,123.75,32,2.3,047 km S 44° W of Kalamansig (Sultan Kudarat),Ms,TECTONIC
705,2026-01-27 01:10:04+00:00,6.3,123.7,33,2.4,048 km S 54° W of Kalamansig (Sultan Kudarat),Ms,TECTONIC
706,2026-01-27 01:08:30+00:00,6.41,123.73,3,2.3,038 km S 66° W of Kalamansig (Sultan Kudarat),Ms,TECTONIC
707,2026-01-27 00:39:28+00:00,10.6,122.48,27,2.2,010 km S 04° E of Oton (Iloilo),Ms,TECTONIC
708,2026-01-27 00:11:44+00:00,6.35,123.74,19,2.3,041 km S 57° W of Kalamansig (Sultan Kudarat),Ms,TECTONIC
709,2026-01-27 00:00:45+00:00,6.63,123.8,13,2.0,029 km N 73° W of Kalamansig (Sultan Kudarat),Ms,TECTONIC
710,2026-01-26 22:43:27+00:00,16.19,119.54,20,2.7,029 km N 73° W of Agno (Pangasinan),Ms,TECTONIC
711,2026-01-26 22:33:19+00:00,7.65,124.94,8,2.0,006 km N 27° E of Kadingilan (Bukidnon),Ms,TECTONIC
712,2026-01-26 22:31:31+00:00,8.67,125.84,34,1.4,011 km S 61° E of City Of Bayugan (Agusan Del Sur),Ms,TECTONIC
713,2026-01-26 21:58:44+00:00,7.0,126.75,23,3.6,032 km S 45° E of Manay (Davao Oriental),Ms,TECTONIC
714,2026-01-26 21:53:47+00:00,6.35,123.8,33,1.4,035 km S 51° W of Kalamansig (Sultan Kudarat),Ms,TECTONIC
715,2026-01-26 21:39:19+00:00,6.26,123.7,25,1.9,051 km S 50° W of Kalamansig (Sultan Kudarat),Ms,TECTONIC
716,2026-01-26 21:36:12+00:00,6.5,123.64,17,2.6,046 km S 82° W of Kalamansig (Sultan Kudarat),Ms,TECTONIC
717,2026-01-26 20:57:23+00:00,8.74,126.62,14,1.6,040 km S 61° E of Cagwait (Surigao Del Sur),Ms,TECTONIC
718,2026-01-26 20:45:00+00:00,15.25,121.67,5,2.1,034 km S 63° E of Dingalan (Aurora),Ms,TECTONIC
719,2026-01-26 19:57:26+00:00,6.89,124.16,50,1.4,004 km N 18° E of South Upi (Maguindanao Del Sur),Ms,TECTONIC
720,2026-01-26 19:45:41+00:00,10.99,124.03,9,2.2,009 km S 40° E of City Of Bogo (Cebu),Ms,TECTONIC
721,2026-01-26 19:43:38+00:00,6.43,123.74,3,2.4,037 km S 68° W of Kalamansig (Sultan Kudarat),Ms,TECTONIC
722,2026-01-26 19:09:04+00:00,5.89,125.81,131,2.5,019 km S 84° E of Jose Abad Santos (Davao Occidental),Ms,TECTONIC
723,2026-01-26 19:00:20+00:00,6.38,123.62,21,2.5,051 km S 68° W of Kalamansig (Sultan Kudarat),Ms,TECTONIC
724,2026-01-26 18:48:48+00:00,6.45,123.69,6,3.4,042 km S 74° W of Kalamansig (Sultan Kudarat),Ms,TECTONIC
725,2026-01-26 18:48:37+00:00,21.83,120.68,15,3.9,167 km N 46° W of Itbayat (Batanes),Ms,TECTONIC
726,2026-01-26 18:24:53+00:00,6.51,123.64,5,2.2,045 km S 84° W of Kalamansig (Sultan Kudarat),Ms,TECTONIC
727,2026-01-26 18:01:59+00:00,6.49,123.77,17,2.6,032 km S 76° W of Kalamansig (Sultan Kudarat),Ms,TECTONIC
728,2026-01-26 17:40:35+00:00,6.46,123.71,2,2.3,039 km S 75° W of Kalamansig (Sultan Kudarat),Ms,TECTONIC
729,2026-01-26 16:47:50+00:00,6.13,123.68,35,2.0,062 km S 41° W of Kalamansig (Sultan Kudarat),Ms,TECTONIC
730,2026-01-26 16:18:24+00:00,8.4,123.0,22,2.0,006 km S 31° W of Jose Dalman (Zamboanga Del Norte),Ms,TECTONIC
731,2026-01-26 16:11:42+00:00,20.09,121.2,34,2.2,076 km S 69° W of Sabtang (Batanes),Ms,TECTONIC
732,2026-01-26 16:07:53+00:00,6.64,123.75,21,2.1,034 km N 74° W of Kalamansig (Sultan Kudarat),Ms,TECTONIC
733,2026-01-26 15:53:17+00:00,6.63,124.16,8,1.3,015 km N 54° E of Kalamansig (Sultan Kudarat),Ms,TECTONIC
734,2026-01-26 15:40:33+00:00,10.92,123.98,3,2.4,014 km S 01° W of City Of Bogo (Cebu),Ms,TECTONIC
735,2026-01-26 15:39:51+00:00,11.39,124.55,11,2.0,007 km N 69° E of Leyte (Leyte),Ms,TECTONIC
736,2026-01-26 15:39:26+00:00,5.06,126.55,2,3.2,127 km S 69° E of Sarangani Island (Municipality Of Sarangani) (Davao Occidental),Ms,TECTONIC
737,2026-01-26 15:30:53+00:00,5.74,125.89,9,3.2,033 km S 54° E of Jose Abad Santos (Davao Occidental),Ms,TECTONIC
738,2026-01-26 15:22:18+00:00,15.71,121.97,9,3.1,044 km S 83° E of Baler (Aurora),Ms,TECTONIC
739,2026-01-26 14:59:39+00:00,6.35,123.67,19,2.5,048 km S 62° W of Kalamansig (Sultan Kudarat),Ms,TECTONIC
740,2026-01-26 14:53:52+00:00,6.44,123.7,5,2.7,040 km S 77° W of Kalamansig (Sultan Kudarat),Ms,TECTONIC
741,2026-01-26 14:45:19+00:00,17.64,122.26,28,2.0,028 km N 05° E of Maconacon (Isabela),Ms,TECTONIC
742,2026-01-26 14:20:14+00:00,6.64,124.04,3,1.7,010 km N 08° W of Kalamansig (Sultan Kudarat),Ms,TECTONIC
743,2026-01-26 14:12:45+00:00,9.84,122.43,9,2.8,008 km N 02° E of City Of Sipalay (Negros Occidental),Ms,TECTONIC
744,2026-01-26 13:42:33+00:00,13.74,119.92,115,1.3,026 km S 59° W of Lubang (Occidental Mindoro),Ms,TECTONIC
745,2026-01-26 13:38:10+00:00,9.79,122.38,20,2.5,006 km N 72° W of City Of Sipalay (Negros Occidental),Ms,TECTONIC
746,2026-01-26 13:25:54+00:00,7.27,126.25,2,2.3,015 km S 69° E of Maragusan (Davao De Oro),Ms,TECTONIC
747,2026-01-26 13:24:54+00:00,6.6,126.62,108,1.9,056 km N 87° E of Governor Generoso (Davao Oriental),Ms,TECTONIC
748,2026-01-26 12:44:44+00:00,11.36,123.71,52,1.5,045 km N 40° W of City Of Bogo (Cebu),Ms,TECTONIC
749,2026-01-26 12:10:07+00:00,6.45,123.73,3,2.6,037 km S 73° W of Kalamansig (Sultan Kudarat),Ms,TECTONIC
750,2026-01-26 11:54:07+00:00,8.45,125.83,9,1.9,005 km S 86° E of Talacogon (Agusan Del Sur),Ms,TECTONIC
751,2026-01-26 11:52:14+00:00,6.55,123.75,2,3.2,033 km S 90° W of Kalamansig (Sultan Kudarat),Ms,TECTONIC
752,2026-01-26 11:50:29+00:00,6.56,123.7,5,3.0,039 km N 90° W of Kalamansig (Sultan Kudarat),Ms,TECTONIC
753,2026-01-26 11:41:34+00:00,6.51,123.64,17,2.7,046 km S 84° W of Kalamansig (Sultan Kudarat),Ms,TECTONIC
754,2026-01-26 11:37:57+00:00,6.39,123.67,17,2.7,046 km S 67° W of Kalamansig (Sultan Kudarat),Ms,TECTONIC
755,2026-01-26 11:29:23+00:00,11.03,124.09,5,2.6,012 km S 83° E of City Of Bogo (Cebu),Ms,TECTONIC
756,2026-01-26 11:25:33+00:00,6.46,123.7,10,3.1,040 km S 75° W of Kalamansig (Sultan Kudarat),Ms,TECTONIC
757,2026-01-26 10:27:23+00:00,18.85,121.23,4,2.5,015 km S 88° W of Fuga Island (Aparri) (Cagayan),Ms,TECTONIC
758,2026-01-26 10:25:03+00:00,6.47,123.71,21,3.6,039 km S 75° W of Kalamansig (Sultan Kudarat),Ms,TECTONIC
759,2026-01-26 10:06:10+00:00,6.43,123.66,15,4.0,045 km S 72° W of Kalamansig (Sultan Kudarat),Ms,TECTONIC
760,2026-01-26 09:46:31+00:00,10.84,124.02,1,2.4,023 km S 10° E of City Of Bogo (Cebu),Ms,TECTONIC
761,2026-01-26 08:42:17+00:00,8.97,125.99,12,1.9,006 km N 62° W of San Miguel (Surigao Del Sur),Ms,TECTONIC
762,2026-01-26 08:16:03+00:00,6.34,123.58,25,2.1,057 km S 66° W of Kalamansig (Sultan Kudarat),Ms,TECTONIC
763,2026-01-26 06:11:16+00:00,11.33,124.41,3,1.9,010 km S 60° W of Leyte (Leyte),Ms,TECTONIC
764,2026-01-26 05:54:27+00:00,11.35,124.4,4,2.7,009 km S 77° W of Leyte (Leyte),Ms,TECTONIC
765,2026-01-26 04:52:18+00:00,6.49,123.66,3,2.4,044 km S 81° W of Kalamansig (Sultan Kudarat),Ms,TECTONIC
766,2026-01-26 04:16:21+00:00,8.85,123.15,7,2.3,027 km S 29° E of Siaton (Negros Oriental),Ms,TECTONIC
767,2026-01-26 04:14:42+00:00,6.26,123.69,31,2.3,051 km S 51° W of Kalamansig (Sultan Kudarat),Ms,TECTONIC
768,2026-01-26 03:31:34+00:00,7.74,125.6,2,2.7,014 km S 85° W of San Isidro (Davao Del Norte),Ms,TECTONIC
769,2026-01-26 03:18:08+00:00,6.2,123.74,45,3.0,052 km S 41° W of Kalamansig (Sultan Kudarat),Ms,TECTONIC
770,2026-01-26 03:15:15+00:00,6.4,123.73,7,2.9,039 km S 64° W of Kalamansig (Sultan Kudarat),Ms,TECTONIC
771,2026-01-26 00:44:53+00:00,9.74,122.37,12,1.9,008 km S 67° W of City Of Sipalay (Negros Occidental),Ms,TECTONIC
772,2026-01-26 00:33:41+00:00,6.48,123.68,3,3.1,042 km S 78° W of Kalamansig (Sultan Kudarat),Ms,TECTONIC
773,2026-01-26 00:03:42+00:00,14.37,121.82,22,2.1,013 km N 02° W of Cagbalete Island (Mauban) (Quezon),Ms,TECTONIC
774,2026-01-25 23:58:36+00:00,8.71,126.54,17,1.5,035 km S 48° E of Cagwait (Surigao Del Sur),Ms,TECTONIC
775,2026-01-25 23:38:47+00:00,6.53,123.76,4,2.3,032 km S 84° W of Kalamansig (Sultan Kudarat),Ms,TECTONIC
776,2026-01-25 23:36:55+00:00,6.31,123.71,18,2.4,047 km S 55° W of Kalamansig (Sultan Kudarat),Ms,TECTONIC
777,2026-01-25 23:07:44+00:00,6.5,123.67,2,2.2,042 km S 81° W of Kalamansig (Sultan Kudarat),Ms,TECTONIC
778,2026-01-25 23:03:52+00:00,6.63,123.8,4,1.4,029 km N 75° W of Kalamansig (Sultan Kudarat),Ms,TECTONIC
779,2026-01-25 22:50:47+00:00,18.71,121.04,29,2.4,012 km N 23° W of Claveria (Cagayan),Ms,TECTONIC
780,2026-01-25 22:48:20+00:00,6.45,123.63,7,3.6,048 km S 75° W of Kalamansig (Sultan Kudarat),Ms,TECTONIC
781,2026-01-25 22:11:09+00:00,10.93,123.97,8,2.8,013 km S 07° W of City Of Bogo (Cebu),Ms,TECTONIC
782,2026-01-25 22:07:21+00:00,9.52,122.75,22,2.4,016 km N 18° W of City Of Bayawan (Negros Oriental),Ms,TECTONIC
783,2026-01-25 22:03:15+00:00,6.47,123.67,12,2.5,043 km S 77° W of Kalamansig (Sultan Kudarat),Ms,TECTONIC
784,2026-01-25 21:56:11+00:00,10.5,122.39,27,2.0,017 km S 80° W of Nueva Valencia (Guimaras),Ms,TECTONIC
785,2026-01-26 21:54:55+00:00,6.5,125.88,8,2.2,027 km S 51° W of Governor Generoso (Davao Oriental),Ms,TECTONIC
786,2026-01-25 21:53:07+00:00,6.35,123.82,23,2.3,035 km S 48° W of Kalamansig (Sultan Kudarat),Ms,TECTONIC
787,2026-01-25 21:24:32+00:00,13.93,124.08,21,1.4,009 km S 45° W of Caramoran (Catanduanes),Ms,TECTONIC
788,2026-01-25 21:16:24+00:00,7.39,124.14,31,1.9,013 km S 06° E of Balabagan (Lanao Del Sur),Ms,TECTONIC
789,2026-01-25 20:44:04+00:00,11.01,124.1,2,2.7,014 km S 72° E of City Of Bogo (Cebu),Ms,TECTONIC
790,2026-01-25 20:37:34+00:00,6.51,123.66,22,2.1,043 km S 83° W of Kalamansig (Sultan Kudarat),Ms,TECTONIC
791,2026-01-25 20:27:37+00:00,17.39,120.36,6,2.3,012 km S 77° W of Narvacan (Ilocos Sur),Ms,TECTONIC
792,2026-01-25 20:21:24+00:00,17.96,120.71,32,1.4,008 km N 45° E of Nueva Era (Ilocos Norte),Ms,TECTONIC
793,2026-01-25 19:56:50+00:00,7.52,125.54,30,1.6,009 km S 79° W of Santo Tomas (Davao Del Norte),Ms,TECTONIC
794,2026-01-25 19:53:34+00:00,12.82,123.0,6,2.3,029 km S 71° W of Claveria (Masbate),Ms,TECTONIC
795,2026-01-25 19:48:11+00:00,12.5,124.88,22,1.8,005 km S 05° E of San Roque (Northern Samar),Ms,TECTONIC
796,2026-01-25 19:42:26+00:00,6.73,123.84,10,1.7,030 km N 51° W of Kalamansig (Sultan Kudarat),Ms,TECTONIC
797,2026-01-25 19:31:24+00:00,7.83,124.54,4,1.6,016 km N 71° W of Amai Manabilang (Lanao Del Sur),Ms,TECTONIC
798,2026-01-25 19:24:06+00:00,13.89,123.42,34,1.5,012 km N 49° E of Tinambac (Camarines Sur),Ms,TECTONIC
799,2026-01-25 19:23:44+00:00,6.67,123.79,21,1.7,031 km N 66° W of Kalamansig (Sultan Kudarat),Ms,TECTONIC
800,2026-01-25 19:12:45+00:00,12.82,122.98,6,3.0,030 km S 72° W of Claveria (Masbate),Ms,TECTONIC
801,2026-01-25 19:01:12+00:00,12.92,123.09,16,2.0,017 km N 83° W of Claveria (Masbate),Ms,TECTONIC
802,2026-01-25 19:00:24+00:00,6.48,123.69,5,2.3,041 km S 78° W of Kalamansig (Sultan Kudarat),Ms,TECTONIC
803,2026-01-25 18:58:41+00:00,13.0,123.14,9,1.8,016 km N 48° W of Claveria (Masbate),Ms,TECTONIC
804,2026-01-25 18:23:01+00:00,15.72,121.95,13,2.3,042 km S 84° E of Baler (Aurora),Ms,TECTONIC
805,2026-01-25 18:13:03+00:00,6.53,123.77,11,2.1,031 km S 86° W of Kalamansig (Sultan Kudarat),Ms,TECTONIC
806,2026-01-25 18:08:47+00:00,7.84,126.61,34,2.1,018 km N 72° E of Cateel (Davao Oriental),Ms,TECTONIC
807,2026-01-25 17:22:58+00:00,6.44,123.73,3,2.0,037 km S 71° W of Kalamansig (Sultan Kudarat),Ms,TECTONIC
808,2026-01-25 16:59:10+00:00,7.85,125.86,32,1.7,008 km N 68° E of Laak (Davao De Oro),Ms,TECTONIC
809,2026-01-25 16:38:13+00:00,8.83,126.7,28,1.6,045 km S 77° E of Cagwait (Surigao Del Sur),Ms,TECTONIC
810,2026-01-25 16:36:31+00:00,6.39,123.82,30,2.2,031 km S 55° W of Kalamansig (Sultan Kudarat),Ms,TECTONIC
811,2026-01-25 16:35:00+00:00,9.71,122.31,18,2.3,015 km S 66° W of City Of Sipalay (Negros Occidental),Ms,TECTONIC
812,2026-01-25 16:28:57+00:00,16.27,120.7,24,1.2,010 km S 11° E of Itogon (Benguet),Ms,TECTONIC
813,2026-01-25 16:20:11+00:00,18.25,121.16,15,1.6,012 km S 89° E of Calanasan (Apayao),Ms,TECTONIC
814,2026-01-25 15:39:58+00:00,10.05,126.22,37,1.8,016 km N 77° E of Burgos (Surigao Del Norte),Ms,TECTONIC
815,2026-01-25 15:04:54+00:00,8.61,122.63,31,2.1,047 km N 67° W of Jose Dalman (Zamboanga Del Norte),Ms,TECTONIC
816,2026-01-25 14:48:23+00:00,11.81,121.92,33,1.9,005 km N 05° E of Libertad (Antique),Ms,TECTONIC
817,2026-01-25 14:31:28+00:00,13.7,120.6,90,1.8,015 km S 15° W of Calatagan (Batangas),Ms,TECTONIC
818,2026-01-25 13:25:33+00:00,16.58,121.29,13,1.8,005 km S 47° E of Bagabag (Nueva Vizcaya),Ms,TECTONIC
819,2026-01-25 13:14:42+00:00,7.76,122.15,20,2.0,006 km N 11° E of Siocon (Zamboanga Del Norte),Ms,TECTONIC
820,2026-01-25 13:09:13+00:00,17.49,120.85,33,1.5,006 km N 11° W of Bucloc (Abra),Ms,TECTONIC
821,2026-01-25 13:06:46+00:00,16.91,121.02,36,1.4,005 km West of Banaue (Ifugao),Ms,TECTONIC
822,2026-01-25 13:04:23+00:00,13.55,120.96,34,1.5,005 km N 01° E of Puerto Galera (Oriental Mindoro),Ms,TECTONIC
823,2026-01-25 12:57:48+00:00,7.13,126.82,20,2.3,033 km S 73° E of Manay (Davao Oriental),Ms,TECTONIC
824,2026-01-25 12:49:43+00:00,6.45,123.67,18,3.2,044 km S 74° W of Kalamansig (Sultan Kudarat),Ms,TECTONIC
825,2026-01-25 12:27:22+00:00,18.46,120.83,5,2.8,008 km S 88° W of Adams (Ilocos Norte),Ms,TECTONIC
826,2026-01-25 12:05:25+00:00,10.93,123.98,6,2.5,013 km S 01° E of City Of Bogo (Cebu),Ms,TECTONIC
827,2026-01-25 11:57:54+00:00,12.77,123.07,6,3.1,024 km S 53° W of Claveria (Masbate),Ms,TECTONIC
828,2026-01-25 11:45:34+00:00,9.81,124.8,28,2.0,026 km N 72° E of Anda (Bohol),Ms,TECTONIC
829,2026-01-25 10:49:45+00:00,21.27,121.05,14,3.9,098 km N 57° W of Itbayat (Batanes),Ms,TECTONIC
830,2026-01-25 10:20:20+00:00,7.89,126.78,16,1.7,043 km N 35° E of Baganga (Davao Oriental),Ms,TECTONIC
831,2026-01-25 10:08:38+00:00,7.88,127.12,12,2.9,070 km N 61° E of Baganga (Davao Oriental),Ms,TECTONIC
832,2026-01-25 10:05:41+00:00,7.83,127.22,14,3.6,078 km N 68° E of Baganga (Davao Oriental),Ms,TECTONIC
833,2026-01-25 09:42:14+00:00,6.46,123.68,2,3.1,042 km S 76° W of Kalamansig (Sultan Kudarat),Ms,TECTONIC
834,2026-01-25 07:53:11+00:00,13.77,120.85,8,1.7,010 km N 78° W of Mabini (Batangas),Ms,TECTONIC
835,2026-01-25 07:39:13+00:00,11.15,123.76,12,1.9,026 km N 64° W of City Of Bogo (Cebu),Ms,TECTONIC
836,2026-01-25 06:21:19+00:00,7.79,125.82,34,1.7,004 km S 43° E of Laak (Davao De Oro),Ms,TECTONIC
837,2026-01-25 06:20:33+00:00,7.82,125.73,35,2.0,007 km S 89° W of Laak (Davao De Oro),Ms,TECTONIC
838,2026-01-25 06:15:28+00:00,7.74,125.78,21,2.0,008 km S 10° W of Laak (Davao De Oro),Ms,TECTONIC
839,2026-01-25 05:25:41+00:00,6.38,123.7,19,2.7,043 km S 63° W of Kalamansig (Sultan Kudarat),Ms,TECTONIC
840,2026-01-25 05:23:30+00:00,6.5,123.73,19,1.6,036 km S 79° W of Kalamansig (Sultan Kudarat),Ms,TECTONIC
841,2026-01-25 04:56:16+00:00,6.16,123.51,32,1.8,074 km S 53° W of Kalamansig (Sultan Kudarat),Ms,TECTONIC
842,2026-01-25 04:51:49+00:00,7.97,126.39,61,1.6,008 km S 17° W of Lingig (Surigao Del Sur),Ms,TECTONIC
843,2026-01-25 04:47:15+00:00,6.36,123.7,28,2.2,044 km S 61° W of Kalamansig (Sultan Kudarat),Ms,TECTONIC
844,2026-01-25 04:41:18+00:00,13.77,120.52,105,2.7,014 km S 59° W of Calatagan (Batangas),Ms,TECTONIC
845,2026-01-25 04:14:29+00:00,9.97,126.06,10,2.0,005 km N 41° W of San Isidro (Surigao Del Norte),Ms,TECTONIC
846,2026-01-25 04:10:13+00:00,7.29,126.84,9,2.5,035 km N 75° E of Manay (Davao Oriental),Ms,TECTONIC
847,2026-01-25 03:14:03+00:00,8.48,127.46,14,2.6,124 km N 84° E of Hinatuan (Surigao Del Sur),Ms,TECTONIC
848,2026-01-25 03:13:10+00:00,13.89,120.57,9,1.4,009 km N 47° W of Calatagan (Batangas),Ms,TECTONIC
849,2026-01-25 03:02:30+00:00,11.72,124.93,30,1.7,008 km S 41° E of City Of Catbalogan (Samar),Ms,TECTONIC
850,2026-01-25 02:19:20+00:00,17.52,121.41,14,3.0,009 km N 48° W of City Of Tabuk (Kalinga),Ms,TECTONIC
851,2026-01-25 01:22:01+00:00,5.52,125.07,31,2.4,037 km S 23° W of Glan (Sarangani),Ms,TECTONIC
852,2026-01-25 01:13:04+00:00,5.58,126.52,71,3.3,103 km S 69° E of Jose Abad Santos (Davao Occidental),Ms,TECTONIC
853,2026-01-25 00:46:40+00:00,6.2,123.81,15,2.1,047 km S 35° W of Kalamansig (Sultan Kudarat),Ms,TECTONIC
854,2026-01-25 00:21:20+00:00,9.62,126.2,22,2.2,019 km S 14° E of General Luna (Surigao Del Norte),Ms,TECTONIC
855,2026-01-25 00:05:34+00:00,16.61,119.76,13,3.0,029 km N 30° W of Bolinao (Pangasinan),Ms,TECTONIC
856,2026-01-24 23:56:22+00:00,6.49,123.69,2,2.4,041 km S 80° W of Kalamansig (Sultan Kudarat),Ms,TECTONIC
857,2026-01-24 23:38:11+00:00,6.5,123.71,3,2.4,038 km S 80° W of Kalamansig (Sultan Kudarat),Ms,TECTONIC
858,2026-01-24 23:11:53+00:00,13.74,120.54,27,1.4,014 km S 45° W of Calatagan (Batangas),Ms,TECTONIC
859,2026-01-24 22:27:06+00:00,10.88,123.78,6,2.5,028 km S 50° W of City Of Bogo (Cebu),Ms,TECTONIC
860,2026-01-24 19:50:59+00:00,6.4,123.73,28,1.8,039 km S 64° W of Kalamansig (Sultan Kudarat),Ms,TECTONIC
861,2026-01-24 19:38:09+00:00,6.62,123.92,2,2.0,016 km N 62° W of Kalamansig (Sultan Kudarat),Ms,TECTONIC
862,2026-01-24 19:15:34+00:00,6.25,123.69,8,2.3,052 km S 50° W of Kalamansig (Sultan Kudarat),Ms,TECTONIC
863,2026-01-24 19:11:51+00:00,6.48,123.83,2,2.0,025 km S 70° W of Kalamansig (Sultan Kudarat),Ms,TECTONIC
864,2026-01-24 19:04:55+00:00,6.35,123.77,6,2.4,039 km S 53° W of Kalamansig (Sultan Kudarat),Ms,TECTONIC
865,2026-01-24 18:54:53+00:00,7.27,126.82,25,2.1,032 km N 77° E of Manay (Davao Oriental),Ms,TECTONIC
866,2026-01-24 18:34:03+00:00,6.58,123.7,7,2.7,038 km N 86° W of Kalamansig (Sultan Kudarat),Ms,TECTONIC
867,2026-01-24 18:27:21+00:00,6.51,123.69,4,2.5,040 km S 83° W of Kalamansig (Sultan Kudarat),Ms,TECTONIC
868,2026-01-24 18:26:20+00:00,6.5,123.64,7,2.2,046 km S 82° W of Kalamansig (Sultan Kudarat),Ms,TECTONIC
869,2026-01-24 18:22:19+00:00,12.84,123.0,11,1.9,027 km S 76° W of Claveria (Masbate),Ms,TECTONIC
870,2026-01-24 17:58:02+00:00,6.5,123.82,2,2.5,026 km S 77° W of Kalamansig (Sultan Kudarat),Ms,TECTONIC
871,2026-01-24 17:54:46+00:00,6.49,123.67,2,3.1,042 km S 81° W of Kalamansig (Sultan Kudarat),Ms,TECTONIC
872,2026-01-24 17:04:43+00:00,6.45,123.77,12,2.5,033 km S 69° W of Kalamansig (Sultan Kudarat),Ms,TECTONIC
873,2026-01-24 16:59:06+00:00,6.58,123.7,4,3.4,039 km N 86° W of Kalamansig (Sultan Kudarat),Ms,TECTONIC
874,2026-01-24 16:47:20+00:00,6.52,123.86,6,2.4,022 km S 80° W of Kalamansig (Sultan Kudarat),Ms,TECTONIC
875,2026-01-24 16:38:42+00:00,7.76,126.65,32,2.1,022 km S 81° E of Cateel (Davao Oriental),Ms,TECTONIC
876,2026-01-24 16:22:41+00:00,6.4,123.75,9,3.0,037 km S 63° W of Kalamansig (Sultan Kudarat),Ms,TECTONIC
877,2026-01-24 16:05:45+00:00,6.43,123.65,16,2.5,047 km S 72° W of Kalamansig (Sultan Kudarat),Ms,TECTONIC
878,2026-01-24 15:13:15+00:00,10.0,126.13,34,1.5,006 km S 70° E of Burgos (Surigao Del Norte),Ms,TECTONIC
879,2026-01-24 14:28:30+00:00,12.59,124.78,20,1.7,008 km N 22° E of Mondragon (Northern Samar),Ms,TECTONIC
880,2026-01-24 13:06:48+00:00,6.39,123.71,25,2.7,042 km S 64° W of Kalamansig (Sultan Kudarat),Ms,TECTONIC
881,2026-01-24 12:39:37+00:00,17.48,121.34,29,2.1,014 km N 87° W of City Of Tabuk (Kalinga),Ms,TECTONIC
882,2026-01-24 12:35:37+00:00,5.21,126.71,79,3.4,141 km S 57° E of Jose Abad Santos (Davao Occidental),Ms,TECTONIC
883,2026-01-24 12:21:32+00:00,8.37,126.47,47,2.1,014 km S 90° E of Hinatuan (Surigao Del Sur),Ms,TECTONIC
884,2026-01-24 11:57:53+00:00,11.61,125.83,7,2.7,038 km N 71° E of Maydolong (Eastern Samar),Ms,TECTONIC
885,2026-01-24 11:50:20+00:00,9.43,126.15,19,2.8,018 km N 15° W of Cortes (Surigao Del Sur),Ms,TECTONIC
886,2026-01-24 11:41:51+00:00,6.52,123.65,8,2.6,044 km S 85° W of Kalamansig (Sultan Kudarat),Ms,TECTONIC
887,2026-01-24 10:45:54+00:00,4.96,125.33,161,4.6,051 km S 12° W of Balut Island (Municipality Of Sarangani) (Davao Occidental),Mw,TECTONIC
888,2026-01-24 10:28:30+00:00,6.47,123.7,16,2.7,040 km S 76° W of Kalamansig (Sultan Kudarat),Ms,TECTONIC
889,2026-01-24 10:14:18+00:00,11.43,124.5,5,3.1,005 km S 41° E of Biliran (Biliran),Ms,TECTONIC
890,2026-01-24 10:13:46+00:00,11.39,124.51,9,1.5,003 km N 53° E of Leyte (Leyte),Ms,TECTONIC
891,2026-01-24 10:11:00+00:00,18.5,119.82,12,2.0,082 km N 79° W of Pasuquin (Ilocos Norte),Ms,TECTONIC
892,2026-01-24 09:02:35+00:00,10.8,125.33,12,2.0,035 km S 10° W of Balangiga (Eastern Samar),Ms,TECTONIC
893,2026-01-24 08:58:28+00:00,6.44,123.7,19,2.2,040 km S 71° W of Kalamansig (Sultan Kudarat),Ms,TECTONIC
894,2026-01-24 08:58:06+00:00,11.92,125.2,52,1.6,024 km N 84° W of Taft (Eastern Samar),Ms,TECTONIC
895,2026-01-24 08:36:06+00:00,7.35,126.8,12,2.2,032 km N 62° E of Manay (Davao Oriental),Ms,TECTONIC
896,2026-01-24 07:05:45+00:00,10.04,126.21,26,2.2,015 km N 83° E of Burgos (Surigao Del Norte),Ms,TECTONIC
897,2026-01-24 07:04:55+00:00,10.06,126.31,10,1.5,026 km N 81° E of Burgos (Surigao Del Norte),Ms,TECTONIC
898,2026-01-24 06:59:00+00:00,9.98,126.15,21,1.4,010 km S 62° E of Burgos (Surigao Del Norte),Ms,TECTONIC
899,2026-01-24 06:58:12+00:00,10.01,126.22,14,2.0,016 km S 86° E of Burgos (Surigao Del Norte),Ms,TECTONIC
900,2026-01-24 04:58:42+00:00,11.03,122.36,8,2.6,013 km S 76° W of Lambunao (Iloilo),Ms,TECTONIC
901,2026-01-24 04:44:10+00:00,7.34,122.51,15,1.4,030 km S 18° E of Tungawan (Zamboanga Sibugay),Ms,TECTONIC
902,2026-01-24 04:40:17+00:00,12.75,122.98,7,1.8,034 km S 60° W of Claveria (Masbate),Ms,TECTONIC
903,2026-01-24 04:13:48+00:00,6.65,123.68,27,1.7,042 km N 76° W of Kalamansig (Sultan Kudarat),Ms,TECTONIC
904,2026-01-24 04:06:45+00:00,10.92,123.9,8,2.5,017 km S 32° W of City Of Bogo (Cebu),Ms,TECTONIC
905,2026-01-24 03:52:04+00:00,9.94,126.14,21,1.9,011 km S 42° E of Burgos (Surigao Del Norte),Ms,TECTONIC
906,2026-01-24 03:25:31+00:00,16.5,122.05,3,2.0,023 km S 83° W of Dinapigue (Isabela),Ms,TECTONIC
907,2026-01-24 02:32:21+00:00,6.54,123.79,15,1.8,029 km S 86° W of Kalamansig (Sultan Kudarat),Ms,TECTONIC
908,2026-01-24 02:16:35+00:00,6.26,123.82,11,1.6,042 km S 39° W of Kalamansig (Sultan Kudarat),Ms,TECTONIC
909,2026-01-24 01:42:20+00:00,6.35,123.7,14,2.3,045 km S 59° W of Kalamansig (Sultan Kudarat),Ms,TECTONIC
910,2026-01-24 01:21:26+00:00,6.39,123.7,6,2.7,043 km S 66° W of Kalamansig (Sultan Kudarat),Ms,TECTONIC
911,2026-01-24 00:52:30+00:00,5.12,126.46,23,4.0,118 km S 70° E of Sarangani Island (Municipality Of Sarangani) (Davao Occidental),Ms,TECTONIC
912,2026-01-24 00:38:46+00:00,8.91,126.49,33,1.5,021 km S 89° E of Cagwait (Surigao Del Sur),Ms,TECTONIC
913,2026-01-24 00:28:29+00:00,7.9,126.56,2,1.7,017 km N 45° E of Cateel (Davao Oriental),Ms,TECTONIC
914,2026-01-24 00:25:59+00:00,8.86,126.39,35,4.0,012 km N 57° E of Marihatag (Surigao Del Sur),Ms,TECTONIC
915,2026-01-24 00:23:42+00:00,10.08,126.06,13,3.4,008 km N 19° E of Santa Monica (Surigao Del Norte),Ms,TECTONIC
916,2026-01-24 00:00:05+00:00,7.04,124.13,33,1.8,005 km N 37° W of Upi (Maguindanao Del Norte),Ms,TECTONIC
917,2026-01-23 23:47:17+00:00,7.81,127.12,10,2.7,067 km N 68° E of Baganga (Davao Oriental),Ms,TECTONIC
918,2026-01-23 23:30:15+00:00,5.31,125.37,188,3.9,012 km S 26° W of Balut Island (Municipality Of Sarangani) (Davao Occidental),Ms,TECTONIC
919,2026-01-23 21:42:34+00:00,9.27,123.17,2,1.7,008 km S 80° W of Valencia (Negros Oriental),Ms,TECTONIC
920,2026-01-23 21:31:39+00:00,8.24,126.49,30,1.6,020 km N 82° E of City Of Bislig (Surigao Del Sur),Ms,TECTONIC
921,2026-01-23 21:26:30+00:00,6.32,123.65,16,1.9,051 km S 59° W of Kalamansig (Sultan Kudarat),Ms,TECTONIC
922,2026-01-23 21:21:19+00:00,6.34,123.75,27,2.0,041 km S 55° W of Kalamansig (Sultan Kudarat),Ms,TECTONIC
923,2026-01-23 21:17:18+00:00,17.25,120.0,14,2.4,048 km N 79° W of City Of Candon (Ilocos Sur),Ms,TECTONIC
924,2026-01-23 21:11:21+00:00,6.54,123.74,5,2.2,034 km S 87° W of Kalamansig (Sultan Kudarat),Ms,TECTONIC
925,2026-01-23 21:10:53+00:00,14.31,121.83,6,2.8,006 km N 08° E of Cagbalete Island (Mauban) (Quezon),Ms,TECTONIC
926,2026-01-23 21:06:29+00:00,6.94,124.41,3,1.8,001 km N 22° W of Datu Saudi Ampatuan (Maguindanao Del Sur),Ms,TECTONIC
927,2026-01-23 20:39:52+00:00,6.19,123.56,34,1.8,068 km S 53° W of Kalamansig (Sultan Kudarat),Ms,TECTONIC
928,2026-01-23 20:37:38+00:00,19.17,121.9,18,1.7,030 km N 08° E of Camiguin Island (Calayan) (Cagayan),Ms,TECTONIC
929,2026-01-23 20:37:16+00:00,16.32,121.83,19,2.0,024 km N 34° W of Dinalungan (Aurora),Ms,TECTONIC
930,2026-01-23 20:23:07+00:00,6.44,123.69,18,2.1,042 km S 72° W of Kalamansig (Sultan Kudarat),Ms,TECTONIC
931,2026-01-23 20:20:26+00:00,14.04,121.26,25,2.6,012 km S 83° E of Malvar (Batangas),Ms,TECTONIC
932,2026-01-23 20:13:50+00:00,6.36,124.27,13,1.5,013 km S 23° W of Senator Ninoy Aquino (Sultan Kudarat),Ms,TECTONIC
933,2026-01-23 19:58:38+00:00,6.37,123.73,15,2.7,041 km S 60° W of Kalamansig (Sultan Kudarat),Ms,TECTONIC
934,2026-01-23 19:57:22+00:00,6.36,123.73,5,2.0,042 km S 58° W of Kalamansig (Sultan Kudarat),Ms,TECTONIC
935,2026-01-23 18:57:37+00:00,13.45,120.07,30,1.4,036 km S 32° W of Looc (Occidental Mindoro),Ms,TECTONIC
936,2026-01-23 18:46:38+00:00,9.86,122.42,14,1.8,010 km N 08° W of City Of Sipalay (Negros Occidental),Ms,TECTONIC
937,2026-01-23 18:45:49+00:00,7.78,124.84,36,1.4,006 km S 12° E of Pangantucan (Bukidnon),Ms,TECTONIC
938,2026-01-23 18:30:34+00:00,6.41,123.73,15,2.5,038 km S 65° W of Kalamansig (Sultan Kudarat),Ms,TECTONIC
939,2026-01-23 17:49:24+00:00,10.74,124.92,25,1.5,006 km S 20° W of Javier (Leyte),Ms,TECTONIC
940,2026-01-23 17:39:32+00:00,6.4,123.81,28,1.7,032 km S 57° W of Kalamansig (Sultan Kudarat),Ms,TECTONIC
941,2026-01-23 17:23:07+00:00,8.02,126.61,19,1.8,022 km S 86° E of Lingig (Surigao Del Sur),Ms,TECTONIC
942,2026-01-23 17:04:21+00:00,6.46,123.68,15,3.1,042 km S 75° W of Kalamansig (Sultan Kudarat),Ms,TECTONIC
943,2026-01-23 16:31:37+00:00,6.36,123.85,38,2.0,031 km S 47° W of Kalamansig (Sultan Kudarat),Ms,TECTONIC
944,2026-01-23 16:27:20+00:00,20.3,121.65,30,3.3,029 km S 79° W of Sabtang (Batanes),Ms,TECTONIC
945,2026-01-23 16:10:37+00:00,19.21,121.2,9,3.0,011 km N 02° W of Dalupiri Island (Calayan) (Cagayan),Ms,TECTONIC
946,2026-01-23 16:01:55+00:00,8.03,126.49,24,1.5,009 km S 86° E of Lingig (Surigao Del Sur),Ms,TECTONIC
947,2026-01-23 15:48:57+00:00,6.36,123.79,33,1.7,036 km S 53° W of Kalamansig (Sultan Kudarat),Ms,TECTONIC
948,2026-01-23 15:17:48+00:00,7.91,124.64,16,1.7,014 km N 20° W of Amai Manabilang (Lanao Del Sur),Ms,TECTONIC
949,2026-01-23 15:14:48+00:00,7.87,124.63,22,1.4,011 km N 32° W of Amai Manabilang (Lanao Del Sur),Ms,TECTONIC
950,2026-01-23 15:14:03+00:00,6.43,123.63,15,2.1,049 km S 73° W of Kalamansig (Sultan Kudarat),Ms,TECTONIC
951,2026-01-23 15:12:09+00:00,7.82,124.57,8,3.1,013 km N 73° W of Amai Manabilang (Lanao Del Sur),Ms,TECTONIC
952,2026-01-23 14:54:30+00:00,18.58,120.79,17,2.7,003 km N 07° E of Pagudpud (Ilocos Norte),Ms,TECTONIC
953,2026-01-23 14:39:01+00:00,6.76,123.81,15,1.4,034 km N 49° W of Kalamansig (Sultan Kudarat),Ms,TECTONIC
954,2026-01-23 12:18:22+00:00,6.47,123.79,6,3.2,030 km S 72° W of Kalamansig (Sultan Kudarat),Ms,TECTONIC
955,2026-01-23 12:16:15+00:00,9.63,126.15,33,1.8,017 km S 03° W of General Luna (Surigao Del Norte),Ms,TECTONIC
956,2026-01-23 11:48:49+00:00,12.38,123.56,33,1.3,007 km N 84° W of City Of Masbate (Masbate),Ms,TECTONIC
957,2026-01-23 11:12:25+00:00,13.75,120.63,33,1.6,009 km S 01° W of Calatagan (Batangas),Ms,TECTONIC
958,2026-01-23 10:44:20+00:00,6.39,123.81,16,2.1,032 km S 54° W of Kalamansig (Sultan Kudarat),Ms,TECTONIC
959,2026-01-23 10:10:18+00:00,6.43,123.72,23,3.0,040 km S 69° W of Kalamansig (Sultan Kudarat),Ms,TECTONIC
960,2026-01-23 10:09:25+00:00,7.87,126.0,34,1.3,008 km N 49° W of Monkayo (Davao De Oro),Ms,TECTONIC
961,2026-01-23 10:06:50+00:00,9.63,126.67,11,2.8,059 km S 74° E of General Luna (Surigao Del Norte),Ms,TECTONIC
962,2026-01-23 10:03:39+00:00,6.44,124.05,4,2.5,013 km S 02° W of Kalamansig (Sultan Kudarat),Ms,TECTONIC
963,2026-01-23 09:59:08+00:00,6.64,124.18,14,1.9,017 km N 56° E of Kalamansig (Sultan Kudarat),Ms,TECTONIC
964,2026-01-23 09:45:37+00:00,6.44,123.7,5,2.9,041 km S 71° W of Kalamansig (Sultan Kudarat),Ms,TECTONIC
965,2026-01-23 08:54:13+00:00,6.79,124.44,4,1.3,005 km S 17° W of Ampatuan (Maguindanao Del Sur),Ms,TECTONIC
966,2026-01-23 08:34:56+00:00,6.44,123.66,14,2.6,045 km S 73° W of Kalamansig (Sultan Kudarat),Ms,TECTONIC
967,2026-01-23 08:34:19+00:00,9.67,126.76,6,2.7,067 km S 80° E of General Luna (Surigao Del Norte),Ms,TECTONIC
968,2026-01-23 08:06:02+00:00,10.69,124.98,1,2.6,007 km S 31° W of Abuyog (Leyte),Ms,TECTONIC
969,2026-01-23 07:54:09+00:00,6.38,123.72,18,2.9,041 km S 61° W of Kalamansig (Sultan Kudarat),Ms,TECTONIC
970,2026-01-23 07:34:03+00:00,13.06,120.37,6,2.1,030 km S 53° W of Mamburao (Occidental Mindoro),Ms,TECTONIC
971,2026-01-23 07:30:38+00:00,6.42,123.92,6,2.2,021 km S 44° W of Kalamansig (Sultan Kudarat),Ms,TECTONIC
972,2026-01-23 07:25:08+00:00,6.59,123.75,16,2.5,034 km N 84° W of Kalamansig (Sultan Kudarat),Ms,TECTONIC
973,2026-01-23 06:58:01+00:00,7.65,126.72,28,3.4,019 km N 64° E of Baganga (Davao Oriental),Ms,TECTONIC
974,2026-01-23 05:06:36+00:00,6.42,123.7,21,1.5,042 km S 70° W of Kalamansig (Sultan Kudarat),Ms,TECTONIC
975,2026-01-23 05:05:08+00:00,6.59,123.59,33,1.9,051 km N 85° W of Kalamansig (Sultan Kudarat),Ms,TECTONIC
976,2026-01-23 02:31:08+00:00,11.08,124.07,6,2.6,010 km N 71° E of City Of Bogo (Cebu),Ms,TECTONIC
977,2026-01-23 01:59:07+00:00,6.49,123.82,27,2.8,026 km S 73° W of Kalamansig (Sultan Kudarat),Ms,TECTONIC
978,2026-01-23 01:22:30+00:00,7.64,126.64,24,3.1,011 km N 49° E of Baganga (Davao Oriental),Ms,TECTONIC
979,2026-01-23 00:36:18+00:00,12.87,121.14,33,1.5,035 km N 89° W of Bansud (Oriental Mindoro),Ms,TECTONIC
980,2026-01-23 00:24:47+00:00,6.43,123.72,12,2.4,039 km S 69° W of Kalamansig (Sultan Kudarat),Ms,TECTONIC
981,2026-01-23 00:21:48+00:00,6.37,123.68,16,3.6,046 km S 64° W of Kalamansig (Sultan Kudarat),Ms,TECTONIC
982,2026-01-23 00:17:02+00:00,6.58,123.79,19,1.5,029 km N 85° W of Kalamansig (Sultan Kudarat),Ms,TECTONIC
983,2026-01-22 23:59:20+00:00,6.45,123.73,20,2.4,037 km S 71° W of Kalamansig (Sultan Kudarat),Ms,TECTONIC
984,2026-01-22 23:59:06+00:00,9.29,126.9,3,3.1,077 km N 62° E of Bayabas (Surigao Del Sur),Ms,TECTONIC
985,2026-01-22 23:34:13+00:00,6.27,123.67,18,1.6,052 km S 53° W of Kalamansig (Sultan Kudarat),Ms,TECTONIC
986,2026-01-22 23:09:26+00:00,6.42,123.69,15,2.6,042 km S 69° W of Kalamansig (Sultan Kudarat),Ms,TECTONIC
987,2026-01-22 23:08:52+00:00,6.5,123.68,24,1.5,041 km S 81° W of Kalamansig (Sultan Kudarat),Ms,TECTONIC
988,2026-01-22 22:53:39+00:00,6.38,123.63,15,2.6,050 km S 68° W of Kalamansig (Sultan Kudarat),Ms,TECTONIC
989,2026-01-22 22:26:11+00:00,6.41,123.61,25,2.0,051 km S 72° W of Kalamansig (Sultan Kudarat),Ms,TECTONIC
990,2026-01-22 22:23:35+00:00,6.43,123.62,19,2.2,050 km S 74° W of Kalamansig (Sultan Kudarat),Ms,TECTONIC
991,2026-01-22 22:02:37+00:00,6.35,123.73,25,2.6,041 km S 57° W of Kalamansig (Sultan Kudarat),Ms,TECTONIC
992,2026-01-22 21:56:06+00:00,6.44,123.69,19,2.2,042 km S 73° W of Kalamansig (Sultan Kudarat),Ms,TECTONIC
993,2026-01-22 21:54:07+00:00,12.58,120.71,33,1.4,025 km N 89° W of Calintaan (Occidental Mindoro),Ms,TECTONIC
994,2026-01-22 21:53:25+00:00,6.34,123.7,15,2.4,045 km S 59° W of Kalamansig (Sultan Kudarat),Ms,TECTONIC
995,2026-01-22 21:51:12+00:00,15.35,122.21,26,1.6,061 km N 25° E of Burdeos (Quezon),Ms,TECTONIC
996,2026-01-22 21:39:00+00:00,5.66,126.6,27,2.6,110 km S 75° E of Jose Abad Santos (Davao Occidental),Ms,TECTONIC
997,2026-01-22 21:26:59+00:00,6.4,123.65,8,3.4,048 km S 68° W of Kalamansig (Sultan Kudarat),Ms,TECTONIC
998,2026-01-22 21:21:50+00:00,12.13,120.95,34,1.8,028 km S 27° W of San Jose (Occidental Mindoro),Ms,TECTONIC
999,2026-01-22 21:21:41+00:00,6.48,123.7,20,2.4,040 km S 79° W of Kalamansig (Sultan Kudarat),Ms,TECTONIC
1000,2026-01-22 21:07:24+00:00,6.31,123.71,13,2.6,047 km S 54° W of Kalamansig (Sultan Kudarat),Ms,TECTONIC
1001,2026-01-22 21:06:59+00:00,9.61,126.71,13,3.2,064 km S 73° E of General Luna (Surigao Del Norte),Ms,TECTONIC
1002,2026-01-22 20:11:54+00:00,6.32,123.69,29,3.2,048 km S 56° W of Kalamansig (Sultan Kudarat),Ms,TECTONIC
1003,2026-01-22 20:06:25+00:00,6.32,123.7,15,4.3,047 km S 56° W of Kalamansig (Sultan Kudarat),Ms,TECTONIC
1004,2026-01-22 20:03:28+00:00,6.4,123.66,17,2.1,047 km S 69° W of Kalamansig (Sultan Kudarat),Ms,TECTONIC
1005,2026-01-22 19:48:59+00:00,6.29,123.67,8,2.2,051 km S 55° W of Kalamansig (Sultan Kudarat),Ms,TECTONIC
1006,2026-01-22 19:32:16+00:00,7.87,124.61,2,2.4,012 km N 41° W of Amai Manabilang (Lanao Del Sur),Ms,TECTONIC
1007,2026-01-22 19:29:29+00:00,6.56,123.79,12,2.6,029 km N 90° W of Kalamansig (Sultan Kudarat),Ms,TECTONIC
1008,2026-01-22 19:26:37+00:00,8.15,122.8,4,2.6,007 km N 46° E of Salug (Zamboanga Del Norte),Ms,TECTONIC
1009,2026-01-22 19:16:36+00:00,6.48,123.65,8,2.0,045 km S 80° W of Kalamansig (Sultan Kudarat),Ms,TECTONIC
1010,2026-01-22 19:07:35+00:00,7.97,126.06,10,2.1,004 km S 58° E of Santa Josefa (Agusan Del Sur),Ms,TECTONIC
1011,2026-01-22 18:09:57+00:00,11.4,121.91,10,2.8,016 km S 81° W of Culasi (Antique),Ms,TECTONIC
1012,2026-01-22 18:04:18+00:00,13.7,122.97,30,1.9,007 km S 08° W of Sipocot (Camarines Sur),Ms,TECTONIC
1013,2026-01-22 18:03:12+00:00,7.47,126.59,23,2.2,011 km S 13° E of Baganga (Davao Oriental),Ms,TECTONIC
1014,2026-01-22 17:27:46+00:00,6.44,123.69,6,3.2,042 km S 72° W of Kalamansig (Sultan Kudarat),Ms,TECTONIC
1015,2026-01-22 17:22:48+00:00,6.05,123.71,26,2.0,068 km S 34° W of Kalamansig (Sultan Kudarat),Ms,TECTONIC
1016,2026-01-22 16:38:29+00:00,13.32,120.34,33,1.8,017 km S 54° W of Paluan (Occidental Mindoro),Ms,TECTONIC
1017,2026-01-22 16:34:32+00:00,13.91,120.33,45,2.0,022 km N 24° E of Looc (Occidental Mindoro),Ms,TECTONIC
1018,2026-01-22 16:33:39+00:00,6.5,123.78,9,3.0,031 km S 78° W of Kalamansig (Sultan Kudarat),Ms,TECTONIC
1019,2026-01-22 16:19:31+00:00,6.69,123.8,5,2.0,032 km N 61° W of Kalamansig (Sultan Kudarat),Ms,TECTONIC
1020,2026-01-22 16:17:49+00:00,6.38,123.65,4,3.3,049 km S 66° W of Kalamansig (Sultan Kudarat),Ms,TECTONIC
1021,2026-01-22 16:00:07+00:00,5.83,125.34,12,2.2,015 km N 86° E of Glan (Sarangani),Ms,TECTONIC
1022,2026-01-22 15:33:22+00:00,9.76,126.7,9,2.3,060 km S 87° E of General Luna (Surigao Del Norte),Ms,TECTONIC
1023,2026-01-22 15:28:15+00:00,6.44,123.65,14,2.6,046 km S 73° W of Kalamansig (Sultan Kudarat),Ms,TECTONIC
1024,2026-01-22 15:20:53+00:00,6.49,123.74,9,2.5,035 km S 79° W of Kalamansig (Sultan Kudarat),Ms,TECTONIC
1025,2026-01-22 15:11:04+00:00,9.69,126.62,16,1.9,052 km S 78° E of General Luna (Surigao Del Norte),Ms,TECTONIC
1026,2026-01-22 15:05:27+00:00,6.5,123.7,13,2.4,039 km S 81° W of Kalamansig (Sultan Kudarat),Ms,TECTONIC
1027,2026-01-22 14:41:04+00:00,6.43,123.65,15,2.9,047 km S 73° W of Kalamansig (Sultan Kudarat),Ms,TECTONIC
1028,2026-01-22 14:36:28+00:00,5.72,125.99,91,2.7,043 km S 61° E of Jose Abad Santos (Davao Occidental),Ms,TECTONIC
1029,2026-01-22 14:30:59+00:00,6.46,123.68,6,2.3,042 km S 76° W of Kalamansig (Sultan Kudarat),Ms,TECTONIC
1030,2026-01-22 14:25:02+00:00,6.43,123.72,18,2.5,039 km S 69° W of Kalamansig (Sultan Kudarat),Ms,TECTONIC
1031,2026-01-22 14:06:00+00:00,6.5,123.71,15,2.5,038 km S 80° W of Kalamansig (Sultan Kudarat),Ms,TECTONIC
1032,2026-01-22 13:59:30+00:00,8.38,123.19,20,3.0,016 km S 15° W of President Manuel A. Roxas (Zamboanga Del Norte),Ms,TECTONIC
1033,2026-01-22 13:33:47+00:00,6.41,123.74,29,1.8,038 km S 64° W of Kalamansig (Sultan Kudarat),Ms,TECTONIC
1034,2026-01-22 11:14:52+00:00,9.72,126.77,3,2.5,068 km S 84° E of General Luna (Surigao Del Norte),Ms,TECTONIC
1035,2026-01-22 11:03:54+00:00,6.46,123.75,8,2.0,035 km S 73° W of Kalamansig (Sultan Kudarat),Ms,TECTONIC
1036,2026-01-22 10:57:50+00:00,6.49,123.72,11,2.8,036 km S 78° W of Kalamansig (Sultan Kudarat),Ms,TECTONIC
1037,2026-01-22 10:53:10+00:00,6.52,123.76,6,2.0,032 km S 83° W of Kalamansig (Sultan Kudarat),Ms,TECTONIC
1038,2026-01-22 10:52:32+00:00,6.44,123.74,7,2.1,036 km S 70° W of Kalamansig (Sultan Kudarat),Ms,TECTONIC
1039,2026-01-22 10:31:40+00:00,6.45,123.65,13,1.9,046 km S 75° W of Kalamansig (Sultan Kudarat),Ms,TECTONIC
1040,2026-01-22 09:28:11+00:00,6.44,123.63,20,2.5,048 km S 74° W of Kalamansig (Sultan Kudarat),Ms,TECTONIC
1041,2026-01-22 09:15:20+00:00,6.42,123.64,10,1.9,048 km S 72° W of Kalamansig (Sultan Kudarat),Ms,TECTONIC
1042,2026-01-22 08:42:35+00:00,6.61,123.82,15,2.3,026 km N 76° W of Kalamansig (Sultan Kudarat),Ms,TECTONIC
1043,2026-01-22 08:38:21+00:00,6.4,123.79,31,3.2,031 km S 63° W of Kalamansig (Sultan Kudarat),Ms,TECTONIC
1044,2026-01-22 08:36:28+00:00,6.48,123.83,5,2.1,025 km S 72° W of Kalamansig (Sultan Kudarat),Ms,TECTONIC
1045,2026-01-22 07:48:52+00:00,6.38,123.69,15,2.2,044 km S 64° W of Kalamansig (Sultan Kudarat),Ms,TECTONIC
1046,2026-01-22 07:19:50+00:00,8.06,126.39,34,1.5,004 km N 49° W of Lingig (Surigao Del Sur),Ms,TECTONIC
1047,2026-01-22 06:52:31+00:00,6.4,123.59,23,1.9,054 km S 71° W of Kalamansig (Sultan Kudarat),Ms,TECTONIC
1048,2026-01-22 05:58:39+00:00,9.27,126.41,16,1.8,024 km S 87° E of Cortes (Surigao Del Sur),Ms,TECTONIC
1049,2026-01-22 05:51:18+00:00,6.45,123.7,15,3.3,040 km S 74° W of Kalamansig (Sultan Kudarat),Ms,TECTONIC
1050,2026-01-22 05:27:56+00:00,6.34,125.89,141,2.6,026 km N 54° E of Don Marcelino (Davao Occidental),Ms,TECTONIC
1051,2026-01-22 03:24:48+00:00,6.59,124.56,3,1.6,006 km S 52° W of Isulan (Sultan Kudarat),Ms,TECTONIC
1052,2026-01-22 03:23:40+00:00,6.54,123.82,9,2.3,025 km S 86° W of Kalamansig (Sultan Kudarat),Ms,TECTONIC
1053,2026-01-22 03:17:48+00:00,9.73,126.75,7,3.2,065 km S 85° E of General Luna (Surigao Del Norte),Ms,TECTONIC
1054,2026-01-22 02:46:58+00:00,6.33,123.83,31,2.1,035 km S 46° W of Kalamansig (Sultan Kudarat),Ms,TECTONIC
1055,2026-01-22 02:38:51+00:00,6.25,123.75,33,2.7,047 km S 45° W of Kalamansig (Sultan Kudarat),Ms,TECTONIC
1056,2026-01-22 02:31:26+00:00,6.46,123.67,9,3.3,043 km S 76° W of Kalamansig (Sultan Kudarat),Ms,TECTONIC
1057,2026-01-22 02:22:26+00:00,9.59,126.56,23,1.9,049 km S 65° E of General Luna (Surigao Del Norte),Ms,TECTONIC
1058,2026-01-22 01:50:46+00:00,6.45,123.71,20,3.6,039 km S 72° W of Kalamansig (Sultan Kudarat),Ms,TECTONIC
1059,2026-01-22 01:08:50+00:00,6.27,123.92,13,2.0,035 km S 24° W of Kalamansig (Sultan Kudarat),Ms,TECTONIC
1060,2026-01-22 00:40:07+00:00,6.51,123.91,3,1.5,016 km S 74° W of Kalamansig (Sultan Kudarat),Ms,TECTONIC
1061,2026-01-22 00:36:23+00:00,7.39,126.77,20,3.5,032 km N 51° E of Manay (Davao Oriental),Ms,TECTONIC
1062,2026-01-21 23:52:25+00:00,5.43,126.08,74,3.2,068 km S 86° E of Sarangani Island (Municipality Of Sarangani) (Davao Occidental),Ms,TECTONIC
1063,2026-01-21 23:18:33+00:00,6.5,123.78,26,3.1,031 km S 79° W of Kalamansig (Sultan Kudarat),Ms,TECTONIC
1064,2026-01-21 23:13:28+00:00,18.37,120.83,2,3.0,013 km S 34° W of Adams (Ilocos Norte),Ms,TECTONIC
1065,2026-01-21 22:59:36+00:00,9.4,127.05,4,3.8,096 km N 82° E of Cortes (Surigao Del Sur),Ms,TECTONIC
1066,2026-01-21 22:49:42+00:00,6.57,123.84,18,2.4,023 km N 87° W of Kalamansig (Sultan Kudarat),Ms,TECTONIC
1067,2026-01-21 22:11:14+00:00,13.62,120.63,76,1.6,022 km N 28° W of Abra De Ilog (Occidental Mindoro),Ms,TECTONIC
1068,2026-01-21 22:00:44+00:00,6.49,123.74,3,2.2,035 km S 77° W of Kalamansig (Sultan Kudarat),Ms,TECTONIC
1069,2026-01-21 21:26:58+00:00,20.36,121.2,24,3.8,070 km N 87° W of Sabtang (Batanes),Ms,TECTONIC
1070,2026-01-21 20:36:40+00:00,6.47,123.72,13,2.4,038 km S 75° W of Kalamansig (Sultan Kudarat),Ms,TECTONIC
1071,2026-01-21 19:57:43+00:00,6.22,124.96,5,2.2,015 km N 87° E of T'boli (South Cotabato),Ms,TECTONIC
1072,2026-01-21 19:41:10+00:00,8.6,126.62,24,1.7,040 km N 51° E of Hinatuan (Surigao Del Sur),Ms,TECTONIC
1073,2026-01-21 19:26:21+00:00,6.33,123.7,10,2.7,047 km S 57° W of Kalamansig (Sultan Kudarat),Ms,TECTONIC
1074,2026-01-21 19:18:14+00:00,6.16,123.67,16,3.0,061 km S 43° W of Kalamansig (Sultan Kudarat),Ms,TECTONIC
1075,2026-01-21 19:03:21+00:00,6.13,125.97,18,2.5,031 km S 77° E of Don Marcelino (Davao Occidental),Ms,TECTONIC
1076,2026-01-21 18:42:59+00:00,18.7,121.01,14,2.4,013 km N 36° W of Claveria (Cagayan),Ms,TECTONIC
1077,2026-01-21 18:39:25+00:00,10.19,125.02,16,1.8,004 km N 22° E of Malitbog (Southern Leyte),Ms,TECTONIC
1078,2026-01-21 18:09:10+00:00,6.51,123.68,1,2.7,041 km S 84° W of Kalamansig (Sultan Kudarat),Ms,TECTONIC
1079,2026-01-21 17:50:08+00:00,6.57,123.82,18,2.6,025 km N 87° W of Kalamansig (Sultan Kudarat),Ms,TECTONIC
1080,2026-01-21 17:21:37+00:00,8.92,126.31,45,3.3,001 km S 59° E of Cagwait (Surigao Del Sur),Ms,TECTONIC
1081,2026-01-21 17:16:47+00:00,9.83,126.36,9,2.5,023 km N 76° E of General Luna (Surigao Del Norte),Ms,TECTONIC
1082,2026-01-21 16:38:46+00:00,6.32,123.45,20,2.2,071 km S 69° W of Kalamansig (Sultan Kudarat),Ms,TECTONIC
1083,2026-01-21 16:36:14+00:00,7.34,126.75,5,3.2,027 km N 59° E of Manay (Davao Oriental),Ms,TECTONIC
1084,2026-01-21 16:21:24+00:00,6.39,123.66,10,3.2,046 km S 67° W of Kalamansig (Sultan Kudarat),Ms,TECTONIC
1085,2026-01-21 16:17:48+00:00,6.41,123.63,2,3.3,049 km S 71° W of Kalamansig (Sultan Kudarat),Ms,TECTONIC
1086,2026-01-21 16:03:37+00:00,11.38,121.91,2,2.8,016 km S 73° W of Culasi (Antique),Ms,TECTONIC
1087,2026-01-21 15:54:08+00:00,6.4,123.68,6,2.6,044 km S 67° W of Kalamansig (Sultan Kudarat),Ms,TECTONIC
1088,2026-01-21 15:31:35+00:00,8.88,124.22,8,1.8,038 km N 32° W of Gitagum (Misamis Oriental),Ms,TECTONIC
1089,2026-01-21 15:16:55+00:00,6.44,123.7,14,2.5,041 km S 72° W of Kalamansig (Sultan Kudarat),Ms,TECTONIC
1090,2026-01-21 15:13:33+00:00,6.48,123.67,15,3.1,043 km S 78° W of Kalamansig (Sultan Kudarat),Ms,TECTONIC
1091,2026-01-21 15:10:43+00:00,6.49,123.75,2,2.3,034 km S 77° W of Kalamansig (Sultan Kudarat),Ms,TECTONIC
1092,2026-01-21 14:56:09+00:00,9.7,126.76,5,4.2,067 km S 82° E of General Luna (Surigao Del Norte),Ms,TECTONIC
1093,2026-01-21 14:49:01+00:00,6.59,123.74,17,2.6,035 km N 84° W of Kalamansig (Sultan Kudarat),Ms,TECTONIC
1094,2026-01-21 14:43:23+00:00,8.46,126.69,29,2.1,041 km N 75° E of Hinatuan (Surigao Del Sur),Ms,TECTONIC
1095,2026-01-21 14:39:25+00:00,8.49,126.64,13,3.4,036 km N 67° E of Hinatuan (Surigao Del Sur),Ms,TECTONIC
1096,2026-01-21 14:17:20+00:00,6.37,123.68,17,2.4,046 km S 64° W of Kalamansig (Sultan Kudarat),Ms,TECTONIC
1097,2026-01-21 13:53:52+00:00,6.39,123.65,26,2.8,048 km S 68° W of Kalamansig (Sultan Kudarat),Ms,TECTONIC
1098,2026-01-21 13:41:24+00:00,6.44,123.69,2,2.4,042 km S 73° W of Kalamansig (Sultan Kudarat),Ms,TECTONIC
1099,2026-01-21 13:26:09+00:00,6.32,123.62,15,3.4,054 km S 61° W of Kalamansig (Sultan Kudarat),Ms,TECTONIC
1100,2026-01-21 13:21:54+00:00,6.49,123.73,4,2.4,036 km S 79° W of Kalamansig (Sultan Kudarat),Ms,TECTONIC
1101,2026-01-21 13:20:17+00:00,6.45,123.75,10,2.7,035 km S 71° W of Kalamansig (Sultan Kudarat),Ms,TECTONIC
1102,2026-01-21 12:59:20+00:00,6.39,123.68,9,4.5,045 km S 65° W of Kalamansig (Sultan Kudarat),Mw,TECTONIC
1103,2026-01-21 12:54:10+00:00,6.48,123.73,4,3.2,037 km S 77° W of Kalamansig (Sultan Kudarat),Ms,TECTONIC
1104,2026-01-21 12:10:45+00:00,8.52,126.4,56,2.3,018 km N 21° E of Hinatuan (Surigao Del Sur),Ms,TECTONIC
1105,2026-01-21 11:55:59+00:00,6.41,123.68,22,4.4,043 km S 69° W of Kalamansig (Sultan Kudarat),Ms,TECTONIC
1106,2026-01-21 11:52:00+00:00,6.43,123.7,15,3.3,041 km S 71° W of Kalamansig (Sultan Kudarat),Ms,TECTONIC
1107,2026-01-21 11:43:09+00:00,10.18,125.01,13,3.0,002 km N 21° E of Malitbog (Southern Leyte),Ms,TECTONIC
1108,2026-01-21 11:02:00+00:00,11.39,121.87,3,4.0,020 km S 78° W of Culasi (Antique),Ms,TECTONIC
1109,2026-01-21 10:41:51+00:00,6.52,123.73,21,3.1,035 km S 84° W of Kalamansig (Sultan Kudarat),Ms,TECTONIC
1110,2026-01-21 10:28:30+00:00,6.49,123.75,11,2.6,034 km S 77° W of Kalamansig (Sultan Kudarat),Ms,TECTONIC
1111,2026-01-21 10:25:35+00:00,7.36,126.78,8,1.9,024 km N 82° E of Caraga (Davao Oriental),Ms,TECTONIC
1112,2026-01-21 09:52:48+00:00,10.08,124.96,24,1.7,015 km S 65° E of City Of Maasin (Southern Leyte),Ms,TECTONIC
1113,2026-01-21 09:45:31+00:00,6.33,123.71,6,3.0,045 km S 57° W of Kalamansig (Sultan Kudarat),Ms,TECTONIC
1114,2026-01-21 09:15:49+00:00,6.36,123.66,7,3.0,048 km S 64° W of Kalamansig (Sultan Kudarat),Ms,TECTONIC
1115,2026-01-21 09:13:43+00:00,10.81,124.09,7,2.1,029 km S 25° E of City Of Bogo (Cebu),Ms,TECTONIC
1116,2026-01-21 08:58:48+00:00,6.39,123.75,19,2.2,038 km S 61° W of Kalamansig (Sultan Kudarat),Ms,TECTONIC
1117,2026-01-21 08:54:11+00:00,15.36,120.02,55,2.4,005 km N 53° E of Iba (Zambales),Ms,TECTONIC
1118,2026-01-21 08:51:29+00:00,6.59,123.81,24,3.0,027 km N 82° W of Kalamansig (Sultan Kudarat),Ms,TECTONIC
1119,2026-01-21 08:49:02+00:00,6.42,123.75,13,4.0,036 km S 65° W of Kalamansig (Sultan Kudarat),Ms,TECTONIC
1120,2026-01-21 08:32:08+00:00,11.01,124.02,2,2.1,005 km S 50° E of City Of Bogo (Cebu),Ms,TECTONIC
1121,2026-01-21 08:21:29+00:00,6.47,123.66,6,1.9,044 km S 77° W of Kalamansig (Sultan Kudarat),Ms,TECTONIC
1122,2026-01-21 08:21:15+00:00,10.08,126.05,4,2.3,007 km N 21° W of Burgos (Surigao Del Norte),Ms,TECTONIC
1123,2026-01-21 07:31:00+00:00,6.59,123.89,22,2.1,019 km N 77° W of Kalamansig (Sultan Kudarat),Ms,TECTONIC
1124,2026-01-21 07:00:36+00:00,6.53,123.78,31,2.4,030 km S 84° W of Kalamansig (Sultan Kudarat),Ms,TECTONIC
1125,2026-01-21 06:53:16+00:00,6.23,123.73,8,2.0,051 km S 45° W of Kalamansig (Sultan Kudarat),Ms,TECTONIC
1126,2026-01-21 06:43:39+00:00,6.32,123.71,20,3.3,046 km S 55° W of Kalamansig (Sultan Kudarat),Ms,TECTONIC
1127,2026-01-21 06:34:57+00:00,6.54,124.06,10,1.4,002 km S 34° E of Kalamansig (Sultan Kudarat),Ms,TECTONIC
1128,2026-01-21 06:33:47+00:00,6.39,123.79,14,1.7,034 km S 58° W of Kalamansig (Sultan Kudarat),Ms,TECTONIC
1129,2026-01-21 06:31:19+00:00,6.55,123.82,4,2.0,025 km S 88° W of Kalamansig (Sultan Kudarat),Ms,TECTONIC
1130,2026-01-21 06:25:04+00:00,6.55,123.73,24,2.5,036 km S 90° W of Kalamansig (Sultan Kudarat),Ms,TECTONIC
1131,2026-01-21 06:19:03+00:00,6.5,123.7,4,1.7,039 km S 81° W of Kalamansig (Sultan Kudarat),Ms,TECTONIC
1132,2026-01-21 06:17:47+00:00,6.49,123.7,8,2.0,040 km S 79° W of Kalamansig (Sultan Kudarat),Ms,TECTONIC
1133,2026-01-21 06:00:16+00:00,6.02,123.74,9,2.8,067 km S 31° W of Kalamansig (Sultan Kudarat),Ms,TECTONIC
1134,2026-01-21 05:42:57+00:00,6.55,123.69,25,1.7,040 km S 90° W of Kalamansig (Sultan Kudarat),Ms,TECTONIC
1135,2026-01-21 05:39:23+00:00,6.44,123.71,14,3.8,040 km S 72° W of Kalamansig (Sultan Kudarat),Ms,TECTONIC
1136,2026-01-21 05:36:52+00:00,6.52,123.84,3,2.3,022 km S 82° W of Kalamansig (Sultan Kudarat),Ms,TECTONIC
1137,2026-01-21 05:32:33+00:00,6.39,123.67,17,2.6,046 km S 67° W of Kalamansig (Sultan Kudarat),Ms,TECTONIC
1138,2026-01-21 05:31:40+00:00,6.53,123.93,4,1.4,013 km S 78° W of Kalamansig (Sultan Kudarat),Ms,TECTONIC
1139,2026-01-21 05:29:48+00:00,6.41,123.7,10,3.0,043 km S 67° W of Kalamansig (Sultan Kudarat),Ms,TECTONIC
1140,2026-01-21 05:26:32+00:00,6.57,124.04,3,1.4,002 km N 36° W of Kalamansig (Sultan Kudarat),Ms,TECTONIC
1141,2026-01-21 05:22:03+00:00,6.59,123.62,49,1.7,047 km N 85° W of Kalamansig (Sultan Kudarat),Ms,TECTONIC
1142,2026-01-21 05:14:26+00:00,6.36,123.71,10,4.4,043 km S 60° W of Kalamansig (Sultan Kudarat),Ms,TECTONIC
1143,2026-01-21 04:52:39+00:00,6.42,123.71,5,2.3,041 km S 69° W of Kalamansig (Sultan Kudarat),Ms,TECTONIC
1144,2026-01-21 04:41:29+00:00,6.39,123.64,14,3.4,049 km S 68° W of Kalamansig (Sultan Kudarat),Ms,TECTONIC
1145,2026-01-21 04:22:40+00:00,6.9,126.72,23,2.3,040 km S 30° E of Manay (Davao Oriental),Ms,TECTONIC
1146,2026-01-21 04:20:48+00:00,6.5,123.67,17,2.3,043 km S 82° W of Kalamansig (Sultan Kudarat),Ms,TECTONIC
1147,2026-01-21 04:14:03+00:00,5.99,125.18,31,2.3,013 km S 02° E of City Of General Santos,Ms,TECTONIC
1148,2026-01-21 03:52:18+00:00,6.35,123.77,9,2.8,039 km S 54° W of Kalamansig (Sultan Kudarat),Ms,TECTONIC
1149,2026-01-21 03:48:14+00:00,6.62,123.8,19,2.3,029 km N 76° W of Kalamansig (Sultan Kudarat),Ms,TECTONIC
1150,2026-01-21 03:46:38+00:00,6.49,123.75,2,2.3,034 km S 78° W of Kalamansig (Sultan Kudarat),Ms,TECTONIC
1151,2026-01-21 03:42:46+00:00,6.33,123.74,11,3.4,043 km S 54° W of Kalamansig (Sultan Kudarat),Ms,TECTONIC
1152,2026-01-21 03:40:45+00:00,6.44,123.82,4,2.0,028 km S 63° W of Kalamansig (Sultan Kudarat),Ms,TECTONIC
1153,2026-01-21 03:39:19+00:00,6.11,126.22,19,2.7,068 km N 71° E of Jose Abad Santos (Davao Occidental),Ms,TECTONIC
1154,2026-01-21 03:36:00+00:00,6.38,123.85,33,1.6,029 km S 50° W of Kalamansig (Sultan Kudarat),Ms,TECTONIC
1155,2026-01-21 03:35:37+00:00,8.93,126.57,24,2.1,030 km N 88° E of Cagwait (Surigao Del Sur),Ms,TECTONIC
1156,2026-01-21 03:32:59+00:00,6.39,123.73,8,2.7,039 km S 62° W of Kalamansig (Sultan Kudarat),Ms,TECTONIC
1157,2026-01-21 03:12:58+00:00,6.35,123.75,15,2.3,040 km S 57° W of Kalamansig (Sultan Kudarat),Ms,TECTONIC
1158,2026-01-21 03:07:55+00:00,6.34,123.78,19,1.9,038 km S 51° W of Kalamansig (Sultan Kudarat),Ms,TECTONIC
1159,2026-01-21 03:00:52+00:00,6.31,123.72,28,2.2,046 km S 53° W of Kalamansig (Sultan Kudarat),Ms,TECTONIC
1160,2026-01-21 02:59:04+00:00,6.58,123.69,29,1.8,040 km N 86° W of Kalamansig (Sultan Kudarat),Ms,TECTONIC
1161,2026-01-21 02:43:33+00:00,6.35,123.7,7,2.8,045 km S 60° W of Kalamansig (Sultan Kudarat),Ms,TECTONIC
1162,2026-01-21 02:37:51+00:00,6.35,123.69,13,3.6,046 km S 61° W of Kalamansig (Sultan Kudarat),Ms,TECTONIC
1163,2026-01-21 02:30:29+00:00,6.4,123.7,9,3.9,042 km S 65° W of Kalamansig (Sultan Kudarat),Ms,TECTONIC
1164,2026-01-21 02:28:29+00:00,6.62,124.18,6,2.1,016 km N 62° E of Kalamansig (Sultan Kudarat),Ms,TECTONIC
1165,2026-01-21 02:27:03+00:00,6.52,123.96,15,2.1,011 km S 70° W of Kalamansig (Sultan Kudarat),Ms,TECTONIC
1166,2026-01-21 02:24:17+00:00,6.46,123.81,11,2.4,028 km S 68° W of Kalamansig (Sultan Kudarat),Ms,TECTONIC
1167,2026-01-21 01:57:46+00:00,6.66,123.95,15,2.0,016 km N 45° W of Kalamansig (Sultan Kudarat),Ms,TECTONIC
1168,2026-01-21 01:56:49+00:00,6.44,123.67,4,1.5,044 km S 73° W of Kalamansig (Sultan Kudarat),Ms,TECTONIC
1169,2026-01-21 01:52:04+00:00,6.53,123.84,4,2.7,024 km S 84° W of Kalamansig (Sultan Kudarat),Ms,TECTONIC
1170,2026-01-21 01:50:49+00:00,6.12,123.64,15,1.8,067 km S 43° W of Kalamansig (Sultan Kudarat),Ms,TECTONIC
1171,2026-01-21 01:40:48+00:00,6.54,123.83,2,2.1,025 km S 87° W of Kalamansig (Sultan Kudarat),Ms,TECTONIC
1172,2026-01-21 01:39:25+00:00,6.6,124.08,3,1.7,006 km N 40° E of Kalamansig (Sultan Kudarat),Ms,TECTONIC
1173,2026-01-21 01:37:46+00:00,6.43,123.66,17,3.5,045 km S 72° W of Kalamansig (Sultan Kudarat),Ms,TECTONIC
1174,2026-01-21 01:33:04+00:00,6.37,123.71,17,5.1,042 km S 62° W of Kalamansig (Sultan Kudarat),Mw,TECTONIC
1175,2026-01-21 01:26:05+00:00,6.35,123.7,37,4.0,045 km S 60° W of Kalamansig (Sultan Kudarat),Ms,TECTONIC
1176,2026-01-21 01:01:12+00:00,6.53,123.7,19,1.9,039 km S 85° W of Kalamansig (Sultan Kudarat),Ms,TECTONIC
1177,2026-01-21 01:12:23+00:00,6.45,123.72,4,3.6,039 km S 72° W of Kalamansig (Sultan Kudarat),Ms,TECTONIC
1178,2026-01-21 01:09:40+00:00,6.4,123.7,36,3.6,043 km S 66° W of Kalamansig (Sultan Kudarat),Ms,TECTONIC
1179,2026-01-21 01:00:37+00:00,6.54,123.82,6,2.0,026 km S 85° W of Kalamansig (Sultan Kudarat),Ms,TECTONIC
1180,2026-01-21 00:54:10+00:00,6.42,123.7,19,2.4,042 km S 70° W of Kalamansig (Sultan Kudarat),Ms,TECTONIC
1181,2026-01-21 00:38:55+00:00,6.44,123.7,12,4.0,040 km S 72° W of Kalamansig (Sultan Kudarat),Ms,TECTONIC
1182,2026-01-21 00:14:54+00:00,9.12,126.56,9,3.6,035 km N 61° E of Bayabas (Surigao Del Sur),Ms,TECTONIC
1183,2026-01-21 00:06:21+00:00,6.4,123.66,8,2.6,047 km S 68° W of Kalamansig (Sultan Kudarat),Ms,TECTONIC
1184,2026-01-21 00:00:56+00:00,6.56,123.9,11,2.0,017 km N 88° W of Kalamansig (Sultan Kudarat),Ms,TECTONIC
1185,2026-01-20 23:42:58+00:00,6.42,123.67,15,2.3,045 km S 71° W of Kalamansig (Sultan Kudarat),Ms,TECTONIC
1186,2026-01-20 23:42:05+00:00,6.42,123.69,11,2.5,043 km S 70° W of Kalamansig (Sultan Kudarat),Ms,TECTONIC
1187,2026-01-20 23:40:21+00:00,6.44,123.7,10,2.7,041 km S 71° W of Kalamansig (Sultan Kudarat),Ms,TECTONIC
1188,2026-01-20 23:30:58+00:00,6.41,123.72,22,3.2,040 km S 66° W of Kalamansig (Sultan Kudarat),Ms,TECTONIC
1189,2026-01-20 23:27:30+00:00,6.4,123.65,16,3.0,047 km S 68° W of Kalamansig (Sultan Kudarat),Ms,TECTONIC
1190,2026-01-20 23:25:14+00:00,6.37,123.69,4,4.5,045 km S 63° W of Kalamansig (Sultan Kudarat),Ms,TECTONIC
1191,2026-01-20 21:57:17+00:00,6.57,123.9,8,2.6,017 km N 83° W of Kalamansig (Sultan Kudarat),Ms,TECTONIC
1192,2026-01-20 21:22:55+00:00,12.97,120.26,10,2.4,046 km S 52° W of Mamburao (Occidental Mindoro),Ms,TECTONIC
1193,2026-01-20 21:14:32+00:00,6.36,123.7,14,2.7,043 km S 65° W of Kalamansig (Sultan Kudarat),Ms,TECTONIC
1194,2026-01-20 21:09:10+00:00,6.46,123.71,9,2.8,039 km S 74° W of Kalamansig (Sultan Kudarat),Ms,TECTONIC
1195,2026-01-20 21:05:47+00:00,6.39,123.69,16,2.6,044 km S 65° W of Kalamansig (Sultan Kudarat),Ms,TECTONIC
1196,2026-01-20 20:46:16+00:00,12.82,124.68,9,3.2,039 km N 43° W of Pambujan (Northern Samar),Ms,TECTONIC
1197,2026-01-20 18:41:53+00:00,2.58,125.11,35,3.6,316 km S 06° W of Balut Island (Municipality Of Sarangani) (Davao Occidental),Ms,TECTONIC
1198,2026-01-20 18:23:00+00:00,6.37,123.68,16,2.2,045 km S 64° W of Kalamansig (Sultan Kudarat),Ms,TECTONIC
1199,2026-01-20 17:52:25+00:00,6.39,123.66,10,2.8,047 km S 67° W of Kalamansig (Sultan Kudarat),Ms,TECTONIC
1200,2026-01-20 17:25:01+00:00,15.82,120.53,180,2.1,009 km N 76° W of San Manuel (Tarlac),Ms,TECTONIC
1201,2026-01-20 16:29:44+00:00,9.95,126.41,8,2.8,033 km N 57° E of General Luna (Surigao Del Norte),Ms,TECTONIC
1202,2026-01-20 16:23:15+00:00,6.91,123.96,4,2.6,019 km S 22° W of Datu Blah T. Sinsuat (Maguindanao Del Norte),Ms,TECTONIC
1203,2026-01-20 16:22:56+00:00,10.98,123.93,5,2.7,009 km S 34° W of City Of Bogo (Cebu),Ms,TECTONIC
1204,2026-01-20 16:09:15+00:00,13.55,120.42,36,1.9,015 km N 19° W of Paluan (Occidental Mindoro),Ms,TECTONIC
1205,2026-01-20 16:08:31+00:00,6.45,123.67,29,2.0,044 km S 75° W of Kalamansig (Sultan Kudarat),Ms,TECTONIC
1206,2026-01-20 16:08:08+00:00,6.38,123.77,22,1.7,036 km S 58° W of Kalamansig (Sultan Kudarat),Ms,TECTONIC
1207,2026-01-20 15:59:33+00:00,6.46,123.7,7,2.6,040 km S 74° W of Kalamansig (Sultan Kudarat),Ms,TECTONIC
1208,2026-01-20 15:53:03+00:00,6.42,123.69,3,2.9,042 km S 70° W of Kalamansig (Sultan Kudarat),Ms,TECTONIC
1209,2026-01-20 15:40:49+00:00,7.08,127.11,11,2.4,064 km S 77° E of Manay (Davao Oriental),Ms,TECTONIC
1210,2026-01-20 15:30:50+00:00,13.55,120.52,51,2.4,016 km N 23° E of Paluan (Occidental Mindoro),Ms,TECTONIC
1211,2026-01-20 15:25:58+00:00,6.44,123.68,7,3.9,043 km S 73° W of Kalamansig (Sultan Kudarat),Ms,TECTONIC
1212,2026-01-20 15:25:12+00:00,6.47,123.7,2,2.5,040 km S 77° W of Kalamansig (Sultan Kudarat),Ms,TECTONIC
1213,2026-01-20 15:24:22+00:00,6.59,123.78,5,1.4,031 km N 83° W of Kalamansig (Sultan Kudarat),Ms,TECTONIC
1214,2026-01-20 15:20:37+00:00,6.44,123.66,3,2.4,045 km S 73° W of Kalamansig (Sultan Kudarat),Ms,TECTONIC
1215,2026-01-20 15:05:30+00:00,12.3,122.33,7,3.3,027 km S 69° E of Santa Maria (Romblon),Ms,TECTONIC
1216,2026-01-20 15:03:16+00:00,12.42,122.15,10,3.5,007 km N 65° E of Santa Maria (Romblon),Ms,TECTONIC
1217,2026-01-20 14:56:14+00:00,9.53,126.18,32,2.0,026 km S 69° E of Socorro (Surigao Del Norte),Ms,TECTONIC
1218,2026-01-20 14:48:37+00:00,11.14,123.94,4,2.7,011 km N 21° W of City Of Bogo (Cebu),Ms,TECTONIC
1219,2026-01-20 14:35:53+00:00,6.46,123.7,3,3.1,040 km S 74° W of Kalamansig (Sultan Kudarat),Ms,TECTONIC
1220,2026-01-20 14:25:06+00:00,6.45,123.73,20,2.4,037 km S 72° W of Kalamansig (Sultan Kudarat),Ms,TECTONIC
1221,2026-01-20 14:04:27+00:00,6.44,123.68,15,3.0,043 km S 73° W of Kalamansig (Sultan Kudarat),Ms,TECTONIC
1222,2026-01-20 14:00:37+00:00,6.48,123.68,6,2.0,042 km S 78° W of Kalamansig (Sultan Kudarat),Ms,TECTONIC
1223,2026-01-20 13:49:00+00:00,6.52,123.7,6,2.8,039 km S 83° W of Kalamansig (Sultan Kudarat),Ms,TECTONIC
1224,2026-01-20 13:48:14+00:00,6.41,123.7,3,2.5,042 km S 67° W of Kalamansig (Sultan Kudarat),Ms,TECTONIC
1225,2026-01-20 13:46:27+00:00,6.44,123.68,4,2.6,043 km S 73° W of Kalamansig (Sultan Kudarat),Ms,TECTONIC
1226,2026-01-20 13:42:03+00:00,6.32,123.77,5,2.1,039 km S 53° W of Kalamansig (Sultan Kudarat),Ms,TECTONIC
1227,2026-01-20 13:32:54+00:00,6.6,123.71,3,2.3,038 km N 82° W of Kalamansig (Sultan Kudarat),Ms,TECTONIC
1228,2026-01-20 13:32:18+00:00,6.49,123.98,3,1.5,011 km S 51° W of Kalamansig (Sultan Kudarat),Ms,TECTONIC
1229,2026-01-20 13:11:23+00:00,6.37,123.77,5,2.4,038 km S 56° W of Kalamansig (Sultan Kudarat),Ms,TECTONIC
1230,2026-01-20 13:08:03+00:00,6.42,123.74,6,2.1,038 km S 67° W of Kalamansig (Sultan Kudarat),Ms,TECTONIC
1231,2026-01-20 12:48:18+00:00,6.38,123.71,16,3.8,043 km S 62° W of Kalamansig (Sultan Kudarat),Ms,TECTONIC
1232,2026-01-20 12:13:39+00:00,6.35,123.82,8,2.4,034 km S 48° W of Kalamansig (Sultan Kudarat),Ms,TECTONIC
1233,2026-01-20 12:09:28+00:00,10.05,126.07,15,2.8,012 km N 36° E of San Benito (Surigao Del Norte),Ms,TECTONIC
1234,2026-01-20 11:49:00+00:00,6.33,123.71,25,2.8,045 km S 56° W of Kalamansig (Sultan Kudarat),Ms,TECTONIC
1235,2026-01-20 11:45:39+00:00,6.93,124.75,4,2.4,011 km N 03° W of General Salipada K. Pendatun (Maguindanao Del Sur),Ms,TECTONIC
1236,2026-01-20 11:35:32+00:00,18.64,122.15,5,2.7,020 km N 02° E of Santa Ana (Cagayan),Ms,TECTONIC
1237,2026-01-20 11:29:54+00:00,6.39,123.7,2,2.5,042 km S 65° W of Kalamansig (Sultan Kudarat),Ms,TECTONIC
1238,2026-01-20 11:08:40+00:00,6.37,123.67,5,2.4,047 km S 64° W of Kalamansig (Sultan Kudarat),Ms,TECTONIC
1239,2026-01-20 10:48:51+00:00,6.34,123.81,8,2.0,036 km S 48° W of Kalamansig (Sultan Kudarat),Ms,TECTONIC
1240,2026-01-20 10:43:13+00:00,6.42,123.71,2,2.6,041 km S 69° W of Kalamansig (Sultan Kudarat),Ms,TECTONIC
1241,2026-01-20 10:29:54+00:00,6.36,123.69,15,4.4,045 km S 62° W of Kalamansig (Sultan Kudarat),Ms,TECTONIC
1242,2026-01-20 09:45:02+00:00,13.48,120.72,70,1.4,004 km N 06° W of Abra De Ilog (Occidental Mindoro),Ms,TECTONIC
1243,2026-01-20 09:36:04+00:00,13.7,120.61,122,1.6,015 km S 11° W of Calatagan (Batangas),Ms,TECTONIC
1244,2026-01-20 09:19:12+00:00,6.33,123.73,2,2.6,044 km S 55° W of Kalamansig (Sultan Kudarat),Ms,TECTONIC
1245,2026-01-20 08:30:57+00:00,6.71,124.34,5,2.0,017 km S 74° W of Datu Abdullah Sangki (Maguindanao Del Sur),Ms,TECTONIC
1246,2026-01-20 07:17:55+00:00,9.9,122.32,17,2.1,019 km N 39° W of City Of Sipalay (Negros Occidental),Ms,TECTONIC
1247,2026-01-20 06:46:37+00:00,6.5,123.8,15,2.9,028 km S 77° W of Kalamansig (Sultan Kudarat),Ms,TECTONIC
1248,2026-01-20 06:43:53+00:00,9.0,126.19,29,4.2,011 km N 70° W of Bayabas (Surigao Del Sur),Ms,TECTONIC
1249,2026-01-20 05:45:23+00:00,6.4,123.73,20,2.8,040 km S 65° W of Kalamansig (Sultan Kudarat),Ms,TECTONIC
1250,2026-01-20 05:36:54+00:00,6.46,123.75,3,3.1,034 km S 73° W of Kalamansig (Sultan Kudarat),Ms,TECTONIC
1251,2026-01-20 05:02:41+00:00,11.38,122.29,8,3.6,012 km S 08° W of Libacao (Aklan),Ms,TECTONIC
1252,2026-01-20 04:38:18+00:00,6.45,123.8,2,4.1,030 km S 67° W of Kalamansig (Sultan Kudarat),Ms,TECTONIC
1253,2026-01-20 03:46:21+00:00,6.44,123.7,4,4.2,041 km S 71° W of Kalamansig (Sultan Kudarat),Ms,TECTONIC
1254,2026-01-20 03:27:16+00:00,11.21,124.63,6,3.5,008 km N 67° E of Kananga (Leyte),Ms,TECTONIC
1255,2026-01-20 03:19:15+00:00,6.38,123.67,12,2.8,047 km S 65° W of Kalamansig (Sultan Kudarat),Ms,TECTONIC
1256,2026-01-20 03:03:54+00:00,6.66,124.29,8,1.6,023 km N 08° W of Senator Ninoy Aquino (Sultan Kudarat),Ms,TECTONIC
1257,2026-01-20 03:02:42+00:00,6.31,123.62,15,2.3,055 km S 61° W of Kalamansig (Sultan Kudarat),Ms,TECTONIC
1258,2026-01-20 01:55:40+00:00,6.58,123.74,14,2.5,035 km N 86° W of Kalamansig (Sultan Kudarat),Ms,TECTONIC
1259,2026-01-20 01:55:00+00:00,6.6,124.15,3,1.7,010 km S 67° E of Lebak (Sultan Kudarat),Ms,TECTONIC
1260,2026-01-20 01:44:55+00:00,14.03,120.49,84,2.5,016 km S 71° W of Nasugbu (Batangas),Ms,TECTONIC
1261,2026-01-20 01:38:12+00:00,6.58,124.26,6,1.7,023 km N 83° E of Kalamansig (Sultan Kudarat),Ms,TECTONIC
1262,2026-01-20 01:36:38+00:00,6.56,123.77,23,2.4,031 km N 89° W of Kalamansig (Sultan Kudarat),Ms,TECTONIC
1263,2026-01-20 01:24:32+00:00,6.15,123.34,34,2.5,090 km S 61° W of Kalamansig (Sultan Kudarat),Ms,TECTONIC
1264,2026-01-20 00:46:34+00:00,9.37,122.54,15,2.8,012 km S 68° W of Basay (Negros Oriental),Ms,TECTONIC
1265,2026-01-20 00:44:23+00:00,6.39,123.71,18,2.7,042 km S 63° W of Kalamansig (Sultan Kudarat),Ms,TECTONIC
1266,2026-01-20 00:32:42+00:00,6.45,123.65,2,2.4,046 km S 75° W of Kalamansig (Sultan Kudarat),Ms,TECTONIC
1267,2026-01-20 00:17:24+00:00,6.52,123.74,21,2.1,035 km S 84° W of Kalamansig (Sultan Kudarat),Ms,TECTONIC
1268,2026-01-19 23:36:43+00:00,6.38,123.78,21,3.3,036 km S 58° W of Kalamansig (Sultan Kudarat),Ms,TECTONIC
1269,2026-01-19 23:18:22+00:00,6.38,123.62,5,2.6,053 km S 67° W of Kalamansig (Sultan Kudarat),Ms,TECTONIC
1270,2026-01-19 22:37:14+00:00,6.3,123.87,33,1.5,034 km S 35° W of Kalamansig (Sultan Kudarat),Ms,TECTONIC
1271,2026-01-19 22:23:31+00:00,6.35,123.7,15,3.8,045 km S 59° W of Kalamansig (Sultan Kudarat),Ms,TECTONIC
1272,2026-01-19 22:12:55+00:00,6.35,123.67,13,2.6,048 km S 62° W of Kalamansig (Sultan Kudarat),Ms,TECTONIC
1273,2026-01-19 21:53:47+00:00,6.47,123.76,10,2.9,034 km S 73° W of Kalamansig (Sultan Kudarat),Ms,TECTONIC
1274,2026-01-19 21:50:31+00:00,6.43,126.27,51,4.0,033 km S 42° E of Governor Generoso (Davao Oriental),Ms,TECTONIC
1275,2026-01-19 21:45:10+00:00,6.29,123.78,21,2.4,042 km S 45° W of Kalamansig (Sultan Kudarat),Ms,TECTONIC
1276,2026-01-19 21:37:09+00:00,6.4,123.72,2,2.4,040 km S 65° W of Kalamansig (Sultan Kudarat),Ms,TECTONIC
1277,2026-01-19 21:31:18+00:00,6.39,123.7,3,2.5,043 km S 65° W of Kalamansig (Sultan Kudarat),Ms,TECTONIC
1278,2026-01-19 21:28:51+00:00,6.46,123.79,2,3.4,031 km S 71° W of Kalamansig (Sultan Kudarat),Ms,TECTONIC
1279,2026-01-19 21:07:00+00:00,6.39,123.74,3,2.6,039 km S 62° W of Kalamansig (Sultan Kudarat),Ms,TECTONIC
1280,2026-01-19 21:02:58+00:00,9.68,126.14,27,2.7,012 km S 07° W of General Luna (Surigao Del Norte),Ms,TECTONIC
1281,2026-01-19 21:01:55+00:00,10.32,125.21,24,2.2,006 km S 58° W of Hinundayan (Southern Leyte),Ms,TECTONIC
1282,2026-01-19 20:56:41+00:00,9.99,126.16,27,2.3,010 km S 71° E of Burgos (Surigao Del Norte),Ms,TECTONIC
1283,2026-01-19 20:51:28+00:00,6.44,123.68,3,2.8,042 km S 73° W of Kalamansig (Sultan Kudarat),Ms,TECTONIC
1284,2026-01-19 20:49:18+00:00,6.44,123.66,6,2.4,045 km S 74° W of Kalamansig (Sultan Kudarat),Ms,TECTONIC
1285,2026-01-19 20:41:49+00:00,6.49,124.05,2,2.2,007 km S 03° W of Kalamansig (Sultan Kudarat),Ms,TECTONIC
1286,2026-01-19 20:38:56+00:00,6.3,123.59,5,2.3,059 km S 61° W of Kalamansig (Sultan Kudarat),Ms,TECTONIC
1287,2026-01-19 20:33:21+00:00,6.57,123.84,12,2.5,023 km N 86° W of Kalamansig (Sultan Kudarat),Ms,TECTONIC
1288,2026-01-19 20:30:53+00:00,6.37,123.75,5,3.2,039 km S 58° W of Kalamansig (Sultan Kudarat),Ms,TECTONIC
1289,2026-01-19 20:18:49+00:00,6.33,123.67,14,2.8,049 km S 60° W of Kalamansig (Sultan Kudarat),Ms,TECTONIC
1290,2026-01-19 20:11:32+00:00,6.36,123.76,4,2.8,039 km S 56° W of Kalamansig (Sultan Kudarat),Ms,TECTONIC
1291,2026-01-19 20:10:08+00:00,6.59,123.79,18,1.9,029 km N 83° W of Kalamansig (Sultan Kudarat),Ms,TECTONIC
1292,2026-01-19 20:06:10+00:00,6.29,123.78,15,2.2,042 km S 46° W of Kalamansig (Sultan Kudarat),Ms,TECTONIC
1293,2026-01-19 20:04:52+00:00,6.57,123.86,4,2.2,021 km N 86° W of Kalamansig (Sultan Kudarat),Ms,TECTONIC
1294,2026-01-19 20:03:37+00:00,6.55,123.78,16,2.0,030 km S 90° W of Kalamansig (Sultan Kudarat),Ms,TECTONIC
1295,2026-01-19 20:01:42+00:00,6.34,123.73,17,2.2,043 km S 56° W of Kalamansig (Sultan Kudarat),Ms,TECTONIC
1296,2026-01-19 19:59:28+00:00,6.5,123.83,2,2.4,025 km S 77° W of Kalamansig (Sultan Kudarat),Ms,TECTONIC
1297,2026-01-19 19:54:01+00:00,6.33,123.73,15,4.5,043 km S 55° W of Kalamansig (Sultan Kudarat),Mw,TECTONIC
1298,2026-01-19 19:49:15+00:00,6.35,123.72,13,4.1,043 km S 58° W of Kalamansig (Sultan Kudarat),Ms,TECTONIC
1299,2026-01-19 19:45:54+00:00,6.42,123.72,3,2.6,040 km S 68° W of Kalamansig (Sultan Kudarat),Ms,TECTONIC
1300,2026-01-19 19:43:43+00:00,6.34,123.7,1,3.0,045 km S 58° W of Kalamansig (Sultan Kudarat),Ms,TECTONIC
1301,2026-01-19 19:40:18+00:00,6.56,123.86,2,2.3,021 km N 89° W of Kalamansig (Sultan Kudarat),Ms,TECTONIC
1302,2026-01-19 19:38:51+00:00,6.41,123.76,2,3.3,035 km S 64° W of Kalamansig (Sultan Kudarat),Ms,TECTONIC
1303,2026-01-19 19:38:49+00:00,10.66,122.31,23,2.3,002 km N 76° W of Guimbal (Iloilo),Ms,TECTONIC
1304,2026-01-19 19:35:15+00:00,6.43,123.75,23,2.1,036 km S 68° W of Kalamansig (Sultan Kudarat),Ms,TECTONIC
1305,2026-01-19 19:33:05+00:00,8.84,126.42,22,2.6,010 km S 87° E of Marihatag (Surigao Del Sur),Ms,TECTONIC
1306,2026-01-19 19:29:52+00:00,6.46,123.81,6,3.3,028 km S 68° W of Kalamansig (Sultan Kudarat),Ms,TECTONIC
1307,2026-01-19 19:22:52+00:00,6.4,123.76,21,3.2,036 km S 62° W of Kalamansig (Sultan Kudarat),Ms,TECTONIC
1308,2026-01-19 19:20:06+00:00,6.47,123.81,2,3.0,028 km S 71° W of Kalamansig (Sultan Kudarat),Ms,TECTONIC
1309,2026-01-19 19:18:30+00:00,6.37,123.73,15,2.8,041 km S 60° W of Kalamansig (Sultan Kudarat),Ms,TECTONIC
1310,2026-01-19 19:11:42+00:00,6.91,123.91,130,2.4,021 km S 35° W of Datu Blah T. Sinsuat (Maguindanao Del Norte),Ms,TECTONIC
1311,2026-01-19 19:05:57+00:00,6.33,123.64,10,1.8,052 km S 62° W of Kalamansig (Sultan Kudarat),Ms,TECTONIC
1312,2026-01-19 19:04:44+00:00,6.45,123.73,9,2.6,037 km S 72° W of Kalamansig (Sultan Kudarat),Ms,TECTONIC
1313,2026-01-19 19:00:19+00:00,6.34,123.7,5,5.2,045 km S 58° W of Kalamansig (Sultan Kudarat),Mw,TECTONIC
1314,2026-01-19 18:59:52+00:00,14.51,121.82,31,1.4,025 km N 66° W of Balesin Island (Polillo) (Quezon),Ms,TECTONIC
1315,2026-01-19 18:58:34+00:00,7.27,126.74,42,2.4,021 km S 72° E of Caraga (Davao Oriental),Ms,TECTONIC
1316,2026-01-19 18:53:34+00:00,6.38,123.69,4,4.6,044 km S 63° W of Kalamansig (Sultan Kudarat),Mw,TECTONIC
1317,2026-01-19 18:38:53+00:00,7.65,126.07,8,3.6,002 km S 37° W of Compostela (Davao De Oro),Ms,TECTONIC
1318,2026-01-19 18:07:27+00:00,10.06,125.17,3,3.0,001 km N 73° E of San Francisco (Southern Leyte),Ms,TECTONIC
1319,2026-01-19 17:53:39+00:00,5.72,127.06,101,3.2,150 km S 47° E of Governor Generoso (Davao Oriental),Ms,TECTONIC
1320,2026-01-19 17:50:48+00:00,8.56,122.3,17,3.5,066 km N 28° W of Labason (Zamboanga Del Norte),Ms,TECTONIC
1321,2026-01-19 17:36:31+00:00,8.56,122.28,18,4.4,060 km N 26° W of Labason (Zamboanga Del Norte),Ms,TECTONIC
1322,2026-01-19 17:05:54+00:00,7.25,127.04,9,2.7,053 km S 81° E of Caraga (Davao Oriental),Ms,TECTONIC
1323,2026-01-19 17:00:08+00:00,16.41,120.59,32,1.4,004 km N 60° E of Tuba (Benguet),Ms,TECTONIC
1324,2026-01-19 16:20:30+00:00,8.23,126.75,9,2.9,043 km N 61° E of Lingig (Surigao Del Sur),Ms,TECTONIC
1325,2026-01-19 15:51:53+00:00,14.14,120.08,27,2.1,031 km N 09° W of Lubang (Occidental Mindoro),Ms,TECTONIC
1326,2026-01-19 15:43:57+00:00,17.79,120.62,33,1.5,012 km N 26° W of Danglas (Abra),Ms,TECTONIC
1327,2026-01-19 15:23:19+00:00,6.34,123.67,1,2.2,049 km S 61° W of Kalamansig (Sultan Kudarat),Ms,TECTONIC
1328,2026-01-19 15:15:40+00:00,9.57,122.49,20,2.5,004 km S 29° E of Hinoba-an (Negros Occidental),Ms,TECTONIC
1329,2026-01-19 15:11:44+00:00,6.34,123.73,3,2.8,043 km S 56° W of Kalamansig (Sultan Kudarat),Ms,TECTONIC
1330,2026-01-19 14:52:53+00:00,6.42,123.7,1,2.6,042 km S 70° W of Kalamansig (Sultan Kudarat),Ms,TECTONIC
1331,2026-01-19 14:37:26+00:00,11.79,125.21,41,2.2,018 km N 58° E of Hinabangan (Samar),Ms,TECTONIC
1332,2026-01-19 14:18:35+00:00,5.38,124.98,180,2.4,049 km S 86° W of Balut Island (Municipality Of Sarangani) (Davao Occidental),Ms,TECTONIC
1333,2026-01-19 13:16:14+00:00,15.58,120.11,64,1.7,020 km S 76° E of Candelaria (Zambales),Ms,TECTONIC
1334,2026-01-19 12:55:54+00:00,12.35,120.98,34,1.4,010 km N 89° W of San Jose (Occidental Mindoro),Ms,TECTONIC
1335,2026-01-19 12:47:25+00:00,13.59,120.93,35,1.5,010 km S 40° E of Tingloy (Batangas),Ms,TECTONIC
1336,2026-01-19 12:32:31+00:00,12.99,124.14,102,2.5,008 km S 48° W of Prieto Diaz (Sorsogon),Ms,TECTONIC
1337,2026-01-19 11:55:47+00:00,11.1,124.18,5,1.9,022 km N 76° E of City Of Bogo (Cebu),Ms,TECTONIC
1338,2026-01-19 11:04:38+00:00,13.59,120.7,110,1.5,020 km S 68° W of Tingloy (Batangas),Ms,TECTONIC
1339,2026-01-19 11:03:09+00:00,12.92,124.8,12,2.8,041 km N 19° W of Pambujan (Northern Samar),Ms,TECTONIC
1340,2026-01-19 10:28:28+00:00,15.02,119.98,35,1.6,011 km S 65° W of San Felipe (Zambales),Ms,TECTONIC
1341,2026-01-19 10:11:48+00:00,11.32,124.11,32,1.6,014 km N 56° E of Daanbantayan (Cebu),Ms,TECTONIC
1342,2026-01-19 07:16:52+00:00,9.36,125.63,48,2.4,013 km N 37° E of Santiago (Agusan Del Norte),Ms,TECTONIC
1343,2026-01-19 06:15:29+00:00,9.14,123.2,24,1.6,005 km N 03° W of Zamboanguita (Negros Oriental),Ms,TECTONIC
1344,2026-01-19 05:38:13+00:00,9.3,123.19,6,3.7,006 km N 66° W of Valencia (Negros Oriental),Ms,TECTONIC
1345,2026-01-19 05:26:38+00:00,9.14,123.15,33,2.2,007 km N 52° W of Zamboanguita (Negros Oriental),Ms,TECTONIC
1346,2026-01-19 05:24:30+00:00,9.65,126.2,33,1.3,015 km S 17° E of General Luna (Surigao Del Norte),Ms,TECTONIC
1347,2026-01-19 05:10:58+00:00,12.78,120.38,32,1.3,044 km S 81° W of Sablayan (Occidental Mindoro),Ms,TECTONIC
1348,2026-01-19 03:46:48+00:00,19.09,121.61,5,2.1,024 km S 37° E of Calayan (Cagayan),Ms,TECTONIC
1349,2026-01-19 02:41:56+00:00,11.4,125.59,18,2.6,005 km S 66° E of Llorente (Eastern Samar),Ms,TECTONIC
1350,2026-01-19 02:24:59+00:00,15.06,120.16,67,2.3,010 km N 89° E of San Felipe (Zambales),Ms,TECTONIC
1351,2026-01-19 02:22:28+00:00,13.19,121.3,14,1.4,015 km South of Naujan (Oriental Mindoro),Ms,TECTONIC
1352,2026-01-19 01:16:30+00:00,12.04,121.48,5,2.6,014 km N 30° W of Caluya (Antique),Ms,TECTONIC
1353,2026-01-19 00:59:42+00:00,18.61,121.02,12,2.4,006 km N 84° W of Claveria (Cagayan),Ms,TECTONIC
1354,2026-01-19 00:43:24+00:00,9.4,126.63,6,2.9,050 km N 74° E of Cortes (Surigao Del Sur),Ms,TECTONIC
1355,2026-01-19 00:11:25+00:00,14.7,120.15,36,1.7,013 km N 77° W of Morong (Bataan),Ms,TECTONIC
1356,2026-01-18 23:54:13+00:00,7.43,125.95,33,1.8,010 km S 20° E of Mawab (Davao De Oro),Ms,TECTONIC
1357,2026-01-18 23:51:16+00:00,17.97,120.31,20,2.8,018 km N 76° W of Badoc (Ilocos Norte),Ms,TECTONIC
1358,2026-01-18 23:39:31+00:00,7.28,126.61,27,2.4,011 km N 47° E of Manay (Davao Oriental),Ms,TECTONIC
1359,2026-01-18 23:21:46+00:00,15.54,120.29,18,1.5,012 km S 48° W of Mayantoc (Tarlac),Ms,TECTONIC
1360,2026-01-18 22:44:04+00:00,8.5,126.36,60,1.6,015 km N 10° E of Hinatuan (Surigao Del Sur),Ms,TECTONIC
1361,2026-01-18 22:41:51+00:00,9.62,126.53,13,2.0,044 km S 66° E of General Luna (Surigao Del Norte),Ms,TECTONIC
1362,2026-01-18 22:30:39+00:00,6.47,123.74,4,3.2,035 km S 74° W of Kalamansig (Sultan Kudarat),Ms,TECTONIC
1363,2026-01-18 21:54:10+00:00,3.62,126.38,96,3.6,226 km S 28° E of Balut Island (Municipality Of Sarangani) (Davao Occidental),Ms,TECTONIC
1364,2026-01-18 20:52:07+00:00,10.34,125.15,1,2.7,007 km N 08° E of Saint Bernard (Southern Leyte),Ms,TECTONIC
1365,2026-01-18 20:20:38+00:00,16.97,120.48,14,2.1,003 km S 68° W of Suyo (Ilocos Sur),Ms,TECTONIC
1366,2026-01-18 20:19:15+00:00,15.46,121.83,14,1.6,043 km S 41° E of Baler (Aurora),Ms,TECTONIC
1367,2026-01-18 19:59:39+00:00,11.1,124.2,27,2.0,025 km N 76° E of City Of Bogo (Cebu),Ms,TECTONIC
1368,2026-01-18 19:41:40+00:00,12.0,121.47,25,2.0,011 km N 50° W of Caluya (Antique),Ms,TECTONIC
1369,2026-01-18 19:03:48+00:00,15.45,120.11,18,2.7,019 km N 45° E of Iba (Zambales),Ms,TECTONIC
1370,2026-01-18 18:54:27+00:00,18.04,120.76,30,1.2,006 km S 15° W of Solsona (Ilocos Norte),Ms,TECTONIC
1371,2026-01-18 17:57:08+00:00,18.53,120.8,18,2.5,001 km N 55° W of Dumalneg (Ilocos Norte),Ms,TECTONIC
1372,2026-01-18 17:53:19+00:00,16.51,120.04,40,2.8,021 km N 49° E of Bolinao (Pangasinan),Ms,TECTONIC
1373,2026-01-18 17:43:32+00:00,7.0,126.92,20,2.6,048 km S 61° E of Manay (Davao Oriental),Ms,TECTONIC
1374,2026-01-18 17:07:59+00:00,8.49,126.8,4,2.5,052 km N 75° E of Hinatuan (Surigao Del Sur),Ms,TECTONIC
1375,2026-01-18 16:41:09+00:00,13.54,121.13,2,1.8,007 km N 86° E of Verde Island (Batangas City) (Batangas),Ms,TECTONIC
1376,2026-01-18 16:33:33+00:00,9.19,126.74,10,2.4,056 km N 64° E of Bayabas (Surigao Del Sur),Ms,TECTONIC
1377,2026-01-18 16:18:43+00:00,10.21,122.12,8,2.0,032 km S 42° E of Anini-y (Antique),Ms,TECTONIC
1378,2026-01-18 16:07:55+00:00,6.97,127.13,3,2.8,070 km S 67° E of Manay (Davao Oriental),Ms,TECTONIC
1379,2026-01-18 16:01:53+00:00,7.05,127.11,7,3.3,065 km S 74° E of Manay (Davao Oriental),Ms,TECTONIC
1380,2026-01-18 15:47:22+00:00,4.28,126.47,19,3.9,171 km S 43° E of Balut Island (Municipality Of Sarangani) (Davao Occidental),Ms,TECTONIC
1381,2026-01-18 15:18:22+00:00,4.51,126.39,17,4.4,147 km S 47° E of Balut Island (Municipality Of Sarangani) (Davao Occidental),Ms,TECTONIC
1382,2026-01-18 15:01:27+00:00,7.98,126.67,25,2.1,030 km S 77° E of Lingig (Surigao Del Sur),Ms,TECTONIC
1383,2026-01-18 14:54:02+00:00,6.42,123.76,5,2.3,036 km S 65° W of Kalamansig (Sultan Kudarat),Ms,TECTONIC
1384,2026-01-18 14:52:00+00:00,6.53,124.04,21,2.1,003 km S 31° W of Kalamansig (Sultan Kudarat),Ms,TECTONIC
1385,2026-01-18 14:11:59+00:00,15.46,121.92,6,3.4,051 km S 49° E of Baler (Aurora),Ms,TECTONIC
1386,2026-01-18 12:34:47+00:00,15.03,123.01,4,2.2,062 km N 04° E of Tinaga Island (Vinzons) (Camarines Norte),Ms,TECTONIC
1387,2026-01-18 12:20:48+00:00,12.5,120.65,9,1.4,033 km S 76° W of Calintaan (Occidental Mindoro),Ms,TECTONIC
1388,2026-01-18 12:19:22+00:00,9.03,126.58,33,2.8,033 km N 69° E of Cagwait (Surigao Del Sur),Ms,TECTONIC
1389,2026-01-18 11:42:07+00:00,8.82,126.5,32,2.1,023 km N 85° E of Marihatag (Surigao Del Sur),Ms,TECTONIC
1390,2026-01-18 11:28:50+00:00,13.68,120.59,104,1.8,018 km S 15° W of Calatagan (Batangas),Ms,TECTONIC
1391,2026-01-18 09:58:20+00:00,13.62,120.34,42,2.4,015 km S 40° E of Looc (Occidental Mindoro),Ms,TECTONIC
1392,2026-01-18 09:47:13+00:00,9.59,124.01,33,1.6,001 km S 04° W of Loay (Bohol),Ms,TECTONIC
1393,2026-01-18 08:02:04+00:00,9.99,126.1,28,1.9,004 km S 43° E of Burgos (Surigao Del Norte),Ms,TECTONIC
1394,2026-01-18 07:53:57+00:00,13.41,120.79,33,1.3,007 km S 63° E of Abra De Ilog (Occidental Mindoro),Ms,TECTONIC
1395,2026-01-18 07:52:02+00:00,10.6,125.49,15,2.0,028 km N 20° W of Loreto (Dinagat Islands),Ms,TECTONIC
1396,2026-01-18 07:31:30+00:00,7.4,126.63,25,1.5,011 km N 41° E of Caraga (Davao Oriental),Ms,TECTONIC
1397,2026-01-18 07:25:21+00:00,13.73,120.58,84,1.6,013 km S 24° W of Calatagan (Batangas),Ms,TECTONIC
1398,2026-01-18 06:57:01+00:00,12.01,121.45,22,1.5,013 km N 52° W of Caluya (Antique),Ms,TECTONIC
1399,2026-01-18 06:50:23+00:00,6.44,123.71,1,2.8,040 km S 71° W of Kalamansig (Sultan Kudarat),Ms,TECTONIC
1400,2026-01-18 05:53:12+00:00,12.69,124.69,23,2.0,020 km N 20° W of Mondragon (Northern Samar),Ms,TECTONIC
1401,2026-01-18 05:01:07+00:00,8.62,126.51,32,2.5,031 km S 50° E of Marihatag (Surigao Del Sur),Ms,TECTONIC
1402,2026-01-18 03:55:51+00:00,6.43,123.74,1,4.2,037 km S 69° W of Kalamansig (Sultan Kudarat),Ms,TECTONIC
1403,2026-01-18 02:16:36+00:00,8.18,127.27,20,2.1,095 km N 81° E of Lingig (Surigao Del Sur),Ms,TECTONIC
1404,2026-01-18 01:24:41+00:00,10.51,123.12,7,1.8,024 km N 67° E of City Of La Carlota (Negros Occidental),ML,VOLCANO-TECTONIC
1405,2026-01-18 01:18:06+00:00,7.71,126.01,35,1.6,002 km N 85° E of Montevista (Davao De Oro),Ms,TECTONIC
1406,2026-01-18 00:58:12+00:00,16.19,119.84,42,1.6,002 km N 82° W of Bani (Pangasinan),Ms,TECTONIC
1407,2026-01-17 23:12:23+00:00,5.25,125.92,22,3.2,058 km S 72° E of Balut Island (Municipality Of Sarangani) (Davao Occidental),Ms,TECTONIC
1408,2026-01-17 22:48:09+00:00,5.52,125.34,13,2.8,015 km N 38° W of Balut Island (Municipality Of Sarangani) (Davao Occidental),Ms,TECTONIC
1409,2026-01-17 22:44:27+00:00,16.97,120.18,24,2.1,024 km N 59° W of Luna (La Union),Ms,TECTONIC
1410,2026-01-17 20:22:28+00:00,7.44,126.76,20,2.6,025 km N 59° E of Caraga (Davao Oriental),Ms,TECTONIC
1411,2026-01-17 19:50:35+00:00,13.77,120.49,93,3.1,017 km S 65° W of Calatagan (Batangas),Ms,TECTONIC
1412,2026-01-17 19:41:44+00:00,4.87,127.02,8,3.1,191 km S 53° E of Jose Abad Santos (Davao Occidental),Ms,TECTONIC
1413,2026-01-17 19:10:58+00:00,11.02,124.06,4,3.4,009 km S 73° E of City Of Bogo (Cebu),Ms,TECTONIC
1414,2026-01-17 19:00:37+00:00,9.36,126.07,9,2.0,010 km N 76° E of Cantilan (Surigao Del Sur),Ms,TECTONIC
1415,2026-01-17 17:16:24+00:00,8.51,123.37,33,1.9,002 km S 11° E of Polanco (Zamboanga Del Norte),Ms,TECTONIC
1416,2026-01-17 17:10:23+00:00,10.75,124.93,31,1.5,005 km S 04° W of Javier (Leyte),Ms,TECTONIC
1417,2026-01-17 16:59:18+00:00,7.9,121.47,30,3.0,077 km N 74° W of Siocon (Zamboanga Del Norte),Ms,TECTONIC
1418,2026-01-17 15:58:55+00:00,18.6,120.61,31,2.3,010 km N 23° W of Burgos (Ilocos Norte),Ms,TECTONIC
1419,2026-01-17 14:57:22+00:00,10.68,122.11,25,1.7,011 km N 19° W of San Joaquin (Iloilo),Ms,TECTONIC
1420,2026-01-17 13:40:50+00:00,5.56,125.1,40,2.4,031 km S 22° W of Glan (Sarangani),Ms,TECTONIC
1421,2026-01-17 13:29:32+00:00,6.49,126.43,50,2.6,043 km S 65° E of Governor Generoso (Davao Oriental),Ms,TECTONIC
1422,2026-01-17 12:39:52+00:00,13.55,120.59,125,2.0,044 km S 60° W of Mabini (Batangas),Ms,TECTONIC
1423,2026-01-17 12:16:08+00:00,7.1,125.51,20,2.2,023 km N 83° W of Island Garden City Of Samal (Davao Del Norte),Ms,TECTONIC
1424,2026-01-17 11:57:20+00:00,18.44,121.05,6,1.4,014 km S 23° E of Santa Praxedes (Cagayan),Ms,TECTONIC
1425,2026-01-17 10:50:41+00:00,13.94,119.91,2,2.8,025 km N 69° W of Lubang (Occidental Mindoro),Ms,TECTONIC
1426,2026-01-17 09:10:18+00:00,16.86,120.3,20,2.7,008 km N 88° W of Luna (La Union),Ms,TECTONIC
1427,2026-01-17 08:08:16+00:00,9.67,126.27,32,1.4,018 km S 46° E of General Luna (Surigao Del Norte),Ms,TECTONIC
1428,2026-01-17 08:03:16+00:00,14.01,123.82,22,1.5,019 km N 42° E of Garchitorena (Camarines Sur),Ms,TECTONIC
1429,2026-01-17 07:09:29+00:00,8.55,126.13,107,2.3,003 km N 18° E of Barobo (Surigao Del Sur),Ms,TECTONIC
1430,2026-01-17 05:38:43+00:00,11.4,121.93,12,2.3,014 km S 78° W of Culasi (Antique),Ms,TECTONIC
1431,2026-01-17 05:34:47+00:00,14.65,122.93,7,2.3,019 km N 08° W of Tinaga Island (Vinzons) (Camarines Norte),Ms,TECTONIC
1432,2026-01-17 05:34:22+00:00,11.05,123.98,3,2.9,001 km N 23° W of City Of Bogo (Cebu),Ms,TECTONIC
1433,2026-01-17 04:05:52+00:00,9.18,126.52,22,2.2,036 km N 61° E of Tago (Surigao Del Sur),Ms,TECTONIC
1434,2026-01-16 22:48:33+00:00,11.84,125.57,38,1.8,013 km N 77° E of Sulat (Eastern Samar),Ms,TECTONIC
1435,2026-01-16 21:52:29+00:00,6.91,123.78,2,2.4,032 km S 57° W of Datu Blah T. Sinsuat (Maguindanao Del Norte),Ms,TECTONIC
1436,2026-01-16 20:42:02+00:00,15.89,119.68,20,2.2,024 km S 64° W of Dasol (Pangasinan),Ms,TECTONIC
1437,2026-01-16 20:33:39+00:00,17.67,120.47,22,2.0,005 km S 75° E of Magsingal (Ilocos Sur),Ms,TECTONIC
1438,2026-01-16 19:57:07+00:00,17.67,120.47,32,2.1,007 km N 62° E of Santo Domingo (Ilocos Sur),Ms,TECTONIC
1439,2026-01-16 19:48:47+00:00,11.14,123.97,4,1.7,010 km N 07° W of City Of Bogo (Cebu),Ms,TECTONIC
1440,2026-01-16 18:14:03+00:00,13.75,120.49,3,1.8,018 km S 60° W of Calatagan (Batangas),Ms,TECTONIC
1441,2026-01-16 17:11:31+00:00,12.8,123.02,7,1.9,027 km S 66° W of Claveria (Masbate),Ms,TECTONIC
1442,2026-01-16 15:41:57+00:00,12.61,123.17,12,2.1,034 km S 14° W of Claveria (Masbate),Ms,TECTONIC
1443,2026-01-16 15:25:08+00:00,13.31,120.69,44,1.8,014 km N 49° E of Mamburao (Occidental Mindoro),Ms,TECTONIC
1444,2026-01-16 15:18:40+00:00,13.3,120.69,36,1.7,013 km N 54° E of Mamburao (Occidental Mindoro),Ms,TECTONIC
1445,2026-01-16 13:48:31+00:00,7.88,124.51,7,2.0,017 km S 64° E of Buadiposo-buntong (Lanao Del Sur),Ms,TECTONIC
1446,2026-01-16 12:42:38+00:00,8.62,126.53,5,2.1,032 km S 52° E of Marihatag (Surigao Del Sur),Ms,TECTONIC
1447,2026-01-16 11:54:42+00:00,7.24,127.05,18,3.6,056 km N 87° E of Manay (Davao Oriental),Ms,TECTONIC
1448,2026-01-16 11:54:25+00:00,7.41,126.77,13,2.1,025 km N 69° E of Caraga (Davao Oriental),Ms,TECTONIC
1449,2026-01-16 11:52:35+00:00,7.33,126.98,12,2.7,045 km N 89° E of Caraga (Davao Oriental),Ms,TECTONIC
1450,2026-01-16 11:04:54+00:00,6.37,126.14,39,3.5,032 km S 14° E of Governor Generoso (Davao Oriental),Ms,TECTONIC
1451,2026-01-16 10:48:24+00:00,6.1,126.96,57,3.0,116 km S 58° E of Governor Generoso (Davao Oriental),Ms,TECTONIC
1452,2026-01-16 10:42:03+00:00,9.66,124.75,40,1.7,021 km S 63° E of Anda (Bohol),Ms,TECTONIC
1453,2026-01-16 10:33:54+00:00,13.57,120.4,105,1.4,019 km N 21° W of Paluan (Occidental Mindoro),Ms,TECTONIC
1454,2026-01-16 09:33:17+00:00,9.8,124.87,29,1.6,025 km S 60° W of Limasawa (Southern Leyte),Ms,TECTONIC
1455,2026-01-16 09:02:00+00:00,9.89,126.36,1,2.7,025 km N 62° E of General Luna (Surigao Del Norte),Ms,TECTONIC
1456,2026-01-16 08:59:36+00:00,9.84,126.27,7,2.4,014 km N 63° E of General Luna (Surigao Del Norte),Ms,TECTONIC
1457,2026-01-16 08:31:20+00:00,8.77,123.66,11,2.1,014 km N 25° E of Baliangao (Misamis Occidental),Ms,TECTONIC
1458,2026-01-16 07:24:01+00:00,9.85,126.33,4,3.1,020 km N 68° E of General Luna (Surigao Del Norte),Ms,TECTONIC
1459,2026-01-16 06:31:00+00:00,7.54,126.74,30,4.3,021 km S 80° E of Baganga (Davao Oriental),Mw,TECTONIC
1460,2026-01-16 06:24:16+00:00,7.24,126.41,11,2.8,033 km S 76° E of Maragusan (Davao De Oro),Ms,TECTONIC
1461,2026-01-16 04:51:22+00:00,13.52,120.41,30,1.4,012 km N 27° W of Paluan (Occidental Mindoro),Ms,TECTONIC
1462,2026-01-16 03:25:17+00:00,17.78,120.64,33,1.4,009 km N 47° W of Lagayan (Abra),Ms,TECTONIC
1463,2026-01-16 01:49:28+00:00,12.03,121.47,17,2.0,013 km N 38° W of Caluya (Antique),Ms,TECTONIC
1464,2026-01-16 01:04:22+00:00,12.1,121.44,26,1.9,022 km N 31° W of Caluya (Antique),Ms,TECTONIC
1465,2026-01-15 21:46:37+00:00,20.26,121.66,28,3.0,024 km S 69° W of Sabtang (Batanes),Ms,TECTONIC
1466,2026-01-15 20:48:47+00:00,10.93,123.96,4,2.9,013 km S 09° W of City Of Bogo (Cebu),Ms,TECTONIC
1467,2026-01-15 20:30:00+00:00,13.82,120.53,121,2.0,011 km S 80° W of Calatagan (Batangas),Ms,TECTONIC
1468,2026-01-15 19:59:34+00:00,17.26,120.47,92,1.6,003 km N 09° E of Banayoyo (Ilocos Sur),Ms,TECTONIC
1469,2026-01-15 19:50:00+00:00,6.38,127.6,14,4.2,148 km S 60° E of Tarragona (Davao Oriental),Ms,TECTONIC
1470,2026-01-15 19:30:16+00:00,11.53,125.67,20,2.7,019 km N 71° E of Balangkayan (Eastern Samar),Ms,TECTONIC
1471,2026-01-15 18:12:18+00:00,8.1,126.35,88,2.3,009 km N 43° W of Lingig (Surigao Del Sur),Ms,TECTONIC
1472,2026-01-15 16:48:21+00:00,14.36,120.43,170,3.2,011 km S 38° W of Mariveles (Bataan),Ms,TECTONIC
1473,2026-01-15 16:13:35+00:00,16.47,120.91,3,2.0,013 km N 10° E of Kayapa (Nueva Vizcaya),Ms,TECTONIC
1474,2026-01-15 15:24:55+00:00,7.88,124.69,9,2.6,017 km N 21° W of Kalilangan (Bukidnon),Ms,TECTONIC
1475,2026-01-15 15:20:41+00:00,11.24,125.38,20,1.9,014 km N 38° E of Lawaan (Eastern Samar),Ms,TECTONIC
1476,2026-01-15 14:08:47+00:00,17.96,120.73,24,1.8,009 km N 56° E of Nueva Era (Ilocos Norte),Ms,TECTONIC
1477,2026-01-15 14:03:05+00:00,13.78,120.38,72,1.6,016 km N 64° E of Looc (Occidental Mindoro),Ms,TECTONIC
1478,2026-01-15 14:00:02+00:00,13.9,121.03,96,1.5,003 km S 76° W of Cuenca (Batangas),Ms,TECTONIC
1479,2026-01-15 13:42:31+00:00,17.49,120.28,4,2.2,013 km S 62° W of Caoayan (Ilocos Sur),Ms,TECTONIC
1480,2026-01-15 12:33:31+00:00,7.34,123.51,30,1.5,017 km S 38° E of Tabina (Zamboanga Del Sur),Ms,TECTONIC
1481,2026-01-15 05:52:17+00:00,8.74,126.56,5,1.8,029 km S 77° E of Marihatag (Surigao Del Sur),Ms,TECTONIC
1482,2026-01-15 04:39:00+00:00,15.8,121.05,35,1.7,006 km N 87° E of San Jose City (Nueva Ecija),Ms,TECTONIC
1483,2026-01-15 04:11:10+00:00,13.83,120.3,34,1.5,013 km N 26° E of Looc (Occidental Mindoro),Ms,TECTONIC
1484,2026-01-15 01:22:17+00:00,10.91,123.98,2,3.0,015 km S 02° W of City Of Bogo (Cebu),Ms,TECTONIC
1485,2026-01-15 01:21:36+00:00,11.04,123.95,8,1.6,004 km S 80° W of City Of Bogo (Cebu),Ms,TECTONIC
1486,2026-01-15 01:10:07+00:00,10.46,123.14,1,2.2,012 km N 47° W of City Of Canlaon (Negros Oriental),ML,VOLCANO-TECTONIC
1487,2026-01-15 00:04:15+00:00,10.46,123.07,10,2.8,016 km N 78° E of City Of La Carlota (Negros Occidental),ML,VOLCANO-TECTONIC
1488,2026-01-14 23:13:43+00:00,6.82,123.91,33,1.6,030 km S 23° W of Datu Blah T. Sinsuat (Maguindanao Del Norte),Ms,TECTONIC
1489,2026-01-14 22:38:17+00:00,15.39,120.08,34,1.2,013 km N 29° E of Botolan (Zambales),Ms,TECTONIC
1490,2026-01-14 22:10:24+00:00,14.19,123.6,1,2.1,035 km N 17° W of Garchitorena (Camarines Sur),Ms,TECTONIC
1491,2026-01-14 21:29:23+00:00,13.68,120.59,93,1.6,018 km S 15° W of Calatagan (Batangas),Ms,TECTONIC
1492,2026-01-14 19:59:52+00:00,9.5,122.67,28,2.1,010 km N 22° E of Basay (Negros Oriental),Ms,TECTONIC
1493,2026-01-14 19:48:11+00:00,16.08,121.51,2,2.3,020 km S 32° W of Nagtipunan (Quirino),Ms,TECTONIC
1494,2026-01-14 19:21:34+00:00,9.06,125.93,146,2.6,018 km N 42° W of San Miguel (Surigao Del Sur),Ms,TECTONIC
1495,2026-01-14 18:40:10+00:00,11.09,123.83,17,1.8,008 km S 33° E of Santa Fe (Cebu),Ms,TECTONIC
1496,2026-01-14 18:31:44+00:00,16.06,121.55,7,1.9,024 km N 03° E of Dipaculao (Aurora),Ms,TECTONIC
1497,2026-01-14 18:26:57+00:00,7.69,126.48,20,2.2,012 km S 14° E of Cateel (Davao Oriental),Ms,TECTONIC
1498,2026-01-14 18:26:04+00:00,10.45,123.07,8,1.9,016 km N 23° E of La Castellana (Negros Occidental),ML,VOLCANO-TECTONIC
1499,2026-01-14 18:12:09+00:00,10.45,123.08,8,1.5,016 km N 24° E of La Castellana (Negros Occidental),ML,VOLCANO-TECTONIC
1500,2026-01-14 18:00:31+00:00,2.15,127.01,130,4.9,402 km S 26° E of Balut Island (Municipality Of Sarangani) (Davao Occidental),Ms,TECTONIC
1501,2026-01-14 17:47:50+00:00,7.19,127.43,10,3.2,098 km S 89° E of Manay (Davao Oriental),Ms,TECTONIC
1502,2026-01-14 17:41:38+00:00,10.46,123.08,8,1.2,016 km N 25° E of La Castellana (Negros Occidental),ML,VOLCANO-TECTONIC
1503,2026-01-14 16:56:57+00:00,9.61,126.17,14,2.4,020 km S 06° E of General Luna (Surigao Del Norte),Ms,TECTONIC
1504,2026-01-14 16:42:01+00:00,17.31,121.43,27,2.0,015 km N 12° E of Paracelis (Mountain Province),Ms,TECTONIC
1505,2026-01-14 16:36:30+00:00,9.77,122.35,17,1.8,009 km N 87° W of City Of Sipalay (Negros Occidental),Ms,TECTONIC
1506,2026-01-14 15:49:33+00:00,13.86,124.06,21,2.1,024 km N 68° E of Caramoan (Camarines Sur),Ms,TECTONIC
1507,2026-01-14 14:37:54+00:00,10.28,123.13,11,1.6,006 km N 76° E of Moises Padilla (Negros Occidental),ML,VOLCANO-TECTONIC
1508,2026-01-14 14:26:27+00:00,10.29,123.13,2,1.1,007 km N 69° E of Moises Padilla (Negros Occidental),ML,VOLCANO-TECTONIC
1509,2026-01-14 12:31:22+00:00,7.26,127.01,12,2.1,052 km N 84° E of Manay (Davao Oriental),Ms,TECTONIC
1510,2026-01-14 12:29:45+00:00,7.19,126.93,20,2.3,047 km S 88° E of Manay (Davao Oriental),Ms,TECTONIC
1511,2026-01-14 12:17:00+00:00,7.23,126.9,10,2.6,040 km N 86° E of Manay (Davao Oriental),Ms,TECTONIC
1512,2026-01-14 12:06:08+00:00,13.62,125.33,34,2.4,103 km S 80° E of Gigmoto (Catanduanes),Ms,TECTONIC
1513,2026-01-14 11:05:44+00:00,19.06,121.03,20,1.9,019 km S 73° W of Dalupiri Island (Calayan) (Cagayan),Ms,TECTONIC
1514,2026-01-14 10:47:27+00:00,20.51,121.82,70,2.9,016 km N 66° W of Basco (Batanes),Ms,TECTONIC
1515,2026-01-14 10:12:35+00:00,13.67,120.68,27,1.8,019 km S 15° E of Calatagan (Batangas),Ms,TECTONIC
1516,2026-01-14 10:10:04+00:00,15.92,119.66,22,2.0,029 km S 62° W of Burgos (Pangasinan),Ms,TECTONIC
1517,2026-01-14 09:35:16+00:00,10.45,123.06,7,2.0,015 km N 20° E of La Castellana (Negros Occidental),ML,VOLCANO-TECTONIC
1518,2026-01-14 08:53:04+00:00,10.01,122.33,8,2.0,033 km N 82° W of Cauayan (Negros Occidental),Ms,TECTONIC
1519,2026-01-14 08:49:49+00:00,6.38,126.43,124,2.9,050 km S 53° E of Governor Generoso (Davao Oriental),Ms,TECTONIC
1520,2026-01-14 08:26:25+00:00,10.46,123.07,7,1.8,017 km N 76° E of City Of La Carlota (Negros Occidental),ML,VOLCANO-TECTONIC
1521,2026-01-14 08:12:44+00:00,11.07,124.09,2,2.0,013 km N 77° E of City Of Bogo (Cebu),Ms,TECTONIC
1522,2026-01-14 06:05:03+00:00,9.74,123.19,7,1.4,005 km S 61° E of Bindoy (Negros Oriental),Ms,TECTONIC
1523,2026-01-14 03:26:07+00:00,10.45,123.07,7,1.6,017 km N 80° E of City Of La Carlota (Negros Occidental),ML,VOLCANO-TECTONIC
1524,2026-01-14 02:33:42+00:00,10.45,123.09,9,1.7,019 km N 82° E of City Of La Carlota (Negros Occidental),ML,VOLCANO-TECTONIC
1525,2026-01-14 02:22:49+00:00,9.68,126.05,19,1.8,016 km S 45° W of General Luna (Surigao Del Norte),Ms,TECTONIC
1526,2026-01-14 02:13:57+00:00,10.02,122.55,4,2.0,009 km N 60° W of Cauayan (Negros Occidental),Ms,TECTONIC
1527,2026-01-14 01:42:17+00:00,7.05,126.74,33,2.7,028 km S 52° E of Manay (Davao Oriental),Ms,TECTONIC
1528,2026-01-14 01:23:43+00:00,10.46,123.07,9,3.5,017 km N 76° E of City Of La Carlota (Negros Occidental),ML,VOLCANO-TECTONIC
1529,2026-01-14 00:57:34+00:00,7.69,124.72,11,2.0,005 km N 01° W of Wao (Lanao Del Sur),Ms,TECTONIC
1530,2026-01-14 00:40:41+00:00,10.46,123.06,8,2.7,016 km N 75° E of City Of La Carlota (Negros Occidental),ML,VOLCANO-TECTONIC
1531,2026-01-14 00:12:35+00:00,10.45,123.07,9,3.0,017 km N 80° E of City Of La Carlota (Negros Occidental),ML,VOLCANO-TECTONIC
1532,2026-01-13 21:32:29+00:00,10.46,123.07,8,1.4,016 km N 78° E of City Of La Carlota (Negros Occidental),ML,VOLCANO-TECTONIC
1533,2026-01-13 21:20:07+00:00,10.47,123.07,8,2.1,017 km N 73° E of City Of La Carlota (Negros Occidental),ML,VOLCANO-TECTONIC
1534,2026-01-13 21:07:14+00:00,16.56,121.64,11,2.5,006 km S 87° W of Jones (Isabela),Ms,TECTONIC
1535,2026-01-13 20:40:56+00:00,10.47,123.07,9,1.7,017 km N 74° E of City Of La Carlota (Negros Occidental),ML,VOLCANO-TECTONIC
1536,2026-01-13 20:14:26+00:00,10.45,123.03,7,1.9,012 km N 77° E of City Of La Carlota (Negros Occidental),Ms,VOLCANO-TECTONIC
1537,2026-01-13 20:06:27+00:00,10.46,123.08,8,3.9,017 km N 79° E of City Of La Carlota (Negros Occidental),ML,VOLCANO-TECTONIC
1538,2026-01-13 19:49:23+00:00,13.61,120.9,19,1.9,006 km S 30° E of Tingloy (Batangas),Ms,TECTONIC
1539,2026-01-13 19:44:09+00:00,10.91,123.99,3,2.2,015 km S 04° E of City Of Bogo (Cebu),Ms,TECTONIC
1540,2026-01-13 19:28:13+00:00,10.46,123.07,10,3.3,016 km N 76° E of City Of La Carlota (Negros Occidental),ML,VOLCANO-TECTONIC
1541,2026-01-13 18:00:47+00:00,5.47,127.39,172,3.9,196 km S 48° E of Governor Generoso (Davao Oriental),Ms,TECTONIC
1542,2026-01-13 17:22:59+00:00,4.8,124.36,26,4.3,135 km S 13° W of Kiamba (Sarangani),Ms,TECTONIC
1543,2026-01-13 17:09:53+00:00,11.93,125.02,28,1.9,013 km S 01° W of San Jose De Buan (Samar),Ms,TECTONIC
1544,2026-01-13 17:06:12+00:00,10.57,122.49,11,2.3,015 km S 48° W of Jordan (Guimaras),Ms,TECTONIC
1545,2026-01-13 16:47:37+00:00,12.82,123.04,13,1.9,024 km S 69° W of Claveria (Masbate),Ms,TECTONIC
1546,2026-01-13 16:22:58+00:00,9.5,125.4,27,1.6,015 km S 71° W of Mainit (Surigao Del Norte),Ms,TECTONIC
1547,2026-01-13 15:19:13+00:00,13.94,119.88,10,1.4,028 km N 71° W of Lubang (Occidental Mindoro),Ms,TECTONIC
1548,2026-01-13 14:47:52+00:00,12.82,123.0,9,2.0,028 km S 72° W of Claveria (Masbate),Ms,TECTONIC
1549,2026-01-13 14:40:25+00:00,7.36,126.91,16,2.0,044 km N 69° E of Manay (Davao Oriental),Ms,TECTONIC
1550,2026-01-13 14:10:30+00:00,16.33,120.8,26,1.5,010 km S 70° W of Kayapa (Nueva Vizcaya),Ms,TECTONIC
1551,2026-01-13 14:02:04+00:00,18.4,120.96,15,1.4,009 km S 45° E of Adams (Ilocos Norte),Ms,TECTONIC
1552,2026-01-13 13:25:18+00:00,18.44,120.68,22,1.7,009 km S 22° E of Burgos (Ilocos Norte),Ms,TECTONIC
1553,2026-01-13 13:17:43+00:00,9.7,126.77,8,3.8,068 km S 82° E of General Luna (Surigao Del Norte),Ms,TECTONIC
1554,2026-01-13 12:54:27+00:00,18.88,120.75,16,2.7,036 km N 06° W of Pagudpud (Ilocos Norte),Ms,TECTONIC
1555,2026-01-13 11:32:29+00:00,5.99,126.65,42,2.6,097 km S 41° E of Governor Generoso (Davao Oriental),Ms,TECTONIC
1556,2026-01-13 11:15:10+00:00,12.88,121.0,5,2.2,024 km N 80° E of Sablayan (Occidental Mindoro),Ms,TECTONIC
1557,2026-01-13 10:57:39+00:00,10.82,123.75,8,2.0,013 km N 41° W of Tuburan (Cebu),Ms,TECTONIC
1558,2026-01-13 10:55:04+00:00,6.01,125.91,157,2.3,031 km N 70° E of Jose Abad Santos (Davao Occidental),Ms,TECTONIC
1559,2026-01-13 10:22:39+00:00,17.95,119.59,18,2.0,091 km N 64° W of Santa Catalina (Ilocos Sur),Ms,TECTONIC
1560,2026-01-13 10:12:42+00:00,5.69,127.31,9,3.5,173 km S 52° E of Governor Generoso (Davao Oriental),Ms,TECTONIC
1561,2026-01-13 09:08:27+00:00,15.36,119.79,21,2.0,015 km S 56° W of Palauig (Zambales),Ms,TECTONIC
1562,2026-01-13 08:51:49+00:00,11.03,124.04,3,2.0,007 km S 79° E of City Of Bogo (Cebu),Ms,TECTONIC
1563,2026-01-13 08:50:21+00:00,7.05,126.56,15,3.1,018 km S 09° E of Manay (Davao Oriental),Ms,TECTONIC
1564,2026-01-13 08:14:50+00:00,6.17,126.51,8,3.0,072 km S 42° E of Governor Generoso (Davao Oriental),Ms,TECTONIC
1565,2026-01-13 06:28:38+00:00,11.12,124.12,4,2.3,017 km N 63° E of City Of Bogo (Cebu),Ms,TECTONIC
1566,2026-01-13 04:36:40+00:00,13.41,120.52,132,1.5,006 km S 83° E of Paluan (Occidental Mindoro),Ms,TECTONIC
1567,2026-01-13 03:54:37+00:00,17.25,120.37,15,2.1,012 km N 41° W of City Of Candon (Ilocos Sur),Ms,TECTONIC
1568,2026-01-13 03:48:08+00:00,2.89,126.05,34,4.0,288 km S 14° E of Balut Island (Municipality Of Sarangani) (Davao Occidental),Ms,TECTONIC
1569,2026-01-13 03:42:56+00:00,7.17,126.96,7,2.0,046 km S 84° E of Manay (Davao Oriental),Ms,TECTONIC
1570,2026-01-13 03:11:45+00:00,14.46,119.82,31,1.6,054 km S 64° W of Morong (Bataan),Ms,TECTONIC
1571,2026-01-13 01:57:10+00:00,2.58,128.01,33,4.1,425 km S 43° E of Balut Island (Municipality Of Sarangani) (Davao Occidental),Ms,TECTONIC
1572,2026-01-13 01:27:12+00:00,2.67,126.72,100,5.1,336 km S 25° E of Balut Island (Municipality Of Sarangani) (Davao Occidental),Mw,TECTONIC
1573,2026-01-12 22:43:27+00:00,6.19,124.66,19,1.8,006 km S 57° W of Lake Sebu (South Cotabato),Ms,TECTONIC
1574,2026-01-12 22:14:36+00:00,9.57,126.18,33,1.9,024 km S 06° E of General Luna (Surigao Del Norte),Ms,TECTONIC
1575,2026-01-12 22:04:51+00:00,7.16,126.93,7,2.8,043 km S 82° E of Manay (Davao Oriental),Ms,TECTONIC
1576,2026-01-12 21:33:23+00:00,10.62,122.32,8,1.9,004 km South of Guimbal (Iloilo),Ms,TECTONIC
1577,2026-01-12 21:33:03+00:00,2.95,127.01,32,4.3,324 km S 33° E of Balut Island (Municipality Of Sarangani) (Davao Occidental),Ms,TECTONIC
1578,2026-01-12 21:03:26+00:00,3.69,126.71,246,4.3,242 km S 14° E of Balut Island (Municipality Of Sarangani) (Davao Occidental),Ms,TECTONIC
1579,2026-01-12 20:42:40+00:00,13.07,123.93,28,2.0,009 km S 53° E of Manito (Albay),Ms,TECTONIC
1580,2026-01-12 20:38:18+00:00,13.21,123.82,34,1.7,006 km S 53° E of Santo Domingo (Albay),Ms,TECTONIC
1581,2026-01-12 20:31:28+00:00,13.75,120.62,111,1.6,009 km S 06° W of Calatagan (Batangas),Ms,TECTONIC
1582,2026-01-12 20:22:58+00:00,13.1,123.93,10,2.4,007 km S 70° E of Manito (Albay),Ms,TECTONIC
1583,2026-01-12 20:06:16+00:00,7.14,126.89,10,3.4,040 km S 79° E of Manay (Davao Oriental),Ms,TECTONIC
1584,2026-01-12 19:53:39+00:00,8.06,126.62,34,2.3,023 km N 84° E of Lingig (Surigao Del Sur),Ms,TECTONIC
1585,2026-01-12 19:52:16+00:00,15.48,119.86,31,1.8,008 km N 45° W of Palauig (Zambales),Ms,TECTONIC
1586,2026-01-12 19:48:44+00:00,15.5,119.94,26,2.1,004 km S 23° W of Masinloc (Zambales),Ms,TECTONIC
1587,2026-01-12 19:47:02+00:00,8.05,126.47,26,1.9,007 km N 75° E of Lingig (Surigao Del Sur),Ms,TECTONIC
1588,2026-01-12 19:33:38+00:00,9.59,122.41,21,2.2,006 km S 76° W of Hinoba-an (Negros Occidental),Ms,TECTONIC
1589,2026-01-12 19:03:36+00:00,9.49,122.3,19,2.4,022 km S 56° W of Hinoba-an (Negros Occidental),Ms,TECTONIC
1590,2026-01-12 18:43:49+00:00,11.07,124.07,5,1.8,024 km S 81° E of City Of Bogo (Cebu),Ms,TECTONIC
1591,2026-01-12 18:38:02+00:00,17.27,120.31,17,2.0,014 km S 80° W of Santiago (Ilocos Sur),Ms,TECTONIC
1592,2026-01-12 18:25:27+00:00,7.46,126.74,13,2.4,036 km N 38° E of Manay (Davao Oriental),Ms,TECTONIC
1593,2026-01-12 17:43:46+00:00,16.1,122.0,18,1.8,007 km S 51° E of Dinalungan (Aurora),Ms,TECTONIC
1594,2026-01-12 17:33:49+00:00,7.77,126.85,25,2.0,039 km N 56° E of Baganga (Davao Oriental),Ms,TECTONIC
1595,2026-01-12 17:30:15+00:00,7.17,126.84,24,2.4,033 km S 81° E of Manay (Davao Oriental),Ms,TECTONIC
1596,2026-01-12 17:12:55+00:00,9.95,126.09,12,2.2,007 km S 15° E of Burgos (Surigao Del Norte),Ms,TECTONIC
1597,2026-01-12 16:50:57+00:00,9.96,126.14,37,1.7,009 km S 49° E of Burgos (Surigao Del Norte),Ms,TECTONIC
1598,2026-01-12 16:48:20+00:00,10.01,126.21,16,4.6,015 km S 85° E of Burgos (Surigao Del Norte),Mw,TECTONIC
1599,2026-01-12 16:39:45+00:00,8.83,126.44,3,1.9,019 km S 57° E of Cagwait (Surigao Del Sur),Ms,TECTONIC
1600,2026-01-12 16:38:58+00:00,8.98,126.67,3,2.6,041 km N 81° E of Cagwait (Surigao Del Sur),Ms,TECTONIC
1601,2026-01-12 16:36:00+00:00,10.12,122.41,11,2.4,028 km N 55° W of Cauayan (Negros Occidental),Ms,TECTONIC
1602,2026-01-12 16:28:28+00:00,6.14,125.36,60,1.8,009 km N 64° E of Alabel (Sarangani),Ms,TECTONIC
1603,2026-01-12 15:45:14+00:00,6.54,127.19,2,3.1,100 km S 55° E of Tarragona (Davao Oriental),Ms,TECTONIC
1604,2026-01-12 15:10:29+00:00,18.11,120.76,56,2.8,008 km S 68° W of Carasi (Ilocos Norte),Ms,TECTONIC
1605,2026-01-12 15:03:42+00:00,10.95,123.95,2,3.0,011 km S 16° W of City Of Bogo (Cebu),Ms,TECTONIC
1606,2026-01-12 14:57:25+00:00,12.82,123.61,2,2.7,009 km S 10° E of Donsol (Sorsogon),Ms,TECTONIC
1607,2026-01-12 14:48:59+00:00,7.84,124.67,5,2.3,007 km N 09° W of Amai Manabilang (Lanao Del Sur),Ms,TECTONIC
1608,2026-01-12 13:52:41+00:00,10.27,125.12,32,1.9,016 km S 31° W of Hinunangan (Southern Leyte),Ms,TECTONIC
1609,2026-01-12 12:14:56+00:00,16.74,120.49,2,2.0,007 km S 45° E of Santol (La Union),Ms,TECTONIC
1610,2026-01-12 12:06:29+00:00,13.93,120.55,94,1.7,014 km N 37° W of Calatagan (Batangas),Ms,TECTONIC
1611,2026-01-12 12:03:42+00:00,11.05,124.74,4,2.1,013 km N 22° E of Albuera (Leyte),Ms,TECTONIC
1612,2026-01-12 11:21:50+00:00,18.45,120.79,27,2.1,008 km S 13° W of Dumalneg (Ilocos Norte),Ms,TECTONIC
1613,2026-01-12 11:16:31+00:00,17.36,121.43,10,2.2,013 km S 15° W of City Of Tabuk (Kalinga),Ms,TECTONIC
1614,2026-01-12 11:12:52+00:00,7.31,126.46,5,2.3,012 km S 79° W of Caraga (Davao Oriental),Ms,TECTONIC
1615,2026-01-12 10:53:46+00:00,19.01,121.16,8,2.4,012 km S 22° W of Dalupiri Island (Calayan) (Cagayan),Ms,TECTONIC
1616,2026-01-12 10:38:43+00:00,10.41,126.0,20,2.0,048 km S 39° E of Homonhon Island (Guiuan) (Eastern Samar),Ms,TECTONIC
1617,2026-01-12 10:26:00+00:00,9.71,126.29,10,2.0,015 km S 59° E of General Luna (Surigao Del Norte),Ms,TECTONIC
1618,2026-01-12 09:53:27+00:00,14.69,120.14,33,1.8,013 km N 87° W of Morong (Bataan),Ms,TECTONIC
1619,2026-01-12 09:27:54+00:00,16.17,120.01,35,1.4,003 km N 59° E of City Of Alaminos (Pangasinan),Ms,TECTONIC
1620,2026-01-12 09:10:34+00:00,9.72,125.66,110,2.6,023 km S 03° W of Cagdianao (Dinagat Islands),Ms,TECTONIC
1621,2026-01-12 08:59:58+00:00,13.51,120.76,34,1.6,008 km N 29° E of Abra De Ilog (Occidental Mindoro),Ms,TECTONIC
1622,2026-01-12 07:59:00+00:00,13.76,120.61,89,2.0,008 km S 16° W of Calatagan (Batangas),unspecified,unspecified
1623,2026-01-12 07:22:55+00:00,11.05,123.95,8,2.5,003 km N 74° W of City Of Bogo (Cebu),Ms,TECTONIC
1624,2026-01-12 06:55:30+00:00,7.38,126.88,26,2.4,036 km N 80° E of Caraga (Davao Oriental),Ms,TECTONIC
1625,2026-01-12 05:48:31+00:00,14.07,120.42,112,1.4,023 km S 89° W of Nasugbu (Batangas),Ms,TECTONIC
1626,2026-01-12 05:09:50+00:00,10.88,123.99,6,2.6,019 km S 05° E of City Of Bogo (Cebu),Ms,TECTONIC
1627,2026-01-12 04:21:02+00:00,8.79,126.46,31,2.1,018 km S 86° E of Marihatag (Surigao Del Sur),Ms,TECTONIC
1628,2026-01-12 04:12:34+00:00,9.65,126.67,12,3.1,058 km S 75° E of General Luna (Surigao Del Norte),Ms,TECTONIC
1629,2026-01-12 04:03:41+00:00,7.05,126.96,10,2.4,050 km S 68° E of Manay (Davao Oriental),Ms,TECTONIC
1630,2026-01-12 02:37:13+00:00,10.61,122.3,7,2.0,006 km S 28° W of Guimbal (Iloilo),Ms,TECTONIC
1631,2026-01-12 01:47:30+00:00,6.39,126.65,21,2.3,070 km S 65° E of Governor Generoso (Davao Oriental),Ms,TECTONIC
1632,2026-01-11 23:20:54+00:00,11.13,123.99,2,2.4,009 km N 05° E of City Of Bogo (Cebu),Ms,TECTONIC
1633,2026-01-11 23:05:29+00:00,10.98,124.2,26,1.9,025 km S 72° E of City Of Bogo (Cebu),Ms,TECTONIC
1634,2026-01-11 22:23:51+00:00,9.24,122.45,13,3.5,028 km S 48° W of Basay (Negros Oriental),Ms,TECTONIC
1635,2026-01-11 21:45:59+00:00,13.94,120.43,117,2.0,025 km N 61° W of Calatagan (Batangas),Ms,TECTONIC
1636,2026-01-11 21:02:30+00:00,17.81,120.67,4,1.9,010 km N 24° W of Lagayan (Abra),Ms,TECTONIC
1637,2026-01-11 20:10:25+00:00,11.2,124.26,3,2.9,017 km S 46° W of Tabango (Leyte),Ms,TECTONIC
1638,2026-01-11 20:09:52+00:00,3.14,127.28,211,4.3,325 km S 39° E of Balut Island (Municipality Of Sarangani) (Davao Occidental),Ms,TECTONIC
1639,2026-01-11 19:29:19+00:00,7.52,126.63,17,2.4,022 km N 18° E of Caraga (Davao Oriental),Ms,TECTONIC
1640,2026-01-11 19:07:20+00:00,11.24,124.22,3,2.6,018 km S 64° W of Tabango (Leyte),Ms,TECTONIC
1641,2026-01-11 17:37:20+00:00,7.19,126.4,31,1.6,015 km S 79° W of Manay (Davao Oriental),Ms,TECTONIC
1642,2026-01-11 17:34:50+00:00,7.37,126.79,5,2.9,033 km N 58° E of Manay (Davao Oriental),Ms,TECTONIC
1643,2026-01-11 17:31:43+00:00,7.27,126.27,6,2.5,017 km S 70° E of Maragusan (Davao De Oro),Ms,TECTONIC
1644,2026-01-11 17:28:01+00:00,7.25,126.31,4,4.3,022 km S 70° E of Maragusan (Davao De Oro),Mw,TECTONIC
1645,2026-01-11 17:12:21+00:00,17.81,120.66,4,3.4,011 km N 25° W of Lagayan (Abra),Ms,TECTONIC
1646,2026-01-11 17:07:58+00:00,7.22,126.95,11,2.6,046 km N 89° E of Manay (Davao Oriental),Ms,TECTONIC
1647,2026-01-11 16:30:57+00:00,10.99,123.78,30,1.8,018 km S 06° W of Santa Fe (Cebu),Ms,TECTONIC
1648,2026-01-11 16:28:59+00:00,9.89,122.43,18,2.4,024 km S 67° W of Cauayan (Negros Occidental),Ms,TECTONIC
1649,2026-01-11 15:56:46+00:00,13.57,120.54,38,2.0,019 km N 27° E of Paluan (Occidental Mindoro),Ms,TECTONIC
1650,2026-01-11 15:37:03+00:00,9.15,126.12,105,3.1,010 km N 31° W of City Of Tandag (Surigao Del Sur),Ms,TECTONIC
1651,2026-01-11 14:31:32+00:00,7.3,126.94,15,2.6,045 km N 78° E of Manay (Davao Oriental),Ms,TECTONIC
1652,2026-01-11 13:06:22+00:00,6.93,127.06,29,2.4,067 km S 62° E of Manay (Davao Oriental),Ms,TECTONIC
1653,2026-01-11 11:53:27+00:00,7.24,126.95,16,2.2,045 km N 86° E of Manay (Davao Oriental),Ms,TECTONIC
1654,2026-01-11 10:39:56+00:00,10.54,125.84,30,2.0,026 km S 31° E of Homonhon Island (Guiuan) (Eastern Samar),Ms,TECTONIC
1655,2026-01-11 09:14:55+00:00,16.9,119.82,2,3.4,060 km N 85° W of Luna (La Union),Ms,TECTONIC
1656,2026-01-11 07:29:09+00:00,10.63,122.32,7,2.8,009 km S 86° E of Miagao (Iloilo),Ms,TECTONIC
1657,2026-01-11 06:34:12+00:00,13.71,120.78,89,1.5,028 km N 89° W of Nasugbu (Batangas),Ms,TECTONIC
1658,2026-01-11 05:48:08+00:00,10.26,126.22,2,2.3,031 km N 31° E of Burgos (Surigao Del Norte),Ms,TECTONIC
1659,2026-01-11 03:46:23+00:00,13.68,124.17,23,1.5,012 km N 39° E of San Andres (Catanduanes),Ms,TECTONIC
1660,2026-01-11 03:21:12+00:00,12.54,123.58,2,3.5,012 km N 53° E of Baleno (Masbate),Ms,TECTONIC
1661,2026-01-11 02:39:20+00:00,17.61,121.38,12,3.6,004 km S 88° W of Pinukpuk (Kalinga),Ms,TECTONIC
1662,2026-01-11 00:04:57+00:00,7.79,126.78,27,1.4,034 km N 45° E of Baganga (Davao Oriental),Ms,TECTONIC
1663,2026-01-10 22:51:19+00:00,11.14,124.68,11,1.7,013 km S 66° W of Jaro (Leyte),Ms,TECTONIC
1664,2026-01-10 22:39:06+00:00,7.84,126.48,33,2.0,006 km N 24° E of Cateel (Davao Oriental),Ms,TECTONIC
1665,2026-01-10 22:22:27+00:00,8.06,121.65,31,3.4,061 km N 63° W of Baliguian (Zamboanga Del Norte),Ms,TECTONIC
1666,2026-01-10 21:33:08+00:00,6.59,126.15,14,2.1,011 km S 49° E of Governor Generoso (Davao Oriental),Ms,TECTONIC
1667,2026-01-10 21:02:31+00:00,15.3,120.32,120,1.7,025 km S 38° W of San Jose (Tarlac),Ms,TECTONIC
1668,2026-01-10 20:43:55+00:00,17.52,120.01,14,2.1,038 km S 79° W of Santa Catalina (Ilocos Sur),Ms,TECTONIC
1669,2026-01-10 20:08:23+00:00,8.82,123.24,34,1.6,027 km N 43° W of City Of Dapitan (Zamboanga Del Norte),Ms,TECTONIC
1670,2026-01-10 20:07:21+00:00,5.23,125.61,119,2.5,029 km S 46° E of Balut Island (Municipality Of Sarangani) (Davao Occidental),Ms,TECTONIC
1671,2026-01-10 19:55:16+00:00,17.87,120.36,25,1.8,011 km N 88° W of Sinait (Ilocos Sur),Ms,TECTONIC
1672,2026-01-10 19:40:50+00:00,3.36,126.81,116,3.8,274 km S 34° E of Balut Island (Municipality Of Sarangani) (Davao Occidental),Ms,TECTONIC
1673,2026-01-10 19:11:36+00:00,13.62,120.29,3,1.7,011 km S 21° E of Looc (Occidental Mindoro),Ms,TECTONIC
1674,2026-01-10 18:41:05+00:00,10.18,126.15,14,2.3,020 km N 24° E of Burgos (Surigao Del Norte),Ms,TECTONIC
1675,2026-01-10 18:31:02+00:00,9.32,122.6,60,1.7,011 km S 26° W of Basay (Negros Oriental),Ms,TECTONIC
1676,2026-01-10 18:13:33+00:00,13.71,120.62,118,1.8,013 km S 05° W of Calatagan (Batangas),Ms,TECTONIC
1677,2026-01-10 18:13:05+00:00,12.83,123.07,10,1.9,021 km S 69° W of Claveria (Masbate),Ms,TECTONIC
1678,2026-01-10 17:31:37+00:00,11.29,125.83,5,2.5,024 km N 50° E of Salcedo (Eastern Samar),Ms,TECTONIC
1679,2026-01-10 17:19:24+00:00,11.28,124.41,41,2.0,006 km S 57° E of Tabango (Leyte),Ms,TECTONIC
1680,2026-01-10 17:18:51+00:00,10.1,125.82,15,1.7,025 km N 82° E of Basilisa (Dinagat Islands),Ms,TECTONIC
1681,2026-01-10 17:14:36+00:00,7.83,127.13,18,2.7,068 km N 66° E of Baganga (Davao Oriental),Ms,TECTONIC
1682,2026-01-10 16:47:02+00:00,13.6,121.45,8,1.8,026 km S 14° E of San Juan (Batangas),Ms,TECTONIC
1683,2026-01-10 15:25:25+00:00,18.13,120.87,12,2.7,005 km S 73° E of Carasi (Ilocos Norte),Ms,TECTONIC
1684,2026-01-10 15:15:10+00:00,3.34,126.96,71,5.2,286 km S 37° E of Balut Island (Municipality Of Sarangani) (Davao Occidental),Ms,TECTONIC
1685,2026-01-10 14:58:21+00:00,3.37,126.98,48,6.4,284 km S 37° E of Balut Island (Municipality Of Sarangani) (Davao Occidental),Mw,TECTONIC
1686,2026-01-10 14:36:42+00:00,8.75,126.21,33,1.2,002 km N 79° W of San Agustin (Surigao Del Sur),Ms,TECTONIC
1687,2026-01-10 14:35:59+00:00,8.68,126.22,3,2.1,007 km S 01° W of San Agustin (Surigao Del Sur),Ms,TECTONIC
1688,2026-01-10 14:31:17+00:00,10.08,126.07,32,1.5,007 km N 04° W of Burgos (Surigao Del Norte),Ms,TECTONIC
1689,2026-01-10 14:29:11+00:00,10.16,126.11,19,4.3,016 km N 16° E of Burgos (Surigao Del Norte),Ms,TECTONIC
1690,2026-01-10 14:26:01+00:00,11.29,121.64,16,2.4,043 km West of Tibiao (Antique),Ms,TECTONIC
1691,2026-01-10 14:18:19+00:00,13.68,120.65,112,1.7,017 km S 06° E of Calatagan (Batangas),Ms,TECTONIC
1692,2026-01-10 13:23:13+00:00,7.19,126.69,18,2.1,017 km S 84° E of Manay (Davao Oriental),Ms,TECTONIC
1693,2026-01-10 12:29:04+00:00,10.46,124.45,34,1.6,019 km S 16° E of Poro (Cebu),Ms,TECTONIC
1694,2026-01-10 12:11:49+00:00,8.79,126.17,30,1.5,014 km S 87° W of Marihatag (Surigao Del Sur),Ms,TECTONIC
1695,2026-01-10 12:10:52+00:00,8.76,126.35,28,1.5,008 km S 52° E of Marihatag (Surigao Del Sur),Ms,TECTONIC
1696,2026-01-10 12:09:39+00:00,8.74,126.26,11,2.0,004 km S 80° E of San Agustin (Surigao Del Sur),Ms,TECTONIC
1697,2026-01-10 12:06:29+00:00,8.71,126.19,11,2.3,005 km S 52° W of San Agustin (Surigao Del Sur),Ms,TECTONIC
1698,2026-01-10 11:09:41+00:00,10.37,125.99,21,2.4,039 km N 08° W of Santa Monica (Surigao Del Norte),Ms,TECTONIC
1699,2026-01-10 11:04:20+00:00,7.15,127.43,16,2.5,098 km S 86° E of Manay (Davao Oriental),Ms,TECTONIC
1700,2026-01-10 10:45:59+00:00,7.81,126.35,29,1.6,012 km N 82° W of Cateel (Davao Oriental),Ms,TECTONIC
1701,2026-01-10 09:58:22+00:00,17.86,120.91,5,2.0,018 km N 30° E of Tineg (Abra),Ms,TECTONIC
1702,2026-01-10 09:49:32+00:00,7.25,126.91,3,3.0,042 km N 85° E of Manay (Davao Oriental),Ms,TECTONIC
1703,2026-01-10 08:38:20+00:00,10.77,123.97,20,2.0,031 km S 01° W of City Of Bogo (Cebu),Ms,TECTONIC
1704,2026-01-10 06:34:57+00:00,10.44,125.11,2,2.4,011 km N 61° W of Hinunangan (Southern Leyte),Ms,TECTONIC
1705,2026-01-10 06:26:37+00:00,9.05,126.48,18,1.8,024 km N 52° E of Cagwait (Surigao Del Sur),Ms,TECTONIC
1706,2026-01-10 05:07:03+00:00,9.64,126.2,31,2.4,016 km S 16° E of General Luna (Surigao Del Norte),Ms,TECTONIC
1707,2026-01-10 04:08:38+00:00,13.65,120.59,90,2.1,020 km S 12° W of Calatagan (Batangas),Ms,TECTONIC
1708,2026-01-10 03:51:18+00:00,13.29,120.73,32,1.5,016 km N 63° E of Mamburao (Occidental Mindoro),Ms,TECTONIC
1709,2026-01-10 00:06:02+00:00,8.69,126.16,14,2.0,009 km S 47° W of San Agustin (Surigao Del Sur),Ms,TECTONIC
1710,2026-01-10 00:04:27+00:00,20.21,121.29,33,3.0,063 km S 77° W of Sabtang (Batanes),Ms,TECTONIC
1711,2026-01-09 23:57:11+00:00,10.43,125.17,2,2.3,005 km N 33° W of Hinunangan (Southern Leyte),Ms,TECTONIC
1712,2026-01-09 23:44:16+00:00,6.64,126.39,29,2.4,035 km S 87° E of Governor Generoso (Davao Oriental),Ms,TECTONIC
1713,2026-01-09 23:40:07+00:00,12.77,123.08,7,2.4,023 km S 50° W of Claveria (Masbate),Ms,TECTONIC
1714,2026-01-09 23:16:30+00:00,13.92,119.67,2,2.5,050 km N 82° W of Lubang (Occidental Mindoro),Ms,TECTONIC
1715,2026-01-09 22:48:09+00:00,8.84,126.42,2,2.5,015 km S 58° E of Cagwait (Surigao Del Sur),Ms,TECTONIC
1716,2026-01-09 22:38:39+00:00,10.97,124.11,26,1.8,017 km S 59° E of City Of Bogo (Cebu),Ms,TECTONIC
1717,2026-01-09 21:57:01+00:00,11.87,124.09,4,2.5,005 km S 76° E of Pio V. Corpus (Masbate),Ms,TECTONIC
1718,2026-01-09 21:44:48+00:00,8.58,126.42,8,2.0,026 km N 21° E of Hinatuan (Surigao Del Sur),Ms,TECTONIC
1719,2026-01-09 21:02:44+00:00,13.52,121.51,34,1.5,031 km N 47° E of Naujan (Oriental Mindoro),Ms,TECTONIC
1720,2026-01-09 20:18:27+00:00,10.66,125.22,28,1.7,024 km S 68° E of Abuyog (Leyte),Ms,TECTONIC
1721,2026-01-09 20:15:28+00:00,7.98,123.34,28,1.8,006 km S 31° E of Midsalip (Zamboanga Del Sur),Ms,TECTONIC
1722,2026-01-09 18:38:26+00:00,7.26,127.0,10,3.2,052 km N 84° E of Manay (Davao Oriental),Ms,TECTONIC
1723,2026-01-09 18:31:58+00:00,6.97,127.13,9,2.3,071 km S 68° E of Manay (Davao Oriental),Ms,TECTONIC
1724,2026-01-09 18:05:17+00:00,13.44,120.58,18,1.4,012 km N 79° E of Paluan (Occidental Mindoro),Ms,TECTONIC
1725,2026-01-09 17:45:26+00:00,16.33,122.07,3,2.1,008 km N 43° W of Casiguran (Aurora),Ms,TECTONIC
1726,2026-01-09 17:33:47+00:00,7.25,127.07,2,2.5,058 km N 86° E of Manay (Davao Oriental),Ms,TECTONIC
1727,2026-01-09 17:25:33+00:00,10.87,123.89,2,2.8,022 km S 28° W of City Of Bogo (Cebu),Ms,TECTONIC
1728,2026-01-09 17:19:59+00:00,16.39,122.02,12,1.8,016 km N 42° W of Casiguran (Aurora),Ms,TECTONIC
1729,2026-01-09 17:12:00+00:00,16.37,122.35,6,3.1,015 km S 81° E of Dilasag (Aurora),Ms,TECTONIC
1730,2026-01-09 16:00:16+00:00,16.17,119.6,28,4.4,023 km N 74° W of Agno (Pangasinan),Mw,TECTONIC
1731,2026-01-09 15:08:38+00:00,16.14,120.7,12,1.7,010 km N 41° W of San Nicolas (Pangasinan),Ms,TECTONIC
1732,2026-01-09 14:51:26+00:00,18.45,120.53,11,2.9,014 km S 60° W of Burgos (Ilocos Norte),Ms,TECTONIC
1733,2026-01-09 14:37:29+00:00,7.41,126.85,3,2.3,041 km N 57° E of Manay (Davao Oriental),Ms,TECTONIC
1734,2026-01-09 14:06:01+00:00,8.02,127.27,1,3.0,094 km N 74° E of Cateel (Davao Oriental),Ms,TECTONIC
1735,2026-01-09 13:49:35+00:00,9.62,126.5,15,3.5,042 km S 65° E of General Luna (Surigao Del Norte),Ms,TECTONIC
1736,2026-01-09 13:39:20+00:00,13.24,120.1,16,2.0,044 km S 64° W of Paluan (Occidental Mindoro),Ms,TECTONIC
1737,2026-01-09 13:05:20+00:00,18.85,121.42,14,2.1,005 km N 80° E of Fuga Island (Aparri) (Cagayan),Ms,TECTONIC
1738,2026-01-09 12:24:16+00:00,13.75,120.53,208,2.5,030 km N 84° E of Looc (Occidental Mindoro),Ms,TECTONIC
1739,2026-01-09 12:06:32+00:00,14.2,124.17,21,1.9,017 km North of Pandan (Catanduanes),Ms,TECTONIC
1740,2026-01-09 11:04:20+00:00,7.2,126.78,26,1.6,027 km S 89° E of Manay (Davao Oriental),Ms,TECTONIC
1741,2026-01-09 11:04:19+00:00,9.59,126.76,8,3.6,069 km S 72° E of General Luna (Surigao Del Norte),Ms,TECTONIC
1742,2026-01-09 10:48:01+00:00,10.85,124.11,28,1.8,026 km S 33° E of City Of Bogo (Cebu),Ms,TECTONIC
1743,2026-01-09 09:43:43+00:00,7.51,126.78,19,2.9,025 km S 75° E of Baganga (Davao Oriental),Ms,TECTONIC
1744,2026-01-09 09:26:25+00:00,7.08,127.35,9,2.9,091 km S 81° E of Manay (Davao Oriental),Ms,TECTONIC
1745,2026-01-09 09:11:57+00:00,20.12,121.85,24,2.5,024 km S 05° W of Sabtang (Batanes),Ms,TECTONIC
1746,2026-01-09 08:40:29+00:00,15.0,120.32,102,1.7,015 km N 63° E of Castillejos (Zambales),Ms,TECTONIC
1747,2026-01-09 07:15:23+00:00,10.0,125.28,153,2.4,007 km N 35° E of Pintuyan (Southern Leyte),Ms,TECTONIC
1748,2026-01-09 06:57:06+00:00,9.48,126.16,32,1.4,023 km N 07° W of Cortes (Surigao Del Sur),Ms,TECTONIC
1749,2026-01-09 06:35:30+00:00,10.91,123.88,2,2.7,018 km S 35° W of City Of Bogo (Cebu),Ms,TECTONIC
1750,2026-01-09 05:15:45+00:00,6.67,126.08,51,2.9,002 km N 29° E of Governor Generoso (Davao Oriental),Ms,TECTONIC
1751,2026-01-09 04:55:45+00:00,8.79,126.27,29,1.4,003 km S 63° W of Marihatag (Surigao Del Sur),Ms,TECTONIC
1752,2026-01-09 04:13:22+00:00,9.54,126.12,16,2.1,019 km S 64° E of Socorro (Surigao Del Norte),Ms,TECTONIC
1753,2026-01-09 04:12:55+00:00,6.01,124.38,25,2.3,013 km S 66° W of Maitum (Sarangani),Ms,TECTONIC
1754,2026-01-09 04:03:13+00:00,11.48,125.4,24,2.2,011 km S 78° W of Maydolong (Eastern Samar),Ms,TECTONIC
1755,2026-01-09 03:58:53+00:00,9.66,126.21,32,1.5,015 km S 25° E of General Luna (Surigao Del Norte),Ms,TECTONIC
1756,2026-01-09 03:42:33+00:00,7.3,126.97,15,2.2,048 km N 78° E of Manay (Davao Oriental),Ms,TECTONIC
1757,2026-01-09 03:05:30+00:00,7.13,126.93,9,2.7,044 km S 79° E of Manay (Davao Oriental),Ms,TECTONIC
1758,2026-01-09 02:19:25+00:00,9.66,126.24,26,1.7,017 km S 33° E of General Luna (Surigao Del Norte),Ms,TECTONIC
1759,2026-01-09 01:46:26+00:00,7.22,127.23,11,3.3,076 km N 90° E of Manay (Davao Oriental),Ms,TECTONIC
1760,2026-01-09 01:36:30+00:00,7.24,126.93,15,2.6,043 km N 86° E of Manay (Davao Oriental),Ms,TECTONIC
1761,2026-01-09 01:19:25+00:00,7.26,126.89,20,2.7,039 km N 82° E of Manay (Davao Oriental),Ms,TECTONIC
1762,2026-01-09 01:10:28+00:00,8.8,126.32,25,1.8,012 km N 61° E of San Agustin (Surigao Del Sur),Ms,TECTONIC
1763,2026-01-09 00:03:47+00:00,10.95,124.0,16,2.1,011 km S 11° E of City Of Bogo (Cebu),Ms,TECTONIC
1764,2026-01-08 23:33:03+00:00,11.45,125.89,7,2.4,032 km N 68° E of Hernani (Eastern Samar),Ms,TECTONIC
1765,2026-01-08 22:24:35+00:00,6.37,125.28,81,3.0,001 km S 31° E of Malungon (Sarangani),Ms,TECTONIC
1766,2026-01-08 22:10:08+00:00,8.81,126.15,26,2.0,011 km N 47° W of San Agustin (Surigao Del Sur),Ms,TECTONIC
1767,2026-01-08 22:05:48+00:00,8.9,125.94,30,1.7,011 km S 66° W of San Miguel (Surigao Del Sur),Ms,TECTONIC
1768,2026-01-08 21:53:42+00:00,8.72,126.2,5,2.4,004 km S 40° W of San Agustin (Surigao Del Sur),Ms,TECTONIC
1769,2026-01-08 21:08:16+00:00,11.17,124.03,23,2.4,015 km N 21° E of City Of Bogo (Cebu),Ms,TECTONIC
1770,2026-01-08 20:53:49+00:00,18.36,120.71,35,2.5,010 km N 73° E of Pasuquin (Ilocos Norte),Ms,TECTONIC
1771,2026-01-08 20:38:41+00:00,11.44,122.15,2,3.1,011 km N 85° E of Culasi (Antique),Ms,TECTONIC
1772,2026-01-08 20:27:53+00:00,8.73,126.2,36,1.4,003 km S 48° W of San Agustin (Surigao Del Sur),Ms,TECTONIC
1773,2026-01-08 20:24:57+00:00,8.76,126.39,30,1.7,018 km N 85° E of San Agustin (Surigao Del Sur),Ms,TECTONIC
1774,2026-01-08 20:21:28+00:00,7.89,126.88,57,2.5,048 km N 77° E of Cateel (Davao Oriental),Ms,TECTONIC
1775,2026-01-08 20:20:36+00:00,8.72,126.21,21,2.0,003 km S 30° W of San Agustin (Surigao Del Sur),Ms,TECTONIC
1776,2026-01-08 20:20:01+00:00,8.8,126.21,29,1.6,006 km N 12° W of San Agustin (Surigao Del Sur),Ms,TECTONIC
1777,2026-01-08 20:16:22+00:00,8.72,126.23,22,1.8,003 km S 09° E of San Agustin (Surigao Del Sur),Ms,TECTONIC
1778,2026-01-08 20:11:02+00:00,8.72,126.21,22,2.2,003 km S 35° W of San Agustin (Surigao Del Sur),Ms,TECTONIC
1779,2026-01-08 20:06:29+00:00,8.72,126.21,13,4.4,003 km S 32° W of San Agustin (Surigao Del Sur),Ms,TECTONIC
1780,2026-01-08 19:58:49+00:00,7.81,126.84,16,1.6,040 km N 50° E of Baganga (Davao Oriental),Ms,TECTONIC
1781,2026-01-08 19:43:06+00:00,10.95,124.03,20,2.1,012 km S 25° E of City Of Bogo (Cebu),Ms,TECTONIC
1782,2026-01-08 19:13:17+00:00,7.43,126.78,14,1.8,036 km N 47° E of Manay (Davao Oriental),Ms,TECTONIC
1783,2026-01-08 19:04:48+00:00,7.4,127.26,84,2.6,083 km N 75° E of Manay (Davao Oriental),Ms,TECTONIC
1784,2026-01-08 18:54:59+00:00,11.0,123.93,1,2.4,007 km S 51° W of City Of Bogo (Cebu),Ms,TECTONIC
1785,2026-01-08 18:29:44+00:00,7.2,126.93,10,2.4,043 km S 89° E of Manay (Davao Oriental),Ms,TECTONIC
1786,2026-01-08 18:15:05+00:00,7.23,127.0,7,2.1,051 km N 88° E of Manay (Davao Oriental),Ms,TECTONIC
1787,2026-01-08 18:11:58+00:00,7.04,127.15,28,2.5,070 km S 74° E of Manay (Davao Oriental),Ms,TECTONIC
1788,2026-01-08 18:08:07+00:00,10.09,122.49,33,1.6,020 km N 47° W of Cauayan (Negros Occidental),Ms,TECTONIC
1789,2026-01-08 17:44:56+00:00,7.35,126.71,12,3.1,025 km N 50° E of Manay (Davao Oriental),Ms,TECTONIC
1790,2026-01-08 17:35:05+00:00,4.32,125.72,77,3.3,125 km S 15° E of Balut Island (Municipality Of Sarangani) (Davao Occidental),Ms,TECTONIC
1791,2026-01-08 17:16:00+00:00,7.15,127.14,26,2.1,067 km S 85° E of Manay (Davao Oriental),Ms,TECTONIC
1792,2026-01-08 17:07:00+00:00,8.44,126.73,2,1.6,043 km N 79° E of Hinatuan (Surigao Del Sur),Ms,TECTONIC
1793,2026-01-08 17:06:45+00:00,10.04,122.34,2,2.0,032 km N 77° W of Cauayan (Negros Occidental),Ms,TECTONIC
1794,2026-01-08 16:24:23+00:00,10.92,123.98,8,1.8,005 km S 69° W of Tabogon (Cebu),Ms,TECTONIC
1795,2026-01-08 16:17:28+00:00,11.14,123.9,6,3.1,014 km N 40° W of City Of Bogo (Cebu),Ms,TECTONIC
1796,2026-01-08 16:07:51+00:00,12.71,123.47,9,2.4,025 km S 32° W of Donsol (Sorsogon),Ms,TECTONIC
1797,2026-01-08 15:17:53+00:00,7.16,126.82,9,2.9,034 km S 56° E of Caraga (Davao Oriental),Ms,TECTONIC
1798,2026-01-08 15:09:11+00:00,7.07,126.96,2,3.3,049 km S 71° E of Manay (Davao Oriental),Ms,TECTONIC
1799,2026-01-08 14:22:55+00:00,7.97,127.08,17,3.5,072 km N 53° E of Baganga (Davao Oriental),Ms,TECTONIC
1800,2026-01-08 14:08:54+00:00,9.64,126.13,24,2.3,016 km S 09° W of General Luna (Surigao Del Norte),Ms,TECTONIC
1801,2026-01-08 14:05:58+00:00,10.9,123.86,5,2.2,020 km S 39° W of City Of Bogo (Cebu),Ms,TECTONIC
1802,2026-01-08 13:43:25+00:00,7.28,127.07,9,2.7,056 km S 85° E of Caraga (Davao Oriental),Ms,TECTONIC
1803,2026-01-08 13:26:50+00:00,8.96,126.4,22,1.9,012 km N 65° E of Cagwait (Surigao Del Sur),Ms,TECTONIC
1804,2026-01-08 13:18:12+00:00,12.88,123.11,9,2.2,015 km S 79° W of Claveria (Masbate),Ms,TECTONIC
1805,2026-01-08 13:06:32+00:00,7.38,126.69,1,2.3,025 km N 41° E of Manay (Davao Oriental),Ms,TECTONIC
1806,2026-01-08 13:01:13+00:00,6.21,126.95,77,2.1,108 km S 31° E of Tarragona (Davao Oriental),Ms,TECTONIC
1807,2026-01-08 13:00:36+00:00,7.9,126.33,12,1.8,018 km S 32° W of Lingig (Surigao Del Sur),Ms,TECTONIC
1808,2026-01-08 12:00:06+00:00,11.04,124.0,28,1.9,003 km S 76° E of City Of Bogo (Cebu),Ms,TECTONIC
1809,2026-01-08 11:48:40+00:00,8.4,123.03,34,2.1,004 km S 15° E of Jose Dalman (Zamboanga Del Norte),Ms,TECTONIC
1810,2026-01-08 09:56:45+00:00,13.78,119.89,7,1.8,027 km S 72° W of Lubang (Occidental Mindoro),Ms,TECTONIC
1811,2026-01-08 08:46:13+00:00,7.14,127.32,13,2.9,087 km S 85° E of Manay (Davao Oriental),Ms,TECTONIC
1812,2026-01-08 06:29:44+00:00,7.28,127.02,12,3.0,053 km N 82° E of Manay (Davao Oriental),Ms,TECTONIC
1813,2026-01-08 06:04:08+00:00,7.28,126.94,8,3.1,045 km N 80° E of Manay (Davao Oriental),Ms,TECTONIC
1814,2026-01-08 05:21:20+00:00,6.56,126.06,31,2.3,011 km S 10° W of Governor Generoso (Davao Oriental),Ms,TECTONIC
1815,2026-01-08 05:08:19+00:00,7.23,126.87,25,2.7,037 km N 86° E of Manay (Davao Oriental),Ms,TECTONIC
1816,2026-01-08 05:07:53+00:00,11.08,123.96,2,2.5,003 km N 32° W of City Of Bogo (Cebu),Ms,TECTONIC
1817,2026-01-08 05:00:13+00:00,6.18,127.45,76,3.0,146 km S 49° E of Tarragona (Davao Oriental),Ms,TECTONIC
1818,2026-01-08 01:50:51+00:00,11.16,123.93,11,3.0,014 km N 21° W of City Of Bogo (Cebu),Ms,TECTONIC
1819,2026-01-08 01:31:12+00:00,13.82,119.7,4,2.5,046 km S 85° W of Lubang (Occidental Mindoro),Ms,TECTONIC
1820,2026-01-08 01:27:59+00:00,15.82,120.55,8,1.7,004 km S 52° E of Alcala (Pangasinan),Ms,TECTONIC
1821,2026-01-07 21:42:50+00:00,7.15,126.93,15,2.4,044 km S 81° E of Manay (Davao Oriental),Ms,TECTONIC
1822,2026-01-07 21:27:00+00:00,7.19,127.01,13,3.1,052 km S 87° E of Manay (Davao Oriental),Ms,TECTONIC
1823,2026-01-07 21:13:35+00:00,7.9,126.28,9,2.0,012 km N 71° W of Boston (Davao Oriental),Ms,TECTONIC
1824,2026-01-07 21:07:38+00:00,7.16,127.12,18,2.1,061 km S 85° E of Manay (Davao Oriental),Ms,TECTONIC
1825,2026-01-07 20:19:02+00:00,9.6,126.14,29,2.3,021 km S 06° W of General Luna (Surigao Del Norte),Ms,TECTONIC
1826,2026-01-07 20:12:27+00:00,11.07,123.98,11,2.5,002 km N 11° E of City Of Bogo (Cebu),Ms,TECTONIC
1827,2026-01-07 20:04:08+00:00,7.2,127.05,21,2.6,056 km S 89° E of Manay (Davao Oriental),Ms,TECTONIC
1828,2026-01-07 19:59:13+00:00,11.13,123.9,7,2.5,013 km N 41° W of City Of Bogo (Cebu),Ms,TECTONIC
1829,2026-01-07 19:32:12+00:00,7.24,126.98,12,2.7,048 km N 86° E of Manay (Davao Oriental),Ms,TECTONIC
1830,2026-01-07 18:18:54+00:00,7.17,127.07,42,1.7,060 km S 82° E of Manay (Davao Oriental),Ms,TECTONIC
1831,2026-01-07 18:16:09+00:00,7.15,127.1,10,3.5,063 km S 83° E of Manay (Davao Oriental),Ms,TECTONIC
1832,2026-01-07 18:09:37+00:00,7.07,127.02,2,3.0,055 km S 73° E of Manay (Davao Oriental),Ms,TECTONIC
1833,2026-01-07 18:04:29+00:00,7.22,126.96,3,3.3,047 km N 88° E of Manay (Davao Oriental),Ms,TECTONIC
1834,2026-01-07 17:54:13+00:00,7.28,126.92,8,2.8,043 km N 79° E of Manay (Davao Oriental),Ms,TECTONIC
1835,2026-01-07 17:51:47+00:00,5.82,125.79,153,3.3,020 km S 58° E of Jose Abad Santos (Davao Occidental),Ms,TECTONIC
1836,2026-01-07 17:35:50+00:00,7.2,127.05,49,4.2,056 km S 88° E of Manay (Davao Oriental),Ms,TECTONIC
1837,2026-01-07 17:10:54+00:00,18.01,120.23,22,2.4,027 km S 88° W of Currimao (Ilocos Norte),Ms,TECTONIC
1838,2026-01-07 16:44:14+00:00,7.11,126.96,33,1.9,047 km S 77° E of Manay (Davao Oriental),Ms,TECTONIC
1839,2026-01-07 16:40:50+00:00,7.16,126.96,4,2.9,047 km S 83° E of Manay (Davao Oriental),Ms,TECTONIC
1840,2026-01-07 16:38:15+00:00,10.9,123.92,4,2.8,018 km S 22° W of City Of Bogo (Cebu),Ms,TECTONIC
1841,2026-01-07 16:30:47+00:00,6.66,127.03,3,3.1,082 km S 42° E of Manay (Davao Oriental),Ms,TECTONIC
1842,2026-01-07 16:25:14+00:00,16.0,119.86,8,2.7,003 km N 64° W of Dasol (Pangasinan),Ms,TECTONIC
1843,2026-01-07 16:05:27+00:00,7.13,127.11,2,3.2,064 km S 82° E of Manay (Davao Oriental),Ms,TECTONIC
1844,2026-01-07 15:46:19+00:00,7.09,127.28,3,3.4,082 km S 81° E of Manay (Davao Oriental),Ms,TECTONIC
1845,2026-01-07 15:45:26+00:00,8.9,126.25,45,2.4,009 km S 23° W of Bayabas (Surigao Del Sur),Ms,TECTONIC
1846,2026-01-07 15:39:10+00:00,7.13,126.89,4,3.2,040 km S 77° E of Manay (Davao Oriental),Ms,TECTONIC
1847,2026-01-07 15:36:16+00:00,7.19,127.01,26,2.6,052 km S 87° E of Manay (Davao Oriental),Ms,TECTONIC
1848,2026-01-07 15:08:44+00:00,7.28,127.14,10,3.2,067 km N 83° E of Manay (Davao Oriental),Ms,TECTONIC
1849,2026-01-07 15:05:11+00:00,17.19,120.34,16,2.1,011 km N 75° W of City Of Candon (Ilocos Sur),Ms,TECTONIC
1850,2026-01-07 14:41:25+00:00,14.19,124.32,31,2.6,030 km N 42° E of Caramoran (Catanduanes),Ms,TECTONIC
1851,2026-01-07 14:28:32+00:00,7.17,127.05,8,2.8,056 km S 72° E of Caraga (Davao Oriental),Ms,TECTONIC
1852,2026-01-07 14:24:24+00:00,7.27,127.04,7,3.2,055 km N 84° E of Manay (Davao Oriental),Ms,TECTONIC
1853,2026-01-07 14:03:00+00:00,9.27,126.15,35,2.9,004 km S 77° W of Cortes (Surigao Del Sur),Ms,TECTONIC
1854,2026-01-07 13:59:11+00:00,11.01,123.97,3,2.7,004 km S 12° W of City Of Bogo (Cebu),Ms,TECTONIC
1855,2026-01-07 13:47:55+00:00,7.05,127.21,21,4.7,076 km S 77° E of Manay (Davao Oriental),Mw,TECTONIC
1856,2026-01-07 13:07:01+00:00,7.21,127.1,19,2.4,062 km S 89° E of Manay (Davao Oriental),Ms,TECTONIC
1857,2026-01-07 12:17:55+00:00,7.2,127.06,12,3.3,057 km S 89° E of Manay (Davao Oriental),Ms,TECTONIC
1858,2026-01-07 12:16:41+00:00,7.33,127.04,12,2.5,056 km N 77° E of Manay (Davao Oriental),Ms,TECTONIC
1859,2026-01-07 11:58:44+00:00,7.2,126.98,21,2.5,049 km S 89° E of Manay (Davao Oriental),Ms,TECTONIC
1860,2026-01-07 11:33:00+00:00,7.11,127.05,8,2.9,058 km S 79° E of Manay (Davao Oriental),Ms,TECTONIC
1861,2026-01-07 11:02:35+00:00,7.35,126.78,31,2.2,031 km N 59° E of Manay (Davao Oriental),Ms,TECTONIC
1862,2026-01-07 10:49:18+00:00,5.82,125.79,131,3.4,020 km S 58° E of Jose Abad Santos (Davao Occidental),Ms,TECTONIC
1863,2026-01-07 10:41:23+00:00,7.35,126.9,10,3.0,043 km N 68° E of Manay (Davao Oriental),Ms,TECTONIC
1864,2026-01-07 10:34:54+00:00,7.33,126.96,19,2.4,048 km N 74° E of Manay (Davao Oriental),Ms,TECTONIC
1865,2026-01-07 10:21:49+00:00,7.27,126.96,11,3.2,047 km N 82° E of Manay (Davao Oriental),Ms,TECTONIC
1866,2026-01-07 09:51:47+00:00,7.07,127.12,1,3.5,066 km S 77° E of Manay (Davao Oriental),Ms,TECTONIC
1867,2026-01-07 09:33:28+00:00,7.21,126.91,15,2.4,041 km S 89° E of Manay (Davao Oriental),Ms,TECTONIC
1868,2026-01-07 09:25:16+00:00,7.27,127.01,10,2.8,053 km N 83° E of Manay (Davao Oriental),Ms,TECTONIC
1869,2026-01-07 09:12:42+00:00,7.35,126.78,12,2.9,031 km N 60° E of Manay (Davao Oriental),Ms,TECTONIC
1870,2026-01-07 08:59:59+00:00,7.14,127.13,5,2.6,066 km S 84° E of Manay (Davao Oriental),Ms,TECTONIC
1871,2026-01-07 08:45:19+00:00,7.03,127.34,2,3.4,090 km S 77° E of Manay (Davao Oriental),Ms,TECTONIC
1872,2026-01-07 08:39:39+00:00,7.27,126.84,13,2.9,034 km N 79° E of Manay (Davao Oriental),Ms,TECTONIC
1873,2026-01-07 08:38:53+00:00,7.25,126.87,18,1.8,037 km N 83° E of Manay (Davao Oriental),Ms,TECTONIC
1874,2026-01-07 08:36:10+00:00,7.14,127.2,3,2.4,073 km S 84° E of Manay (Davao Oriental),Ms,TECTONIC
1875,2026-01-07 08:27:41+00:00,7.03,127.39,20,3.3,096 km S 78° E of Manay (Davao Oriental),Ms,TECTONIC
1876,2026-01-07 08:13:48+00:00,7.22,126.97,9,2.5,047 km N 88° E of Manay (Davao Oriental),Ms,TECTONIC
1877,2026-01-07 08:09:46+00:00,7.11,127.14,1,3.1,068 km S 80° E of Manay (Davao Oriental),Ms,TECTONIC
1878,2026-01-07 08:02:51+00:00,7.17,125.6,6,2.5,016 km N 49° W of Island Garden City Of Samal (Davao Del Norte),Ms,TECTONIC
1879,2026-01-07 07:49:51+00:00,7.12,126.6,21,2.5,012 km S 37° E of Manay (Davao Oriental),Ms,TECTONIC
1880,2026-01-07 07:47:58+00:00,7.28,126.96,24,2.2,047 km N 80° E of Manay (Davao Oriental),Ms,TECTONIC
1881,2026-01-07 07:33:28+00:00,13.86,120.57,77,1.6,008 km N 66° W of Calatagan (Batangas),Ms,TECTONIC
1882,2026-01-07 07:28:51+00:00,7.28,126.86,17,2.1,036 km N 77° E of Manay (Davao Oriental),Ms,TECTONIC
1883,2026-01-07 07:28:00+00:00,7.18,126.58,54,1.7,006 km S 53° E of Manay (Davao Oriental),Ms,TECTONIC
1884,2026-01-07 07:26:18+00:00,7.29,126.83,13,2.6,033 km N 73° E of Manay (Davao Oriental),Ms,TECTONIC
1885,2026-01-07 07:18:44+00:00,7.26,126.81,12,2.6,030 km N 80° E of Manay (Davao Oriental),Ms,TECTONIC
1886,2026-01-07 07:05:15+00:00,7.31,126.74,8,1.9,025 km N 64° E of Manay (Davao Oriental),Ms,TECTONIC
1887,2026-01-07 06:55:31+00:00,7.29,126.7,10,3.0,020 km N 64° E of Manay (Davao Oriental),Ms,TECTONIC
1888,2026-01-07 06:46:08+00:00,7.17,127.12,8,3.5,064 km S 86° E of Manay (Davao Oriental),Ms,TECTONIC
1889,2026-01-07 06:40:17+00:00,7.3,126.75,10,2.0,026 km N 67° E of Manay (Davao Oriental),Ms,TECTONIC
1890,2026-01-07 06:36:07+00:00,7.42,126.7,17,1.6,029 km N 38° E of Manay (Davao Oriental),Ms,TECTONIC
1891,2026-01-07 06:35:17+00:00,7.15,127.12,5,2.7,065 km S 84° E of Manay (Davao Oriental),Ms,TECTONIC
1892,2026-01-07 06:31:55+00:00,7.16,127.07,9,3.0,059 km S 85° E of Manay (Davao Oriental),Ms,TECTONIC
1893,2026-01-07 06:25:40+00:00,7.15,127.06,17,3.3,058 km S 84° E of Manay (Davao Oriental),Ms,TECTONIC
1894,2026-01-07 06:16:14+00:00,7.21,127.21,4,3.8,074 km S 90° E of Manay (Davao Oriental),Ms,TECTONIC
1895,2026-01-07 06:14:06+00:00,7.06,127.01,4,3.2,055 km S 73° E of Manay (Davao Oriental),Ms,TECTONIC
1896,2026-01-07 06:03:54+00:00,7.38,124.88,9,1.9,014 km S 30° W of Damulog (Bukidnon),Ms,TECTONIC
1897,2026-01-07 05:56:43+00:00,7.57,126.8,13,1.9,049 km N 36° E of Manay (Davao Oriental),Ms,TECTONIC
1898,2026-01-07 05:51:51+00:00,15.47,120.15,64,1.5,022 km S 73° E of Masinloc (Zambales),Ms,TECTONIC
1899,2026-01-07 05:42:37+00:00,7.18,126.95,16,2.3,045 km S 86° E of Manay (Davao Oriental),Ms,TECTONIC
1900,2026-01-07 05:38:03+00:00,7.18,126.86,30,1.4,036 km S 84° E of Manay (Davao Oriental),Ms,TECTONIC
1901,2026-01-07 05:34:28+00:00,8.5,126.46,24,2.6,019 km N 43° E of Hinatuan (Surigao Del Sur),Ms,TECTONIC
1902,2026-01-07 05:30:58+00:00,7.21,127.03,5,3.1,059 km S 87° E of Manay (Davao Oriental),Ms,TECTONIC
1903,2026-01-07 05:29:20+00:00,7.33,126.82,10,1.6,033 km N 67° E of Manay (Davao Oriental),Ms,TECTONIC
1904,2026-01-07 05:27:51+00:00,7.4,126.51,30,1.7,021 km N 08° W of Manay (Davao Oriental),Ms,TECTONIC
1905,2026-01-07 05:25:56+00:00,7.13,126.97,32,2.0,048 km S 79° E of Manay (Davao Oriental),Ms,TECTONIC
1906,2026-01-07 05:22:43+00:00,7.19,127.04,28,2.5,055 km S 88° E of Manay (Davao Oriental),Ms,TECTONIC
1907,2026-01-07 05:21:58+00:00,7.17,126.79,32,1.6,027 km S 82° E of Manay (Davao Oriental),Ms,TECTONIC
1908,2026-01-07 05:16:39+00:00,7.23,126.85,30,2.2,034 km N 87° E of Manay (Davao Oriental),Ms,TECTONIC
1909,2026-01-07 05:16:39+00:00,7.2,126.96,30,2.0,046 km S 89° E of Manay (Davao Oriental),Ms,TECTONIC
1910,2026-01-07 05:14:56+00:00,7.18,127.24,15,1.5,078 km S 87° E of Manay (Davao Oriental),Ms,TECTONIC
1911,2026-01-07 05:14:07+00:00,7.21,126.82,6,1.8,031 km East of Manay (Davao Oriental),Ms,TECTONIC
1912,2026-01-07 04:54:42+00:00,7.23,126.71,4,1.5,018 km N 84° E of Manay (Davao Oriental),Ms,TECTONIC
1913,2026-01-07 04:52:03+00:00,7.16,126.89,33,2.6,039 km S 82° E of Manay (Davao Oriental),Ms,TECTONIC
1914,2026-01-07 04:46:52+00:00,7.21,127.11,16,4.6,063 km S 89° E of Manay (Davao Oriental),Ms,TECTONIC
1915,2026-01-07 04:46:14+00:00,7.28,126.87,22,1.6,037 km N 79° E of Manay (Davao Oriental),Ms,TECTONIC
1916,2026-01-07 04:41:36+00:00,7.17,126.71,18,3.1,019 km S 75° E of Manay (Davao Oriental),Ms,TECTONIC
1917,2026-01-07 04:38:41+00:00,7.22,127.01,10,3.4,052 km N 89° E of Manay (Davao Oriental),Ms,TECTONIC
1918,2026-01-07 04:36:45+00:00,7.24,127.16,8,4.1,069 km N 87° E of Manay (Davao Oriental),Ms,TECTONIC
1919,2026-01-07 04:32:13+00:00,7.29,126.85,72,2.8,035 km N 75° E of Manay (Davao Oriental),Ms,TECTONIC
1920,2026-01-07 04:31:15+00:00,7.29,126.69,3,2.3,014 km S 74° E of Caraga (Davao Oriental),Ms,TECTONIC
1921,2026-01-07 04:19:29+00:00,7.23,126.95,12,3.2,046 km N 88° E of Manay (Davao Oriental),Ms,TECTONIC
1922,2026-01-07 04:17:11+00:00,7.35,126.74,10,2.6,027 km N 56° E of Manay (Davao Oriental),Ms,TECTONIC
1923,2026-01-07 04:12:58+00:00,7.17,127.06,15,5.4,058 km S 86° E of Manay (Davao Oriental),Mw,TECTONIC
1924,2026-01-07 04:11:48+00:00,7.22,126.95,18,2.1,045 km N 89° E of Manay (Davao Oriental),Ms,TECTONIC
1925,2026-01-07 04:06:27+00:00,7.29,126.84,21,2.5,035 km N 75° E of Manay (Davao Oriental),Ms,TECTONIC
1926,2026-01-07 04:05:15+00:00,7.31,126.94,17,2.2,046 km N 77° E of Manay (Davao Oriental),Ms,TECTONIC
1927,2026-01-07 04:03:49+00:00,7.24,126.98,21,2.4,049 km N 87° E of Manay (Davao Oriental),Ms,TECTONIC
1928,2026-01-07 03:59:35+00:00,7.25,126.87,19,2.5,037 km N 83° E of Manay (Davao Oriental),Ms,TECTONIC
1929,2026-01-07 03:58:18+00:00,7.13,127.09,3,2.9,062 km S 81° E of Manay (Davao Oriental),Ms,TECTONIC
1930,2026-01-07 03:52:40+00:00,7.19,126.82,19,2.5,031 km S 87° E of Manay (Davao Oriental),Ms,TECTONIC
1931,2026-01-07 03:52:13+00:00,7.16,126.88,8,2.1,038 km S 81° E of Manay (Davao Oriental),Ms,TECTONIC
1932,2026-01-07 03:50:48+00:00,7.17,127.06,13,2.3,058 km S 86° E of Manay (Davao Oriental),Ms,TECTONIC
1933,2026-01-07 03:40:38+00:00,7.21,126.7,28,3.0,017 km N 90° E of Manay (Davao Oriental),Ms,TECTONIC
1934,2026-01-07 03:39:48+00:00,7.18,126.64,49,1.6,012 km S 73° E of Manay (Davao Oriental),Ms,TECTONIC
1935,2026-01-07 03:38:39+00:00,7.04,126.97,33,1.9,051 km S 69° E of Manay (Davao Oriental),Ms,TECTONIC
1936,2026-01-07 03:30:44+00:00,7.16,126.77,9,2.6,026 km S 79° E of Manay (Davao Oriental),Ms,TECTONIC
1937,2026-01-07 03:28:22+00:00,7.21,126.83,25,2.6,032 km S 90° E of Manay (Davao Oriental),Ms,TECTONIC
1938,2026-01-07 03:26:31+00:00,7.27,126.8,5,2.7,030 km N 78° E of Manay (Davao Oriental),Ms,TECTONIC
1939,2026-01-07 03:25:35+00:00,7.15,127.01,13,2.3,053 km S 83° E of Manay (Davao Oriental),Ms,TECTONIC
1940,2026-01-07 03:21:59+00:00,7.28,127.25,15,3.8,079 km N 85° E of Manay (Davao Oriental),Ms,TECTONIC
1941,2026-01-07 03:19:11+00:00,7.14,127.06,3,3.1,060 km S 81° E of Manay (Davao Oriental),Ms,TECTONIC
1942,2026-01-07 03:16:16+00:00,7.22,127.03,13,3.8,055 km N 89° E of Manay (Davao Oriental),Ms,TECTONIC
1943,2026-01-07 03:11:15+00:00,7.19,126.89,20,3.4,039 km S 87° E of Manay (Davao Oriental),Ms,TECTONIC
1944,2026-01-07 03:07:56+00:00,7.11,126.94,8,3.8,046 km S 76° E of Manay (Davao Oriental),Ms,TECTONIC
1945,2026-01-07 03:02:54+00:00,7.2,127.07,16,6.4,058 km S 89° E of Manay (Davao Oriental),Mw,TECTONIC
1946,2026-01-07 02:06:05+00:00,6.94,123.81,7,1.9,027 km S 58° W of Datu Blah T. Sinsuat (Maguindanao Del Norte),Ms,TECTONIC
1947,2026-01-07 01:28:07+00:00,9.16,126.29,23,1.5,016 km N 54° E of City Of Tandag (Surigao Del Sur),Ms,TECTONIC
1948,2026-01-07 01:26:01+00:00,9.09,126.32,30,1.9,012 km N 52° E of Tago (Surigao Del Sur),Ms,TECTONIC
1949,2026-01-07 01:21:49+00:00,10.88,123.98,6,3.3,019 km S 01° W of City Of Bogo (Cebu),Ms,TECTONIC
1950,2026-01-07 01:13:54+00:00,8.97,126.44,25,1.9,016 km N 71° E of Cagwait (Surigao Del Sur),Ms,TECTONIC
1951,2026-01-07 01:11:56+00:00,20.01,121.37,21,2.9,064 km S 56° W of Sabtang (Batanes),Ms,TECTONIC
1952,2026-01-07 01:04:06+00:00,14.97,119.89,17,1.8,022 km N 84° W of San Antonio (Zambales),Ms,TECTONIC
1953,2026-01-06 23:52:21+00:00,10.89,123.98,5,3.0,017 km S 01° E of City Of Bogo (Cebu),Ms,TECTONIC
1954,2026-01-06 23:42:10+00:00,10.68,123.74,6,2.3,010 km S 60° W of Tuburan (Cebu),Ms,TECTONIC
1955,2026-01-06 22:14:38+00:00,7.06,123.68,13,2.8,038 km S 88° W of Datu Blah T. Sinsuat (Maguindanao Del Norte),Ms,TECTONIC
1956,2026-01-06 21:15:11+00:00,11.15,123.97,7,2.2,011 km N 06° W of City Of Bogo (Cebu),Ms,TECTONIC
1957,2026-01-06 20:48:30+00:00,10.23,125.9,28,3.1,028 km N 33° W of Santa Monica (Surigao Del Norte),Ms,TECTONIC
1958,2026-01-06 20:45:08+00:00,18.22,122.09,23,2.5,010 km S 65° E of Gonzaga (Cagayan),Ms,TECTONIC
1959,2026-01-06 20:15:56+00:00,5.79,125.61,38,2.4,014 km S 18° W of Jose Abad Santos (Davao Occidental),Ms,TECTONIC
1960,2026-01-06 19:51:09+00:00,10.28,125.28,26,2.3,015 km N 88° E of Saint Bernard (Southern Leyte),Ms,TECTONIC
1961,2026-01-06 18:33:05+00:00,11.17,124.26,10,2.4,015 km S 73° W of Villaba (Leyte),Ms,TECTONIC
1962,2026-01-06 18:27:51+00:00,18.01,121.32,4,2.4,015 km S 82° E of Kabugao (Apayao),Ms,TECTONIC
1963,2026-01-06 18:03:22+00:00,8.92,126.43,19,2.3,014 km N 87° E of Cagwait (Surigao Del Sur),Ms,TECTONIC
1964,2026-01-06 17:57:26+00:00,7.41,126.83,27,4.4,038 km N 56° E of Manay (Davao Oriental),Ms,TECTONIC
1965,2026-01-06 17:47:49+00:00,10.85,123.88,6,2.6,024 km S 27° W of City Of Bogo (Cebu),Ms,TECTONIC
1966,2026-01-06 17:43:53+00:00,13.9,120.41,78,2.2,025 km N 74° W of Calatagan (Batangas),Ms,TECTONIC
1967,2026-01-06 17:19:18+00:00,9.01,126.42,15,3.8,016 km N 72° E of Bayabas (Surigao Del Sur),Ms,TECTONIC
1968,2026-01-06 17:12:37+00:00,4.51,126.43,15,3.2,150 km S 48° E of Balut Island (Municipality Of Sarangani) (Davao Occidental),Ms,TECTONIC
1969,2026-01-06 16:31:20+00:00,8.22,126.59,20,2.8,028 km N 43° E of Lingig (Surigao Del Sur),Ms,TECTONIC
1970,2026-01-06 15:56:15+00:00,10.15,124.84,35,1.4,002 km N 18° E of City Of Maasin (Southern Leyte),Ms,TECTONIC
1971,2026-01-06 15:33:06+00:00,15.74,121.59,28,1.4,004 km S 53° E of Baler (Aurora),Ms,TECTONIC
1972,2026-01-06 15:14:34+00:00,16.14,122.01,11,1.7,005 km N 89° E of Dinalungan (Aurora),Ms,TECTONIC
1973,2026-01-06 15:01:52+00:00,9.92,122.34,11,2.0,019 km N 31° W of City Of Sipalay (Negros Occidental),Ms,TECTONIC
1974,2026-01-06 14:51:51+00:00,8.11,126.44,57,2.1,008 km N 18° E of Lingig (Surigao Del Sur),Ms,TECTONIC
1975,2026-01-06 14:24:27+00:00,11.0,123.96,6,2.3,006 km S 16° W of City Of Bogo (Cebu),Ms,TECTONIC
1976,2026-01-06 12:14:34+00:00,8.13,126.18,100,1.8,016 km N 51° E of Trento (Agusan Del Sur),Ms,TECTONIC
1977,2026-01-06 11:37:49+00:00,9.69,125.42,4,3.0,008 km N 12° E of Malimono (Surigao Del Norte),Ms,TECTONIC
1978,2026-01-06 08:45:25+00:00,12.81,122.97,6,1.8,032 km S 71° W of Claveria (Masbate),Ms,TECTONIC
1979,2026-01-06 07:13:47+00:00,9.43,126.25,33,1.4,018 km N 21° E of Cortes (Surigao Del Sur),Ms,TECTONIC
1980,2026-01-06 04:36:11+00:00,4.91,126.49,91,3.4,129 km S 61° E of Sarangani Island (Municipality Of Sarangani) (Davao Occidental),Ms,TECTONIC
1981,2026-01-06 04:26:20+00:00,11.26,125.36,53,1.9,017 km N 09° W of Balangiga (Eastern Samar),Ms,TECTONIC
1982,2026-01-06 03:41:49+00:00,10.88,123.98,8,1.5,019 km S 01° E of City Of Bogo (Cebu),Ms,TECTONIC
1983,2026-01-06 02:52:17+00:00,9.37,122.36,11,3.2,028 km S 25° W of Hinoba-an (Negros Occidental),Ms,TECTONIC
1984,2026-01-06 02:46:40+00:00,8.64,126.33,28,1.7,016 km S 44° E of San Agustin (Surigao Del Sur),Ms,TECTONIC
1985,2026-01-06 02:21:21+00:00,9.38,126.42,27,2.0,028 km N 66° E of Cortes (Surigao Del Sur),Ms,TECTONIC
1986,2026-01-06 02:13:43+00:00,10.18,126.02,20,1.9,018 km N 06° W of Santa Monica (Surigao Del Norte),Ms,TECTONIC
1987,2026-01-06 00:33:41+00:00,6.02,124.45,19,2.7,006 km S 49° W of Maitum (Sarangani),Ms,TECTONIC
1988,2026-01-06 00:12:50+00:00,9.69,126.09,18,3.5,012 km S 37° W of General Luna (Surigao Del Norte),Ms,TECTONIC
1989,2026-01-05 22:28:14+00:00,9.33,125.62,12,3.1,010 km N 45° E of Santiago (Agusan Del Norte),Ms,TECTONIC
1990,2026-01-05 20:51:28+00:00,7.18,123.53,27,1.8,033 km S 23° E of Tabina (Zamboanga Del Sur),Ms,TECTONIC
1991,2026-01-05 20:24:54+00:00,10.07,126.15,16,3.7,010 km N 55° E of Burgos (Surigao Del Norte),Ms,TECTONIC
1992,2026-01-05 19:31:26+00:00,10.01,126.15,13,4.0,008 km S 86° E of Burgos (Surigao Del Norte),Ms,TECTONIC
1993,2026-01-05 18:57:18+00:00,10.25,122.06,8,3.1,025 km S 36° E of Anini-y (Antique),Ms,TECTONIC
1994,2026-01-05 18:42:18+00:00,5.5,126.65,12,2.6,120 km S 67° E of Jose Abad Santos (Davao Occidental),Ms,TECTONIC
1995,2026-01-05 18:12:16+00:00,5.59,126.46,54,3.1,097 km S 68° E of Jose Abad Santos (Davao Occidental),Ms,TECTONIC
1996,2026-01-05 18:02:36+00:00,5.87,126.13,61,2.5,054 km S 85° E of Jose Abad Santos (Davao Occidental),Ms,TECTONIC
1997,2026-01-05 17:00:49+00:00,7.22,126.99,4,3.1,049 km N 89° E of Manay (Davao Oriental),Ms,TECTONIC
1998,2026-01-05 16:32:04+00:00,9.24,126.65,8,2.4,050 km N 53° E of Bayabas (Surigao Del Sur),Ms,TECTONIC
1999,2026-01-05 16:28:49+00:00,9.91,121.61,36,3.0,067 km S 31° W of Anini-y (Antique),Ms,TECTONIC
2000,2026-01-05 16:26:44+00:00,4.62,124.41,33,3.3,142 km S 52° W of Balut Island (Municipality Of Sarangani) (Davao Occidental),Ms,TECTONIC
2001,2026-01-05 16:15:00+00:00,14.96,122.52,1,1.7,036 km N 34° E of Jomalig (Quezon),Ms,TECTONIC
2002,2026-01-05 16:11:48+00:00,15.68,119.61,11,2.6,034 km S 74° W of Santa Cruz (Zambales),Ms,TECTONIC
2003,2026-01-05 15:31:19+00:00,5.89,126.29,132,2.3,071 km S 88° E of Jose Abad Santos (Davao Occidental),Ms,TECTONIC
2004,2026-01-05 15:20:45+00:00,6.28,126.11,107,2.5,041 km S 05° E of Governor Generoso (Davao Oriental),Ms,TECTONIC
2005,2026-01-05 15:13:05+00:00,13.91,120.42,40,1.7,025 km N 71° W of Calatagan (Batangas),Ms,TECTONIC
2006,2026-01-05 14:40:51+00:00,17.59,120.74,22,1.9,002 km S 24° E of Lagangilang (Abra),Ms,TECTONIC
2007,2026-01-05 14:40:24+00:00,5.65,126.33,71,2.4,081 km S 69° E of Jose Abad Santos (Davao Occidental),Ms,TECTONIC
2008,2026-01-05 14:26:01+00:00,14.38,119.02,20,3.0,131 km S 61° W of San Antonio (Zambales),Ms,TECTONIC
2009,2026-01-05 14:08:13+00:00,9.32,125.58,10,3.1,006 km N 25° E of Santiago (Agusan Del Norte),Ms,TECTONIC
2010,2026-01-05 12:32:01+00:00,15.72,121.98,8,3.4,045 km S 84° E of Baler (Aurora),Ms,TECTONIC
2011,2026-01-05 10:47:04+00:00,8.57,123.42,18,3.0,007 km S 05° E of City Of Dapitan (Zamboanga Del Norte),Ms,TECTONIC
2012,2026-01-05 09:37:21+00:00,9.66,126.23,24,1.4,016 km S 31° E of General Luna (Surigao Del Norte),Ms,TECTONIC
2013,2026-01-05 09:19:54+00:00,13.94,120.38,64,2.6,029 km N 73° E of Lubang (Occidental Mindoro),Ms,TECTONIC
2014,2026-01-05 08:21:36+00:00,16.68,120.61,20,1.6,017 km S 46° W of Bakun (Benguet),Ms,TECTONIC
2015,2026-01-05 08:01:03+00:00,11.11,124.04,23,1.8,010 km N 45° E of City Of Bogo (Cebu),Ms,TECTONIC
2016,2026-01-05 07:59:27+00:00,11.09,123.96,6,3.4,005 km N 23° W of City Of Bogo (Cebu),Ms,TECTONIC
2017,2026-01-05 03:57:52+00:00,17.38,119.8,10,2.8,065 km S 69° W of Santa Catalina (Ilocos Sur),Ms,TECTONIC
2018,2026-01-05 03:28:02+00:00,17.37,119.84,4,2.5,061 km S 71° W of Caoayan (Ilocos Sur),Ms,TECTONIC
2019,2026-01-05 03:17:38+00:00,18.08,120.6,29,2.6,005 km N 55° E of City Of Batac (Ilocos Norte),Ms,TECTONIC
2020,2026-01-05 02:03:19+00:00,7.2,126.74,97,2.5,022 km S 88° E of Manay (Davao Oriental),Ms,TECTONIC
2021,2026-01-05 01:13:48+00:00,6.99,127.15,20,3.5,071 km S 70° E of Manay (Davao Oriental),Ms,TECTONIC
2022,2026-01-05 00:07:37+00:00,9.4,126.24,31,2.5,015 km N 22° E of Cortes (Surigao Del Sur),Ms,TECTONIC
2023,2026-01-04 23:48:10+00:00,15.59,121.18,33,1.8,005 km S 47° E of Bongabon (Nueva Ecija),Ms,TECTONIC
2024,2026-01-04 23:37:14+00:00,12.76,120.58,24,2.1,024 km S 66° W of Sablayan (Occidental Mindoro),Ms,TECTONIC
2025,2026-01-04 23:27:02+00:00,8.16,125.96,6,1.9,004 km S 62° W of Bunawan (Agusan Del Sur),Ms,TECTONIC
2026,2026-01-04 23:16:30+00:00,9.92,125.4,14,2.0,014 km N 84° E of San Ricardo (Southern Leyte),Ms,TECTONIC
2027,2026-01-04 23:11:01+00:00,8.16,125.98,9,2.2,003 km S 41° W of Bunawan (Agusan Del Sur),Ms,TECTONIC
2028,2026-01-04 22:42:22+00:00,7.17,123.67,21,2.3,041 km N 73° W of Datu Blah T. Sinsuat (Maguindanao Del Norte),Ms,TECTONIC
2029,2026-01-04 21:17:22+00:00,18.21,120.94,2,2.0,012 km S 67° W of Calanasan (Apayao),Ms,TECTONIC
2030,2026-01-04 20:51:13+00:00,13.57,120.65,90,1.9,017 km N 32° W of Abra De Ilog (Occidental Mindoro),Ms,TECTONIC
2031,2026-01-04 18:57:32+00:00,14.86,121.34,4,2.0,032 km N 69° W of General Nakar (Quezon),Ms,TECTONIC
2032,2026-01-04 18:42:36+00:00,7.84,123.25,17,2.2,003 km N 59° E of Tigbao (Zamboanga Del Sur),Ms,TECTONIC
2033,2026-01-04 17:07:13+00:00,8.74,126.89,2,1.8,065 km S 84° E of Marihatag (Surigao Del Sur),Ms,TECTONIC
2034,2026-01-04 16:38:27+00:00,8.9,126.49,16,2.0,021 km S 84° E of Cagwait (Surigao Del Sur),Ms,TECTONIC
2035,2026-01-04 14:16:09+00:00,10.93,124.0,8,2.0,013 km S 11° E of City Of Bogo (Cebu),Ms,TECTONIC
2036,2026-01-04 13:56:40+00:00,10.4,125.79,27,2.2,023 km N 80° E of Loreto (Dinagat Islands),Ms,TECTONIC
2037,2026-01-04 13:47:18+00:00,7.39,126.82,29,2.2,037 km N 57° E of Manay (Davao Oriental),Ms,TECTONIC
2038,2026-01-04 12:57:36+00:00,9.82,125.51,26,1.5,003 km N 36° E of City Of Surigao (Surigao Del Norte),Ms,TECTONIC
2039,2026-01-04 12:04:04+00:00,9.99,122.02,7,2.8,051 km N 61° W of City Of Sipalay (Negros Occidental),Ms,TECTONIC
2040,2026-01-04 11:46:03+00:00,10.42,124.19,2,1.3,019 km S 80° E of Compostela (Cebu),Ms,TECTONIC
2041,2026-01-04 10:23:07+00:00,8.51,125.87,14,2.4,011 km S 28° W of Prosperidad (Agusan Del Sur),Ms,TECTONIC
2042,2026-01-04 09:39:45+00:00,17.01,120.11,31,1.5,033 km N 58° W of Luna (La Union),Ms,TECTONIC
2043,2026-01-04 08:37:13+00:00,8.42,126.31,104,1.9,007 km N 24° W of Hinatuan (Surigao Del Sur),Ms,TECTONIC
2044,2026-01-04 08:23:59+00:00,12.9,123.17,11,1.8,009 km N 88° W of Claveria (Masbate),Ms,TECTONIC
2045,2026-01-04 08:08:34+00:00,9.6,125.59,38,2.2,005 km N 30° E of Tubod (Surigao Del Norte),Ms,TECTONIC
2046,2026-01-04 08:03:19+00:00,7.82,125.95,54,1.4,011 km S 85° W of Monkayo (Davao De Oro),Ms,TECTONIC
2047,2026-01-04 07:52:07+00:00,6.09,126.3,121,2.3,068 km S 80° E of Don Marcelino (Davao Occidental),Ms,TECTONIC
2048,2026-01-04 07:37:45+00:00,10.17,125.84,32,1.5,028 km N 52° W of Santa Monica (Surigao Del Norte),Ms,TECTONIC
2049,2026-01-04 06:25:41+00:00,10.85,123.96,1,2.2,022 km S 06° W of City Of Bogo (Cebu),Ms,TECTONIC
2050,2026-01-04 06:02:13+00:00,13.68,120.97,2,2.3,008 km S 29° E of Mabini (Batangas),Ms,TECTONIC
2051,2026-01-04 05:25:39+00:00,9.66,126.26,16,2.4,018 km S 39° E of General Luna (Surigao Del Norte),Ms,TECTONIC
2052,2026-01-04 04:50:48+00:00,8.37,125.74,47,2.0,010 km S 30° W of Talacogon (Agusan Del Sur),Ms,TECTONIC
2053,2026-01-04 03:47:23+00:00,16.83,119.78,25,2.4,051 km N 13° W of Bolinao (Pangasinan),Ms,TECTONIC
2054,2026-01-04 02:02:14+00:00,18.19,120.57,32,1.7,003 km S 76° W of City Of Laoag (Ilocos Norte),Ms,TECTONIC
2055,2026-01-04 01:02:36+00:00,11.05,124.01,2,2.2,004 km N 81° E of City Of Bogo (Cebu),Ms,TECTONIC
2056,2026-01-04 00:41:50+00:00,7.47,126.67,26,2.1,019 km N 38° E of Caraga (Davao Oriental),Ms,TECTONIC
2057,2026-01-03 23:13:50+00:00,5.64,126.89,92,4.9,144 km S 39° E of Governor Generoso (Davao Oriental),Ms,TECTONIC
2058,2026-01-03 21:14:22+00:00,10.9,123.99,3,2.8,016 km S 03° E of City Of Bogo (Cebu),Ms,TECTONIC
2059,2026-01-03 20:56:46+00:00,7.27,126.83,24,2.4,033 km N 78° E of Manay (Davao Oriental),Ms,TECTONIC
2060,2026-01-03 20:46:54+00:00,5.0,127.48,131,5.3,229 km S 77° E of Sarangani Island (Municipality Of Sarangani) (Davao Occidental),Ms,TECTONIC
2061,2026-01-03 20:23:39+00:00,7.02,126.94,19,3.7,049 km S 65° E of Manay (Davao Oriental),Ms,TECTONIC
2062,2026-01-03 20:11:31+00:00,11.3,125.18,85,3.0,012 km N 78° E of Basey (Samar),Ms,TECTONIC
2063,2026-01-03 18:55:34+00:00,19.8,121.71,3,3.4,037 km N 32° W of Babuyan Island (Calayan) (Cagayan),Ms,TECTONIC
2064,2026-01-03 18:33:53+00:00,9.63,126.16,12,2.2,017 km S 03° E of General Luna (Surigao Del Norte),Ms,TECTONIC
2065,2026-01-03 18:31:31+00:00,13.46,120.39,17,2.3,010 km N 59° W of Paluan (Occidental Mindoro),Ms,TECTONIC
2066,2026-01-03 16:54:05+00:00,13.44,120.15,21,1.9,033 km S 19° W of Looc (Occidental Mindoro),Ms,TECTONIC
2067,2026-01-03 15:58:37+00:00,16.12,120.78,13,2.2,005 km N 17° E of San Nicolas (Pangasinan),Ms,TECTONIC
2068,2026-01-03 15:39:55+00:00,13.41,120.15,20,3.4,034 km S 90° W of Paluan (Occidental Mindoro),Ms,TECTONIC
2069,2026-01-03 15:34:50+00:00,8.14,127.27,2,2.9,095 km N 84° E of Lingig (Surigao Del Sur),Ms,TECTONIC
2070,2026-01-03 14:56:04+00:00,10.03,126.4,3,2.6,036 km N 73° E of San Isidro (Surigao Del Norte),Ms,TECTONIC
2071,2026-01-03 14:28:03+00:00,10.86,124.03,7,2.0,021 km S 14° E of City Of Bogo (Cebu),Ms,TECTONIC
2072,2026-01-03 14:02:50+00:00,7.46,122.05,7,1.5,017 km S 38° W of Sirawai (Zamboanga Del Norte),Ms,TECTONIC
2073,2026-01-03 13:57:26+00:00,6.73,125.86,33,3.4,025 km N 71° W of Governor Generoso (Davao Oriental),Ms,TECTONIC
2074,2026-01-03 13:02:31+00:00,19.0,120.31,3,3.2,063 km N 33° W of Burgos (Ilocos Norte),Ms,TECTONIC
2075,2026-01-03 12:20:56+00:00,6.61,125.32,3,1.6,002 km N 76° W of Sulop (Davao Del Sur),Ms,TECTONIC
2076,2026-01-03 11:48:03+00:00,7.39,126.66,14,2.4,012 km N 59° E of Caraga (Davao Oriental),Ms,TECTONIC
2077,2026-01-03 11:30:20+00:00,9.71,125.54,2,2.4,005 km N 12° E of Sison (Surigao Del Norte),Ms,TECTONIC
2078,2026-01-03 10:10:21+00:00,6.96,126.68,23,2.6,032 km S 28° E of Manay (Davao Oriental),Ms,TECTONIC
2079,2026-01-03 09:06:12+00:00,9.87,126.06,9,2.2,015 km N 48° W of General Luna (Surigao Del Norte),Ms,TECTONIC
2080,2026-01-03 08:44:39+00:00,9.68,126.23,28,2.0,015 km S 36° E of General Luna (Surigao Del Norte),Ms,TECTONIC
2081,2026-01-03 08:13:20+00:00,9.67,126.32,34,1.9,022 km S 56° E of General Luna (Surigao Del Norte),Ms,TECTONIC
2082,2026-01-03 08:10:08+00:00,9.63,126.23,32,1.4,018 km S 25° E of General Luna (Surigao Del Norte),Ms,TECTONIC
2083,2026-01-03 07:58:57+00:00,9.64,126.27,34,1.4,020 km S 40° E of General Luna (Surigao Del Norte),Ms,TECTONIC
2084,2026-01-03 07:52:40+00:00,13.5,120.45,14,1.9,009 km N 10° W of Paluan (Occidental Mindoro),Ms,TECTONIC
2085,2026-01-03 07:19:15+00:00,10.32,122.41,3,1.8,027 km S 32° W of Nueva Valencia (Guimaras),Ms,TECTONIC
2086,2026-01-03 07:07:53+00:00,8.49,127.48,33,3.3,127 km N 84° E of Hinatuan (Surigao Del Sur),Ms,TECTONIC
2087,2026-01-03 07:03:11+00:00,10.93,123.83,12,2.1,021 km S 52° W of City Of Bogo (Cebu),Ms,TECTONIC
2088,2026-01-03 07:02:37+00:00,9.66,126.32,27,2.5,022 km S 52° E of General Luna (Surigao Del Norte),Ms,TECTONIC
2089,2026-01-03 06:53:46+00:00,9.65,126.22,19,3.7,016 km S 24° E of General Luna (Surigao Del Norte),Ms,TECTONIC
2090,2026-01-03 06:50:12+00:00,11.09,123.94,10,2.1,007 km N 45° W of City Of Bogo (Cebu),Ms,TECTONIC
2091,2026-01-03 06:08:09+00:00,13.13,124.26,5,2.1,016 km S 65° E of Rapu-rapu (Albay),Ms,TECTONIC
2092,2026-01-03 05:47:55+00:00,9.65,126.08,19,2.8,018 km S 30° W of General Luna (Surigao Del Norte),Ms,TECTONIC
2093,2026-01-03 05:23:11+00:00,9.56,122.83,134,3.5,020 km N 13° E of City Of Bayawan (Negros Oriental),Ms,TECTONIC
2094,2026-01-03 05:22:00+00:00,13.09,124.37,10,2.3,020 km N 75° E of Prieto Diaz (Sorsogon),Ms,TECTONIC
2095,2026-01-03 05:10:50+00:00,11.12,124.68,10,2.1,014 km S 54° W of Jaro (Leyte),Ms,TECTONIC
2096,2026-01-03 05:06:09+00:00,16.93,119.96,20,2.5,045 km N 80° W of Luna (La Union),Ms,TECTONIC
2097,2026-01-03 03:55:23+00:00,7.71,126.03,15,2.2,008 km N 51° W of Compostela (Davao De Oro),Ms,TECTONIC
2098,2026-01-03 03:19:37+00:00,6.21,126.55,22,2.3,072 km S 47° E of Governor Generoso (Davao Oriental),Ms,TECTONIC
2099,2026-01-03 03:10:13+00:00,7.24,126.69,13,2.2,017 km N 79° E of Manay (Davao Oriental),Ms,TECTONIC
2100,2026-01-03 02:16:06+00:00,12.05,122.39,17,1.4,034 km N 26° E of Tangalan (Aklan),Ms,TECTONIC
2101,2026-01-03 02:05:32+00:00,11.06,123.97,6,1.6,002 km N 43° W of City Of Bogo (Cebu),Ms,TECTONIC
2102,2026-01-02 23:28:03+00:00,17.41,120.2,22,3.2,025 km S 51 W of Caoayan (Ilocos Sur),Ms,TECTONIC
2103,2026-01-02 23:13:30+00:00,5.93,124.2,5,2.4,036 km S 67° W of Maitum (Sarangani),Ms,TECTONIC
2104,2026-01-02 22:32:35+00:00,15.16,120.08,16,1.3,003 km S 86° E of Cabangan (Zambales),Ms,TECTONIC
2105,2026-01-02 21:50:08+00:00,13.12,121.07,4,2.1,024 km S 74° W of Victoria (Oriental Mindoro),Ms,TECTONIC
2106,2026-01-02 21:11:57+00:00,9.56,125.67,32,1.6,007 km S 75° W of Claver (Surigao Del Norte),Ms,TECTONIC
2107,2026-01-02 20:25:41+00:00,8.05,127.01,6,2.9,066 km N 89° E of Lingig (Surigao Del Sur),Ms,TECTONIC
2108,2026-01-02 20:16:23+00:00,11.95,125.42,7,1.8,012 km S 34° W of Dolores (Eastern Samar),Ms,TECTONIC
2109,2026-01-02 20:03:23+00:00,2.86,129.01,128,4.7,486 km S 55° E of Balut Island (Municipality Of Sarangani) (Davao Occidental),Ms,TECTONIC
2110,2026-01-02 19:44:02+00:00,11.06,123.95,30,1.9,004 km N 71° W of City Of Bogo (Cebu),Ms,TECTONIC
2111,2026-01-02 19:27:49+00:00,7.83,122.77,30,1.3,004 km N 24° E of Kabasalan (Zamboanga Sibugay),Ms,TECTONIC
2112,2026-01-02 19:24:40+00:00,2.76,126.18,42,3.3,305 km S 16° E of Balut Island (Municipality Of Sarangani) (Davao Occidental),Ms,TECTONIC
2113,2026-01-02 19:12:20+00:00,8.77,126.17,33,1.2,007 km N 67° W of San Agustin (Surigao Del Sur),Ms,TECTONIC
2114,2026-01-02 18:59:51+00:00,3.29,126.8,50,3.4,280 km S 33° E of Balut Island (Municipality Of Sarangani) (Davao Occidental),Ms,TECTONIC
2115,2026-01-02 18:21:25+00:00,9.44,125.54,10,2.9,005 km S 79° W of Kitcharao (Agusan Del Norte),Ms,TECTONIC
2116,2026-01-02 18:18:00+00:00,5.69,126.78,22,3.1,132 km S 36° E of Governor Generoso (Davao Oriental),Ms,TECTONIC
2117,2026-01-02 17:57:27+00:00,9.02,126.24,12,1.6,000 km S 76° E of Tago (Surigao Del Sur),Ms,TECTONIC
2118,2026-01-02 17:21:18+00:00,10.86,123.99,3,2.2,020 km S 02° E of City Of Bogo (Cebu),Ms,TECTONIC
2119,2026-01-02 17:18:51+00:00,9.69,126.29,28,2.6,018 km S 55° E of General Luna (Surigao Del Norte),Ms,TECTONIC
2120,2026-01-02 17:13:07+00:00,7.71,125.73,20,2.0,004 km S 05° E of San Isidro (Davao Del Norte),Ms,TECTONIC
2121,2026-01-02 17:05:16+00:00,15.37,120.44,8,3.0,012 km S 13° W of San Jose (Tarlac),Ms,TECTONIC
2122,2026-01-02 16:53:00+00:00,8.15,125.98,33,1.9,003 km S 26° W of Bunawan (Agusan Del Sur),Ms,TECTONIC
2123,2026-01-02 16:45:12+00:00,6.38,126.75,18,4.0,081 km S 68 E of Governor Generoso (Davao Oriental),Ms,TECTONIC
2124,2026-01-02 16:40:10+00:00,6.25,125.83,18,2.5,016 km N 69° E of Don Marcelino (Davao Occidental),Ms,TECTONIC
2125,2026-01-02 16:18:27+00:00,8.71,126.57,18,1.4,031 km S 71° E of Marihatag (Surigao Del Sur),Ms,TECTONIC
2126,2026-01-02 16:12:54+00:00,10.97,123.91,4,2.7,011 km S 41° W of City Of Bogo (Cebu),Ms,TECTONIC
2127,2026-01-02 16:06:53+00:00,8.76,126.62,25,2.1,039 km S 63° E of Cagwait (Surigao Del Sur),Ms,TECTONIC
2128,2026-01-02 16:04:43+00:00,15.6,119.99,30,1.3,007 km S 59° E of Candelaria (Zambales),Ms,TECTONIC
2129,2026-01-02 15:37:11+00:00,11.51,121.24,27,1.7,051 km N 39° E of Agutaya (Palawan),Ms,TECTONIC
2130,2026-01-02 15:14:16+00:00,8.19,125.86,1,2.9,002 km N 04° W of Loreto (Agusan Del Sur),Ms,TECTONIC
2131,2026-01-02 14:32:36+00:00,5.76,127.39,46,3.8,176 km S 56° E of Governor Generoso (Davao Oriental),Ms,TECTONIC
2132,2026-01-02 14:27:33+00:00,9.65,126.18,33,1.6,015 km S 09° E of General Luna (Surigao Del Norte),Ms,TECTONIC
2133,2026-01-02 14:22:55+00:00,9.71,126.27,19,3.9,014 km S 57° E of General Luna (Surigao Del Norte),Ms,TECTONIC
2134,2026-01-02 14:05:31+00:00,10.83,123.8,11,1.8,011 km N 13° W of Tuburan (Cebu),Ms,TECTONIC
2135,2026-01-02 13:56:00+00:00,14.16,123.22,1,2.2,023 km N 76° E of Mercedes (Camarines Norte),Ms,TECTONIC
2136,2026-01-02 13:51:44+00:00,8.66,123.35,17,2.4,008 km N 03° E of City Of Dipolog (Zamboanga Del Norte),Ms,TECTONIC
2137,2026-01-02 13:44:18+00:00,9.64,126.13,28,1.2,016 km S 09° W of General Luna (Surigao Del Norte),Ms,TECTONIC
2138,2026-01-02 13:40:18+00:00,9.78,126.3,17,3.1,015 km S 89° E of General Luna (Surigao Del Norte),Ms,TECTONIC
2139,2026-01-02 13:25:26+00:00,7.89,127.0,10,2.7,060 km N 54° E of Baganga (Davao Oriental),Ms,TECTONIC
2140,2026-01-02 13:09:19+00:00,16.86,120.63,4,2.2,011 km S 75° E of Alilem (Ilocos Sur),Ms,TECTONIC
2141,2026-01-02 12:29:42+00:00,11.23,125.53,20,1.7,002 km S 09° W of General Macarthur (Eastern Samar),Ms,TECTONIC
2142,2026-01-02 12:07:27+00:00,16.29,120.99,34,1.5,005 km West of Aritao (Nueva Vizcaya),Ms,TECTONIC
2143,2026-01-02 11:48:13+00:00,7.15,126.84,6,2.9,033 km S 78° E of Manay (Davao Oriental),Ms,TECTONIC
2144,2026-01-02 11:30:41+00:00,5.75,126.04,69,2.7,047 km S 67° E of Jose Abad Santos (Davao Occidental),Ms,TECTONIC
2145,2026-01-02 11:16:48+00:00,8.99,126.29,23,1.8,002 km N 24° E of Bayabas (Surigao Del Sur),Ms,TECTONIC
2146,2026-01-02 10:10:23+00:00,5.17,126.22,49,3.0,090 km S 68° E of Sarangani Island (Municipality Of Sarangani) (Davao Occidental),Ms,TECTONIC
2147,2026-01-02 05:36:23+00:00,5.58,125.19,2,2.0,027 km S 03° W of Glan (Sarangani),Ms,TECTONIC
2148,2026-01-02 05:16:56+00:00,13.59,120.62,99,2.4,019 km N 35° W of Abra De Ilog (Occidental Mindoro),Ms,TECTONIC
2149,2026-01-02 05:02:23+00:00,7.98,126.51,91,2.3,012 km S 59° E of Lingig (Surigao Del Sur),Ms,TECTONIC
2150,2026-01-02 03:17:04+00:00,15.52,119.84,29,1.4,012 km N 39° W of Palauig (Zambales),Ms,TECTONIC
2151,2026-01-02 01:53:44+00:00,9.23,123.3,8,1.5,002 km S 06° E of Bacong (Negros Oriental),Ms,TECTONIC
2152,2026-01-02 01:11:01+00:00,9.7,126.48,7,2.1,036 km S 75° E of General Luna (Surigao Del Norte),Ms,TECTONIC
2153,2026-01-02 00:50:30+00:00,8.52,126.22,6,2.2,010 km N 48° E of Tagbina (Surigao Del Sur),Ms,TECTONIC
2154,2026-01-02 00:27:36+00:00,6.62,126.12,43,2.3,006 km S 58° E of Governor Generoso (Davao Oriental),Ms,TECTONIC
2155,2026-01-02 00:02:06+00:00,11.12,124.14,3,2.6,019 km N 66° E of City Of Bogo (Cebu),Ms,TECTONIC
2156,2026-01-01 23:50:38+00:00,11.02,124.04,7,2.9,007 km S 64° E of City Of Bogo (Cebu),Ms,TECTONIC
2157,2026-01-01 22:19:36+00:00,9.75,126.22,16,3.5,008 km S 61° E of General Luna (Surigao Del Norte),Ms,TECTONIC
2158,2026-01-01 21:30:51+00:00,7.64,123.82,33,2.0,016 km S 79° W of Picong (Lanao Del Sur),Ms,TECTONIC
2159,2026-01-01 20:49:37+00:00,7.21,126.71,25,2.8,018 km S 89° E of Manay (Davao Oriental),Ms,TECTONIC
2160,2026-01-01 20:29:22+00:00,11.17,124.11,3,2.2,020 km N 47° E of City Of Bogo (Cebu),Ms,TECTONIC
2161,2026-01-01 20:05:41+00:00,16.02,122.02,12,2.6,014 km S 27° E of Dinalungan (Aurora),Ms,TECTONIC
2162,2026-01-01 19:57:58+00:00,11.25,124.3,6,3.4,010 km S 47° W of Tabango (Leyte),Ms,TECTONIC
2163,2026-01-01 19:54:48+00:00,16.18,122.03,34,2.0,009 km N 62° E of Dinalungan (Aurora),Ms,TECTONIC
2164,2026-01-01 19:52:31+00:00,5.45,127.43,161,2.7,200 km S 48° E of Governor Generoso (Davao Oriental),Ms,TECTONIC
2165,2026-01-01 19:35:19+00:00,2.79,126.61,51,4.4,318 km S 24° E of Balut Island (Municipality Of Sarangani) (Davao Occidental),Ms,TECTONIC
2166,2026-01-01 19:26:05+00:00,8.48,125.9,63,2.1,013 km N 74° E of Talacogon (Agusan Del Sur),Ms,TECTONIC
2167,2026-01-01 19:09:59+00:00,13.25,119.68,31,1.9,080 km S 50° W of Looc (Occidental Mindoro),Ms,TECTONIC
2168,2026-01-01 19:08:56+00:00,5.93,126.22,144,2.8,063 km N 88° E of Jose Abad Santos (Davao Occidental),Ms,TECTONIC
2169,2026-01-01 18:53:10+00:00,9.34,122.35,17,3.4,025 km S 82° W of Basay (Negros Oriental),Ms,TECTONIC
2170,2026-01-01 18:53:07+00:00,6.73,125.11,10,3.8,005 km S 64° W of Magsaysay (Davao Del Sur),Ms,TECTONIC
2171,2026-01-01 17:38:53+00:00,13.26,120.69,45,3.0,012 km N 69° E of Mamburao (Occidental Mindoro),Ms,TECTONIC
2172,2026-01-01 17:35:09+00:00,8.13,125.16,26,2.2,016 km N 68° W of Cabanglasan (Bukidnon),Ms,TECTONIC
2173,2026-01-01 17:31:13+00:00,8.84,126.37,23,2.4,012 km S 41° E of Cagwait (Surigao Del Sur),Ms,TECTONIC
2174,2026-01-01 17:28:11+00:00,13.76,120.4,47,1.5,017 km N 74° E of Looc (Occidental Mindoro),Ms,TECTONIC
2175,2026-01-01 17:26:18+00:00,7.23,126.92,15,2.6,042 km N 87° E of Manay (Davao Oriental),Ms,TECTONIC
2176,2026-01-01 17:18:21+00:00,12.76,121.4,25,2.0,009 km N 83° W of Bongabong (Oriental Mindoro),Ms,TECTONIC
2177,2026-01-01 17:16:01+00:00,10.99,123.75,9,2.3,019 km S 14° W of Santa Fe (Cebu),Ms,TECTONIC
2178,2026-01-01 16:59:32+00:00,6.76,126.16,30,2.2,011 km S 48° E of San Isidro (Davao Oriental),Ms,TECTONIC
2179,2026-01-01 16:40:30+00:00,15.57,119.87,35,1.8,009 km S 47° W of Candelaria (Zambales),Ms,TECTONIC
2180,2026-01-01 16:26:53+00:00,6.96,121.98,29,1.5,028 km N 01° E of City Of Isabela (Basilan),Ms,TECTONIC
2181,2026-01-01 16:16:02+00:00,6.5,127.05,158,3.2,097 km S 35° E of Manay (Davao Oriental),Ms,TECTONIC
2182,2026-01-01 16:12:11+00:00,13.47,120.75,33,1.6,004 km N 33° E of Abra De Ilog (Occidental Mindoro),Ms,TECTONIC
2183,2026-01-01 16:01:37+00:00,18.06,121.3,10,3.1,013 km N 70° E of Kabugao (Apayao),Ms,TECTONIC
2184,2026-01-01 13:47:10+00:00,13.57,120.37,2,1.7,020 km N 32° W of Paluan (Occidental Mindoro),Ms,TECTONIC
2185,2026-01-01 12:56:16+00:00,19.97,121.6,1,2.9,049 km S 36° W of Sabtang (Batanes),Ms,TECTONIC
2186,2026-01-01 12:35:15+00:00,7.49,124.12,3,1.6,001 km S 49° W of Balabagan (Lanao Del Sur),Ms,TECTONIC
2187,2026-01-01 10:46:13+00:00,7.65,126.64,41,4.8,012 km N 49° E of Baganga (Davao Oriental),Mw,TECTONIC
2188,2026-01-01 09:27:19+00:00,11.41,125.37,23,1.5,017 km S 65° W of Balangkayan (Eastern Samar),Ms,TECTONIC
2189,2026-01-01 07:24:06+00:00,14.92,122.89,34,3.5,050 km N 08° W of Tinaga Island (Vinzons) (Camarines Norte),Ms,TECTONIC
2190,2026-01-01 07:13:16+00:00,9.65,126.18,31,1.5,015 km S 09° E of General Luna (Surigao Del Norte),Ms,TECTONIC
2191,2026-01-01 05:57:43+00:00,10.73,123.04,1,1.7,008 km S 71° E of City Of Talisay (Negros Occidental),Ms,TECTONIC
2192,2026-01-01 05:30:55+00:00,9.07,126.8,6,3.0,058 km N 79° E of Bayabas (Surigao Del Sur),Ms,TECTONIC
2193,2026-01-01 05:21:57+00:00,12.26,124.51,32,1.5,013 km S 71° W of Lope De Vega (Northern Samar),Ms,TECTONIC
2194,2026-01-01 05:07:15+00:00,14.09,120.42,112,1.7,023 km N 86° W of Nasugbu (Batangas),Ms,TECTONIC
2195,2026-01-01 03:29:09+00:00,12.32,123.83,6,1.9,012 km S 27° E of Batuan (Masbate),Ms,TECTONIC
2196,2026-01-01 02:56:19+00:00,4.92,127.48,112,5.1,231 km S 61° E of Jose Abad Santos (Davao Occidental),Ms,TECTONIC
2197,2026-01-01 01:05:04+00:00,7.61,126.67,16,1.4,013 km N 72° E of Baganga (Davao Oriental),Ms,TECTONIC
2198,2026-01-01 00:53:15+00:00,7.7,127.4,11,2.9,094 km N 81° E of Baganga (Davao Oriental),Ms,TECTONIC
2199,2026-01-01 00:31:54+00:00,9.62,126.11,23,2.6,016 km S 90° E of Socorro (Surigao Del Norte),Ms,TECTONIC
2200,2025-12-31 23:58:00+00:00,4.87,125.91,136,2.5,081 km S 42° E of Balut Island (Municipality Of Sarangani) (Davao Occidental),unspecified,unspecified
2201,2025-12-31 22:56:00+00:00,13.41,120.56,18,1.4,011 km S 88° E of Paluan (Occidental Mindoro),unspecified,unspecified
2202,2025-12-31 22:49:00+00:00,13.53,120.86,6,1.8,011 km N 75° W of Puerto Galera (Oriental Mindoro),unspecified,unspecified
2203,2025-12-31 22:38:00+00:00,8.07,123.11,33,1.7,021 km S 02° W of Siayan (Zamboanga Del Norte),unspecified,unspecified
2204,2025-12-31 22:27:00+00:00,9.59,126.19,22,2.7,021 km S 11° E of General Luna (Surigao Del Norte),unspecified,unspecified
2205,2025-12-31 22:15:00+00:00,17.07,120.35,11,3.2,011 km S 82° W of Santa Cruz (Ilocos Sur),unspecified,unspecified
2206,2025-12-31 22:11:00+00:00,17.07,125.67,9,2.3,010 km S 38° E of Hernani (Eastern Samar),unspecified,unspecified
2207,2025-12-31 21:39:00+00:00,9.74,124.54,23,1.7,004 km S 78° W of Anda (Bohol),unspecified,unspecified
2208,2025-12-31 21:16:00+00:00,9.67,126.07,9,2.9,016 km S 39° W of General Luna (Surigao Del Norte),unspecified,unspecified
2209,2025-12-31 21:05:00+00:00,10.23,126.57,8,3.3,059 km N 67° E of Burgos (Surigao Del Norte),unspecified,unspecified
2210,2025-12-31 20:50:00+00:00,17.25,122.53,44,2.9,023 km N 27° E of Palanan (Isabela),unspecified,unspecified
2211,2025-12-31 20:31:00+00:00,17.37,120.37,11,2.3,009 km N 60° W of San Esteban (Ilocos Sur),unspecified,unspecified
2212,2025-12-31 19:56:00+00:00,6.94,124.42,40,1.5,001 km N 09° E of Datu Saudi Ampatuan (Maguindanao Del Sur),unspecified,unspecified
2213,2025-12-31 19:30:00+00:00,14.04,120.52,110,1.5,012 km S 74° W of Nasugbu (Batangas),unspecified,unspecified
2214,2025-12-31 19:23:00+00:00,10.88,123.98,5,2.4,018 km S 01° E of City Of Bogo (Cebu),unspecified,unspecified
2215,2025-12-31 18:17:00+00:00,18.68,121.11,22,2.6,009 km N 21° E of Claveria (Cagayan),unspecified,unspecified
2216,2025-12-31 18:13:00+00:00,8.23,125.98,9,2.5,006 km N 16° W of Bunawan (Agusan Del Sur),unspecified,unspecified
2217,2025-12-31 18:05:00+00:00,6.67,125.98,37,2.2,010 km N 77° W of Governor Generoso (Davao Oriental),unspecified,unspecified
2218,2025-12-31 18:05:00+00:00,7.95,124.8,33,1.5,014 km N 12° W of Pangantucan (Bukidnon),unspecified,unspecified
2219,2025-12-31 18:00:00+00:00,9.13,126.43,19,2.6,024 km N 41° E of Bayabas (Surigao Del Sur),unspecified,unspecified
2220,2025-12-31 17:30:00+00:00,7.32,126.73,18,4.4,024 km N 60° E of Manay (Davao Oriental),unspecified,unspecified
2221,2025-12-31 17:05:00+00:00,5.85,126.59,16,3.3,106 km S 33° E of Governor Generoso (Davao Oriental),unspecified,unspecified
2222,2025-12-31 17:00:00+00:00,9.66,126.0,9,3.0,022 km S 53° W of General Luna (Surigao Del Norte),unspecified,unspecified
2223,2025-12-31 16:56:00+00:00,9.65,126.17,25,3.8,015 km S 03° E of General Luna (Surigao Del Norte),unspecified,unspecified
